seed,method,split,status,offset,perspective,k,N,rate,exact_k,exact_rate,wilson_lo,wilson_hi,exact_wilson_lo,exact_wilson_hi
42,F,iid,recorded_plan,-3,first,160,160,1.0,160,1.0,0.9765538048284949,1,0.9765538048284949,1
42,F,iid,recorded_plan,-3,third,160,160,1.0,160,1.0,0.9765538048284949,1,0.9765538048284949,1
42,F,iid,recorded_plan,-2,first,160,160,1.0,160,1.0,0.9765538048284949,1,0.9765538048284949,1
42,F,iid,recorded_plan,-2,third,160,160,1.0,160,1.0,0.9765538048284949,1,0.9765538048284949,1
42,F,iid,recorded_plan,-1,first,160,160,1.0,160,1.0,0.9765538048284949,1,0.9765538048284949,1
42,F,iid,recorded_plan,-1,third,160,160,1.0,160,1.0,0.9765538048284949,1,0.9765538048284949,1
42,F,iid,recorded_plan,0,first,160,160,1.0,160,1.0,0.9765538048284949,1,0.9765538048284949,1
42,F,iid,recorded_plan,0,third,160,160,1.0,160,1.0,0.9765538048284949,1,0.9765538048284949,1
42,F,iid,recorded_plan,1,first,160,160,1.0,160,1.0,0.9765538048284949,1,0.9765538048284949,1
42,F,iid,recorded_plan,1,third,160,160,1.0,160,1.0,0.9765538048284949,1,0.9765538048284949,1
42,F,iid,recorded_plan,2,first,160,160,1.0,160,1.0,0.9765538048284949,1,0.9765538048284949,1
42,F,iid,recorded_plan,2,third,160,160,1.0,160,1.0,0.9765538048284949,1,0.9765538048284949,1
42,F,iid,recorded_plan,3,first,160,160,1.0,160,1.0,0.9765538048284949,1,0.9765538048284949,1
42,F,iid,recorded_plan,3,third,160,160,1.0,160,1.0,0.9765538048284949,1,0.9765538048284949,1
42,F,iid,recorded_plan,4,first,160,160,1.0,160,1.0,0.9765538048284949,1,0.9765538048284949,1
42,F,iid,recorded_plan,4,third,160,160,1.0,160,1.0,0.9765538048284949,1,0.9765538048284949,1
42,F,iid,reported_cancelled,-3,first,160,160,1.0,160,1.0,0.9765538048284949,1,0.9765538048284949,1
42,F,iid,reported_cancelled,-3,third,160,160,1.0,160,1.0,0.9765538048284949,1,0.9765538048284949,1
42,F,iid,reported_cancelled,-2,first,160,160,1.0,160,1.0,0.9765538048284949,1,0.9765538048284949,1
42,F,iid,reported_cancelled,-2,third,160,160,1.0,160,1.0,0.9765538048284949,1,0.9765538048284949,1
42,F,iid,reported_cancelled,-1,first,160,160,1.0,160,1.0,0.9765538048284949,1,0.9765538048284949,1
42,F,iid,reported_cancelled,-1,third,160,160,1.0,160,1.0,0.9765538048284949,1,0.9765538048284949,1
42,F,iid,reported_cancelled,0,first,160,160,1.0,160,1.0,0.9765538048284949,1,0.9765538048284949,1
42,F,iid,reported_cancelled,0,third,160,160,1.0,160,1.0,0.9765538048284949,1,0.9765538048284949,1
42,F,iid,reported_cancelled,1,first,160,160,1.0,160,1.0,0.9765538048284949,1,0.9765538048284949,1
42,F,iid,reported_cancelled,1,third,160,160,1.0,160,1.0,0.9765538048284949,1,0.9765538048284949,1
42,F,iid,reported_cancelled,2,first,160,160,1.0,160,1.0,0.9765538048284949,1,0.9765538048284949,1
42,F,iid,reported_cancelled,2,third,160,160,1.0,160,1.0,0.9765538048284949,1,0.9765538048284949,1
42,F,iid,reported_cancelled,3,first,160,160,1.0,160,1.0,0.9765538048284949,1,0.9765538048284949,1
42,F,iid,reported_cancelled,3,third,160,160,1.0,160,1.0,0.9765538048284949,1,0.9765538048284949,1
42,F,iid,reported_cancelled,4,first,160,160,1.0,160,1.0,0.9765538048284949,1,0.9765538048284949,1
42,F,iid,reported_cancelled,4,third,160,160,1.0,160,1.0,0.9765538048284949,1,0.9765538048284949,1
42,F,iid,reported_completed,-3,first,160,160,1.0,160,1.0,0.9765538048284949,1,0.9765538048284949,1
42,F,iid,reported_completed,-3,third,160,160,1.0,160,1.0,0.9765538048284949,1,0.9765538048284949,1
42,F,iid,reported_completed,-2,first,160,160,1.0,160,1.0,0.9765538048284949,1,0.9765538048284949,1
42,F,iid,reported_completed,-2,third,160,160,1.0,160,1.0,0.9765538048284949,1,0.9765538048284949,1
42,F,iid,reported_completed,-1,first,158,160,0.9875,158,0.9875,0.9555746308159091,0.9965653288918735,0.9555746308159091,0.9965653288918735
42,F,iid,reported_completed,-1,third,159,160,0.99375,159,0.99375,0.965451014037521,0.9988958682306179,0.965451014037521,0.9988958682306179
42,F,iid,reported_completed,0,first,160,160,1.0,160,1.0,0.9765538048284949,1,0.9765538048284949,1
42,F,iid,reported_completed,0,third,160,160,1.0,160,1.0,0.9765538048284949,1,0.9765538048284949,1
42,F,template_ood,recorded_plan,-3,first,160,160,1.0,160,1.0,0.9765538048284949,1,0.9765538048284949,1
42,F,template_ood,recorded_plan,-3,third,160,160,1.0,160,1.0,0.9765538048284949,1,0.9765538048284949,1
42,F,template_ood,recorded_plan,-2,first,160,160,1.0,160,1.0,0.9765538048284949,1,0.9765538048284949,1
42,F,template_ood,recorded_plan,-2,third,160,160,1.0,160,1.0,0.9765538048284949,1,0.9765538048284949,1
42,F,template_ood,recorded_plan,-1,first,160,160,1.0,160,1.0,0.9765538048284949,1,0.9765538048284949,1
42,F,template_ood,recorded_plan,-1,third,160,160,1.0,160,1.0,0.9765538048284949,1,0.9765538048284949,1
42,F,template_ood,recorded_plan,0,first,152,160,0.95,152,0.95,0.9044490208244798,0.9744494035211655,0.9044490208244798,0.9744494035211655
42,F,template_ood,recorded_plan,0,third,159,160,0.99375,159,0.99375,0.965451014037521,0.9988958682306179,0.965451014037521,0.9988958682306179
42,F,template_ood,recorded_plan,1,first,160,160,1.0,160,1.0,0.9765538048284949,1,0.9765538048284949,1
42,F,template_ood,recorded_plan,1,third,160,160,1.0,160,1.0,0.9765538048284949,1,0.9765538048284949,1
42,F,template_ood,recorded_plan,2,first,160,160,1.0,160,1.0,0.9765538048284949,1,0.9765538048284949,1
42,F,template_ood,recorded_plan,2,third,160,160,1.0,160,1.0,0.9765538048284949,1,0.9765538048284949,1
42,F,template_ood,recorded_plan,3,first,160,160,1.0,160,1.0,0.9765538048284949,1,0.9765538048284949,1
42,F,template_ood,recorded_plan,3,third,160,160,1.0,160,1.0,0.9765538048284949,1,0.9765538048284949,1
42,F,template_ood,recorded_plan,4,first,160,160,1.0,160,1.0,0.9765538048284949,1,0.9765538048284949,1
42,F,template_ood,recorded_plan,4,third,160,160,1.0,160,1.0,0.9765538048284949,1,0.9765538048284949,1
42,F,template_ood,reported_cancelled,-3,first,160,160,1.0,160,1.0,0.9765538048284949,1,0.9765538048284949,1
42,F,template_ood,reported_cancelled,-3,third,160,160,1.0,160,1.0,0.9765538048284949,1,0.9765538048284949,1
42,F,template_ood,reported_cancelled,-2,first,160,160,1.0,160,1.0,0.9765538048284949,1,0.9765538048284949,1
42,F,template_ood,reported_cancelled,-2,third,160,160,1.0,160,1.0,0.9765538048284949,1,0.9765538048284949,1
42,F,template_ood,reported_cancelled,-1,first,160,160,1.0,160,1.0,0.9765538048284949,1,0.9765538048284949,1
42,F,template_ood,reported_cancelled,-1,third,160,160,1.0,160,1.0,0.9765538048284949,1,0.9765538048284949,1
42,F,template_ood,reported_cancelled,0,first,145,160,0.90625,145,0.90625,0.8510879733686995,0.9423619930544526,0.8510879733686995,0.9423619930544526
42,F,template_ood,reported_cancelled,0,third,153,160,0.95625,153,0.95625,0.9124569584575362,0.9786483884484656,0.9124569584575362,0.9786483884484656
42,F,template_ood,reported_cancelled,1,first,160,160,1.0,160,1.0,0.9765538048284949,1,0.9765538048284949,1
42,F,template_ood,reported_cancelled,1,third,160,160,1.0,160,1.0,0.9765538048284949,1,0.9765538048284949,1
42,F,template_ood,reported_cancelled,2,first,160,160,1.0,160,1.0,0.9765538048284949,1,0.9765538048284949,1
42,F,template_ood,reported_cancelled,2,third,160,160,1.0,160,1.0,0.9765538048284949,1,0.9765538048284949,1
42,F,template_ood,reported_cancelled,3,first,160,160,1.0,160,1.0,0.9765538048284949,1,0.9765538048284949,1
42,F,template_ood,reported_cancelled,3,third,160,160,1.0,160,1.0,0.9765538048284949,1,0.9765538048284949,1
42,F,template_ood,reported_cancelled,4,first,160,160,1.0,160,1.0,0.9765538048284949,1,0.9765538048284949,1
42,F,template_ood,reported_cancelled,4,third,160,160,1.0,160,1.0,0.9765538048284949,1,0.9765538048284949,1
42,F,template_ood,reported_completed,-3,first,160,160,1.0,160,1.0,0.9765538048284949,1,0.9765538048284949,1
42,F,template_ood,reported_completed,-3,third,160,160,1.0,160,1.0,0.9765538048284949,1,0.9765538048284949,1
42,F,template_ood,reported_completed,-2,first,160,160,1.0,160,1.0,0.9765538048284949,1,0.9765538048284949,1
42,F,template_ood,reported_completed,-2,third,160,160,1.0,160,1.0,0.9765538048284949,1,0.9765538048284949,1
42,F,template_ood,reported_completed,-1,first,160,160,1.0,160,1.0,0.9765538048284949,1,0.9765538048284949,1
42,F,template_ood,reported_completed,-1,third,159,160,0.99375,159,0.99375,0.965451014037521,0.9988958682306179,0.965451014037521,0.9988958682306179
42,F,template_ood,reported_completed,0,first,124,160,0.775,124,0.775,0.7042871956457765,0.8328173970098957,0.7042871956457765,0.8328173970098957
42,F,template_ood,reported_completed,0,third,140,160,0.875,140,0.875,0.814809889465813,0.9176054641555581,0.814809889465813,0.9176054641555581
42,N,iid,recorded_plan,-3,first,160,160,1.0,160,1.0,0.9765538048284949,1,0.9765538048284949,1
42,N,iid,recorded_plan,-3,third,160,160,1.0,160,1.0,0.9765538048284949,1,0.9765538048284949,1
42,N,iid,recorded_plan,-2,first,160,160,1.0,160,1.0,0.9765538048284949,1,0.9765538048284949,1
42,N,iid,recorded_plan,-2,third,160,160,1.0,160,1.0,0.9765538048284949,1,0.9765538048284949,1
42,N,iid,recorded_plan,-1,first,160,160,1.0,160,1.0,0.9765538048284949,1,0.9765538048284949,1
42,N,iid,recorded_plan,-1,third,160,160,1.0,160,1.0,0.9765538048284949,1,0.9765538048284949,1
42,N,iid,recorded_plan,0,first,160,160,1.0,160,1.0,0.9765538048284949,1,0.9765538048284949,1
42,N,iid,recorded_plan,0,third,160,160,1.0,160,1.0,0.9765538048284949,1,0.9765538048284949,1
42,N,iid,recorded_plan,1,first,160,160,1.0,160,1.0,0.9765538048284949,1,0.9765538048284949,1
42,N,iid,recorded_plan,1,third,160,160,1.0,160,1.0,0.9765538048284949,1,0.9765538048284949,1
42,N,iid,recorded_plan,2,first,160,160,1.0,160,1.0,0.9765538048284949,1,0.9765538048284949,1
42,N,iid,recorded_plan,2,third,160,160,1.0,160,1.0,0.9765538048284949,1,0.9765538048284949,1
42,N,iid,recorded_plan,3,first,160,160,1.0,160,1.0,0.9765538048284949,1,0.9765538048284949,1
42,N,iid,recorded_plan,3,third,160,160,1.0,160,1.0,0.9765538048284949,1,0.9765538048284949,1
42,N,iid,recorded_plan,4,first,160,160,1.0,160,1.0,0.9765538048284949,1,0.9765538048284949,1
42,N,iid,recorded_plan,4,third,160,160,1.0,160,1.0,0.9765538048284949,1,0.9765538048284949,1
42,N,iid,reported_cancelled,-3,first,160,160,1.0,160,1.0,0.9765538048284949,1,0.9765538048284949,1
42,N,iid,reported_cancelled,-3,third,160,160,1.0,160,1.0,0.9765538048284949,1,0.9765538048284949,1
42,N,iid,reported_cancelled,-2,first,160,160,1.0,160,1.0,0.9765538048284949,1,0.9765538048284949,1
42,N,iid,reported_cancelled,-2,third,160,160,1.0,160,1.0,0.9765538048284949,1,0.9765538048284949,1
42,N,iid,reported_cancelled,-1,first,160,160,1.0,160,1.0,0.9765538048284949,1,0.9765538048284949,1
42,N,iid,reported_cancelled,-1,third,160,160,1.0,160,1.0,0.9765538048284949,1,0.9765538048284949,1
42,N,iid,reported_cancelled,0,first,160,160,1.0,160,1.0,0.9765538048284949,1,0.9765538048284949,1
42,N,iid,reported_cancelled,0,third,160,160,1.0,160,1.0,0.9765538048284949,1,0.9765538048284949,1
42,N,iid,reported_cancelled,1,first,160,160,1.0,160,1.0,0.9765538048284949,1,0.9765538048284949,1
42,N,iid,reported_cancelled,1,third,160,160,1.0,160,1.0,0.9765538048284949,1,0.9765538048284949,1
42,N,iid,reported_cancelled,2,first,160,160,1.0,160,1.0,0.9765538048284949,1,0.9765538048284949,1
42,N,iid,reported_cancelled,2,third,160,160,1.0,160,1.0,0.9765538048284949,1,0.9765538048284949,1
42,N,iid,reported_cancelled,3,first,160,160,1.0,160,1.0,0.9765538048284949,1,0.9765538048284949,1
42,N,iid,reported_cancelled,3,third,160,160,1.0,160,1.0,0.9765538048284949,1,0.9765538048284949,1
42,N,iid,reported_cancelled,4,first,160,160,1.0,160,1.0,0.9765538048284949,1,0.9765538048284949,1
42,N,iid,reported_cancelled,4,third,160,160,1.0,160,1.0,0.9765538048284949,1,0.9765538048284949,1
42,N,iid,reported_completed,-3,first,160,160,1.0,160,1.0,0.9765538048284949,1,0.9765538048284949,1
42,N,iid,reported_completed,-3,third,160,160,1.0,160,1.0,0.9765538048284949,1,0.9765538048284949,1
42,N,iid,reported_completed,-2,first,160,160,1.0,160,1.0,0.9765538048284949,1,0.9765538048284949,1
42,N,iid,reported_completed,-2,third,160,160,1.0,160,1.0,0.9765538048284949,1,0.9765538048284949,1
42,N,iid,reported_completed,-1,first,160,160,1.0,160,1.0,0.9765538048284949,1,0.9765538048284949,1
42,N,iid,reported_completed,-1,third,160,160,1.0,160,1.0,0.9765538048284949,1,0.9765538048284949,1
42,N,iid,reported_completed,0,first,160,160,1.0,160,1.0,0.9765538048284949,1,0.9765538048284949,1
42,N,iid,reported_completed,0,third,160,160,1.0,160,1.0,0.9765538048284949,1,0.9765538048284949,1
42,N,template_ood,recorded_plan,-3,first,160,160,1.0,160,1.0,0.9765538048284949,1,0.9765538048284949,1
42,N,template_ood,recorded_plan,-3,third,160,160,1.0,160,1.0,0.9765538048284949,1,0.9765538048284949,1
42,N,template_ood,recorded_plan,-2,first,160,160,1.0,160,1.0,0.9765538048284949,1,0.9765538048284949,1
42,N,template_ood,recorded_plan,-2,third,160,160,1.0,160,1.0,0.9765538048284949,1,0.9765538048284949,1
42,N,template_ood,recorded_plan,-1,first,160,160,1.0,160,1.0,0.9765538048284949,1,0.9765538048284949,1
42,N,template_ood,recorded_plan,-1,third,160,160,1.0,160,1.0,0.9765538048284949,1,0.9765538048284949,1
42,N,template_ood,recorded_plan,0,first,160,160,1.0,160,1.0,0.9765538048284949,1,0.9765538048284949,1
42,N,template_ood,recorded_plan,0,third,160,160,1.0,160,1.0,0.9765538048284949,1,0.9765538048284949,1
42,N,template_ood,recorded_plan,1,first,160,160,1.0,160,1.0,0.9765538048284949,1,0.9765538048284949,1
42,N,template_ood,recorded_plan,1,third,160,160,1.0,160,1.0,0.9765538048284949,1,0.9765538048284949,1
42,N,template_ood,recorded_plan,2,first,155,160,0.96875,155,0.96875,0.9289397087143583,0.9865794833123556,0.9289397087143583,0.9865794833123556
42,N,template_ood,recorded_plan,2,third,122,160,0.7625,122,0.7625,0.6908943322868297,0.8217964152481301,0.6908943322868297,0.8217964152481301
42,N,template_ood,recorded_plan,3,first,160,160,1.0,160,1.0,0.9765538048284949,1,0.9765538048284949,1
42,N,template_ood,recorded_plan,3,third,160,160,1.0,160,1.0,0.9765538048284949,1,0.9765538048284949,1
42,N,template_ood,recorded_plan,4,first,160,160,1.0,160,1.0,0.9765538048284949,1,0.9765538048284949,1
42,N,template_ood,recorded_plan,4,third,160,160,1.0,160,1.0,0.9765538048284949,1,0.9765538048284949,1
42,N,template_ood,reported_cancelled,-3,first,160,160,1.0,160,1.0,0.9765538048284949,1,0.9765538048284949,1
42,N,template_ood,reported_cancelled,-3,third,160,160,1.0,160,1.0,0.9765538048284949,1,0.9765538048284949,1
42,N,template_ood,reported_cancelled,-2,first,160,160,1.0,160,1.0,0.9765538048284949,1,0.9765538048284949,1
42,N,template_ood,reported_cancelled,-2,third,160,160,1.0,160,1.0,0.9765538048284949,1,0.9765538048284949,1
42,N,template_ood,reported_cancelled,-1,first,160,160,1.0,160,1.0,0.9765538048284949,1,0.9765538048284949,1
42,N,template_ood,reported_cancelled,-1,third,160,160,1.0,160,1.0,0.9765538048284949,1,0.9765538048284949,1
42,N,template_ood,reported_cancelled,0,first,159,160,0.99375,159,0.99375,0.965451014037521,0.9988958682306179,0.965451014037521,0.9988958682306179
42,N,template_ood,reported_cancelled,0,third,160,160,1.0,160,1.0,0.9765538048284949,1,0.9765538048284949,1
42,N,template_ood,reported_cancelled,1,first,160,160,1.0,160,1.0,0.9765538048284949,1,0.9765538048284949,1
42,N,template_ood,reported_cancelled,1,third,160,160,1.0,160,1.0,0.9765538048284949,1,0.9765538048284949,1
42,N,template_ood,reported_cancelled,2,first,122,160,0.7625,122,0.7625,0.6908943322868297,0.8217964152481301,0.6908943322868297,0.8217964152481301
42,N,template_ood,reported_cancelled,2,third,122,160,0.7625,122,0.7625,0.6908943322868297,0.8217964152481301,0.6908943322868297,0.8217964152481301
42,N,template_ood,reported_cancelled,3,first,160,160,1.0,160,1.0,0.9765538048284949,1,0.9765538048284949,1
42,N,template_ood,reported_cancelled,3,third,160,160,1.0,160,1.0,0.9765538048284949,1,0.9765538048284949,1
42,N,template_ood,reported_cancelled,4,first,160,160,1.0,160,1.0,0.9765538048284949,1,0.9765538048284949,1
42,N,template_ood,reported_cancelled,4,third,160,160,1.0,160,1.0,0.9765538048284949,1,0.9765538048284949,1
42,N,template_ood,reported_completed,-3,first,160,160,1.0,160,1.0,0.9765538048284949,1,0.9765538048284949,1
42,N,template_ood,reported_completed,-3,third,160,160,1.0,160,1.0,0.9765538048284949,1,0.9765538048284949,1
42,N,template_ood,reported_completed,-2,first,160,160,1.0,160,1.0,0.9765538048284949,1,0.9765538048284949,1
42,N,template_ood,reported_completed,-2,third,160,160,1.0,160,1.0,0.9765538048284949,1,0.9765538048284949,1
42,N,template_ood,reported_completed,-1,first,160,160,1.0,160,1.0,0.9765538048284949,1,0.9765538048284949,1
42,N,template_ood,reported_completed,-1,third,160,160,1.0,160,1.0,0.9765538048284949,1,0.9765538048284949,1
42,N,template_ood,reported_completed,0,first,144,160,0.9,144,0.9,0.8437374796961266,0.9375055641666694,0.8437374796961266,0.9375055641666694
42,N,template_ood,reported_completed,0,third,146,160,0.9125,146,0.9125,0.858493682378104,0.9471632066054043,0.858493682378104,0.9471632066054043
42,O,iid,recorded_plan,-3,first,160,160,1.0,160,1.0,0.9765538048284949,1,0.9765538048284949,1
42,O,iid,recorded_plan,-3,third,160,160,1.0,160,1.0,0.9765538048284949,1,0.9765538048284949,1
42,O,iid,recorded_plan,-2,first,160,160,1.0,160,1.0,0.9765538048284949,1,0.9765538048284949,1
42,O,iid,recorded_plan,-2,third,160,160,1.0,160,1.0,0.9765538048284949,1,0.9765538048284949,1
42,O,iid,recorded_plan,-1,first,160,160,1.0,160,1.0,0.9765538048284949,1,0.9765538048284949,1
42,O,iid,recorded_plan,-1,third,160,160,1.0,160,1.0,0.9765538048284949,1,0.9765538048284949,1
42,O,iid,recorded_plan,0,first,160,160,1.0,160,1.0,0.9765538048284949,1,0.9765538048284949,1
42,O,iid,recorded_plan,0,third,160,160,1.0,160,1.0,0.9765538048284949,1,0.9765538048284949,1
42,O,iid,recorded_plan,1,first,160,160,1.0,160,1.0,0.9765538048284949,1,0.9765538048284949,1
42,O,iid,recorded_plan,1,third,160,160,1.0,160,1.0,0.9765538048284949,1,0.9765538048284949,1
42,O,iid,recorded_plan,2,first,160,160,1.0,160,1.0,0.9765538048284949,1,0.9765538048284949,1
42,O,iid,recorded_plan,2,third,160,160,1.0,160,1.0,0.9765538048284949,1,0.9765538048284949,1
42,O,iid,recorded_plan,3,first,160,160,1.0,160,1.0,0.9765538048284949,1,0.9765538048284949,1
42,O,iid,recorded_plan,3,third,160,160,1.0,160,1.0,0.9765538048284949,1,0.9765538048284949,1
42,O,iid,recorded_plan,4,first,160,160,1.0,160,1.0,0.9765538048284949,1,0.9765538048284949,1
42,O,iid,recorded_plan,4,third,160,160,1.0,160,1.0,0.9765538048284949,1,0.9765538048284949,1
42,O,iid,reported_cancelled,-3,first,160,160,1.0,160,1.0,0.9765538048284949,1,0.9765538048284949,1
42,O,iid,reported_cancelled,-3,third,160,160,1.0,160,1.0,0.9765538048284949,1,0.9765538048284949,1
42,O,iid,reported_cancelled,-2,first,160,160,1.0,160,1.0,0.9765538048284949,1,0.9765538048284949,1
42,O,iid,reported_cancelled,-2,third,160,160,1.0,160,1.0,0.9765538048284949,1,0.9765538048284949,1
42,O,iid,reported_cancelled,-1,first,160,160,1.0,160,1.0,0.9765538048284949,1,0.9765538048284949,1
42,O,iid,reported_cancelled,-1,third,160,160,1.0,160,1.0,0.9765538048284949,1,0.9765538048284949,1
42,O,iid,reported_cancelled,0,first,160,160,1.0,160,1.0,0.9765538048284949,1,0.9765538048284949,1
42,O,iid,reported_cancelled,0,third,160,160,1.0,160,1.0,0.9765538048284949,1,0.9765538048284949,1
42,O,iid,reported_cancelled,1,first,160,160,1.0,160,1.0,0.9765538048284949,1,0.9765538048284949,1
42,O,iid,reported_cancelled,1,third,160,160,1.0,160,1.0,0.9765538048284949,1,0.9765538048284949,1
42,O,iid,reported_cancelled,2,first,160,160,1.0,160,1.0,0.9765538048284949,1,0.9765538048284949,1
42,O,iid,reported_cancelled,2,third,160,160,1.0,160,1.0,0.9765538048284949,1,0.9765538048284949,1
42,O,iid,reported_cancelled,3,first,160,160,1.0,160,1.0,0.9765538048284949,1,0.9765538048284949,1
42,O,iid,reported_cancelled,3,third,160,160,1.0,160,1.0,0.9765538048284949,1,0.9765538048284949,1
42,O,iid,reported_cancelled,4,first,160,160,1.0,160,1.0,0.9765538048284949,1,0.9765538048284949,1
42,O,iid,reported_cancelled,4,third,160,160,1.0,160,1.0,0.9765538048284949,1,0.9765538048284949,1
42,O,iid,reported_completed,-3,first,160,160,1.0,160,1.0,0.9765538048284949,1,0.9765538048284949,1
42,O,iid,reported_completed,-3,third,160,160,1.0,160,1.0,0.9765538048284949,1,0.9765538048284949,1
42,O,iid,reported_completed,-2,first,160,160,1.0,160,1.0,0.9765538048284949,1,0.9765538048284949,1
42,O,iid,reported_completed,-2,third,160,160,1.0,160,1.0,0.9765538048284949,1,0.9765538048284949,1
42,O,iid,reported_completed,-1,first,160,160,1.0,160,1.0,0.9765538048284949,1,0.9765538048284949,1
42,O,iid,reported_completed,-1,third,160,160,1.0,160,1.0,0.9765538048284949,1,0.9765538048284949,1
42,O,iid,reported_completed,0,first,160,160,1.0,160,1.0,0.9765538048284949,1,0.9765538048284949,1
42,O,iid,reported_completed,0,third,160,160,1.0,160,1.0,0.9765538048284949,1,0.9765538048284949,1
42,O,template_ood,recorded_plan,-3,first,160,160,1.0,160,1.0,0.9765538048284949,1,0.9765538048284949,1
42,O,template_ood,recorded_plan,-3,third,160,160,1.0,160,1.0,0.9765538048284949,1,0.9765538048284949,1
42,O,template_ood,recorded_plan,-2,first,160,160,1.0,160,1.0,0.9765538048284949,1,0.9765538048284949,1
42,O,template_ood,recorded_plan,-2,third,160,160,1.0,160,1.0,0.9765538048284949,1,0.9765538048284949,1
42,O,template_ood,recorded_plan,-1,first,160,160,1.0,160,1.0,0.9765538048284949,1,0.9765538048284949,1
42,O,template_ood,recorded_plan,-1,third,160,160,1.0,160,1.0,0.9765538048284949,1,0.9765538048284949,1
42,O,template_ood,recorded_plan,0,first,149,160,0.93125,149,0.93125,0.8810970775754896,0.9611805790890873,0.8810970775754896,0.9611805790890873
42,O,template_ood,recorded_plan,0,third,154,160,0.9625,154,0.9625,0.9206101926328578,0.9827020768335,0.9206101926328578,0.9827020768335
42,O,template_ood,recorded_plan,1,first,160,160,1.0,160,1.0,0.9765538048284949,1,0.9765538048284949,1
42,O,template_ood,recorded_plan,1,third,160,160,1.0,160,1.0,0.9765538048284949,1,0.9765538048284949,1
42,O,template_ood,recorded_plan,2,first,160,160,1.0,160,1.0,0.9765538048284949,1,0.9765538048284949,1
42,O,template_ood,recorded_plan,2,third,160,160,1.0,160,1.0,0.9765538048284949,1,0.9765538048284949,1
42,O,template_ood,recorded_plan,3,first,160,160,1.0,160,1.0,0.9765538048284949,1,0.9765538048284949,1
42,O,template_ood,recorded_plan,3,third,160,160,1.0,160,1.0,0.9765538048284949,1,0.9765538048284949,1
42,O,template_ood,recorded_plan,4,first,160,160,1.0,160,1.0,0.9765538048284949,1,0.9765538048284949,1
42,O,template_ood,recorded_plan,4,third,160,160,1.0,160,1.0,0.9765538048284949,1,0.9765538048284949,1
42,O,template_ood,reported_cancelled,-3,first,160,160,1.0,160,1.0,0.9765538048284949,1,0.9765538048284949,1
42,O,template_ood,reported_cancelled,-3,third,160,160,1.0,160,1.0,0.9765538048284949,1,0.9765538048284949,1
42,O,template_ood,reported_cancelled,-2,first,160,160,1.0,160,1.0,0.9765538048284949,1,0.9765538048284949,1
42,O,template_ood,reported_cancelled,-2,third,160,160,1.0,160,1.0,0.9765538048284949,1,0.9765538048284949,1
42,O,template_ood,reported_cancelled,-1,first,160,160,1.0,160,1.0,0.9765538048284949,1,0.9765538048284949,1
42,O,template_ood,reported_cancelled,-1,third,160,160,1.0,160,1.0,0.9765538048284949,1,0.9765538048284949,1
42,O,template_ood,reported_cancelled,0,first,140,160,0.875,140,0.875,0.814809889465813,0.9176054641555581,0.814809889465813,0.9176054641555581
42,O,template_ood,reported_cancelled,0,third,148,160,0.925,148,0.925,0.8734917309593303,0.9565790031448905,0.8734917309593303,0.9565790031448905
42,O,template_ood,reported_cancelled,1,first,160,160,1.0,160,1.0,0.9765538048284949,1,0.9765538048284949,1
42,O,template_ood,reported_cancelled,1,third,160,160,1.0,160,1.0,0.9765538048284949,1,0.9765538048284949,1
42,O,template_ood,reported_cancelled,2,first,157,160,0.98125,157,0.98125,0.9463298879006856,0.9936031492467405,0.9463298879006856,0.9936031492467405
42,O,template_ood,reported_cancelled,2,third,160,160,1.0,160,1.0,0.9765538048284949,1,0.9765538048284949,1
42,O,template_ood,reported_cancelled,3,first,160,160,1.0,160,1.0,0.9765538048284949,1,0.9765538048284949,1
42,O,template_ood,reported_cancelled,3,third,160,160,1.0,160,1.0,0.9765538048284949,1,0.9765538048284949,1
42,O,template_ood,reported_cancelled,4,first,160,160,1.0,160,1.0,0.9765538048284949,1,0.9765538048284949,1
42,O,template_ood,reported_cancelled,4,third,160,160,1.0,160,1.0,0.9765538048284949,1,0.9765538048284949,1
42,O,template_ood,reported_completed,-3,first,160,160,1.0,160,1.0,0.9765538048284949,1,0.9765538048284949,1
42,O,template_ood,reported_completed,-3,third,160,160,1.0,160,1.0,0.9765538048284949,1,0.9765538048284949,1
42,O,template_ood,reported_completed,-2,first,160,160,1.0,160,1.0,0.9765538048284949,1,0.9765538048284949,1
42,O,template_ood,reported_completed,-2,third,160,160,1.0,160,1.0,0.9765538048284949,1,0.9765538048284949,1
42,O,template_ood,reported_completed,-1,first,160,160,1.0,160,1.0,0.9765538048284949,1,0.9765538048284949,1
42,O,template_ood,reported_completed,-1,third,160,160,1.0,160,1.0,0.9765538048284949,1,0.9765538048284949,1
42,O,template_ood,reported_completed,0,first,122,160,0.7625,122,0.7625,0.6908943322868297,0.8217964152481301,0.6908943322868297,0.8217964152481301
42,O,template_ood,reported_completed,0,third,129,160,0.80625,129,0.80625,0.738126102390117,0.8600131030673362,0.738126102390117,0.8600131030673362
42,P,iid,recorded_plan,-3,first,160,160,1.0,160,1.0,0.9765538048284949,1,0.9765538048284949,1
42,P,iid,recorded_plan,-3,third,160,160,1.0,160,1.0,0.9765538048284949,1,0.9765538048284949,1
42,P,iid,recorded_plan,-2,first,160,160,1.0,160,1.0,0.9765538048284949,1,0.9765538048284949,1
42,P,iid,recorded_plan,-2,third,160,160,1.0,160,1.0,0.9765538048284949,1,0.9765538048284949,1
42,P,iid,recorded_plan,-1,first,160,160,1.0,160,1.0,0.9765538048284949,1,0.9765538048284949,1
42,P,iid,recorded_plan,-1,third,160,160,1.0,160,1.0,0.9765538048284949,1,0.9765538048284949,1
42,P,iid,recorded_plan,0,first,160,160,1.0,160,1.0,0.9765538048284949,1,0.9765538048284949,1
42,P,iid,recorded_plan,0,third,160,160,1.0,160,1.0,0.9765538048284949,1,0.9765538048284949,1
42,P,iid,recorded_plan,1,first,160,160,1.0,160,1.0,0.9765538048284949,1,0.9765538048284949,1
42,P,iid,recorded_plan,1,third,160,160,1.0,160,1.0,0.9765538048284949,1,0.9765538048284949,1
42,P,iid,recorded_plan,2,first,160,160,1.0,160,1.0,0.9765538048284949,1,0.9765538048284949,1
42,P,iid,recorded_plan,2,third,160,160,1.0,160,1.0,0.9765538048284949,1,0.9765538048284949,1
42,P,iid,recorded_plan,3,first,160,160,1.0,160,1.0,0.9765538048284949,1,0.9765538048284949,1
42,P,iid,recorded_plan,3,third,160,160,1.0,160,1.0,0.9765538048284949,1,0.9765538048284949,1
42,P,iid,recorded_plan,4,first,160,160,1.0,160,1.0,0.9765538048284949,1,0.9765538048284949,1
42,P,iid,recorded_plan,4,third,160,160,1.0,160,1.0,0.9765538048284949,1,0.9765538048284949,1
42,P,iid,reported_cancelled,-3,first,160,160,1.0,160,1.0,0.9765538048284949,1,0.9765538048284949,1
42,P,iid,reported_cancelled,-3,third,160,160,1.0,160,1.0,0.9765538048284949,1,0.9765538048284949,1
42,P,iid,reported_cancelled,-2,first,160,160,1.0,160,1.0,0.9765538048284949,1,0.9765538048284949,1
42,P,iid,reported_cancelled,-2,third,160,160,1.0,160,1.0,0.9765538048284949,1,0.9765538048284949,1
42,P,iid,reported_cancelled,-1,first,160,160,1.0,160,1.0,0.9765538048284949,1,0.9765538048284949,1
42,P,iid,reported_cancelled,-1,third,160,160,1.0,160,1.0,0.9765538048284949,1,0.9765538048284949,1
42,P,iid,reported_cancelled,0,first,160,160,1.0,160,1.0,0.9765538048284949,1,0.9765538048284949,1
42,P,iid,reported_cancelled,0,third,160,160,1.0,160,1.0,0.9765538048284949,1,0.9765538048284949,1
42,P,iid,reported_cancelled,1,first,160,160,1.0,160,1.0,0.9765538048284949,1,0.9765538048284949,1
42,P,iid,reported_cancelled,1,third,160,160,1.0,160,1.0,0.9765538048284949,1,0.9765538048284949,1
42,P,iid,reported_cancelled,2,first,160,160,1.0,160,1.0,0.9765538048284949,1,0.9765538048284949,1
42,P,iid,reported_cancelled,2,third,160,160,1.0,160,1.0,0.9765538048284949,1,0.9765538048284949,1
42,P,iid,reported_cancelled,3,first,160,160,1.0,160,1.0,0.9765538048284949,1,0.9765538048284949,1
42,P,iid,reported_cancelled,3,third,160,160,1.0,160,1.0,0.9765538048284949,1,0.9765538048284949,1
42,P,iid,reported_cancelled,4,first,160,160,1.0,160,1.0,0.9765538048284949,1,0.9765538048284949,1
42,P,iid,reported_cancelled,4,third,160,160,1.0,160,1.0,0.9765538048284949,1,0.9765538048284949,1
42,P,iid,reported_completed,-3,first,160,160,1.0,160,1.0,0.9765538048284949,1,0.9765538048284949,1
42,P,iid,reported_completed,-3,third,160,160,1.0,160,1.0,0.9765538048284949,1,0.9765538048284949,1
42,P,iid,reported_completed,-2,first,160,160,1.0,160,1.0,0.9765538048284949,1,0.9765538048284949,1
42,P,iid,reported_completed,-2,third,160,160,1.0,160,1.0,0.9765538048284949,1,0.9765538048284949,1
42,P,iid,reported_completed,-1,first,160,160,1.0,160,1.0,0.9765538048284949,1,0.9765538048284949,1
42,P,iid,reported_completed,-1,third,160,160,1.0,160,1.0,0.9765538048284949,1,0.9765538048284949,1
42,P,iid,reported_completed,0,first,160,160,1.0,160,1.0,0.9765538048284949,1,0.9765538048284949,1
42,P,iid,reported_completed,0,third,160,160,1.0,160,1.0,0.9765538048284949,1,0.9765538048284949,1
42,P,template_ood,recorded_plan,-3,first,160,160,1.0,160,1.0,0.9765538048284949,1,0.9765538048284949,1
42,P,template_ood,recorded_plan,-3,third,160,160,1.0,160,1.0,0.9765538048284949,1,0.9765538048284949,1
42,P,template_ood,recorded_plan,-2,first,160,160,1.0,160,1.0,0.9765538048284949,1,0.9765538048284949,1
42,P,template_ood,recorded_plan,-2,third,160,160,1.0,160,1.0,0.9765538048284949,1,0.9765538048284949,1
42,P,template_ood,recorded_plan,-1,first,160,160,1.0,160,1.0,0.9765538048284949,1,0.9765538048284949,1
42,P,template_ood,recorded_plan,-1,third,160,160,1.0,160,1.0,0.9765538048284949,1,0.9765538048284949,1
42,P,template_ood,recorded_plan,0,first,154,160,0.9625,154,0.9625,0.9206101926328578,0.9827020768335,0.9206101926328578,0.9827020768335
42,P,template_ood,recorded_plan,0,third,160,160,1.0,160,1.0,0.9765538048284949,1,0.9765538048284949,1
42,P,template_ood,recorded_plan,1,first,160,160,1.0,160,1.0,0.9765538048284949,1,0.9765538048284949,1
42,P,template_ood,recorded_plan,1,third,160,160,1.0,160,1.0,0.9765538048284949,1,0.9765538048284949,1
42,P,template_ood,recorded_plan,2,first,160,160,1.0,160,1.0,0.9765538048284949,1,0.9765538048284949,1
42,P,template_ood,recorded_plan,2,third,150,160,0.9375,150,0.9375,0.8887842459710525,0.9657003332538804,0.8887842459710525,0.9657003332538804
42,P,template_ood,recorded_plan,3,first,160,160,1.0,160,1.0,0.9765538048284949,1,0.9765538048284949,1
42,P,template_ood,recorded_plan,3,third,160,160,1.0,160,1.0,0.9765538048284949,1,0.9765538048284949,1
42,P,template_ood,recorded_plan,4,first,160,160,1.0,160,1.0,0.9765538048284949,1,0.9765538048284949,1
42,P,template_ood,recorded_plan,4,third,160,160,1.0,160,1.0,0.9765538048284949,1,0.9765538048284949,1
42,P,template_ood,reported_cancelled,-3,first,160,160,1.0,160,1.0,0.9765538048284949,1,0.9765538048284949,1
42,P,template_ood,reported_cancelled,-3,third,160,160,1.0,160,1.0,0.9765538048284949,1,0.9765538048284949,1
42,P,template_ood,reported_cancelled,-2,first,160,160,1.0,160,1.0,0.9765538048284949,1,0.9765538048284949,1
42,P,template_ood,reported_cancelled,-2,third,160,160,1.0,160,1.0,0.9765538048284949,1,0.9765538048284949,1
42,P,template_ood,reported_cancelled,-1,first,160,160,1.0,160,1.0,0.9765538048284949,1,0.9765538048284949,1
42,P,template_ood,reported_cancelled,-1,third,160,160,1.0,160,1.0,0.9765538048284949,1,0.9765538048284949,1
42,P,template_ood,reported_cancelled,0,first,143,160,0.89375,143,0.89375,0.8364379048857311,0.9325982164167086,0.8364379048857311,0.9325982164167086
42,P,template_ood,reported_cancelled,0,third,149,160,0.93125,149,0.93125,0.8810970775754896,0.9611805790890873,0.8810970775754896,0.9611805790890873
42,P,template_ood,reported_cancelled,1,first,160,160,1.0,160,1.0,0.9765538048284949,1,0.9765538048284949,1
42,P,template_ood,reported_cancelled,1,third,160,160,1.0,160,1.0,0.9765538048284949,1,0.9765538048284949,1
42,P,template_ood,reported_cancelled,2,first,137,160,0.85625,137,0.85625,0.7935312683939587,0.9022633175463438,0.7935312683939587,0.9022633175463438
42,P,template_ood,reported_cancelled,2,third,157,160,0.98125,157,0.98125,0.9463298879006856,0.9936031492467405,0.9463298879006856,0.9936031492467405
42,P,template_ood,reported_cancelled,3,first,160,160,1.0,160,1.0,0.9765538048284949,1,0.9765538048284949,1
42,P,template_ood,reported_cancelled,3,third,160,160,1.0,160,1.0,0.9765538048284949,1,0.9765538048284949,1
42,P,template_ood,reported_cancelled,4,first,160,160,1.0,160,1.0,0.9765538048284949,1,0.9765538048284949,1
42,P,template_ood,reported_cancelled,4,third,160,160,1.0,160,1.0,0.9765538048284949,1,0.9765538048284949,1
42,P,template_ood,reported_completed,-3,first,160,160,1.0,160,1.0,0.9765538048284949,1,0.9765538048284949,1
42,P,template_ood,reported_completed,-3,third,160,160,1.0,160,1.0,0.9765538048284949,1,0.9765538048284949,1
42,P,template_ood,reported_completed,-2,first,160,160,1.0,160,1.0,0.9765538048284949,1,0.9765538048284949,1
42,P,template_ood,reported_completed,-2,third,160,160,1.0,160,1.0,0.9765538048284949,1,0.9765538048284949,1
42,P,template_ood,reported_completed,-1,first,160,160,1.0,160,1.0,0.9765538048284949,1,0.9765538048284949,1
42,P,template_ood,reported_completed,-1,third,160,160,1.0,160,1.0,0.9765538048284949,1,0.9765538048284949,1
42,P,template_ood,reported_completed,0,first,120,160,0.75,120,0.75,0.6775763046904398,0.8107005977238076,0.6775763046904398,0.8107005977238076
42,P,template_ood,reported_completed,0,third,121,160,0.75625,121,0.75625,0.6842262061492823,0.8162576188253212,0.6842262061492823,0.8162576188253212
43,F,iid,recorded_plan,-3,first,160,160,1.0,160,1.0,0.9765538048284949,1,0.9765538048284949,1
43,F,iid,recorded_plan,-3,third,160,160,1.0,160,1.0,0.9765538048284949,1,0.9765538048284949,1
43,F,iid,recorded_plan,-2,first,160,160,1.0,160,1.0,0.9765538048284949,1,0.9765538048284949,1
43,F,iid,recorded_plan,-2,third,160,160,1.0,160,1.0,0.9765538048284949,1,0.9765538048284949,1
43,F,iid,recorded_plan,-1,first,160,160,1.0,160,1.0,0.9765538048284949,1,0.9765538048284949,1
43,F,iid,recorded_plan,-1,third,160,160,1.0,160,1.0,0.9765538048284949,1,0.9765538048284949,1
43,F,iid,recorded_plan,0,first,160,160,1.0,160,1.0,0.9765538048284949,1,0.9765538048284949,1
43,F,iid,recorded_plan,0,third,160,160,1.0,160,1.0,0.9765538048284949,1,0.9765538048284949,1
43,F,iid,recorded_plan,1,first,160,160,1.0,160,1.0,0.9765538048284949,1,0.9765538048284949,1
43,F,iid,recorded_plan,1,third,160,160,1.0,160,1.0,0.9765538048284949,1,0.9765538048284949,1
43,F,iid,recorded_plan,2,first,160,160,1.0,160,1.0,0.9765538048284949,1,0.9765538048284949,1
43,F,iid,recorded_plan,2,third,160,160,1.0,160,1.0,0.9765538048284949,1,0.9765538048284949,1
43,F,iid,recorded_plan,3,first,160,160,1.0,160,1.0,0.9765538048284949,1,0.9765538048284949,1
43,F,iid,recorded_plan,3,third,160,160,1.0,160,1.0,0.9765538048284949,1,0.9765538048284949,1
43,F,iid,recorded_plan,4,first,160,160,1.0,160,1.0,0.9765538048284949,1,0.9765538048284949,1
43,F,iid,recorded_plan,4,third,160,160,1.0,160,1.0,0.9765538048284949,1,0.9765538048284949,1
43,F,iid,reported_cancelled,-3,first,160,160,1.0,160,1.0,0.9765538048284949,1,0.9765538048284949,1
43,F,iid,reported_cancelled,-3,third,160,160,1.0,160,1.0,0.9765538048284949,1,0.9765538048284949,1
43,F,iid,reported_cancelled,-2,first,160,160,1.0,160,1.0,0.9765538048284949,1,0.9765538048284949,1
43,F,iid,reported_cancelled,-2,third,160,160,1.0,160,1.0,0.9765538048284949,1,0.9765538048284949,1
43,F,iid,reported_cancelled,-1,first,160,160,1.0,160,1.0,0.9765538048284949,1,0.9765538048284949,1
43,F,iid,reported_cancelled,-1,third,160,160,1.0,160,1.0,0.9765538048284949,1,0.9765538048284949,1
43,F,iid,reported_cancelled,0,first,160,160,1.0,160,1.0,0.9765538048284949,1,0.9765538048284949,1
43,F,iid,reported_cancelled,0,third,160,160,1.0,160,1.0,0.9765538048284949,1,0.9765538048284949,1
43,F,iid,reported_cancelled,1,first,160,160,1.0,160,1.0,0.9765538048284949,1,0.9765538048284949,1
43,F,iid,reported_cancelled,1,third,160,160,1.0,160,1.0,0.9765538048284949,1,0.9765538048284949,1
43,F,iid,reported_cancelled,2,first,160,160,1.0,160,1.0,0.9765538048284949,1,0.9765538048284949,1
43,F,iid,reported_cancelled,2,third,160,160,1.0,160,1.0,0.9765538048284949,1,0.9765538048284949,1
43,F,iid,reported_cancelled,3,first,160,160,1.0,160,1.0,0.9765538048284949,1,0.9765538048284949,1
43,F,iid,reported_cancelled,3,third,160,160,1.0,160,1.0,0.9765538048284949,1,0.9765538048284949,1
43,F,iid,reported_cancelled,4,first,160,160,1.0,160,1.0,0.9765538048284949,1,0.9765538048284949,1
43,F,iid,reported_cancelled,4,third,160,160,1.0,160,1.0,0.9765538048284949,1,0.9765538048284949,1
43,F,iid,reported_completed,-3,first,160,160,1.0,160,1.0,0.9765538048284949,1,0.9765538048284949,1
43,F,iid,reported_completed,-3,third,160,160,1.0,160,1.0,0.9765538048284949,1,0.9765538048284949,1
43,F,iid,reported_completed,-2,first,160,160,1.0,160,1.0,0.9765538048284949,1,0.9765538048284949,1
43,F,iid,reported_completed,-2,third,160,160,1.0,160,1.0,0.9765538048284949,1,0.9765538048284949,1
43,F,iid,reported_completed,-1,first,160,160,1.0,160,1.0,0.9765538048284949,1,0.9765538048284949,1
43,F,iid,reported_completed,-1,third,160,160,1.0,160,1.0,0.9765538048284949,1,0.9765538048284949,1
43,F,iid,reported_completed,0,first,160,160,1.0,160,1.0,0.9765538048284949,1,0.9765538048284949,1
43,F,iid,reported_completed,0,third,160,160,1.0,160,1.0,0.9765538048284949,1,0.9765538048284949,1
43,F,template_ood,recorded_plan,-3,first,120,160,0.75,120,0.75,0.6775763046904398,0.8107005977238076,0.6775763046904398,0.8107005977238076
43,F,template_ood,recorded_plan,-3,third,156,160,0.975,156,0.975,0.9374901071333326,0.9902360074537375,0.9374901071333326,0.9902360074537375
43,F,template_ood,recorded_plan,-2,first,160,160,1.0,160,1.0,0.9765538048284949,1,0.9765538048284949,1
43,F,template_ood,recorded_plan,-2,third,160,160,1.0,160,1.0,0.9765538048284949,1,0.9765538048284949,1
43,F,template_ood,recorded_plan,-1,first,145,160,0.90625,145,0.90625,0.8510879733686995,0.9423619930544526,0.8510879733686995,0.9423619930544526
43,F,template_ood,recorded_plan,-1,third,133,160,0.83125,133,0.83125,0.7656111943482116,0.8813557013506663,0.7656111943482116,0.8813557013506663
43,F,template_ood,recorded_plan,0,first,127,160,0.79375,127,0.79375,0.7245262240066808,0.84919913633006,0.7245262240066808,0.84919913633006
43,F,template_ood,recorded_plan,0,third,130,160,0.8125,130,0.8125,0.7449603968476121,0.8653857311701972,0.7449603968476121,0.8653857311701972
43,F,template_ood,recorded_plan,1,first,160,160,1.0,160,1.0,0.9765538048284949,1,0.9765538048284949,1
43,F,template_ood,recorded_plan,1,third,160,160,1.0,160,1.0,0.9765538048284949,1,0.9765538048284949,1
43,F,template_ood,recorded_plan,2,first,160,160,1.0,160,1.0,0.9765538048284949,1,0.9765538048284949,1
43,F,template_ood,recorded_plan,2,third,160,160,1.0,160,1.0,0.9765538048284949,1,0.9765538048284949,1
43,F,template_ood,recorded_plan,3,first,160,160,1.0,160,1.0,0.9765538048284949,1,0.9765538048284949,1
43,F,template_ood,recorded_plan,3,third,160,160,1.0,160,1.0,0.9765538048284949,1,0.9765538048284949,1
43,F,template_ood,recorded_plan,4,first,160,160,1.0,160,1.0,0.9765538048284949,1,0.9765538048284949,1
43,F,template_ood,recorded_plan,4,third,160,160,1.0,160,1.0,0.9765538048284949,1,0.9765538048284949,1
43,F,template_ood,reported_cancelled,-3,first,149,160,0.93125,149,0.93125,0.8810970775754896,0.9611805790890873,0.8810970775754896,0.9611805790890873
43,F,template_ood,reported_cancelled,-3,third,160,160,1.0,160,1.0,0.9765538048284949,1,0.9765538048284949,1
43,F,template_ood,reported_cancelled,-2,first,160,160,1.0,160,1.0,0.9765538048284949,1,0.9765538048284949,1
43,F,template_ood,reported_cancelled,-2,third,160,160,1.0,160,1.0,0.9765538048284949,1,0.9765538048284949,1
43,F,template_ood,reported_cancelled,-1,first,141,160,0.88125,141,0.88125,0.8219771441876508,0.9226451319940766,0.8219771441876508,0.9226451319940766
43,F,template_ood,reported_cancelled,-1,third,139,160,0.86875,139,0.86875,0.8076812686575604,0.9125271624034547,0.8076812686575604,0.9125271624034547
43,F,template_ood,reported_cancelled,0,first,135,160,0.84375,135,0.84375,0.7795120049086997,0.8918687359108906,0.7795120049086997,0.8918687359108906
43,F,template_ood,reported_cancelled,0,third,139,160,0.86875,139,0.86875,0.8076812686575604,0.9125271624034547,0.8076812686575604,0.9125271624034547
43,F,template_ood,reported_cancelled,1,first,160,160,1.0,160,1.0,0.9765538048284949,1,0.9765538048284949,1
43,F,template_ood,reported_cancelled,1,third,160,160,1.0,160,1.0,0.9765538048284949,1,0.9765538048284949,1
43,F,template_ood,reported_cancelled,2,first,160,160,1.0,160,1.0,0.9765538048284949,1,0.9765538048284949,1
43,F,template_ood,reported_cancelled,2,third,160,160,1.0,160,1.0,0.9765538048284949,1,0.9765538048284949,1
43,F,template_ood,reported_cancelled,3,first,160,160,1.0,160,1.0,0.9765538048284949,1,0.9765538048284949,1
43,F,template_ood,reported_cancelled,3,third,160,160,1.0,160,1.0,0.9765538048284949,1,0.9765538048284949,1
43,F,template_ood,reported_cancelled,4,first,160,160,1.0,160,1.0,0.9765538048284949,1,0.9765538048284949,1
43,F,template_ood,reported_cancelled,4,third,160,160,1.0,160,1.0,0.9765538048284949,1,0.9765538048284949,1
43,F,template_ood,reported_completed,-3,first,121,160,0.75625,121,0.75625,0.6842262061492823,0.8162576188253212,0.6842262061492823,0.8162576188253212
43,F,template_ood,reported_completed,-3,third,145,160,0.90625,145,0.90625,0.8510879733686995,0.9423619930544526,0.8510879733686995,0.9423619930544526
43,F,template_ood,reported_completed,-2,first,160,160,1.0,160,1.0,0.9765538048284949,1,0.9765538048284949,1
43,F,template_ood,reported_completed,-2,third,160,160,1.0,160,1.0,0.9765538048284949,1,0.9765538048284949,1
43,F,template_ood,reported_completed,-1,first,160,160,1.0,160,1.0,0.9765538048284949,1,0.9765538048284949,1
43,F,template_ood,reported_completed,-1,third,157,160,0.98125,157,0.98125,0.9463298879006856,0.9936031492467405,0.9463298879006856,0.9936031492467405
43,F,template_ood,reported_completed,0,first,122,160,0.7625,122,0.7625,0.6908943322868297,0.8217964152481301,0.6908943322868297,0.8217964152481301
43,F,template_ood,reported_completed,0,third,124,160,0.775,124,0.775,0.7042871956457765,0.8328173970098957,0.7042871956457765,0.8328173970098957
43,N,iid,recorded_plan,-3,first,160,160,1.0,160,1.0,0.9765538048284949,1,0.9765538048284949,1
43,N,iid,recorded_plan,-3,third,160,160,1.0,160,1.0,0.9765538048284949,1,0.9765538048284949,1
43,N,iid,recorded_plan,-2,first,160,160,1.0,160,1.0,0.9765538048284949,1,0.9765538048284949,1
43,N,iid,recorded_plan,-2,third,160,160,1.0,160,1.0,0.9765538048284949,1,0.9765538048284949,1
43,N,iid,recorded_plan,-1,first,160,160,1.0,160,1.0,0.9765538048284949,1,0.9765538048284949,1
43,N,iid,recorded_plan,-1,third,160,160,1.0,160,1.0,0.9765538048284949,1,0.9765538048284949,1
43,N,iid,recorded_plan,0,first,160,160,1.0,160,1.0,0.9765538048284949,1,0.9765538048284949,1
43,N,iid,recorded_plan,0,third,160,160,1.0,160,1.0,0.9765538048284949,1,0.9765538048284949,1
43,N,iid,recorded_plan,1,first,160,160,1.0,160,1.0,0.9765538048284949,1,0.9765538048284949,1
43,N,iid,recorded_plan,1,third,160,160,1.0,160,1.0,0.9765538048284949,1,0.9765538048284949,1
43,N,iid,recorded_plan,2,first,160,160,1.0,160,1.0,0.9765538048284949,1,0.9765538048284949,1
43,N,iid,recorded_plan,2,third,160,160,1.0,160,1.0,0.9765538048284949,1,0.9765538048284949,1
43,N,iid,recorded_plan,3,first,160,160,1.0,160,1.0,0.9765538048284949,1,0.9765538048284949,1
43,N,iid,recorded_plan,3,third,160,160,1.0,160,1.0,0.9765538048284949,1,0.9765538048284949,1
43,N,iid,recorded_plan,4,first,160,160,1.0,160,1.0,0.9765538048284949,1,0.9765538048284949,1
43,N,iid,recorded_plan,4,third,160,160,1.0,160,1.0,0.9765538048284949,1,0.9765538048284949,1
43,N,iid,reported_cancelled,-3,first,160,160,1.0,160,1.0,0.9765538048284949,1,0.9765538048284949,1
43,N,iid,reported_cancelled,-3,third,160,160,1.0,160,1.0,0.9765538048284949,1,0.9765538048284949,1
43,N,iid,reported_cancelled,-2,first,160,160,1.0,160,1.0,0.9765538048284949,1,0.9765538048284949,1
43,N,iid,reported_cancelled,-2,third,160,160,1.0,160,1.0,0.9765538048284949,1,0.9765538048284949,1
43,N,iid,reported_cancelled,-1,first,160,160,1.0,160,1.0,0.9765538048284949,1,0.9765538048284949,1
43,N,iid,reported_cancelled,-1,third,160,160,1.0,160,1.0,0.9765538048284949,1,0.9765538048284949,1
43,N,iid,reported_cancelled,0,first,160,160,1.0,160,1.0,0.9765538048284949,1,0.9765538048284949,1
43,N,iid,reported_cancelled,0,third,160,160,1.0,160,1.0,0.9765538048284949,1,0.9765538048284949,1
43,N,iid,reported_cancelled,1,first,160,160,1.0,160,1.0,0.9765538048284949,1,0.9765538048284949,1
43,N,iid,reported_cancelled,1,third,160,160,1.0,160,1.0,0.9765538048284949,1,0.9765538048284949,1
43,N,iid,reported_cancelled,2,first,160,160,1.0,160,1.0,0.9765538048284949,1,0.9765538048284949,1
43,N,iid,reported_cancelled,2,third,160,160,1.0,160,1.0,0.9765538048284949,1,0.9765538048284949,1
43,N,iid,reported_cancelled,3,first,160,160,1.0,160,1.0,0.9765538048284949,1,0.9765538048284949,1
43,N,iid,reported_cancelled,3,third,160,160,1.0,160,1.0,0.9765538048284949,1,0.9765538048284949,1
43,N,iid,reported_cancelled,4,first,160,160,1.0,160,1.0,0.9765538048284949,1,0.9765538048284949,1
43,N,iid,reported_cancelled,4,third,160,160,1.0,160,1.0,0.9765538048284949,1,0.9765538048284949,1
43,N,iid,reported_completed,-3,first,160,160,1.0,160,1.0,0.9765538048284949,1,0.9765538048284949,1
43,N,iid,reported_completed,-3,third,160,160,1.0,160,1.0,0.9765538048284949,1,0.9765538048284949,1
43,N,iid,reported_completed,-2,first,160,160,1.0,160,1.0,0.9765538048284949,1,0.9765538048284949,1
43,N,iid,reported_completed,-2,third,160,160,1.0,160,1.0,0.9765538048284949,1,0.9765538048284949,1
43,N,iid,reported_completed,-1,first,160,160,1.0,160,1.0,0.9765538048284949,1,0.9765538048284949,1
43,N,iid,reported_completed,-1,third,160,160,1.0,160,1.0,0.9765538048284949,1,0.9765538048284949,1
43,N,iid,reported_completed,0,first,160,160,1.0,160,1.0,0.9765538048284949,1,0.9765538048284949,1
43,N,iid,reported_completed,0,third,160,160,1.0,160,1.0,0.9765538048284949,1,0.9765538048284949,1
43,N,template_ood,recorded_plan,-3,first,120,160,0.75,120,0.75,0.6775763046904398,0.8107005977238076,0.6775763046904398,0.8107005977238076
43,N,template_ood,recorded_plan,-3,third,126,160,0.7875,126,0.7875,0.7177591208467695,0.8437593169296149,0.7177591208467695,0.8437593169296149
43,N,template_ood,recorded_plan,-2,first,160,160,1.0,160,1.0,0.9765538048284949,1,0.9765538048284949,1
43,N,template_ood,recorded_plan,-2,third,160,160,1.0,160,1.0,0.9765538048284949,1,0.9765538048284949,1
43,N,template_ood,recorded_plan,-1,first,158,160,0.9875,158,0.9875,0.9555746308159091,0.9965653288918735,0.9555746308159091,0.9965653288918735
43,N,template_ood,recorded_plan,-1,third,151,160,0.94375,151,0.94375,0.8965638035410534,0.9701276982442358,0.8965638035410534,0.9701276982442358
43,N,template_ood,recorded_plan,0,first,121,160,0.75625,121,0.75625,0.6842262061492823,0.8162576188253212,0.6842262061492823,0.8162576188253212
43,N,template_ood,recorded_plan,0,third,123,160,0.76875,123,0.76875,0.6975811590318565,0.8273165110634596,0.6975811590318565,0.8273165110634596
43,N,template_ood,recorded_plan,1,first,160,160,1.0,160,1.0,0.9765538048284949,1,0.9765538048284949,1
43,N,template_ood,recorded_plan,1,third,160,160,1.0,160,1.0,0.9765538048284949,1,0.9765538048284949,1
43,N,template_ood,recorded_plan,2,first,160,160,1.0,160,1.0,0.9765538048284949,1,0.9765538048284949,1
43,N,template_ood,recorded_plan,2,third,160,160,1.0,160,1.0,0.9765538048284949,1,0.9765538048284949,1
43,N,template_ood,recorded_plan,3,first,160,160,1.0,160,1.0,0.9765538048284949,1,0.9765538048284949,1
43,N,template_ood,recorded_plan,3,third,160,160,1.0,160,1.0,0.9765538048284949,1,0.9765538048284949,1
43,N,template_ood,recorded_plan,4,first,151,160,0.94375,151,0.94375,0.8965638035410534,0.9701276982442358,0.8965638035410534,0.9701276982442358
43,N,template_ood,recorded_plan,4,third,156,160,0.975,156,0.975,0.9374901071333326,0.9902360074537375,0.9374901071333326,0.9902360074537375
43,N,template_ood,reported_cancelled,-3,first,149,160,0.93125,149,0.93125,0.8810970775754896,0.9611805790890873,0.8810970775754896,0.9611805790890873
43,N,template_ood,reported_cancelled,-3,third,152,160,0.95,152,0.95,0.9044490208244798,0.9744494035211655,0.9044490208244798,0.9744494035211655
43,N,template_ood,reported_cancelled,-2,first,160,160,1.0,160,1.0,0.9765538048284949,1,0.9765538048284949,1
43,N,template_ood,reported_cancelled,-2,third,160,160,1.0,160,1.0,0.9765538048284949,1,0.9765538048284949,1
43,N,template_ood,reported_cancelled,-1,first,149,160,0.93125,149,0.93125,0.8810970775754896,0.9611805790890873,0.8810970775754896,0.9611805790890873
43,N,template_ood,reported_cancelled,-1,third,146,160,0.9125,146,0.9125,0.858493682378104,0.9471632066054043,0.858493682378104,0.9471632066054043
43,N,template_ood,reported_cancelled,0,first,120,160,0.75,120,0.75,0.6775763046904398,0.8107005977238076,0.6775763046904398,0.8107005977238076
43,N,template_ood,reported_cancelled,0,third,124,160,0.775,124,0.775,0.7042871956457765,0.8328173970098957,0.7042871956457765,0.8328173970098957
43,N,template_ood,reported_cancelled,1,first,160,160,1.0,160,1.0,0.9765538048284949,1,0.9765538048284949,1
43,N,template_ood,reported_cancelled,1,third,160,160,1.0,160,1.0,0.9765538048284949,1,0.9765538048284949,1
43,N,template_ood,reported_cancelled,2,first,160,160,1.0,160,1.0,0.9765538048284949,1,0.9765538048284949,1
43,N,template_ood,reported_cancelled,2,third,160,160,1.0,160,1.0,0.9765538048284949,1,0.9765538048284949,1
43,N,template_ood,reported_cancelled,3,first,160,160,1.0,160,1.0,0.9765538048284949,1,0.9765538048284949,1
43,N,template_ood,reported_cancelled,3,third,160,160,1.0,160,1.0,0.9765538048284949,1,0.9765538048284949,1
43,N,template_ood,reported_cancelled,4,first,160,160,1.0,160,1.0,0.9765538048284949,1,0.9765538048284949,1
43,N,template_ood,reported_cancelled,4,third,160,160,1.0,160,1.0,0.9765538048284949,1,0.9765538048284949,1
43,N,template_ood,reported_completed,-3,first,122,160,0.7625,122,0.7625,0.6908943322868297,0.8217964152481301,0.6908943322868297,0.8217964152481301
43,N,template_ood,reported_completed,-3,third,120,160,0.75,120,0.75,0.6775763046904398,0.8107005977238076,0.6775763046904398,0.8107005977238076
43,N,template_ood,reported_completed,-2,first,160,160,1.0,160,1.0,0.9765538048284949,1,0.9765538048284949,1
43,N,template_ood,reported_completed,-2,third,160,160,1.0,160,1.0,0.9765538048284949,1,0.9765538048284949,1
43,N,template_ood,reported_completed,-1,first,160,160,1.0,160,1.0,0.9765538048284949,1,0.9765538048284949,1
43,N,template_ood,reported_completed,-1,third,160,160,1.0,160,1.0,0.9765538048284949,1,0.9765538048284949,1
43,N,template_ood,reported_completed,0,first,120,160,0.75,120,0.75,0.6775763046904398,0.8107005977238076,0.6775763046904398,0.8107005977238076
43,N,template_ood,reported_completed,0,third,120,160,0.75,120,0.75,0.6775763046904398,0.8107005977238076,0.6775763046904398,0.8107005977238076
43,O,iid,recorded_plan,-3,first,160,160,1.0,160,1.0,0.9765538048284949,1,0.9765538048284949,1
43,O,iid,recorded_plan,-3,third,160,160,1.0,160,1.0,0.9765538048284949,1,0.9765538048284949,1
43,O,iid,recorded_plan,-2,first,160,160,1.0,160,1.0,0.9765538048284949,1,0.9765538048284949,1
43,O,iid,recorded_plan,-2,third,160,160,1.0,160,1.0,0.9765538048284949,1,0.9765538048284949,1
43,O,iid,recorded_plan,-1,first,160,160,1.0,160,1.0,0.9765538048284949,1,0.9765538048284949,1
43,O,iid,recorded_plan,-1,third,160,160,1.0,160,1.0,0.9765538048284949,1,0.9765538048284949,1
43,O,iid,recorded_plan,0,first,160,160,1.0,160,1.0,0.9765538048284949,1,0.9765538048284949,1
43,O,iid,recorded_plan,0,third,160,160,1.0,160,1.0,0.9765538048284949,1,0.9765538048284949,1
43,O,iid,recorded_plan,1,first,160,160,1.0,160,1.0,0.9765538048284949,1,0.9765538048284949,1
43,O,iid,recorded_plan,1,third,160,160,1.0,160,1.0,0.9765538048284949,1,0.9765538048284949,1
43,O,iid,recorded_plan,2,first,160,160,1.0,160,1.0,0.9765538048284949,1,0.9765538048284949,1
43,O,iid,recorded_plan,2,third,160,160,1.0,160,1.0,0.9765538048284949,1,0.9765538048284949,1
43,O,iid,recorded_plan,3,first,160,160,1.0,160,1.0,0.9765538048284949,1,0.9765538048284949,1
43,O,iid,recorded_plan,3,third,160,160,1.0,160,1.0,0.9765538048284949,1,0.9765538048284949,1
43,O,iid,recorded_plan,4,first,160,160,1.0,160,1.0,0.9765538048284949,1,0.9765538048284949,1
43,O,iid,recorded_plan,4,third,160,160,1.0,160,1.0,0.9765538048284949,1,0.9765538048284949,1
43,O,iid,reported_cancelled,-3,first,160,160,1.0,160,1.0,0.9765538048284949,1,0.9765538048284949,1
43,O,iid,reported_cancelled,-3,third,160,160,1.0,160,1.0,0.9765538048284949,1,0.9765538048284949,1
43,O,iid,reported_cancelled,-2,first,160,160,1.0,160,1.0,0.9765538048284949,1,0.9765538048284949,1
43,O,iid,reported_cancelled,-2,third,160,160,1.0,160,1.0,0.9765538048284949,1,0.9765538048284949,1
43,O,iid,reported_cancelled,-1,first,160,160,1.0,160,1.0,0.9765538048284949,1,0.9765538048284949,1
43,O,iid,reported_cancelled,-1,third,160,160,1.0,160,1.0,0.9765538048284949,1,0.9765538048284949,1
43,O,iid,reported_cancelled,0,first,160,160,1.0,160,1.0,0.9765538048284949,1,0.9765538048284949,1
43,O,iid,reported_cancelled,0,third,160,160,1.0,160,1.0,0.9765538048284949,1,0.9765538048284949,1
43,O,iid,reported_cancelled,1,first,160,160,1.0,160,1.0,0.9765538048284949,1,0.9765538048284949,1
43,O,iid,reported_cancelled,1,third,160,160,1.0,160,1.0,0.9765538048284949,1,0.9765538048284949,1
43,O,iid,reported_cancelled,2,first,160,160,1.0,160,1.0,0.9765538048284949,1,0.9765538048284949,1
43,O,iid,reported_cancelled,2,third,160,160,1.0,160,1.0,0.9765538048284949,1,0.9765538048284949,1
43,O,iid,reported_cancelled,3,first,160,160,1.0,160,1.0,0.9765538048284949,1,0.9765538048284949,1
43,O,iid,reported_cancelled,3,third,160,160,1.0,160,1.0,0.9765538048284949,1,0.9765538048284949,1
43,O,iid,reported_cancelled,4,first,160,160,1.0,160,1.0,0.9765538048284949,1,0.9765538048284949,1
43,O,iid,reported_cancelled,4,third,160,160,1.0,160,1.0,0.9765538048284949,1,0.9765538048284949,1
43,O,iid,reported_completed,-3,first,160,160,1.0,160,1.0,0.9765538048284949,1,0.9765538048284949,1
43,O,iid,reported_completed,-3,third,160,160,1.0,160,1.0,0.9765538048284949,1,0.9765538048284949,1
43,O,iid,reported_completed,-2,first,160,160,1.0,160,1.0,0.9765538048284949,1,0.9765538048284949,1
43,O,iid,reported_completed,-2,third,160,160,1.0,160,1.0,0.9765538048284949,1,0.9765538048284949,1
43,O,iid,reported_completed,-1,first,160,160,1.0,160,1.0,0.9765538048284949,1,0.9765538048284949,1
43,O,iid,reported_completed,-1,third,160,160,1.0,160,1.0,0.9765538048284949,1,0.9765538048284949,1
43,O,iid,reported_completed,0,first,160,160,1.0,160,1.0,0.9765538048284949,1,0.9765538048284949,1
43,O,iid,reported_completed,0,third,160,160,1.0,160,1.0,0.9765538048284949,1,0.9765538048284949,1
43,O,template_ood,recorded_plan,-3,first,120,160,0.75,120,0.75,0.6775763046904398,0.8107005977238076,0.6775763046904398,0.8107005977238076
43,O,template_ood,recorded_plan,-3,third,158,160,0.9875,158,0.9875,0.9555746308159091,0.9965653288918735,0.9555746308159091,0.9965653288918735
43,O,template_ood,recorded_plan,-2,first,160,160,1.0,160,1.0,0.9765538048284949,1,0.9765538048284949,1
43,O,template_ood,recorded_plan,-2,third,160,160,1.0,160,1.0,0.9765538048284949,1,0.9765538048284949,1
43,O,template_ood,recorded_plan,-1,first,146,160,0.9125,146,0.9125,0.858493682378104,0.9471632066054043,0.858493682378104,0.9471632066054043
43,O,template_ood,recorded_plan,-1,third,137,160,0.85625,137,0.85625,0.7935312683939587,0.9022633175463438,0.7935312683939587,0.9022633175463438
43,O,template_ood,recorded_plan,0,first,128,160,0.8,128,0.8,0.7313149744396211,0.8546173084574759,0.7313149744396211,0.8546173084574759
43,O,template_ood,recorded_plan,0,third,130,160,0.8125,130,0.8125,0.7449603968476121,0.8653857311701972,0.7449603968476121,0.8653857311701972
43,O,template_ood,recorded_plan,1,first,160,160,1.0,160,1.0,0.9765538048284949,1,0.9765538048284949,1
43,O,template_ood,recorded_plan,1,third,160,160,1.0,160,1.0,0.9765538048284949,1,0.9765538048284949,1
43,O,template_ood,recorded_plan,2,first,160,160,1.0,160,1.0,0.9765538048284949,1,0.9765538048284949,1
43,O,template_ood,recorded_plan,2,third,160,160,1.0,160,1.0,0.9765538048284949,1,0.9765538048284949,1
43,O,template_ood,recorded_plan,3,first,160,160,1.0,160,1.0,0.9765538048284949,1,0.9765538048284949,1
43,O,template_ood,recorded_plan,3,third,160,160,1.0,160,1.0,0.9765538048284949,1,0.9765538048284949,1
43,O,template_ood,recorded_plan,4,first,160,160,1.0,160,1.0,0.9765538048284949,1,0.9765538048284949,1
43,O,template_ood,recorded_plan,4,third,160,160,1.0,160,1.0,0.9765538048284949,1,0.9765538048284949,1
43,O,template_ood,reported_cancelled,-3,first,150,160,0.9375,150,0.9375,0.8887842459710525,0.9657003332538804,0.8887842459710525,0.9657003332538804
43,O,template_ood,reported_cancelled,-3,third,160,160,1.0,160,1.0,0.9765538048284949,1,0.9765538048284949,1
43,O,template_ood,reported_cancelled,-2,first,160,160,1.0,160,1.0,0.9765538048284949,1,0.9765538048284949,1
43,O,template_ood,reported_cancelled,-2,third,160,160,1.0,160,1.0,0.9765538048284949,1,0.9765538048284949,1
43,O,template_ood,reported_cancelled,-1,first,144,160,0.9,144,0.9,0.8437374796961266,0.9375055641666694,0.8437374796961266,0.9375055641666694
43,O,template_ood,reported_cancelled,-1,third,141,160,0.88125,141,0.88125,0.8219771441876508,0.9226451319940766,0.8219771441876508,0.9226451319940766
43,O,template_ood,reported_cancelled,0,first,132,160,0.825,132,0.825,0.7587019750779815,0.8760579980605401,0.7587019750779815,0.8760579980605401
43,O,template_ood,reported_cancelled,0,third,136,160,0.85,136,0.85,0.7865061198301088,0.8970815435498377,0.7865061198301088,0.8970815435498377
43,O,template_ood,reported_cancelled,1,first,160,160,1.0,160,1.0,0.9765538048284949,1,0.9765538048284949,1
43,O,template_ood,reported_cancelled,1,third,160,160,1.0,160,1.0,0.9765538048284949,1,0.9765538048284949,1
43,O,template_ood,reported_cancelled,2,first,160,160,1.0,160,1.0,0.9765538048284949,1,0.9765538048284949,1
43,O,template_ood,reported_cancelled,2,third,160,160,1.0,160,1.0,0.9765538048284949,1,0.9765538048284949,1
43,O,template_ood,reported_cancelled,3,first,160,160,1.0,160,1.0,0.9765538048284949,1,0.9765538048284949,1
43,O,template_ood,reported_cancelled,3,third,160,160,1.0,160,1.0,0.9765538048284949,1,0.9765538048284949,1
43,O,template_ood,reported_cancelled,4,first,160,160,1.0,160,1.0,0.9765538048284949,1,0.9765538048284949,1
43,O,template_ood,reported_cancelled,4,third,160,160,1.0,160,1.0,0.9765538048284949,1,0.9765538048284949,1
43,O,template_ood,reported_completed,-3,first,121,160,0.75625,121,0.75625,0.6842262061492823,0.8162576188253212,0.6842262061492823,0.8162576188253212
43,O,template_ood,reported_completed,-3,third,145,160,0.90625,145,0.90625,0.8510879733686995,0.9423619930544526,0.8510879733686995,0.9423619930544526
43,O,template_ood,reported_completed,-2,first,160,160,1.0,160,1.0,0.9765538048284949,1,0.9765538048284949,1
43,O,template_ood,reported_completed,-2,third,160,160,1.0,160,1.0,0.9765538048284949,1,0.9765538048284949,1
43,O,template_ood,reported_completed,-1,first,160,160,1.0,160,1.0,0.9765538048284949,1,0.9765538048284949,1
43,O,template_ood,reported_completed,-1,third,160,160,1.0,160,1.0,0.9765538048284949,1,0.9765538048284949,1
43,O,template_ood,reported_completed,0,first,121,160,0.75625,121,0.75625,0.6842262061492823,0.8162576188253212,0.6842262061492823,0.8162576188253212
43,O,template_ood,reported_completed,0,third,122,160,0.7625,122,0.7625,0.6908943322868297,0.8217964152481301,0.6908943322868297,0.8217964152481301
43,P,iid,recorded_plan,-3,first,160,160,1.0,160,1.0,0.9765538048284949,1,0.9765538048284949,1
43,P,iid,recorded_plan,-3,third,160,160,1.0,160,1.0,0.9765538048284949,1,0.9765538048284949,1
43,P,iid,recorded_plan,-2,first,160,160,1.0,160,1.0,0.9765538048284949,1,0.9765538048284949,1
43,P,iid,recorded_plan,-2,third,160,160,1.0,160,1.0,0.9765538048284949,1,0.9765538048284949,1
43,P,iid,recorded_plan,-1,first,160,160,1.0,160,1.0,0.9765538048284949,1,0.9765538048284949,1
43,P,iid,recorded_plan,-1,third,160,160,1.0,160,1.0,0.9765538048284949,1,0.9765538048284949,1
43,P,iid,recorded_plan,0,first,160,160,1.0,160,1.0,0.9765538048284949,1,0.9765538048284949,1
43,P,iid,recorded_plan,0,third,160,160,1.0,160,1.0,0.9765538048284949,1,0.9765538048284949,1
43,P,iid,recorded_plan,1,first,160,160,1.0,160,1.0,0.9765538048284949,1,0.9765538048284949,1
43,P,iid,recorded_plan,1,third,160,160,1.0,160,1.0,0.9765538048284949,1,0.9765538048284949,1
43,P,iid,recorded_plan,2,first,160,160,1.0,160,1.0,0.9765538048284949,1,0.9765538048284949,1
43,P,iid,recorded_plan,2,third,160,160,1.0,160,1.0,0.9765538048284949,1,0.9765538048284949,1
43,P,iid,recorded_plan,3,first,160,160,1.0,160,1.0,0.9765538048284949,1,0.9765538048284949,1
43,P,iid,recorded_plan,3,third,160,160,1.0,160,1.0,0.9765538048284949,1,0.9765538048284949,1
43,P,iid,recorded_plan,4,first,160,160,1.0,160,1.0,0.9765538048284949,1,0.9765538048284949,1
43,P,iid,recorded_plan,4,third,160,160,1.0,160,1.0,0.9765538048284949,1,0.9765538048284949,1
43,P,iid,reported_cancelled,-3,first,160,160,1.0,160,1.0,0.9765538048284949,1,0.9765538048284949,1
43,P,iid,reported_cancelled,-3,third,160,160,1.0,160,1.0,0.9765538048284949,1,0.9765538048284949,1
43,P,iid,reported_cancelled,-2,first,160,160,1.0,160,1.0,0.9765538048284949,1,0.9765538048284949,1
43,P,iid,reported_cancelled,-2,third,160,160,1.0,160,1.0,0.9765538048284949,1,0.9765538048284949,1
43,P,iid,reported_cancelled,-1,first,160,160,1.0,160,1.0,0.9765538048284949,1,0.9765538048284949,1
43,P,iid,reported_cancelled,-1,third,160,160,1.0,160,1.0,0.9765538048284949,1,0.9765538048284949,1
43,P,iid,reported_cancelled,0,first,160,160,1.0,160,1.0,0.9765538048284949,1,0.9765538048284949,1
43,P,iid,reported_cancelled,0,third,160,160,1.0,160,1.0,0.9765538048284949,1,0.9765538048284949,1
43,P,iid,reported_cancelled,1,first,160,160,1.0,160,1.0,0.9765538048284949,1,0.9765538048284949,1
43,P,iid,reported_cancelled,1,third,160,160,1.0,160,1.0,0.9765538048284949,1,0.9765538048284949,1
43,P,iid,reported_cancelled,2,first,160,160,1.0,160,1.0,0.9765538048284949,1,0.9765538048284949,1
43,P,iid,reported_cancelled,2,third,160,160,1.0,160,1.0,0.9765538048284949,1,0.9765538048284949,1
43,P,iid,reported_cancelled,3,first,160,160,1.0,160,1.0,0.9765538048284949,1,0.9765538048284949,1
43,P,iid,reported_cancelled,3,third,160,160,1.0,160,1.0,0.9765538048284949,1,0.9765538048284949,1
43,P,iid,reported_cancelled,4,first,160,160,1.0,160,1.0,0.9765538048284949,1,0.9765538048284949,1
43,P,iid,reported_cancelled,4,third,160,160,1.0,160,1.0,0.9765538048284949,1,0.9765538048284949,1
43,P,iid,reported_completed,-3,first,160,160,1.0,160,1.0,0.9765538048284949,1,0.9765538048284949,1
43,P,iid,reported_completed,-3,third,160,160,1.0,160,1.0,0.9765538048284949,1,0.9765538048284949,1
43,P,iid,reported_completed,-2,first,160,160,1.0,160,1.0,0.9765538048284949,1,0.9765538048284949,1
43,P,iid,reported_completed,-2,third,160,160,1.0,160,1.0,0.9765538048284949,1,0.9765538048284949,1
43,P,iid,reported_completed,-1,first,160,160,1.0,160,1.0,0.9765538048284949,1,0.9765538048284949,1
43,P,iid,reported_completed,-1,third,160,160,1.0,160,1.0,0.9765538048284949,1,0.9765538048284949,1
43,P,iid,reported_completed,0,first,160,160,1.0,160,1.0,0.9765538048284949,1,0.9765538048284949,1
43,P,iid,reported_completed,0,third,160,160,1.0,160,1.0,0.9765538048284949,1,0.9765538048284949,1
43,P,template_ood,recorded_plan,-3,first,122,160,0.7625,122,0.7625,0.6908943322868297,0.8217964152481301,0.6908943322868297,0.8217964152481301
43,P,template_ood,recorded_plan,-3,third,160,160,1.0,160,1.0,0.9765538048284949,1,0.9765538048284949,1
43,P,template_ood,recorded_plan,-2,first,160,160,1.0,160,1.0,0.9765538048284949,1,0.9765538048284949,1
43,P,template_ood,recorded_plan,-2,third,160,160,1.0,160,1.0,0.9765538048284949,1,0.9765538048284949,1
43,P,template_ood,recorded_plan,-1,first,156,160,0.975,156,0.975,0.9374901071333326,0.9902360074537375,0.9374901071333326,0.9902360074537375
43,P,template_ood,recorded_plan,-1,third,148,160,0.925,148,0.925,0.8734917309593303,0.9565790031448905,0.8734917309593303,0.9565790031448905
43,P,template_ood,recorded_plan,0,first,148,160,0.925,148,0.925,0.8734917309593303,0.9565790031448905,0.8734917309593303,0.9565790031448905
43,P,template_ood,recorded_plan,0,third,147,160,0.91875,147,0.91875,0.8659596262286716,0.9519041853151927,0.8659596262286716,0.9519041853151927
43,P,template_ood,recorded_plan,1,first,160,160,1.0,160,1.0,0.9765538048284949,1,0.9765538048284949,1
43,P,template_ood,recorded_plan,1,third,160,160,1.0,160,1.0,0.9765538048284949,1,0.9765538048284949,1
43,P,template_ood,recorded_plan,2,first,160,160,1.0,160,1.0,0.9765538048284949,1,0.9765538048284949,1
43,P,template_ood,recorded_plan,2,third,160,160,1.0,160,1.0,0.9765538048284949,1,0.9765538048284949,1
43,P,template_ood,recorded_plan,3,first,160,160,1.0,160,1.0,0.9765538048284949,1,0.9765538048284949,1
43,P,template_ood,recorded_plan,3,third,160,160,1.0,160,1.0,0.9765538048284949,1,0.9765538048284949,1
43,P,template_ood,recorded_plan,4,first,159,160,0.99375,159,0.99375,0.965451014037521,0.9988958682306179,0.965451014037521,0.9988958682306179
43,P,template_ood,recorded_plan,4,third,159,160,0.99375,159,0.99375,0.965451014037521,0.9988958682306179,0.965451014037521,0.9988958682306179
43,P,template_ood,reported_cancelled,-3,first,158,160,0.9875,158,0.9875,0.9555746308159091,0.9965653288918735,0.9555746308159091,0.9965653288918735
43,P,template_ood,reported_cancelled,-3,third,160,160,1.0,160,1.0,0.9765538048284949,1,0.9765538048284949,1
43,P,template_ood,reported_cancelled,-2,first,160,160,1.0,160,1.0,0.9765538048284949,1,0.9765538048284949,1
43,P,template_ood,reported_cancelled,-2,third,160,160,1.0,160,1.0,0.9765538048284949,1,0.9765538048284949,1
43,P,template_ood,reported_cancelled,-1,first,151,160,0.94375,151,0.94375,0.8965638035410534,0.9701276982442358,0.8965638035410534,0.9701276982442358
43,P,template_ood,reported_cancelled,-1,third,146,160,0.9125,146,0.9125,0.858493682378104,0.9471632066054043,0.858493682378104,0.9471632066054043
43,P,template_ood,reported_cancelled,0,first,152,160,0.95,152,0.95,0.9044490208244798,0.9744494035211655,0.9044490208244798,0.9744494035211655
43,P,template_ood,reported_cancelled,0,third,152,160,0.95,152,0.95,0.9044490208244798,0.9744494035211655,0.9044490208244798,0.9744494035211655
43,P,template_ood,reported_cancelled,1,first,160,160,1.0,160,1.0,0.9765538048284949,1,0.9765538048284949,1
43,P,template_ood,reported_cancelled,1,third,160,160,1.0,160,1.0,0.9765538048284949,1,0.9765538048284949,1
43,P,template_ood,reported_cancelled,2,first,160,160,1.0,160,1.0,0.9765538048284949,1,0.9765538048284949,1
43,P,template_ood,reported_cancelled,2,third,160,160,1.0,160,1.0,0.9765538048284949,1,0.9765538048284949,1
43,P,template_ood,reported_cancelled,3,first,160,160,1.0,160,1.0,0.9765538048284949,1,0.9765538048284949,1
43,P,template_ood,reported_cancelled,3,third,160,160,1.0,160,1.0,0.9765538048284949,1,0.9765538048284949,1
43,P,template_ood,reported_cancelled,4,first,160,160,1.0,160,1.0,0.9765538048284949,1,0.9765538048284949,1
43,P,template_ood,reported_cancelled,4,third,160,160,1.0,160,1.0,0.9765538048284949,1,0.9765538048284949,1
43,P,template_ood,reported_completed,-3,first,128,160,0.8,128,0.8,0.7313149744396211,0.8546173084574759,0.7313149744396211,0.8546173084574759
43,P,template_ood,reported_completed,-3,third,158,160,0.9875,158,0.9875,0.9555746308159091,0.9965653288918735,0.9555746308159091,0.9965653288918735
43,P,template_ood,reported_completed,-2,first,160,160,1.0,160,1.0,0.9765538048284949,1,0.9765538048284949,1
43,P,template_ood,reported_completed,-2,third,160,160,1.0,160,1.0,0.9765538048284949,1,0.9765538048284949,1
43,P,template_ood,reported_completed,-1,first,160,160,1.0,160,1.0,0.9765538048284949,1,0.9765538048284949,1
43,P,template_ood,reported_completed,-1,third,160,160,1.0,160,1.0,0.9765538048284949,1,0.9765538048284949,1
43,P,template_ood,reported_completed,0,first,141,160,0.88125,141,0.88125,0.8219771441876508,0.9226451319940766,0.8219771441876508,0.9226451319940766
43,P,template_ood,reported_completed,0,third,143,160,0.89375,143,0.89375,0.8364379048857311,0.9325982164167086,0.8364379048857311,0.9325982164167086
44,F,iid,recorded_plan,-3,first,159,160,0.99375,159,0.99375,0.965451014037521,0.9988958682306179,0.965451014037521,0.9988958682306179
44,F,iid,recorded_plan,-3,third,159,160,0.99375,159,0.99375,0.965451014037521,0.9988958682306179,0.965451014037521,0.9988958682306179
44,F,iid,recorded_plan,-2,first,154,160,0.9625,154,0.9625,0.9206101926328578,0.9827020768335,0.9206101926328578,0.9827020768335
44,F,iid,recorded_plan,-2,third,153,160,0.95625,153,0.95625,0.9124569584575362,0.9786483884484656,0.9124569584575362,0.9786483884484656
44,F,iid,recorded_plan,-1,first,160,160,1.0,160,1.0,0.9765538048284949,1,0.9765538048284949,1
44,F,iid,recorded_plan,-1,third,160,160,1.0,160,1.0,0.9765538048284949,1,0.9765538048284949,1
44,F,iid,recorded_plan,0,first,160,160,1.0,160,1.0,0.9765538048284949,1,0.9765538048284949,1
44,F,iid,recorded_plan,0,third,160,160,1.0,160,1.0,0.9765538048284949,1,0.9765538048284949,1
44,F,iid,recorded_plan,1,first,160,160,1.0,160,1.0,0.9765538048284949,1,0.9765538048284949,1
44,F,iid,recorded_plan,1,third,160,160,1.0,160,1.0,0.9765538048284949,1,0.9765538048284949,1
44,F,iid,recorded_plan,2,first,48,160,0.3,48,0.3,0.23436363950797706,0.37501483856062506,0.23436363950797706,0.37501483856062506
44,F,iid,recorded_plan,2,third,34,160,0.2125,34,0.2125,0.15624068307038502,0.2822408791532305,0.15624068307038502,0.2822408791532305
44,F,iid,recorded_plan,3,first,159,160,0.99375,159,0.99375,0.965451014037521,0.9988958682306179,0.965451014037521,0.9988958682306179
44,F,iid,recorded_plan,3,third,159,160,0.99375,159,0.99375,0.965451014037521,0.9988958682306179,0.965451014037521,0.9988958682306179
44,F,iid,recorded_plan,4,first,129,160,0.80625,129,0.80625,0.738126102390117,0.8600131030673362,0.738126102390117,0.8600131030673362
44,F,iid,recorded_plan,4,third,132,160,0.825,132,0.825,0.7587019750779815,0.8760579980605401,0.7587019750779815,0.8760579980605401
44,F,iid,reported_cancelled,-3,first,159,160,0.99375,159,0.99375,0.965451014037521,0.9988958682306179,0.965451014037521,0.9988958682306179
44,F,iid,reported_cancelled,-3,third,160,160,1.0,160,1.0,0.9765538048284949,1,0.9765538048284949,1
44,F,iid,reported_cancelled,-2,first,156,160,0.975,156,0.975,0.9374901071333326,0.9902360074537375,0.9374901071333326,0.9902360074537375
44,F,iid,reported_cancelled,-2,third,154,160,0.9625,154,0.9625,0.9206101926328578,0.9827020768335,0.9206101926328578,0.9827020768335
44,F,iid,reported_cancelled,-1,first,160,160,1.0,160,1.0,0.9765538048284949,1,0.9765538048284949,1
44,F,iid,reported_cancelled,-1,third,159,160,0.99375,159,0.99375,0.965451014037521,0.9988958682306179,0.965451014037521,0.9988958682306179
44,F,iid,reported_cancelled,0,first,160,160,1.0,160,1.0,0.9765538048284949,1,0.9765538048284949,1
44,F,iid,reported_cancelled,0,third,160,160,1.0,160,1.0,0.9765538048284949,1,0.9765538048284949,1
44,F,iid,reported_cancelled,1,first,160,160,1.0,160,1.0,0.9765538048284949,1,0.9765538048284949,1
44,F,iid,reported_cancelled,1,third,160,160,1.0,160,1.0,0.9765538048284949,1,0.9765538048284949,1
44,F,iid,reported_cancelled,2,first,41,160,0.25625,41,0.25625,0.19487420274668216,0.32905581739942663,0.19487420274668216,0.32905581739942663
44,F,iid,reported_cancelled,2,third,26,160,0.1625,26,0.1625,0.11337365160907037,0.22745253013169564,0.11337365160907037,0.22745253013169564
44,F,iid,reported_cancelled,3,first,160,160,1.0,160,1.0,0.9765538048284949,1,0.9765538048284949,1
44,F,iid,reported_cancelled,3,third,160,160,1.0,160,1.0,0.9765538048284949,1,0.9765538048284949,1
44,F,iid,reported_cancelled,4,first,133,160,0.83125,133,0.83125,0.7656111943482116,0.8813557013506663,0.7656111943482116,0.8813557013506663
44,F,iid,reported_cancelled,4,third,135,160,0.84375,135,0.84375,0.7795120049086997,0.8918687359108906,0.7795120049086997,0.8918687359108906
44,F,iid,reported_completed,-3,first,150,160,0.9375,150,0.9375,0.8887842459710525,0.9657003332538804,0.8887842459710525,0.9657003332538804
44,F,iid,reported_completed,-3,third,152,160,0.95,152,0.95,0.9044490208244798,0.9744494035211655,0.9044490208244798,0.9744494035211655
44,F,iid,reported_completed,-2,first,151,160,0.94375,151,0.94375,0.8965638035410534,0.9701276982442358,0.8965638035410534,0.9701276982442358
44,F,iid,reported_completed,-2,third,150,160,0.9375,150,0.9375,0.8887842459710525,0.9657003332538804,0.8887842459710525,0.9657003332538804
44,F,iid,reported_completed,-1,first,160,160,1.0,160,1.0,0.9765538048284949,1,0.9765538048284949,1
44,F,iid,reported_completed,-1,third,160,160,1.0,160,1.0,0.9765538048284949,1,0.9765538048284949,1
44,F,iid,reported_completed,0,first,160,160,1.0,160,1.0,0.9765538048284949,1,0.9765538048284949,1
44,F,iid,reported_completed,0,third,160,160,1.0,160,1.0,0.9765538048284949,1,0.9765538048284949,1
44,F,template_ood,recorded_plan,-3,first,160,160,1.0,160,1.0,0.9765538048284949,1,0.9765538048284949,1
44,F,template_ood,recorded_plan,-3,third,160,160,1.0,160,1.0,0.9765538048284949,1,0.9765538048284949,1
44,F,template_ood,recorded_plan,-2,first,156,160,0.975,156,0.975,0.9374901071333326,0.9902360074537375,0.9374901071333326,0.9902360074537375
44,F,template_ood,recorded_plan,-2,third,156,160,0.975,156,0.975,0.9374901071333326,0.9902360074537375,0.9374901071333326,0.9902360074537375
44,F,template_ood,recorded_plan,-1,first,120,160,0.75,120,0.75,0.6775763046904398,0.8107005977238076,0.6775763046904398,0.8107005977238076
44,F,template_ood,recorded_plan,-1,third,111,160,0.69375,111,0.69375,0.6184822211553903,0.7599323782156514,0.6184822211553903,0.7599323782156514
44,F,template_ood,recorded_plan,0,first,160,160,1.0,160,1.0,0.9765538048284949,1,0.9765538048284949,1
44,F,template_ood,recorded_plan,0,third,160,160,1.0,160,1.0,0.9765538048284949,1,0.9765538048284949,1
44,F,template_ood,recorded_plan,1,first,160,160,1.0,160,1.0,0.9765538048284949,1,0.9765538048284949,1
44,F,template_ood,recorded_plan,1,third,160,160,1.0,160,1.0,0.9765538048284949,1,0.9765538048284949,1
44,F,template_ood,recorded_plan,2,first,2,160,0.0125,2,0.0125,0.0034346711081265323,0.044425369184091026,0.0034346711081265323,0.044425369184091026
44,F,template_ood,recorded_plan,2,third,0,160,0.0,0,0.0,0,0.02344619517150519,0,0.02344619517150519
44,F,template_ood,recorded_plan,3,first,160,160,1.0,160,1.0,0.9765538048284949,1,0.9765538048284949,1
44,F,template_ood,recorded_plan,3,third,157,160,0.98125,157,0.98125,0.9463298879006856,0.9936031492467405,0.9463298879006856,0.9936031492467405
44,F,template_ood,recorded_plan,4,first,120,160,0.75,120,0.75,0.6775763046904398,0.8107005977238076,0.6775763046904398,0.8107005977238076
44,F,template_ood,recorded_plan,4,third,118,160,0.7375,118,0.7375,0.6643294227646624,0.7995336345288727,0.6643294227646624,0.7995336345288727
44,F,template_ood,reported_cancelled,-3,first,160,160,1.0,160,1.0,0.9765538048284949,1,0.9765538048284949,1
44,F,template_ood,reported_cancelled,-3,third,159,160,0.99375,159,0.99375,0.965451014037521,0.9988958682306179,0.965451014037521,0.9988958682306179
44,F,template_ood,reported_cancelled,-2,first,160,160,1.0,160,1.0,0.9765538048284949,1,0.9765538048284949,1
44,F,template_ood,reported_cancelled,-2,third,158,160,0.9875,158,0.9875,0.9555746308159091,0.9965653288918735,0.9555746308159091,0.9965653288918735
44,F,template_ood,reported_cancelled,-1,first,120,160,0.75,120,0.75,0.6775763046904398,0.8107005977238076,0.6775763046904398,0.8107005977238076
44,F,template_ood,reported_cancelled,-1,third,119,160,0.74375,119,0.74375,0.6709441826005733,0.8051257972533179,0.6709441826005733,0.8051257972533179
44,F,template_ood,reported_cancelled,0,first,160,160,1.0,160,1.0,0.9765538048284949,1,0.9765538048284949,1
44,F,template_ood,reported_cancelled,0,third,160,160,1.0,160,1.0,0.9765538048284949,1,0.9765538048284949,1
44,F,template_ood,reported_cancelled,1,first,160,160,1.0,160,1.0,0.9765538048284949,1,0.9765538048284949,1
44,F,template_ood,reported_cancelled,1,third,160,160,1.0,160,1.0,0.9765538048284949,1,0.9765538048284949,1
44,F,template_ood,reported_cancelled,2,first,7,160,0.04375,7,0.04375,0.02135161155153454,0.08754304154246395,0.02135161155153454,0.08754304154246395
44,F,template_ood,reported_cancelled,2,third,0,160,0.0,0,0.0,0,0.02344619517150519,0,0.02344619517150519
44,F,template_ood,reported_cancelled,3,first,160,160,1.0,160,1.0,0.9765538048284949,1,0.9765538048284949,1
44,F,template_ood,reported_cancelled,3,third,159,160,0.99375,159,0.99375,0.965451014037521,0.9988958682306179,0.965451014037521,0.9988958682306179
44,F,template_ood,reported_cancelled,4,first,120,160,0.75,120,0.75,0.6775763046904398,0.8107005977238076,0.6775763046904398,0.8107005977238076
44,F,template_ood,reported_cancelled,4,third,120,160,0.75,120,0.75,0.6775763046904398,0.8107005977238076,0.6775763046904398,0.8107005977238076
44,F,template_ood,reported_completed,-3,first,160,160,1.0,160,1.0,0.9765538048284949,1,0.9765538048284949,1
44,F,template_ood,reported_completed,-3,third,153,160,0.95625,153,0.95625,0.9124569584575362,0.9786483884484656,0.9124569584575362,0.9786483884484656
44,F,template_ood,reported_completed,-2,first,129,160,0.80625,129,0.80625,0.738126102390117,0.8600131030673362,0.738126102390117,0.8600131030673362
44,F,template_ood,reported_completed,-2,third,123,160,0.76875,123,0.76875,0.6975811590318565,0.8273165110634596,0.6975811590318565,0.8273165110634596
44,F,template_ood,reported_completed,-1,first,111,160,0.69375,111,0.69375,0.6184822211553903,0.7599323782156514,0.6184822211553903,0.7599323782156514
44,F,template_ood,reported_completed,-1,third,91,160,0.56875,91,0.56875,0.4912873839652816,0.6429887641986365,0.4912873839652816,0.6429887641986365
44,F,template_ood,reported_completed,0,first,160,160,1.0,160,1.0,0.9765538048284949,1,0.9765538048284949,1
44,F,template_ood,reported_completed,0,third,160,160,1.0,160,1.0,0.9765538048284949,1,0.9765538048284949,1
44,N,iid,recorded_plan,-3,first,160,160,1.0,160,1.0,0.9765538048284949,1,0.9765538048284949,1
44,N,iid,recorded_plan,-3,third,160,160,1.0,160,1.0,0.9765538048284949,1,0.9765538048284949,1
44,N,iid,recorded_plan,-2,first,160,160,1.0,160,1.0,0.9765538048284949,1,0.9765538048284949,1
44,N,iid,recorded_plan,-2,third,160,160,1.0,160,1.0,0.9765538048284949,1,0.9765538048284949,1
44,N,iid,recorded_plan,-1,first,160,160,1.0,160,1.0,0.9765538048284949,1,0.9765538048284949,1
44,N,iid,recorded_plan,-1,third,160,160,1.0,160,1.0,0.9765538048284949,1,0.9765538048284949,1
44,N,iid,recorded_plan,0,first,160,160,1.0,160,1.0,0.9765538048284949,1,0.9765538048284949,1
44,N,iid,recorded_plan,0,third,160,160,1.0,160,1.0,0.9765538048284949,1,0.9765538048284949,1
44,N,iid,recorded_plan,1,first,160,160,1.0,160,1.0,0.9765538048284949,1,0.9765538048284949,1
44,N,iid,recorded_plan,1,third,160,160,1.0,160,1.0,0.9765538048284949,1,0.9765538048284949,1
44,N,iid,recorded_plan,2,first,160,160,1.0,160,1.0,0.9765538048284949,1,0.9765538048284949,1
44,N,iid,recorded_plan,2,third,160,160,1.0,160,1.0,0.9765538048284949,1,0.9765538048284949,1
44,N,iid,recorded_plan,3,first,160,160,1.0,160,1.0,0.9765538048284949,1,0.9765538048284949,1
44,N,iid,recorded_plan,3,third,160,160,1.0,160,1.0,0.9765538048284949,1,0.9765538048284949,1
44,N,iid,recorded_plan,4,first,160,160,1.0,160,1.0,0.9765538048284949,1,0.9765538048284949,1
44,N,iid,recorded_plan,4,third,160,160,1.0,160,1.0,0.9765538048284949,1,0.9765538048284949,1
44,N,iid,reported_cancelled,-3,first,160,160,1.0,160,1.0,0.9765538048284949,1,0.9765538048284949,1
44,N,iid,reported_cancelled,-3,third,160,160,1.0,160,1.0,0.9765538048284949,1,0.9765538048284949,1
44,N,iid,reported_cancelled,-2,first,160,160,1.0,160,1.0,0.9765538048284949,1,0.9765538048284949,1
44,N,iid,reported_cancelled,-2,third,160,160,1.0,160,1.0,0.9765538048284949,1,0.9765538048284949,1
44,N,iid,reported_cancelled,-1,first,160,160,1.0,160,1.0,0.9765538048284949,1,0.9765538048284949,1
44,N,iid,reported_cancelled,-1,third,160,160,1.0,160,1.0,0.9765538048284949,1,0.9765538048284949,1
44,N,iid,reported_cancelled,0,first,160,160,1.0,160,1.0,0.9765538048284949,1,0.9765538048284949,1
44,N,iid,reported_cancelled,0,third,160,160,1.0,160,1.0,0.9765538048284949,1,0.9765538048284949,1
44,N,iid,reported_cancelled,1,first,160,160,1.0,160,1.0,0.9765538048284949,1,0.9765538048284949,1
44,N,iid,reported_cancelled,1,third,160,160,1.0,160,1.0,0.9765538048284949,1,0.9765538048284949,1
44,N,iid,reported_cancelled,2,first,160,160,1.0,160,1.0,0.9765538048284949,1,0.9765538048284949,1
44,N,iid,reported_cancelled,2,third,160,160,1.0,160,1.0,0.9765538048284949,1,0.9765538048284949,1
44,N,iid,reported_cancelled,3,first,160,160,1.0,160,1.0,0.9765538048284949,1,0.9765538048284949,1
44,N,iid,reported_cancelled,3,third,160,160,1.0,160,1.0,0.9765538048284949,1,0.9765538048284949,1
44,N,iid,reported_cancelled,4,first,160,160,1.0,160,1.0,0.9765538048284949,1,0.9765538048284949,1
44,N,iid,reported_cancelled,4,third,160,160,1.0,160,1.0,0.9765538048284949,1,0.9765538048284949,1
44,N,iid,reported_completed,-3,first,160,160,1.0,160,1.0,0.9765538048284949,1,0.9765538048284949,1
44,N,iid,reported_completed,-3,third,160,160,1.0,160,1.0,0.9765538048284949,1,0.9765538048284949,1
44,N,iid,reported_completed,-2,first,160,160,1.0,160,1.0,0.9765538048284949,1,0.9765538048284949,1
44,N,iid,reported_completed,-2,third,160,160,1.0,160,1.0,0.9765538048284949,1,0.9765538048284949,1
44,N,iid,reported_completed,-1,first,160,160,1.0,160,1.0,0.9765538048284949,1,0.9765538048284949,1
44,N,iid,reported_completed,-1,third,160,160,1.0,160,1.0,0.9765538048284949,1,0.9765538048284949,1
44,N,iid,reported_completed,0,first,160,160,1.0,160,1.0,0.9765538048284949,1,0.9765538048284949,1
44,N,iid,reported_completed,0,third,160,160,1.0,160,1.0,0.9765538048284949,1,0.9765538048284949,1
44,N,template_ood,recorded_plan,-3,first,160,160,1.0,160,1.0,0.9765538048284949,1,0.9765538048284949,1
44,N,template_ood,recorded_plan,-3,third,160,160,1.0,160,1.0,0.9765538048284949,1,0.9765538048284949,1
44,N,template_ood,recorded_plan,-2,first,160,160,1.0,160,1.0,0.9765538048284949,1,0.9765538048284949,1
44,N,template_ood,recorded_plan,-2,third,160,160,1.0,160,1.0,0.9765538048284949,1,0.9765538048284949,1
44,N,template_ood,recorded_plan,-1,first,160,160,1.0,160,1.0,0.9765538048284949,1,0.9765538048284949,1
44,N,template_ood,recorded_plan,-1,third,160,160,1.0,160,1.0,0.9765538048284949,1,0.9765538048284949,1
44,N,template_ood,recorded_plan,0,first,160,160,1.0,160,1.0,0.9765538048284949,1,0.9765538048284949,1
44,N,template_ood,recorded_plan,0,third,160,160,1.0,160,1.0,0.9765538048284949,1,0.9765538048284949,1
44,N,template_ood,recorded_plan,1,first,160,160,1.0,160,1.0,0.9765538048284949,1,0.9765538048284949,1
44,N,template_ood,recorded_plan,1,third,160,160,1.0,160,1.0,0.9765538048284949,1,0.9765538048284949,1
44,N,template_ood,recorded_plan,2,first,160,160,1.0,160,1.0,0.9765538048284949,1,0.9765538048284949,1
44,N,template_ood,recorded_plan,2,third,160,160,1.0,160,1.0,0.9765538048284949,1,0.9765538048284949,1
44,N,template_ood,recorded_plan,3,first,160,160,1.0,160,1.0,0.9765538048284949,1,0.9765538048284949,1
44,N,template_ood,recorded_plan,3,third,160,160,1.0,160,1.0,0.9765538048284949,1,0.9765538048284949,1
44,N,template_ood,recorded_plan,4,first,159,160,0.99375,159,0.99375,0.965451014037521,0.9988958682306179,0.965451014037521,0.9988958682306179
44,N,template_ood,recorded_plan,4,third,159,160,0.99375,159,0.99375,0.965451014037521,0.9988958682306179,0.965451014037521,0.9988958682306179
44,N,template_ood,reported_cancelled,-3,first,160,160,1.0,160,1.0,0.9765538048284949,1,0.9765538048284949,1
44,N,template_ood,reported_cancelled,-3,third,160,160,1.0,160,1.0,0.9765538048284949,1,0.9765538048284949,1
44,N,template_ood,reported_cancelled,-2,first,160,160,1.0,160,1.0,0.9765538048284949,1,0.9765538048284949,1
44,N,template_ood,reported_cancelled,-2,third,160,160,1.0,160,1.0,0.9765538048284949,1,0.9765538048284949,1
44,N,template_ood,reported_cancelled,-1,first,160,160,1.0,160,1.0,0.9765538048284949,1,0.9765538048284949,1
44,N,template_ood,reported_cancelled,-1,third,160,160,1.0,160,1.0,0.9765538048284949,1,0.9765538048284949,1
44,N,template_ood,reported_cancelled,0,first,160,160,1.0,160,1.0,0.9765538048284949,1,0.9765538048284949,1
44,N,template_ood,reported_cancelled,0,third,160,160,1.0,160,1.0,0.9765538048284949,1,0.9765538048284949,1
44,N,template_ood,reported_cancelled,1,first,160,160,1.0,160,1.0,0.9765538048284949,1,0.9765538048284949,1
44,N,template_ood,reported_cancelled,1,third,160,160,1.0,160,1.0,0.9765538048284949,1,0.9765538048284949,1
44,N,template_ood,reported_cancelled,2,first,160,160,1.0,160,1.0,0.9765538048284949,1,0.9765538048284949,1
44,N,template_ood,reported_cancelled,2,third,160,160,1.0,160,1.0,0.9765538048284949,1,0.9765538048284949,1
44,N,template_ood,reported_cancelled,3,first,160,160,1.0,160,1.0,0.9765538048284949,1,0.9765538048284949,1
44,N,template_ood,reported_cancelled,3,third,160,160,1.0,160,1.0,0.9765538048284949,1,0.9765538048284949,1
44,N,template_ood,reported_cancelled,4,first,160,160,1.0,160,1.0,0.9765538048284949,1,0.9765538048284949,1
44,N,template_ood,reported_cancelled,4,third,160,160,1.0,160,1.0,0.9765538048284949,1,0.9765538048284949,1
44,N,template_ood,reported_completed,-3,first,160,160,1.0,160,1.0,0.9765538048284949,1,0.9765538048284949,1
44,N,template_ood,reported_completed,-3,third,160,160,1.0,160,1.0,0.9765538048284949,1,0.9765538048284949,1
44,N,template_ood,reported_completed,-2,first,160,160,1.0,160,1.0,0.9765538048284949,1,0.9765538048284949,1
44,N,template_ood,reported_completed,-2,third,160,160,1.0,160,1.0,0.9765538048284949,1,0.9765538048284949,1
44,N,template_ood,reported_completed,-1,first,160,160,1.0,160,1.0,0.9765538048284949,1,0.9765538048284949,1
44,N,template_ood,reported_completed,-1,third,160,160,1.0,160,1.0,0.9765538048284949,1,0.9765538048284949,1
44,N,template_ood,reported_completed,0,first,160,160,1.0,160,1.0,0.9765538048284949,1,0.9765538048284949,1
44,N,template_ood,reported_completed,0,third,160,160,1.0,160,1.0,0.9765538048284949,1,0.9765538048284949,1
44,O,iid,recorded_plan,-3,first,159,160,0.99375,159,0.99375,0.965451014037521,0.9988958682306179,0.965451014037521,0.9988958682306179
44,O,iid,recorded_plan,-3,third,159,160,0.99375,159,0.99375,0.965451014037521,0.9988958682306179,0.965451014037521,0.9988958682306179
44,O,iid,recorded_plan,-2,first,149,160,0.93125,149,0.93125,0.8810970775754896,0.9611805790890873,0.8810970775754896,0.9611805790890873
44,O,iid,recorded_plan,-2,third,145,160,0.90625,145,0.90625,0.8510879733686995,0.9423619930544526,0.8510879733686995,0.9423619930544526
44,O,iid,recorded_plan,-1,first,160,160,1.0,160,1.0,0.9765538048284949,1,0.9765538048284949,1
44,O,iid,recorded_plan,-1,third,160,160,1.0,160,1.0,0.9765538048284949,1,0.9765538048284949,1
44,O,iid,recorded_plan,0,first,160,160,1.0,160,1.0,0.9765538048284949,1,0.9765538048284949,1
44,O,iid,recorded_plan,0,third,160,160,1.0,160,1.0,0.9765538048284949,1,0.9765538048284949,1
44,O,iid,recorded_plan,1,first,160,160,1.0,160,1.0,0.9765538048284949,1,0.9765538048284949,1
44,O,iid,recorded_plan,1,third,160,160,1.0,160,1.0,0.9765538048284949,1,0.9765538048284949,1
44,O,iid,recorded_plan,2,first,25,160,0.15625,25,0.15625,0.10813126408910952,0.22048799509130035,0.10813126408910952,0.22048799509130035
44,O,iid,recorded_plan,2,third,19,160,0.11875,19,0.11875,0.07735486800592348,0.17802285581234925,0.07735486800592348,0.17802285581234925
44,O,iid,recorded_plan,3,first,157,160,0.98125,157,0.98125,0.9463298879006856,0.9936031492467405,0.9463298879006856,0.9936031492467405
44,O,iid,recorded_plan,3,third,159,160,0.99375,159,0.99375,0.965451014037521,0.9988958682306179,0.965451014037521,0.9988958682306179
44,O,iid,recorded_plan,4,first,128,160,0.8,128,0.8,0.7313149744396211,0.8546173084574759,0.7313149744396211,0.8546173084574759
44,O,iid,recorded_plan,4,third,128,160,0.8,128,0.8,0.7313149744396211,0.8546173084574759,0.7313149744396211,0.8546173084574759
44,O,iid,reported_cancelled,-3,first,159,160,0.99375,159,0.99375,0.965451014037521,0.9988958682306179,0.965451014037521,0.9988958682306179
44,O,iid,reported_cancelled,-3,third,160,160,1.0,160,1.0,0.9765538048284949,1,0.9765538048284949,1
44,O,iid,reported_cancelled,-2,first,153,160,0.95625,153,0.95625,0.9124569584575362,0.9786483884484656,0.9124569584575362,0.9786483884484656
44,O,iid,reported_cancelled,-2,third,143,160,0.89375,143,0.89375,0.8364379048857311,0.9325982164167086,0.8364379048857311,0.9325982164167086
44,O,iid,reported_cancelled,-1,first,159,160,0.99375,159,0.99375,0.965451014037521,0.9988958682306179,0.965451014037521,0.9988958682306179
44,O,iid,reported_cancelled,-1,third,159,160,0.99375,159,0.99375,0.965451014037521,0.9988958682306179,0.965451014037521,0.9988958682306179
44,O,iid,reported_cancelled,0,first,160,160,1.0,160,1.0,0.9765538048284949,1,0.9765538048284949,1
44,O,iid,reported_cancelled,0,third,160,160,1.0,160,1.0,0.9765538048284949,1,0.9765538048284949,1
44,O,iid,reported_cancelled,1,first,160,160,1.0,160,1.0,0.9765538048284949,1,0.9765538048284949,1
44,O,iid,reported_cancelled,1,third,160,160,1.0,160,1.0,0.9765538048284949,1,0.9765538048284949,1
44,O,iid,reported_cancelled,2,first,18,160,0.1125,18,0.1125,0.07235633854421358,0.17081446271370296,0.07235633854421358,0.17081446271370296
44,O,iid,reported_cancelled,2,third,11,160,0.06875,11,0.06875,0.03881942091091279,0.11890292242451045,0.03881942091091279,0.11890292242451045
44,O,iid,reported_cancelled,3,first,160,160,1.0,160,1.0,0.9765538048284949,1,0.9765538048284949,1
44,O,iid,reported_cancelled,3,third,159,160,0.99375,159,0.99375,0.965451014037521,0.9988958682306179,0.965451014037521,0.9988958682306179
44,O,iid,reported_cancelled,4,first,128,160,0.8,128,0.8,0.7313149744396211,0.8546173084574759,0.7313149744396211,0.8546173084574759
44,O,iid,reported_cancelled,4,third,130,160,0.8125,130,0.8125,0.7449603968476121,0.8653857311701972,0.7449603968476121,0.8653857311701972
44,O,iid,reported_completed,-3,first,150,160,0.9375,150,0.9375,0.8887842459710525,0.9657003332538804,0.8887842459710525,0.9657003332538804
44,O,iid,reported_completed,-3,third,151,160,0.94375,151,0.94375,0.8965638035410534,0.9701276982442358,0.8965638035410534,0.9701276982442358
44,O,iid,reported_completed,-2,first,141,160,0.88125,141,0.88125,0.8219771441876508,0.9226451319940766,0.8219771441876508,0.9226451319940766
44,O,iid,reported_completed,-2,third,143,160,0.89375,143,0.89375,0.8364379048857311,0.9325982164167086,0.8364379048857311,0.9325982164167086
44,O,iid,reported_completed,-1,first,159,160,0.99375,159,0.99375,0.965451014037521,0.9988958682306179,0.965451014037521,0.9988958682306179
44,O,iid,reported_completed,-1,third,160,160,1.0,160,1.0,0.9765538048284949,1,0.9765538048284949,1
44,O,iid,reported_completed,0,first,160,160,1.0,160,1.0,0.9765538048284949,1,0.9765538048284949,1
44,O,iid,reported_completed,0,third,160,160,1.0,160,1.0,0.9765538048284949,1,0.9765538048284949,1
44,O,template_ood,recorded_plan,-3,first,160,160,1.0,160,1.0,0.9765538048284949,1,0.9765538048284949,1
44,O,template_ood,recorded_plan,-3,third,159,160,0.99375,159,0.99375,0.965451014037521,0.9988958682306179,0.965451014037521,0.9988958682306179
44,O,template_ood,recorded_plan,-2,first,145,160,0.90625,145,0.90625,0.8510879733686995,0.9423619930544526,0.8510879733686995,0.9423619930544526
44,O,template_ood,recorded_plan,-2,third,133,160,0.83125,133,0.83125,0.7656111943482116,0.8813557013506663,0.7656111943482116,0.8813557013506663
44,O,template_ood,recorded_plan,-1,first,109,160,0.68125,109,0.68125,0.6055205622024138,0.7484801920479156,0.6055205622024138,0.7484801920479156
44,O,template_ood,recorded_plan,-1,third,90,160,0.5625,90,0.5625,0.4850602128197586,0.6370090127838032,0.4850602128197586,0.6370090127838032
44,O,template_ood,recorded_plan,0,first,160,160,1.0,160,1.0,0.9765538048284949,1,0.9765538048284949,1
44,O,template_ood,recorded_plan,0,third,160,160,1.0,160,1.0,0.9765538048284949,1,0.9765538048284949,1
44,O,template_ood,recorded_plan,1,first,160,160,1.0,160,1.0,0.9765538048284949,1,0.9765538048284949,1
44,O,template_ood,recorded_plan,1,third,160,160,1.0,160,1.0,0.9765538048284949,1,0.9765538048284949,1
44,O,template_ood,recorded_plan,2,first,0,160,0.0,0,0.0,0,0.02344619517150519,0,0.02344619517150519
44,O,template_ood,recorded_plan,2,third,0,160,0.0,0,0.0,0,0.02344619517150519,0,0.02344619517150519
44,O,template_ood,recorded_plan,3,first,154,160,0.9625,154,0.9625,0.9206101926328578,0.9827020768335,0.9206101926328578,0.9827020768335
44,O,template_ood,recorded_plan,3,third,147,160,0.91875,147,0.91875,0.8659596262286716,0.9519041853151927,0.8659596262286716,0.9519041853151927
44,O,template_ood,recorded_plan,4,first,117,160,0.73125,117,0.73125,0.6577316340908198,0.7939245006423591,0.6577316340908198,0.7939245006423591
44,O,template_ood,recorded_plan,4,third,117,160,0.73125,117,0.73125,0.6577316340908198,0.7939245006423591,0.6577316340908198,0.7939245006423591
44,O,template_ood,reported_cancelled,-3,first,158,160,0.9875,158,0.9875,0.9555746308159091,0.9965653288918735,0.9555746308159091,0.9965653288918735
44,O,template_ood,reported_cancelled,-3,third,152,160,0.95,152,0.95,0.9044490208244798,0.9744494035211655,0.9044490208244798,0.9744494035211655
44,O,template_ood,reported_cancelled,-2,first,158,160,0.9875,158,0.9875,0.9555746308159091,0.9965653288918735,0.9555746308159091,0.9965653288918735
44,O,template_ood,reported_cancelled,-2,third,145,160,0.90625,145,0.90625,0.8510879733686995,0.9423619930544526,0.8510879733686995,0.9423619930544526
44,O,template_ood,reported_cancelled,-1,first,119,160,0.74375,119,0.74375,0.6709441826005733,0.8051257972533179,0.6709441826005733,0.8051257972533179
44,O,template_ood,reported_cancelled,-1,third,115,160,0.71875,115,0.71875,0.6445855244726805,0.7826567651397861,0.6445855244726805,0.7826567651397861
44,O,template_ood,reported_cancelled,0,first,160,160,1.0,160,1.0,0.9765538048284949,1,0.9765538048284949,1
44,O,template_ood,reported_cancelled,0,third,160,160,1.0,160,1.0,0.9765538048284949,1,0.9765538048284949,1
44,O,template_ood,reported_cancelled,1,first,160,160,1.0,160,1.0,0.9765538048284949,1,0.9765538048284949,1
44,O,template_ood,reported_cancelled,1,third,160,160,1.0,160,1.0,0.9765538048284949,1,0.9765538048284949,1
44,O,template_ood,reported_cancelled,2,first,0,160,0.0,0,0.0,0,0.02344619517150519,0,0.02344619517150519
44,O,template_ood,reported_cancelled,2,third,0,160,0.0,0,0.0,0,0.02344619517150519,0,0.02344619517150519
44,O,template_ood,reported_cancelled,3,first,157,160,0.98125,157,0.98125,0.9463298879006856,0.9936031492467405,0.9463298879006856,0.9936031492467405
44,O,template_ood,reported_cancelled,3,third,154,160,0.9625,154,0.9625,0.9206101926328578,0.9827020768335,0.9206101926328578,0.9827020768335
44,O,template_ood,reported_cancelled,4,first,119,160,0.74375,119,0.74375,0.6709441826005733,0.8051257972533179,0.6709441826005733,0.8051257972533179
44,O,template_ood,reported_cancelled,4,third,119,160,0.74375,119,0.74375,0.6709441826005733,0.8051257972533179,0.6709441826005733,0.8051257972533179
44,O,template_ood,reported_completed,-3,first,157,160,0.98125,157,0.98125,0.9463298879006856,0.9936031492467405,0.9463298879006856,0.9936031492467405
44,O,template_ood,reported_completed,-3,third,136,160,0.85,136,0.85,0.7865061198301088,0.8970815435498377,0.7865061198301088,0.8970815435498377
44,O,template_ood,reported_completed,-2,first,124,160,0.775,124,0.775,0.7042871956457765,0.8328173970098957,0.7042871956457765,0.8328173970098957
44,O,template_ood,reported_completed,-2,third,111,160,0.69375,111,0.69375,0.6184822211553903,0.7599323782156514,0.6184822211553903,0.7599323782156514
44,O,template_ood,reported_completed,-1,first,91,160,0.56875,91,0.56875,0.4912873839652816,0.6429887641986365,0.4912873839652816,0.6429887641986365
44,O,template_ood,reported_completed,-1,third,80,160,0.5,80,0.5,0.4234392476991226,0.5765607523008773,0.4234392476991226,0.5765607523008773
44,O,template_ood,reported_completed,0,first,160,160,1.0,160,1.0,0.9765538048284949,1,0.9765538048284949,1
44,O,template_ood,reported_completed,0,third,160,160,1.0,160,1.0,0.9765538048284949,1,0.9765538048284949,1
44,P,iid,recorded_plan,-3,first,160,160,1.0,160,1.0,0.9765538048284949,1,0.9765538048284949,1
44,P,iid,recorded_plan,-3,third,160,160,1.0,160,1.0,0.9765538048284949,1,0.9765538048284949,1
44,P,iid,recorded_plan,-2,first,160,160,1.0,160,1.0,0.9765538048284949,1,0.9765538048284949,1
44,P,iid,recorded_plan,-2,third,160,160,1.0,160,1.0,0.9765538048284949,1,0.9765538048284949,1
44,P,iid,recorded_plan,-1,first,160,160,1.0,160,1.0,0.9765538048284949,1,0.9765538048284949,1
44,P,iid,recorded_plan,-1,third,160,160,1.0,160,1.0,0.9765538048284949,1,0.9765538048284949,1
44,P,iid,recorded_plan,0,first,160,160,1.0,160,1.0,0.9765538048284949,1,0.9765538048284949,1
44,P,iid,recorded_plan,0,third,160,160,1.0,160,1.0,0.9765538048284949,1,0.9765538048284949,1
44,P,iid,recorded_plan,1,first,160,160,1.0,160,1.0,0.9765538048284949,1,0.9765538048284949,1
44,P,iid,recorded_plan,1,third,160,160,1.0,160,1.0,0.9765538048284949,1,0.9765538048284949,1
44,P,iid,recorded_plan,2,first,160,160,1.0,160,1.0,0.9765538048284949,1,0.9765538048284949,1
44,P,iid,recorded_plan,2,third,160,160,1.0,160,1.0,0.9765538048284949,1,0.9765538048284949,1
44,P,iid,recorded_plan,3,first,160,160,1.0,160,1.0,0.9765538048284949,1,0.9765538048284949,1
44,P,iid,recorded_plan,3,third,160,160,1.0,160,1.0,0.9765538048284949,1,0.9765538048284949,1
44,P,iid,recorded_plan,4,first,160,160,1.0,160,1.0,0.9765538048284949,1,0.9765538048284949,1
44,P,iid,recorded_plan,4,third,160,160,1.0,160,1.0,0.9765538048284949,1,0.9765538048284949,1
44,P,iid,reported_cancelled,-3,first,160,160,1.0,160,1.0,0.9765538048284949,1,0.9765538048284949,1
44,P,iid,reported_cancelled,-3,third,160,160,1.0,160,1.0,0.9765538048284949,1,0.9765538048284949,1
44,P,iid,reported_cancelled,-2,first,160,160,1.0,160,1.0,0.9765538048284949,1,0.9765538048284949,1
44,P,iid,reported_cancelled,-2,third,160,160,1.0,160,1.0,0.9765538048284949,1,0.9765538048284949,1
44,P,iid,reported_cancelled,-1,first,160,160,1.0,160,1.0,0.9765538048284949,1,0.9765538048284949,1
44,P,iid,reported_cancelled,-1,third,160,160,1.0,160,1.0,0.9765538048284949,1,0.9765538048284949,1
44,P,iid,reported_cancelled,0,first,160,160,1.0,160,1.0,0.9765538048284949,1,0.9765538048284949,1
44,P,iid,reported_cancelled,0,third,160,160,1.0,160,1.0,0.9765538048284949,1,0.9765538048284949,1
44,P,iid,reported_cancelled,1,first,160,160,1.0,160,1.0,0.9765538048284949,1,0.9765538048284949,1
44,P,iid,reported_cancelled,1,third,160,160,1.0,160,1.0,0.9765538048284949,1,0.9765538048284949,1
44,P,iid,reported_cancelled,2,first,160,160,1.0,160,1.0,0.9765538048284949,1,0.9765538048284949,1
44,P,iid,reported_cancelled,2,third,160,160,1.0,160,1.0,0.9765538048284949,1,0.9765538048284949,1
44,P,iid,reported_cancelled,3,first,160,160,1.0,160,1.0,0.9765538048284949,1,0.9765538048284949,1
44,P,iid,reported_cancelled,3,third,160,160,1.0,160,1.0,0.9765538048284949,1,0.9765538048284949,1
44,P,iid,reported_cancelled,4,first,160,160,1.0,160,1.0,0.9765538048284949,1,0.9765538048284949,1
44,P,iid,reported_cancelled,4,third,160,160,1.0,160,1.0,0.9765538048284949,1,0.9765538048284949,1
44,P,iid,reported_completed,-3,first,160,160,1.0,160,1.0,0.9765538048284949,1,0.9765538048284949,1
44,P,iid,reported_completed,-3,third,160,160,1.0,160,1.0,0.9765538048284949,1,0.9765538048284949,1
44,P,iid,reported_completed,-2,first,160,160,1.0,160,1.0,0.9765538048284949,1,0.9765538048284949,1
44,P,iid,reported_completed,-2,third,160,160,1.0,160,1.0,0.9765538048284949,1,0.9765538048284949,1
44,P,iid,reported_completed,-1,first,160,160,1.0,160,1.0,0.9765538048284949,1,0.9765538048284949,1
44,P,iid,reported_completed,-1,third,160,160,1.0,160,1.0,0.9765538048284949,1,0.9765538048284949,1
44,P,iid,reported_completed,0,first,160,160,1.0,160,1.0,0.9765538048284949,1,0.9765538048284949,1
44,P,iid,reported_completed,0,third,160,160,1.0,160,1.0,0.9765538048284949,1,0.9765538048284949,1
44,P,template_ood,recorded_plan,-3,first,160,160,1.0,160,1.0,0.9765538048284949,1,0.9765538048284949,1
44,P,template_ood,recorded_plan,-3,third,160,160,1.0,160,1.0,0.9765538048284949,1,0.9765538048284949,1
44,P,template_ood,recorded_plan,-2,first,160,160,1.0,160,1.0,0.9765538048284949,1,0.9765538048284949,1
44,P,template_ood,recorded_plan,-2,third,160,160,1.0,160,1.0,0.9765538048284949,1,0.9765538048284949,1
44,P,template_ood,recorded_plan,-1,first,154,160,0.9625,154,0.9625,0.9206101926328578,0.9827020768335,0.9206101926328578,0.9827020768335
44,P,template_ood,recorded_plan,-1,third,150,160,0.9375,150,0.9375,0.8887842459710525,0.9657003332538804,0.8887842459710525,0.9657003332538804
44,P,template_ood,recorded_plan,0,first,160,160,1.0,160,1.0,0.9765538048284949,1,0.9765538048284949,1
44,P,template_ood,recorded_plan,0,third,160,160,1.0,160,1.0,0.9765538048284949,1,0.9765538048284949,1
44,P,template_ood,recorded_plan,1,first,160,160,1.0,160,1.0,0.9765538048284949,1,0.9765538048284949,1
44,P,template_ood,recorded_plan,1,third,160,160,1.0,160,1.0,0.9765538048284949,1,0.9765538048284949,1
44,P,template_ood,recorded_plan,2,first,149,160,0.93125,149,0.93125,0.8810970775754896,0.9611805790890873,0.8810970775754896,0.9611805790890873
44,P,template_ood,recorded_plan,2,third,151,160,0.94375,151,0.94375,0.8965638035410534,0.9701276982442358,0.8965638035410534,0.9701276982442358
44,P,template_ood,recorded_plan,3,first,160,160,1.0,160,1.0,0.9765538048284949,1,0.9765538048284949,1
44,P,template_ood,recorded_plan,3,third,160,160,1.0,160,1.0,0.9765538048284949,1,0.9765538048284949,1
44,P,template_ood,recorded_plan,4,first,159,160,0.99375,159,0.99375,0.965451014037521,0.9988958682306179,0.965451014037521,0.9988958682306179
44,P,template_ood,recorded_plan,4,third,157,160,0.98125,157,0.98125,0.9463298879006856,0.9936031492467405,0.9463298879006856,0.9936031492467405
44,P,template_ood,reported_cancelled,-3,first,160,160,1.0,160,1.0,0.9765538048284949,1,0.9765538048284949,1
44,P,template_ood,reported_cancelled,-3,third,160,160,1.0,160,1.0,0.9765538048284949,1,0.9765538048284949,1
44,P,template_ood,reported_cancelled,-2,first,160,160,1.0,160,1.0,0.9765538048284949,1,0.9765538048284949,1
44,P,template_ood,reported_cancelled,-2,third,160,160,1.0,160,1.0,0.9765538048284949,1,0.9765538048284949,1
44,P,template_ood,reported_cancelled,-1,first,141,160,0.88125,141,0.88125,0.8219771441876508,0.9226451319940766,0.8219771441876508,0.9226451319940766
44,P,template_ood,reported_cancelled,-1,third,142,160,0.8875,142,0.8875,0.8291855372862971,0.9276436614557864,0.8291855372862971,0.9276436614557864
44,P,template_ood,reported_cancelled,0,first,160,160,1.0,160,1.0,0.9765538048284949,1,0.9765538048284949,1
44,P,template_ood,reported_cancelled,0,third,160,160,1.0,160,1.0,0.9765538048284949,1,0.9765538048284949,1
44,P,template_ood,reported_cancelled,1,first,160,160,1.0,160,1.0,0.9765538048284949,1,0.9765538048284949,1
44,P,template_ood,reported_cancelled,1,third,160,160,1.0,160,1.0,0.9765538048284949,1,0.9765538048284949,1
44,P,template_ood,reported_cancelled,2,first,157,160,0.98125,157,0.98125,0.9463298879006856,0.9936031492467405,0.9463298879006856,0.9936031492467405
44,P,template_ood,reported_cancelled,2,third,155,160,0.96875,155,0.96875,0.9289397087143583,0.9865794833123556,0.9289397087143583,0.9865794833123556
44,P,template_ood,reported_cancelled,3,first,160,160,1.0,160,1.0,0.9765538048284949,1,0.9765538048284949,1
44,P,template_ood,reported_cancelled,3,third,160,160,1.0,160,1.0,0.9765538048284949,1,0.9765538048284949,1
44,P,template_ood,reported_cancelled,4,first,160,160,1.0,160,1.0,0.9765538048284949,1,0.9765538048284949,1
44,P,template_ood,reported_cancelled,4,third,160,160,1.0,160,1.0,0.9765538048284949,1,0.9765538048284949,1
44,P,template_ood,reported_completed,-3,first,160,160,1.0,160,1.0,0.9765538048284949,1,0.9765538048284949,1
44,P,template_ood,reported_completed,-3,third,160,160,1.0,160,1.0,0.9765538048284949,1,0.9765538048284949,1
44,P,template_ood,reported_completed,-2,first,160,160,1.0,160,1.0,0.9765538048284949,1,0.9765538048284949,1
44,P,template_ood,reported_completed,-2,third,160,160,1.0,160,1.0,0.9765538048284949,1,0.9765538048284949,1
44,P,template_ood,reported_completed,-1,first,160,160,1.0,160,1.0,0.9765538048284949,1,0.9765538048284949,1
44,P,template_ood,reported_completed,-1,third,160,160,1.0,160,1.0,0.9765538048284949,1,0.9765538048284949,1
44,P,template_ood,reported_completed,0,first,160,160,1.0,160,1.0,0.9765538048284949,1,0.9765538048284949,1
44,P,template_ood,reported_completed,0,third,160,160,1.0,160,1.0,0.9765538048284949,1,0.9765538048284949,1
