seed,method,step,split,atomic_macro,atomic_cells,old_all3,old_n,old_sources,seen_A,seen_D,seen_D_full,seen_D_current_wrong,nll,U_used,G_today_used
42,N,0,train,1.0,"{""('recorded_plan', -3, 'first')"": 1.0, ""('recorded_plan', -3, 'third')"": 1.0, ""('recorded_plan', -2, 'first')"": 1.0, ""('recorded_plan', -2, 'third')"": 1.0, ""('recorded_plan', -1, 'first')"": 1.0, ""('recorded_plan', -1, 'third')"": 1.0, ""('recorded_plan', 0, 'first')"": 1.0, ""('recorded_plan', 0, 'third')"": 1.0, ""('recorded_plan', 1, 'first')"": 1.0, ""('recorded_plan', 1, 'third')"": 1.0, ""('recorded_plan', 2, 'first')"": 1.0, ""('recorded_plan', 2, 'third')"": 1.0, ""('recorded_plan', 3, 'first')"": 1.0, ""('recorded_plan', 3, 'third')"": 1.0, ""('recorded_plan', 4, 'first')"": 1.0, ""('recorded_plan', 4, 'third')"": 1.0, ""('reported_cancelled', -3, 'first')"": 1.0, ""('reported_cancelled', -3, 'third')"": 1.0, ""('reported_cancelled', -2, 'first')"": 1.0, ""('reported_cancelled', -2, 'third')"": 1.0, ""('reported_cancelled', -1, 'first')"": 1.0, ""('reported_cancelled', -1, 'third')"": 1.0, ""('reported_cancelled', 0, 'first')"": 1.0, ""('reported_cancelled', 0, 'third')"": 1.0, ""('reported_cancelled', 1, 'first')"": 1.0, ""('reported_cancelled', 1, 'third')"": 1.0, ""('reported_cancelled', 2, 'first')"": 1.0, ""('reported_cancelled', 2, 'third')"": 1.0, ""('reported_cancelled', 3, 'first')"": 1.0, ""('reported_cancelled', 3, 'third')"": 1.0, ""('reported_cancelled', 4, 'first')"": 1.0, ""('reported_cancelled', 4, 'third')"": 1.0, ""('reported_completed', -3, 'first')"": 1.0, ""('reported_completed', -3, 'third')"": 1.0, ""('reported_completed', -2, 'first')"": 1.0, ""('reported_completed', -2, 'third')"": 1.0, ""('reported_completed', -1, 'first')"": 1.0, ""('reported_completed', -1, 'third')"": 1.0, ""('reported_completed', 0, 'first')"": 1.0, ""('reported_completed', 0, 'third')"": 1.0}",1.0,32,"{""H0"": 1.0, ""H1"": 1.0, ""H2"": 1.0}",1.0,1.0,1.0,0,"{""atomic"": 0.0001254650387965295, ""old"": 4.9270248640749294e-05, ""seen_A"": 0.00021060994065529698, ""seen_D"": 8.891937288163757e-05}",False,False
42,N,0,dev,1.0,"{""('recorded_plan', -3, 'first')"": 1.0, ""('recorded_plan', -3, 'third')"": 1.0, ""('recorded_plan', -2, 'first')"": 1.0, ""('recorded_plan', -2, 'third')"": 1.0, ""('recorded_plan', -1, 'first')"": 1.0, ""('recorded_plan', -1, 'third')"": 1.0, ""('recorded_plan', 0, 'first')"": 1.0, ""('recorded_plan', 0, 'third')"": 1.0, ""('recorded_plan', 1, 'first')"": 1.0, ""('recorded_plan', 1, 'third')"": 1.0, ""('recorded_plan', 2, 'first')"": 1.0, ""('recorded_plan', 2, 'third')"": 1.0, ""('recorded_plan', 3, 'first')"": 1.0, ""('recorded_plan', 3, 'third')"": 1.0, ""('recorded_plan', 4, 'first')"": 1.0, ""('recorded_plan', 4, 'third')"": 1.0, ""('reported_cancelled', -3, 'first')"": 1.0, ""('reported_cancelled', -3, 'third')"": 1.0, ""('reported_cancelled', -2, 'first')"": 1.0, ""('reported_cancelled', -2, 'third')"": 1.0, ""('reported_cancelled', -1, 'first')"": 1.0, ""('reported_cancelled', -1, 'third')"": 1.0, ""('reported_cancelled', 0, 'first')"": 1.0, ""('reported_cancelled', 0, 'third')"": 1.0, ""('reported_cancelled', 1, 'first')"": 1.0, ""('reported_cancelled', 1, 'third')"": 1.0, ""('reported_cancelled', 2, 'first')"": 1.0, ""('reported_cancelled', 2, 'third')"": 1.0, ""('reported_cancelled', 3, 'first')"": 1.0, ""('reported_cancelled', 3, 'third')"": 1.0, ""('reported_cancelled', 4, 'first')"": 1.0, ""('reported_cancelled', 4, 'third')"": 1.0, ""('reported_completed', -3, 'first')"": 1.0, ""('reported_completed', -3, 'third')"": 1.0, ""('reported_completed', -2, 'first')"": 1.0, ""('reported_completed', -2, 'third')"": 1.0, ""('reported_completed', -1, 'first')"": 1.0, ""('reported_completed', -1, 'third')"": 1.0, ""('reported_completed', 0, 'first')"": 1.0, ""('reported_completed', 0, 'third')"": 1.0}",1.0,32,"{""H0"": 1.0, ""H1"": 1.0, ""H2"": 1.0}",1.0,1.0,1.0,0,"{""atomic"": 0.00013031389202080635, ""old"": 5.0088907948558594e-05, ""seen_A"": 0.00017916975489466405, ""seen_D"": 9.967678349307367e-05}",False,False
42,N,50,train,1.0,"{""('recorded_plan', -3, 'first')"": 1.0, ""('recorded_plan', -3, 'third')"": 1.0, ""('recorded_plan', -2, 'first')"": 1.0, ""('recorded_plan', -2, 'third')"": 1.0, ""('recorded_plan', -1, 'first')"": 1.0, ""('recorded_plan', -1, 'third')"": 1.0, ""('recorded_plan', 0, 'first')"": 1.0, ""('recorded_plan', 0, 'third')"": 1.0, ""('recorded_plan', 1, 'first')"": 1.0, ""('recorded_plan', 1, 'third')"": 1.0, ""('recorded_plan', 2, 'first')"": 1.0, ""('recorded_plan', 2, 'third')"": 1.0, ""('recorded_plan', 3, 'first')"": 1.0, ""('recorded_plan', 3, 'third')"": 1.0, ""('recorded_plan', 4, 'first')"": 1.0, ""('recorded_plan', 4, 'third')"": 1.0, ""('reported_cancelled', -3, 'first')"": 1.0, ""('reported_cancelled', -3, 'third')"": 1.0, ""('reported_cancelled', -2, 'first')"": 1.0, ""('reported_cancelled', -2, 'third')"": 1.0, ""('reported_cancelled', -1, 'first')"": 1.0, ""('reported_cancelled', -1, 'third')"": 1.0, ""('reported_cancelled', 0, 'first')"": 1.0, ""('reported_cancelled', 0, 'third')"": 1.0, ""('reported_cancelled', 1, 'first')"": 1.0, ""('reported_cancelled', 1, 'third')"": 1.0, ""('reported_cancelled', 2, 'first')"": 1.0, ""('reported_cancelled', 2, 'third')"": 1.0, ""('reported_cancelled', 3, 'first')"": 1.0, ""('reported_cancelled', 3, 'third')"": 1.0, ""('reported_cancelled', 4, 'first')"": 1.0, ""('reported_cancelled', 4, 'third')"": 1.0, ""('reported_completed', -3, 'first')"": 1.0, ""('reported_completed', -3, 'third')"": 1.0, ""('reported_completed', -2, 'first')"": 1.0, ""('reported_completed', -2, 'third')"": 1.0, ""('reported_completed', -1, 'first')"": 1.0, ""('reported_completed', -1, 'third')"": 1.0, ""('reported_completed', 0, 'first')"": 1.0, ""('reported_completed', 0, 'third')"": 1.0}",1.0,32,"{""H0"": 1.0, ""H1"": 1.0, ""H2"": 1.0}",1.0,1.0,1.0,0,"{""atomic"": 0.0004972269173246257, ""old"": 6.400702356598629e-05, ""seen_A"": 8.36771222278779e-05, ""seen_D"": 5.592525244173638e-05}",False,False
42,N,50,dev,1.0,"{""('recorded_plan', -3, 'first')"": 1.0, ""('recorded_plan', -3, 'third')"": 1.0, ""('recorded_plan', -2, 'first')"": 1.0, ""('recorded_plan', -2, 'third')"": 1.0, ""('recorded_plan', -1, 'first')"": 1.0, ""('recorded_plan', -1, 'third')"": 1.0, ""('recorded_plan', 0, 'first')"": 1.0, ""('recorded_plan', 0, 'third')"": 1.0, ""('recorded_plan', 1, 'first')"": 1.0, ""('recorded_plan', 1, 'third')"": 1.0, ""('recorded_plan', 2, 'first')"": 1.0, ""('recorded_plan', 2, 'third')"": 1.0, ""('recorded_plan', 3, 'first')"": 1.0, ""('recorded_plan', 3, 'third')"": 1.0, ""('recorded_plan', 4, 'first')"": 1.0, ""('recorded_plan', 4, 'third')"": 1.0, ""('reported_cancelled', -3, 'first')"": 1.0, ""('reported_cancelled', -3, 'third')"": 1.0, ""('reported_cancelled', -2, 'first')"": 1.0, ""('reported_cancelled', -2, 'third')"": 1.0, ""('reported_cancelled', -1, 'first')"": 1.0, ""('reported_cancelled', -1, 'third')"": 1.0, ""('reported_cancelled', 0, 'first')"": 1.0, ""('reported_cancelled', 0, 'third')"": 1.0, ""('reported_cancelled', 1, 'first')"": 1.0, ""('reported_cancelled', 1, 'third')"": 1.0, ""('reported_cancelled', 2, 'first')"": 1.0, ""('reported_cancelled', 2, 'third')"": 1.0, ""('reported_cancelled', 3, 'first')"": 1.0, ""('reported_cancelled', 3, 'third')"": 1.0, ""('reported_cancelled', 4, 'first')"": 1.0, ""('reported_cancelled', 4, 'third')"": 1.0, ""('reported_completed', -3, 'first')"": 1.0, ""('reported_completed', -3, 'third')"": 1.0, ""('reported_completed', -2, 'first')"": 1.0, ""('reported_completed', -2, 'third')"": 1.0, ""('reported_completed', -1, 'first')"": 1.0, ""('reported_completed', -1, 'third')"": 1.0, ""('reported_completed', 0, 'first')"": 1.0, ""('reported_completed', 0, 'third')"": 1.0}",1.0,32,"{""H0"": 1.0, ""H1"": 1.0, ""H2"": 1.0}",1.0,1.0,1.0,0,"{""atomic"": 0.0005281068908075952, ""old"": 6.390123018677173e-05, ""seen_A"": 8.315514686296038e-05, ""seen_D"": 6.016046424266562e-05}",False,False
42,N,100,train,1.0,"{""('recorded_plan', -3, 'first')"": 1.0, ""('recorded_plan', -3, 'third')"": 1.0, ""('recorded_plan', -2, 'first')"": 1.0, ""('recorded_plan', -2, 'third')"": 1.0, ""('recorded_plan', -1, 'first')"": 1.0, ""('recorded_plan', -1, 'third')"": 1.0, ""('recorded_plan', 0, 'first')"": 1.0, ""('recorded_plan', 0, 'third')"": 1.0, ""('recorded_plan', 1, 'first')"": 1.0, ""('recorded_plan', 1, 'third')"": 1.0, ""('recorded_plan', 2, 'first')"": 1.0, ""('recorded_plan', 2, 'third')"": 1.0, ""('recorded_plan', 3, 'first')"": 1.0, ""('recorded_plan', 3, 'third')"": 1.0, ""('recorded_plan', 4, 'first')"": 1.0, ""('recorded_plan', 4, 'third')"": 1.0, ""('reported_cancelled', -3, 'first')"": 1.0, ""('reported_cancelled', -3, 'third')"": 1.0, ""('reported_cancelled', -2, 'first')"": 1.0, ""('reported_cancelled', -2, 'third')"": 1.0, ""('reported_cancelled', -1, 'first')"": 1.0, ""('reported_cancelled', -1, 'third')"": 1.0, ""('reported_cancelled', 0, 'first')"": 1.0, ""('reported_cancelled', 0, 'third')"": 1.0, ""('reported_cancelled', 1, 'first')"": 1.0, ""('reported_cancelled', 1, 'third')"": 1.0, ""('reported_cancelled', 2, 'first')"": 1.0, ""('reported_cancelled', 2, 'third')"": 1.0, ""('reported_cancelled', 3, 'first')"": 1.0, ""('reported_cancelled', 3, 'third')"": 1.0, ""('reported_cancelled', 4, 'first')"": 1.0, ""('reported_cancelled', 4, 'third')"": 1.0, ""('reported_completed', -3, 'first')"": 1.0, ""('reported_completed', -3, 'third')"": 1.0, ""('reported_completed', -2, 'first')"": 1.0, ""('reported_completed', -2, 'third')"": 1.0, ""('reported_completed', -1, 'first')"": 1.0, ""('reported_completed', -1, 'third')"": 1.0, ""('reported_completed', 0, 'first')"": 1.0, ""('reported_completed', 0, 'third')"": 1.0}",1.0,32,"{""H0"": 1.0, ""H1"": 1.0, ""H2"": 1.0}",1.0,1.0,1.0,0,"{""atomic"": 0.00017740137804998337, ""old"": 4.743846894264476e-05, ""seen_A"": 3.371706819717786e-05, ""seen_D"": 2.871918925772872e-05}",False,False
42,N,100,dev,1.0,"{""('recorded_plan', -3, 'first')"": 1.0, ""('recorded_plan', -3, 'third')"": 1.0, ""('recorded_plan', -2, 'first')"": 1.0, ""('recorded_plan', -2, 'third')"": 1.0, ""('recorded_plan', -1, 'first')"": 1.0, ""('recorded_plan', -1, 'third')"": 1.0, ""('recorded_plan', 0, 'first')"": 1.0, ""('recorded_plan', 0, 'third')"": 1.0, ""('recorded_plan', 1, 'first')"": 1.0, ""('recorded_plan', 1, 'third')"": 1.0, ""('recorded_plan', 2, 'first')"": 1.0, ""('recorded_plan', 2, 'third')"": 1.0, ""('recorded_plan', 3, 'first')"": 1.0, ""('recorded_plan', 3, 'third')"": 1.0, ""('recorded_plan', 4, 'first')"": 1.0, ""('recorded_plan', 4, 'third')"": 1.0, ""('reported_cancelled', -3, 'first')"": 1.0, ""('reported_cancelled', -3, 'third')"": 1.0, ""('reported_cancelled', -2, 'first')"": 1.0, ""('reported_cancelled', -2, 'third')"": 1.0, ""('reported_cancelled', -1, 'first')"": 1.0, ""('reported_cancelled', -1, 'third')"": 1.0, ""('reported_cancelled', 0, 'first')"": 1.0, ""('reported_cancelled', 0, 'third')"": 1.0, ""('reported_cancelled', 1, 'first')"": 1.0, ""('reported_cancelled', 1, 'third')"": 1.0, ""('reported_cancelled', 2, 'first')"": 1.0, ""('reported_cancelled', 2, 'third')"": 1.0, ""('reported_cancelled', 3, 'first')"": 1.0, ""('reported_cancelled', 3, 'third')"": 1.0, ""('reported_cancelled', 4, 'first')"": 1.0, ""('reported_cancelled', 4, 'third')"": 1.0, ""('reported_completed', -3, 'first')"": 1.0, ""('reported_completed', -3, 'third')"": 1.0, ""('reported_completed', -2, 'first')"": 1.0, ""('reported_completed', -2, 'third')"": 1.0, ""('reported_completed', -1, 'first')"": 1.0, ""('reported_completed', -1, 'third')"": 1.0, ""('reported_completed', 0, 'first')"": 1.0, ""('reported_completed', 0, 'third')"": 1.0}",1.0,32,"{""H0"": 1.0, ""H1"": 1.0, ""H2"": 1.0}",1.0,1.0,1.0,0,"{""atomic"": 0.00018917733255020703, ""old"": 4.852753445257418e-05, ""seen_A"": 3.199584489017776e-05, ""seen_D"": 3.4374157233988165e-05}",False,False
42,N,150,train,1.0,"{""('recorded_plan', -3, 'first')"": 1.0, ""('recorded_plan', -3, 'third')"": 1.0, ""('recorded_plan', -2, 'first')"": 1.0, ""('recorded_plan', -2, 'third')"": 1.0, ""('recorded_plan', -1, 'first')"": 1.0, ""('recorded_plan', -1, 'third')"": 1.0, ""('recorded_plan', 0, 'first')"": 1.0, ""('recorded_plan', 0, 'third')"": 1.0, ""('recorded_plan', 1, 'first')"": 1.0, ""('recorded_plan', 1, 'third')"": 1.0, ""('recorded_plan', 2, 'first')"": 1.0, ""('recorded_plan', 2, 'third')"": 1.0, ""('recorded_plan', 3, 'first')"": 1.0, ""('recorded_plan', 3, 'third')"": 1.0, ""('recorded_plan', 4, 'first')"": 1.0, ""('recorded_plan', 4, 'third')"": 1.0, ""('reported_cancelled', -3, 'first')"": 1.0, ""('reported_cancelled', -3, 'third')"": 1.0, ""('reported_cancelled', -2, 'first')"": 1.0, ""('reported_cancelled', -2, 'third')"": 1.0, ""('reported_cancelled', -1, 'first')"": 1.0, ""('reported_cancelled', -1, 'third')"": 1.0, ""('reported_cancelled', 0, 'first')"": 1.0, ""('reported_cancelled', 0, 'third')"": 1.0, ""('reported_cancelled', 1, 'first')"": 1.0, ""('reported_cancelled', 1, 'third')"": 1.0, ""('reported_cancelled', 2, 'first')"": 1.0, ""('reported_cancelled', 2, 'third')"": 1.0, ""('reported_cancelled', 3, 'first')"": 1.0, ""('reported_cancelled', 3, 'third')"": 1.0, ""('reported_cancelled', 4, 'first')"": 1.0, ""('reported_cancelled', 4, 'third')"": 1.0, ""('reported_completed', -3, 'first')"": 1.0, ""('reported_completed', -3, 'third')"": 1.0, ""('reported_completed', -2, 'first')"": 1.0, ""('reported_completed', -2, 'third')"": 1.0, ""('reported_completed', -1, 'first')"": 1.0, ""('reported_completed', -1, 'third')"": 1.0, ""('reported_completed', 0, 'first')"": 1.0, ""('reported_completed', 0, 'third')"": 1.0}",1.0,32,"{""H0"": 1.0, ""H1"": 1.0, ""H2"": 1.0}",1.0,1.0,1.0,0,"{""atomic"": 0.00010951249674066224, ""old"": 3.8432377975617345e-05, ""seen_A"": 2.4337809137353013e-05, ""seen_D"": 2.086219163624168e-05}",False,False
42,N,150,dev,1.0,"{""('recorded_plan', -3, 'first')"": 1.0, ""('recorded_plan', -3, 'third')"": 1.0, ""('recorded_plan', -2, 'first')"": 1.0, ""('recorded_plan', -2, 'third')"": 1.0, ""('recorded_plan', -1, 'first')"": 1.0, ""('recorded_plan', -1, 'third')"": 1.0, ""('recorded_plan', 0, 'first')"": 1.0, ""('recorded_plan', 0, 'third')"": 1.0, ""('recorded_plan', 1, 'first')"": 1.0, ""('recorded_plan', 1, 'third')"": 1.0, ""('recorded_plan', 2, 'first')"": 1.0, ""('recorded_plan', 2, 'third')"": 1.0, ""('recorded_plan', 3, 'first')"": 1.0, ""('recorded_plan', 3, 'third')"": 1.0, ""('recorded_plan', 4, 'first')"": 1.0, ""('recorded_plan', 4, 'third')"": 1.0, ""('reported_cancelled', -3, 'first')"": 1.0, ""('reported_cancelled', -3, 'third')"": 1.0, ""('reported_cancelled', -2, 'first')"": 1.0, ""('reported_cancelled', -2, 'third')"": 1.0, ""('reported_cancelled', -1, 'first')"": 1.0, ""('reported_cancelled', -1, 'third')"": 1.0, ""('reported_cancelled', 0, 'first')"": 1.0, ""('reported_cancelled', 0, 'third')"": 1.0, ""('reported_cancelled', 1, 'first')"": 1.0, ""('reported_cancelled', 1, 'third')"": 1.0, ""('reported_cancelled', 2, 'first')"": 1.0, ""('reported_cancelled', 2, 'third')"": 1.0, ""('reported_cancelled', 3, 'first')"": 1.0, ""('reported_cancelled', 3, 'third')"": 1.0, ""('reported_cancelled', 4, 'first')"": 1.0, ""('reported_cancelled', 4, 'third')"": 1.0, ""('reported_completed', -3, 'first')"": 1.0, ""('reported_completed', -3, 'third')"": 1.0, ""('reported_completed', -2, 'first')"": 1.0, ""('reported_completed', -2, 'third')"": 1.0, ""('reported_completed', -1, 'first')"": 1.0, ""('reported_completed', -1, 'third')"": 1.0, ""('reported_completed', 0, 'first')"": 1.0, ""('reported_completed', 0, 'third')"": 1.0}",1.0,32,"{""H0"": 1.0, ""H1"": 1.0, ""H2"": 1.0}",1.0,1.0,1.0,0,"{""atomic"": 0.00011566123873824978, ""old"": 3.96970508438917e-05, ""seen_A"": 2.3293090595219978e-05, ""seen_D"": 2.5091368925778064e-05}",False,False
42,N,200,train,1.0,"{""('recorded_plan', -3, 'first')"": 1.0, ""('recorded_plan', -3, 'third')"": 1.0, ""('recorded_plan', -2, 'first')"": 1.0, ""('recorded_plan', -2, 'third')"": 1.0, ""('recorded_plan', -1, 'first')"": 1.0, ""('recorded_plan', -1, 'third')"": 1.0, ""('recorded_plan', 0, 'first')"": 1.0, ""('recorded_plan', 0, 'third')"": 1.0, ""('recorded_plan', 1, 'first')"": 1.0, ""('recorded_plan', 1, 'third')"": 1.0, ""('recorded_plan', 2, 'first')"": 1.0, ""('recorded_plan', 2, 'third')"": 1.0, ""('recorded_plan', 3, 'first')"": 1.0, ""('recorded_plan', 3, 'third')"": 1.0, ""('recorded_plan', 4, 'first')"": 1.0, ""('recorded_plan', 4, 'third')"": 1.0, ""('reported_cancelled', -3, 'first')"": 1.0, ""('reported_cancelled', -3, 'third')"": 1.0, ""('reported_cancelled', -2, 'first')"": 1.0, ""('reported_cancelled', -2, 'third')"": 1.0, ""('reported_cancelled', -1, 'first')"": 1.0, ""('reported_cancelled', -1, 'third')"": 1.0, ""('reported_cancelled', 0, 'first')"": 1.0, ""('reported_cancelled', 0, 'third')"": 1.0, ""('reported_cancelled', 1, 'first')"": 1.0, ""('reported_cancelled', 1, 'third')"": 1.0, ""('reported_cancelled', 2, 'first')"": 1.0, ""('reported_cancelled', 2, 'third')"": 1.0, ""('reported_cancelled', 3, 'first')"": 1.0, ""('reported_cancelled', 3, 'third')"": 1.0, ""('reported_cancelled', 4, 'first')"": 1.0, ""('reported_cancelled', 4, 'third')"": 1.0, ""('reported_completed', -3, 'first')"": 1.0, ""('reported_completed', -3, 'third')"": 1.0, ""('reported_completed', -2, 'first')"": 1.0, ""('reported_completed', -2, 'third')"": 1.0, ""('reported_completed', -1, 'first')"": 1.0, ""('reported_completed', -1, 'third')"": 1.0, ""('reported_completed', 0, 'first')"": 1.0, ""('reported_completed', 0, 'third')"": 1.0}",1.0,32,"{""H0"": 1.0, ""H1"": 1.0, ""H2"": 1.0}",1.0,1.0,1.0,0,"{""atomic"": 7.907347985380965e-05, ""old"": 3.262030811385725e-05, ""seen_A"": 1.9237968936092455e-05, ""seen_D"": 1.6106644418189148e-05}",False,False
42,N,200,dev,1.0,"{""('recorded_plan', -3, 'first')"": 1.0, ""('recorded_plan', -3, 'third')"": 1.0, ""('recorded_plan', -2, 'first')"": 1.0, ""('recorded_plan', -2, 'third')"": 1.0, ""('recorded_plan', -1, 'first')"": 1.0, ""('recorded_plan', -1, 'third')"": 1.0, ""('recorded_plan', 0, 'first')"": 1.0, ""('recorded_plan', 0, 'third')"": 1.0, ""('recorded_plan', 1, 'first')"": 1.0, ""('recorded_plan', 1, 'third')"": 1.0, ""('recorded_plan', 2, 'first')"": 1.0, ""('recorded_plan', 2, 'third')"": 1.0, ""('recorded_plan', 3, 'first')"": 1.0, ""('recorded_plan', 3, 'third')"": 1.0, ""('recorded_plan', 4, 'first')"": 1.0, ""('recorded_plan', 4, 'third')"": 1.0, ""('reported_cancelled', -3, 'first')"": 1.0, ""('reported_cancelled', -3, 'third')"": 1.0, ""('reported_cancelled', -2, 'first')"": 1.0, ""('reported_cancelled', -2, 'third')"": 1.0, ""('reported_cancelled', -1, 'first')"": 1.0, ""('reported_cancelled', -1, 'third')"": 1.0, ""('reported_cancelled', 0, 'first')"": 1.0, ""('reported_cancelled', 0, 'third')"": 1.0, ""('reported_cancelled', 1, 'first')"": 1.0, ""('reported_cancelled', 1, 'third')"": 1.0, ""('reported_cancelled', 2, 'first')"": 1.0, ""('reported_cancelled', 2, 'third')"": 1.0, ""('reported_cancelled', 3, 'first')"": 1.0, ""('reported_cancelled', 3, 'third')"": 1.0, ""('reported_cancelled', 4, 'first')"": 1.0, ""('reported_cancelled', 4, 'third')"": 1.0, ""('reported_completed', -3, 'first')"": 1.0, ""('reported_completed', -3, 'third')"": 1.0, ""('reported_completed', -2, 'first')"": 1.0, ""('reported_completed', -2, 'third')"": 1.0, ""('reported_completed', -1, 'first')"": 1.0, ""('reported_completed', -1, 'third')"": 1.0, ""('reported_completed', 0, 'first')"": 1.0, ""('reported_completed', 0, 'third')"": 1.0}",1.0,32,"{""H0"": 1.0, ""H1"": 1.0, ""H2"": 1.0}",1.0,1.0,1.0,0,"{""atomic"": 8.382041669035439e-05, ""old"": 3.3691409983620193e-05, ""seen_A"": 1.8266810032206998e-05, ""seen_D"": 1.922223914657653e-05}",False,False
42,F,0,train,1.0,"{""('recorded_plan', -3, 'first')"": 1.0, ""('recorded_plan', -3, 'third')"": 1.0, ""('recorded_plan', -2, 'first')"": 1.0, ""('recorded_plan', -2, 'third')"": 1.0, ""('recorded_plan', -1, 'first')"": 1.0, ""('recorded_plan', -1, 'third')"": 1.0, ""('recorded_plan', 0, 'first')"": 1.0, ""('recorded_plan', 0, 'third')"": 1.0, ""('recorded_plan', 1, 'first')"": 1.0, ""('recorded_plan', 1, 'third')"": 1.0, ""('recorded_plan', 2, 'first')"": 1.0, ""('recorded_plan', 2, 'third')"": 1.0, ""('recorded_plan', 3, 'first')"": 1.0, ""('recorded_plan', 3, 'third')"": 1.0, ""('recorded_plan', 4, 'first')"": 1.0, ""('recorded_plan', 4, 'third')"": 1.0, ""('reported_cancelled', -3, 'first')"": 1.0, ""('reported_cancelled', -3, 'third')"": 1.0, ""('reported_cancelled', -2, 'first')"": 1.0, ""('reported_cancelled', -2, 'third')"": 1.0, ""('reported_cancelled', -1, 'first')"": 1.0, ""('reported_cancelled', -1, 'third')"": 1.0, ""('reported_cancelled', 0, 'first')"": 1.0, ""('reported_cancelled', 0, 'third')"": 1.0, ""('reported_cancelled', 1, 'first')"": 1.0, ""('reported_cancelled', 1, 'third')"": 1.0, ""('reported_cancelled', 2, 'first')"": 1.0, ""('reported_cancelled', 2, 'third')"": 1.0, ""('reported_cancelled', 3, 'first')"": 1.0, ""('reported_cancelled', 3, 'third')"": 1.0, ""('reported_cancelled', 4, 'first')"": 1.0, ""('reported_cancelled', 4, 'third')"": 1.0, ""('reported_completed', -3, 'first')"": 1.0, ""('reported_completed', -3, 'third')"": 1.0, ""('reported_completed', -2, 'first')"": 1.0, ""('reported_completed', -2, 'third')"": 1.0, ""('reported_completed', -1, 'first')"": 1.0, ""('reported_completed', -1, 'third')"": 1.0, ""('reported_completed', 0, 'first')"": 1.0, ""('reported_completed', 0, 'third')"": 1.0}",1.0,32,"{""H0"": 1.0, ""H1"": 1.0, ""H2"": 1.0}",1.0,0.0,0.0,0,"{""atomic"": 0.0001254650387965295, ""old"": 4.9270248640749294e-05, ""seen_A"": 0.00021060994065529698, ""seen_D"": 0.12642149394693983}",False,False
42,F,0,dev,1.0,"{""('recorded_plan', -3, 'first')"": 1.0, ""('recorded_plan', -3, 'third')"": 1.0, ""('recorded_plan', -2, 'first')"": 1.0, ""('recorded_plan', -2, 'third')"": 1.0, ""('recorded_plan', -1, 'first')"": 1.0, ""('recorded_plan', -1, 'third')"": 1.0, ""('recorded_plan', 0, 'first')"": 1.0, ""('recorded_plan', 0, 'third')"": 1.0, ""('recorded_plan', 1, 'first')"": 1.0, ""('recorded_plan', 1, 'third')"": 1.0, ""('recorded_plan', 2, 'first')"": 1.0, ""('recorded_plan', 2, 'third')"": 1.0, ""('recorded_plan', 3, 'first')"": 1.0, ""('recorded_plan', 3, 'third')"": 1.0, ""('recorded_plan', 4, 'first')"": 1.0, ""('recorded_plan', 4, 'third')"": 1.0, ""('reported_cancelled', -3, 'first')"": 1.0, ""('reported_cancelled', -3, 'third')"": 1.0, ""('reported_cancelled', -2, 'first')"": 1.0, ""('reported_cancelled', -2, 'third')"": 1.0, ""('reported_cancelled', -1, 'first')"": 1.0, ""('reported_cancelled', -1, 'third')"": 1.0, ""('reported_cancelled', 0, 'first')"": 1.0, ""('reported_cancelled', 0, 'third')"": 1.0, ""('reported_cancelled', 1, 'first')"": 1.0, ""('reported_cancelled', 1, 'third')"": 1.0, ""('reported_cancelled', 2, 'first')"": 1.0, ""('reported_cancelled', 2, 'third')"": 1.0, ""('reported_cancelled', 3, 'first')"": 1.0, ""('reported_cancelled', 3, 'third')"": 1.0, ""('reported_cancelled', 4, 'first')"": 1.0, ""('reported_cancelled', 4, 'third')"": 1.0, ""('reported_completed', -3, 'first')"": 1.0, ""('reported_completed', -3, 'third')"": 1.0, ""('reported_completed', -2, 'first')"": 1.0, ""('reported_completed', -2, 'third')"": 1.0, ""('reported_completed', -1, 'first')"": 1.0, ""('reported_completed', -1, 'third')"": 1.0, ""('reported_completed', 0, 'first')"": 1.0, ""('reported_completed', 0, 'third')"": 1.0}",1.0,32,"{""H0"": 1.0, ""H1"": 1.0, ""H2"": 1.0}",1.0,0.0,0.0,0,"{""atomic"": 0.00013031389202080635, ""old"": 5.0088907948558594e-05, ""seen_A"": 0.00017916975489466405, ""seen_D"": 0.13365115200886962}",False,False
42,F,50,train,0.9984375,"{""('recorded_plan', -3, 'first')"": 1.0, ""('recorded_plan', -3, 'third')"": 1.0, ""('recorded_plan', -2, 'first')"": 1.0, ""('recorded_plan', -2, 'third')"": 1.0, ""('recorded_plan', -1, 'first')"": 1.0, ""('recorded_plan', -1, 'third')"": 1.0, ""('recorded_plan', 0, 'first')"": 1.0, ""('recorded_plan', 0, 'third')"": 1.0, ""('recorded_plan', 1, 'first')"": 1.0, ""('recorded_plan', 1, 'third')"": 1.0, ""('recorded_plan', 2, 'first')"": 1.0, ""('recorded_plan', 2, 'third')"": 1.0, ""('recorded_plan', 3, 'first')"": 1.0, ""('recorded_plan', 3, 'third')"": 1.0, ""('recorded_plan', 4, 'first')"": 1.0, ""('recorded_plan', 4, 'third')"": 1.0, ""('reported_cancelled', -3, 'first')"": 1.0, ""('reported_cancelled', -3, 'third')"": 1.0, ""('reported_cancelled', -2, 'first')"": 1.0, ""('reported_cancelled', -2, 'third')"": 1.0, ""('reported_cancelled', -1, 'first')"": 1.0, ""('reported_cancelled', -1, 'third')"": 1.0, ""('reported_cancelled', 0, 'first')"": 1.0, ""('reported_cancelled', 0, 'third')"": 1.0, ""('reported_cancelled', 1, 'first')"": 1.0, ""('reported_cancelled', 1, 'third')"": 1.0, ""('reported_cancelled', 2, 'first')"": 1.0, ""('reported_cancelled', 2, 'third')"": 1.0, ""('reported_cancelled', 3, 'first')"": 1.0, ""('reported_cancelled', 3, 'third')"": 1.0, ""('reported_cancelled', 4, 'first')"": 1.0, ""('reported_cancelled', 4, 'third')"": 1.0, ""('reported_completed', -3, 'first')"": 1.0, ""('reported_completed', -3, 'third')"": 1.0, ""('reported_completed', -2, 'first')"": 1.0, ""('reported_completed', -2, 'third')"": 0.9375, ""('reported_completed', -1, 'first')"": 1.0, ""('reported_completed', -1, 'third')"": 1.0, ""('reported_completed', 0, 'first')"": 1.0, ""('reported_completed', 0, 'third')"": 1.0}",1.0,32,"{""H0"": 1.0, ""H1"": 1.0, ""H2"": 1.0}",1.0,1.0,1.0,0,"{""atomic"": 0.00033935847512284206, ""old"": 0.000137256983229402, ""seen_A"": 0.00013643982276836033, ""seen_D"": 4.1277414858164306e-05}",False,False
42,F,50,dev,0.996875,"{""('recorded_plan', -3, 'first')"": 1.0, ""('recorded_plan', -3, 'third')"": 1.0, ""('recorded_plan', -2, 'first')"": 1.0, ""('recorded_plan', -2, 'third')"": 1.0, ""('recorded_plan', -1, 'first')"": 1.0, ""('recorded_plan', -1, 'third')"": 1.0, ""('recorded_plan', 0, 'first')"": 1.0, ""('recorded_plan', 0, 'third')"": 1.0, ""('recorded_plan', 1, 'first')"": 1.0, ""('recorded_plan', 1, 'third')"": 1.0, ""('recorded_plan', 2, 'first')"": 1.0, ""('recorded_plan', 2, 'third')"": 1.0, ""('recorded_plan', 3, 'first')"": 1.0, ""('recorded_plan', 3, 'third')"": 1.0, ""('recorded_plan', 4, 'first')"": 1.0, ""('recorded_plan', 4, 'third')"": 1.0, ""('reported_cancelled', -3, 'first')"": 1.0, ""('reported_cancelled', -3, 'third')"": 1.0, ""('reported_cancelled', -2, 'first')"": 1.0, ""('reported_cancelled', -2, 'third')"": 1.0, ""('reported_cancelled', -1, 'first')"": 1.0, ""('reported_cancelled', -1, 'third')"": 1.0, ""('reported_cancelled', 0, 'first')"": 1.0, ""('reported_cancelled', 0, 'third')"": 1.0, ""('reported_cancelled', 1, 'first')"": 1.0, ""('reported_cancelled', 1, 'third')"": 1.0, ""('reported_cancelled', 2, 'first')"": 1.0, ""('reported_cancelled', 2, 'third')"": 1.0, ""('reported_cancelled', 3, 'first')"": 1.0, ""('reported_cancelled', 3, 'third')"": 1.0, ""('reported_cancelled', 4, 'first')"": 1.0, ""('reported_cancelled', 4, 'third')"": 1.0, ""('reported_completed', -3, 'first')"": 1.0, ""('reported_completed', -3, 'third')"": 1.0, ""('reported_completed', -2, 'first')"": 1.0, ""('reported_completed', -2, 'third')"": 0.875, ""('reported_completed', -1, 'first')"": 1.0, ""('reported_completed', -1, 'third')"": 1.0, ""('reported_completed', 0, 'first')"": 1.0, ""('reported_completed', 0, 'third')"": 1.0}",1.0,32,"{""H0"": 1.0, ""H1"": 1.0, ""H2"": 1.0}",1.0,1.0,1.0,0,"{""atomic"": 0.0003888381998126062, ""old"": 0.0001442730189081652, ""seen_A"": 0.0001435200340251942, ""seen_D"": 3.933007787541573e-05}",False,False
42,F,100,train,1.0,"{""('recorded_plan', -3, 'first')"": 1.0, ""('recorded_plan', -3, 'third')"": 1.0, ""('recorded_plan', -2, 'first')"": 1.0, ""('recorded_plan', -2, 'third')"": 1.0, ""('recorded_plan', -1, 'first')"": 1.0, ""('recorded_plan', -1, 'third')"": 1.0, ""('recorded_plan', 0, 'first')"": 1.0, ""('recorded_plan', 0, 'third')"": 1.0, ""('recorded_plan', 1, 'first')"": 1.0, ""('recorded_plan', 1, 'third')"": 1.0, ""('recorded_plan', 2, 'first')"": 1.0, ""('recorded_plan', 2, 'third')"": 1.0, ""('recorded_plan', 3, 'first')"": 1.0, ""('recorded_plan', 3, 'third')"": 1.0, ""('recorded_plan', 4, 'first')"": 1.0, ""('recorded_plan', 4, 'third')"": 1.0, ""('reported_cancelled', -3, 'first')"": 1.0, ""('reported_cancelled', -3, 'third')"": 1.0, ""('reported_cancelled', -2, 'first')"": 1.0, ""('reported_cancelled', -2, 'third')"": 1.0, ""('reported_cancelled', -1, 'first')"": 1.0, ""('reported_cancelled', -1, 'third')"": 1.0, ""('reported_cancelled', 0, 'first')"": 1.0, ""('reported_cancelled', 0, 'third')"": 1.0, ""('reported_cancelled', 1, 'first')"": 1.0, ""('reported_cancelled', 1, 'third')"": 1.0, ""('reported_cancelled', 2, 'first')"": 1.0, ""('reported_cancelled', 2, 'third')"": 1.0, ""('reported_cancelled', 3, 'first')"": 1.0, ""('reported_cancelled', 3, 'third')"": 1.0, ""('reported_cancelled', 4, 'first')"": 1.0, ""('reported_cancelled', 4, 'third')"": 1.0, ""('reported_completed', -3, 'first')"": 1.0, ""('reported_completed', -3, 'third')"": 1.0, ""('reported_completed', -2, 'first')"": 1.0, ""('reported_completed', -2, 'third')"": 1.0, ""('reported_completed', -1, 'first')"": 1.0, ""('reported_completed', -1, 'third')"": 1.0, ""('reported_completed', 0, 'first')"": 1.0, ""('reported_completed', 0, 'third')"": 1.0}",1.0,32,"{""H0"": 1.0, ""H1"": 1.0, ""H2"": 1.0}",1.0,1.0,1.0,0,"{""atomic"": 0.0008102679433372035, ""old"": 0.00013373924951554702, ""seen_A"": 0.00010012548380206608, ""seen_D"": 3.1908740194102436e-05}",False,False
42,F,100,dev,1.0,"{""('recorded_plan', -3, 'first')"": 1.0, ""('recorded_plan', -3, 'third')"": 1.0, ""('recorded_plan', -2, 'first')"": 1.0, ""('recorded_plan', -2, 'third')"": 1.0, ""('recorded_plan', -1, 'first')"": 1.0, ""('recorded_plan', -1, 'third')"": 1.0, ""('recorded_plan', 0, 'first')"": 1.0, ""('recorded_plan', 0, 'third')"": 1.0, ""('recorded_plan', 1, 'first')"": 1.0, ""('recorded_plan', 1, 'third')"": 1.0, ""('recorded_plan', 2, 'first')"": 1.0, ""('recorded_plan', 2, 'third')"": 1.0, ""('recorded_plan', 3, 'first')"": 1.0, ""('recorded_plan', 3, 'third')"": 1.0, ""('recorded_plan', 4, 'first')"": 1.0, ""('recorded_plan', 4, 'third')"": 1.0, ""('reported_cancelled', -3, 'first')"": 1.0, ""('reported_cancelled', -3, 'third')"": 1.0, ""('reported_cancelled', -2, 'first')"": 1.0, ""('reported_cancelled', -2, 'third')"": 1.0, ""('reported_cancelled', -1, 'first')"": 1.0, ""('reported_cancelled', -1, 'third')"": 1.0, ""('reported_cancelled', 0, 'first')"": 1.0, ""('reported_cancelled', 0, 'third')"": 1.0, ""('reported_cancelled', 1, 'first')"": 1.0, ""('reported_cancelled', 1, 'third')"": 1.0, ""('reported_cancelled', 2, 'first')"": 1.0, ""('reported_cancelled', 2, 'third')"": 1.0, ""('reported_cancelled', 3, 'first')"": 1.0, ""('reported_cancelled', 3, 'third')"": 1.0, ""('reported_cancelled', 4, 'first')"": 1.0, ""('reported_cancelled', 4, 'third')"": 1.0, ""('reported_completed', -3, 'first')"": 1.0, ""('reported_completed', -3, 'third')"": 1.0, ""('reported_completed', -2, 'first')"": 1.0, ""('reported_completed', -2, 'third')"": 1.0, ""('reported_completed', -1, 'first')"": 1.0, ""('reported_completed', -1, 'third')"": 1.0, ""('reported_completed', 0, 'first')"": 1.0, ""('reported_completed', 0, 'third')"": 1.0}",1.0,32,"{""H0"": 1.0, ""H1"": 1.0, ""H2"": 1.0}",1.0,1.0,1.0,0,"{""atomic"": 0.0008871378438969243, ""old"": 0.0001402274187594119, ""seen_A"": 0.00010983350551865302, ""seen_D"": 3.0085019582164948e-05}",False,False
42,F,150,train,1.0,"{""('recorded_plan', -3, 'first')"": 1.0, ""('recorded_plan', -3, 'third')"": 1.0, ""('recorded_plan', -2, 'first')"": 1.0, ""('recorded_plan', -2, 'third')"": 1.0, ""('recorded_plan', -1, 'first')"": 1.0, ""('recorded_plan', -1, 'third')"": 1.0, ""('recorded_plan', 0, 'first')"": 1.0, ""('recorded_plan', 0, 'third')"": 1.0, ""('recorded_plan', 1, 'first')"": 1.0, ""('recorded_plan', 1, 'third')"": 1.0, ""('recorded_plan', 2, 'first')"": 1.0, ""('recorded_plan', 2, 'third')"": 1.0, ""('recorded_plan', 3, 'first')"": 1.0, ""('recorded_plan', 3, 'third')"": 1.0, ""('recorded_plan', 4, 'first')"": 1.0, ""('recorded_plan', 4, 'third')"": 1.0, ""('reported_cancelled', -3, 'first')"": 1.0, ""('reported_cancelled', -3, 'third')"": 1.0, ""('reported_cancelled', -2, 'first')"": 1.0, ""('reported_cancelled', -2, 'third')"": 1.0, ""('reported_cancelled', -1, 'first')"": 1.0, ""('reported_cancelled', -1, 'third')"": 1.0, ""('reported_cancelled', 0, 'first')"": 1.0, ""('reported_cancelled', 0, 'third')"": 1.0, ""('reported_cancelled', 1, 'first')"": 1.0, ""('reported_cancelled', 1, 'third')"": 1.0, ""('reported_cancelled', 2, 'first')"": 1.0, ""('reported_cancelled', 2, 'third')"": 1.0, ""('reported_cancelled', 3, 'first')"": 1.0, ""('reported_cancelled', 3, 'third')"": 1.0, ""('reported_cancelled', 4, 'first')"": 1.0, ""('reported_cancelled', 4, 'third')"": 1.0, ""('reported_completed', -3, 'first')"": 1.0, ""('reported_completed', -3, 'third')"": 1.0, ""('reported_completed', -2, 'first')"": 1.0, ""('reported_completed', -2, 'third')"": 1.0, ""('reported_completed', -1, 'first')"": 1.0, ""('reported_completed', -1, 'third')"": 1.0, ""('reported_completed', 0, 'first')"": 1.0, ""('reported_completed', 0, 'third')"": 1.0}",1.0,32,"{""H0"": 1.0, ""H1"": 1.0, ""H2"": 1.0}",1.0,1.0,1.0,0,"{""atomic"": 0.000269465250468589, ""old"": 8.386882199850506e-05, ""seen_A"": 3.224299488313688e-05, ""seen_D"": 4.0796637112398605e-05}",False,False
42,F,150,dev,0.996875,"{""('recorded_plan', -3, 'first')"": 1.0, ""('recorded_plan', -3, 'third')"": 1.0, ""('recorded_plan', -2, 'first')"": 1.0, ""('recorded_plan', -2, 'third')"": 1.0, ""('recorded_plan', -1, 'first')"": 1.0, ""('recorded_plan', -1, 'third')"": 0.9375, ""('recorded_plan', 0, 'first')"": 1.0, ""('recorded_plan', 0, 'third')"": 1.0, ""('recorded_plan', 1, 'first')"": 1.0, ""('recorded_plan', 1, 'third')"": 1.0, ""('recorded_plan', 2, 'first')"": 1.0, ""('recorded_plan', 2, 'third')"": 1.0, ""('recorded_plan', 3, 'first')"": 1.0, ""('recorded_plan', 3, 'third')"": 1.0, ""('recorded_plan', 4, 'first')"": 1.0, ""('recorded_plan', 4, 'third')"": 1.0, ""('reported_cancelled', -3, 'first')"": 1.0, ""('reported_cancelled', -3, 'third')"": 1.0, ""('reported_cancelled', -2, 'first')"": 1.0, ""('reported_cancelled', -2, 'third')"": 1.0, ""('reported_cancelled', -1, 'first')"": 1.0, ""('reported_cancelled', -1, 'third')"": 1.0, ""('reported_cancelled', 0, 'first')"": 1.0, ""('reported_cancelled', 0, 'third')"": 1.0, ""('reported_cancelled', 1, 'first')"": 1.0, ""('reported_cancelled', 1, 'third')"": 1.0, ""('reported_cancelled', 2, 'first')"": 1.0, ""('reported_cancelled', 2, 'third')"": 1.0, ""('reported_cancelled', 3, 'first')"": 1.0, ""('reported_cancelled', 3, 'third')"": 1.0, ""('reported_cancelled', 4, 'first')"": 1.0, ""('reported_cancelled', 4, 'third')"": 1.0, ""('reported_completed', -3, 'first')"": 1.0, ""('reported_completed', -3, 'third')"": 1.0, ""('reported_completed', -2, 'first')"": 1.0, ""('reported_completed', -2, 'third')"": 1.0, ""('reported_completed', -1, 'first')"": 0.9375, ""('reported_completed', -1, 'third')"": 1.0, ""('reported_completed', 0, 'first')"": 1.0, ""('reported_completed', 0, 'third')"": 1.0}",1.0,32,"{""H0"": 1.0, ""H1"": 1.0, ""H2"": 1.0}",1.0,1.0,1.0,0,"{""atomic"": 0.0022971753424194815, ""old"": 8.754453815931835e-05, ""seen_A"": 3.482126077392795e-05, ""seen_D"": 3.8045716295120574e-05}",False,False
42,F,200,train,1.0,"{""('recorded_plan', -3, 'first')"": 1.0, ""('recorded_plan', -3, 'third')"": 1.0, ""('recorded_plan', -2, 'first')"": 1.0, ""('recorded_plan', -2, 'third')"": 1.0, ""('recorded_plan', -1, 'first')"": 1.0, ""('recorded_plan', -1, 'third')"": 1.0, ""('recorded_plan', 0, 'first')"": 1.0, ""('recorded_plan', 0, 'third')"": 1.0, ""('recorded_plan', 1, 'first')"": 1.0, ""('recorded_plan', 1, 'third')"": 1.0, ""('recorded_plan', 2, 'first')"": 1.0, ""('recorded_plan', 2, 'third')"": 1.0, ""('recorded_plan', 3, 'first')"": 1.0, ""('recorded_plan', 3, 'third')"": 1.0, ""('recorded_plan', 4, 'first')"": 1.0, ""('recorded_plan', 4, 'third')"": 1.0, ""('reported_cancelled', -3, 'first')"": 1.0, ""('reported_cancelled', -3, 'third')"": 1.0, ""('reported_cancelled', -2, 'first')"": 1.0, ""('reported_cancelled', -2, 'third')"": 1.0, ""('reported_cancelled', -1, 'first')"": 1.0, ""('reported_cancelled', -1, 'third')"": 1.0, ""('reported_cancelled', 0, 'first')"": 1.0, ""('reported_cancelled', 0, 'third')"": 1.0, ""('reported_cancelled', 1, 'first')"": 1.0, ""('reported_cancelled', 1, 'third')"": 1.0, ""('reported_cancelled', 2, 'first')"": 1.0, ""('reported_cancelled', 2, 'third')"": 1.0, ""('reported_cancelled', 3, 'first')"": 1.0, ""('reported_cancelled', 3, 'third')"": 1.0, ""('reported_cancelled', 4, 'first')"": 1.0, ""('reported_cancelled', 4, 'third')"": 1.0, ""('reported_completed', -3, 'first')"": 1.0, ""('reported_completed', -3, 'third')"": 1.0, ""('reported_completed', -2, 'first')"": 1.0, ""('reported_completed', -2, 'third')"": 1.0, ""('reported_completed', -1, 'first')"": 1.0, ""('reported_completed', -1, 'third')"": 1.0, ""('reported_completed', 0, 'first')"": 1.0, ""('reported_completed', 0, 'third')"": 1.0}",1.0,32,"{""H0"": 1.0, ""H1"": 1.0, ""H2"": 1.0}",1.0,1.0,1.0,0,"{""atomic"": 0.000141170947781424, ""old"": 6.327234718449636e-05, ""seen_A"": 2.8462256417070167e-05, ""seen_D"": 2.731655917371771e-05}",False,False
42,F,200,dev,0.9984375,"{""('recorded_plan', -3, 'first')"": 1.0, ""('recorded_plan', -3, 'third')"": 1.0, ""('recorded_plan', -2, 'first')"": 1.0, ""('recorded_plan', -2, 'third')"": 1.0, ""('recorded_plan', -1, 'first')"": 1.0, ""('recorded_plan', -1, 'third')"": 1.0, ""('recorded_plan', 0, 'first')"": 1.0, ""('recorded_plan', 0, 'third')"": 1.0, ""('recorded_plan', 1, 'first')"": 1.0, ""('recorded_plan', 1, 'third')"": 1.0, ""('recorded_plan', 2, 'first')"": 1.0, ""('recorded_plan', 2, 'third')"": 1.0, ""('recorded_plan', 3, 'first')"": 1.0, ""('recorded_plan', 3, 'third')"": 1.0, ""('recorded_plan', 4, 'first')"": 1.0, ""('recorded_plan', 4, 'third')"": 1.0, ""('reported_cancelled', -3, 'first')"": 1.0, ""('reported_cancelled', -3, 'third')"": 1.0, ""('reported_cancelled', -2, 'first')"": 1.0, ""('reported_cancelled', -2, 'third')"": 1.0, ""('reported_cancelled', -1, 'first')"": 1.0, ""('reported_cancelled', -1, 'third')"": 1.0, ""('reported_cancelled', 0, 'first')"": 1.0, ""('reported_cancelled', 0, 'third')"": 1.0, ""('reported_cancelled', 1, 'first')"": 1.0, ""('reported_cancelled', 1, 'third')"": 1.0, ""('reported_cancelled', 2, 'first')"": 1.0, ""('reported_cancelled', 2, 'third')"": 1.0, ""('reported_cancelled', 3, 'first')"": 1.0, ""('reported_cancelled', 3, 'third')"": 1.0, ""('reported_cancelled', 4, 'first')"": 1.0, ""('reported_cancelled', 4, 'third')"": 1.0, ""('reported_completed', -3, 'first')"": 1.0, ""('reported_completed', -3, 'third')"": 1.0, ""('reported_completed', -2, 'first')"": 1.0, ""('reported_completed', -2, 'third')"": 1.0, ""('reported_completed', -1, 'first')"": 0.9375, ""('reported_completed', -1, 'third')"": 1.0, ""('reported_completed', 0, 'first')"": 1.0, ""('reported_completed', 0, 'third')"": 1.0}",1.0,32,"{""H0"": 1.0, ""H1"": 1.0, ""H2"": 1.0}",1.0,1.0,1.0,0,"{""atomic"": 0.0025897413165768546, ""old"": 6.65605424360468e-05, ""seen_A"": 2.971642135860032e-05, ""seen_D"": 2.7016237985006854e-05}",False,False
42,O,0,train,1.0,"{""('recorded_plan', -3, 'first')"": 1.0, ""('recorded_plan', -3, 'third')"": 1.0, ""('recorded_plan', -2, 'first')"": 1.0, ""('recorded_plan', -2, 'third')"": 1.0, ""('recorded_plan', -1, 'first')"": 1.0, ""('recorded_plan', -1, 'third')"": 1.0, ""('recorded_plan', 0, 'first')"": 1.0, ""('recorded_plan', 0, 'third')"": 1.0, ""('recorded_plan', 1, 'first')"": 1.0, ""('recorded_plan', 1, 'third')"": 1.0, ""('recorded_plan', 2, 'first')"": 1.0, ""('recorded_plan', 2, 'third')"": 1.0, ""('recorded_plan', 3, 'first')"": 1.0, ""('recorded_plan', 3, 'third')"": 1.0, ""('recorded_plan', 4, 'first')"": 1.0, ""('recorded_plan', 4, 'third')"": 1.0, ""('reported_cancelled', -3, 'first')"": 1.0, ""('reported_cancelled', -3, 'third')"": 1.0, ""('reported_cancelled', -2, 'first')"": 1.0, ""('reported_cancelled', -2, 'third')"": 1.0, ""('reported_cancelled', -1, 'first')"": 1.0, ""('reported_cancelled', -1, 'third')"": 1.0, ""('reported_cancelled', 0, 'first')"": 1.0, ""('reported_cancelled', 0, 'third')"": 1.0, ""('reported_cancelled', 1, 'first')"": 1.0, ""('reported_cancelled', 1, 'third')"": 1.0, ""('reported_cancelled', 2, 'first')"": 1.0, ""('reported_cancelled', 2, 'third')"": 1.0, ""('reported_cancelled', 3, 'first')"": 1.0, ""('reported_cancelled', 3, 'third')"": 1.0, ""('reported_cancelled', 4, 'first')"": 1.0, ""('reported_cancelled', 4, 'third')"": 1.0, ""('reported_completed', -3, 'first')"": 1.0, ""('reported_completed', -3, 'third')"": 1.0, ""('reported_completed', -2, 'first')"": 1.0, ""('reported_completed', -2, 'third')"": 1.0, ""('reported_completed', -1, 'first')"": 1.0, ""('reported_completed', -1, 'third')"": 1.0, ""('reported_completed', 0, 'first')"": 1.0, ""('reported_completed', 0, 'third')"": 1.0}",1.0,32,"{""H0"": 1.0, ""H1"": 1.0, ""H2"": 1.0}",1.0,0.0,0.0,0,"{""atomic"": 0.0001254650387965295, ""old"": 4.9270248640749294e-05, ""seen_A"": 0.00021060994065529698, ""seen_D"": 0.12642149394693983}",False,False
42,O,0,dev,1.0,"{""('recorded_plan', -3, 'first')"": 1.0, ""('recorded_plan', -3, 'third')"": 1.0, ""('recorded_plan', -2, 'first')"": 1.0, ""('recorded_plan', -2, 'third')"": 1.0, ""('recorded_plan', -1, 'first')"": 1.0, ""('recorded_plan', -1, 'third')"": 1.0, ""('recorded_plan', 0, 'first')"": 1.0, ""('recorded_plan', 0, 'third')"": 1.0, ""('recorded_plan', 1, 'first')"": 1.0, ""('recorded_plan', 1, 'third')"": 1.0, ""('recorded_plan', 2, 'first')"": 1.0, ""('recorded_plan', 2, 'third')"": 1.0, ""('recorded_plan', 3, 'first')"": 1.0, ""('recorded_plan', 3, 'third')"": 1.0, ""('recorded_plan', 4, 'first')"": 1.0, ""('recorded_plan', 4, 'third')"": 1.0, ""('reported_cancelled', -3, 'first')"": 1.0, ""('reported_cancelled', -3, 'third')"": 1.0, ""('reported_cancelled', -2, 'first')"": 1.0, ""('reported_cancelled', -2, 'third')"": 1.0, ""('reported_cancelled', -1, 'first')"": 1.0, ""('reported_cancelled', -1, 'third')"": 1.0, ""('reported_cancelled', 0, 'first')"": 1.0, ""('reported_cancelled', 0, 'third')"": 1.0, ""('reported_cancelled', 1, 'first')"": 1.0, ""('reported_cancelled', 1, 'third')"": 1.0, ""('reported_cancelled', 2, 'first')"": 1.0, ""('reported_cancelled', 2, 'third')"": 1.0, ""('reported_cancelled', 3, 'first')"": 1.0, ""('reported_cancelled', 3, 'third')"": 1.0, ""('reported_cancelled', 4, 'first')"": 1.0, ""('reported_cancelled', 4, 'third')"": 1.0, ""('reported_completed', -3, 'first')"": 1.0, ""('reported_completed', -3, 'third')"": 1.0, ""('reported_completed', -2, 'first')"": 1.0, ""('reported_completed', -2, 'third')"": 1.0, ""('reported_completed', -1, 'first')"": 1.0, ""('reported_completed', -1, 'third')"": 1.0, ""('reported_completed', 0, 'first')"": 1.0, ""('reported_completed', 0, 'third')"": 1.0}",1.0,32,"{""H0"": 1.0, ""H1"": 1.0, ""H2"": 1.0}",1.0,0.0,0.0,0,"{""atomic"": 0.00013031389202080635, ""old"": 5.0088907948558594e-05, ""seen_A"": 0.00017916975489466405, ""seen_D"": 0.13365115200886962}",False,False
42,O,50,train,1.0,"{""('recorded_plan', -3, 'first')"": 1.0, ""('recorded_plan', -3, 'third')"": 1.0, ""('recorded_plan', -2, 'first')"": 1.0, ""('recorded_plan', -2, 'third')"": 1.0, ""('recorded_plan', -1, 'first')"": 1.0, ""('recorded_plan', -1, 'third')"": 1.0, ""('recorded_plan', 0, 'first')"": 1.0, ""('recorded_plan', 0, 'third')"": 1.0, ""('recorded_plan', 1, 'first')"": 1.0, ""('recorded_plan', 1, 'third')"": 1.0, ""('recorded_plan', 2, 'first')"": 1.0, ""('recorded_plan', 2, 'third')"": 1.0, ""('recorded_plan', 3, 'first')"": 1.0, ""('recorded_plan', 3, 'third')"": 1.0, ""('recorded_plan', 4, 'first')"": 1.0, ""('recorded_plan', 4, 'third')"": 1.0, ""('reported_cancelled', -3, 'first')"": 1.0, ""('reported_cancelled', -3, 'third')"": 1.0, ""('reported_cancelled', -2, 'first')"": 1.0, ""('reported_cancelled', -2, 'third')"": 1.0, ""('reported_cancelled', -1, 'first')"": 1.0, ""('reported_cancelled', -1, 'third')"": 1.0, ""('reported_cancelled', 0, 'first')"": 1.0, ""('reported_cancelled', 0, 'third')"": 1.0, ""('reported_cancelled', 1, 'first')"": 1.0, ""('reported_cancelled', 1, 'third')"": 1.0, ""('reported_cancelled', 2, 'first')"": 1.0, ""('reported_cancelled', 2, 'third')"": 1.0, ""('reported_cancelled', 3, 'first')"": 1.0, ""('reported_cancelled', 3, 'third')"": 1.0, ""('reported_cancelled', 4, 'first')"": 1.0, ""('reported_cancelled', 4, 'third')"": 1.0, ""('reported_completed', -3, 'first')"": 1.0, ""('reported_completed', -3, 'third')"": 1.0, ""('reported_completed', -2, 'first')"": 1.0, ""('reported_completed', -2, 'third')"": 1.0, ""('reported_completed', -1, 'first')"": 1.0, ""('reported_completed', -1, 'third')"": 1.0, ""('reported_completed', 0, 'first')"": 1.0, ""('reported_completed', 0, 'third')"": 1.0}",1.0,32,"{""H0"": 1.0, ""H1"": 1.0, ""H2"": 1.0}",1.0,1.0,1.0,0,"{""atomic"": 0.0002150630556774535, ""old"": 0.00011406782159713385, ""seen_A"": 8.383785845810394e-05, ""seen_D"": 4.4332128024459125e-05}",False,False
42,O,50,dev,1.0,"{""('recorded_plan', -3, 'first')"": 1.0, ""('recorded_plan', -3, 'third')"": 1.0, ""('recorded_plan', -2, 'first')"": 1.0, ""('recorded_plan', -2, 'third')"": 1.0, ""('recorded_plan', -1, 'first')"": 1.0, ""('recorded_plan', -1, 'third')"": 1.0, ""('recorded_plan', 0, 'first')"": 1.0, ""('recorded_plan', 0, 'third')"": 1.0, ""('recorded_plan', 1, 'first')"": 1.0, ""('recorded_plan', 1, 'third')"": 1.0, ""('recorded_plan', 2, 'first')"": 1.0, ""('recorded_plan', 2, 'third')"": 1.0, ""('recorded_plan', 3, 'first')"": 1.0, ""('recorded_plan', 3, 'third')"": 1.0, ""('recorded_plan', 4, 'first')"": 1.0, ""('recorded_plan', 4, 'third')"": 1.0, ""('reported_cancelled', -3, 'first')"": 1.0, ""('reported_cancelled', -3, 'third')"": 1.0, ""('reported_cancelled', -2, 'first')"": 1.0, ""('reported_cancelled', -2, 'third')"": 1.0, ""('reported_cancelled', -1, 'first')"": 1.0, ""('reported_cancelled', -1, 'third')"": 1.0, ""('reported_cancelled', 0, 'first')"": 1.0, ""('reported_cancelled', 0, 'third')"": 1.0, ""('reported_cancelled', 1, 'first')"": 1.0, ""('reported_cancelled', 1, 'third')"": 1.0, ""('reported_cancelled', 2, 'first')"": 1.0, ""('reported_cancelled', 2, 'third')"": 1.0, ""('reported_cancelled', 3, 'first')"": 1.0, ""('reported_cancelled', 3, 'third')"": 1.0, ""('reported_cancelled', 4, 'first')"": 1.0, ""('reported_cancelled', 4, 'third')"": 1.0, ""('reported_completed', -3, 'first')"": 1.0, ""('reported_completed', -3, 'third')"": 1.0, ""('reported_completed', -2, 'first')"": 1.0, ""('reported_completed', -2, 'third')"": 1.0, ""('reported_completed', -1, 'first')"": 1.0, ""('reported_completed', -1, 'third')"": 1.0, ""('reported_completed', 0, 'first')"": 1.0, ""('reported_completed', 0, 'third')"": 1.0}",1.0,32,"{""H0"": 1.0, ""H1"": 1.0, ""H2"": 1.0}",1.0,1.0,1.0,0,"{""atomic"": 0.00025496995507659444, ""old"": 0.00012223523776136325, ""seen_A"": 8.514836602946082e-05, ""seen_D"": 4.0014174701951324e-05}",False,False
42,O,100,train,0.9859375,"{""('recorded_plan', -3, 'first')"": 1.0, ""('recorded_plan', -3, 'third')"": 1.0, ""('recorded_plan', -2, 'first')"": 1.0, ""('recorded_plan', -2, 'third')"": 1.0, ""('recorded_plan', -1, 'first')"": 1.0, ""('recorded_plan', -1, 'third')"": 1.0, ""('recorded_plan', 0, 'first')"": 1.0, ""('recorded_plan', 0, 'third')"": 1.0, ""('recorded_plan', 1, 'first')"": 1.0, ""('recorded_plan', 1, 'third')"": 1.0, ""('recorded_plan', 2, 'first')"": 1.0, ""('recorded_plan', 2, 'third')"": 1.0, ""('recorded_plan', 3, 'first')"": 1.0, ""('recorded_plan', 3, 'third')"": 0.9375, ""('recorded_plan', 4, 'first')"": 0.875, ""('recorded_plan', 4, 'third')"": 0.875, ""('reported_cancelled', -3, 'first')"": 1.0, ""('reported_cancelled', -3, 'third')"": 1.0, ""('reported_cancelled', -2, 'first')"": 1.0, ""('reported_cancelled', -2, 'third')"": 1.0, ""('reported_cancelled', -1, 'first')"": 1.0, ""('reported_cancelled', -1, 'third')"": 1.0, ""('reported_cancelled', 0, 'first')"": 1.0, ""('reported_cancelled', 0, 'third')"": 1.0, ""('reported_cancelled', 1, 'first')"": 1.0, ""('reported_cancelled', 1, 'third')"": 1.0, ""('reported_cancelled', 2, 'first')"": 1.0, ""('reported_cancelled', 2, 'third')"": 1.0, ""('reported_cancelled', 3, 'first')"": 0.9375, ""('reported_cancelled', 3, 'third')"": 1.0, ""('reported_cancelled', 4, 'first')"": 0.875, ""('reported_cancelled', 4, 'third')"": 0.9375, ""('reported_completed', -3, 'first')"": 1.0, ""('reported_completed', -3, 'third')"": 1.0, ""('reported_completed', -2, 'first')"": 1.0, ""('reported_completed', -2, 'third')"": 1.0, ""('reported_completed', -1, 'first')"": 1.0, ""('reported_completed', -1, 'third')"": 1.0, ""('reported_completed', 0, 'first')"": 1.0, ""('reported_completed', 0, 'third')"": 1.0}",1.0,32,"{""H0"": 1.0, ""H1"": 1.0, ""H2"": 1.0}",1.0,1.0,1.0,0,"{""atomic"": 0.0009501675943971764, ""old"": 7.31098182732744e-05, ""seen_A"": 4.718486803142781e-05, ""seen_D"": 3.1876863562344007e-05}",False,False
42,O,100,dev,0.99375,"{""('recorded_plan', -3, 'first')"": 1.0, ""('recorded_plan', -3, 'third')"": 1.0, ""('recorded_plan', -2, 'first')"": 1.0, ""('recorded_plan', -2, 'third')"": 1.0, ""('recorded_plan', -1, 'first')"": 1.0, ""('recorded_plan', -1, 'third')"": 1.0, ""('recorded_plan', 0, 'first')"": 1.0, ""('recorded_plan', 0, 'third')"": 1.0, ""('recorded_plan', 1, 'first')"": 1.0, ""('recorded_plan', 1, 'third')"": 1.0, ""('recorded_plan', 2, 'first')"": 1.0, ""('recorded_plan', 2, 'third')"": 1.0, ""('recorded_plan', 3, 'first')"": 1.0, ""('recorded_plan', 3, 'third')"": 0.9375, ""('recorded_plan', 4, 'first')"": 1.0, ""('recorded_plan', 4, 'third')"": 0.9375, ""('reported_cancelled', -3, 'first')"": 1.0, ""('reported_cancelled', -3, 'third')"": 1.0, ""('reported_cancelled', -2, 'first')"": 1.0, ""('reported_cancelled', -2, 'third')"": 1.0, ""('reported_cancelled', -1, 'first')"": 1.0, ""('reported_cancelled', -1, 'third')"": 1.0, ""('reported_cancelled', 0, 'first')"": 1.0, ""('reported_cancelled', 0, 'third')"": 1.0, ""('reported_cancelled', 1, 'first')"": 1.0, ""('reported_cancelled', 1, 'third')"": 1.0, ""('reported_cancelled', 2, 'first')"": 1.0, ""('reported_cancelled', 2, 'third')"": 1.0, ""('reported_cancelled', 3, 'first')"": 0.9375, ""('reported_cancelled', 3, 'third')"": 0.9375, ""('reported_cancelled', 4, 'first')"": 1.0, ""('reported_cancelled', 4, 'third')"": 1.0, ""('reported_completed', -3, 'first')"": 1.0, ""('reported_completed', -3, 'third')"": 1.0, ""('reported_completed', -2, 'first')"": 1.0, ""('reported_completed', -2, 'third')"": 1.0, ""('reported_completed', -1, 'first')"": 1.0, ""('reported_completed', -1, 'third')"": 1.0, ""('reported_completed', 0, 'first')"": 1.0, ""('reported_completed', 0, 'third')"": 1.0}",1.0,32,"{""H0"": 1.0, ""H1"": 1.0, ""H2"": 1.0}",1.0,1.0,1.0,0,"{""atomic"": 0.0006986140656205357, ""old"": 9.528353479552696e-05, ""seen_A"": 5.2911069917192304e-05, ""seen_D"": 3.069797289033568e-05}",False,False
42,O,150,train,1.0,"{""('recorded_plan', -3, 'first')"": 1.0, ""('recorded_plan', -3, 'third')"": 1.0, ""('recorded_plan', -2, 'first')"": 1.0, ""('recorded_plan', -2, 'third')"": 1.0, ""('recorded_plan', -1, 'first')"": 1.0, ""('recorded_plan', -1, 'third')"": 1.0, ""('recorded_plan', 0, 'first')"": 1.0, ""('recorded_plan', 0, 'third')"": 1.0, ""('recorded_plan', 1, 'first')"": 1.0, ""('recorded_plan', 1, 'third')"": 1.0, ""('recorded_plan', 2, 'first')"": 1.0, ""('recorded_plan', 2, 'third')"": 1.0, ""('recorded_plan', 3, 'first')"": 1.0, ""('recorded_plan', 3, 'third')"": 1.0, ""('recorded_plan', 4, 'first')"": 1.0, ""('recorded_plan', 4, 'third')"": 1.0, ""('reported_cancelled', -3, 'first')"": 1.0, ""('reported_cancelled', -3, 'third')"": 1.0, ""('reported_cancelled', -2, 'first')"": 1.0, ""('reported_cancelled', -2, 'third')"": 1.0, ""('reported_cancelled', -1, 'first')"": 1.0, ""('reported_cancelled', -1, 'third')"": 1.0, ""('reported_cancelled', 0, 'first')"": 1.0, ""('reported_cancelled', 0, 'third')"": 1.0, ""('reported_cancelled', 1, 'first')"": 1.0, ""('reported_cancelled', 1, 'third')"": 1.0, ""('reported_cancelled', 2, 'first')"": 1.0, ""('reported_cancelled', 2, 'third')"": 1.0, ""('reported_cancelled', 3, 'first')"": 1.0, ""('reported_cancelled', 3, 'third')"": 1.0, ""('reported_cancelled', 4, 'first')"": 1.0, ""('reported_cancelled', 4, 'third')"": 1.0, ""('reported_completed', -3, 'first')"": 1.0, ""('reported_completed', -3, 'third')"": 1.0, ""('reported_completed', -2, 'first')"": 1.0, ""('reported_completed', -2, 'third')"": 1.0, ""('reported_completed', -1, 'first')"": 1.0, ""('reported_completed', -1, 'third')"": 1.0, ""('reported_completed', 0, 'first')"": 1.0, ""('reported_completed', 0, 'third')"": 1.0}",1.0,32,"{""H0"": 1.0, ""H1"": 1.0, ""H2"": 1.0}",1.0,1.0,1.0,0,"{""atomic"": 0.00039842688148684723, ""old"": 8.765628229238103e-05, ""seen_A"": 5.445637998614698e-05, ""seen_D"": 4.706676721476837e-05}",False,False
42,O,150,dev,1.0,"{""('recorded_plan', -3, 'first')"": 1.0, ""('recorded_plan', -3, 'third')"": 1.0, ""('recorded_plan', -2, 'first')"": 1.0, ""('recorded_plan', -2, 'third')"": 1.0, ""('recorded_plan', -1, 'first')"": 1.0, ""('recorded_plan', -1, 'third')"": 1.0, ""('recorded_plan', 0, 'first')"": 1.0, ""('recorded_plan', 0, 'third')"": 1.0, ""('recorded_plan', 1, 'first')"": 1.0, ""('recorded_plan', 1, 'third')"": 1.0, ""('recorded_plan', 2, 'first')"": 1.0, ""('recorded_plan', 2, 'third')"": 1.0, ""('recorded_plan', 3, 'first')"": 1.0, ""('recorded_plan', 3, 'third')"": 1.0, ""('recorded_plan', 4, 'first')"": 1.0, ""('recorded_plan', 4, 'third')"": 1.0, ""('reported_cancelled', -3, 'first')"": 1.0, ""('reported_cancelled', -3, 'third')"": 1.0, ""('reported_cancelled', -2, 'first')"": 1.0, ""('reported_cancelled', -2, 'third')"": 1.0, ""('reported_cancelled', -1, 'first')"": 1.0, ""('reported_cancelled', -1, 'third')"": 1.0, ""('reported_cancelled', 0, 'first')"": 1.0, ""('reported_cancelled', 0, 'third')"": 1.0, ""('reported_cancelled', 1, 'first')"": 1.0, ""('reported_cancelled', 1, 'third')"": 1.0, ""('reported_cancelled', 2, 'first')"": 1.0, ""('reported_cancelled', 2, 'third')"": 1.0, ""('reported_cancelled', 3, 'first')"": 1.0, ""('reported_cancelled', 3, 'third')"": 1.0, ""('reported_cancelled', 4, 'first')"": 1.0, ""('reported_cancelled', 4, 'third')"": 1.0, ""('reported_completed', -3, 'first')"": 1.0, ""('reported_completed', -3, 'third')"": 1.0, ""('reported_completed', -2, 'first')"": 1.0, ""('reported_completed', -2, 'third')"": 1.0, ""('reported_completed', -1, 'first')"": 1.0, ""('reported_completed', -1, 'third')"": 1.0, ""('reported_completed', 0, 'first')"": 1.0, ""('reported_completed', 0, 'third')"": 1.0}",1.0,32,"{""H0"": 1.0, ""H1"": 1.0, ""H2"": 1.0}",1.0,1.0,1.0,0,"{""atomic"": 0.0003887803827712367, ""old"": 9.101308970309852e-05, ""seen_A"": 5.4228932550940355e-05, ""seen_D"": 4.980583712420442e-05}",False,False
42,O,200,train,1.0,"{""('recorded_plan', -3, 'first')"": 1.0, ""('recorded_plan', -3, 'third')"": 1.0, ""('recorded_plan', -2, 'first')"": 1.0, ""('recorded_plan', -2, 'third')"": 1.0, ""('recorded_plan', -1, 'first')"": 1.0, ""('recorded_plan', -1, 'third')"": 1.0, ""('recorded_plan', 0, 'first')"": 1.0, ""('recorded_plan', 0, 'third')"": 1.0, ""('recorded_plan', 1, 'first')"": 1.0, ""('recorded_plan', 1, 'third')"": 1.0, ""('recorded_plan', 2, 'first')"": 1.0, ""('recorded_plan', 2, 'third')"": 1.0, ""('recorded_plan', 3, 'first')"": 1.0, ""('recorded_plan', 3, 'third')"": 1.0, ""('recorded_plan', 4, 'first')"": 1.0, ""('recorded_plan', 4, 'third')"": 1.0, ""('reported_cancelled', -3, 'first')"": 1.0, ""('reported_cancelled', -3, 'third')"": 1.0, ""('reported_cancelled', -2, 'first')"": 1.0, ""('reported_cancelled', -2, 'third')"": 1.0, ""('reported_cancelled', -1, 'first')"": 1.0, ""('reported_cancelled', -1, 'third')"": 1.0, ""('reported_cancelled', 0, 'first')"": 1.0, ""('reported_cancelled', 0, 'third')"": 1.0, ""('reported_cancelled', 1, 'first')"": 1.0, ""('reported_cancelled', 1, 'third')"": 1.0, ""('reported_cancelled', 2, 'first')"": 1.0, ""('reported_cancelled', 2, 'third')"": 1.0, ""('reported_cancelled', 3, 'first')"": 1.0, ""('reported_cancelled', 3, 'third')"": 1.0, ""('reported_cancelled', 4, 'first')"": 1.0, ""('reported_cancelled', 4, 'third')"": 1.0, ""('reported_completed', -3, 'first')"": 1.0, ""('reported_completed', -3, 'third')"": 1.0, ""('reported_completed', -2, 'first')"": 1.0, ""('reported_completed', -2, 'third')"": 1.0, ""('reported_completed', -1, 'first')"": 1.0, ""('reported_completed', -1, 'third')"": 1.0, ""('reported_completed', 0, 'first')"": 1.0, ""('reported_completed', 0, 'third')"": 1.0}",1.0,32,"{""H0"": 1.0, ""H1"": 1.0, ""H2"": 1.0}",1.0,1.0,1.0,0,"{""atomic"": 0.00014920380185167733, ""old"": 6.221545912954338e-05, ""seen_A"": 2.7408334410786022e-05, ""seen_D"": 2.7975478661947934e-05}",False,False
42,O,200,dev,1.0,"{""('recorded_plan', -3, 'first')"": 1.0, ""('recorded_plan', -3, 'third')"": 1.0, ""('recorded_plan', -2, 'first')"": 1.0, ""('recorded_plan', -2, 'third')"": 1.0, ""('recorded_plan', -1, 'first')"": 1.0, ""('recorded_plan', -1, 'third')"": 1.0, ""('recorded_plan', 0, 'first')"": 1.0, ""('recorded_plan', 0, 'third')"": 1.0, ""('recorded_plan', 1, 'first')"": 1.0, ""('recorded_plan', 1, 'third')"": 1.0, ""('recorded_plan', 2, 'first')"": 1.0, ""('recorded_plan', 2, 'third')"": 1.0, ""('recorded_plan', 3, 'first')"": 1.0, ""('recorded_plan', 3, 'third')"": 1.0, ""('recorded_plan', 4, 'first')"": 1.0, ""('recorded_plan', 4, 'third')"": 1.0, ""('reported_cancelled', -3, 'first')"": 1.0, ""('reported_cancelled', -3, 'third')"": 1.0, ""('reported_cancelled', -2, 'first')"": 1.0, ""('reported_cancelled', -2, 'third')"": 1.0, ""('reported_cancelled', -1, 'first')"": 1.0, ""('reported_cancelled', -1, 'third')"": 1.0, ""('reported_cancelled', 0, 'first')"": 1.0, ""('reported_cancelled', 0, 'third')"": 1.0, ""('reported_cancelled', 1, 'first')"": 1.0, ""('reported_cancelled', 1, 'third')"": 1.0, ""('reported_cancelled', 2, 'first')"": 1.0, ""('reported_cancelled', 2, 'third')"": 1.0, ""('reported_cancelled', 3, 'first')"": 1.0, ""('reported_cancelled', 3, 'third')"": 1.0, ""('reported_cancelled', 4, 'first')"": 1.0, ""('reported_cancelled', 4, 'third')"": 1.0, ""('reported_completed', -3, 'first')"": 1.0, ""('reported_completed', -3, 'third')"": 1.0, ""('reported_completed', -2, 'first')"": 1.0, ""('reported_completed', -2, 'third')"": 1.0, ""('reported_completed', -1, 'first')"": 1.0, ""('reported_completed', -1, 'third')"": 1.0, ""('reported_completed', 0, 'first')"": 1.0, ""('reported_completed', 0, 'third')"": 1.0}",1.0,32,"{""H0"": 1.0, ""H1"": 1.0, ""H2"": 1.0}",1.0,1.0,1.0,0,"{""atomic"": 0.0001584628462306596, ""old"": 6.388008264771112e-05, ""seen_A"": 2.7521250672801272e-05, ""seen_D"": 2.7898457308447427e-05}",False,False
43,N,0,train,1.0,"{""('recorded_plan', -3, 'first')"": 1.0, ""('recorded_plan', -3, 'third')"": 1.0, ""('recorded_plan', -2, 'first')"": 1.0, ""('recorded_plan', -2, 'third')"": 1.0, ""('recorded_plan', -1, 'first')"": 1.0, ""('recorded_plan', -1, 'third')"": 1.0, ""('recorded_plan', 0, 'first')"": 1.0, ""('recorded_plan', 0, 'third')"": 1.0, ""('recorded_plan', 1, 'first')"": 1.0, ""('recorded_plan', 1, 'third')"": 1.0, ""('recorded_plan', 2, 'first')"": 1.0, ""('recorded_plan', 2, 'third')"": 1.0, ""('recorded_plan', 3, 'first')"": 1.0, ""('recorded_plan', 3, 'third')"": 1.0, ""('recorded_plan', 4, 'first')"": 1.0, ""('recorded_plan', 4, 'third')"": 1.0, ""('reported_cancelled', -3, 'first')"": 1.0, ""('reported_cancelled', -3, 'third')"": 1.0, ""('reported_cancelled', -2, 'first')"": 1.0, ""('reported_cancelled', -2, 'third')"": 1.0, ""('reported_cancelled', -1, 'first')"": 1.0, ""('reported_cancelled', -1, 'third')"": 1.0, ""('reported_cancelled', 0, 'first')"": 1.0, ""('reported_cancelled', 0, 'third')"": 1.0, ""('reported_cancelled', 1, 'first')"": 1.0, ""('reported_cancelled', 1, 'third')"": 1.0, ""('reported_cancelled', 2, 'first')"": 1.0, ""('reported_cancelled', 2, 'third')"": 1.0, ""('reported_cancelled', 3, 'first')"": 1.0, ""('reported_cancelled', 3, 'third')"": 1.0, ""('reported_cancelled', 4, 'first')"": 1.0, ""('reported_cancelled', 4, 'third')"": 1.0, ""('reported_completed', -3, 'first')"": 1.0, ""('reported_completed', -3, 'third')"": 1.0, ""('reported_completed', -2, 'first')"": 1.0, ""('reported_completed', -2, 'third')"": 1.0, ""('reported_completed', -1, 'first')"": 1.0, ""('reported_completed', -1, 'third')"": 1.0, ""('reported_completed', 0, 'first')"": 1.0, ""('reported_completed', 0, 'third')"": 1.0}",1.0,32,"{""H0"": 1.0, ""H1"": 1.0, ""H2"": 1.0}",1.0,1.0,1.0,0,"{""atomic"": 0.00012863235141270392, ""old"": 6.916383068906051e-05, ""seen_A"": 0.00022951997829199323, ""seen_D"": 0.00010037353262937093}",False,False
43,N,0,dev,1.0,"{""('recorded_plan', -3, 'first')"": 1.0, ""('recorded_plan', -3, 'third')"": 1.0, ""('recorded_plan', -2, 'first')"": 1.0, ""('recorded_plan', -2, 'third')"": 1.0, ""('recorded_plan', -1, 'first')"": 1.0, ""('recorded_plan', -1, 'third')"": 1.0, ""('recorded_plan', 0, 'first')"": 1.0, ""('recorded_plan', 0, 'third')"": 1.0, ""('recorded_plan', 1, 'first')"": 1.0, ""('recorded_plan', 1, 'third')"": 1.0, ""('recorded_plan', 2, 'first')"": 1.0, ""('recorded_plan', 2, 'third')"": 1.0, ""('recorded_plan', 3, 'first')"": 1.0, ""('recorded_plan', 3, 'third')"": 1.0, ""('recorded_plan', 4, 'first')"": 1.0, ""('recorded_plan', 4, 'third')"": 1.0, ""('reported_cancelled', -3, 'first')"": 1.0, ""('reported_cancelled', -3, 'third')"": 1.0, ""('reported_cancelled', -2, 'first')"": 1.0, ""('reported_cancelled', -2, 'third')"": 1.0, ""('reported_cancelled', -1, 'first')"": 1.0, ""('reported_cancelled', -1, 'third')"": 1.0, ""('reported_cancelled', 0, 'first')"": 1.0, ""('reported_cancelled', 0, 'third')"": 1.0, ""('reported_cancelled', 1, 'first')"": 1.0, ""('reported_cancelled', 1, 'third')"": 1.0, ""('reported_cancelled', 2, 'first')"": 1.0, ""('reported_cancelled', 2, 'third')"": 1.0, ""('reported_cancelled', 3, 'first')"": 1.0, ""('reported_cancelled', 3, 'third')"": 1.0, ""('reported_cancelled', 4, 'first')"": 1.0, ""('reported_cancelled', 4, 'third')"": 1.0, ""('reported_completed', -3, 'first')"": 1.0, ""('reported_completed', -3, 'third')"": 1.0, ""('reported_completed', -2, 'first')"": 1.0, ""('reported_completed', -2, 'third')"": 1.0, ""('reported_completed', -1, 'first')"": 1.0, ""('reported_completed', -1, 'third')"": 1.0, ""('reported_completed', 0, 'first')"": 1.0, ""('reported_completed', 0, 'third')"": 1.0}",1.0,32,"{""H0"": 1.0, ""H1"": 1.0, ""H2"": 1.0}",1.0,1.0,1.0,0,"{""atomic"": 0.00012572199487502, ""old"": 7.127964935983884e-05, ""seen_A"": 0.0002136272028383743, ""seen_D"": 0.00010359149996847769}",False,False
43,N,50,train,1.0,"{""('recorded_plan', -3, 'first')"": 1.0, ""('recorded_plan', -3, 'third')"": 1.0, ""('recorded_plan', -2, 'first')"": 1.0, ""('recorded_plan', -2, 'third')"": 1.0, ""('recorded_plan', -1, 'first')"": 1.0, ""('recorded_plan', -1, 'third')"": 1.0, ""('recorded_plan', 0, 'first')"": 1.0, ""('recorded_plan', 0, 'third')"": 1.0, ""('recorded_plan', 1, 'first')"": 1.0, ""('recorded_plan', 1, 'third')"": 1.0, ""('recorded_plan', 2, 'first')"": 1.0, ""('recorded_plan', 2, 'third')"": 1.0, ""('recorded_plan', 3, 'first')"": 1.0, ""('recorded_plan', 3, 'third')"": 1.0, ""('recorded_plan', 4, 'first')"": 1.0, ""('recorded_plan', 4, 'third')"": 1.0, ""('reported_cancelled', -3, 'first')"": 1.0, ""('reported_cancelled', -3, 'third')"": 1.0, ""('reported_cancelled', -2, 'first')"": 1.0, ""('reported_cancelled', -2, 'third')"": 1.0, ""('reported_cancelled', -1, 'first')"": 1.0, ""('reported_cancelled', -1, 'third')"": 1.0, ""('reported_cancelled', 0, 'first')"": 1.0, ""('reported_cancelled', 0, 'third')"": 1.0, ""('reported_cancelled', 1, 'first')"": 1.0, ""('reported_cancelled', 1, 'third')"": 1.0, ""('reported_cancelled', 2, 'first')"": 1.0, ""('reported_cancelled', 2, 'third')"": 1.0, ""('reported_cancelled', 3, 'first')"": 1.0, ""('reported_cancelled', 3, 'third')"": 1.0, ""('reported_cancelled', 4, 'first')"": 1.0, ""('reported_cancelled', 4, 'third')"": 1.0, ""('reported_completed', -3, 'first')"": 1.0, ""('reported_completed', -3, 'third')"": 1.0, ""('reported_completed', -2, 'first')"": 1.0, ""('reported_completed', -2, 'third')"": 1.0, ""('reported_completed', -1, 'first')"": 1.0, ""('reported_completed', -1, 'third')"": 1.0, ""('reported_completed', 0, 'first')"": 1.0, ""('reported_completed', 0, 'third')"": 1.0}",1.0,32,"{""H0"": 1.0, ""H1"": 1.0, ""H2"": 1.0}",1.0,1.0,1.0,0,"{""atomic"": 0.0004070433216149636, ""old"": 0.0001792700004199335, ""seen_A"": 7.903870102586768e-05, ""seen_D"": 3.397318474844786e-05}",False,False
43,N,50,dev,1.0,"{""('recorded_plan', -3, 'first')"": 1.0, ""('recorded_plan', -3, 'third')"": 1.0, ""('recorded_plan', -2, 'first')"": 1.0, ""('recorded_plan', -2, 'third')"": 1.0, ""('recorded_plan', -1, 'first')"": 1.0, ""('recorded_plan', -1, 'third')"": 1.0, ""('recorded_plan', 0, 'first')"": 1.0, ""('recorded_plan', 0, 'third')"": 1.0, ""('recorded_plan', 1, 'first')"": 1.0, ""('recorded_plan', 1, 'third')"": 1.0, ""('recorded_plan', 2, 'first')"": 1.0, ""('recorded_plan', 2, 'third')"": 1.0, ""('recorded_plan', 3, 'first')"": 1.0, ""('recorded_plan', 3, 'third')"": 1.0, ""('recorded_plan', 4, 'first')"": 1.0, ""('recorded_plan', 4, 'third')"": 1.0, ""('reported_cancelled', -3, 'first')"": 1.0, ""('reported_cancelled', -3, 'third')"": 1.0, ""('reported_cancelled', -2, 'first')"": 1.0, ""('reported_cancelled', -2, 'third')"": 1.0, ""('reported_cancelled', -1, 'first')"": 1.0, ""('reported_cancelled', -1, 'third')"": 1.0, ""('reported_cancelled', 0, 'first')"": 1.0, ""('reported_cancelled', 0, 'third')"": 1.0, ""('reported_cancelled', 1, 'first')"": 1.0, ""('reported_cancelled', 1, 'third')"": 1.0, ""('reported_cancelled', 2, 'first')"": 1.0, ""('reported_cancelled', 2, 'third')"": 1.0, ""('reported_cancelled', 3, 'first')"": 1.0, ""('reported_cancelled', 3, 'third')"": 1.0, ""('reported_cancelled', 4, 'first')"": 1.0, ""('reported_cancelled', 4, 'third')"": 1.0, ""('reported_completed', -3, 'first')"": 1.0, ""('reported_completed', -3, 'third')"": 1.0, ""('reported_completed', -2, 'first')"": 1.0, ""('reported_completed', -2, 'third')"": 1.0, ""('reported_completed', -1, 'first')"": 1.0, ""('reported_completed', -1, 'third')"": 1.0, ""('reported_completed', 0, 'first')"": 1.0, ""('reported_completed', 0, 'third')"": 1.0}",1.0,32,"{""H0"": 1.0, ""H1"": 1.0, ""H2"": 1.0}",1.0,1.0,1.0,0,"{""atomic"": 0.0003610389690251814, ""old"": 0.00020479389307772607, ""seen_A"": 7.973085529720563e-05, ""seen_D"": 3.709659438238026e-05}",False,False
43,N,100,train,1.0,"{""('recorded_plan', -3, 'first')"": 1.0, ""('recorded_plan', -3, 'third')"": 1.0, ""('recorded_plan', -2, 'first')"": 1.0, ""('recorded_plan', -2, 'third')"": 1.0, ""('recorded_plan', -1, 'first')"": 1.0, ""('recorded_plan', -1, 'third')"": 1.0, ""('recorded_plan', 0, 'first')"": 1.0, ""('recorded_plan', 0, 'third')"": 1.0, ""('recorded_plan', 1, 'first')"": 1.0, ""('recorded_plan', 1, 'third')"": 1.0, ""('recorded_plan', 2, 'first')"": 1.0, ""('recorded_plan', 2, 'third')"": 1.0, ""('recorded_plan', 3, 'first')"": 1.0, ""('recorded_plan', 3, 'third')"": 1.0, ""('recorded_plan', 4, 'first')"": 1.0, ""('recorded_plan', 4, 'third')"": 1.0, ""('reported_cancelled', -3, 'first')"": 1.0, ""('reported_cancelled', -3, 'third')"": 1.0, ""('reported_cancelled', -2, 'first')"": 1.0, ""('reported_cancelled', -2, 'third')"": 1.0, ""('reported_cancelled', -1, 'first')"": 1.0, ""('reported_cancelled', -1, 'third')"": 1.0, ""('reported_cancelled', 0, 'first')"": 1.0, ""('reported_cancelled', 0, 'third')"": 1.0, ""('reported_cancelled', 1, 'first')"": 1.0, ""('reported_cancelled', 1, 'third')"": 1.0, ""('reported_cancelled', 2, 'first')"": 1.0, ""('reported_cancelled', 2, 'third')"": 1.0, ""('reported_cancelled', 3, 'first')"": 1.0, ""('reported_cancelled', 3, 'third')"": 1.0, ""('reported_cancelled', 4, 'first')"": 1.0, ""('reported_cancelled', 4, 'third')"": 1.0, ""('reported_completed', -3, 'first')"": 1.0, ""('reported_completed', -3, 'third')"": 1.0, ""('reported_completed', -2, 'first')"": 1.0, ""('reported_completed', -2, 'third')"": 1.0, ""('reported_completed', -1, 'first')"": 1.0, ""('reported_completed', -1, 'third')"": 1.0, ""('reported_completed', 0, 'first')"": 1.0, ""('reported_completed', 0, 'third')"": 1.0}",1.0,32,"{""H0"": 1.0, ""H1"": 1.0, ""H2"": 1.0}",1.0,1.0,1.0,0,"{""atomic"": 0.00022986918048643675, ""old"": 0.00013989984317166763, ""seen_A"": 3.311897547766465e-05, ""seen_D"": 3.059187088461196e-05}",False,False
43,N,100,dev,1.0,"{""('recorded_plan', -3, 'first')"": 1.0, ""('recorded_plan', -3, 'third')"": 1.0, ""('recorded_plan', -2, 'first')"": 1.0, ""('recorded_plan', -2, 'third')"": 1.0, ""('recorded_plan', -1, 'first')"": 1.0, ""('recorded_plan', -1, 'third')"": 1.0, ""('recorded_plan', 0, 'first')"": 1.0, ""('recorded_plan', 0, 'third')"": 1.0, ""('recorded_plan', 1, 'first')"": 1.0, ""('recorded_plan', 1, 'third')"": 1.0, ""('recorded_plan', 2, 'first')"": 1.0, ""('recorded_plan', 2, 'third')"": 1.0, ""('recorded_plan', 3, 'first')"": 1.0, ""('recorded_plan', 3, 'third')"": 1.0, ""('recorded_plan', 4, 'first')"": 1.0, ""('recorded_plan', 4, 'third')"": 1.0, ""('reported_cancelled', -3, 'first')"": 1.0, ""('reported_cancelled', -3, 'third')"": 1.0, ""('reported_cancelled', -2, 'first')"": 1.0, ""('reported_cancelled', -2, 'third')"": 1.0, ""('reported_cancelled', -1, 'first')"": 1.0, ""('reported_cancelled', -1, 'third')"": 1.0, ""('reported_cancelled', 0, 'first')"": 1.0, ""('reported_cancelled', 0, 'third')"": 1.0, ""('reported_cancelled', 1, 'first')"": 1.0, ""('reported_cancelled', 1, 'third')"": 1.0, ""('reported_cancelled', 2, 'first')"": 1.0, ""('reported_cancelled', 2, 'third')"": 1.0, ""('reported_cancelled', 3, 'first')"": 1.0, ""('reported_cancelled', 3, 'third')"": 1.0, ""('reported_cancelled', 4, 'first')"": 1.0, ""('reported_cancelled', 4, 'third')"": 1.0, ""('reported_completed', -3, 'first')"": 1.0, ""('reported_completed', -3, 'third')"": 1.0, ""('reported_completed', -2, 'first')"": 1.0, ""('reported_completed', -2, 'third')"": 1.0, ""('reported_completed', -1, 'first')"": 1.0, ""('reported_completed', -1, 'third')"": 1.0, ""('reported_completed', 0, 'first')"": 1.0, ""('reported_completed', 0, 'third')"": 1.0}",1.0,32,"{""H0"": 1.0, ""H1"": 1.0, ""H2"": 1.0}",1.0,1.0,1.0,0,"{""atomic"": 0.0002278352929673316, ""old"": 0.00015171841968356406, ""seen_A"": 3.471766429784061e-05, ""seen_D"": 3.02699780030573e-05}",False,False
43,N,150,train,1.0,"{""('recorded_plan', -3, 'first')"": 1.0, ""('recorded_plan', -3, 'third')"": 1.0, ""('recorded_plan', -2, 'first')"": 1.0, ""('recorded_plan', -2, 'third')"": 1.0, ""('recorded_plan', -1, 'first')"": 1.0, ""('recorded_plan', -1, 'third')"": 1.0, ""('recorded_plan', 0, 'first')"": 1.0, ""('recorded_plan', 0, 'third')"": 1.0, ""('recorded_plan', 1, 'first')"": 1.0, ""('recorded_plan', 1, 'third')"": 1.0, ""('recorded_plan', 2, 'first')"": 1.0, ""('recorded_plan', 2, 'third')"": 1.0, ""('recorded_plan', 3, 'first')"": 1.0, ""('recorded_plan', 3, 'third')"": 1.0, ""('recorded_plan', 4, 'first')"": 1.0, ""('recorded_plan', 4, 'third')"": 1.0, ""('reported_cancelled', -3, 'first')"": 1.0, ""('reported_cancelled', -3, 'third')"": 1.0, ""('reported_cancelled', -2, 'first')"": 1.0, ""('reported_cancelled', -2, 'third')"": 1.0, ""('reported_cancelled', -1, 'first')"": 1.0, ""('reported_cancelled', -1, 'third')"": 1.0, ""('reported_cancelled', 0, 'first')"": 1.0, ""('reported_cancelled', 0, 'third')"": 1.0, ""('reported_cancelled', 1, 'first')"": 1.0, ""('reported_cancelled', 1, 'third')"": 1.0, ""('reported_cancelled', 2, 'first')"": 1.0, ""('reported_cancelled', 2, 'third')"": 1.0, ""('reported_cancelled', 3, 'first')"": 1.0, ""('reported_cancelled', 3, 'third')"": 1.0, ""('reported_cancelled', 4, 'first')"": 1.0, ""('reported_cancelled', 4, 'third')"": 1.0, ""('reported_completed', -3, 'first')"": 1.0, ""('reported_completed', -3, 'third')"": 1.0, ""('reported_completed', -2, 'first')"": 1.0, ""('reported_completed', -2, 'third')"": 1.0, ""('reported_completed', -1, 'first')"": 1.0, ""('reported_completed', -1, 'third')"": 1.0, ""('reported_completed', 0, 'first')"": 1.0, ""('reported_completed', 0, 'third')"": 1.0}",1.0,32,"{""H0"": 1.0, ""H1"": 1.0, ""H2"": 1.0}",1.0,1.0,1.0,0,"{""atomic"": 8.24896071381602e-05, ""old"": 8.4417835836237e-05, ""seen_A"": 2.3054921175978744e-05, ""seen_D"": 2.0806527144643333e-05}",False,False
43,N,150,dev,1.0,"{""('recorded_plan', -3, 'first')"": 1.0, ""('recorded_plan', -3, 'third')"": 1.0, ""('recorded_plan', -2, 'first')"": 1.0, ""('recorded_plan', -2, 'third')"": 1.0, ""('recorded_plan', -1, 'first')"": 1.0, ""('recorded_plan', -1, 'third')"": 1.0, ""('recorded_plan', 0, 'first')"": 1.0, ""('recorded_plan', 0, 'third')"": 1.0, ""('recorded_plan', 1, 'first')"": 1.0, ""('recorded_plan', 1, 'third')"": 1.0, ""('recorded_plan', 2, 'first')"": 1.0, ""('recorded_plan', 2, 'third')"": 1.0, ""('recorded_plan', 3, 'first')"": 1.0, ""('recorded_plan', 3, 'third')"": 1.0, ""('recorded_plan', 4, 'first')"": 1.0, ""('recorded_plan', 4, 'third')"": 1.0, ""('reported_cancelled', -3, 'first')"": 1.0, ""('reported_cancelled', -3, 'third')"": 1.0, ""('reported_cancelled', -2, 'first')"": 1.0, ""('reported_cancelled', -2, 'third')"": 1.0, ""('reported_cancelled', -1, 'first')"": 1.0, ""('reported_cancelled', -1, 'third')"": 1.0, ""('reported_cancelled', 0, 'first')"": 1.0, ""('reported_cancelled', 0, 'third')"": 1.0, ""('reported_cancelled', 1, 'first')"": 1.0, ""('reported_cancelled', 1, 'third')"": 1.0, ""('reported_cancelled', 2, 'first')"": 1.0, ""('reported_cancelled', 2, 'third')"": 1.0, ""('reported_cancelled', 3, 'first')"": 1.0, ""('reported_cancelled', 3, 'third')"": 1.0, ""('reported_cancelled', 4, 'first')"": 1.0, ""('reported_cancelled', 4, 'third')"": 1.0, ""('reported_completed', -3, 'first')"": 1.0, ""('reported_completed', -3, 'third')"": 1.0, ""('reported_completed', -2, 'first')"": 1.0, ""('reported_completed', -2, 'third')"": 1.0, ""('reported_completed', -1, 'first')"": 1.0, ""('reported_completed', -1, 'third')"": 1.0, ""('reported_completed', 0, 'first')"": 1.0, ""('reported_completed', 0, 'third')"": 1.0}",1.0,32,"{""H0"": 1.0, ""H1"": 1.0, ""H2"": 1.0}",1.0,1.0,1.0,0,"{""atomic"": 8.142436702595185e-05, ""old"": 8.719685022651346e-05, ""seen_A"": 2.4456531445551765e-05, ""seen_D"": 2.171948429354838e-05}",False,False
43,N,200,train,1.0,"{""('recorded_plan', -3, 'first')"": 1.0, ""('recorded_plan', -3, 'third')"": 1.0, ""('recorded_plan', -2, 'first')"": 1.0, ""('recorded_plan', -2, 'third')"": 1.0, ""('recorded_plan', -1, 'first')"": 1.0, ""('recorded_plan', -1, 'third')"": 1.0, ""('recorded_plan', 0, 'first')"": 1.0, ""('recorded_plan', 0, 'third')"": 1.0, ""('recorded_plan', 1, 'first')"": 1.0, ""('recorded_plan', 1, 'third')"": 1.0, ""('recorded_plan', 2, 'first')"": 1.0, ""('recorded_plan', 2, 'third')"": 1.0, ""('recorded_plan', 3, 'first')"": 1.0, ""('recorded_plan', 3, 'third')"": 1.0, ""('recorded_plan', 4, 'first')"": 1.0, ""('recorded_plan', 4, 'third')"": 1.0, ""('reported_cancelled', -3, 'first')"": 1.0, ""('reported_cancelled', -3, 'third')"": 1.0, ""('reported_cancelled', -2, 'first')"": 1.0, ""('reported_cancelled', -2, 'third')"": 1.0, ""('reported_cancelled', -1, 'first')"": 1.0, ""('reported_cancelled', -1, 'third')"": 1.0, ""('reported_cancelled', 0, 'first')"": 1.0, ""('reported_cancelled', 0, 'third')"": 1.0, ""('reported_cancelled', 1, 'first')"": 1.0, ""('reported_cancelled', 1, 'third')"": 1.0, ""('reported_cancelled', 2, 'first')"": 1.0, ""('reported_cancelled', 2, 'third')"": 1.0, ""('reported_cancelled', 3, 'first')"": 1.0, ""('reported_cancelled', 3, 'third')"": 1.0, ""('reported_cancelled', 4, 'first')"": 1.0, ""('reported_cancelled', 4, 'third')"": 1.0, ""('reported_completed', -3, 'first')"": 1.0, ""('reported_completed', -3, 'third')"": 1.0, ""('reported_completed', -2, 'first')"": 1.0, ""('reported_completed', -2, 'third')"": 1.0, ""('reported_completed', -1, 'first')"": 1.0, ""('reported_completed', -1, 'third')"": 1.0, ""('reported_completed', 0, 'first')"": 1.0, ""('reported_completed', 0, 'third')"": 1.0}",1.0,32,"{""H0"": 1.0, ""H1"": 1.0, ""H2"": 1.0}",1.0,1.0,1.0,0,"{""atomic"": 5.940985125103961e-05, ""old"": 6.402497032255994e-05, ""seen_A"": 1.775198741664344e-05, ""seen_D"": 1.7563689582547732e-05}",False,False
43,N,200,dev,1.0,"{""('recorded_plan', -3, 'first')"": 1.0, ""('recorded_plan', -3, 'third')"": 1.0, ""('recorded_plan', -2, 'first')"": 1.0, ""('recorded_plan', -2, 'third')"": 1.0, ""('recorded_plan', -1, 'first')"": 1.0, ""('recorded_plan', -1, 'third')"": 1.0, ""('recorded_plan', 0, 'first')"": 1.0, ""('recorded_plan', 0, 'third')"": 1.0, ""('recorded_plan', 1, 'first')"": 1.0, ""('recorded_plan', 1, 'third')"": 1.0, ""('recorded_plan', 2, 'first')"": 1.0, ""('recorded_plan', 2, 'third')"": 1.0, ""('recorded_plan', 3, 'first')"": 1.0, ""('recorded_plan', 3, 'third')"": 1.0, ""('recorded_plan', 4, 'first')"": 1.0, ""('recorded_plan', 4, 'third')"": 1.0, ""('reported_cancelled', -3, 'first')"": 1.0, ""('reported_cancelled', -3, 'third')"": 1.0, ""('reported_cancelled', -2, 'first')"": 1.0, ""('reported_cancelled', -2, 'third')"": 1.0, ""('reported_cancelled', -1, 'first')"": 1.0, ""('reported_cancelled', -1, 'third')"": 1.0, ""('reported_cancelled', 0, 'first')"": 1.0, ""('reported_cancelled', 0, 'third')"": 1.0, ""('reported_cancelled', 1, 'first')"": 1.0, ""('reported_cancelled', 1, 'third')"": 1.0, ""('reported_cancelled', 2, 'first')"": 1.0, ""('reported_cancelled', 2, 'third')"": 1.0, ""('reported_cancelled', 3, 'first')"": 1.0, ""('reported_cancelled', 3, 'third')"": 1.0, ""('reported_cancelled', 4, 'first')"": 1.0, ""('reported_cancelled', 4, 'third')"": 1.0, ""('reported_completed', -3, 'first')"": 1.0, ""('reported_completed', -3, 'third')"": 1.0, ""('reported_completed', -2, 'first')"": 1.0, ""('reported_completed', -2, 'third')"": 1.0, ""('reported_completed', -1, 'first')"": 1.0, ""('reported_completed', -1, 'third')"": 1.0, ""('reported_completed', 0, 'first')"": 1.0, ""('reported_completed', 0, 'third')"": 1.0}",1.0,32,"{""H0"": 1.0, ""H1"": 1.0, ""H2"": 1.0}",1.0,1.0,1.0,0,"{""atomic"": 5.909201268578422e-05, ""old"": 6.507963954560852e-05, ""seen_A"": 1.8975978198428153e-05, ""seen_D"": 1.846655637971787e-05}",False,False
43,F,0,train,1.0,"{""('recorded_plan', -3, 'first')"": 1.0, ""('recorded_plan', -3, 'third')"": 1.0, ""('recorded_plan', -2, 'first')"": 1.0, ""('recorded_plan', -2, 'third')"": 1.0, ""('recorded_plan', -1, 'first')"": 1.0, ""('recorded_plan', -1, 'third')"": 1.0, ""('recorded_plan', 0, 'first')"": 1.0, ""('recorded_plan', 0, 'third')"": 1.0, ""('recorded_plan', 1, 'first')"": 1.0, ""('recorded_plan', 1, 'third')"": 1.0, ""('recorded_plan', 2, 'first')"": 1.0, ""('recorded_plan', 2, 'third')"": 1.0, ""('recorded_plan', 3, 'first')"": 1.0, ""('recorded_plan', 3, 'third')"": 1.0, ""('recorded_plan', 4, 'first')"": 1.0, ""('recorded_plan', 4, 'third')"": 1.0, ""('reported_cancelled', -3, 'first')"": 1.0, ""('reported_cancelled', -3, 'third')"": 1.0, ""('reported_cancelled', -2, 'first')"": 1.0, ""('reported_cancelled', -2, 'third')"": 1.0, ""('reported_cancelled', -1, 'first')"": 1.0, ""('reported_cancelled', -1, 'third')"": 1.0, ""('reported_cancelled', 0, 'first')"": 1.0, ""('reported_cancelled', 0, 'third')"": 1.0, ""('reported_cancelled', 1, 'first')"": 1.0, ""('reported_cancelled', 1, 'third')"": 1.0, ""('reported_cancelled', 2, 'first')"": 1.0, ""('reported_cancelled', 2, 'third')"": 1.0, ""('reported_cancelled', 3, 'first')"": 1.0, ""('reported_cancelled', 3, 'third')"": 1.0, ""('reported_cancelled', 4, 'first')"": 1.0, ""('reported_cancelled', 4, 'third')"": 1.0, ""('reported_completed', -3, 'first')"": 1.0, ""('reported_completed', -3, 'third')"": 1.0, ""('reported_completed', -2, 'first')"": 1.0, ""('reported_completed', -2, 'third')"": 1.0, ""('reported_completed', -1, 'first')"": 1.0, ""('reported_completed', -1, 'third')"": 1.0, ""('reported_completed', 0, 'first')"": 1.0, ""('reported_completed', 0, 'third')"": 1.0}",1.0,32,"{""H0"": 1.0, ""H1"": 1.0, ""H2"": 1.0}",1.0,0.0,0.0,0,"{""atomic"": 0.00012863235141270392, ""old"": 6.916383068906051e-05, ""seen_A"": 0.00022951997829199323, ""seen_D"": 0.1764892292799102}",False,False
43,F,0,dev,1.0,"{""('recorded_plan', -3, 'first')"": 1.0, ""('recorded_plan', -3, 'third')"": 1.0, ""('recorded_plan', -2, 'first')"": 1.0, ""('recorded_plan', -2, 'third')"": 1.0, ""('recorded_plan', -1, 'first')"": 1.0, ""('recorded_plan', -1, 'third')"": 1.0, ""('recorded_plan', 0, 'first')"": 1.0, ""('recorded_plan', 0, 'third')"": 1.0, ""('recorded_plan', 1, 'first')"": 1.0, ""('recorded_plan', 1, 'third')"": 1.0, ""('recorded_plan', 2, 'first')"": 1.0, ""('recorded_plan', 2, 'third')"": 1.0, ""('recorded_plan', 3, 'first')"": 1.0, ""('recorded_plan', 3, 'third')"": 1.0, ""('recorded_plan', 4, 'first')"": 1.0, ""('recorded_plan', 4, 'third')"": 1.0, ""('reported_cancelled', -3, 'first')"": 1.0, ""('reported_cancelled', -3, 'third')"": 1.0, ""('reported_cancelled', -2, 'first')"": 1.0, ""('reported_cancelled', -2, 'third')"": 1.0, ""('reported_cancelled', -1, 'first')"": 1.0, ""('reported_cancelled', -1, 'third')"": 1.0, ""('reported_cancelled', 0, 'first')"": 1.0, ""('reported_cancelled', 0, 'third')"": 1.0, ""('reported_cancelled', 1, 'first')"": 1.0, ""('reported_cancelled', 1, 'third')"": 1.0, ""('reported_cancelled', 2, 'first')"": 1.0, ""('reported_cancelled', 2, 'third')"": 1.0, ""('reported_cancelled', 3, 'first')"": 1.0, ""('reported_cancelled', 3, 'third')"": 1.0, ""('reported_cancelled', 4, 'first')"": 1.0, ""('reported_cancelled', 4, 'third')"": 1.0, ""('reported_completed', -3, 'first')"": 1.0, ""('reported_completed', -3, 'third')"": 1.0, ""('reported_completed', -2, 'first')"": 1.0, ""('reported_completed', -2, 'third')"": 1.0, ""('reported_completed', -1, 'first')"": 1.0, ""('reported_completed', -1, 'third')"": 1.0, ""('reported_completed', 0, 'first')"": 1.0, ""('reported_completed', 0, 'third')"": 1.0}",1.0,32,"{""H0"": 1.0, ""H1"": 1.0, ""H2"": 1.0}",1.0,0.0,0.0,0,"{""atomic"": 0.00012572199487502, ""old"": 7.127964935983884e-05, ""seen_A"": 0.0002136272028383743, ""seen_D"": 0.18186405154525256}",False,False
43,F,50,train,1.0,"{""('recorded_plan', -3, 'first')"": 1.0, ""('recorded_plan', -3, 'third')"": 1.0, ""('recorded_plan', -2, 'first')"": 1.0, ""('recorded_plan', -2, 'third')"": 1.0, ""('recorded_plan', -1, 'first')"": 1.0, ""('recorded_plan', -1, 'third')"": 1.0, ""('recorded_plan', 0, 'first')"": 1.0, ""('recorded_plan', 0, 'third')"": 1.0, ""('recorded_plan', 1, 'first')"": 1.0, ""('recorded_plan', 1, 'third')"": 1.0, ""('recorded_plan', 2, 'first')"": 1.0, ""('recorded_plan', 2, 'third')"": 1.0, ""('recorded_plan', 3, 'first')"": 1.0, ""('recorded_plan', 3, 'third')"": 1.0, ""('recorded_plan', 4, 'first')"": 1.0, ""('recorded_plan', 4, 'third')"": 1.0, ""('reported_cancelled', -3, 'first')"": 1.0, ""('reported_cancelled', -3, 'third')"": 1.0, ""('reported_cancelled', -2, 'first')"": 1.0, ""('reported_cancelled', -2, 'third')"": 1.0, ""('reported_cancelled', -1, 'first')"": 1.0, ""('reported_cancelled', -1, 'third')"": 1.0, ""('reported_cancelled', 0, 'first')"": 1.0, ""('reported_cancelled', 0, 'third')"": 1.0, ""('reported_cancelled', 1, 'first')"": 1.0, ""('reported_cancelled', 1, 'third')"": 1.0, ""('reported_cancelled', 2, 'first')"": 1.0, ""('reported_cancelled', 2, 'third')"": 1.0, ""('reported_cancelled', 3, 'first')"": 1.0, ""('reported_cancelled', 3, 'third')"": 1.0, ""('reported_cancelled', 4, 'first')"": 1.0, ""('reported_cancelled', 4, 'third')"": 1.0, ""('reported_completed', -3, 'first')"": 1.0, ""('reported_completed', -3, 'third')"": 1.0, ""('reported_completed', -2, 'first')"": 1.0, ""('reported_completed', -2, 'third')"": 1.0, ""('reported_completed', -1, 'first')"": 1.0, ""('reported_completed', -1, 'third')"": 1.0, ""('reported_completed', 0, 'first')"": 1.0, ""('reported_completed', 0, 'third')"": 1.0}",1.0,32,"{""H0"": 1.0, ""H1"": 1.0, ""H2"": 1.0}",1.0,1.0,1.0,0,"{""atomic"": 0.00030635008954940597, ""old"": 0.00027771643670756205, ""seen_A"": 0.00012492247019342198, ""seen_D"": 4.416527185498091e-05}",False,False
43,F,50,dev,1.0,"{""('recorded_plan', -3, 'first')"": 1.0, ""('recorded_plan', -3, 'third')"": 1.0, ""('recorded_plan', -2, 'first')"": 1.0, ""('recorded_plan', -2, 'third')"": 1.0, ""('recorded_plan', -1, 'first')"": 1.0, ""('recorded_plan', -1, 'third')"": 1.0, ""('recorded_plan', 0, 'first')"": 1.0, ""('recorded_plan', 0, 'third')"": 1.0, ""('recorded_plan', 1, 'first')"": 1.0, ""('recorded_plan', 1, 'third')"": 1.0, ""('recorded_plan', 2, 'first')"": 1.0, ""('recorded_plan', 2, 'third')"": 1.0, ""('recorded_plan', 3, 'first')"": 1.0, ""('recorded_plan', 3, 'third')"": 1.0, ""('recorded_plan', 4, 'first')"": 1.0, ""('recorded_plan', 4, 'third')"": 1.0, ""('reported_cancelled', -3, 'first')"": 1.0, ""('reported_cancelled', -3, 'third')"": 1.0, ""('reported_cancelled', -2, 'first')"": 1.0, ""('reported_cancelled', -2, 'third')"": 1.0, ""('reported_cancelled', -1, 'first')"": 1.0, ""('reported_cancelled', -1, 'third')"": 1.0, ""('reported_cancelled', 0, 'first')"": 1.0, ""('reported_cancelled', 0, 'third')"": 1.0, ""('reported_cancelled', 1, 'first')"": 1.0, ""('reported_cancelled', 1, 'third')"": 1.0, ""('reported_cancelled', 2, 'first')"": 1.0, ""('reported_cancelled', 2, 'third')"": 1.0, ""('reported_cancelled', 3, 'first')"": 1.0, ""('reported_cancelled', 3, 'third')"": 1.0, ""('reported_cancelled', 4, 'first')"": 1.0, ""('reported_cancelled', 4, 'third')"": 1.0, ""('reported_completed', -3, 'first')"": 1.0, ""('reported_completed', -3, 'third')"": 1.0, ""('reported_completed', -2, 'first')"": 1.0, ""('reported_completed', -2, 'third')"": 1.0, ""('reported_completed', -1, 'first')"": 1.0, ""('reported_completed', -1, 'third')"": 1.0, ""('reported_completed', 0, 'first')"": 1.0, ""('reported_completed', 0, 'third')"": 1.0}",1.0,32,"{""H0"": 1.0, ""H1"": 1.0, ""H2"": 1.0}",1.0,1.0,1.0,0,"{""atomic"": 0.0002978173155499627, ""old"": 0.00029384385523476507, ""seen_A"": 0.0001273002520666707, ""seen_D"": 4.877595856271766e-05}",False,False
43,F,100,train,1.0,"{""('recorded_plan', -3, 'first')"": 1.0, ""('recorded_plan', -3, 'third')"": 1.0, ""('recorded_plan', -2, 'first')"": 1.0, ""('recorded_plan', -2, 'third')"": 1.0, ""('recorded_plan', -1, 'first')"": 1.0, ""('recorded_plan', -1, 'third')"": 1.0, ""('recorded_plan', 0, 'first')"": 1.0, ""('recorded_plan', 0, 'third')"": 1.0, ""('recorded_plan', 1, 'first')"": 1.0, ""('recorded_plan', 1, 'third')"": 1.0, ""('recorded_plan', 2, 'first')"": 1.0, ""('recorded_plan', 2, 'third')"": 1.0, ""('recorded_plan', 3, 'first')"": 1.0, ""('recorded_plan', 3, 'third')"": 1.0, ""('recorded_plan', 4, 'first')"": 1.0, ""('recorded_plan', 4, 'third')"": 1.0, ""('reported_cancelled', -3, 'first')"": 1.0, ""('reported_cancelled', -3, 'third')"": 1.0, ""('reported_cancelled', -2, 'first')"": 1.0, ""('reported_cancelled', -2, 'third')"": 1.0, ""('reported_cancelled', -1, 'first')"": 1.0, ""('reported_cancelled', -1, 'third')"": 1.0, ""('reported_cancelled', 0, 'first')"": 1.0, ""('reported_cancelled', 0, 'third')"": 1.0, ""('reported_cancelled', 1, 'first')"": 1.0, ""('reported_cancelled', 1, 'third')"": 1.0, ""('reported_cancelled', 2, 'first')"": 1.0, ""('reported_cancelled', 2, 'third')"": 1.0, ""('reported_cancelled', 3, 'first')"": 1.0, ""('reported_cancelled', 3, 'third')"": 1.0, ""('reported_cancelled', 4, 'first')"": 1.0, ""('reported_cancelled', 4, 'third')"": 1.0, ""('reported_completed', -3, 'first')"": 1.0, ""('reported_completed', -3, 'third')"": 1.0, ""('reported_completed', -2, 'first')"": 1.0, ""('reported_completed', -2, 'third')"": 1.0, ""('reported_completed', -1, 'first')"": 1.0, ""('reported_completed', -1, 'third')"": 1.0, ""('reported_completed', 0, 'first')"": 1.0, ""('reported_completed', 0, 'third')"": 1.0}",1.0,32,"{""H0"": 1.0, ""H1"": 1.0, ""H2"": 1.0}",1.0,1.0,1.0,0,"{""atomic"": 0.00014509377790049562, ""old"": 0.0001341989022937184, ""seen_A"": 5.587454930420465e-05, ""seen_D"": 4.1352104527681175e-05}",False,False
43,F,100,dev,1.0,"{""('recorded_plan', -3, 'first')"": 1.0, ""('recorded_plan', -3, 'third')"": 1.0, ""('recorded_plan', -2, 'first')"": 1.0, ""('recorded_plan', -2, 'third')"": 1.0, ""('recorded_plan', -1, 'first')"": 1.0, ""('recorded_plan', -1, 'third')"": 1.0, ""('recorded_plan', 0, 'first')"": 1.0, ""('recorded_plan', 0, 'third')"": 1.0, ""('recorded_plan', 1, 'first')"": 1.0, ""('recorded_plan', 1, 'third')"": 1.0, ""('recorded_plan', 2, 'first')"": 1.0, ""('recorded_plan', 2, 'third')"": 1.0, ""('recorded_plan', 3, 'first')"": 1.0, ""('recorded_plan', 3, 'third')"": 1.0, ""('recorded_plan', 4, 'first')"": 1.0, ""('recorded_plan', 4, 'third')"": 1.0, ""('reported_cancelled', -3, 'first')"": 1.0, ""('reported_cancelled', -3, 'third')"": 1.0, ""('reported_cancelled', -2, 'first')"": 1.0, ""('reported_cancelled', -2, 'third')"": 1.0, ""('reported_cancelled', -1, 'first')"": 1.0, ""('reported_cancelled', -1, 'third')"": 1.0, ""('reported_cancelled', 0, 'first')"": 1.0, ""('reported_cancelled', 0, 'third')"": 1.0, ""('reported_cancelled', 1, 'first')"": 1.0, ""('reported_cancelled', 1, 'third')"": 1.0, ""('reported_cancelled', 2, 'first')"": 1.0, ""('reported_cancelled', 2, 'third')"": 1.0, ""('reported_cancelled', 3, 'first')"": 1.0, ""('reported_cancelled', 3, 'third')"": 1.0, ""('reported_cancelled', 4, 'first')"": 1.0, ""('reported_cancelled', 4, 'third')"": 1.0, ""('reported_completed', -3, 'first')"": 1.0, ""('reported_completed', -3, 'third')"": 1.0, ""('reported_completed', -2, 'first')"": 1.0, ""('reported_completed', -2, 'third')"": 1.0, ""('reported_completed', -1, 'first')"": 1.0, ""('reported_completed', -1, 'third')"": 1.0, ""('reported_completed', 0, 'first')"": 1.0, ""('reported_completed', 0, 'third')"": 1.0}",1.0,32,"{""H0"": 1.0, ""H1"": 1.0, ""H2"": 1.0}",1.0,1.0,1.0,0,"{""atomic"": 0.00014963351528688015, ""old"": 0.0001440495013124854, ""seen_A"": 5.6489294107311246e-05, ""seen_D"": 4.557340216308914e-05}",False,False
43,F,150,train,1.0,"{""('recorded_plan', -3, 'first')"": 1.0, ""('recorded_plan', -3, 'third')"": 1.0, ""('recorded_plan', -2, 'first')"": 1.0, ""('recorded_plan', -2, 'third')"": 1.0, ""('recorded_plan', -1, 'first')"": 1.0, ""('recorded_plan', -1, 'third')"": 1.0, ""('recorded_plan', 0, 'first')"": 1.0, ""('recorded_plan', 0, 'third')"": 1.0, ""('recorded_plan', 1, 'first')"": 1.0, ""('recorded_plan', 1, 'third')"": 1.0, ""('recorded_plan', 2, 'first')"": 1.0, ""('recorded_plan', 2, 'third')"": 1.0, ""('recorded_plan', 3, 'first')"": 1.0, ""('recorded_plan', 3, 'third')"": 1.0, ""('recorded_plan', 4, 'first')"": 1.0, ""('recorded_plan', 4, 'third')"": 1.0, ""('reported_cancelled', -3, 'first')"": 1.0, ""('reported_cancelled', -3, 'third')"": 1.0, ""('reported_cancelled', -2, 'first')"": 1.0, ""('reported_cancelled', -2, 'third')"": 1.0, ""('reported_cancelled', -1, 'first')"": 1.0, ""('reported_cancelled', -1, 'third')"": 1.0, ""('reported_cancelled', 0, 'first')"": 1.0, ""('reported_cancelled', 0, 'third')"": 1.0, ""('reported_cancelled', 1, 'first')"": 1.0, ""('reported_cancelled', 1, 'third')"": 1.0, ""('reported_cancelled', 2, 'first')"": 1.0, ""('reported_cancelled', 2, 'third')"": 1.0, ""('reported_cancelled', 3, 'first')"": 1.0, ""('reported_cancelled', 3, 'third')"": 1.0, ""('reported_cancelled', 4, 'first')"": 1.0, ""('reported_cancelled', 4, 'third')"": 1.0, ""('reported_completed', -3, 'first')"": 1.0, ""('reported_completed', -3, 'third')"": 1.0, ""('reported_completed', -2, 'first')"": 1.0, ""('reported_completed', -2, 'third')"": 1.0, ""('reported_completed', -1, 'first')"": 1.0, ""('reported_completed', -1, 'third')"": 1.0, ""('reported_completed', 0, 'first')"": 1.0, ""('reported_completed', 0, 'third')"": 1.0}",1.0,32,"{""H0"": 1.0, ""H1"": 1.0, ""H2"": 1.0}",1.0,1.0,1.0,0,"{""atomic"": 0.0001027049579374471, ""old"": 9.444478271395052e-05, ""seen_A"": 3.755515356948713e-05, ""seen_D"": 3.312187124956071e-05}",False,False
43,F,150,dev,1.0,"{""('recorded_plan', -3, 'first')"": 1.0, ""('recorded_plan', -3, 'third')"": 1.0, ""('recorded_plan', -2, 'first')"": 1.0, ""('recorded_plan', -2, 'third')"": 1.0, ""('recorded_plan', -1, 'first')"": 1.0, ""('recorded_plan', -1, 'third')"": 1.0, ""('recorded_plan', 0, 'first')"": 1.0, ""('recorded_plan', 0, 'third')"": 1.0, ""('recorded_plan', 1, 'first')"": 1.0, ""('recorded_plan', 1, 'third')"": 1.0, ""('recorded_plan', 2, 'first')"": 1.0, ""('recorded_plan', 2, 'third')"": 1.0, ""('recorded_plan', 3, 'first')"": 1.0, ""('recorded_plan', 3, 'third')"": 1.0, ""('recorded_plan', 4, 'first')"": 1.0, ""('recorded_plan', 4, 'third')"": 1.0, ""('reported_cancelled', -3, 'first')"": 1.0, ""('reported_cancelled', -3, 'third')"": 1.0, ""('reported_cancelled', -2, 'first')"": 1.0, ""('reported_cancelled', -2, 'third')"": 1.0, ""('reported_cancelled', -1, 'first')"": 1.0, ""('reported_cancelled', -1, 'third')"": 1.0, ""('reported_cancelled', 0, 'first')"": 1.0, ""('reported_cancelled', 0, 'third')"": 1.0, ""('reported_cancelled', 1, 'first')"": 1.0, ""('reported_cancelled', 1, 'third')"": 1.0, ""('reported_cancelled', 2, 'first')"": 1.0, ""('reported_cancelled', 2, 'third')"": 1.0, ""('reported_cancelled', 3, 'first')"": 1.0, ""('reported_cancelled', 3, 'third')"": 1.0, ""('reported_cancelled', 4, 'first')"": 1.0, ""('reported_cancelled', 4, 'third')"": 1.0, ""('reported_completed', -3, 'first')"": 1.0, ""('reported_completed', -3, 'third')"": 1.0, ""('reported_completed', -2, 'first')"": 1.0, ""('reported_completed', -2, 'third')"": 1.0, ""('reported_completed', -1, 'first')"": 1.0, ""('reported_completed', -1, 'third')"": 1.0, ""('reported_completed', 0, 'first')"": 1.0, ""('reported_completed', 0, 'third')"": 1.0}",1.0,32,"{""H0"": 1.0, ""H1"": 1.0, ""H2"": 1.0}",1.0,1.0,1.0,0,"{""atomic"": 0.00010465696360968267, ""old"": 0.00010037600058927338, ""seen_A"": 3.853384955643671e-05, ""seen_D"": 3.595601968006664e-05}",False,False
43,F,200,train,1.0,"{""('recorded_plan', -3, 'first')"": 1.0, ""('recorded_plan', -3, 'third')"": 1.0, ""('recorded_plan', -2, 'first')"": 1.0, ""('recorded_plan', -2, 'third')"": 1.0, ""('recorded_plan', -1, 'first')"": 1.0, ""('recorded_plan', -1, 'third')"": 1.0, ""('recorded_plan', 0, 'first')"": 1.0, ""('recorded_plan', 0, 'third')"": 1.0, ""('recorded_plan', 1, 'first')"": 1.0, ""('recorded_plan', 1, 'third')"": 1.0, ""('recorded_plan', 2, 'first')"": 1.0, ""('recorded_plan', 2, 'third')"": 1.0, ""('recorded_plan', 3, 'first')"": 1.0, ""('recorded_plan', 3, 'third')"": 1.0, ""('recorded_plan', 4, 'first')"": 1.0, ""('recorded_plan', 4, 'third')"": 1.0, ""('reported_cancelled', -3, 'first')"": 1.0, ""('reported_cancelled', -3, 'third')"": 1.0, ""('reported_cancelled', -2, 'first')"": 1.0, ""('reported_cancelled', -2, 'third')"": 1.0, ""('reported_cancelled', -1, 'first')"": 1.0, ""('reported_cancelled', -1, 'third')"": 1.0, ""('reported_cancelled', 0, 'first')"": 1.0, ""('reported_cancelled', 0, 'third')"": 1.0, ""('reported_cancelled', 1, 'first')"": 1.0, ""('reported_cancelled', 1, 'third')"": 1.0, ""('reported_cancelled', 2, 'first')"": 1.0, ""('reported_cancelled', 2, 'third')"": 1.0, ""('reported_cancelled', 3, 'first')"": 1.0, ""('reported_cancelled', 3, 'third')"": 1.0, ""('reported_cancelled', 4, 'first')"": 1.0, ""('reported_cancelled', 4, 'third')"": 1.0, ""('reported_completed', -3, 'first')"": 1.0, ""('reported_completed', -3, 'third')"": 1.0, ""('reported_completed', -2, 'first')"": 1.0, ""('reported_completed', -2, 'third')"": 1.0, ""('reported_completed', -1, 'first')"": 1.0, ""('reported_completed', -1, 'third')"": 1.0, ""('reported_completed', 0, 'first')"": 1.0, ""('reported_completed', 0, 'third')"": 1.0}",1.0,32,"{""H0"": 1.0, ""H1"": 1.0, ""H2"": 1.0}",1.0,1.0,1.0,0,"{""atomic"": 7.808053887372122e-05, ""old"": 7.39043631010996e-05, ""seen_A"": 2.9731982496909524e-05, ""seen_D"": 2.7514664248375062e-05}",False,False
43,F,200,dev,1.0,"{""('recorded_plan', -3, 'first')"": 1.0, ""('recorded_plan', -3, 'third')"": 1.0, ""('recorded_plan', -2, 'first')"": 1.0, ""('recorded_plan', -2, 'third')"": 1.0, ""('recorded_plan', -1, 'first')"": 1.0, ""('recorded_plan', -1, 'third')"": 1.0, ""('recorded_plan', 0, 'first')"": 1.0, ""('recorded_plan', 0, 'third')"": 1.0, ""('recorded_plan', 1, 'first')"": 1.0, ""('recorded_plan', 1, 'third')"": 1.0, ""('recorded_plan', 2, 'first')"": 1.0, ""('recorded_plan', 2, 'third')"": 1.0, ""('recorded_plan', 3, 'first')"": 1.0, ""('recorded_plan', 3, 'third')"": 1.0, ""('recorded_plan', 4, 'first')"": 1.0, ""('recorded_plan', 4, 'third')"": 1.0, ""('reported_cancelled', -3, 'first')"": 1.0, ""('reported_cancelled', -3, 'third')"": 1.0, ""('reported_cancelled', -2, 'first')"": 1.0, ""('reported_cancelled', -2, 'third')"": 1.0, ""('reported_cancelled', -1, 'first')"": 1.0, ""('reported_cancelled', -1, 'third')"": 1.0, ""('reported_cancelled', 0, 'first')"": 1.0, ""('reported_cancelled', 0, 'third')"": 1.0, ""('reported_cancelled', 1, 'first')"": 1.0, ""('reported_cancelled', 1, 'third')"": 1.0, ""('reported_cancelled', 2, 'first')"": 1.0, ""('reported_cancelled', 2, 'third')"": 1.0, ""('reported_cancelled', 3, 'first')"": 1.0, ""('reported_cancelled', 3, 'third')"": 1.0, ""('reported_cancelled', 4, 'first')"": 1.0, ""('reported_cancelled', 4, 'third')"": 1.0, ""('reported_completed', -3, 'first')"": 1.0, ""('reported_completed', -3, 'third')"": 1.0, ""('reported_completed', -2, 'first')"": 1.0, ""('reported_completed', -2, 'third')"": 1.0, ""('reported_completed', -1, 'first')"": 1.0, ""('reported_completed', -1, 'third')"": 1.0, ""('reported_completed', 0, 'first')"": 1.0, ""('reported_completed', 0, 'third')"": 1.0}",1.0,32,"{""H0"": 1.0, ""H1"": 1.0, ""H2"": 1.0}",1.0,1.0,1.0,0,"{""atomic"": 7.866350426655359e-05, ""old"": 7.807695532150982e-05, ""seen_A"": 3.060587843093777e-05, ""seen_D"": 2.9587032606753984e-05}",False,False
43,O,0,train,1.0,"{""('recorded_plan', -3, 'first')"": 1.0, ""('recorded_plan', -3, 'third')"": 1.0, ""('recorded_plan', -2, 'first')"": 1.0, ""('recorded_plan', -2, 'third')"": 1.0, ""('recorded_plan', -1, 'first')"": 1.0, ""('recorded_plan', -1, 'third')"": 1.0, ""('recorded_plan', 0, 'first')"": 1.0, ""('recorded_plan', 0, 'third')"": 1.0, ""('recorded_plan', 1, 'first')"": 1.0, ""('recorded_plan', 1, 'third')"": 1.0, ""('recorded_plan', 2, 'first')"": 1.0, ""('recorded_plan', 2, 'third')"": 1.0, ""('recorded_plan', 3, 'first')"": 1.0, ""('recorded_plan', 3, 'third')"": 1.0, ""('recorded_plan', 4, 'first')"": 1.0, ""('recorded_plan', 4, 'third')"": 1.0, ""('reported_cancelled', -3, 'first')"": 1.0, ""('reported_cancelled', -3, 'third')"": 1.0, ""('reported_cancelled', -2, 'first')"": 1.0, ""('reported_cancelled', -2, 'third')"": 1.0, ""('reported_cancelled', -1, 'first')"": 1.0, ""('reported_cancelled', -1, 'third')"": 1.0, ""('reported_cancelled', 0, 'first')"": 1.0, ""('reported_cancelled', 0, 'third')"": 1.0, ""('reported_cancelled', 1, 'first')"": 1.0, ""('reported_cancelled', 1, 'third')"": 1.0, ""('reported_cancelled', 2, 'first')"": 1.0, ""('reported_cancelled', 2, 'third')"": 1.0, ""('reported_cancelled', 3, 'first')"": 1.0, ""('reported_cancelled', 3, 'third')"": 1.0, ""('reported_cancelled', 4, 'first')"": 1.0, ""('reported_cancelled', 4, 'third')"": 1.0, ""('reported_completed', -3, 'first')"": 1.0, ""('reported_completed', -3, 'third')"": 1.0, ""('reported_completed', -2, 'first')"": 1.0, ""('reported_completed', -2, 'third')"": 1.0, ""('reported_completed', -1, 'first')"": 1.0, ""('reported_completed', -1, 'third')"": 1.0, ""('reported_completed', 0, 'first')"": 1.0, ""('reported_completed', 0, 'third')"": 1.0}",1.0,32,"{""H0"": 1.0, ""H1"": 1.0, ""H2"": 1.0}",1.0,0.0,0.0,0,"{""atomic"": 0.00012863235141270392, ""old"": 6.916383068906051e-05, ""seen_A"": 0.00022951997829199323, ""seen_D"": 0.1764892292799102}",False,False
43,O,0,dev,1.0,"{""('recorded_plan', -3, 'first')"": 1.0, ""('recorded_plan', -3, 'third')"": 1.0, ""('recorded_plan', -2, 'first')"": 1.0, ""('recorded_plan', -2, 'third')"": 1.0, ""('recorded_plan', -1, 'first')"": 1.0, ""('recorded_plan', -1, 'third')"": 1.0, ""('recorded_plan', 0, 'first')"": 1.0, ""('recorded_plan', 0, 'third')"": 1.0, ""('recorded_plan', 1, 'first')"": 1.0, ""('recorded_plan', 1, 'third')"": 1.0, ""('recorded_plan', 2, 'first')"": 1.0, ""('recorded_plan', 2, 'third')"": 1.0, ""('recorded_plan', 3, 'first')"": 1.0, ""('recorded_plan', 3, 'third')"": 1.0, ""('recorded_plan', 4, 'first')"": 1.0, ""('recorded_plan', 4, 'third')"": 1.0, ""('reported_cancelled', -3, 'first')"": 1.0, ""('reported_cancelled', -3, 'third')"": 1.0, ""('reported_cancelled', -2, 'first')"": 1.0, ""('reported_cancelled', -2, 'third')"": 1.0, ""('reported_cancelled', -1, 'first')"": 1.0, ""('reported_cancelled', -1, 'third')"": 1.0, ""('reported_cancelled', 0, 'first')"": 1.0, ""('reported_cancelled', 0, 'third')"": 1.0, ""('reported_cancelled', 1, 'first')"": 1.0, ""('reported_cancelled', 1, 'third')"": 1.0, ""('reported_cancelled', 2, 'first')"": 1.0, ""('reported_cancelled', 2, 'third')"": 1.0, ""('reported_cancelled', 3, 'first')"": 1.0, ""('reported_cancelled', 3, 'third')"": 1.0, ""('reported_cancelled', 4, 'first')"": 1.0, ""('reported_cancelled', 4, 'third')"": 1.0, ""('reported_completed', -3, 'first')"": 1.0, ""('reported_completed', -3, 'third')"": 1.0, ""('reported_completed', -2, 'first')"": 1.0, ""('reported_completed', -2, 'third')"": 1.0, ""('reported_completed', -1, 'first')"": 1.0, ""('reported_completed', -1, 'third')"": 1.0, ""('reported_completed', 0, 'first')"": 1.0, ""('reported_completed', 0, 'third')"": 1.0}",1.0,32,"{""H0"": 1.0, ""H1"": 1.0, ""H2"": 1.0}",1.0,0.0,0.0,0,"{""atomic"": 0.00012572199487502, ""old"": 7.127964935983884e-05, ""seen_A"": 0.0002136272028383743, ""seen_D"": 0.18186405154525256}",False,False
43,O,50,train,1.0,"{""('recorded_plan', -3, 'first')"": 1.0, ""('recorded_plan', -3, 'third')"": 1.0, ""('recorded_plan', -2, 'first')"": 1.0, ""('recorded_plan', -2, 'third')"": 1.0, ""('recorded_plan', -1, 'first')"": 1.0, ""('recorded_plan', -1, 'third')"": 1.0, ""('recorded_plan', 0, 'first')"": 1.0, ""('recorded_plan', 0, 'third')"": 1.0, ""('recorded_plan', 1, 'first')"": 1.0, ""('recorded_plan', 1, 'third')"": 1.0, ""('recorded_plan', 2, 'first')"": 1.0, ""('recorded_plan', 2, 'third')"": 1.0, ""('recorded_plan', 3, 'first')"": 1.0, ""('recorded_plan', 3, 'third')"": 1.0, ""('recorded_plan', 4, 'first')"": 1.0, ""('recorded_plan', 4, 'third')"": 1.0, ""('reported_cancelled', -3, 'first')"": 1.0, ""('reported_cancelled', -3, 'third')"": 1.0, ""('reported_cancelled', -2, 'first')"": 1.0, ""('reported_cancelled', -2, 'third')"": 1.0, ""('reported_cancelled', -1, 'first')"": 1.0, ""('reported_cancelled', -1, 'third')"": 1.0, ""('reported_cancelled', 0, 'first')"": 1.0, ""('reported_cancelled', 0, 'third')"": 1.0, ""('reported_cancelled', 1, 'first')"": 1.0, ""('reported_cancelled', 1, 'third')"": 1.0, ""('reported_cancelled', 2, 'first')"": 1.0, ""('reported_cancelled', 2, 'third')"": 1.0, ""('reported_cancelled', 3, 'first')"": 1.0, ""('reported_cancelled', 3, 'third')"": 1.0, ""('reported_cancelled', 4, 'first')"": 1.0, ""('reported_cancelled', 4, 'third')"": 1.0, ""('reported_completed', -3, 'first')"": 1.0, ""('reported_completed', -3, 'third')"": 1.0, ""('reported_completed', -2, 'first')"": 1.0, ""('reported_completed', -2, 'third')"": 1.0, ""('reported_completed', -1, 'first')"": 1.0, ""('reported_completed', -1, 'third')"": 1.0, ""('reported_completed', 0, 'first')"": 1.0, ""('reported_completed', 0, 'third')"": 1.0}",1.0,32,"{""H0"": 1.0, ""H1"": 1.0, ""H2"": 1.0}",1.0,1.0,1.0,0,"{""atomic"": 0.00041967946960717097, ""old"": 0.00022970333054648026, ""seen_A"": 0.00015814179615237657, ""seen_D"": 7.932873779536305e-05}",False,False
43,O,50,dev,1.0,"{""('recorded_plan', -3, 'first')"": 1.0, ""('recorded_plan', -3, 'third')"": 1.0, ""('recorded_plan', -2, 'first')"": 1.0, ""('recorded_plan', -2, 'third')"": 1.0, ""('recorded_plan', -1, 'first')"": 1.0, ""('recorded_plan', -1, 'third')"": 1.0, ""('recorded_plan', 0, 'first')"": 1.0, ""('recorded_plan', 0, 'third')"": 1.0, ""('recorded_plan', 1, 'first')"": 1.0, ""('recorded_plan', 1, 'third')"": 1.0, ""('recorded_plan', 2, 'first')"": 1.0, ""('recorded_plan', 2, 'third')"": 1.0, ""('recorded_plan', 3, 'first')"": 1.0, ""('recorded_plan', 3, 'third')"": 1.0, ""('recorded_plan', 4, 'first')"": 1.0, ""('recorded_plan', 4, 'third')"": 1.0, ""('reported_cancelled', -3, 'first')"": 1.0, ""('reported_cancelled', -3, 'third')"": 1.0, ""('reported_cancelled', -2, 'first')"": 1.0, ""('reported_cancelled', -2, 'third')"": 1.0, ""('reported_cancelled', -1, 'first')"": 1.0, ""('reported_cancelled', -1, 'third')"": 1.0, ""('reported_cancelled', 0, 'first')"": 1.0, ""('reported_cancelled', 0, 'third')"": 1.0, ""('reported_cancelled', 1, 'first')"": 1.0, ""('reported_cancelled', 1, 'third')"": 1.0, ""('reported_cancelled', 2, 'first')"": 1.0, ""('reported_cancelled', 2, 'third')"": 1.0, ""('reported_cancelled', 3, 'first')"": 1.0, ""('reported_cancelled', 3, 'third')"": 1.0, ""('reported_cancelled', 4, 'first')"": 1.0, ""('reported_cancelled', 4, 'third')"": 1.0, ""('reported_completed', -3, 'first')"": 1.0, ""('reported_completed', -3, 'third')"": 1.0, ""('reported_completed', -2, 'first')"": 1.0, ""('reported_completed', -2, 'third')"": 1.0, ""('reported_completed', -1, 'first')"": 1.0, ""('reported_completed', -1, 'third')"": 1.0, ""('reported_completed', 0, 'first')"": 1.0, ""('reported_completed', 0, 'third')"": 1.0}",1.0,32,"{""H0"": 1.0, ""H1"": 1.0, ""H2"": 1.0}",1.0,1.0,1.0,0,"{""atomic"": 0.0003894926349017929, ""old"": 0.00024858472216021053, ""seen_A"": 0.00014887197605395293, ""seen_D"": 8.418193151232852e-05}",False,False
43,O,100,train,1.0,"{""('recorded_plan', -3, 'first')"": 1.0, ""('recorded_plan', -3, 'third')"": 1.0, ""('recorded_plan', -2, 'first')"": 1.0, ""('recorded_plan', -2, 'third')"": 1.0, ""('recorded_plan', -1, 'first')"": 1.0, ""('recorded_plan', -1, 'third')"": 1.0, ""('recorded_plan', 0, 'first')"": 1.0, ""('recorded_plan', 0, 'third')"": 1.0, ""('recorded_plan', 1, 'first')"": 1.0, ""('recorded_plan', 1, 'third')"": 1.0, ""('recorded_plan', 2, 'first')"": 1.0, ""('recorded_plan', 2, 'third')"": 1.0, ""('recorded_plan', 3, 'first')"": 1.0, ""('recorded_plan', 3, 'third')"": 1.0, ""('recorded_plan', 4, 'first')"": 1.0, ""('recorded_plan', 4, 'third')"": 1.0, ""('reported_cancelled', -3, 'first')"": 1.0, ""('reported_cancelled', -3, 'third')"": 1.0, ""('reported_cancelled', -2, 'first')"": 1.0, ""('reported_cancelled', -2, 'third')"": 1.0, ""('reported_cancelled', -1, 'first')"": 1.0, ""('reported_cancelled', -1, 'third')"": 1.0, ""('reported_cancelled', 0, 'first')"": 1.0, ""('reported_cancelled', 0, 'third')"": 1.0, ""('reported_cancelled', 1, 'first')"": 1.0, ""('reported_cancelled', 1, 'third')"": 1.0, ""('reported_cancelled', 2, 'first')"": 1.0, ""('reported_cancelled', 2, 'third')"": 1.0, ""('reported_cancelled', 3, 'first')"": 1.0, ""('reported_cancelled', 3, 'third')"": 1.0, ""('reported_cancelled', 4, 'first')"": 1.0, ""('reported_cancelled', 4, 'third')"": 1.0, ""('reported_completed', -3, 'first')"": 1.0, ""('reported_completed', -3, 'third')"": 1.0, ""('reported_completed', -2, 'first')"": 1.0, ""('reported_completed', -2, 'third')"": 1.0, ""('reported_completed', -1, 'first')"": 1.0, ""('reported_completed', -1, 'third')"": 1.0, ""('reported_completed', 0, 'first')"": 1.0, ""('reported_completed', 0, 'third')"": 1.0}",1.0,32,"{""H0"": 1.0, ""H1"": 1.0, ""H2"": 1.0}",1.0,1.0,1.0,0,"{""atomic"": 0.00015903222358480023, ""old"": 0.0001438994557935039, ""seen_A"": 6.230401122889493e-05, ""seen_D"": 5.972108260628589e-05}",False,False
43,O,100,dev,1.0,"{""('recorded_plan', -3, 'first')"": 1.0, ""('recorded_plan', -3, 'third')"": 1.0, ""('recorded_plan', -2, 'first')"": 1.0, ""('recorded_plan', -2, 'third')"": 1.0, ""('recorded_plan', -1, 'first')"": 1.0, ""('recorded_plan', -1, 'third')"": 1.0, ""('recorded_plan', 0, 'first')"": 1.0, ""('recorded_plan', 0, 'third')"": 1.0, ""('recorded_plan', 1, 'first')"": 1.0, ""('recorded_plan', 1, 'third')"": 1.0, ""('recorded_plan', 2, 'first')"": 1.0, ""('recorded_plan', 2, 'third')"": 1.0, ""('recorded_plan', 3, 'first')"": 1.0, ""('recorded_plan', 3, 'third')"": 1.0, ""('recorded_plan', 4, 'first')"": 1.0, ""('recorded_plan', 4, 'third')"": 1.0, ""('reported_cancelled', -3, 'first')"": 1.0, ""('reported_cancelled', -3, 'third')"": 1.0, ""('reported_cancelled', -2, 'first')"": 1.0, ""('reported_cancelled', -2, 'third')"": 1.0, ""('reported_cancelled', -1, 'first')"": 1.0, ""('reported_cancelled', -1, 'third')"": 1.0, ""('reported_cancelled', 0, 'first')"": 1.0, ""('reported_cancelled', 0, 'third')"": 1.0, ""('reported_cancelled', 1, 'first')"": 1.0, ""('reported_cancelled', 1, 'third')"": 1.0, ""('reported_cancelled', 2, 'first')"": 1.0, ""('reported_cancelled', 2, 'third')"": 1.0, ""('reported_cancelled', 3, 'first')"": 1.0, ""('reported_cancelled', 3, 'third')"": 1.0, ""('reported_cancelled', 4, 'first')"": 1.0, ""('reported_cancelled', 4, 'third')"": 1.0, ""('reported_completed', -3, 'first')"": 1.0, ""('reported_completed', -3, 'third')"": 1.0, ""('reported_completed', -2, 'first')"": 1.0, ""('reported_completed', -2, 'third')"": 1.0, ""('reported_completed', -1, 'first')"": 1.0, ""('reported_completed', -1, 'third')"": 1.0, ""('reported_completed', 0, 'first')"": 1.0, ""('reported_completed', 0, 'third')"": 1.0}",1.0,32,"{""H0"": 1.0, ""H1"": 1.0, ""H2"": 1.0}",1.0,1.0,1.0,0,"{""atomic"": 0.0001639493743689655, ""old"": 0.00015156053480640196, ""seen_A"": 6.0980015305822584e-05, ""seen_D"": 6.318694485359077e-05}",False,False
43,O,150,train,1.0,"{""('recorded_plan', -3, 'first')"": 1.0, ""('recorded_plan', -3, 'third')"": 1.0, ""('recorded_plan', -2, 'first')"": 1.0, ""('recorded_plan', -2, 'third')"": 1.0, ""('recorded_plan', -1, 'first')"": 1.0, ""('recorded_plan', -1, 'third')"": 1.0, ""('recorded_plan', 0, 'first')"": 1.0, ""('recorded_plan', 0, 'third')"": 1.0, ""('recorded_plan', 1, 'first')"": 1.0, ""('recorded_plan', 1, 'third')"": 1.0, ""('recorded_plan', 2, 'first')"": 1.0, ""('recorded_plan', 2, 'third')"": 1.0, ""('recorded_plan', 3, 'first')"": 1.0, ""('recorded_plan', 3, 'third')"": 1.0, ""('recorded_plan', 4, 'first')"": 1.0, ""('recorded_plan', 4, 'third')"": 1.0, ""('reported_cancelled', -3, 'first')"": 1.0, ""('reported_cancelled', -3, 'third')"": 1.0, ""('reported_cancelled', -2, 'first')"": 1.0, ""('reported_cancelled', -2, 'third')"": 1.0, ""('reported_cancelled', -1, 'first')"": 1.0, ""('reported_cancelled', -1, 'third')"": 1.0, ""('reported_cancelled', 0, 'first')"": 1.0, ""('reported_cancelled', 0, 'third')"": 1.0, ""('reported_cancelled', 1, 'first')"": 1.0, ""('reported_cancelled', 1, 'third')"": 1.0, ""('reported_cancelled', 2, 'first')"": 1.0, ""('reported_cancelled', 2, 'third')"": 1.0, ""('reported_cancelled', 3, 'first')"": 1.0, ""('reported_cancelled', 3, 'third')"": 1.0, ""('reported_cancelled', 4, 'first')"": 1.0, ""('reported_cancelled', 4, 'third')"": 1.0, ""('reported_completed', -3, 'first')"": 1.0, ""('reported_completed', -3, 'third')"": 1.0, ""('reported_completed', -2, 'first')"": 1.0, ""('reported_completed', -2, 'third')"": 1.0, ""('reported_completed', -1, 'first')"": 1.0, ""('reported_completed', -1, 'third')"": 1.0, ""('reported_completed', 0, 'first')"": 1.0, ""('reported_completed', 0, 'third')"": 1.0}",1.0,32,"{""H0"": 1.0, ""H1"": 1.0, ""H2"": 1.0}",1.0,1.0,1.0,0,"{""atomic"": 0.00010938074397409603, ""old"": 0.0001029716797306646, ""seen_A"": 4.4219391316231065e-05, ""seen_D"": 4.02472020484497e-05}",False,False
43,O,150,dev,1.0,"{""('recorded_plan', -3, 'first')"": 1.0, ""('recorded_plan', -3, 'third')"": 1.0, ""('recorded_plan', -2, 'first')"": 1.0, ""('recorded_plan', -2, 'third')"": 1.0, ""('recorded_plan', -1, 'first')"": 1.0, ""('recorded_plan', -1, 'third')"": 1.0, ""('recorded_plan', 0, 'first')"": 1.0, ""('recorded_plan', 0, 'third')"": 1.0, ""('recorded_plan', 1, 'first')"": 1.0, ""('recorded_plan', 1, 'third')"": 1.0, ""('recorded_plan', 2, 'first')"": 1.0, ""('recorded_plan', 2, 'third')"": 1.0, ""('recorded_plan', 3, 'first')"": 1.0, ""('recorded_plan', 3, 'third')"": 1.0, ""('recorded_plan', 4, 'first')"": 1.0, ""('recorded_plan', 4, 'third')"": 1.0, ""('reported_cancelled', -3, 'first')"": 1.0, ""('reported_cancelled', -3, 'third')"": 1.0, ""('reported_cancelled', -2, 'first')"": 1.0, ""('reported_cancelled', -2, 'third')"": 1.0, ""('reported_cancelled', -1, 'first')"": 1.0, ""('reported_cancelled', -1, 'third')"": 1.0, ""('reported_cancelled', 0, 'first')"": 1.0, ""('reported_cancelled', 0, 'third')"": 1.0, ""('reported_cancelled', 1, 'first')"": 1.0, ""('reported_cancelled', 1, 'third')"": 1.0, ""('reported_cancelled', 2, 'first')"": 1.0, ""('reported_cancelled', 2, 'third')"": 1.0, ""('reported_cancelled', 3, 'first')"": 1.0, ""('reported_cancelled', 3, 'third')"": 1.0, ""('reported_cancelled', 4, 'first')"": 1.0, ""('reported_cancelled', 4, 'third')"": 1.0, ""('reported_completed', -3, 'first')"": 1.0, ""('reported_completed', -3, 'third')"": 1.0, ""('reported_completed', -2, 'first')"": 1.0, ""('reported_completed', -2, 'third')"": 1.0, ""('reported_completed', -1, 'first')"": 1.0, ""('reported_completed', -1, 'third')"": 1.0, ""('reported_completed', 0, 'first')"": 1.0, ""('reported_completed', 0, 'third')"": 1.0}",1.0,32,"{""H0"": 1.0, ""H1"": 1.0, ""H2"": 1.0}",1.0,1.0,1.0,0,"{""atomic"": 0.000111456429193611, ""old"": 0.00010784740010085459, ""seen_A"": 4.41655963678371e-05, ""seen_D"": 4.22233284662269e-05}",False,False
43,O,200,train,1.0,"{""('recorded_plan', -3, 'first')"": 1.0, ""('recorded_plan', -3, 'third')"": 1.0, ""('recorded_plan', -2, 'first')"": 1.0, ""('recorded_plan', -2, 'third')"": 1.0, ""('recorded_plan', -1, 'first')"": 1.0, ""('recorded_plan', -1, 'third')"": 1.0, ""('recorded_plan', 0, 'first')"": 1.0, ""('recorded_plan', 0, 'third')"": 1.0, ""('recorded_plan', 1, 'first')"": 1.0, ""('recorded_plan', 1, 'third')"": 1.0, ""('recorded_plan', 2, 'first')"": 1.0, ""('recorded_plan', 2, 'third')"": 1.0, ""('recorded_plan', 3, 'first')"": 1.0, ""('recorded_plan', 3, 'third')"": 1.0, ""('recorded_plan', 4, 'first')"": 1.0, ""('recorded_plan', 4, 'third')"": 1.0, ""('reported_cancelled', -3, 'first')"": 1.0, ""('reported_cancelled', -3, 'third')"": 1.0, ""('reported_cancelled', -2, 'first')"": 1.0, ""('reported_cancelled', -2, 'third')"": 1.0, ""('reported_cancelled', -1, 'first')"": 1.0, ""('reported_cancelled', -1, 'third')"": 1.0, ""('reported_cancelled', 0, 'first')"": 1.0, ""('reported_cancelled', 0, 'third')"": 1.0, ""('reported_cancelled', 1, 'first')"": 1.0, ""('reported_cancelled', 1, 'third')"": 1.0, ""('reported_cancelled', 2, 'first')"": 1.0, ""('reported_cancelled', 2, 'third')"": 1.0, ""('reported_cancelled', 3, 'first')"": 1.0, ""('reported_cancelled', 3, 'third')"": 1.0, ""('reported_cancelled', 4, 'first')"": 1.0, ""('reported_cancelled', 4, 'third')"": 1.0, ""('reported_completed', -3, 'first')"": 1.0, ""('reported_completed', -3, 'third')"": 1.0, ""('reported_completed', -2, 'first')"": 1.0, ""('reported_completed', -2, 'third')"": 1.0, ""('reported_completed', -1, 'first')"": 1.0, ""('reported_completed', -1, 'third')"": 1.0, ""('reported_completed', 0, 'first')"": 1.0, ""('reported_completed', 0, 'third')"": 1.0}",1.0,32,"{""H0"": 1.0, ""H1"": 1.0, ""H2"": 1.0}",1.0,1.0,1.0,0,"{""atomic"": 8.333112185102763e-05, ""old"": 8.05554924462932e-05, ""seen_A"": 3.427178752159995e-05, ""seen_D"": 3.127912135246327e-05}",False,False
43,O,200,dev,1.0,"{""('recorded_plan', -3, 'first')"": 1.0, ""('recorded_plan', -3, 'third')"": 1.0, ""('recorded_plan', -2, 'first')"": 1.0, ""('recorded_plan', -2, 'third')"": 1.0, ""('recorded_plan', -1, 'first')"": 1.0, ""('recorded_plan', -1, 'third')"": 1.0, ""('recorded_plan', 0, 'first')"": 1.0, ""('recorded_plan', 0, 'third')"": 1.0, ""('recorded_plan', 1, 'first')"": 1.0, ""('recorded_plan', 1, 'third')"": 1.0, ""('recorded_plan', 2, 'first')"": 1.0, ""('recorded_plan', 2, 'third')"": 1.0, ""('recorded_plan', 3, 'first')"": 1.0, ""('recorded_plan', 3, 'third')"": 1.0, ""('recorded_plan', 4, 'first')"": 1.0, ""('recorded_plan', 4, 'third')"": 1.0, ""('reported_cancelled', -3, 'first')"": 1.0, ""('reported_cancelled', -3, 'third')"": 1.0, ""('reported_cancelled', -2, 'first')"": 1.0, ""('reported_cancelled', -2, 'third')"": 1.0, ""('reported_cancelled', -1, 'first')"": 1.0, ""('reported_cancelled', -1, 'third')"": 1.0, ""('reported_cancelled', 0, 'first')"": 1.0, ""('reported_cancelled', 0, 'third')"": 1.0, ""('reported_cancelled', 1, 'first')"": 1.0, ""('reported_cancelled', 1, 'third')"": 1.0, ""('reported_cancelled', 2, 'first')"": 1.0, ""('reported_cancelled', 2, 'third')"": 1.0, ""('reported_cancelled', 3, 'first')"": 1.0, ""('reported_cancelled', 3, 'third')"": 1.0, ""('reported_cancelled', 4, 'first')"": 1.0, ""('reported_cancelled', 4, 'third')"": 1.0, ""('reported_completed', -3, 'first')"": 1.0, ""('reported_completed', -3, 'third')"": 1.0, ""('reported_completed', -2, 'first')"": 1.0, ""('reported_completed', -2, 'third')"": 1.0, ""('reported_completed', -1, 'first')"": 1.0, ""('reported_completed', -1, 'third')"": 1.0, ""('reported_completed', 0, 'first')"": 1.0, ""('reported_completed', 0, 'third')"": 1.0}",1.0,32,"{""H0"": 1.0, ""H1"": 1.0, ""H2"": 1.0}",1.0,1.0,1.0,0,"{""atomic"": 8.43219397961027e-05, ""old"": 8.418534309026276e-05, ""seen_A"": 3.4405111344442116e-05, ""seen_D"": 3.2534544267742566e-05}",False,False
44,N,0,train,1.0,"{""('recorded_plan', -3, 'first')"": 1.0, ""('recorded_plan', -3, 'third')"": 1.0, ""('recorded_plan', -2, 'first')"": 1.0, ""('recorded_plan', -2, 'third')"": 1.0, ""('recorded_plan', -1, 'first')"": 1.0, ""('recorded_plan', -1, 'third')"": 1.0, ""('recorded_plan', 0, 'first')"": 1.0, ""('recorded_plan', 0, 'third')"": 1.0, ""('recorded_plan', 1, 'first')"": 1.0, ""('recorded_plan', 1, 'third')"": 1.0, ""('recorded_plan', 2, 'first')"": 1.0, ""('recorded_plan', 2, 'third')"": 1.0, ""('recorded_plan', 3, 'first')"": 1.0, ""('recorded_plan', 3, 'third')"": 1.0, ""('recorded_plan', 4, 'first')"": 1.0, ""('recorded_plan', 4, 'third')"": 1.0, ""('reported_cancelled', -3, 'first')"": 1.0, ""('reported_cancelled', -3, 'third')"": 1.0, ""('reported_cancelled', -2, 'first')"": 1.0, ""('reported_cancelled', -2, 'third')"": 1.0, ""('reported_cancelled', -1, 'first')"": 1.0, ""('reported_cancelled', -1, 'third')"": 1.0, ""('reported_cancelled', 0, 'first')"": 1.0, ""('reported_cancelled', 0, 'third')"": 1.0, ""('reported_cancelled', 1, 'first')"": 1.0, ""('reported_cancelled', 1, 'third')"": 1.0, ""('reported_cancelled', 2, 'first')"": 1.0, ""('reported_cancelled', 2, 'third')"": 1.0, ""('reported_cancelled', 3, 'first')"": 1.0, ""('reported_cancelled', 3, 'third')"": 1.0, ""('reported_cancelled', 4, 'first')"": 1.0, ""('reported_cancelled', 4, 'third')"": 1.0, ""('reported_completed', -3, 'first')"": 1.0, ""('reported_completed', -3, 'third')"": 1.0, ""('reported_completed', -2, 'first')"": 1.0, ""('reported_completed', -2, 'third')"": 1.0, ""('reported_completed', -1, 'first')"": 1.0, ""('reported_completed', -1, 'third')"": 1.0, ""('reported_completed', 0, 'first')"": 1.0, ""('reported_completed', 0, 'third')"": 1.0}",1.0,32,"{""H0"": 1.0, ""H1"": 1.0, ""H2"": 1.0}",1.0,1.0,1.0,0,"{""atomic"": 0.00015613439891712152, ""old"": 8.172865962673432e-05, ""seen_A"": 0.00025330720029599467, ""seen_D"": 0.00010721372921282636}",False,False
44,N,0,dev,1.0,"{""('recorded_plan', -3, 'first')"": 1.0, ""('recorded_plan', -3, 'third')"": 1.0, ""('recorded_plan', -2, 'first')"": 1.0, ""('recorded_plan', -2, 'third')"": 1.0, ""('recorded_plan', -1, 'first')"": 1.0, ""('recorded_plan', -1, 'third')"": 1.0, ""('recorded_plan', 0, 'first')"": 1.0, ""('recorded_plan', 0, 'third')"": 1.0, ""('recorded_plan', 1, 'first')"": 1.0, ""('recorded_plan', 1, 'third')"": 1.0, ""('recorded_plan', 2, 'first')"": 1.0, ""('recorded_plan', 2, 'third')"": 1.0, ""('recorded_plan', 3, 'first')"": 1.0, ""('recorded_plan', 3, 'third')"": 1.0, ""('recorded_plan', 4, 'first')"": 1.0, ""('recorded_plan', 4, 'third')"": 1.0, ""('reported_cancelled', -3, 'first')"": 1.0, ""('reported_cancelled', -3, 'third')"": 1.0, ""('reported_cancelled', -2, 'first')"": 1.0, ""('reported_cancelled', -2, 'third')"": 1.0, ""('reported_cancelled', -1, 'first')"": 1.0, ""('reported_cancelled', -1, 'third')"": 1.0, ""('reported_cancelled', 0, 'first')"": 1.0, ""('reported_cancelled', 0, 'third')"": 1.0, ""('reported_cancelled', 1, 'first')"": 1.0, ""('reported_cancelled', 1, 'third')"": 1.0, ""('reported_cancelled', 2, 'first')"": 1.0, ""('reported_cancelled', 2, 'third')"": 1.0, ""('reported_cancelled', 3, 'first')"": 1.0, ""('reported_cancelled', 3, 'third')"": 1.0, ""('reported_cancelled', 4, 'first')"": 1.0, ""('reported_cancelled', 4, 'third')"": 1.0, ""('reported_completed', -3, 'first')"": 1.0, ""('reported_completed', -3, 'third')"": 1.0, ""('reported_completed', -2, 'first')"": 1.0, ""('reported_completed', -2, 'third')"": 1.0, ""('reported_completed', -1, 'first')"": 1.0, ""('reported_completed', -1, 'third')"": 1.0, ""('reported_completed', 0, 'first')"": 1.0, ""('reported_completed', 0, 'third')"": 1.0}",1.0,32,"{""H0"": 1.0, ""H1"": 1.0, ""H2"": 1.0}",1.0,1.0,1.0,0,"{""atomic"": 0.00015141502357469015, ""old"": 9.015744209068503e-05, ""seen_A"": 0.00022846208172824865, ""seen_D"": 0.00010692543805643021}",False,False
44,N,50,train,1.0,"{""('recorded_plan', -3, 'first')"": 1.0, ""('recorded_plan', -3, 'third')"": 1.0, ""('recorded_plan', -2, 'first')"": 1.0, ""('recorded_plan', -2, 'third')"": 1.0, ""('recorded_plan', -1, 'first')"": 1.0, ""('recorded_plan', -1, 'third')"": 1.0, ""('recorded_plan', 0, 'first')"": 1.0, ""('recorded_plan', 0, 'third')"": 1.0, ""('recorded_plan', 1, 'first')"": 1.0, ""('recorded_plan', 1, 'third')"": 1.0, ""('recorded_plan', 2, 'first')"": 1.0, ""('recorded_plan', 2, 'third')"": 1.0, ""('recorded_plan', 3, 'first')"": 1.0, ""('recorded_plan', 3, 'third')"": 1.0, ""('recorded_plan', 4, 'first')"": 1.0, ""('recorded_plan', 4, 'third')"": 1.0, ""('reported_cancelled', -3, 'first')"": 1.0, ""('reported_cancelled', -3, 'third')"": 1.0, ""('reported_cancelled', -2, 'first')"": 1.0, ""('reported_cancelled', -2, 'third')"": 1.0, ""('reported_cancelled', -1, 'first')"": 1.0, ""('reported_cancelled', -1, 'third')"": 1.0, ""('reported_cancelled', 0, 'first')"": 1.0, ""('reported_cancelled', 0, 'third')"": 1.0, ""('reported_cancelled', 1, 'first')"": 1.0, ""('reported_cancelled', 1, 'third')"": 1.0, ""('reported_cancelled', 2, 'first')"": 1.0, ""('reported_cancelled', 2, 'third')"": 1.0, ""('reported_cancelled', 3, 'first')"": 1.0, ""('reported_cancelled', 3, 'third')"": 1.0, ""('reported_cancelled', 4, 'first')"": 1.0, ""('reported_cancelled', 4, 'third')"": 1.0, ""('reported_completed', -3, 'first')"": 1.0, ""('reported_completed', -3, 'third')"": 1.0, ""('reported_completed', -2, 'first')"": 1.0, ""('reported_completed', -2, 'third')"": 1.0, ""('reported_completed', -1, 'first')"": 1.0, ""('reported_completed', -1, 'third')"": 1.0, ""('reported_completed', 0, 'first')"": 1.0, ""('reported_completed', 0, 'third')"": 1.0}",1.0,32,"{""H0"": 1.0, ""H1"": 1.0, ""H2"": 1.0}",1.0,1.0,1.0,0,"{""atomic"": 0.00011280540776286238, ""old"": 7.144702211360269e-05, ""seen_A"": 2.068686731831958e-05, ""seen_D"": 2.3617274984034987e-05}",False,False
44,N,50,dev,1.0,"{""('recorded_plan', -3, 'first')"": 1.0, ""('recorded_plan', -3, 'third')"": 1.0, ""('recorded_plan', -2, 'first')"": 1.0, ""('recorded_plan', -2, 'third')"": 1.0, ""('recorded_plan', -1, 'first')"": 1.0, ""('recorded_plan', -1, 'third')"": 1.0, ""('recorded_plan', 0, 'first')"": 1.0, ""('recorded_plan', 0, 'third')"": 1.0, ""('recorded_plan', 1, 'first')"": 1.0, ""('recorded_plan', 1, 'third')"": 1.0, ""('recorded_plan', 2, 'first')"": 1.0, ""('recorded_plan', 2, 'third')"": 1.0, ""('recorded_plan', 3, 'first')"": 1.0, ""('recorded_plan', 3, 'third')"": 1.0, ""('recorded_plan', 4, 'first')"": 1.0, ""('recorded_plan', 4, 'third')"": 1.0, ""('reported_cancelled', -3, 'first')"": 1.0, ""('reported_cancelled', -3, 'third')"": 1.0, ""('reported_cancelled', -2, 'first')"": 1.0, ""('reported_cancelled', -2, 'third')"": 1.0, ""('reported_cancelled', -1, 'first')"": 1.0, ""('reported_cancelled', -1, 'third')"": 1.0, ""('reported_cancelled', 0, 'first')"": 1.0, ""('reported_cancelled', 0, 'third')"": 1.0, ""('reported_cancelled', 1, 'first')"": 1.0, ""('reported_cancelled', 1, 'third')"": 1.0, ""('reported_cancelled', 2, 'first')"": 1.0, ""('reported_cancelled', 2, 'third')"": 1.0, ""('reported_cancelled', 3, 'first')"": 1.0, ""('reported_cancelled', 3, 'third')"": 1.0, ""('reported_cancelled', 4, 'first')"": 1.0, ""('reported_cancelled', 4, 'third')"": 1.0, ""('reported_completed', -3, 'first')"": 1.0, ""('reported_completed', -3, 'third')"": 1.0, ""('reported_completed', -2, 'first')"": 1.0, ""('reported_completed', -2, 'third')"": 1.0, ""('reported_completed', -1, 'first')"": 1.0, ""('reported_completed', -1, 'third')"": 1.0, ""('reported_completed', 0, 'first')"": 1.0, ""('reported_completed', 0, 'third')"": 1.0}",1.0,32,"{""H0"": 1.0, ""H1"": 1.0, ""H2"": 1.0}",1.0,1.0,1.0,0,"{""atomic"": 0.00011064187051632074, ""old"": 6.93682867983465e-05, ""seen_A"": 2.0648444924170223e-05, ""seen_D"": 2.438237301685944e-05}",False,False
44,N,100,train,1.0,"{""('recorded_plan', -3, 'first')"": 1.0, ""('recorded_plan', -3, 'third')"": 1.0, ""('recorded_plan', -2, 'first')"": 1.0, ""('recorded_plan', -2, 'third')"": 1.0, ""('recorded_plan', -1, 'first')"": 1.0, ""('recorded_plan', -1, 'third')"": 1.0, ""('recorded_plan', 0, 'first')"": 1.0, ""('recorded_plan', 0, 'third')"": 1.0, ""('recorded_plan', 1, 'first')"": 1.0, ""('recorded_plan', 1, 'third')"": 1.0, ""('recorded_plan', 2, 'first')"": 1.0, ""('recorded_plan', 2, 'third')"": 1.0, ""('recorded_plan', 3, 'first')"": 1.0, ""('recorded_plan', 3, 'third')"": 1.0, ""('recorded_plan', 4, 'first')"": 1.0, ""('recorded_plan', 4, 'third')"": 1.0, ""('reported_cancelled', -3, 'first')"": 1.0, ""('reported_cancelled', -3, 'third')"": 1.0, ""('reported_cancelled', -2, 'first')"": 1.0, ""('reported_cancelled', -2, 'third')"": 1.0, ""('reported_cancelled', -1, 'first')"": 1.0, ""('reported_cancelled', -1, 'third')"": 1.0, ""('reported_cancelled', 0, 'first')"": 1.0, ""('reported_cancelled', 0, 'third')"": 1.0, ""('reported_cancelled', 1, 'first')"": 1.0, ""('reported_cancelled', 1, 'third')"": 1.0, ""('reported_cancelled', 2, 'first')"": 1.0, ""('reported_cancelled', 2, 'third')"": 1.0, ""('reported_cancelled', 3, 'first')"": 1.0, ""('reported_cancelled', 3, 'third')"": 1.0, ""('reported_cancelled', 4, 'first')"": 1.0, ""('reported_cancelled', 4, 'third')"": 1.0, ""('reported_completed', -3, 'first')"": 1.0, ""('reported_completed', -3, 'third')"": 1.0, ""('reported_completed', -2, 'first')"": 1.0, ""('reported_completed', -2, 'third')"": 1.0, ""('reported_completed', -1, 'first')"": 1.0, ""('reported_completed', -1, 'third')"": 1.0, ""('reported_completed', 0, 'first')"": 1.0, ""('reported_completed', 0, 'third')"": 1.0}",1.0,32,"{""H0"": 1.0, ""H1"": 1.0, ""H2"": 1.0}",1.0,1.0,1.0,0,"{""atomic"": 4.471697620416373e-05, ""old"": 4.0833482642019815e-05, ""seen_A"": 1.2371217555700064e-05, ""seen_D"": 1.217321122477142e-05}",False,False
44,N,100,dev,1.0,"{""('recorded_plan', -3, 'first')"": 1.0, ""('recorded_plan', -3, 'third')"": 1.0, ""('recorded_plan', -2, 'first')"": 1.0, ""('recorded_plan', -2, 'third')"": 1.0, ""('recorded_plan', -1, 'first')"": 1.0, ""('recorded_plan', -1, 'third')"": 1.0, ""('recorded_plan', 0, 'first')"": 1.0, ""('recorded_plan', 0, 'third')"": 1.0, ""('recorded_plan', 1, 'first')"": 1.0, ""('recorded_plan', 1, 'third')"": 1.0, ""('recorded_plan', 2, 'first')"": 1.0, ""('recorded_plan', 2, 'third')"": 1.0, ""('recorded_plan', 3, 'first')"": 1.0, ""('recorded_plan', 3, 'third')"": 1.0, ""('recorded_plan', 4, 'first')"": 1.0, ""('recorded_plan', 4, 'third')"": 1.0, ""('reported_cancelled', -3, 'first')"": 1.0, ""('reported_cancelled', -3, 'third')"": 1.0, ""('reported_cancelled', -2, 'first')"": 1.0, ""('reported_cancelled', -2, 'third')"": 1.0, ""('reported_cancelled', -1, 'first')"": 1.0, ""('reported_cancelled', -1, 'third')"": 1.0, ""('reported_cancelled', 0, 'first')"": 1.0, ""('reported_cancelled', 0, 'third')"": 1.0, ""('reported_cancelled', 1, 'first')"": 1.0, ""('reported_cancelled', 1, 'third')"": 1.0, ""('reported_cancelled', 2, 'first')"": 1.0, ""('reported_cancelled', 2, 'third')"": 1.0, ""('reported_cancelled', 3, 'first')"": 1.0, ""('reported_cancelled', 3, 'third')"": 1.0, ""('reported_cancelled', 4, 'first')"": 1.0, ""('reported_cancelled', 4, 'third')"": 1.0, ""('reported_completed', -3, 'first')"": 1.0, ""('reported_completed', -3, 'third')"": 1.0, ""('reported_completed', -2, 'first')"": 1.0, ""('reported_completed', -2, 'third')"": 1.0, ""('reported_completed', -1, 'first')"": 1.0, ""('reported_completed', -1, 'third')"": 1.0, ""('reported_completed', 0, 'first')"": 1.0, ""('reported_completed', 0, 'third')"": 1.0}",1.0,32,"{""H0"": 1.0, ""H1"": 1.0, ""H2"": 1.0}",1.0,1.0,1.0,0,"{""atomic"": 4.443367399315642e-05, ""old"": 4.2736209438033694e-05, ""seen_A"": 1.2410440791685826e-05, ""seen_D"": 1.2689249523561652e-05}",False,False
44,N,150,train,1.0,"{""('recorded_plan', -3, 'first')"": 1.0, ""('recorded_plan', -3, 'third')"": 1.0, ""('recorded_plan', -2, 'first')"": 1.0, ""('recorded_plan', -2, 'third')"": 1.0, ""('recorded_plan', -1, 'first')"": 1.0, ""('recorded_plan', -1, 'third')"": 1.0, ""('recorded_plan', 0, 'first')"": 1.0, ""('recorded_plan', 0, 'third')"": 1.0, ""('recorded_plan', 1, 'first')"": 1.0, ""('recorded_plan', 1, 'third')"": 1.0, ""('recorded_plan', 2, 'first')"": 1.0, ""('recorded_plan', 2, 'third')"": 1.0, ""('recorded_plan', 3, 'first')"": 1.0, ""('recorded_plan', 3, 'third')"": 1.0, ""('recorded_plan', 4, 'first')"": 1.0, ""('recorded_plan', 4, 'third')"": 1.0, ""('reported_cancelled', -3, 'first')"": 1.0, ""('reported_cancelled', -3, 'third')"": 1.0, ""('reported_cancelled', -2, 'first')"": 1.0, ""('reported_cancelled', -2, 'third')"": 1.0, ""('reported_cancelled', -1, 'first')"": 1.0, ""('reported_cancelled', -1, 'third')"": 1.0, ""('reported_cancelled', 0, 'first')"": 1.0, ""('reported_cancelled', 0, 'third')"": 1.0, ""('reported_cancelled', 1, 'first')"": 1.0, ""('reported_cancelled', 1, 'third')"": 1.0, ""('reported_cancelled', 2, 'first')"": 1.0, ""('reported_cancelled', 2, 'third')"": 1.0, ""('reported_cancelled', 3, 'first')"": 1.0, ""('reported_cancelled', 3, 'third')"": 1.0, ""('reported_cancelled', 4, 'first')"": 1.0, ""('reported_cancelled', 4, 'third')"": 1.0, ""('reported_completed', -3, 'first')"": 1.0, ""('reported_completed', -3, 'third')"": 1.0, ""('reported_completed', -2, 'first')"": 1.0, ""('reported_completed', -2, 'third')"": 1.0, ""('reported_completed', -1, 'first')"": 1.0, ""('reported_completed', -1, 'third')"": 1.0, ""('reported_completed', 0, 'first')"": 1.0, ""('reported_completed', 0, 'third')"": 1.0}",1.0,32,"{""H0"": 1.0, ""H1"": 1.0, ""H2"": 1.0}",1.0,1.0,1.0,0,"{""atomic"": 3.1614901442181045e-05, ""old"": 2.7796372285921742e-05, ""seen_A"": 8.726307436421999e-06, ""seen_D"": 8.317026922705468e-06}",False,False
44,N,150,dev,1.0,"{""('recorded_plan', -3, 'first')"": 1.0, ""('recorded_plan', -3, 'third')"": 1.0, ""('recorded_plan', -2, 'first')"": 1.0, ""('recorded_plan', -2, 'third')"": 1.0, ""('recorded_plan', -1, 'first')"": 1.0, ""('recorded_plan', -1, 'third')"": 1.0, ""('recorded_plan', 0, 'first')"": 1.0, ""('recorded_plan', 0, 'third')"": 1.0, ""('recorded_plan', 1, 'first')"": 1.0, ""('recorded_plan', 1, 'third')"": 1.0, ""('recorded_plan', 2, 'first')"": 1.0, ""('recorded_plan', 2, 'third')"": 1.0, ""('recorded_plan', 3, 'first')"": 1.0, ""('recorded_plan', 3, 'third')"": 1.0, ""('recorded_plan', 4, 'first')"": 1.0, ""('recorded_plan', 4, 'third')"": 1.0, ""('reported_cancelled', -3, 'first')"": 1.0, ""('reported_cancelled', -3, 'third')"": 1.0, ""('reported_cancelled', -2, 'first')"": 1.0, ""('reported_cancelled', -2, 'third')"": 1.0, ""('reported_cancelled', -1, 'first')"": 1.0, ""('reported_cancelled', -1, 'third')"": 1.0, ""('reported_cancelled', 0, 'first')"": 1.0, ""('reported_cancelled', 0, 'third')"": 1.0, ""('reported_cancelled', 1, 'first')"": 1.0, ""('reported_cancelled', 1, 'third')"": 1.0, ""('reported_cancelled', 2, 'first')"": 1.0, ""('reported_cancelled', 2, 'third')"": 1.0, ""('reported_cancelled', 3, 'first')"": 1.0, ""('reported_cancelled', 3, 'third')"": 1.0, ""('reported_cancelled', 4, 'first')"": 1.0, ""('reported_cancelled', 4, 'third')"": 1.0, ""('reported_completed', -3, 'first')"": 1.0, ""('reported_completed', -3, 'third')"": 1.0, ""('reported_completed', -2, 'first')"": 1.0, ""('reported_completed', -2, 'third')"": 1.0, ""('reported_completed', -1, 'first')"": 1.0, ""('reported_completed', -1, 'third')"": 1.0, ""('reported_completed', 0, 'first')"": 1.0, ""('reported_completed', 0, 'third')"": 1.0}",1.0,32,"{""H0"": 1.0, ""H1"": 1.0, ""H2"": 1.0}",1.0,1.0,1.0,0,"{""atomic"": 3.0674305128274106e-05, ""old"": 2.9545159151360723e-05, ""seen_A"": 8.806154240670874e-06, ""seen_D"": 8.641709010574783e-06}",False,False
44,N,200,train,1.0,"{""('recorded_plan', -3, 'first')"": 1.0, ""('recorded_plan', -3, 'third')"": 1.0, ""('recorded_plan', -2, 'first')"": 1.0, ""('recorded_plan', -2, 'third')"": 1.0, ""('recorded_plan', -1, 'first')"": 1.0, ""('recorded_plan', -1, 'third')"": 1.0, ""('recorded_plan', 0, 'first')"": 1.0, ""('recorded_plan', 0, 'third')"": 1.0, ""('recorded_plan', 1, 'first')"": 1.0, ""('recorded_plan', 1, 'third')"": 1.0, ""('recorded_plan', 2, 'first')"": 1.0, ""('recorded_plan', 2, 'third')"": 1.0, ""('recorded_plan', 3, 'first')"": 1.0, ""('recorded_plan', 3, 'third')"": 1.0, ""('recorded_plan', 4, 'first')"": 1.0, ""('recorded_plan', 4, 'third')"": 1.0, ""('reported_cancelled', -3, 'first')"": 1.0, ""('reported_cancelled', -3, 'third')"": 1.0, ""('reported_cancelled', -2, 'first')"": 1.0, ""('reported_cancelled', -2, 'third')"": 1.0, ""('reported_cancelled', -1, 'first')"": 1.0, ""('reported_cancelled', -1, 'third')"": 1.0, ""('reported_cancelled', 0, 'first')"": 1.0, ""('reported_cancelled', 0, 'third')"": 1.0, ""('reported_cancelled', 1, 'first')"": 1.0, ""('reported_cancelled', 1, 'third')"": 1.0, ""('reported_cancelled', 2, 'first')"": 1.0, ""('reported_cancelled', 2, 'third')"": 1.0, ""('reported_cancelled', 3, 'first')"": 1.0, ""('reported_cancelled', 3, 'third')"": 1.0, ""('reported_cancelled', 4, 'first')"": 1.0, ""('reported_cancelled', 4, 'third')"": 1.0, ""('reported_completed', -3, 'first')"": 1.0, ""('reported_completed', -3, 'third')"": 1.0, ""('reported_completed', -2, 'first')"": 1.0, ""('reported_completed', -2, 'third')"": 1.0, ""('reported_completed', -1, 'first')"": 1.0, ""('reported_completed', -1, 'third')"": 1.0, ""('reported_completed', 0, 'first')"": 1.0, ""('reported_completed', 0, 'third')"": 1.0}",1.0,32,"{""H0"": 1.0, ""H1"": 1.0, ""H2"": 1.0}",1.0,1.0,1.0,0,"{""atomic"": 2.3543890697210142e-05, ""old"": 2.0980126130649774e-05, ""seen_A"": 6.396272787182962e-06, ""seen_D"": 6.416323806018299e-06}",False,False
44,N,200,dev,1.0,"{""('recorded_plan', -3, 'first')"": 1.0, ""('recorded_plan', -3, 'third')"": 1.0, ""('recorded_plan', -2, 'first')"": 1.0, ""('recorded_plan', -2, 'third')"": 1.0, ""('recorded_plan', -1, 'first')"": 1.0, ""('recorded_plan', -1, 'third')"": 1.0, ""('recorded_plan', 0, 'first')"": 1.0, ""('recorded_plan', 0, 'third')"": 1.0, ""('recorded_plan', 1, 'first')"": 1.0, ""('recorded_plan', 1, 'third')"": 1.0, ""('recorded_plan', 2, 'first')"": 1.0, ""('recorded_plan', 2, 'third')"": 1.0, ""('recorded_plan', 3, 'first')"": 1.0, ""('recorded_plan', 3, 'third')"": 1.0, ""('recorded_plan', 4, 'first')"": 1.0, ""('recorded_plan', 4, 'third')"": 1.0, ""('reported_cancelled', -3, 'first')"": 1.0, ""('reported_cancelled', -3, 'third')"": 1.0, ""('reported_cancelled', -2, 'first')"": 1.0, ""('reported_cancelled', -2, 'third')"": 1.0, ""('reported_cancelled', -1, 'first')"": 1.0, ""('reported_cancelled', -1, 'third')"": 1.0, ""('reported_cancelled', 0, 'first')"": 1.0, ""('reported_cancelled', 0, 'third')"": 1.0, ""('reported_cancelled', 1, 'first')"": 1.0, ""('reported_cancelled', 1, 'third')"": 1.0, ""('reported_cancelled', 2, 'first')"": 1.0, ""('reported_cancelled', 2, 'third')"": 1.0, ""('reported_cancelled', 3, 'first')"": 1.0, ""('reported_cancelled', 3, 'third')"": 1.0, ""('reported_cancelled', 4, 'first')"": 1.0, ""('reported_cancelled', 4, 'third')"": 1.0, ""('reported_completed', -3, 'first')"": 1.0, ""('reported_completed', -3, 'third')"": 1.0, ""('reported_completed', -2, 'first')"": 1.0, ""('reported_completed', -2, 'third')"": 1.0, ""('reported_completed', -1, 'first')"": 1.0, ""('reported_completed', -1, 'third')"": 1.0, ""('reported_completed', 0, 'first')"": 1.0, ""('reported_completed', 0, 'third')"": 1.0}",1.0,32,"{""H0"": 1.0, ""H1"": 1.0, ""H2"": 1.0}",1.0,1.0,1.0,0,"{""atomic"": 2.298184355898119e-05, ""old"": 2.23363533689816e-05, ""seen_A"": 6.455340156063839e-06, ""seen_D"": 6.6512493901571786e-06}",False,False
44,F,0,train,1.0,"{""('recorded_plan', -3, 'first')"": 1.0, ""('recorded_plan', -3, 'third')"": 1.0, ""('recorded_plan', -2, 'first')"": 1.0, ""('recorded_plan', -2, 'third')"": 1.0, ""('recorded_plan', -1, 'first')"": 1.0, ""('recorded_plan', -1, 'third')"": 1.0, ""('recorded_plan', 0, 'first')"": 1.0, ""('recorded_plan', 0, 'third')"": 1.0, ""('recorded_plan', 1, 'first')"": 1.0, ""('recorded_plan', 1, 'third')"": 1.0, ""('recorded_plan', 2, 'first')"": 1.0, ""('recorded_plan', 2, 'third')"": 1.0, ""('recorded_plan', 3, 'first')"": 1.0, ""('recorded_plan', 3, 'third')"": 1.0, ""('recorded_plan', 4, 'first')"": 1.0, ""('recorded_plan', 4, 'third')"": 1.0, ""('reported_cancelled', -3, 'first')"": 1.0, ""('reported_cancelled', -3, 'third')"": 1.0, ""('reported_cancelled', -2, 'first')"": 1.0, ""('reported_cancelled', -2, 'third')"": 1.0, ""('reported_cancelled', -1, 'first')"": 1.0, ""('reported_cancelled', -1, 'third')"": 1.0, ""('reported_cancelled', 0, 'first')"": 1.0, ""('reported_cancelled', 0, 'third')"": 1.0, ""('reported_cancelled', 1, 'first')"": 1.0, ""('reported_cancelled', 1, 'third')"": 1.0, ""('reported_cancelled', 2, 'first')"": 1.0, ""('reported_cancelled', 2, 'third')"": 1.0, ""('reported_cancelled', 3, 'first')"": 1.0, ""('reported_cancelled', 3, 'third')"": 1.0, ""('reported_cancelled', 4, 'first')"": 1.0, ""('reported_cancelled', 4, 'third')"": 1.0, ""('reported_completed', -3, 'first')"": 1.0, ""('reported_completed', -3, 'third')"": 1.0, ""('reported_completed', -2, 'first')"": 1.0, ""('reported_completed', -2, 'third')"": 1.0, ""('reported_completed', -1, 'first')"": 1.0, ""('reported_completed', -1, 'third')"": 1.0, ""('reported_completed', 0, 'first')"": 1.0, ""('reported_completed', 0, 'third')"": 1.0}",1.0,32,"{""H0"": 1.0, ""H1"": 1.0, ""H2"": 1.0}",1.0,0.0,0.0,0,"{""atomic"": 0.00015613439891712152, ""old"": 8.172865962673432e-05, ""seen_A"": 0.00025330720029599467, ""seen_D"": 0.15155400058792923}",False,False
44,F,0,dev,1.0,"{""('recorded_plan', -3, 'first')"": 1.0, ""('recorded_plan', -3, 'third')"": 1.0, ""('recorded_plan', -2, 'first')"": 1.0, ""('recorded_plan', -2, 'third')"": 1.0, ""('recorded_plan', -1, 'first')"": 1.0, ""('recorded_plan', -1, 'third')"": 1.0, ""('recorded_plan', 0, 'first')"": 1.0, ""('recorded_plan', 0, 'third')"": 1.0, ""('recorded_plan', 1, 'first')"": 1.0, ""('recorded_plan', 1, 'third')"": 1.0, ""('recorded_plan', 2, 'first')"": 1.0, ""('recorded_plan', 2, 'third')"": 1.0, ""('recorded_plan', 3, 'first')"": 1.0, ""('recorded_plan', 3, 'third')"": 1.0, ""('recorded_plan', 4, 'first')"": 1.0, ""('recorded_plan', 4, 'third')"": 1.0, ""('reported_cancelled', -3, 'first')"": 1.0, ""('reported_cancelled', -3, 'third')"": 1.0, ""('reported_cancelled', -2, 'first')"": 1.0, ""('reported_cancelled', -2, 'third')"": 1.0, ""('reported_cancelled', -1, 'first')"": 1.0, ""('reported_cancelled', -1, 'third')"": 1.0, ""('reported_cancelled', 0, 'first')"": 1.0, ""('reported_cancelled', 0, 'third')"": 1.0, ""('reported_cancelled', 1, 'first')"": 1.0, ""('reported_cancelled', 1, 'third')"": 1.0, ""('reported_cancelled', 2, 'first')"": 1.0, ""('reported_cancelled', 2, 'third')"": 1.0, ""('reported_cancelled', 3, 'first')"": 1.0, ""('reported_cancelled', 3, 'third')"": 1.0, ""('reported_cancelled', 4, 'first')"": 1.0, ""('reported_cancelled', 4, 'third')"": 1.0, ""('reported_completed', -3, 'first')"": 1.0, ""('reported_completed', -3, 'third')"": 1.0, ""('reported_completed', -2, 'first')"": 1.0, ""('reported_completed', -2, 'third')"": 1.0, ""('reported_completed', -1, 'first')"": 1.0, ""('reported_completed', -1, 'third')"": 1.0, ""('reported_completed', 0, 'first')"": 1.0, ""('reported_completed', 0, 'third')"": 1.0}",1.0,32,"{""H0"": 1.0, ""H1"": 1.0, ""H2"": 1.0}",1.0,0.0,0.0,0,"{""atomic"": 0.00015141502357469015, ""old"": 9.015744209068503e-05, ""seen_A"": 0.00022846208172824865, ""seen_D"": 0.15441257380396942}",False,False
44,F,50,train,1.0,"{""('recorded_plan', -3, 'first')"": 1.0, ""('recorded_plan', -3, 'third')"": 1.0, ""('recorded_plan', -2, 'first')"": 1.0, ""('recorded_plan', -2, 'third')"": 1.0, ""('recorded_plan', -1, 'first')"": 1.0, ""('recorded_plan', -1, 'third')"": 1.0, ""('recorded_plan', 0, 'first')"": 1.0, ""('recorded_plan', 0, 'third')"": 1.0, ""('recorded_plan', 1, 'first')"": 1.0, ""('recorded_plan', 1, 'third')"": 1.0, ""('recorded_plan', 2, 'first')"": 1.0, ""('recorded_plan', 2, 'third')"": 1.0, ""('recorded_plan', 3, 'first')"": 1.0, ""('recorded_plan', 3, 'third')"": 1.0, ""('recorded_plan', 4, 'first')"": 1.0, ""('recorded_plan', 4, 'third')"": 1.0, ""('reported_cancelled', -3, 'first')"": 1.0, ""('reported_cancelled', -3, 'third')"": 1.0, ""('reported_cancelled', -2, 'first')"": 1.0, ""('reported_cancelled', -2, 'third')"": 1.0, ""('reported_cancelled', -1, 'first')"": 1.0, ""('reported_cancelled', -1, 'third')"": 1.0, ""('reported_cancelled', 0, 'first')"": 1.0, ""('reported_cancelled', 0, 'third')"": 1.0, ""('reported_cancelled', 1, 'first')"": 1.0, ""('reported_cancelled', 1, 'third')"": 1.0, ""('reported_cancelled', 2, 'first')"": 1.0, ""('reported_cancelled', 2, 'third')"": 1.0, ""('reported_cancelled', 3, 'first')"": 1.0, ""('reported_cancelled', 3, 'third')"": 1.0, ""('reported_cancelled', 4, 'first')"": 1.0, ""('reported_cancelled', 4, 'third')"": 1.0, ""('reported_completed', -3, 'first')"": 1.0, ""('reported_completed', -3, 'third')"": 1.0, ""('reported_completed', -2, 'first')"": 1.0, ""('reported_completed', -2, 'third')"": 1.0, ""('reported_completed', -1, 'first')"": 1.0, ""('reported_completed', -1, 'third')"": 1.0, ""('reported_completed', 0, 'first')"": 1.0, ""('reported_completed', 0, 'third')"": 1.0}",1.0,32,"{""H0"": 1.0, ""H1"": 1.0, ""H2"": 1.0}",1.0,1.0,1.0,0,"{""atomic"": 0.00023981934241902667, ""old"": 0.0001638792291195602, ""seen_A"": 6.483442903833724e-05, ""seen_D"": 5.28440476026199e-05}",False,False
44,F,50,dev,1.0,"{""('recorded_plan', -3, 'first')"": 1.0, ""('recorded_plan', -3, 'third')"": 1.0, ""('recorded_plan', -2, 'first')"": 1.0, ""('recorded_plan', -2, 'third')"": 1.0, ""('recorded_plan', -1, 'first')"": 1.0, ""('recorded_plan', -1, 'third')"": 1.0, ""('recorded_plan', 0, 'first')"": 1.0, ""('recorded_plan', 0, 'third')"": 1.0, ""('recorded_plan', 1, 'first')"": 1.0, ""('recorded_plan', 1, 'third')"": 1.0, ""('recorded_plan', 2, 'first')"": 1.0, ""('recorded_plan', 2, 'third')"": 1.0, ""('recorded_plan', 3, 'first')"": 1.0, ""('recorded_plan', 3, 'third')"": 1.0, ""('recorded_plan', 4, 'first')"": 1.0, ""('recorded_plan', 4, 'third')"": 1.0, ""('reported_cancelled', -3, 'first')"": 1.0, ""('reported_cancelled', -3, 'third')"": 1.0, ""('reported_cancelled', -2, 'first')"": 1.0, ""('reported_cancelled', -2, 'third')"": 1.0, ""('reported_cancelled', -1, 'first')"": 1.0, ""('reported_cancelled', -1, 'third')"": 1.0, ""('reported_cancelled', 0, 'first')"": 1.0, ""('reported_cancelled', 0, 'third')"": 1.0, ""('reported_cancelled', 1, 'first')"": 1.0, ""('reported_cancelled', 1, 'third')"": 1.0, ""('reported_cancelled', 2, 'first')"": 1.0, ""('reported_cancelled', 2, 'third')"": 1.0, ""('reported_cancelled', 3, 'first')"": 1.0, ""('reported_cancelled', 3, 'third')"": 1.0, ""('reported_cancelled', 4, 'first')"": 1.0, ""('reported_cancelled', 4, 'third')"": 1.0, ""('reported_completed', -3, 'first')"": 1.0, ""('reported_completed', -3, 'third')"": 1.0, ""('reported_completed', -2, 'first')"": 1.0, ""('reported_completed', -2, 'third')"": 1.0, ""('reported_completed', -1, 'first')"": 1.0, ""('reported_completed', -1, 'third')"": 1.0, ""('reported_completed', 0, 'first')"": 1.0, ""('reported_completed', 0, 'third')"": 1.0}",1.0,32,"{""H0"": 1.0, ""H1"": 1.0, ""H2"": 1.0}",1.0,1.0,1.0,0,"{""atomic"": 0.00022771305814199428, ""old"": 0.00017712261001774505, ""seen_A"": 6.720307076354944e-05, ""seen_D"": 5.01234507247999e-05}",False,False
44,F,100,train,1.0,"{""('recorded_plan', -3, 'first')"": 1.0, ""('recorded_plan', -3, 'third')"": 1.0, ""('recorded_plan', -2, 'first')"": 1.0, ""('recorded_plan', -2, 'third')"": 1.0, ""('recorded_plan', -1, 'first')"": 1.0, ""('recorded_plan', -1, 'third')"": 1.0, ""('recorded_plan', 0, 'first')"": 1.0, ""('recorded_plan', 0, 'third')"": 1.0, ""('recorded_plan', 1, 'first')"": 1.0, ""('recorded_plan', 1, 'third')"": 1.0, ""('recorded_plan', 2, 'first')"": 1.0, ""('recorded_plan', 2, 'third')"": 1.0, ""('recorded_plan', 3, 'first')"": 1.0, ""('recorded_plan', 3, 'third')"": 1.0, ""('recorded_plan', 4, 'first')"": 1.0, ""('recorded_plan', 4, 'third')"": 1.0, ""('reported_cancelled', -3, 'first')"": 1.0, ""('reported_cancelled', -3, 'third')"": 1.0, ""('reported_cancelled', -2, 'first')"": 1.0, ""('reported_cancelled', -2, 'third')"": 1.0, ""('reported_cancelled', -1, 'first')"": 1.0, ""('reported_cancelled', -1, 'third')"": 1.0, ""('reported_cancelled', 0, 'first')"": 1.0, ""('reported_cancelled', 0, 'third')"": 1.0, ""('reported_cancelled', 1, 'first')"": 1.0, ""('reported_cancelled', 1, 'third')"": 1.0, ""('reported_cancelled', 2, 'first')"": 1.0, ""('reported_cancelled', 2, 'third')"": 1.0, ""('reported_cancelled', 3, 'first')"": 1.0, ""('reported_cancelled', 3, 'third')"": 1.0, ""('reported_cancelled', 4, 'first')"": 1.0, ""('reported_cancelled', 4, 'third')"": 1.0, ""('reported_completed', -3, 'first')"": 1.0, ""('reported_completed', -3, 'third')"": 1.0, ""('reported_completed', -2, 'first')"": 1.0, ""('reported_completed', -2, 'third')"": 1.0, ""('reported_completed', -1, 'first')"": 1.0, ""('reported_completed', -1, 'third')"": 1.0, ""('reported_completed', 0, 'first')"": 1.0, ""('reported_completed', 0, 'third')"": 1.0}",1.0,32,"{""H0"": 1.0, ""H1"": 1.0, ""H2"": 1.0}",1.0,1.0,1.0,0,"{""atomic"": 0.0001351409860009389, ""old"": 0.00010426465445026548, ""seen_A"": 3.98634911452899e-05, ""seen_D"": 3.114605196587377e-05}",False,False
44,F,100,dev,1.0,"{""('recorded_plan', -3, 'first')"": 1.0, ""('recorded_plan', -3, 'third')"": 1.0, ""('recorded_plan', -2, 'first')"": 1.0, ""('recorded_plan', -2, 'third')"": 1.0, ""('recorded_plan', -1, 'first')"": 1.0, ""('recorded_plan', -1, 'third')"": 1.0, ""('recorded_plan', 0, 'first')"": 1.0, ""('recorded_plan', 0, 'third')"": 1.0, ""('recorded_plan', 1, 'first')"": 1.0, ""('recorded_plan', 1, 'third')"": 1.0, ""('recorded_plan', 2, 'first')"": 1.0, ""('recorded_plan', 2, 'third')"": 1.0, ""('recorded_plan', 3, 'first')"": 1.0, ""('recorded_plan', 3, 'third')"": 1.0, ""('recorded_plan', 4, 'first')"": 1.0, ""('recorded_plan', 4, 'third')"": 1.0, ""('reported_cancelled', -3, 'first')"": 1.0, ""('reported_cancelled', -3, 'third')"": 1.0, ""('reported_cancelled', -2, 'first')"": 1.0, ""('reported_cancelled', -2, 'third')"": 1.0, ""('reported_cancelled', -1, 'first')"": 1.0, ""('reported_cancelled', -1, 'third')"": 1.0, ""('reported_cancelled', 0, 'first')"": 1.0, ""('reported_cancelled', 0, 'third')"": 1.0, ""('reported_cancelled', 1, 'first')"": 1.0, ""('reported_cancelled', 1, 'third')"": 1.0, ""('reported_cancelled', 2, 'first')"": 1.0, ""('reported_cancelled', 2, 'third')"": 1.0, ""('reported_cancelled', 3, 'first')"": 1.0, ""('reported_cancelled', 3, 'third')"": 1.0, ""('reported_cancelled', 4, 'first')"": 1.0, ""('reported_cancelled', 4, 'third')"": 1.0, ""('reported_completed', -3, 'first')"": 1.0, ""('reported_completed', -3, 'third')"": 1.0, ""('reported_completed', -2, 'first')"": 1.0, ""('reported_completed', -2, 'third')"": 1.0, ""('reported_completed', -1, 'first')"": 1.0, ""('reported_completed', -1, 'third')"": 1.0, ""('reported_completed', 0, 'first')"": 1.0, ""('reported_completed', 0, 'third')"": 1.0}",1.0,32,"{""H0"": 1.0, ""H1"": 1.0, ""H2"": 1.0}",1.0,1.0,1.0,0,"{""atomic"": 0.00013415235015587154, ""old"": 0.00011001894002443872, ""seen_A"": 4.087411862151708e-05, ""seen_D"": 3.0170793659715338e-05}",False,False
44,F,150,train,1.0,"{""('recorded_plan', -3, 'first')"": 1.0, ""('recorded_plan', -3, 'third')"": 1.0, ""('recorded_plan', -2, 'first')"": 1.0, ""('recorded_plan', -2, 'third')"": 1.0, ""('recorded_plan', -1, 'first')"": 1.0, ""('recorded_plan', -1, 'third')"": 1.0, ""('recorded_plan', 0, 'first')"": 1.0, ""('recorded_plan', 0, 'third')"": 1.0, ""('recorded_plan', 1, 'first')"": 1.0, ""('recorded_plan', 1, 'third')"": 1.0, ""('recorded_plan', 2, 'first')"": 1.0, ""('recorded_plan', 2, 'third')"": 1.0, ""('recorded_plan', 3, 'first')"": 1.0, ""('recorded_plan', 3, 'third')"": 1.0, ""('recorded_plan', 4, 'first')"": 1.0, ""('recorded_plan', 4, 'third')"": 1.0, ""('reported_cancelled', -3, 'first')"": 1.0, ""('reported_cancelled', -3, 'third')"": 1.0, ""('reported_cancelled', -2, 'first')"": 1.0, ""('reported_cancelled', -2, 'third')"": 1.0, ""('reported_cancelled', -1, 'first')"": 1.0, ""('reported_cancelled', -1, 'third')"": 1.0, ""('reported_cancelled', 0, 'first')"": 1.0, ""('reported_cancelled', 0, 'third')"": 1.0, ""('reported_cancelled', 1, 'first')"": 1.0, ""('reported_cancelled', 1, 'third')"": 1.0, ""('reported_cancelled', 2, 'first')"": 1.0, ""('reported_cancelled', 2, 'third')"": 1.0, ""('reported_cancelled', 3, 'first')"": 1.0, ""('reported_cancelled', 3, 'third')"": 1.0, ""('reported_cancelled', 4, 'first')"": 1.0, ""('reported_cancelled', 4, 'third')"": 1.0, ""('reported_completed', -3, 'first')"": 1.0, ""('reported_completed', -3, 'third')"": 1.0, ""('reported_completed', -2, 'first')"": 1.0, ""('reported_completed', -2, 'third')"": 1.0, ""('reported_completed', -1, 'first')"": 1.0, ""('reported_completed', -1, 'third')"": 1.0, ""('reported_completed', 0, 'first')"": 1.0, ""('reported_completed', 0, 'third')"": 1.0}",1.0,32,"{""H0"": 1.0, ""H1"": 1.0, ""H2"": 1.0}",1.0,1.0,1.0,0,"{""atomic"": 9.607862544950206e-05, ""old"": 7.825645442130015e-05, ""seen_A"": 2.8866727789358477e-05, ""seen_D"": 2.328310590843939e-05}",False,False
44,F,150,dev,1.0,"{""('recorded_plan', -3, 'first')"": 1.0, ""('recorded_plan', -3, 'third')"": 1.0, ""('recorded_plan', -2, 'first')"": 1.0, ""('recorded_plan', -2, 'third')"": 1.0, ""('recorded_plan', -1, 'first')"": 1.0, ""('recorded_plan', -1, 'third')"": 1.0, ""('recorded_plan', 0, 'first')"": 1.0, ""('recorded_plan', 0, 'third')"": 1.0, ""('recorded_plan', 1, 'first')"": 1.0, ""('recorded_plan', 1, 'third')"": 1.0, ""('recorded_plan', 2, 'first')"": 1.0, ""('recorded_plan', 2, 'third')"": 1.0, ""('recorded_plan', 3, 'first')"": 1.0, ""('recorded_plan', 3, 'third')"": 1.0, ""('recorded_plan', 4, 'first')"": 1.0, ""('recorded_plan', 4, 'third')"": 1.0, ""('reported_cancelled', -3, 'first')"": 1.0, ""('reported_cancelled', -3, 'third')"": 1.0, ""('reported_cancelled', -2, 'first')"": 1.0, ""('reported_cancelled', -2, 'third')"": 1.0, ""('reported_cancelled', -1, 'first')"": 1.0, ""('reported_cancelled', -1, 'third')"": 1.0, ""('reported_cancelled', 0, 'first')"": 1.0, ""('reported_cancelled', 0, 'third')"": 1.0, ""('reported_cancelled', 1, 'first')"": 1.0, ""('reported_cancelled', 1, 'third')"": 1.0, ""('reported_cancelled', 2, 'first')"": 1.0, ""('reported_cancelled', 2, 'third')"": 1.0, ""('reported_cancelled', 3, 'first')"": 1.0, ""('reported_cancelled', 3, 'third')"": 1.0, ""('reported_cancelled', 4, 'first')"": 1.0, ""('reported_cancelled', 4, 'third')"": 1.0, ""('reported_completed', -3, 'first')"": 1.0, ""('reported_completed', -3, 'third')"": 1.0, ""('reported_completed', -2, 'first')"": 1.0, ""('reported_completed', -2, 'third')"": 1.0, ""('reported_completed', -1, 'first')"": 1.0, ""('reported_completed', -1, 'third')"": 1.0, ""('reported_completed', 0, 'first')"": 1.0, ""('reported_completed', 0, 'third')"": 1.0}",1.0,32,"{""H0"": 1.0, ""H1"": 1.0, ""H2"": 1.0}",1.0,1.0,1.0,0,"{""atomic"": 9.584161373286435e-05, ""old"": 8.214403419872423e-05, ""seen_A"": 2.9878585834420018e-05, ""seen_D"": 2.286579479626253e-05}",False,False
44,F,200,train,0.8921875,"{""('recorded_plan', -3, 'first')"": 1.0, ""('recorded_plan', -3, 'third')"": 1.0, ""('recorded_plan', -2, 'first')"": 0.875, ""('recorded_plan', -2, 'third')"": 0.9375, ""('recorded_plan', -1, 'first')"": 1.0, ""('recorded_plan', -1, 'third')"": 1.0, ""('recorded_plan', 0, 'first')"": 1.0, ""('recorded_plan', 0, 'third')"": 1.0, ""('recorded_plan', 1, 'first')"": 1.0, ""('recorded_plan', 1, 'third')"": 1.0, ""('recorded_plan', 2, 'first')"": 0.3125, ""('recorded_plan', 2, 'third')"": 0.1875, ""('recorded_plan', 3, 'first')"": 1.0, ""('recorded_plan', 3, 'third')"": 1.0, ""('recorded_plan', 4, 'first')"": 0.75, ""('recorded_plan', 4, 'third')"": 0.75, ""('reported_cancelled', -3, 'first')"": 1.0, ""('reported_cancelled', -3, 'third')"": 1.0, ""('reported_cancelled', -2, 'first')"": 1.0, ""('reported_cancelled', -2, 'third')"": 1.0, ""('reported_cancelled', -1, 'first')"": 1.0, ""('reported_cancelled', -1, 'third')"": 1.0, ""('reported_cancelled', 0, 'first')"": 1.0, ""('reported_cancelled', 0, 'third')"": 1.0, ""('reported_cancelled', 1, 'first')"": 1.0, ""('reported_cancelled', 1, 'third')"": 1.0, ""('reported_cancelled', 2, 'first')"": 0.1875, ""('reported_cancelled', 2, 'third')"": 0.1875, ""('reported_cancelled', 3, 'first')"": 1.0, ""('reported_cancelled', 3, 'third')"": 1.0, ""('reported_cancelled', 4, 'first')"": 0.8125, ""('reported_cancelled', 4, 'third')"": 0.8125, ""('reported_completed', -3, 'first')"": 1.0, ""('reported_completed', -3, 'third')"": 1.0, ""('reported_completed', -2, 'first')"": 0.9375, ""('reported_completed', -2, 'third')"": 0.9375, ""('reported_completed', -1, 'first')"": 1.0, ""('reported_completed', -1, 'third')"": 1.0, ""('reported_completed', 0, 'first')"": 1.0, ""('reported_completed', 0, 'third')"": 1.0}",1.0,32,"{""H0"": 1.0, ""H1"": 1.0, ""H2"": 1.0}",1.0,1.0,1.0,0,"{""atomic"": 0.006585858761308034, ""old"": 9.574842581034553e-05, ""seen_A"": 4.632925877557357e-05, ""seen_D"": 2.182579162250067e-05}",False,False
44,F,200,dev,0.884375,"{""('recorded_plan', -3, 'first')"": 1.0, ""('recorded_plan', -3, 'third')"": 1.0, ""('recorded_plan', -2, 'first')"": 0.875, ""('recorded_plan', -2, 'third')"": 0.9375, ""('recorded_plan', -1, 'first')"": 1.0, ""('recorded_plan', -1, 'third')"": 1.0, ""('recorded_plan', 0, 'first')"": 1.0, ""('recorded_plan', 0, 'third')"": 1.0, ""('recorded_plan', 1, 'first')"": 1.0, ""('recorded_plan', 1, 'third')"": 1.0, ""('recorded_plan', 2, 'first')"": 0.125, ""('recorded_plan', 2, 'third')"": 0.1875, ""('recorded_plan', 3, 'first')"": 1.0, ""('recorded_plan', 3, 'third')"": 1.0, ""('recorded_plan', 4, 'first')"": 0.875, ""('recorded_plan', 4, 'third')"": 0.875, ""('reported_cancelled', -3, 'first')"": 1.0, ""('reported_cancelled', -3, 'third')"": 1.0, ""('reported_cancelled', -2, 'first')"": 0.9375, ""('reported_cancelled', -2, 'third')"": 0.9375, ""('reported_cancelled', -1, 'first')"": 1.0, ""('reported_cancelled', -1, 'third')"": 1.0, ""('reported_cancelled', 0, 'first')"": 1.0, ""('reported_cancelled', 0, 'third')"": 1.0, ""('reported_cancelled', 1, 'first')"": 1.0, ""('reported_cancelled', 1, 'third')"": 1.0, ""('reported_cancelled', 2, 'first')"": 0.1875, ""('reported_cancelled', 2, 'third')"": 0.0625, ""('reported_cancelled', 3, 'first')"": 1.0, ""('reported_cancelled', 3, 'third')"": 1.0, ""('reported_cancelled', 4, 'first')"": 0.75, ""('reported_cancelled', 4, 'third')"": 0.75, ""('reported_completed', -3, 'first')"": 1.0, ""('reported_completed', -3, 'third')"": 1.0, ""('reported_completed', -2, 'first')"": 1.0, ""('reported_completed', -2, 'third')"": 0.875, ""('reported_completed', -1, 'first')"": 1.0, ""('reported_completed', -1, 'third')"": 1.0, ""('reported_completed', 0, 'first')"": 1.0, ""('reported_completed', 0, 'third')"": 1.0}",1.0,32,"{""H0"": 1.0, ""H1"": 1.0, ""H2"": 1.0}",1.0,1.0,1.0,0,"{""atomic"": 0.006486340152563256, ""old"": 0.00012014862758950225, ""seen_A"": 4.632242196182278e-05, ""seen_D"": 2.0943254361544925e-05}",False,False
44,O,0,train,1.0,"{""('recorded_plan', -3, 'first')"": 1.0, ""('recorded_plan', -3, 'third')"": 1.0, ""('recorded_plan', -2, 'first')"": 1.0, ""('recorded_plan', -2, 'third')"": 1.0, ""('recorded_plan', -1, 'first')"": 1.0, ""('recorded_plan', -1, 'third')"": 1.0, ""('recorded_plan', 0, 'first')"": 1.0, ""('recorded_plan', 0, 'third')"": 1.0, ""('recorded_plan', 1, 'first')"": 1.0, ""('recorded_plan', 1, 'third')"": 1.0, ""('recorded_plan', 2, 'first')"": 1.0, ""('recorded_plan', 2, 'third')"": 1.0, ""('recorded_plan', 3, 'first')"": 1.0, ""('recorded_plan', 3, 'third')"": 1.0, ""('recorded_plan', 4, 'first')"": 1.0, ""('recorded_plan', 4, 'third')"": 1.0, ""('reported_cancelled', -3, 'first')"": 1.0, ""('reported_cancelled', -3, 'third')"": 1.0, ""('reported_cancelled', -2, 'first')"": 1.0, ""('reported_cancelled', -2, 'third')"": 1.0, ""('reported_cancelled', -1, 'first')"": 1.0, ""('reported_cancelled', -1, 'third')"": 1.0, ""('reported_cancelled', 0, 'first')"": 1.0, ""('reported_cancelled', 0, 'third')"": 1.0, ""('reported_cancelled', 1, 'first')"": 1.0, ""('reported_cancelled', 1, 'third')"": 1.0, ""('reported_cancelled', 2, 'first')"": 1.0, ""('reported_cancelled', 2, 'third')"": 1.0, ""('reported_cancelled', 3, 'first')"": 1.0, ""('reported_cancelled', 3, 'third')"": 1.0, ""('reported_cancelled', 4, 'first')"": 1.0, ""('reported_cancelled', 4, 'third')"": 1.0, ""('reported_completed', -3, 'first')"": 1.0, ""('reported_completed', -3, 'third')"": 1.0, ""('reported_completed', -2, 'first')"": 1.0, ""('reported_completed', -2, 'third')"": 1.0, ""('reported_completed', -1, 'first')"": 1.0, ""('reported_completed', -1, 'third')"": 1.0, ""('reported_completed', 0, 'first')"": 1.0, ""('reported_completed', 0, 'third')"": 1.0}",1.0,32,"{""H0"": 1.0, ""H1"": 1.0, ""H2"": 1.0}",1.0,0.0,0.0,0,"{""atomic"": 0.00015613439891712152, ""old"": 8.172865962673432e-05, ""seen_A"": 0.00025330720029599467, ""seen_D"": 0.15155400058792923}",False,False
44,O,0,dev,1.0,"{""('recorded_plan', -3, 'first')"": 1.0, ""('recorded_plan', -3, 'third')"": 1.0, ""('recorded_plan', -2, 'first')"": 1.0, ""('recorded_plan', -2, 'third')"": 1.0, ""('recorded_plan', -1, 'first')"": 1.0, ""('recorded_plan', -1, 'third')"": 1.0, ""('recorded_plan', 0, 'first')"": 1.0, ""('recorded_plan', 0, 'third')"": 1.0, ""('recorded_plan', 1, 'first')"": 1.0, ""('recorded_plan', 1, 'third')"": 1.0, ""('recorded_plan', 2, 'first')"": 1.0, ""('recorded_plan', 2, 'third')"": 1.0, ""('recorded_plan', 3, 'first')"": 1.0, ""('recorded_plan', 3, 'third')"": 1.0, ""('recorded_plan', 4, 'first')"": 1.0, ""('recorded_plan', 4, 'third')"": 1.0, ""('reported_cancelled', -3, 'first')"": 1.0, ""('reported_cancelled', -3, 'third')"": 1.0, ""('reported_cancelled', -2, 'first')"": 1.0, ""('reported_cancelled', -2, 'third')"": 1.0, ""('reported_cancelled', -1, 'first')"": 1.0, ""('reported_cancelled', -1, 'third')"": 1.0, ""('reported_cancelled', 0, 'first')"": 1.0, ""('reported_cancelled', 0, 'third')"": 1.0, ""('reported_cancelled', 1, 'first')"": 1.0, ""('reported_cancelled', 1, 'third')"": 1.0, ""('reported_cancelled', 2, 'first')"": 1.0, ""('reported_cancelled', 2, 'third')"": 1.0, ""('reported_cancelled', 3, 'first')"": 1.0, ""('reported_cancelled', 3, 'third')"": 1.0, ""('reported_cancelled', 4, 'first')"": 1.0, ""('reported_cancelled', 4, 'third')"": 1.0, ""('reported_completed', -3, 'first')"": 1.0, ""('reported_completed', -3, 'third')"": 1.0, ""('reported_completed', -2, 'first')"": 1.0, ""('reported_completed', -2, 'third')"": 1.0, ""('reported_completed', -1, 'first')"": 1.0, ""('reported_completed', -1, 'third')"": 1.0, ""('reported_completed', 0, 'first')"": 1.0, ""('reported_completed', 0, 'third')"": 1.0}",1.0,32,"{""H0"": 1.0, ""H1"": 1.0, ""H2"": 1.0}",1.0,0.0,0.0,0,"{""atomic"": 0.00015141502357469015, ""old"": 9.015744209068503e-05, ""seen_A"": 0.00022846208172824865, ""seen_D"": 0.15441257380396942}",False,False
44,O,50,train,1.0,"{""('recorded_plan', -3, 'first')"": 1.0, ""('recorded_plan', -3, 'third')"": 1.0, ""('recorded_plan', -2, 'first')"": 1.0, ""('recorded_plan', -2, 'third')"": 1.0, ""('recorded_plan', -1, 'first')"": 1.0, ""('recorded_plan', -1, 'third')"": 1.0, ""('recorded_plan', 0, 'first')"": 1.0, ""('recorded_plan', 0, 'third')"": 1.0, ""('recorded_plan', 1, 'first')"": 1.0, ""('recorded_plan', 1, 'third')"": 1.0, ""('recorded_plan', 2, 'first')"": 1.0, ""('recorded_plan', 2, 'third')"": 1.0, ""('recorded_plan', 3, 'first')"": 1.0, ""('recorded_plan', 3, 'third')"": 1.0, ""('recorded_plan', 4, 'first')"": 1.0, ""('recorded_plan', 4, 'third')"": 1.0, ""('reported_cancelled', -3, 'first')"": 1.0, ""('reported_cancelled', -3, 'third')"": 1.0, ""('reported_cancelled', -2, 'first')"": 1.0, ""('reported_cancelled', -2, 'third')"": 1.0, ""('reported_cancelled', -1, 'first')"": 1.0, ""('reported_cancelled', -1, 'third')"": 1.0, ""('reported_cancelled', 0, 'first')"": 1.0, ""('reported_cancelled', 0, 'third')"": 1.0, ""('reported_cancelled', 1, 'first')"": 1.0, ""('reported_cancelled', 1, 'third')"": 1.0, ""('reported_cancelled', 2, 'first')"": 1.0, ""('reported_cancelled', 2, 'third')"": 1.0, ""('reported_cancelled', 3, 'first')"": 1.0, ""('reported_cancelled', 3, 'third')"": 1.0, ""('reported_cancelled', 4, 'first')"": 1.0, ""('reported_cancelled', 4, 'third')"": 1.0, ""('reported_completed', -3, 'first')"": 1.0, ""('reported_completed', -3, 'third')"": 1.0, ""('reported_completed', -2, 'first')"": 1.0, ""('reported_completed', -2, 'third')"": 1.0, ""('reported_completed', -1, 'first')"": 1.0, ""('reported_completed', -1, 'third')"": 1.0, ""('reported_completed', 0, 'first')"": 1.0, ""('reported_completed', 0, 'third')"": 1.0}",1.0,32,"{""H0"": 1.0, ""H1"": 1.0, ""H2"": 1.0}",1.0,1.0,1.0,0,"{""atomic"": 0.00023399441739900954, ""old"": 0.0001627499944171947, ""seen_A"": 6.170039928582682e-05, ""seen_D"": 3.0461228488953315e-05}",False,False
44,O,50,dev,1.0,"{""('recorded_plan', -3, 'first')"": 1.0, ""('recorded_plan', -3, 'third')"": 1.0, ""('recorded_plan', -2, 'first')"": 1.0, ""('recorded_plan', -2, 'third')"": 1.0, ""('recorded_plan', -1, 'first')"": 1.0, ""('recorded_plan', -1, 'third')"": 1.0, ""('recorded_plan', 0, 'first')"": 1.0, ""('recorded_plan', 0, 'third')"": 1.0, ""('recorded_plan', 1, 'first')"": 1.0, ""('recorded_plan', 1, 'third')"": 1.0, ""('recorded_plan', 2, 'first')"": 1.0, ""('recorded_plan', 2, 'third')"": 1.0, ""('recorded_plan', 3, 'first')"": 1.0, ""('recorded_plan', 3, 'third')"": 1.0, ""('recorded_plan', 4, 'first')"": 1.0, ""('recorded_plan', 4, 'third')"": 1.0, ""('reported_cancelled', -3, 'first')"": 1.0, ""('reported_cancelled', -3, 'third')"": 1.0, ""('reported_cancelled', -2, 'first')"": 1.0, ""('reported_cancelled', -2, 'third')"": 1.0, ""('reported_cancelled', -1, 'first')"": 1.0, ""('reported_cancelled', -1, 'third')"": 1.0, ""('reported_cancelled', 0, 'first')"": 1.0, ""('reported_cancelled', 0, 'third')"": 1.0, ""('reported_cancelled', 1, 'first')"": 1.0, ""('reported_cancelled', 1, 'third')"": 1.0, ""('reported_cancelled', 2, 'first')"": 1.0, ""('reported_cancelled', 2, 'third')"": 1.0, ""('reported_cancelled', 3, 'first')"": 1.0, ""('reported_cancelled', 3, 'third')"": 1.0, ""('reported_cancelled', 4, 'first')"": 1.0, ""('reported_cancelled', 4, 'third')"": 1.0, ""('reported_completed', -3, 'first')"": 1.0, ""('reported_completed', -3, 'third')"": 1.0, ""('reported_completed', -2, 'first')"": 1.0, ""('reported_completed', -2, 'third')"": 1.0, ""('reported_completed', -1, 'first')"": 1.0, ""('reported_completed', -1, 'third')"": 1.0, ""('reported_completed', 0, 'first')"": 1.0, ""('reported_completed', 0, 'third')"": 1.0}",1.0,32,"{""H0"": 1.0, ""H1"": 1.0, ""H2"": 1.0}",1.0,1.0,1.0,0,"{""atomic"": 0.00022030524335465304, ""old"": 0.00017379444473655488, ""seen_A"": 6.374614855562098e-05, ""seen_D"": 3.2030975519580246e-05}",False,False
44,O,100,train,1.0,"{""('recorded_plan', -3, 'first')"": 1.0, ""('recorded_plan', -3, 'third')"": 1.0, ""('recorded_plan', -2, 'first')"": 1.0, ""('recorded_plan', -2, 'third')"": 1.0, ""('recorded_plan', -1, 'first')"": 1.0, ""('recorded_plan', -1, 'third')"": 1.0, ""('recorded_plan', 0, 'first')"": 1.0, ""('recorded_plan', 0, 'third')"": 1.0, ""('recorded_plan', 1, 'first')"": 1.0, ""('recorded_plan', 1, 'third')"": 1.0, ""('recorded_plan', 2, 'first')"": 1.0, ""('recorded_plan', 2, 'third')"": 1.0, ""('recorded_plan', 3, 'first')"": 1.0, ""('recorded_plan', 3, 'third')"": 1.0, ""('recorded_plan', 4, 'first')"": 1.0, ""('recorded_plan', 4, 'third')"": 1.0, ""('reported_cancelled', -3, 'first')"": 1.0, ""('reported_cancelled', -3, 'third')"": 1.0, ""('reported_cancelled', -2, 'first')"": 1.0, ""('reported_cancelled', -2, 'third')"": 1.0, ""('reported_cancelled', -1, 'first')"": 1.0, ""('reported_cancelled', -1, 'third')"": 1.0, ""('reported_cancelled', 0, 'first')"": 1.0, ""('reported_cancelled', 0, 'third')"": 1.0, ""('reported_cancelled', 1, 'first')"": 1.0, ""('reported_cancelled', 1, 'third')"": 1.0, ""('reported_cancelled', 2, 'first')"": 1.0, ""('reported_cancelled', 2, 'third')"": 1.0, ""('reported_cancelled', 3, 'first')"": 1.0, ""('reported_cancelled', 3, 'third')"": 1.0, ""('reported_cancelled', 4, 'first')"": 1.0, ""('reported_cancelled', 4, 'third')"": 1.0, ""('reported_completed', -3, 'first')"": 1.0, ""('reported_completed', -3, 'third')"": 1.0, ""('reported_completed', -2, 'first')"": 1.0, ""('reported_completed', -2, 'third')"": 1.0, ""('reported_completed', -1, 'first')"": 1.0, ""('reported_completed', -1, 'third')"": 1.0, ""('reported_completed', 0, 'first')"": 1.0, ""('reported_completed', 0, 'third')"": 1.0}",1.0,32,"{""H0"": 1.0, ""H1"": 1.0, ""H2"": 1.0}",1.0,1.0,1.0,0,"{""atomic"": 0.00013238879520202157, ""old"": 0.00010038716996598894, ""seen_A"": 3.8894234235263256e-05, ""seen_D"": 1.9435744035705984e-05}",False,False
44,O,100,dev,1.0,"{""('recorded_plan', -3, 'first')"": 1.0, ""('recorded_plan', -3, 'third')"": 1.0, ""('recorded_plan', -2, 'first')"": 1.0, ""('recorded_plan', -2, 'third')"": 1.0, ""('recorded_plan', -1, 'first')"": 1.0, ""('recorded_plan', -1, 'third')"": 1.0, ""('recorded_plan', 0, 'first')"": 1.0, ""('recorded_plan', 0, 'third')"": 1.0, ""('recorded_plan', 1, 'first')"": 1.0, ""('recorded_plan', 1, 'third')"": 1.0, ""('recorded_plan', 2, 'first')"": 1.0, ""('recorded_plan', 2, 'third')"": 1.0, ""('recorded_plan', 3, 'first')"": 1.0, ""('recorded_plan', 3, 'third')"": 1.0, ""('recorded_plan', 4, 'first')"": 1.0, ""('recorded_plan', 4, 'third')"": 1.0, ""('reported_cancelled', -3, 'first')"": 1.0, ""('reported_cancelled', -3, 'third')"": 1.0, ""('reported_cancelled', -2, 'first')"": 1.0, ""('reported_cancelled', -2, 'third')"": 1.0, ""('reported_cancelled', -1, 'first')"": 1.0, ""('reported_cancelled', -1, 'third')"": 1.0, ""('reported_cancelled', 0, 'first')"": 1.0, ""('reported_cancelled', 0, 'third')"": 1.0, ""('reported_cancelled', 1, 'first')"": 1.0, ""('reported_cancelled', 1, 'third')"": 1.0, ""('reported_cancelled', 2, 'first')"": 1.0, ""('reported_cancelled', 2, 'third')"": 1.0, ""('reported_cancelled', 3, 'first')"": 1.0, ""('reported_cancelled', 3, 'third')"": 1.0, ""('reported_cancelled', 4, 'first')"": 1.0, ""('reported_cancelled', 4, 'third')"": 1.0, ""('reported_completed', -3, 'first')"": 1.0, ""('reported_completed', -3, 'third')"": 1.0, ""('reported_completed', -2, 'first')"": 1.0, ""('reported_completed', -2, 'third')"": 1.0, ""('reported_completed', -1, 'first')"": 1.0, ""('reported_completed', -1, 'third')"": 1.0, ""('reported_completed', 0, 'first')"": 1.0, ""('reported_completed', 0, 'third')"": 1.0}",1.0,32,"{""H0"": 1.0, ""H1"": 1.0, ""H2"": 1.0}",1.0,1.0,1.0,0,"{""atomic"": 0.0001308852524972115, ""old"": 0.00010537515533762946, ""seen_A"": 3.9558160062141394e-05, ""seen_D"": 2.0268891772313827e-05}",False,False
44,O,150,train,1.0,"{""('recorded_plan', -3, 'first')"": 1.0, ""('recorded_plan', -3, 'third')"": 1.0, ""('recorded_plan', -2, 'first')"": 1.0, ""('recorded_plan', -2, 'third')"": 1.0, ""('recorded_plan', -1, 'first')"": 1.0, ""('recorded_plan', -1, 'third')"": 1.0, ""('recorded_plan', 0, 'first')"": 1.0, ""('recorded_plan', 0, 'third')"": 1.0, ""('recorded_plan', 1, 'first')"": 1.0, ""('recorded_plan', 1, 'third')"": 1.0, ""('recorded_plan', 2, 'first')"": 1.0, ""('recorded_plan', 2, 'third')"": 1.0, ""('recorded_plan', 3, 'first')"": 1.0, ""('recorded_plan', 3, 'third')"": 1.0, ""('recorded_plan', 4, 'first')"": 1.0, ""('recorded_plan', 4, 'third')"": 1.0, ""('reported_cancelled', -3, 'first')"": 1.0, ""('reported_cancelled', -3, 'third')"": 1.0, ""('reported_cancelled', -2, 'first')"": 1.0, ""('reported_cancelled', -2, 'third')"": 1.0, ""('reported_cancelled', -1, 'first')"": 1.0, ""('reported_cancelled', -1, 'third')"": 1.0, ""('reported_cancelled', 0, 'first')"": 1.0, ""('reported_cancelled', 0, 'third')"": 1.0, ""('reported_cancelled', 1, 'first')"": 1.0, ""('reported_cancelled', 1, 'third')"": 1.0, ""('reported_cancelled', 2, 'first')"": 1.0, ""('reported_cancelled', 2, 'third')"": 1.0, ""('reported_cancelled', 3, 'first')"": 1.0, ""('reported_cancelled', 3, 'third')"": 1.0, ""('reported_cancelled', 4, 'first')"": 1.0, ""('reported_cancelled', 4, 'third')"": 1.0, ""('reported_completed', -3, 'first')"": 1.0, ""('reported_completed', -3, 'third')"": 1.0, ""('reported_completed', -2, 'first')"": 1.0, ""('reported_completed', -2, 'third')"": 1.0, ""('reported_completed', -1, 'first')"": 1.0, ""('reported_completed', -1, 'third')"": 1.0, ""('reported_completed', 0, 'first')"": 1.0, ""('reported_completed', 0, 'third')"": 1.0}",1.0,32,"{""H0"": 1.0, ""H1"": 1.0, ""H2"": 1.0}",1.0,1.0,1.0,0,"{""atomic"": 9.40488261799847e-05, ""old"": 7.598002235191997e-05, ""seen_A"": 2.8591744492419337e-05, ""seen_D"": 1.499653709205714e-05}",False,False
44,O,150,dev,1.0,"{""('recorded_plan', -3, 'first')"": 1.0, ""('recorded_plan', -3, 'third')"": 1.0, ""('recorded_plan', -2, 'first')"": 1.0, ""('recorded_plan', -2, 'third')"": 1.0, ""('recorded_plan', -1, 'first')"": 1.0, ""('recorded_plan', -1, 'third')"": 1.0, ""('recorded_plan', 0, 'first')"": 1.0, ""('recorded_plan', 0, 'third')"": 1.0, ""('recorded_plan', 1, 'first')"": 1.0, ""('recorded_plan', 1, 'third')"": 1.0, ""('recorded_plan', 2, 'first')"": 1.0, ""('recorded_plan', 2, 'third')"": 1.0, ""('recorded_plan', 3, 'first')"": 1.0, ""('recorded_plan', 3, 'third')"": 1.0, ""('recorded_plan', 4, 'first')"": 1.0, ""('recorded_plan', 4, 'third')"": 1.0, ""('reported_cancelled', -3, 'first')"": 1.0, ""('reported_cancelled', -3, 'third')"": 1.0, ""('reported_cancelled', -2, 'first')"": 1.0, ""('reported_cancelled', -2, 'third')"": 1.0, ""('reported_cancelled', -1, 'first')"": 1.0, ""('reported_cancelled', -1, 'third')"": 1.0, ""('reported_cancelled', 0, 'first')"": 1.0, ""('reported_cancelled', 0, 'third')"": 1.0, ""('reported_cancelled', 1, 'first')"": 1.0, ""('reported_cancelled', 1, 'third')"": 1.0, ""('reported_cancelled', 2, 'first')"": 1.0, ""('reported_cancelled', 2, 'third')"": 1.0, ""('reported_cancelled', 3, 'first')"": 1.0, ""('reported_cancelled', 3, 'third')"": 1.0, ""('reported_cancelled', 4, 'first')"": 1.0, ""('reported_cancelled', 4, 'third')"": 1.0, ""('reported_completed', -3, 'first')"": 1.0, ""('reported_completed', -3, 'third')"": 1.0, ""('reported_completed', -2, 'first')"": 1.0, ""('reported_completed', -2, 'third')"": 1.0, ""('reported_completed', -1, 'first')"": 1.0, ""('reported_completed', -1, 'third')"": 1.0, ""('reported_completed', 0, 'first')"": 1.0, ""('reported_completed', 0, 'third')"": 1.0}",1.0,32,"{""H0"": 1.0, ""H1"": 1.0, ""H2"": 1.0}",1.0,1.0,1.0,0,"{""atomic"": 9.339816564397105e-05, ""old"": 7.933424869540064e-05, ""seen_A"": 2.9280970364177975e-05, ""seen_D"": 1.552215964365445e-05}",False,False
44,O,200,train,0.8703125,"{""('recorded_plan', -3, 'first')"": 1.0, ""('recorded_plan', -3, 'third')"": 1.0, ""('recorded_plan', -2, 'first')"": 0.75, ""('recorded_plan', -2, 'third')"": 0.875, ""('recorded_plan', -1, 'first')"": 1.0, ""('recorded_plan', -1, 'third')"": 1.0, ""('recorded_plan', 0, 'first')"": 1.0, ""('recorded_plan', 0, 'third')"": 1.0, ""('recorded_plan', 1, 'first')"": 1.0, ""('recorded_plan', 1, 'third')"": 1.0, ""('recorded_plan', 2, 'first')"": 0.125, ""('recorded_plan', 2, 'third')"": 0.125, ""('recorded_plan', 3, 'first')"": 1.0, ""('recorded_plan', 3, 'third')"": 1.0, ""('recorded_plan', 4, 'first')"": 0.75, ""('recorded_plan', 4, 'third')"": 0.6875, ""('reported_cancelled', -3, 'first')"": 1.0, ""('reported_cancelled', -3, 'third')"": 1.0, ""('reported_cancelled', -2, 'first')"": 1.0, ""('reported_cancelled', -2, 'third')"": 0.875, ""('reported_cancelled', -1, 'first')"": 1.0, ""('reported_cancelled', -1, 'third')"": 1.0, ""('reported_cancelled', 0, 'first')"": 1.0, ""('reported_cancelled', 0, 'third')"": 1.0, ""('reported_cancelled', 1, 'first')"": 1.0, ""('reported_cancelled', 1, 'third')"": 1.0, ""('reported_cancelled', 2, 'first')"": 0.0625, ""('reported_cancelled', 2, 'third')"": 0.0625, ""('reported_cancelled', 3, 'first')"": 1.0, ""('reported_cancelled', 3, 'third')"": 1.0, ""('reported_cancelled', 4, 'first')"": 0.8125, ""('reported_cancelled', 4, 'third')"": 0.8125, ""('reported_completed', -3, 'first')"": 1.0, ""('reported_completed', -3, 'third')"": 1.0, ""('reported_completed', -2, 'first')"": 0.9375, ""('reported_completed', -2, 'third')"": 0.9375, ""('reported_completed', -1, 'first')"": 1.0, ""('reported_completed', -1, 'third')"": 1.0, ""('reported_completed', 0, 'first')"": 1.0, ""('reported_completed', 0, 'third')"": 1.0}",1.0,32,"{""H0"": 1.0, ""H1"": 1.0, ""H2"": 1.0}",1.0,1.0,1.0,0,"{""atomic"": 0.008178120402130324, ""old"": 0.00010924170120313641, ""seen_A"": 4.3464355815828776e-05, ""seen_D"": 2.884302814927058e-05}",False,False
44,O,200,dev,0.8546875,"{""('recorded_plan', -3, 'first')"": 1.0, ""('recorded_plan', -3, 'third')"": 1.0, ""('recorded_plan', -2, 'first')"": 0.875, ""('recorded_plan', -2, 'third')"": 0.8125, ""('recorded_plan', -1, 'first')"": 1.0, ""('recorded_plan', -1, 'third')"": 1.0, ""('recorded_plan', 0, 'first')"": 1.0, ""('recorded_plan', 0, 'third')"": 1.0, ""('recorded_plan', 1, 'first')"": 1.0, ""('recorded_plan', 1, 'third')"": 1.0, ""('recorded_plan', 2, 'first')"": 0.125, ""('recorded_plan', 2, 'third')"": 0.0, ""('recorded_plan', 3, 'first')"": 1.0, ""('recorded_plan', 3, 'third')"": 1.0, ""('recorded_plan', 4, 'first')"": 0.875, ""('recorded_plan', 4, 'third')"": 0.875, ""('reported_cancelled', -3, 'first')"": 1.0, ""('reported_cancelled', -3, 'third')"": 1.0, ""('reported_cancelled', -2, 'first')"": 0.875, ""('reported_cancelled', -2, 'third')"": 0.75, ""('reported_cancelled', -1, 'first')"": 1.0, ""('reported_cancelled', -1, 'third')"": 1.0, ""('reported_cancelled', 0, 'first')"": 1.0, ""('reported_cancelled', 0, 'third')"": 1.0, ""('reported_cancelled', 1, 'first')"": 1.0, ""('reported_cancelled', 1, 'third')"": 1.0, ""('reported_cancelled', 2, 'first')"": 0.0, ""('reported_cancelled', 2, 'third')"": 0.0, ""('reported_cancelled', 3, 'first')"": 1.0, ""('reported_cancelled', 3, 'third')"": 1.0, ""('reported_cancelled', 4, 'first')"": 0.6875, ""('reported_cancelled', 4, 'third')"": 0.6875, ""('reported_completed', -3, 'first')"": 1.0, ""('reported_completed', -3, 'third')"": 1.0, ""('reported_completed', -2, 'first')"": 0.8125, ""('reported_completed', -2, 'third')"": 0.8125, ""('reported_completed', -1, 'first')"": 1.0, ""('reported_completed', -1, 'third')"": 1.0, ""('reported_completed', 0, 'first')"": 1.0, ""('reported_completed', 0, 'third')"": 1.0}",1.0,32,"{""H0"": 1.0, ""H1"": 1.0, ""H2"": 1.0}",1.0,1.0,1.0,0,"{""atomic"": 0.008151870247295757, ""old"": 0.00014727688675874725, ""seen_A"": 4.326348561002196e-05, ""seen_D"": 3.412188690148111e-05}",False,False
