study,model,domain,seed,variable,sample,label,n,sample_n,frequency,worlds
four_domain_state_coverage_v1,bart,time,42,current_state,train_P,0,24,168,0.14285714285714285,24
four_domain_state_coverage_v1,bart,time,42,current_state,train_P,1,24,168,0.14285714285714285,24
four_domain_state_coverage_v1,bart,time,42,current_state,train_P,2,24,168,0.14285714285714285,24
four_domain_state_coverage_v1,bart,time,42,current_state,train_P,3,24,168,0.14285714285714285,24
four_domain_state_coverage_v1,bart,time,42,current_state,train_P,4,24,168,0.14285714285714285,24
four_domain_state_coverage_v1,bart,time,42,current_state,train_P,5,24,168,0.14285714285714285,24
four_domain_state_coverage_v1,bart,time,42,current_state,train_P,6,24,168,0.14285714285714285,24
four_domain_state_coverage_v1,bart,time,42,current_state,test_P,0,32,224,0.14285714285714285,32
four_domain_state_coverage_v1,bart,time,42,current_state,test_P,1,32,224,0.14285714285714285,32
four_domain_state_coverage_v1,bart,time,42,current_state,test_P,2,32,224,0.14285714285714285,32
four_domain_state_coverage_v1,bart,time,42,current_state,test_P,3,32,224,0.14285714285714285,32
four_domain_state_coverage_v1,bart,time,42,current_state,test_P,4,32,224,0.14285714285714285,32
four_domain_state_coverage_v1,bart,time,42,current_state,test_P,5,32,224,0.14285714285714285,32
four_domain_state_coverage_v1,bart,time,42,current_state,test_P,6,32,224,0.14285714285714285,32
four_domain_state_coverage_v1,bart,time,42,current_state,test_Q,0,32,224,0.14285714285714285,32
four_domain_state_coverage_v1,bart,time,42,current_state,test_Q,1,32,224,0.14285714285714285,32
four_domain_state_coverage_v1,bart,time,42,current_state,test_Q,2,32,224,0.14285714285714285,32
four_domain_state_coverage_v1,bart,time,42,current_state,test_Q,3,32,224,0.14285714285714285,32
four_domain_state_coverage_v1,bart,time,42,current_state,test_Q,4,32,224,0.14285714285714285,32
four_domain_state_coverage_v1,bart,time,42,current_state,test_Q,5,32,224,0.14285714285714285,32
four_domain_state_coverage_v1,bart,time,42,current_state,test_Q,6,32,224,0.14285714285714285,32
four_domain_state_coverage_v1,bart,time,42,current_state,test_U,0,32,224,0.14285714285714285,32
four_domain_state_coverage_v1,bart,time,42,current_state,test_U,1,32,224,0.14285714285714285,32
four_domain_state_coverage_v1,bart,time,42,current_state,test_U,2,32,224,0.14285714285714285,32
four_domain_state_coverage_v1,bart,time,42,current_state,test_U,3,32,224,0.14285714285714285,32
four_domain_state_coverage_v1,bart,time,42,current_state,test_U,4,32,224,0.14285714285714285,32
four_domain_state_coverage_v1,bart,time,42,current_state,test_U,5,32,224,0.14285714285714285,32
four_domain_state_coverage_v1,bart,time,42,current_state,test_U,6,32,224,0.14285714285714285,32
four_domain_state_coverage_v1,bart,time,42,target_object,train_P,0,28,168,0.16666666666666666,4
four_domain_state_coverage_v1,bart,time,42,target_object,train_P,1,28,168,0.16666666666666666,4
four_domain_state_coverage_v1,bart,time,42,target_object,train_P,2,7,168,0.041666666666666664,1
four_domain_state_coverage_v1,bart,time,42,target_object,train_P,3,7,168,0.041666666666666664,1
four_domain_state_coverage_v1,bart,time,42,target_object,train_P,4,21,168,0.125,3
four_domain_state_coverage_v1,bart,time,42,target_object,train_P,5,42,168,0.25,6
four_domain_state_coverage_v1,bart,time,42,target_object,train_P,6,14,168,0.08333333333333333,2
four_domain_state_coverage_v1,bart,time,42,target_object,train_P,7,21,168,0.125,3
four_domain_state_coverage_v1,bart,time,42,target_object,test_P,0,21,224,0.09375,3
four_domain_state_coverage_v1,bart,time,42,target_object,test_P,1,35,224,0.15625,5
four_domain_state_coverage_v1,bart,time,42,target_object,test_P,2,21,224,0.09375,3
four_domain_state_coverage_v1,bart,time,42,target_object,test_P,3,42,224,0.1875,6
four_domain_state_coverage_v1,bart,time,42,target_object,test_P,4,14,224,0.0625,2
four_domain_state_coverage_v1,bart,time,42,target_object,test_P,5,42,224,0.1875,6
four_domain_state_coverage_v1,bart,time,42,target_object,test_P,6,14,224,0.0625,2
four_domain_state_coverage_v1,bart,time,42,target_object,test_P,7,35,224,0.15625,5
four_domain_state_coverage_v1,bart,time,42,target_object,test_Q,0,21,224,0.09375,3
four_domain_state_coverage_v1,bart,time,42,target_object,test_Q,1,35,224,0.15625,5
four_domain_state_coverage_v1,bart,time,42,target_object,test_Q,2,21,224,0.09375,3
four_domain_state_coverage_v1,bart,time,42,target_object,test_Q,3,42,224,0.1875,6
four_domain_state_coverage_v1,bart,time,42,target_object,test_Q,4,14,224,0.0625,2
four_domain_state_coverage_v1,bart,time,42,target_object,test_Q,5,42,224,0.1875,6
four_domain_state_coverage_v1,bart,time,42,target_object,test_Q,6,14,224,0.0625,2
four_domain_state_coverage_v1,bart,time,42,target_object,test_Q,7,35,224,0.15625,5
four_domain_state_coverage_v1,bart,time,42,target_object,test_U,0,21,224,0.09375,3
four_domain_state_coverage_v1,bart,time,42,target_object,test_U,1,35,224,0.15625,5
four_domain_state_coverage_v1,bart,time,42,target_object,test_U,2,21,224,0.09375,3
four_domain_state_coverage_v1,bart,time,42,target_object,test_U,3,42,224,0.1875,6
four_domain_state_coverage_v1,bart,time,42,target_object,test_U,4,14,224,0.0625,2
four_domain_state_coverage_v1,bart,time,42,target_object,test_U,5,42,224,0.1875,6
four_domain_state_coverage_v1,bart,time,42,target_object,test_U,6,14,224,0.0625,2
four_domain_state_coverage_v1,bart,time,42,target_object,test_U,7,35,224,0.15625,5
four_domain_state_coverage_v1,bart,time,43,current_state,train_P,0,24,168,0.14285714285714285,24
four_domain_state_coverage_v1,bart,time,43,current_state,train_P,1,24,168,0.14285714285714285,24
four_domain_state_coverage_v1,bart,time,43,current_state,train_P,2,24,168,0.14285714285714285,24
four_domain_state_coverage_v1,bart,time,43,current_state,train_P,3,24,168,0.14285714285714285,24
four_domain_state_coverage_v1,bart,time,43,current_state,train_P,4,24,168,0.14285714285714285,24
four_domain_state_coverage_v1,bart,time,43,current_state,train_P,5,24,168,0.14285714285714285,24
four_domain_state_coverage_v1,bart,time,43,current_state,train_P,6,24,168,0.14285714285714285,24
four_domain_state_coverage_v1,bart,time,43,current_state,test_P,0,32,224,0.14285714285714285,32
four_domain_state_coverage_v1,bart,time,43,current_state,test_P,1,32,224,0.14285714285714285,32
four_domain_state_coverage_v1,bart,time,43,current_state,test_P,2,32,224,0.14285714285714285,32
four_domain_state_coverage_v1,bart,time,43,current_state,test_P,3,32,224,0.14285714285714285,32
four_domain_state_coverage_v1,bart,time,43,current_state,test_P,4,32,224,0.14285714285714285,32
four_domain_state_coverage_v1,bart,time,43,current_state,test_P,5,32,224,0.14285714285714285,32
four_domain_state_coverage_v1,bart,time,43,current_state,test_P,6,32,224,0.14285714285714285,32
four_domain_state_coverage_v1,bart,time,43,current_state,test_Q,0,32,224,0.14285714285714285,32
four_domain_state_coverage_v1,bart,time,43,current_state,test_Q,1,32,224,0.14285714285714285,32
four_domain_state_coverage_v1,bart,time,43,current_state,test_Q,2,32,224,0.14285714285714285,32
four_domain_state_coverage_v1,bart,time,43,current_state,test_Q,3,32,224,0.14285714285714285,32
four_domain_state_coverage_v1,bart,time,43,current_state,test_Q,4,32,224,0.14285714285714285,32
four_domain_state_coverage_v1,bart,time,43,current_state,test_Q,5,32,224,0.14285714285714285,32
four_domain_state_coverage_v1,bart,time,43,current_state,test_Q,6,32,224,0.14285714285714285,32
four_domain_state_coverage_v1,bart,time,43,current_state,test_U,0,32,224,0.14285714285714285,32
four_domain_state_coverage_v1,bart,time,43,current_state,test_U,1,32,224,0.14285714285714285,32
four_domain_state_coverage_v1,bart,time,43,current_state,test_U,2,32,224,0.14285714285714285,32
four_domain_state_coverage_v1,bart,time,43,current_state,test_U,3,32,224,0.14285714285714285,32
four_domain_state_coverage_v1,bart,time,43,current_state,test_U,4,32,224,0.14285714285714285,32
four_domain_state_coverage_v1,bart,time,43,current_state,test_U,5,32,224,0.14285714285714285,32
four_domain_state_coverage_v1,bart,time,43,current_state,test_U,6,32,224,0.14285714285714285,32
four_domain_state_coverage_v1,bart,time,43,target_object,train_P,0,28,168,0.16666666666666666,4
four_domain_state_coverage_v1,bart,time,43,target_object,train_P,1,28,168,0.16666666666666666,4
four_domain_state_coverage_v1,bart,time,43,target_object,train_P,2,7,168,0.041666666666666664,1
four_domain_state_coverage_v1,bart,time,43,target_object,train_P,3,7,168,0.041666666666666664,1
four_domain_state_coverage_v1,bart,time,43,target_object,train_P,4,21,168,0.125,3
four_domain_state_coverage_v1,bart,time,43,target_object,train_P,5,42,168,0.25,6
four_domain_state_coverage_v1,bart,time,43,target_object,train_P,6,14,168,0.08333333333333333,2
four_domain_state_coverage_v1,bart,time,43,target_object,train_P,7,21,168,0.125,3
four_domain_state_coverage_v1,bart,time,43,target_object,test_P,0,21,224,0.09375,3
four_domain_state_coverage_v1,bart,time,43,target_object,test_P,1,35,224,0.15625,5
four_domain_state_coverage_v1,bart,time,43,target_object,test_P,2,21,224,0.09375,3
four_domain_state_coverage_v1,bart,time,43,target_object,test_P,3,42,224,0.1875,6
four_domain_state_coverage_v1,bart,time,43,target_object,test_P,4,14,224,0.0625,2
four_domain_state_coverage_v1,bart,time,43,target_object,test_P,5,42,224,0.1875,6
four_domain_state_coverage_v1,bart,time,43,target_object,test_P,6,14,224,0.0625,2
four_domain_state_coverage_v1,bart,time,43,target_object,test_P,7,35,224,0.15625,5
four_domain_state_coverage_v1,bart,time,43,target_object,test_Q,0,21,224,0.09375,3
four_domain_state_coverage_v1,bart,time,43,target_object,test_Q,1,35,224,0.15625,5
four_domain_state_coverage_v1,bart,time,43,target_object,test_Q,2,21,224,0.09375,3
four_domain_state_coverage_v1,bart,time,43,target_object,test_Q,3,42,224,0.1875,6
four_domain_state_coverage_v1,bart,time,43,target_object,test_Q,4,14,224,0.0625,2
four_domain_state_coverage_v1,bart,time,43,target_object,test_Q,5,42,224,0.1875,6
four_domain_state_coverage_v1,bart,time,43,target_object,test_Q,6,14,224,0.0625,2
four_domain_state_coverage_v1,bart,time,43,target_object,test_Q,7,35,224,0.15625,5
four_domain_state_coverage_v1,bart,time,43,target_object,test_U,0,21,224,0.09375,3
four_domain_state_coverage_v1,bart,time,43,target_object,test_U,1,35,224,0.15625,5
four_domain_state_coverage_v1,bart,time,43,target_object,test_U,2,21,224,0.09375,3
four_domain_state_coverage_v1,bart,time,43,target_object,test_U,3,42,224,0.1875,6
four_domain_state_coverage_v1,bart,time,43,target_object,test_U,4,14,224,0.0625,2
four_domain_state_coverage_v1,bart,time,43,target_object,test_U,5,42,224,0.1875,6
four_domain_state_coverage_v1,bart,time,43,target_object,test_U,6,14,224,0.0625,2
four_domain_state_coverage_v1,bart,time,43,target_object,test_U,7,35,224,0.15625,5
four_domain_state_coverage_v1,bart,time,44,current_state,train_P,0,24,168,0.14285714285714285,24
four_domain_state_coverage_v1,bart,time,44,current_state,train_P,1,24,168,0.14285714285714285,24
four_domain_state_coverage_v1,bart,time,44,current_state,train_P,2,24,168,0.14285714285714285,24
four_domain_state_coverage_v1,bart,time,44,current_state,train_P,3,24,168,0.14285714285714285,24
four_domain_state_coverage_v1,bart,time,44,current_state,train_P,4,24,168,0.14285714285714285,24
four_domain_state_coverage_v1,bart,time,44,current_state,train_P,5,24,168,0.14285714285714285,24
four_domain_state_coverage_v1,bart,time,44,current_state,train_P,6,24,168,0.14285714285714285,24
four_domain_state_coverage_v1,bart,time,44,current_state,test_P,0,32,224,0.14285714285714285,32
four_domain_state_coverage_v1,bart,time,44,current_state,test_P,1,32,224,0.14285714285714285,32
four_domain_state_coverage_v1,bart,time,44,current_state,test_P,2,32,224,0.14285714285714285,32
four_domain_state_coverage_v1,bart,time,44,current_state,test_P,3,32,224,0.14285714285714285,32
four_domain_state_coverage_v1,bart,time,44,current_state,test_P,4,32,224,0.14285714285714285,32
four_domain_state_coverage_v1,bart,time,44,current_state,test_P,5,32,224,0.14285714285714285,32
four_domain_state_coverage_v1,bart,time,44,current_state,test_P,6,32,224,0.14285714285714285,32
four_domain_state_coverage_v1,bart,time,44,current_state,test_Q,0,32,224,0.14285714285714285,32
four_domain_state_coverage_v1,bart,time,44,current_state,test_Q,1,32,224,0.14285714285714285,32
four_domain_state_coverage_v1,bart,time,44,current_state,test_Q,2,32,224,0.14285714285714285,32
four_domain_state_coverage_v1,bart,time,44,current_state,test_Q,3,32,224,0.14285714285714285,32
four_domain_state_coverage_v1,bart,time,44,current_state,test_Q,4,32,224,0.14285714285714285,32
four_domain_state_coverage_v1,bart,time,44,current_state,test_Q,5,32,224,0.14285714285714285,32
four_domain_state_coverage_v1,bart,time,44,current_state,test_Q,6,32,224,0.14285714285714285,32
four_domain_state_coverage_v1,bart,time,44,current_state,test_U,0,32,224,0.14285714285714285,32
four_domain_state_coverage_v1,bart,time,44,current_state,test_U,1,32,224,0.14285714285714285,32
four_domain_state_coverage_v1,bart,time,44,current_state,test_U,2,32,224,0.14285714285714285,32
four_domain_state_coverage_v1,bart,time,44,current_state,test_U,3,32,224,0.14285714285714285,32
four_domain_state_coverage_v1,bart,time,44,current_state,test_U,4,32,224,0.14285714285714285,32
four_domain_state_coverage_v1,bart,time,44,current_state,test_U,5,32,224,0.14285714285714285,32
four_domain_state_coverage_v1,bart,time,44,current_state,test_U,6,32,224,0.14285714285714285,32
four_domain_state_coverage_v1,bart,time,44,target_object,train_P,0,28,168,0.16666666666666666,4
four_domain_state_coverage_v1,bart,time,44,target_object,train_P,1,28,168,0.16666666666666666,4
four_domain_state_coverage_v1,bart,time,44,target_object,train_P,2,7,168,0.041666666666666664,1
four_domain_state_coverage_v1,bart,time,44,target_object,train_P,3,7,168,0.041666666666666664,1
four_domain_state_coverage_v1,bart,time,44,target_object,train_P,4,21,168,0.125,3
four_domain_state_coverage_v1,bart,time,44,target_object,train_P,5,42,168,0.25,6
four_domain_state_coverage_v1,bart,time,44,target_object,train_P,6,14,168,0.08333333333333333,2
four_domain_state_coverage_v1,bart,time,44,target_object,train_P,7,21,168,0.125,3
four_domain_state_coverage_v1,bart,time,44,target_object,test_P,0,21,224,0.09375,3
four_domain_state_coverage_v1,bart,time,44,target_object,test_P,1,35,224,0.15625,5
four_domain_state_coverage_v1,bart,time,44,target_object,test_P,2,21,224,0.09375,3
four_domain_state_coverage_v1,bart,time,44,target_object,test_P,3,42,224,0.1875,6
four_domain_state_coverage_v1,bart,time,44,target_object,test_P,4,14,224,0.0625,2
four_domain_state_coverage_v1,bart,time,44,target_object,test_P,5,42,224,0.1875,6
four_domain_state_coverage_v1,bart,time,44,target_object,test_P,6,14,224,0.0625,2
four_domain_state_coverage_v1,bart,time,44,target_object,test_P,7,35,224,0.15625,5
four_domain_state_coverage_v1,bart,time,44,target_object,test_Q,0,21,224,0.09375,3
four_domain_state_coverage_v1,bart,time,44,target_object,test_Q,1,35,224,0.15625,5
four_domain_state_coverage_v1,bart,time,44,target_object,test_Q,2,21,224,0.09375,3
four_domain_state_coverage_v1,bart,time,44,target_object,test_Q,3,42,224,0.1875,6
four_domain_state_coverage_v1,bart,time,44,target_object,test_Q,4,14,224,0.0625,2
four_domain_state_coverage_v1,bart,time,44,target_object,test_Q,5,42,224,0.1875,6
four_domain_state_coverage_v1,bart,time,44,target_object,test_Q,6,14,224,0.0625,2
four_domain_state_coverage_v1,bart,time,44,target_object,test_Q,7,35,224,0.15625,5
four_domain_state_coverage_v1,bart,time,44,target_object,test_U,0,21,224,0.09375,3
four_domain_state_coverage_v1,bart,time,44,target_object,test_U,1,35,224,0.15625,5
four_domain_state_coverage_v1,bart,time,44,target_object,test_U,2,21,224,0.09375,3
four_domain_state_coverage_v1,bart,time,44,target_object,test_U,3,42,224,0.1875,6
four_domain_state_coverage_v1,bart,time,44,target_object,test_U,4,14,224,0.0625,2
four_domain_state_coverage_v1,bart,time,44,target_object,test_U,5,42,224,0.1875,6
four_domain_state_coverage_v1,bart,time,44,target_object,test_U,6,14,224,0.0625,2
four_domain_state_coverage_v1,bart,time,44,target_object,test_U,7,35,224,0.15625,5
four_domain_state_coverage_v1,bart,person,42,current_state,train_P,0,24,72,0.3333333333333333,24
four_domain_state_coverage_v1,bart,person,42,current_state,train_P,1,24,72,0.3333333333333333,24
four_domain_state_coverage_v1,bart,person,42,current_state,train_P,2,24,72,0.3333333333333333,24
four_domain_state_coverage_v1,bart,person,42,current_state,test_P,0,32,96,0.3333333333333333,32
four_domain_state_coverage_v1,bart,person,42,current_state,test_P,1,32,96,0.3333333333333333,32
four_domain_state_coverage_v1,bart,person,42,current_state,test_P,2,32,96,0.3333333333333333,32
four_domain_state_coverage_v1,bart,person,42,current_state,test_Q,0,32,96,0.3333333333333333,32
four_domain_state_coverage_v1,bart,person,42,current_state,test_Q,1,32,96,0.3333333333333333,32
four_domain_state_coverage_v1,bart,person,42,current_state,test_Q,2,32,96,0.3333333333333333,32
four_domain_state_coverage_v1,bart,person,42,current_state,test_U,0,32,96,0.3333333333333333,32
four_domain_state_coverage_v1,bart,person,42,current_state,test_U,1,32,96,0.3333333333333333,32
four_domain_state_coverage_v1,bart,person,42,current_state,test_U,2,32,96,0.3333333333333333,32
four_domain_state_coverage_v1,bart,person,42,target_object,train_P,0,6,72,0.08333333333333333,2
four_domain_state_coverage_v1,bart,person,42,target_object,train_P,1,15,72,0.20833333333333334,5
four_domain_state_coverage_v1,bart,person,42,target_object,train_P,2,9,72,0.125,3
four_domain_state_coverage_v1,bart,person,42,target_object,train_P,3,9,72,0.125,3
four_domain_state_coverage_v1,bart,person,42,target_object,train_P,4,6,72,0.08333333333333333,2
four_domain_state_coverage_v1,bart,person,42,target_object,train_P,5,9,72,0.125,3
four_domain_state_coverage_v1,bart,person,42,target_object,train_P,6,15,72,0.20833333333333334,5
four_domain_state_coverage_v1,bart,person,42,target_object,train_P,7,3,72,0.041666666666666664,1
four_domain_state_coverage_v1,bart,person,42,target_object,test_P,0,6,96,0.0625,2
four_domain_state_coverage_v1,bart,person,42,target_object,test_P,1,15,96,0.15625,5
four_domain_state_coverage_v1,bart,person,42,target_object,test_P,2,15,96,0.15625,5
four_domain_state_coverage_v1,bart,person,42,target_object,test_P,3,9,96,0.09375,3
four_domain_state_coverage_v1,bart,person,42,target_object,test_P,4,15,96,0.15625,5
four_domain_state_coverage_v1,bart,person,42,target_object,test_P,5,12,96,0.125,4
four_domain_state_coverage_v1,bart,person,42,target_object,test_P,6,9,96,0.09375,3
four_domain_state_coverage_v1,bart,person,42,target_object,test_P,7,15,96,0.15625,5
four_domain_state_coverage_v1,bart,person,42,target_object,test_Q,0,6,96,0.0625,2
four_domain_state_coverage_v1,bart,person,42,target_object,test_Q,1,15,96,0.15625,5
four_domain_state_coverage_v1,bart,person,42,target_object,test_Q,2,15,96,0.15625,5
four_domain_state_coverage_v1,bart,person,42,target_object,test_Q,3,9,96,0.09375,3
four_domain_state_coverage_v1,bart,person,42,target_object,test_Q,4,15,96,0.15625,5
four_domain_state_coverage_v1,bart,person,42,target_object,test_Q,5,12,96,0.125,4
four_domain_state_coverage_v1,bart,person,42,target_object,test_Q,6,9,96,0.09375,3
four_domain_state_coverage_v1,bart,person,42,target_object,test_Q,7,15,96,0.15625,5
four_domain_state_coverage_v1,bart,person,42,target_object,test_U,0,6,96,0.0625,2
four_domain_state_coverage_v1,bart,person,42,target_object,test_U,1,15,96,0.15625,5
four_domain_state_coverage_v1,bart,person,42,target_object,test_U,2,15,96,0.15625,5
four_domain_state_coverage_v1,bart,person,42,target_object,test_U,3,9,96,0.09375,3
four_domain_state_coverage_v1,bart,person,42,target_object,test_U,4,15,96,0.15625,5
four_domain_state_coverage_v1,bart,person,42,target_object,test_U,5,12,96,0.125,4
four_domain_state_coverage_v1,bart,person,42,target_object,test_U,6,9,96,0.09375,3
four_domain_state_coverage_v1,bart,person,42,target_object,test_U,7,15,96,0.15625,5
four_domain_state_coverage_v1,bart,person,42,target_subject,train_P,0,12,72,0.16666666666666666,4
four_domain_state_coverage_v1,bart,person,42,target_subject,train_P,1,6,72,0.08333333333333333,2
four_domain_state_coverage_v1,bart,person,42,target_subject,train_P,2,12,72,0.16666666666666666,4
four_domain_state_coverage_v1,bart,person,42,target_subject,train_P,3,6,72,0.08333333333333333,2
four_domain_state_coverage_v1,bart,person,42,target_subject,train_P,4,12,72,0.16666666666666666,4
four_domain_state_coverage_v1,bart,person,42,target_subject,train_P,5,6,72,0.08333333333333333,2
four_domain_state_coverage_v1,bart,person,42,target_subject,train_P,6,6,72,0.08333333333333333,2
four_domain_state_coverage_v1,bart,person,42,target_subject,train_P,7,12,72,0.16666666666666666,4
four_domain_state_coverage_v1,bart,person,42,target_subject,test_P,0,3,96,0.03125,1
four_domain_state_coverage_v1,bart,person,42,target_subject,test_P,1,18,96,0.1875,6
four_domain_state_coverage_v1,bart,person,42,target_subject,test_P,2,18,96,0.1875,6
four_domain_state_coverage_v1,bart,person,42,target_subject,test_P,3,12,96,0.125,4
four_domain_state_coverage_v1,bart,person,42,target_subject,test_P,4,9,96,0.09375,3
four_domain_state_coverage_v1,bart,person,42,target_subject,test_P,5,6,96,0.0625,2
four_domain_state_coverage_v1,bart,person,42,target_subject,test_P,6,9,96,0.09375,3
four_domain_state_coverage_v1,bart,person,42,target_subject,test_P,7,21,96,0.21875,7
four_domain_state_coverage_v1,bart,person,42,target_subject,test_Q,0,3,96,0.03125,1
four_domain_state_coverage_v1,bart,person,42,target_subject,test_Q,1,18,96,0.1875,6
four_domain_state_coverage_v1,bart,person,42,target_subject,test_Q,2,18,96,0.1875,6
four_domain_state_coverage_v1,bart,person,42,target_subject,test_Q,3,12,96,0.125,4
four_domain_state_coverage_v1,bart,person,42,target_subject,test_Q,4,9,96,0.09375,3
four_domain_state_coverage_v1,bart,person,42,target_subject,test_Q,5,6,96,0.0625,2
four_domain_state_coverage_v1,bart,person,42,target_subject,test_Q,6,9,96,0.09375,3
four_domain_state_coverage_v1,bart,person,42,target_subject,test_Q,7,21,96,0.21875,7
four_domain_state_coverage_v1,bart,person,42,target_subject,test_U,0,3,96,0.03125,1
four_domain_state_coverage_v1,bart,person,42,target_subject,test_U,1,18,96,0.1875,6
four_domain_state_coverage_v1,bart,person,42,target_subject,test_U,2,18,96,0.1875,6
four_domain_state_coverage_v1,bart,person,42,target_subject,test_U,3,12,96,0.125,4
four_domain_state_coverage_v1,bart,person,42,target_subject,test_U,4,9,96,0.09375,3
four_domain_state_coverage_v1,bart,person,42,target_subject,test_U,5,6,96,0.0625,2
four_domain_state_coverage_v1,bart,person,42,target_subject,test_U,6,9,96,0.09375,3
four_domain_state_coverage_v1,bart,person,42,target_subject,test_U,7,21,96,0.21875,7
four_domain_state_coverage_v1,bart,person,42,anchor_owner,train_P,0,10,72,0.1388888888888889,10
four_domain_state_coverage_v1,bart,person,42,anchor_owner,train_P,1,9,72,0.125,9
four_domain_state_coverage_v1,bart,person,42,anchor_owner,train_P,2,9,72,0.125,9
four_domain_state_coverage_v1,bart,person,42,anchor_owner,train_P,3,6,72,0.08333333333333333,6
four_domain_state_coverage_v1,bart,person,42,anchor_owner,train_P,4,10,72,0.1388888888888889,10
four_domain_state_coverage_v1,bart,person,42,anchor_owner,train_P,5,6,72,0.08333333333333333,6
four_domain_state_coverage_v1,bart,person,42,anchor_owner,train_P,6,9,72,0.125,9
four_domain_state_coverage_v1,bart,person,42,anchor_owner,train_P,7,13,72,0.18055555555555555,13
four_domain_state_coverage_v1,bart,person,42,anchor_owner,test_P,0,15,96,0.15625,15
four_domain_state_coverage_v1,bart,person,42,anchor_owner,test_P,1,12,96,0.125,12
four_domain_state_coverage_v1,bart,person,42,anchor_owner,test_P,2,12,96,0.125,12
four_domain_state_coverage_v1,bart,person,42,anchor_owner,test_P,3,11,96,0.11458333333333333,11
four_domain_state_coverage_v1,bart,person,42,anchor_owner,test_P,4,16,96,0.16666666666666666,16
four_domain_state_coverage_v1,bart,person,42,anchor_owner,test_P,5,9,96,0.09375,9
four_domain_state_coverage_v1,bart,person,42,anchor_owner,test_P,6,8,96,0.08333333333333333,8
four_domain_state_coverage_v1,bart,person,42,anchor_owner,test_P,7,13,96,0.13541666666666666,13
four_domain_state_coverage_v1,bart,person,42,anchor_owner,test_Q,0,15,96,0.15625,15
four_domain_state_coverage_v1,bart,person,42,anchor_owner,test_Q,1,12,96,0.125,12
four_domain_state_coverage_v1,bart,person,42,anchor_owner,test_Q,2,12,96,0.125,12
four_domain_state_coverage_v1,bart,person,42,anchor_owner,test_Q,3,11,96,0.11458333333333333,11
four_domain_state_coverage_v1,bart,person,42,anchor_owner,test_Q,4,16,96,0.16666666666666666,16
four_domain_state_coverage_v1,bart,person,42,anchor_owner,test_Q,5,9,96,0.09375,9
four_domain_state_coverage_v1,bart,person,42,anchor_owner,test_Q,6,8,96,0.08333333333333333,8
four_domain_state_coverage_v1,bart,person,42,anchor_owner,test_Q,7,13,96,0.13541666666666666,13
four_domain_state_coverage_v1,bart,person,42,anchor_owner,test_U,0,15,96,0.15625,15
four_domain_state_coverage_v1,bart,person,42,anchor_owner,test_U,1,12,96,0.125,12
four_domain_state_coverage_v1,bart,person,42,anchor_owner,test_U,2,12,96,0.125,12
four_domain_state_coverage_v1,bart,person,42,anchor_owner,test_U,3,11,96,0.11458333333333333,11
four_domain_state_coverage_v1,bart,person,42,anchor_owner,test_U,4,16,96,0.16666666666666666,16
four_domain_state_coverage_v1,bart,person,42,anchor_owner,test_U,5,9,96,0.09375,9
four_domain_state_coverage_v1,bart,person,42,anchor_owner,test_U,6,8,96,0.08333333333333333,8
four_domain_state_coverage_v1,bart,person,42,anchor_owner,test_U,7,13,96,0.13541666666666666,13
four_domain_state_coverage_v1,bart,person,42,listener_identity,train_P,0,10,72,0.1388888888888889,10
four_domain_state_coverage_v1,bart,person,42,listener_identity,train_P,1,9,72,0.125,9
four_domain_state_coverage_v1,bart,person,42,listener_identity,train_P,2,9,72,0.125,9
four_domain_state_coverage_v1,bart,person,42,listener_identity,train_P,3,6,72,0.08333333333333333,6
four_domain_state_coverage_v1,bart,person,42,listener_identity,train_P,4,10,72,0.1388888888888889,10
four_domain_state_coverage_v1,bart,person,42,listener_identity,train_P,5,6,72,0.08333333333333333,6
four_domain_state_coverage_v1,bart,person,42,listener_identity,train_P,6,9,72,0.125,9
four_domain_state_coverage_v1,bart,person,42,listener_identity,train_P,7,13,72,0.18055555555555555,13
four_domain_state_coverage_v1,bart,person,42,listener_identity,test_P,0,15,96,0.15625,15
four_domain_state_coverage_v1,bart,person,42,listener_identity,test_P,1,12,96,0.125,12
four_domain_state_coverage_v1,bart,person,42,listener_identity,test_P,2,12,96,0.125,12
four_domain_state_coverage_v1,bart,person,42,listener_identity,test_P,3,11,96,0.11458333333333333,11
four_domain_state_coverage_v1,bart,person,42,listener_identity,test_P,4,16,96,0.16666666666666666,16
four_domain_state_coverage_v1,bart,person,42,listener_identity,test_P,5,9,96,0.09375,9
four_domain_state_coverage_v1,bart,person,42,listener_identity,test_P,6,8,96,0.08333333333333333,8
four_domain_state_coverage_v1,bart,person,42,listener_identity,test_P,7,13,96,0.13541666666666666,13
four_domain_state_coverage_v1,bart,person,42,listener_identity,test_Q,0,15,96,0.15625,15
four_domain_state_coverage_v1,bart,person,42,listener_identity,test_Q,1,12,96,0.125,12
four_domain_state_coverage_v1,bart,person,42,listener_identity,test_Q,2,12,96,0.125,12
four_domain_state_coverage_v1,bart,person,42,listener_identity,test_Q,3,11,96,0.11458333333333333,11
four_domain_state_coverage_v1,bart,person,42,listener_identity,test_Q,4,16,96,0.16666666666666666,16
four_domain_state_coverage_v1,bart,person,42,listener_identity,test_Q,5,9,96,0.09375,9
four_domain_state_coverage_v1,bart,person,42,listener_identity,test_Q,6,8,96,0.08333333333333333,8
four_domain_state_coverage_v1,bart,person,42,listener_identity,test_Q,7,13,96,0.13541666666666666,13
four_domain_state_coverage_v1,bart,person,42,listener_identity,test_U,0,15,96,0.15625,15
four_domain_state_coverage_v1,bart,person,42,listener_identity,test_U,1,12,96,0.125,12
four_domain_state_coverage_v1,bart,person,42,listener_identity,test_U,2,12,96,0.125,12
four_domain_state_coverage_v1,bart,person,42,listener_identity,test_U,3,11,96,0.11458333333333333,11
four_domain_state_coverage_v1,bart,person,42,listener_identity,test_U,4,16,96,0.16666666666666666,16
four_domain_state_coverage_v1,bart,person,42,listener_identity,test_U,5,9,96,0.09375,9
four_domain_state_coverage_v1,bart,person,42,listener_identity,test_U,6,8,96,0.08333333333333333,8
four_domain_state_coverage_v1,bart,person,42,listener_identity,test_U,7,13,96,0.13541666666666666,13
four_domain_state_coverage_v1,bart,person,42,agent_identity,train_P,0,12,72,0.16666666666666666,4
four_domain_state_coverage_v1,bart,person,42,agent_identity,train_P,1,6,72,0.08333333333333333,2
four_domain_state_coverage_v1,bart,person,42,agent_identity,train_P,2,12,72,0.16666666666666666,4
four_domain_state_coverage_v1,bart,person,42,agent_identity,train_P,3,6,72,0.08333333333333333,2
four_domain_state_coverage_v1,bart,person,42,agent_identity,train_P,4,12,72,0.16666666666666666,4
four_domain_state_coverage_v1,bart,person,42,agent_identity,train_P,5,6,72,0.08333333333333333,2
four_domain_state_coverage_v1,bart,person,42,agent_identity,train_P,6,6,72,0.08333333333333333,2
four_domain_state_coverage_v1,bart,person,42,agent_identity,train_P,7,12,72,0.16666666666666666,4
four_domain_state_coverage_v1,bart,person,42,agent_identity,test_P,0,3,96,0.03125,1
four_domain_state_coverage_v1,bart,person,42,agent_identity,test_P,1,18,96,0.1875,6
four_domain_state_coverage_v1,bart,person,42,agent_identity,test_P,2,18,96,0.1875,6
four_domain_state_coverage_v1,bart,person,42,agent_identity,test_P,3,12,96,0.125,4
four_domain_state_coverage_v1,bart,person,42,agent_identity,test_P,4,9,96,0.09375,3
four_domain_state_coverage_v1,bart,person,42,agent_identity,test_P,5,6,96,0.0625,2
four_domain_state_coverage_v1,bart,person,42,agent_identity,test_P,6,9,96,0.09375,3
four_domain_state_coverage_v1,bart,person,42,agent_identity,test_P,7,21,96,0.21875,7
four_domain_state_coverage_v1,bart,person,42,agent_identity,test_Q,0,3,96,0.03125,1
four_domain_state_coverage_v1,bart,person,42,agent_identity,test_Q,1,18,96,0.1875,6
four_domain_state_coverage_v1,bart,person,42,agent_identity,test_Q,2,18,96,0.1875,6
four_domain_state_coverage_v1,bart,person,42,agent_identity,test_Q,3,12,96,0.125,4
four_domain_state_coverage_v1,bart,person,42,agent_identity,test_Q,4,9,96,0.09375,3
four_domain_state_coverage_v1,bart,person,42,agent_identity,test_Q,5,6,96,0.0625,2
four_domain_state_coverage_v1,bart,person,42,agent_identity,test_Q,6,9,96,0.09375,3
four_domain_state_coverage_v1,bart,person,42,agent_identity,test_Q,7,21,96,0.21875,7
four_domain_state_coverage_v1,bart,person,42,agent_identity,test_U,0,3,96,0.03125,1
four_domain_state_coverage_v1,bart,person,42,agent_identity,test_U,1,18,96,0.1875,6
four_domain_state_coverage_v1,bart,person,42,agent_identity,test_U,2,18,96,0.1875,6
four_domain_state_coverage_v1,bart,person,42,agent_identity,test_U,3,12,96,0.125,4
four_domain_state_coverage_v1,bart,person,42,agent_identity,test_U,4,9,96,0.09375,3
four_domain_state_coverage_v1,bart,person,42,agent_identity,test_U,5,6,96,0.0625,2
four_domain_state_coverage_v1,bart,person,42,agent_identity,test_U,6,9,96,0.09375,3
four_domain_state_coverage_v1,bart,person,42,agent_identity,test_U,7,21,96,0.21875,7
four_domain_state_coverage_v1,bart,person,42,patient_identity,train_P,0,12,72,0.16666666666666666,4
four_domain_state_coverage_v1,bart,person,42,patient_identity,train_P,1,12,72,0.16666666666666666,4
four_domain_state_coverage_v1,bart,person,42,patient_identity,train_P,2,9,72,0.125,3
four_domain_state_coverage_v1,bart,person,42,patient_identity,train_P,3,3,72,0.041666666666666664,1
four_domain_state_coverage_v1,bart,person,42,patient_identity,train_P,4,6,72,0.08333333333333333,2
four_domain_state_coverage_v1,bart,person,42,patient_identity,train_P,5,9,72,0.125,3
four_domain_state_coverage_v1,bart,person,42,patient_identity,train_P,6,15,72,0.20833333333333334,5
four_domain_state_coverage_v1,bart,person,42,patient_identity,train_P,7,6,72,0.08333333333333333,2
four_domain_state_coverage_v1,bart,person,42,patient_identity,test_P,0,18,96,0.1875,6
four_domain_state_coverage_v1,bart,person,42,patient_identity,test_P,1,3,96,0.03125,1
four_domain_state_coverage_v1,bart,person,42,patient_identity,test_P,2,9,96,0.09375,3
four_domain_state_coverage_v1,bart,person,42,patient_identity,test_P,3,18,96,0.1875,6
four_domain_state_coverage_v1,bart,person,42,patient_identity,test_P,4,18,96,0.1875,6
four_domain_state_coverage_v1,bart,person,42,patient_identity,test_P,5,15,96,0.15625,5
four_domain_state_coverage_v1,bart,person,42,patient_identity,test_P,6,9,96,0.09375,3
four_domain_state_coverage_v1,bart,person,42,patient_identity,test_P,7,6,96,0.0625,2
four_domain_state_coverage_v1,bart,person,42,patient_identity,test_Q,0,18,96,0.1875,6
four_domain_state_coverage_v1,bart,person,42,patient_identity,test_Q,1,3,96,0.03125,1
four_domain_state_coverage_v1,bart,person,42,patient_identity,test_Q,2,9,96,0.09375,3
four_domain_state_coverage_v1,bart,person,42,patient_identity,test_Q,3,18,96,0.1875,6
four_domain_state_coverage_v1,bart,person,42,patient_identity,test_Q,4,18,96,0.1875,6
four_domain_state_coverage_v1,bart,person,42,patient_identity,test_Q,5,15,96,0.15625,5
four_domain_state_coverage_v1,bart,person,42,patient_identity,test_Q,6,9,96,0.09375,3
four_domain_state_coverage_v1,bart,person,42,patient_identity,test_Q,7,6,96,0.0625,2
four_domain_state_coverage_v1,bart,person,42,patient_identity,test_U,0,18,96,0.1875,6
four_domain_state_coverage_v1,bart,person,42,patient_identity,test_U,1,3,96,0.03125,1
four_domain_state_coverage_v1,bart,person,42,patient_identity,test_U,2,9,96,0.09375,3
four_domain_state_coverage_v1,bart,person,42,patient_identity,test_U,3,18,96,0.1875,6
four_domain_state_coverage_v1,bart,person,42,patient_identity,test_U,4,18,96,0.1875,6
four_domain_state_coverage_v1,bart,person,42,patient_identity,test_U,5,15,96,0.15625,5
four_domain_state_coverage_v1,bart,person,42,patient_identity,test_U,6,9,96,0.09375,3
four_domain_state_coverage_v1,bart,person,42,patient_identity,test_U,7,6,96,0.0625,2
four_domain_state_coverage_v1,bart,person,42,owner_identity,train_P,0,6,72,0.08333333333333333,2
four_domain_state_coverage_v1,bart,person,42,owner_identity,train_P,1,9,72,0.125,3
four_domain_state_coverage_v1,bart,person,42,owner_identity,train_P,2,6,72,0.08333333333333333,2
four_domain_state_coverage_v1,bart,person,42,owner_identity,train_P,3,9,72,0.125,3
four_domain_state_coverage_v1,bart,person,42,owner_identity,train_P,4,12,72,0.16666666666666666,4
four_domain_state_coverage_v1,bart,person,42,owner_identity,train_P,5,3,72,0.041666666666666664,1
four_domain_state_coverage_v1,bart,person,42,owner_identity,train_P,6,6,72,0.08333333333333333,2
four_domain_state_coverage_v1,bart,person,42,owner_identity,train_P,7,21,72,0.2916666666666667,7
four_domain_state_coverage_v1,bart,person,42,owner_identity,test_P,0,24,96,0.25,8
four_domain_state_coverage_v1,bart,person,42,owner_identity,test_P,1,15,96,0.15625,5
four_domain_state_coverage_v1,bart,person,42,owner_identity,test_P,2,9,96,0.09375,3
four_domain_state_coverage_v1,bart,person,42,owner_identity,test_P,3,3,96,0.03125,1
four_domain_state_coverage_v1,bart,person,42,owner_identity,test_P,4,21,96,0.21875,7
four_domain_state_coverage_v1,bart,person,42,owner_identity,test_P,5,6,96,0.0625,2
four_domain_state_coverage_v1,bart,person,42,owner_identity,test_P,6,6,96,0.0625,2
four_domain_state_coverage_v1,bart,person,42,owner_identity,test_P,7,12,96,0.125,4
four_domain_state_coverage_v1,bart,person,42,owner_identity,test_Q,0,24,96,0.25,8
four_domain_state_coverage_v1,bart,person,42,owner_identity,test_Q,1,15,96,0.15625,5
four_domain_state_coverage_v1,bart,person,42,owner_identity,test_Q,2,9,96,0.09375,3
four_domain_state_coverage_v1,bart,person,42,owner_identity,test_Q,3,3,96,0.03125,1
four_domain_state_coverage_v1,bart,person,42,owner_identity,test_Q,4,21,96,0.21875,7
four_domain_state_coverage_v1,bart,person,42,owner_identity,test_Q,5,6,96,0.0625,2
four_domain_state_coverage_v1,bart,person,42,owner_identity,test_Q,6,6,96,0.0625,2
four_domain_state_coverage_v1,bart,person,42,owner_identity,test_Q,7,12,96,0.125,4
four_domain_state_coverage_v1,bart,person,42,owner_identity,test_U,0,24,96,0.25,8
four_domain_state_coverage_v1,bart,person,42,owner_identity,test_U,1,15,96,0.15625,5
four_domain_state_coverage_v1,bart,person,42,owner_identity,test_U,2,9,96,0.09375,3
four_domain_state_coverage_v1,bart,person,42,owner_identity,test_U,3,3,96,0.03125,1
four_domain_state_coverage_v1,bart,person,42,owner_identity,test_U,4,21,96,0.21875,7
four_domain_state_coverage_v1,bart,person,42,owner_identity,test_U,5,6,96,0.0625,2
four_domain_state_coverage_v1,bart,person,42,owner_identity,test_U,6,6,96,0.0625,2
four_domain_state_coverage_v1,bart,person,42,owner_identity,test_U,7,12,96,0.125,4
four_domain_state_coverage_v1,bart,person,43,current_state,train_P,0,24,72,0.3333333333333333,24
four_domain_state_coverage_v1,bart,person,43,current_state,train_P,1,24,72,0.3333333333333333,24
four_domain_state_coverage_v1,bart,person,43,current_state,train_P,2,24,72,0.3333333333333333,24
four_domain_state_coverage_v1,bart,person,43,current_state,test_P,0,32,96,0.3333333333333333,32
four_domain_state_coverage_v1,bart,person,43,current_state,test_P,1,32,96,0.3333333333333333,32
four_domain_state_coverage_v1,bart,person,43,current_state,test_P,2,32,96,0.3333333333333333,32
four_domain_state_coverage_v1,bart,person,43,current_state,test_Q,0,32,96,0.3333333333333333,32
four_domain_state_coverage_v1,bart,person,43,current_state,test_Q,1,32,96,0.3333333333333333,32
four_domain_state_coverage_v1,bart,person,43,current_state,test_Q,2,32,96,0.3333333333333333,32
four_domain_state_coverage_v1,bart,person,43,current_state,test_U,0,32,96,0.3333333333333333,32
four_domain_state_coverage_v1,bart,person,43,current_state,test_U,1,32,96,0.3333333333333333,32
four_domain_state_coverage_v1,bart,person,43,current_state,test_U,2,32,96,0.3333333333333333,32
four_domain_state_coverage_v1,bart,person,43,target_object,train_P,0,6,72,0.08333333333333333,2
four_domain_state_coverage_v1,bart,person,43,target_object,train_P,1,15,72,0.20833333333333334,5
four_domain_state_coverage_v1,bart,person,43,target_object,train_P,2,9,72,0.125,3
four_domain_state_coverage_v1,bart,person,43,target_object,train_P,3,9,72,0.125,3
four_domain_state_coverage_v1,bart,person,43,target_object,train_P,4,6,72,0.08333333333333333,2
four_domain_state_coverage_v1,bart,person,43,target_object,train_P,5,9,72,0.125,3
four_domain_state_coverage_v1,bart,person,43,target_object,train_P,6,15,72,0.20833333333333334,5
four_domain_state_coverage_v1,bart,person,43,target_object,train_P,7,3,72,0.041666666666666664,1
four_domain_state_coverage_v1,bart,person,43,target_object,test_P,0,6,96,0.0625,2
four_domain_state_coverage_v1,bart,person,43,target_object,test_P,1,15,96,0.15625,5
four_domain_state_coverage_v1,bart,person,43,target_object,test_P,2,15,96,0.15625,5
four_domain_state_coverage_v1,bart,person,43,target_object,test_P,3,9,96,0.09375,3
four_domain_state_coverage_v1,bart,person,43,target_object,test_P,4,15,96,0.15625,5
four_domain_state_coverage_v1,bart,person,43,target_object,test_P,5,12,96,0.125,4
four_domain_state_coverage_v1,bart,person,43,target_object,test_P,6,9,96,0.09375,3
four_domain_state_coverage_v1,bart,person,43,target_object,test_P,7,15,96,0.15625,5
four_domain_state_coverage_v1,bart,person,43,target_object,test_Q,0,6,96,0.0625,2
four_domain_state_coverage_v1,bart,person,43,target_object,test_Q,1,15,96,0.15625,5
four_domain_state_coverage_v1,bart,person,43,target_object,test_Q,2,15,96,0.15625,5
four_domain_state_coverage_v1,bart,person,43,target_object,test_Q,3,9,96,0.09375,3
four_domain_state_coverage_v1,bart,person,43,target_object,test_Q,4,15,96,0.15625,5
four_domain_state_coverage_v1,bart,person,43,target_object,test_Q,5,12,96,0.125,4
four_domain_state_coverage_v1,bart,person,43,target_object,test_Q,6,9,96,0.09375,3
four_domain_state_coverage_v1,bart,person,43,target_object,test_Q,7,15,96,0.15625,5
four_domain_state_coverage_v1,bart,person,43,target_object,test_U,0,6,96,0.0625,2
four_domain_state_coverage_v1,bart,person,43,target_object,test_U,1,15,96,0.15625,5
four_domain_state_coverage_v1,bart,person,43,target_object,test_U,2,15,96,0.15625,5
four_domain_state_coverage_v1,bart,person,43,target_object,test_U,3,9,96,0.09375,3
four_domain_state_coverage_v1,bart,person,43,target_object,test_U,4,15,96,0.15625,5
four_domain_state_coverage_v1,bart,person,43,target_object,test_U,5,12,96,0.125,4
four_domain_state_coverage_v1,bart,person,43,target_object,test_U,6,9,96,0.09375,3
four_domain_state_coverage_v1,bart,person,43,target_object,test_U,7,15,96,0.15625,5
four_domain_state_coverage_v1,bart,person,43,target_subject,train_P,0,12,72,0.16666666666666666,4
four_domain_state_coverage_v1,bart,person,43,target_subject,train_P,1,6,72,0.08333333333333333,2
four_domain_state_coverage_v1,bart,person,43,target_subject,train_P,2,12,72,0.16666666666666666,4
four_domain_state_coverage_v1,bart,person,43,target_subject,train_P,3,6,72,0.08333333333333333,2
four_domain_state_coverage_v1,bart,person,43,target_subject,train_P,4,12,72,0.16666666666666666,4
four_domain_state_coverage_v1,bart,person,43,target_subject,train_P,5,6,72,0.08333333333333333,2
four_domain_state_coverage_v1,bart,person,43,target_subject,train_P,6,6,72,0.08333333333333333,2
four_domain_state_coverage_v1,bart,person,43,target_subject,train_P,7,12,72,0.16666666666666666,4
four_domain_state_coverage_v1,bart,person,43,target_subject,test_P,0,3,96,0.03125,1
four_domain_state_coverage_v1,bart,person,43,target_subject,test_P,1,18,96,0.1875,6
four_domain_state_coverage_v1,bart,person,43,target_subject,test_P,2,18,96,0.1875,6
four_domain_state_coverage_v1,bart,person,43,target_subject,test_P,3,12,96,0.125,4
four_domain_state_coverage_v1,bart,person,43,target_subject,test_P,4,9,96,0.09375,3
four_domain_state_coverage_v1,bart,person,43,target_subject,test_P,5,6,96,0.0625,2
four_domain_state_coverage_v1,bart,person,43,target_subject,test_P,6,9,96,0.09375,3
four_domain_state_coverage_v1,bart,person,43,target_subject,test_P,7,21,96,0.21875,7
four_domain_state_coverage_v1,bart,person,43,target_subject,test_Q,0,3,96,0.03125,1
four_domain_state_coverage_v1,bart,person,43,target_subject,test_Q,1,18,96,0.1875,6
four_domain_state_coverage_v1,bart,person,43,target_subject,test_Q,2,18,96,0.1875,6
four_domain_state_coverage_v1,bart,person,43,target_subject,test_Q,3,12,96,0.125,4
four_domain_state_coverage_v1,bart,person,43,target_subject,test_Q,4,9,96,0.09375,3
four_domain_state_coverage_v1,bart,person,43,target_subject,test_Q,5,6,96,0.0625,2
four_domain_state_coverage_v1,bart,person,43,target_subject,test_Q,6,9,96,0.09375,3
four_domain_state_coverage_v1,bart,person,43,target_subject,test_Q,7,21,96,0.21875,7
four_domain_state_coverage_v1,bart,person,43,target_subject,test_U,0,3,96,0.03125,1
four_domain_state_coverage_v1,bart,person,43,target_subject,test_U,1,18,96,0.1875,6
four_domain_state_coverage_v1,bart,person,43,target_subject,test_U,2,18,96,0.1875,6
four_domain_state_coverage_v1,bart,person,43,target_subject,test_U,3,12,96,0.125,4
four_domain_state_coverage_v1,bart,person,43,target_subject,test_U,4,9,96,0.09375,3
four_domain_state_coverage_v1,bart,person,43,target_subject,test_U,5,6,96,0.0625,2
four_domain_state_coverage_v1,bart,person,43,target_subject,test_U,6,9,96,0.09375,3
four_domain_state_coverage_v1,bart,person,43,target_subject,test_U,7,21,96,0.21875,7
four_domain_state_coverage_v1,bart,person,43,anchor_owner,train_P,0,10,72,0.1388888888888889,10
four_domain_state_coverage_v1,bart,person,43,anchor_owner,train_P,1,9,72,0.125,9
four_domain_state_coverage_v1,bart,person,43,anchor_owner,train_P,2,9,72,0.125,9
four_domain_state_coverage_v1,bart,person,43,anchor_owner,train_P,3,6,72,0.08333333333333333,6
four_domain_state_coverage_v1,bart,person,43,anchor_owner,train_P,4,10,72,0.1388888888888889,10
four_domain_state_coverage_v1,bart,person,43,anchor_owner,train_P,5,6,72,0.08333333333333333,6
four_domain_state_coverage_v1,bart,person,43,anchor_owner,train_P,6,9,72,0.125,9
four_domain_state_coverage_v1,bart,person,43,anchor_owner,train_P,7,13,72,0.18055555555555555,13
four_domain_state_coverage_v1,bart,person,43,anchor_owner,test_P,0,15,96,0.15625,15
four_domain_state_coverage_v1,bart,person,43,anchor_owner,test_P,1,12,96,0.125,12
four_domain_state_coverage_v1,bart,person,43,anchor_owner,test_P,2,12,96,0.125,12
four_domain_state_coverage_v1,bart,person,43,anchor_owner,test_P,3,11,96,0.11458333333333333,11
four_domain_state_coverage_v1,bart,person,43,anchor_owner,test_P,4,16,96,0.16666666666666666,16
four_domain_state_coverage_v1,bart,person,43,anchor_owner,test_P,5,9,96,0.09375,9
four_domain_state_coverage_v1,bart,person,43,anchor_owner,test_P,6,8,96,0.08333333333333333,8
four_domain_state_coverage_v1,bart,person,43,anchor_owner,test_P,7,13,96,0.13541666666666666,13
four_domain_state_coverage_v1,bart,person,43,anchor_owner,test_Q,0,15,96,0.15625,15
four_domain_state_coverage_v1,bart,person,43,anchor_owner,test_Q,1,12,96,0.125,12
four_domain_state_coverage_v1,bart,person,43,anchor_owner,test_Q,2,12,96,0.125,12
four_domain_state_coverage_v1,bart,person,43,anchor_owner,test_Q,3,11,96,0.11458333333333333,11
four_domain_state_coverage_v1,bart,person,43,anchor_owner,test_Q,4,16,96,0.16666666666666666,16
four_domain_state_coverage_v1,bart,person,43,anchor_owner,test_Q,5,9,96,0.09375,9
four_domain_state_coverage_v1,bart,person,43,anchor_owner,test_Q,6,8,96,0.08333333333333333,8
four_domain_state_coverage_v1,bart,person,43,anchor_owner,test_Q,7,13,96,0.13541666666666666,13
four_domain_state_coverage_v1,bart,person,43,anchor_owner,test_U,0,15,96,0.15625,15
four_domain_state_coverage_v1,bart,person,43,anchor_owner,test_U,1,12,96,0.125,12
four_domain_state_coverage_v1,bart,person,43,anchor_owner,test_U,2,12,96,0.125,12
four_domain_state_coverage_v1,bart,person,43,anchor_owner,test_U,3,11,96,0.11458333333333333,11
four_domain_state_coverage_v1,bart,person,43,anchor_owner,test_U,4,16,96,0.16666666666666666,16
four_domain_state_coverage_v1,bart,person,43,anchor_owner,test_U,5,9,96,0.09375,9
four_domain_state_coverage_v1,bart,person,43,anchor_owner,test_U,6,8,96,0.08333333333333333,8
four_domain_state_coverage_v1,bart,person,43,anchor_owner,test_U,7,13,96,0.13541666666666666,13
four_domain_state_coverage_v1,bart,person,43,listener_identity,train_P,0,10,72,0.1388888888888889,10
four_domain_state_coverage_v1,bart,person,43,listener_identity,train_P,1,9,72,0.125,9
four_domain_state_coverage_v1,bart,person,43,listener_identity,train_P,2,9,72,0.125,9
four_domain_state_coverage_v1,bart,person,43,listener_identity,train_P,3,6,72,0.08333333333333333,6
four_domain_state_coverage_v1,bart,person,43,listener_identity,train_P,4,10,72,0.1388888888888889,10
four_domain_state_coverage_v1,bart,person,43,listener_identity,train_P,5,6,72,0.08333333333333333,6
four_domain_state_coverage_v1,bart,person,43,listener_identity,train_P,6,9,72,0.125,9
four_domain_state_coverage_v1,bart,person,43,listener_identity,train_P,7,13,72,0.18055555555555555,13
four_domain_state_coverage_v1,bart,person,43,listener_identity,test_P,0,15,96,0.15625,15
four_domain_state_coverage_v1,bart,person,43,listener_identity,test_P,1,12,96,0.125,12
four_domain_state_coverage_v1,bart,person,43,listener_identity,test_P,2,12,96,0.125,12
four_domain_state_coverage_v1,bart,person,43,listener_identity,test_P,3,11,96,0.11458333333333333,11
four_domain_state_coverage_v1,bart,person,43,listener_identity,test_P,4,16,96,0.16666666666666666,16
four_domain_state_coverage_v1,bart,person,43,listener_identity,test_P,5,9,96,0.09375,9
four_domain_state_coverage_v1,bart,person,43,listener_identity,test_P,6,8,96,0.08333333333333333,8
four_domain_state_coverage_v1,bart,person,43,listener_identity,test_P,7,13,96,0.13541666666666666,13
four_domain_state_coverage_v1,bart,person,43,listener_identity,test_Q,0,15,96,0.15625,15
four_domain_state_coverage_v1,bart,person,43,listener_identity,test_Q,1,12,96,0.125,12
four_domain_state_coverage_v1,bart,person,43,listener_identity,test_Q,2,12,96,0.125,12
four_domain_state_coverage_v1,bart,person,43,listener_identity,test_Q,3,11,96,0.11458333333333333,11
four_domain_state_coverage_v1,bart,person,43,listener_identity,test_Q,4,16,96,0.16666666666666666,16
four_domain_state_coverage_v1,bart,person,43,listener_identity,test_Q,5,9,96,0.09375,9
four_domain_state_coverage_v1,bart,person,43,listener_identity,test_Q,6,8,96,0.08333333333333333,8
four_domain_state_coverage_v1,bart,person,43,listener_identity,test_Q,7,13,96,0.13541666666666666,13
four_domain_state_coverage_v1,bart,person,43,listener_identity,test_U,0,15,96,0.15625,15
four_domain_state_coverage_v1,bart,person,43,listener_identity,test_U,1,12,96,0.125,12
four_domain_state_coverage_v1,bart,person,43,listener_identity,test_U,2,12,96,0.125,12
four_domain_state_coverage_v1,bart,person,43,listener_identity,test_U,3,11,96,0.11458333333333333,11
four_domain_state_coverage_v1,bart,person,43,listener_identity,test_U,4,16,96,0.16666666666666666,16
four_domain_state_coverage_v1,bart,person,43,listener_identity,test_U,5,9,96,0.09375,9
four_domain_state_coverage_v1,bart,person,43,listener_identity,test_U,6,8,96,0.08333333333333333,8
four_domain_state_coverage_v1,bart,person,43,listener_identity,test_U,7,13,96,0.13541666666666666,13
four_domain_state_coverage_v1,bart,person,43,agent_identity,train_P,0,12,72,0.16666666666666666,4
four_domain_state_coverage_v1,bart,person,43,agent_identity,train_P,1,6,72,0.08333333333333333,2
four_domain_state_coverage_v1,bart,person,43,agent_identity,train_P,2,12,72,0.16666666666666666,4
four_domain_state_coverage_v1,bart,person,43,agent_identity,train_P,3,6,72,0.08333333333333333,2
four_domain_state_coverage_v1,bart,person,43,agent_identity,train_P,4,12,72,0.16666666666666666,4
four_domain_state_coverage_v1,bart,person,43,agent_identity,train_P,5,6,72,0.08333333333333333,2
four_domain_state_coverage_v1,bart,person,43,agent_identity,train_P,6,6,72,0.08333333333333333,2
four_domain_state_coverage_v1,bart,person,43,agent_identity,train_P,7,12,72,0.16666666666666666,4
four_domain_state_coverage_v1,bart,person,43,agent_identity,test_P,0,3,96,0.03125,1
four_domain_state_coverage_v1,bart,person,43,agent_identity,test_P,1,18,96,0.1875,6
four_domain_state_coverage_v1,bart,person,43,agent_identity,test_P,2,18,96,0.1875,6
four_domain_state_coverage_v1,bart,person,43,agent_identity,test_P,3,12,96,0.125,4
four_domain_state_coverage_v1,bart,person,43,agent_identity,test_P,4,9,96,0.09375,3
four_domain_state_coverage_v1,bart,person,43,agent_identity,test_P,5,6,96,0.0625,2
four_domain_state_coverage_v1,bart,person,43,agent_identity,test_P,6,9,96,0.09375,3
four_domain_state_coverage_v1,bart,person,43,agent_identity,test_P,7,21,96,0.21875,7
four_domain_state_coverage_v1,bart,person,43,agent_identity,test_Q,0,3,96,0.03125,1
four_domain_state_coverage_v1,bart,person,43,agent_identity,test_Q,1,18,96,0.1875,6
four_domain_state_coverage_v1,bart,person,43,agent_identity,test_Q,2,18,96,0.1875,6
four_domain_state_coverage_v1,bart,person,43,agent_identity,test_Q,3,12,96,0.125,4
four_domain_state_coverage_v1,bart,person,43,agent_identity,test_Q,4,9,96,0.09375,3
four_domain_state_coverage_v1,bart,person,43,agent_identity,test_Q,5,6,96,0.0625,2
four_domain_state_coverage_v1,bart,person,43,agent_identity,test_Q,6,9,96,0.09375,3
four_domain_state_coverage_v1,bart,person,43,agent_identity,test_Q,7,21,96,0.21875,7
four_domain_state_coverage_v1,bart,person,43,agent_identity,test_U,0,3,96,0.03125,1
four_domain_state_coverage_v1,bart,person,43,agent_identity,test_U,1,18,96,0.1875,6
four_domain_state_coverage_v1,bart,person,43,agent_identity,test_U,2,18,96,0.1875,6
four_domain_state_coverage_v1,bart,person,43,agent_identity,test_U,3,12,96,0.125,4
four_domain_state_coverage_v1,bart,person,43,agent_identity,test_U,4,9,96,0.09375,3
four_domain_state_coverage_v1,bart,person,43,agent_identity,test_U,5,6,96,0.0625,2
four_domain_state_coverage_v1,bart,person,43,agent_identity,test_U,6,9,96,0.09375,3
four_domain_state_coverage_v1,bart,person,43,agent_identity,test_U,7,21,96,0.21875,7
four_domain_state_coverage_v1,bart,person,43,patient_identity,train_P,0,12,72,0.16666666666666666,4
four_domain_state_coverage_v1,bart,person,43,patient_identity,train_P,1,12,72,0.16666666666666666,4
four_domain_state_coverage_v1,bart,person,43,patient_identity,train_P,2,9,72,0.125,3
four_domain_state_coverage_v1,bart,person,43,patient_identity,train_P,3,3,72,0.041666666666666664,1
four_domain_state_coverage_v1,bart,person,43,patient_identity,train_P,4,6,72,0.08333333333333333,2
four_domain_state_coverage_v1,bart,person,43,patient_identity,train_P,5,9,72,0.125,3
four_domain_state_coverage_v1,bart,person,43,patient_identity,train_P,6,15,72,0.20833333333333334,5
four_domain_state_coverage_v1,bart,person,43,patient_identity,train_P,7,6,72,0.08333333333333333,2
four_domain_state_coverage_v1,bart,person,43,patient_identity,test_P,0,18,96,0.1875,6
four_domain_state_coverage_v1,bart,person,43,patient_identity,test_P,1,3,96,0.03125,1
four_domain_state_coverage_v1,bart,person,43,patient_identity,test_P,2,9,96,0.09375,3
four_domain_state_coverage_v1,bart,person,43,patient_identity,test_P,3,18,96,0.1875,6
four_domain_state_coverage_v1,bart,person,43,patient_identity,test_P,4,18,96,0.1875,6
four_domain_state_coverage_v1,bart,person,43,patient_identity,test_P,5,15,96,0.15625,5
four_domain_state_coverage_v1,bart,person,43,patient_identity,test_P,6,9,96,0.09375,3
four_domain_state_coverage_v1,bart,person,43,patient_identity,test_P,7,6,96,0.0625,2
four_domain_state_coverage_v1,bart,person,43,patient_identity,test_Q,0,18,96,0.1875,6
four_domain_state_coverage_v1,bart,person,43,patient_identity,test_Q,1,3,96,0.03125,1
four_domain_state_coverage_v1,bart,person,43,patient_identity,test_Q,2,9,96,0.09375,3
four_domain_state_coverage_v1,bart,person,43,patient_identity,test_Q,3,18,96,0.1875,6
four_domain_state_coverage_v1,bart,person,43,patient_identity,test_Q,4,18,96,0.1875,6
four_domain_state_coverage_v1,bart,person,43,patient_identity,test_Q,5,15,96,0.15625,5
four_domain_state_coverage_v1,bart,person,43,patient_identity,test_Q,6,9,96,0.09375,3
four_domain_state_coverage_v1,bart,person,43,patient_identity,test_Q,7,6,96,0.0625,2
four_domain_state_coverage_v1,bart,person,43,patient_identity,test_U,0,18,96,0.1875,6
four_domain_state_coverage_v1,bart,person,43,patient_identity,test_U,1,3,96,0.03125,1
four_domain_state_coverage_v1,bart,person,43,patient_identity,test_U,2,9,96,0.09375,3
four_domain_state_coverage_v1,bart,person,43,patient_identity,test_U,3,18,96,0.1875,6
four_domain_state_coverage_v1,bart,person,43,patient_identity,test_U,4,18,96,0.1875,6
four_domain_state_coverage_v1,bart,person,43,patient_identity,test_U,5,15,96,0.15625,5
four_domain_state_coverage_v1,bart,person,43,patient_identity,test_U,6,9,96,0.09375,3
four_domain_state_coverage_v1,bart,person,43,patient_identity,test_U,7,6,96,0.0625,2
four_domain_state_coverage_v1,bart,person,43,owner_identity,train_P,0,6,72,0.08333333333333333,2
four_domain_state_coverage_v1,bart,person,43,owner_identity,train_P,1,9,72,0.125,3
four_domain_state_coverage_v1,bart,person,43,owner_identity,train_P,2,6,72,0.08333333333333333,2
four_domain_state_coverage_v1,bart,person,43,owner_identity,train_P,3,9,72,0.125,3
four_domain_state_coverage_v1,bart,person,43,owner_identity,train_P,4,12,72,0.16666666666666666,4
four_domain_state_coverage_v1,bart,person,43,owner_identity,train_P,5,3,72,0.041666666666666664,1
four_domain_state_coverage_v1,bart,person,43,owner_identity,train_P,6,6,72,0.08333333333333333,2
four_domain_state_coverage_v1,bart,person,43,owner_identity,train_P,7,21,72,0.2916666666666667,7
four_domain_state_coverage_v1,bart,person,43,owner_identity,test_P,0,24,96,0.25,8
four_domain_state_coverage_v1,bart,person,43,owner_identity,test_P,1,15,96,0.15625,5
four_domain_state_coverage_v1,bart,person,43,owner_identity,test_P,2,9,96,0.09375,3
four_domain_state_coverage_v1,bart,person,43,owner_identity,test_P,3,3,96,0.03125,1
four_domain_state_coverage_v1,bart,person,43,owner_identity,test_P,4,21,96,0.21875,7
four_domain_state_coverage_v1,bart,person,43,owner_identity,test_P,5,6,96,0.0625,2
four_domain_state_coverage_v1,bart,person,43,owner_identity,test_P,6,6,96,0.0625,2
four_domain_state_coverage_v1,bart,person,43,owner_identity,test_P,7,12,96,0.125,4
four_domain_state_coverage_v1,bart,person,43,owner_identity,test_Q,0,24,96,0.25,8
four_domain_state_coverage_v1,bart,person,43,owner_identity,test_Q,1,15,96,0.15625,5
four_domain_state_coverage_v1,bart,person,43,owner_identity,test_Q,2,9,96,0.09375,3
four_domain_state_coverage_v1,bart,person,43,owner_identity,test_Q,3,3,96,0.03125,1
four_domain_state_coverage_v1,bart,person,43,owner_identity,test_Q,4,21,96,0.21875,7
four_domain_state_coverage_v1,bart,person,43,owner_identity,test_Q,5,6,96,0.0625,2
four_domain_state_coverage_v1,bart,person,43,owner_identity,test_Q,6,6,96,0.0625,2
four_domain_state_coverage_v1,bart,person,43,owner_identity,test_Q,7,12,96,0.125,4
four_domain_state_coverage_v1,bart,person,43,owner_identity,test_U,0,24,96,0.25,8
four_domain_state_coverage_v1,bart,person,43,owner_identity,test_U,1,15,96,0.15625,5
four_domain_state_coverage_v1,bart,person,43,owner_identity,test_U,2,9,96,0.09375,3
four_domain_state_coverage_v1,bart,person,43,owner_identity,test_U,3,3,96,0.03125,1
four_domain_state_coverage_v1,bart,person,43,owner_identity,test_U,4,21,96,0.21875,7
four_domain_state_coverage_v1,bart,person,43,owner_identity,test_U,5,6,96,0.0625,2
four_domain_state_coverage_v1,bart,person,43,owner_identity,test_U,6,6,96,0.0625,2
four_domain_state_coverage_v1,bart,person,43,owner_identity,test_U,7,12,96,0.125,4
four_domain_state_coverage_v1,bart,person,44,current_state,train_P,0,24,72,0.3333333333333333,24
four_domain_state_coverage_v1,bart,person,44,current_state,train_P,1,24,72,0.3333333333333333,24
four_domain_state_coverage_v1,bart,person,44,current_state,train_P,2,24,72,0.3333333333333333,24
four_domain_state_coverage_v1,bart,person,44,current_state,test_P,0,32,96,0.3333333333333333,32
four_domain_state_coverage_v1,bart,person,44,current_state,test_P,1,32,96,0.3333333333333333,32
four_domain_state_coverage_v1,bart,person,44,current_state,test_P,2,32,96,0.3333333333333333,32
four_domain_state_coverage_v1,bart,person,44,current_state,test_Q,0,32,96,0.3333333333333333,32
four_domain_state_coverage_v1,bart,person,44,current_state,test_Q,1,32,96,0.3333333333333333,32
four_domain_state_coverage_v1,bart,person,44,current_state,test_Q,2,32,96,0.3333333333333333,32
four_domain_state_coverage_v1,bart,person,44,current_state,test_U,0,32,96,0.3333333333333333,32
four_domain_state_coverage_v1,bart,person,44,current_state,test_U,1,32,96,0.3333333333333333,32
four_domain_state_coverage_v1,bart,person,44,current_state,test_U,2,32,96,0.3333333333333333,32
four_domain_state_coverage_v1,bart,person,44,target_object,train_P,0,6,72,0.08333333333333333,2
four_domain_state_coverage_v1,bart,person,44,target_object,train_P,1,15,72,0.20833333333333334,5
four_domain_state_coverage_v1,bart,person,44,target_object,train_P,2,9,72,0.125,3
four_domain_state_coverage_v1,bart,person,44,target_object,train_P,3,9,72,0.125,3
four_domain_state_coverage_v1,bart,person,44,target_object,train_P,4,6,72,0.08333333333333333,2
four_domain_state_coverage_v1,bart,person,44,target_object,train_P,5,9,72,0.125,3
four_domain_state_coverage_v1,bart,person,44,target_object,train_P,6,15,72,0.20833333333333334,5
four_domain_state_coverage_v1,bart,person,44,target_object,train_P,7,3,72,0.041666666666666664,1
four_domain_state_coverage_v1,bart,person,44,target_object,test_P,0,6,96,0.0625,2
four_domain_state_coverage_v1,bart,person,44,target_object,test_P,1,15,96,0.15625,5
four_domain_state_coverage_v1,bart,person,44,target_object,test_P,2,15,96,0.15625,5
four_domain_state_coverage_v1,bart,person,44,target_object,test_P,3,9,96,0.09375,3
four_domain_state_coverage_v1,bart,person,44,target_object,test_P,4,15,96,0.15625,5
four_domain_state_coverage_v1,bart,person,44,target_object,test_P,5,12,96,0.125,4
four_domain_state_coverage_v1,bart,person,44,target_object,test_P,6,9,96,0.09375,3
four_domain_state_coverage_v1,bart,person,44,target_object,test_P,7,15,96,0.15625,5
four_domain_state_coverage_v1,bart,person,44,target_object,test_Q,0,6,96,0.0625,2
four_domain_state_coverage_v1,bart,person,44,target_object,test_Q,1,15,96,0.15625,5
four_domain_state_coverage_v1,bart,person,44,target_object,test_Q,2,15,96,0.15625,5
four_domain_state_coverage_v1,bart,person,44,target_object,test_Q,3,9,96,0.09375,3
four_domain_state_coverage_v1,bart,person,44,target_object,test_Q,4,15,96,0.15625,5
four_domain_state_coverage_v1,bart,person,44,target_object,test_Q,5,12,96,0.125,4
four_domain_state_coverage_v1,bart,person,44,target_object,test_Q,6,9,96,0.09375,3
four_domain_state_coverage_v1,bart,person,44,target_object,test_Q,7,15,96,0.15625,5
four_domain_state_coverage_v1,bart,person,44,target_object,test_U,0,6,96,0.0625,2
four_domain_state_coverage_v1,bart,person,44,target_object,test_U,1,15,96,0.15625,5
four_domain_state_coverage_v1,bart,person,44,target_object,test_U,2,15,96,0.15625,5
four_domain_state_coverage_v1,bart,person,44,target_object,test_U,3,9,96,0.09375,3
four_domain_state_coverage_v1,bart,person,44,target_object,test_U,4,15,96,0.15625,5
four_domain_state_coverage_v1,bart,person,44,target_object,test_U,5,12,96,0.125,4
four_domain_state_coverage_v1,bart,person,44,target_object,test_U,6,9,96,0.09375,3
four_domain_state_coverage_v1,bart,person,44,target_object,test_U,7,15,96,0.15625,5
four_domain_state_coverage_v1,bart,person,44,target_subject,train_P,0,12,72,0.16666666666666666,4
four_domain_state_coverage_v1,bart,person,44,target_subject,train_P,1,6,72,0.08333333333333333,2
four_domain_state_coverage_v1,bart,person,44,target_subject,train_P,2,12,72,0.16666666666666666,4
four_domain_state_coverage_v1,bart,person,44,target_subject,train_P,3,6,72,0.08333333333333333,2
four_domain_state_coverage_v1,bart,person,44,target_subject,train_P,4,12,72,0.16666666666666666,4
four_domain_state_coverage_v1,bart,person,44,target_subject,train_P,5,6,72,0.08333333333333333,2
four_domain_state_coverage_v1,bart,person,44,target_subject,train_P,6,6,72,0.08333333333333333,2
four_domain_state_coverage_v1,bart,person,44,target_subject,train_P,7,12,72,0.16666666666666666,4
four_domain_state_coverage_v1,bart,person,44,target_subject,test_P,0,3,96,0.03125,1
four_domain_state_coverage_v1,bart,person,44,target_subject,test_P,1,18,96,0.1875,6
four_domain_state_coverage_v1,bart,person,44,target_subject,test_P,2,18,96,0.1875,6
four_domain_state_coverage_v1,bart,person,44,target_subject,test_P,3,12,96,0.125,4
four_domain_state_coverage_v1,bart,person,44,target_subject,test_P,4,9,96,0.09375,3
four_domain_state_coverage_v1,bart,person,44,target_subject,test_P,5,6,96,0.0625,2
four_domain_state_coverage_v1,bart,person,44,target_subject,test_P,6,9,96,0.09375,3
four_domain_state_coverage_v1,bart,person,44,target_subject,test_P,7,21,96,0.21875,7
four_domain_state_coverage_v1,bart,person,44,target_subject,test_Q,0,3,96,0.03125,1
four_domain_state_coverage_v1,bart,person,44,target_subject,test_Q,1,18,96,0.1875,6
four_domain_state_coverage_v1,bart,person,44,target_subject,test_Q,2,18,96,0.1875,6
four_domain_state_coverage_v1,bart,person,44,target_subject,test_Q,3,12,96,0.125,4
four_domain_state_coverage_v1,bart,person,44,target_subject,test_Q,4,9,96,0.09375,3
four_domain_state_coverage_v1,bart,person,44,target_subject,test_Q,5,6,96,0.0625,2
four_domain_state_coverage_v1,bart,person,44,target_subject,test_Q,6,9,96,0.09375,3
four_domain_state_coverage_v1,bart,person,44,target_subject,test_Q,7,21,96,0.21875,7
four_domain_state_coverage_v1,bart,person,44,target_subject,test_U,0,3,96,0.03125,1
four_domain_state_coverage_v1,bart,person,44,target_subject,test_U,1,18,96,0.1875,6
four_domain_state_coverage_v1,bart,person,44,target_subject,test_U,2,18,96,0.1875,6
four_domain_state_coverage_v1,bart,person,44,target_subject,test_U,3,12,96,0.125,4
four_domain_state_coverage_v1,bart,person,44,target_subject,test_U,4,9,96,0.09375,3
four_domain_state_coverage_v1,bart,person,44,target_subject,test_U,5,6,96,0.0625,2
four_domain_state_coverage_v1,bart,person,44,target_subject,test_U,6,9,96,0.09375,3
four_domain_state_coverage_v1,bart,person,44,target_subject,test_U,7,21,96,0.21875,7
four_domain_state_coverage_v1,bart,person,44,anchor_owner,train_P,0,10,72,0.1388888888888889,10
four_domain_state_coverage_v1,bart,person,44,anchor_owner,train_P,1,9,72,0.125,9
four_domain_state_coverage_v1,bart,person,44,anchor_owner,train_P,2,9,72,0.125,9
four_domain_state_coverage_v1,bart,person,44,anchor_owner,train_P,3,6,72,0.08333333333333333,6
four_domain_state_coverage_v1,bart,person,44,anchor_owner,train_P,4,10,72,0.1388888888888889,10
four_domain_state_coverage_v1,bart,person,44,anchor_owner,train_P,5,6,72,0.08333333333333333,6
four_domain_state_coverage_v1,bart,person,44,anchor_owner,train_P,6,9,72,0.125,9
four_domain_state_coverage_v1,bart,person,44,anchor_owner,train_P,7,13,72,0.18055555555555555,13
four_domain_state_coverage_v1,bart,person,44,anchor_owner,test_P,0,15,96,0.15625,15
four_domain_state_coverage_v1,bart,person,44,anchor_owner,test_P,1,12,96,0.125,12
four_domain_state_coverage_v1,bart,person,44,anchor_owner,test_P,2,12,96,0.125,12
four_domain_state_coverage_v1,bart,person,44,anchor_owner,test_P,3,11,96,0.11458333333333333,11
four_domain_state_coverage_v1,bart,person,44,anchor_owner,test_P,4,16,96,0.16666666666666666,16
four_domain_state_coverage_v1,bart,person,44,anchor_owner,test_P,5,9,96,0.09375,9
four_domain_state_coverage_v1,bart,person,44,anchor_owner,test_P,6,8,96,0.08333333333333333,8
four_domain_state_coverage_v1,bart,person,44,anchor_owner,test_P,7,13,96,0.13541666666666666,13
four_domain_state_coverage_v1,bart,person,44,anchor_owner,test_Q,0,15,96,0.15625,15
four_domain_state_coverage_v1,bart,person,44,anchor_owner,test_Q,1,12,96,0.125,12
four_domain_state_coverage_v1,bart,person,44,anchor_owner,test_Q,2,12,96,0.125,12
four_domain_state_coverage_v1,bart,person,44,anchor_owner,test_Q,3,11,96,0.11458333333333333,11
four_domain_state_coverage_v1,bart,person,44,anchor_owner,test_Q,4,16,96,0.16666666666666666,16
four_domain_state_coverage_v1,bart,person,44,anchor_owner,test_Q,5,9,96,0.09375,9
four_domain_state_coverage_v1,bart,person,44,anchor_owner,test_Q,6,8,96,0.08333333333333333,8
four_domain_state_coverage_v1,bart,person,44,anchor_owner,test_Q,7,13,96,0.13541666666666666,13
four_domain_state_coverage_v1,bart,person,44,anchor_owner,test_U,0,15,96,0.15625,15
four_domain_state_coverage_v1,bart,person,44,anchor_owner,test_U,1,12,96,0.125,12
four_domain_state_coverage_v1,bart,person,44,anchor_owner,test_U,2,12,96,0.125,12
four_domain_state_coverage_v1,bart,person,44,anchor_owner,test_U,3,11,96,0.11458333333333333,11
four_domain_state_coverage_v1,bart,person,44,anchor_owner,test_U,4,16,96,0.16666666666666666,16
four_domain_state_coverage_v1,bart,person,44,anchor_owner,test_U,5,9,96,0.09375,9
four_domain_state_coverage_v1,bart,person,44,anchor_owner,test_U,6,8,96,0.08333333333333333,8
four_domain_state_coverage_v1,bart,person,44,anchor_owner,test_U,7,13,96,0.13541666666666666,13
four_domain_state_coverage_v1,bart,person,44,listener_identity,train_P,0,10,72,0.1388888888888889,10
four_domain_state_coverage_v1,bart,person,44,listener_identity,train_P,1,9,72,0.125,9
four_domain_state_coverage_v1,bart,person,44,listener_identity,train_P,2,9,72,0.125,9
four_domain_state_coverage_v1,bart,person,44,listener_identity,train_P,3,6,72,0.08333333333333333,6
four_domain_state_coverage_v1,bart,person,44,listener_identity,train_P,4,10,72,0.1388888888888889,10
four_domain_state_coverage_v1,bart,person,44,listener_identity,train_P,5,6,72,0.08333333333333333,6
four_domain_state_coverage_v1,bart,person,44,listener_identity,train_P,6,9,72,0.125,9
four_domain_state_coverage_v1,bart,person,44,listener_identity,train_P,7,13,72,0.18055555555555555,13
four_domain_state_coverage_v1,bart,person,44,listener_identity,test_P,0,15,96,0.15625,15
four_domain_state_coverage_v1,bart,person,44,listener_identity,test_P,1,12,96,0.125,12
four_domain_state_coverage_v1,bart,person,44,listener_identity,test_P,2,12,96,0.125,12
four_domain_state_coverage_v1,bart,person,44,listener_identity,test_P,3,11,96,0.11458333333333333,11
four_domain_state_coverage_v1,bart,person,44,listener_identity,test_P,4,16,96,0.16666666666666666,16
four_domain_state_coverage_v1,bart,person,44,listener_identity,test_P,5,9,96,0.09375,9
four_domain_state_coverage_v1,bart,person,44,listener_identity,test_P,6,8,96,0.08333333333333333,8
four_domain_state_coverage_v1,bart,person,44,listener_identity,test_P,7,13,96,0.13541666666666666,13
four_domain_state_coverage_v1,bart,person,44,listener_identity,test_Q,0,15,96,0.15625,15
four_domain_state_coverage_v1,bart,person,44,listener_identity,test_Q,1,12,96,0.125,12
four_domain_state_coverage_v1,bart,person,44,listener_identity,test_Q,2,12,96,0.125,12
four_domain_state_coverage_v1,bart,person,44,listener_identity,test_Q,3,11,96,0.11458333333333333,11
four_domain_state_coverage_v1,bart,person,44,listener_identity,test_Q,4,16,96,0.16666666666666666,16
four_domain_state_coverage_v1,bart,person,44,listener_identity,test_Q,5,9,96,0.09375,9
four_domain_state_coverage_v1,bart,person,44,listener_identity,test_Q,6,8,96,0.08333333333333333,8
four_domain_state_coverage_v1,bart,person,44,listener_identity,test_Q,7,13,96,0.13541666666666666,13
four_domain_state_coverage_v1,bart,person,44,listener_identity,test_U,0,15,96,0.15625,15
four_domain_state_coverage_v1,bart,person,44,listener_identity,test_U,1,12,96,0.125,12
four_domain_state_coverage_v1,bart,person,44,listener_identity,test_U,2,12,96,0.125,12
four_domain_state_coverage_v1,bart,person,44,listener_identity,test_U,3,11,96,0.11458333333333333,11
four_domain_state_coverage_v1,bart,person,44,listener_identity,test_U,4,16,96,0.16666666666666666,16
four_domain_state_coverage_v1,bart,person,44,listener_identity,test_U,5,9,96,0.09375,9
four_domain_state_coverage_v1,bart,person,44,listener_identity,test_U,6,8,96,0.08333333333333333,8
four_domain_state_coverage_v1,bart,person,44,listener_identity,test_U,7,13,96,0.13541666666666666,13
four_domain_state_coverage_v1,bart,person,44,agent_identity,train_P,0,12,72,0.16666666666666666,4
four_domain_state_coverage_v1,bart,person,44,agent_identity,train_P,1,6,72,0.08333333333333333,2
four_domain_state_coverage_v1,bart,person,44,agent_identity,train_P,2,12,72,0.16666666666666666,4
four_domain_state_coverage_v1,bart,person,44,agent_identity,train_P,3,6,72,0.08333333333333333,2
four_domain_state_coverage_v1,bart,person,44,agent_identity,train_P,4,12,72,0.16666666666666666,4
four_domain_state_coverage_v1,bart,person,44,agent_identity,train_P,5,6,72,0.08333333333333333,2
four_domain_state_coverage_v1,bart,person,44,agent_identity,train_P,6,6,72,0.08333333333333333,2
four_domain_state_coverage_v1,bart,person,44,agent_identity,train_P,7,12,72,0.16666666666666666,4
four_domain_state_coverage_v1,bart,person,44,agent_identity,test_P,0,3,96,0.03125,1
four_domain_state_coverage_v1,bart,person,44,agent_identity,test_P,1,18,96,0.1875,6
four_domain_state_coverage_v1,bart,person,44,agent_identity,test_P,2,18,96,0.1875,6
four_domain_state_coverage_v1,bart,person,44,agent_identity,test_P,3,12,96,0.125,4
four_domain_state_coverage_v1,bart,person,44,agent_identity,test_P,4,9,96,0.09375,3
four_domain_state_coverage_v1,bart,person,44,agent_identity,test_P,5,6,96,0.0625,2
four_domain_state_coverage_v1,bart,person,44,agent_identity,test_P,6,9,96,0.09375,3
four_domain_state_coverage_v1,bart,person,44,agent_identity,test_P,7,21,96,0.21875,7
four_domain_state_coverage_v1,bart,person,44,agent_identity,test_Q,0,3,96,0.03125,1
four_domain_state_coverage_v1,bart,person,44,agent_identity,test_Q,1,18,96,0.1875,6
four_domain_state_coverage_v1,bart,person,44,agent_identity,test_Q,2,18,96,0.1875,6
four_domain_state_coverage_v1,bart,person,44,agent_identity,test_Q,3,12,96,0.125,4
four_domain_state_coverage_v1,bart,person,44,agent_identity,test_Q,4,9,96,0.09375,3
four_domain_state_coverage_v1,bart,person,44,agent_identity,test_Q,5,6,96,0.0625,2
four_domain_state_coverage_v1,bart,person,44,agent_identity,test_Q,6,9,96,0.09375,3
four_domain_state_coverage_v1,bart,person,44,agent_identity,test_Q,7,21,96,0.21875,7
four_domain_state_coverage_v1,bart,person,44,agent_identity,test_U,0,3,96,0.03125,1
four_domain_state_coverage_v1,bart,person,44,agent_identity,test_U,1,18,96,0.1875,6
four_domain_state_coverage_v1,bart,person,44,agent_identity,test_U,2,18,96,0.1875,6
four_domain_state_coverage_v1,bart,person,44,agent_identity,test_U,3,12,96,0.125,4
four_domain_state_coverage_v1,bart,person,44,agent_identity,test_U,4,9,96,0.09375,3
four_domain_state_coverage_v1,bart,person,44,agent_identity,test_U,5,6,96,0.0625,2
four_domain_state_coverage_v1,bart,person,44,agent_identity,test_U,6,9,96,0.09375,3
four_domain_state_coverage_v1,bart,person,44,agent_identity,test_U,7,21,96,0.21875,7
four_domain_state_coverage_v1,bart,person,44,patient_identity,train_P,0,12,72,0.16666666666666666,4
four_domain_state_coverage_v1,bart,person,44,patient_identity,train_P,1,12,72,0.16666666666666666,4
four_domain_state_coverage_v1,bart,person,44,patient_identity,train_P,2,9,72,0.125,3
four_domain_state_coverage_v1,bart,person,44,patient_identity,train_P,3,3,72,0.041666666666666664,1
four_domain_state_coverage_v1,bart,person,44,patient_identity,train_P,4,6,72,0.08333333333333333,2
four_domain_state_coverage_v1,bart,person,44,patient_identity,train_P,5,9,72,0.125,3
four_domain_state_coverage_v1,bart,person,44,patient_identity,train_P,6,15,72,0.20833333333333334,5
four_domain_state_coverage_v1,bart,person,44,patient_identity,train_P,7,6,72,0.08333333333333333,2
four_domain_state_coverage_v1,bart,person,44,patient_identity,test_P,0,18,96,0.1875,6
four_domain_state_coverage_v1,bart,person,44,patient_identity,test_P,1,3,96,0.03125,1
four_domain_state_coverage_v1,bart,person,44,patient_identity,test_P,2,9,96,0.09375,3
four_domain_state_coverage_v1,bart,person,44,patient_identity,test_P,3,18,96,0.1875,6
four_domain_state_coverage_v1,bart,person,44,patient_identity,test_P,4,18,96,0.1875,6
four_domain_state_coverage_v1,bart,person,44,patient_identity,test_P,5,15,96,0.15625,5
four_domain_state_coverage_v1,bart,person,44,patient_identity,test_P,6,9,96,0.09375,3
four_domain_state_coverage_v1,bart,person,44,patient_identity,test_P,7,6,96,0.0625,2
four_domain_state_coverage_v1,bart,person,44,patient_identity,test_Q,0,18,96,0.1875,6
four_domain_state_coverage_v1,bart,person,44,patient_identity,test_Q,1,3,96,0.03125,1
four_domain_state_coverage_v1,bart,person,44,patient_identity,test_Q,2,9,96,0.09375,3
four_domain_state_coverage_v1,bart,person,44,patient_identity,test_Q,3,18,96,0.1875,6
four_domain_state_coverage_v1,bart,person,44,patient_identity,test_Q,4,18,96,0.1875,6
four_domain_state_coverage_v1,bart,person,44,patient_identity,test_Q,5,15,96,0.15625,5
four_domain_state_coverage_v1,bart,person,44,patient_identity,test_Q,6,9,96,0.09375,3
four_domain_state_coverage_v1,bart,person,44,patient_identity,test_Q,7,6,96,0.0625,2
four_domain_state_coverage_v1,bart,person,44,patient_identity,test_U,0,18,96,0.1875,6
four_domain_state_coverage_v1,bart,person,44,patient_identity,test_U,1,3,96,0.03125,1
four_domain_state_coverage_v1,bart,person,44,patient_identity,test_U,2,9,96,0.09375,3
four_domain_state_coverage_v1,bart,person,44,patient_identity,test_U,3,18,96,0.1875,6
four_domain_state_coverage_v1,bart,person,44,patient_identity,test_U,4,18,96,0.1875,6
four_domain_state_coverage_v1,bart,person,44,patient_identity,test_U,5,15,96,0.15625,5
four_domain_state_coverage_v1,bart,person,44,patient_identity,test_U,6,9,96,0.09375,3
four_domain_state_coverage_v1,bart,person,44,patient_identity,test_U,7,6,96,0.0625,2
four_domain_state_coverage_v1,bart,person,44,owner_identity,train_P,0,6,72,0.08333333333333333,2
four_domain_state_coverage_v1,bart,person,44,owner_identity,train_P,1,9,72,0.125,3
four_domain_state_coverage_v1,bart,person,44,owner_identity,train_P,2,6,72,0.08333333333333333,2
four_domain_state_coverage_v1,bart,person,44,owner_identity,train_P,3,9,72,0.125,3
four_domain_state_coverage_v1,bart,person,44,owner_identity,train_P,4,12,72,0.16666666666666666,4
four_domain_state_coverage_v1,bart,person,44,owner_identity,train_P,5,3,72,0.041666666666666664,1
four_domain_state_coverage_v1,bart,person,44,owner_identity,train_P,6,6,72,0.08333333333333333,2
four_domain_state_coverage_v1,bart,person,44,owner_identity,train_P,7,21,72,0.2916666666666667,7
four_domain_state_coverage_v1,bart,person,44,owner_identity,test_P,0,24,96,0.25,8
four_domain_state_coverage_v1,bart,person,44,owner_identity,test_P,1,15,96,0.15625,5
four_domain_state_coverage_v1,bart,person,44,owner_identity,test_P,2,9,96,0.09375,3
four_domain_state_coverage_v1,bart,person,44,owner_identity,test_P,3,3,96,0.03125,1
four_domain_state_coverage_v1,bart,person,44,owner_identity,test_P,4,21,96,0.21875,7
four_domain_state_coverage_v1,bart,person,44,owner_identity,test_P,5,6,96,0.0625,2
four_domain_state_coverage_v1,bart,person,44,owner_identity,test_P,6,6,96,0.0625,2
four_domain_state_coverage_v1,bart,person,44,owner_identity,test_P,7,12,96,0.125,4
four_domain_state_coverage_v1,bart,person,44,owner_identity,test_Q,0,24,96,0.25,8
four_domain_state_coverage_v1,bart,person,44,owner_identity,test_Q,1,15,96,0.15625,5
four_domain_state_coverage_v1,bart,person,44,owner_identity,test_Q,2,9,96,0.09375,3
four_domain_state_coverage_v1,bart,person,44,owner_identity,test_Q,3,3,96,0.03125,1
four_domain_state_coverage_v1,bart,person,44,owner_identity,test_Q,4,21,96,0.21875,7
four_domain_state_coverage_v1,bart,person,44,owner_identity,test_Q,5,6,96,0.0625,2
four_domain_state_coverage_v1,bart,person,44,owner_identity,test_Q,6,6,96,0.0625,2
four_domain_state_coverage_v1,bart,person,44,owner_identity,test_Q,7,12,96,0.125,4
four_domain_state_coverage_v1,bart,person,44,owner_identity,test_U,0,24,96,0.25,8
four_domain_state_coverage_v1,bart,person,44,owner_identity,test_U,1,15,96,0.15625,5
four_domain_state_coverage_v1,bart,person,44,owner_identity,test_U,2,9,96,0.09375,3
four_domain_state_coverage_v1,bart,person,44,owner_identity,test_U,3,3,96,0.03125,1
four_domain_state_coverage_v1,bart,person,44,owner_identity,test_U,4,21,96,0.21875,7
four_domain_state_coverage_v1,bart,person,44,owner_identity,test_U,5,6,96,0.0625,2
four_domain_state_coverage_v1,bart,person,44,owner_identity,test_U,6,6,96,0.0625,2
four_domain_state_coverage_v1,bart,person,44,owner_identity,test_U,7,12,96,0.125,4
four_domain_state_coverage_v1,t5gemma,time,42,current_state,train_P,0,24,168,0.14285714285714285,24
four_domain_state_coverage_v1,t5gemma,time,42,current_state,train_P,1,24,168,0.14285714285714285,24
four_domain_state_coverage_v1,t5gemma,time,42,current_state,train_P,2,24,168,0.14285714285714285,24
four_domain_state_coverage_v1,t5gemma,time,42,current_state,train_P,3,24,168,0.14285714285714285,24
four_domain_state_coverage_v1,t5gemma,time,42,current_state,train_P,4,24,168,0.14285714285714285,24
four_domain_state_coverage_v1,t5gemma,time,42,current_state,train_P,5,24,168,0.14285714285714285,24
four_domain_state_coverage_v1,t5gemma,time,42,current_state,train_P,6,24,168,0.14285714285714285,24
four_domain_state_coverage_v1,t5gemma,time,42,current_state,test_P,0,32,224,0.14285714285714285,32
four_domain_state_coverage_v1,t5gemma,time,42,current_state,test_P,1,32,224,0.14285714285714285,32
four_domain_state_coverage_v1,t5gemma,time,42,current_state,test_P,2,32,224,0.14285714285714285,32
four_domain_state_coverage_v1,t5gemma,time,42,current_state,test_P,3,32,224,0.14285714285714285,32
four_domain_state_coverage_v1,t5gemma,time,42,current_state,test_P,4,32,224,0.14285714285714285,32
four_domain_state_coverage_v1,t5gemma,time,42,current_state,test_P,5,32,224,0.14285714285714285,32
four_domain_state_coverage_v1,t5gemma,time,42,current_state,test_P,6,32,224,0.14285714285714285,32
four_domain_state_coverage_v1,t5gemma,time,42,current_state,test_Q,0,32,224,0.14285714285714285,32
four_domain_state_coverage_v1,t5gemma,time,42,current_state,test_Q,1,32,224,0.14285714285714285,32
four_domain_state_coverage_v1,t5gemma,time,42,current_state,test_Q,2,32,224,0.14285714285714285,32
four_domain_state_coverage_v1,t5gemma,time,42,current_state,test_Q,3,32,224,0.14285714285714285,32
four_domain_state_coverage_v1,t5gemma,time,42,current_state,test_Q,4,32,224,0.14285714285714285,32
four_domain_state_coverage_v1,t5gemma,time,42,current_state,test_Q,5,32,224,0.14285714285714285,32
four_domain_state_coverage_v1,t5gemma,time,42,current_state,test_Q,6,32,224,0.14285714285714285,32
four_domain_state_coverage_v1,t5gemma,time,42,current_state,test_U,0,32,224,0.14285714285714285,32
four_domain_state_coverage_v1,t5gemma,time,42,current_state,test_U,1,32,224,0.14285714285714285,32
four_domain_state_coverage_v1,t5gemma,time,42,current_state,test_U,2,32,224,0.14285714285714285,32
four_domain_state_coverage_v1,t5gemma,time,42,current_state,test_U,3,32,224,0.14285714285714285,32
four_domain_state_coverage_v1,t5gemma,time,42,current_state,test_U,4,32,224,0.14285714285714285,32
four_domain_state_coverage_v1,t5gemma,time,42,current_state,test_U,5,32,224,0.14285714285714285,32
four_domain_state_coverage_v1,t5gemma,time,42,current_state,test_U,6,32,224,0.14285714285714285,32
four_domain_state_coverage_v1,t5gemma,time,42,target_object,train_P,0,28,168,0.16666666666666666,4
four_domain_state_coverage_v1,t5gemma,time,42,target_object,train_P,1,28,168,0.16666666666666666,4
four_domain_state_coverage_v1,t5gemma,time,42,target_object,train_P,2,7,168,0.041666666666666664,1
four_domain_state_coverage_v1,t5gemma,time,42,target_object,train_P,3,7,168,0.041666666666666664,1
four_domain_state_coverage_v1,t5gemma,time,42,target_object,train_P,4,21,168,0.125,3
four_domain_state_coverage_v1,t5gemma,time,42,target_object,train_P,5,42,168,0.25,6
four_domain_state_coverage_v1,t5gemma,time,42,target_object,train_P,6,14,168,0.08333333333333333,2
four_domain_state_coverage_v1,t5gemma,time,42,target_object,train_P,7,21,168,0.125,3
four_domain_state_coverage_v1,t5gemma,time,42,target_object,test_P,0,21,224,0.09375,3
four_domain_state_coverage_v1,t5gemma,time,42,target_object,test_P,1,35,224,0.15625,5
four_domain_state_coverage_v1,t5gemma,time,42,target_object,test_P,2,21,224,0.09375,3
four_domain_state_coverage_v1,t5gemma,time,42,target_object,test_P,3,42,224,0.1875,6
four_domain_state_coverage_v1,t5gemma,time,42,target_object,test_P,4,14,224,0.0625,2
four_domain_state_coverage_v1,t5gemma,time,42,target_object,test_P,5,42,224,0.1875,6
four_domain_state_coverage_v1,t5gemma,time,42,target_object,test_P,6,14,224,0.0625,2
four_domain_state_coverage_v1,t5gemma,time,42,target_object,test_P,7,35,224,0.15625,5
four_domain_state_coverage_v1,t5gemma,time,42,target_object,test_Q,0,21,224,0.09375,3
four_domain_state_coverage_v1,t5gemma,time,42,target_object,test_Q,1,35,224,0.15625,5
four_domain_state_coverage_v1,t5gemma,time,42,target_object,test_Q,2,21,224,0.09375,3
four_domain_state_coverage_v1,t5gemma,time,42,target_object,test_Q,3,42,224,0.1875,6
four_domain_state_coverage_v1,t5gemma,time,42,target_object,test_Q,4,14,224,0.0625,2
four_domain_state_coverage_v1,t5gemma,time,42,target_object,test_Q,5,42,224,0.1875,6
four_domain_state_coverage_v1,t5gemma,time,42,target_object,test_Q,6,14,224,0.0625,2
four_domain_state_coverage_v1,t5gemma,time,42,target_object,test_Q,7,35,224,0.15625,5
four_domain_state_coverage_v1,t5gemma,time,42,target_object,test_U,0,21,224,0.09375,3
four_domain_state_coverage_v1,t5gemma,time,42,target_object,test_U,1,35,224,0.15625,5
four_domain_state_coverage_v1,t5gemma,time,42,target_object,test_U,2,21,224,0.09375,3
four_domain_state_coverage_v1,t5gemma,time,42,target_object,test_U,3,42,224,0.1875,6
four_domain_state_coverage_v1,t5gemma,time,42,target_object,test_U,4,14,224,0.0625,2
four_domain_state_coverage_v1,t5gemma,time,42,target_object,test_U,5,42,224,0.1875,6
four_domain_state_coverage_v1,t5gemma,time,42,target_object,test_U,6,14,224,0.0625,2
four_domain_state_coverage_v1,t5gemma,time,42,target_object,test_U,7,35,224,0.15625,5
four_domain_state_coverage_v1,t5gemma,time,43,current_state,train_P,0,24,168,0.14285714285714285,24
four_domain_state_coverage_v1,t5gemma,time,43,current_state,train_P,1,24,168,0.14285714285714285,24
four_domain_state_coverage_v1,t5gemma,time,43,current_state,train_P,2,24,168,0.14285714285714285,24
four_domain_state_coverage_v1,t5gemma,time,43,current_state,train_P,3,24,168,0.14285714285714285,24
four_domain_state_coverage_v1,t5gemma,time,43,current_state,train_P,4,24,168,0.14285714285714285,24
four_domain_state_coverage_v1,t5gemma,time,43,current_state,train_P,5,24,168,0.14285714285714285,24
four_domain_state_coverage_v1,t5gemma,time,43,current_state,train_P,6,24,168,0.14285714285714285,24
four_domain_state_coverage_v1,t5gemma,time,43,current_state,test_P,0,32,224,0.14285714285714285,32
four_domain_state_coverage_v1,t5gemma,time,43,current_state,test_P,1,32,224,0.14285714285714285,32
four_domain_state_coverage_v1,t5gemma,time,43,current_state,test_P,2,32,224,0.14285714285714285,32
four_domain_state_coverage_v1,t5gemma,time,43,current_state,test_P,3,32,224,0.14285714285714285,32
four_domain_state_coverage_v1,t5gemma,time,43,current_state,test_P,4,32,224,0.14285714285714285,32
four_domain_state_coverage_v1,t5gemma,time,43,current_state,test_P,5,32,224,0.14285714285714285,32
four_domain_state_coverage_v1,t5gemma,time,43,current_state,test_P,6,32,224,0.14285714285714285,32
four_domain_state_coverage_v1,t5gemma,time,43,current_state,test_Q,0,32,224,0.14285714285714285,32
four_domain_state_coverage_v1,t5gemma,time,43,current_state,test_Q,1,32,224,0.14285714285714285,32
four_domain_state_coverage_v1,t5gemma,time,43,current_state,test_Q,2,32,224,0.14285714285714285,32
four_domain_state_coverage_v1,t5gemma,time,43,current_state,test_Q,3,32,224,0.14285714285714285,32
four_domain_state_coverage_v1,t5gemma,time,43,current_state,test_Q,4,32,224,0.14285714285714285,32
four_domain_state_coverage_v1,t5gemma,time,43,current_state,test_Q,5,32,224,0.14285714285714285,32
four_domain_state_coverage_v1,t5gemma,time,43,current_state,test_Q,6,32,224,0.14285714285714285,32
four_domain_state_coverage_v1,t5gemma,time,43,current_state,test_U,0,32,224,0.14285714285714285,32
four_domain_state_coverage_v1,t5gemma,time,43,current_state,test_U,1,32,224,0.14285714285714285,32
four_domain_state_coverage_v1,t5gemma,time,43,current_state,test_U,2,32,224,0.14285714285714285,32
four_domain_state_coverage_v1,t5gemma,time,43,current_state,test_U,3,32,224,0.14285714285714285,32
four_domain_state_coverage_v1,t5gemma,time,43,current_state,test_U,4,32,224,0.14285714285714285,32
four_domain_state_coverage_v1,t5gemma,time,43,current_state,test_U,5,32,224,0.14285714285714285,32
four_domain_state_coverage_v1,t5gemma,time,43,current_state,test_U,6,32,224,0.14285714285714285,32
four_domain_state_coverage_v1,t5gemma,time,43,target_object,train_P,0,28,168,0.16666666666666666,4
four_domain_state_coverage_v1,t5gemma,time,43,target_object,train_P,1,28,168,0.16666666666666666,4
four_domain_state_coverage_v1,t5gemma,time,43,target_object,train_P,2,7,168,0.041666666666666664,1
four_domain_state_coverage_v1,t5gemma,time,43,target_object,train_P,3,7,168,0.041666666666666664,1
four_domain_state_coverage_v1,t5gemma,time,43,target_object,train_P,4,21,168,0.125,3
four_domain_state_coverage_v1,t5gemma,time,43,target_object,train_P,5,42,168,0.25,6
four_domain_state_coverage_v1,t5gemma,time,43,target_object,train_P,6,14,168,0.08333333333333333,2
four_domain_state_coverage_v1,t5gemma,time,43,target_object,train_P,7,21,168,0.125,3
four_domain_state_coverage_v1,t5gemma,time,43,target_object,test_P,0,21,224,0.09375,3
four_domain_state_coverage_v1,t5gemma,time,43,target_object,test_P,1,35,224,0.15625,5
four_domain_state_coverage_v1,t5gemma,time,43,target_object,test_P,2,21,224,0.09375,3
four_domain_state_coverage_v1,t5gemma,time,43,target_object,test_P,3,42,224,0.1875,6
four_domain_state_coverage_v1,t5gemma,time,43,target_object,test_P,4,14,224,0.0625,2
four_domain_state_coverage_v1,t5gemma,time,43,target_object,test_P,5,42,224,0.1875,6
four_domain_state_coverage_v1,t5gemma,time,43,target_object,test_P,6,14,224,0.0625,2
four_domain_state_coverage_v1,t5gemma,time,43,target_object,test_P,7,35,224,0.15625,5
four_domain_state_coverage_v1,t5gemma,time,43,target_object,test_Q,0,21,224,0.09375,3
four_domain_state_coverage_v1,t5gemma,time,43,target_object,test_Q,1,35,224,0.15625,5
four_domain_state_coverage_v1,t5gemma,time,43,target_object,test_Q,2,21,224,0.09375,3
four_domain_state_coverage_v1,t5gemma,time,43,target_object,test_Q,3,42,224,0.1875,6
four_domain_state_coverage_v1,t5gemma,time,43,target_object,test_Q,4,14,224,0.0625,2
four_domain_state_coverage_v1,t5gemma,time,43,target_object,test_Q,5,42,224,0.1875,6
four_domain_state_coverage_v1,t5gemma,time,43,target_object,test_Q,6,14,224,0.0625,2
four_domain_state_coverage_v1,t5gemma,time,43,target_object,test_Q,7,35,224,0.15625,5
four_domain_state_coverage_v1,t5gemma,time,43,target_object,test_U,0,21,224,0.09375,3
four_domain_state_coverage_v1,t5gemma,time,43,target_object,test_U,1,35,224,0.15625,5
four_domain_state_coverage_v1,t5gemma,time,43,target_object,test_U,2,21,224,0.09375,3
four_domain_state_coverage_v1,t5gemma,time,43,target_object,test_U,3,42,224,0.1875,6
four_domain_state_coverage_v1,t5gemma,time,43,target_object,test_U,4,14,224,0.0625,2
four_domain_state_coverage_v1,t5gemma,time,43,target_object,test_U,5,42,224,0.1875,6
four_domain_state_coverage_v1,t5gemma,time,43,target_object,test_U,6,14,224,0.0625,2
four_domain_state_coverage_v1,t5gemma,time,43,target_object,test_U,7,35,224,0.15625,5
four_domain_state_coverage_v1,t5gemma,time,44,current_state,train_P,0,24,168,0.14285714285714285,24
four_domain_state_coverage_v1,t5gemma,time,44,current_state,train_P,1,24,168,0.14285714285714285,24
four_domain_state_coverage_v1,t5gemma,time,44,current_state,train_P,2,24,168,0.14285714285714285,24
four_domain_state_coverage_v1,t5gemma,time,44,current_state,train_P,3,24,168,0.14285714285714285,24
four_domain_state_coverage_v1,t5gemma,time,44,current_state,train_P,4,24,168,0.14285714285714285,24
four_domain_state_coverage_v1,t5gemma,time,44,current_state,train_P,5,24,168,0.14285714285714285,24
four_domain_state_coverage_v1,t5gemma,time,44,current_state,train_P,6,24,168,0.14285714285714285,24
four_domain_state_coverage_v1,t5gemma,time,44,current_state,test_P,0,32,224,0.14285714285714285,32
four_domain_state_coverage_v1,t5gemma,time,44,current_state,test_P,1,32,224,0.14285714285714285,32
four_domain_state_coverage_v1,t5gemma,time,44,current_state,test_P,2,32,224,0.14285714285714285,32
four_domain_state_coverage_v1,t5gemma,time,44,current_state,test_P,3,32,224,0.14285714285714285,32
four_domain_state_coverage_v1,t5gemma,time,44,current_state,test_P,4,32,224,0.14285714285714285,32
four_domain_state_coverage_v1,t5gemma,time,44,current_state,test_P,5,32,224,0.14285714285714285,32
four_domain_state_coverage_v1,t5gemma,time,44,current_state,test_P,6,32,224,0.14285714285714285,32
four_domain_state_coverage_v1,t5gemma,time,44,current_state,test_Q,0,32,224,0.14285714285714285,32
four_domain_state_coverage_v1,t5gemma,time,44,current_state,test_Q,1,32,224,0.14285714285714285,32
four_domain_state_coverage_v1,t5gemma,time,44,current_state,test_Q,2,32,224,0.14285714285714285,32
four_domain_state_coverage_v1,t5gemma,time,44,current_state,test_Q,3,32,224,0.14285714285714285,32
four_domain_state_coverage_v1,t5gemma,time,44,current_state,test_Q,4,32,224,0.14285714285714285,32
four_domain_state_coverage_v1,t5gemma,time,44,current_state,test_Q,5,32,224,0.14285714285714285,32
four_domain_state_coverage_v1,t5gemma,time,44,current_state,test_Q,6,32,224,0.14285714285714285,32
four_domain_state_coverage_v1,t5gemma,time,44,current_state,test_U,0,32,224,0.14285714285714285,32
four_domain_state_coverage_v1,t5gemma,time,44,current_state,test_U,1,32,224,0.14285714285714285,32
four_domain_state_coverage_v1,t5gemma,time,44,current_state,test_U,2,32,224,0.14285714285714285,32
four_domain_state_coverage_v1,t5gemma,time,44,current_state,test_U,3,32,224,0.14285714285714285,32
four_domain_state_coverage_v1,t5gemma,time,44,current_state,test_U,4,32,224,0.14285714285714285,32
four_domain_state_coverage_v1,t5gemma,time,44,current_state,test_U,5,32,224,0.14285714285714285,32
four_domain_state_coverage_v1,t5gemma,time,44,current_state,test_U,6,32,224,0.14285714285714285,32
four_domain_state_coverage_v1,t5gemma,time,44,target_object,train_P,0,28,168,0.16666666666666666,4
four_domain_state_coverage_v1,t5gemma,time,44,target_object,train_P,1,28,168,0.16666666666666666,4
four_domain_state_coverage_v1,t5gemma,time,44,target_object,train_P,2,7,168,0.041666666666666664,1
four_domain_state_coverage_v1,t5gemma,time,44,target_object,train_P,3,7,168,0.041666666666666664,1
four_domain_state_coverage_v1,t5gemma,time,44,target_object,train_P,4,21,168,0.125,3
four_domain_state_coverage_v1,t5gemma,time,44,target_object,train_P,5,42,168,0.25,6
four_domain_state_coverage_v1,t5gemma,time,44,target_object,train_P,6,14,168,0.08333333333333333,2
four_domain_state_coverage_v1,t5gemma,time,44,target_object,train_P,7,21,168,0.125,3
four_domain_state_coverage_v1,t5gemma,time,44,target_object,test_P,0,21,224,0.09375,3
four_domain_state_coverage_v1,t5gemma,time,44,target_object,test_P,1,35,224,0.15625,5
four_domain_state_coverage_v1,t5gemma,time,44,target_object,test_P,2,21,224,0.09375,3
four_domain_state_coverage_v1,t5gemma,time,44,target_object,test_P,3,42,224,0.1875,6
four_domain_state_coverage_v1,t5gemma,time,44,target_object,test_P,4,14,224,0.0625,2
four_domain_state_coverage_v1,t5gemma,time,44,target_object,test_P,5,42,224,0.1875,6
four_domain_state_coverage_v1,t5gemma,time,44,target_object,test_P,6,14,224,0.0625,2
four_domain_state_coverage_v1,t5gemma,time,44,target_object,test_P,7,35,224,0.15625,5
four_domain_state_coverage_v1,t5gemma,time,44,target_object,test_Q,0,21,224,0.09375,3
four_domain_state_coverage_v1,t5gemma,time,44,target_object,test_Q,1,35,224,0.15625,5
four_domain_state_coverage_v1,t5gemma,time,44,target_object,test_Q,2,21,224,0.09375,3
four_domain_state_coverage_v1,t5gemma,time,44,target_object,test_Q,3,42,224,0.1875,6
four_domain_state_coverage_v1,t5gemma,time,44,target_object,test_Q,4,14,224,0.0625,2
four_domain_state_coverage_v1,t5gemma,time,44,target_object,test_Q,5,42,224,0.1875,6
four_domain_state_coverage_v1,t5gemma,time,44,target_object,test_Q,6,14,224,0.0625,2
four_domain_state_coverage_v1,t5gemma,time,44,target_object,test_Q,7,35,224,0.15625,5
four_domain_state_coverage_v1,t5gemma,time,44,target_object,test_U,0,21,224,0.09375,3
four_domain_state_coverage_v1,t5gemma,time,44,target_object,test_U,1,35,224,0.15625,5
four_domain_state_coverage_v1,t5gemma,time,44,target_object,test_U,2,21,224,0.09375,3
four_domain_state_coverage_v1,t5gemma,time,44,target_object,test_U,3,42,224,0.1875,6
four_domain_state_coverage_v1,t5gemma,time,44,target_object,test_U,4,14,224,0.0625,2
four_domain_state_coverage_v1,t5gemma,time,44,target_object,test_U,5,42,224,0.1875,6
four_domain_state_coverage_v1,t5gemma,time,44,target_object,test_U,6,14,224,0.0625,2
four_domain_state_coverage_v1,t5gemma,time,44,target_object,test_U,7,35,224,0.15625,5
four_domain_state_coverage_v1,t5gemma,space,42,current_state,train_P,0,24,96,0.25,24
four_domain_state_coverage_v1,t5gemma,space,42,current_state,train_P,1,24,96,0.25,24
four_domain_state_coverage_v1,t5gemma,space,42,current_state,train_P,2,24,96,0.25,24
four_domain_state_coverage_v1,t5gemma,space,42,current_state,train_P,3,24,96,0.25,24
four_domain_state_coverage_v1,t5gemma,space,42,current_state,test_P,0,32,128,0.25,32
four_domain_state_coverage_v1,t5gemma,space,42,current_state,test_P,1,32,128,0.25,32
four_domain_state_coverage_v1,t5gemma,space,42,current_state,test_P,2,32,128,0.25,32
four_domain_state_coverage_v1,t5gemma,space,42,current_state,test_P,3,32,128,0.25,32
four_domain_state_coverage_v1,t5gemma,space,42,current_state,test_Q,0,32,128,0.25,32
four_domain_state_coverage_v1,t5gemma,space,42,current_state,test_Q,1,32,128,0.25,32
four_domain_state_coverage_v1,t5gemma,space,42,current_state,test_Q,2,32,128,0.25,32
four_domain_state_coverage_v1,t5gemma,space,42,current_state,test_Q,3,32,128,0.25,32
four_domain_state_coverage_v1,t5gemma,space,42,current_state,test_U,0,32,128,0.25,32
four_domain_state_coverage_v1,t5gemma,space,42,current_state,test_U,1,32,128,0.25,32
four_domain_state_coverage_v1,t5gemma,space,42,current_state,test_U,2,32,128,0.25,32
four_domain_state_coverage_v1,t5gemma,space,42,current_state,test_U,3,32,128,0.25,32
four_domain_state_coverage_v1,t5gemma,space,42,target_object,train_P,0,12,96,0.125,3
four_domain_state_coverage_v1,t5gemma,space,42,target_object,train_P,1,8,96,0.08333333333333333,2
four_domain_state_coverage_v1,t5gemma,space,42,target_object,train_P,2,8,96,0.08333333333333333,2
four_domain_state_coverage_v1,t5gemma,space,42,target_object,train_P,3,16,96,0.16666666666666666,4
four_domain_state_coverage_v1,t5gemma,space,42,target_object,train_P,4,4,96,0.041666666666666664,1
four_domain_state_coverage_v1,t5gemma,space,42,target_object,train_P,5,28,96,0.2916666666666667,7
four_domain_state_coverage_v1,t5gemma,space,42,target_object,train_P,6,16,96,0.16666666666666666,4
four_domain_state_coverage_v1,t5gemma,space,42,target_object,train_P,7,4,96,0.041666666666666664,1
four_domain_state_coverage_v1,t5gemma,space,42,target_object,test_P,0,20,128,0.15625,5
four_domain_state_coverage_v1,t5gemma,space,42,target_object,test_P,1,16,128,0.125,4
four_domain_state_coverage_v1,t5gemma,space,42,target_object,test_P,2,24,128,0.1875,6
four_domain_state_coverage_v1,t5gemma,space,42,target_object,test_P,3,20,128,0.15625,5
four_domain_state_coverage_v1,t5gemma,space,42,target_object,test_P,4,16,128,0.125,4
four_domain_state_coverage_v1,t5gemma,space,42,target_object,test_P,5,12,128,0.09375,3
four_domain_state_coverage_v1,t5gemma,space,42,target_object,test_P,6,4,128,0.03125,1
four_domain_state_coverage_v1,t5gemma,space,42,target_object,test_P,7,16,128,0.125,4
four_domain_state_coverage_v1,t5gemma,space,42,target_object,test_Q,0,20,128,0.15625,5
four_domain_state_coverage_v1,t5gemma,space,42,target_object,test_Q,1,16,128,0.125,4
four_domain_state_coverage_v1,t5gemma,space,42,target_object,test_Q,2,24,128,0.1875,6
four_domain_state_coverage_v1,t5gemma,space,42,target_object,test_Q,3,20,128,0.15625,5
four_domain_state_coverage_v1,t5gemma,space,42,target_object,test_Q,4,16,128,0.125,4
four_domain_state_coverage_v1,t5gemma,space,42,target_object,test_Q,5,12,128,0.09375,3
four_domain_state_coverage_v1,t5gemma,space,42,target_object,test_Q,6,4,128,0.03125,1
four_domain_state_coverage_v1,t5gemma,space,42,target_object,test_Q,7,16,128,0.125,4
four_domain_state_coverage_v1,t5gemma,space,42,target_object,test_U,0,20,128,0.15625,5
four_domain_state_coverage_v1,t5gemma,space,42,target_object,test_U,1,16,128,0.125,4
four_domain_state_coverage_v1,t5gemma,space,42,target_object,test_U,2,24,128,0.1875,6
four_domain_state_coverage_v1,t5gemma,space,42,target_object,test_U,3,20,128,0.15625,5
four_domain_state_coverage_v1,t5gemma,space,42,target_object,test_U,4,16,128,0.125,4
four_domain_state_coverage_v1,t5gemma,space,42,target_object,test_U,5,12,128,0.09375,3
four_domain_state_coverage_v1,t5gemma,space,42,target_object,test_U,6,4,128,0.03125,1
four_domain_state_coverage_v1,t5gemma,space,42,target_object,test_U,7,16,128,0.125,4
four_domain_state_coverage_v1,t5gemma,space,42,target_subject,train_P,0,28,96,0.2916666666666667,7
four_domain_state_coverage_v1,t5gemma,space,42,target_subject,train_P,1,8,96,0.08333333333333333,2
four_domain_state_coverage_v1,t5gemma,space,42,target_subject,train_P,2,12,96,0.125,3
four_domain_state_coverage_v1,t5gemma,space,42,target_subject,train_P,3,8,96,0.08333333333333333,2
four_domain_state_coverage_v1,t5gemma,space,42,target_subject,train_P,4,12,96,0.125,3
four_domain_state_coverage_v1,t5gemma,space,42,target_subject,train_P,5,12,96,0.125,3
four_domain_state_coverage_v1,t5gemma,space,42,target_subject,train_P,6,8,96,0.08333333333333333,2
four_domain_state_coverage_v1,t5gemma,space,42,target_subject,train_P,7,8,96,0.08333333333333333,2
four_domain_state_coverage_v1,t5gemma,space,42,target_subject,test_P,0,8,128,0.0625,2
four_domain_state_coverage_v1,t5gemma,space,42,target_subject,test_P,1,8,128,0.0625,2
four_domain_state_coverage_v1,t5gemma,space,42,target_subject,test_P,2,16,128,0.125,4
four_domain_state_coverage_v1,t5gemma,space,42,target_subject,test_P,3,12,128,0.09375,3
four_domain_state_coverage_v1,t5gemma,space,42,target_subject,test_P,4,28,128,0.21875,7
four_domain_state_coverage_v1,t5gemma,space,42,target_subject,test_P,5,8,128,0.0625,2
four_domain_state_coverage_v1,t5gemma,space,42,target_subject,test_P,6,36,128,0.28125,9
four_domain_state_coverage_v1,t5gemma,space,42,target_subject,test_P,7,12,128,0.09375,3
four_domain_state_coverage_v1,t5gemma,space,42,target_subject,test_Q,0,8,128,0.0625,2
four_domain_state_coverage_v1,t5gemma,space,42,target_subject,test_Q,1,8,128,0.0625,2
four_domain_state_coverage_v1,t5gemma,space,42,target_subject,test_Q,2,16,128,0.125,4
four_domain_state_coverage_v1,t5gemma,space,42,target_subject,test_Q,3,12,128,0.09375,3
four_domain_state_coverage_v1,t5gemma,space,42,target_subject,test_Q,4,28,128,0.21875,7
four_domain_state_coverage_v1,t5gemma,space,42,target_subject,test_Q,5,8,128,0.0625,2
four_domain_state_coverage_v1,t5gemma,space,42,target_subject,test_Q,6,36,128,0.28125,9
four_domain_state_coverage_v1,t5gemma,space,42,target_subject,test_Q,7,12,128,0.09375,3
four_domain_state_coverage_v1,t5gemma,space,42,target_subject,test_U,0,8,128,0.0625,2
four_domain_state_coverage_v1,t5gemma,space,42,target_subject,test_U,1,8,128,0.0625,2
four_domain_state_coverage_v1,t5gemma,space,42,target_subject,test_U,2,16,128,0.125,4
four_domain_state_coverage_v1,t5gemma,space,42,target_subject,test_U,3,12,128,0.09375,3
four_domain_state_coverage_v1,t5gemma,space,42,target_subject,test_U,4,28,128,0.21875,7
four_domain_state_coverage_v1,t5gemma,space,42,target_subject,test_U,5,8,128,0.0625,2
four_domain_state_coverage_v1,t5gemma,space,42,target_subject,test_U,6,36,128,0.28125,9
four_domain_state_coverage_v1,t5gemma,space,42,target_subject,test_U,7,12,128,0.09375,3
four_domain_state_coverage_v1,t5gemma,space,42,anchor_owner,train_P,0,28,96,0.2916666666666667,7
four_domain_state_coverage_v1,t5gemma,space,42,anchor_owner,train_P,1,8,96,0.08333333333333333,2
four_domain_state_coverage_v1,t5gemma,space,42,anchor_owner,train_P,2,12,96,0.125,3
four_domain_state_coverage_v1,t5gemma,space,42,anchor_owner,train_P,3,8,96,0.08333333333333333,2
four_domain_state_coverage_v1,t5gemma,space,42,anchor_owner,train_P,4,12,96,0.125,3
four_domain_state_coverage_v1,t5gemma,space,42,anchor_owner,train_P,5,12,96,0.125,3
four_domain_state_coverage_v1,t5gemma,space,42,anchor_owner,train_P,6,8,96,0.08333333333333333,2
four_domain_state_coverage_v1,t5gemma,space,42,anchor_owner,train_P,7,8,96,0.08333333333333333,2
four_domain_state_coverage_v1,t5gemma,space,42,anchor_owner,test_P,0,8,128,0.0625,2
four_domain_state_coverage_v1,t5gemma,space,42,anchor_owner,test_P,1,8,128,0.0625,2
four_domain_state_coverage_v1,t5gemma,space,42,anchor_owner,test_P,2,16,128,0.125,4
four_domain_state_coverage_v1,t5gemma,space,42,anchor_owner,test_P,3,12,128,0.09375,3
four_domain_state_coverage_v1,t5gemma,space,42,anchor_owner,test_P,4,28,128,0.21875,7
four_domain_state_coverage_v1,t5gemma,space,42,anchor_owner,test_P,5,8,128,0.0625,2
four_domain_state_coverage_v1,t5gemma,space,42,anchor_owner,test_P,6,36,128,0.28125,9
four_domain_state_coverage_v1,t5gemma,space,42,anchor_owner,test_P,7,12,128,0.09375,3
four_domain_state_coverage_v1,t5gemma,space,42,anchor_owner,test_Q,0,8,128,0.0625,2
four_domain_state_coverage_v1,t5gemma,space,42,anchor_owner,test_Q,1,8,128,0.0625,2
four_domain_state_coverage_v1,t5gemma,space,42,anchor_owner,test_Q,2,16,128,0.125,4
four_domain_state_coverage_v1,t5gemma,space,42,anchor_owner,test_Q,3,12,128,0.09375,3
four_domain_state_coverage_v1,t5gemma,space,42,anchor_owner,test_Q,4,28,128,0.21875,7
four_domain_state_coverage_v1,t5gemma,space,42,anchor_owner,test_Q,5,8,128,0.0625,2
four_domain_state_coverage_v1,t5gemma,space,42,anchor_owner,test_Q,6,36,128,0.28125,9
four_domain_state_coverage_v1,t5gemma,space,42,anchor_owner,test_Q,7,12,128,0.09375,3
four_domain_state_coverage_v1,t5gemma,space,42,anchor_owner,test_U,0,8,128,0.0625,2
four_domain_state_coverage_v1,t5gemma,space,42,anchor_owner,test_U,1,8,128,0.0625,2
four_domain_state_coverage_v1,t5gemma,space,42,anchor_owner,test_U,2,16,128,0.125,4
four_domain_state_coverage_v1,t5gemma,space,42,anchor_owner,test_U,3,12,128,0.09375,3
four_domain_state_coverage_v1,t5gemma,space,42,anchor_owner,test_U,4,28,128,0.21875,7
four_domain_state_coverage_v1,t5gemma,space,42,anchor_owner,test_U,5,8,128,0.0625,2
four_domain_state_coverage_v1,t5gemma,space,42,anchor_owner,test_U,6,36,128,0.28125,9
four_domain_state_coverage_v1,t5gemma,space,42,anchor_owner,test_U,7,12,128,0.09375,3
four_domain_state_coverage_v1,t5gemma,space,43,current_state,train_P,0,24,96,0.25,24
four_domain_state_coverage_v1,t5gemma,space,43,current_state,train_P,1,24,96,0.25,24
four_domain_state_coverage_v1,t5gemma,space,43,current_state,train_P,2,24,96,0.25,24
four_domain_state_coverage_v1,t5gemma,space,43,current_state,train_P,3,24,96,0.25,24
four_domain_state_coverage_v1,t5gemma,space,43,current_state,test_P,0,32,128,0.25,32
four_domain_state_coverage_v1,t5gemma,space,43,current_state,test_P,1,32,128,0.25,32
four_domain_state_coverage_v1,t5gemma,space,43,current_state,test_P,2,32,128,0.25,32
four_domain_state_coverage_v1,t5gemma,space,43,current_state,test_P,3,32,128,0.25,32
four_domain_state_coverage_v1,t5gemma,space,43,current_state,test_Q,0,32,128,0.25,32
four_domain_state_coverage_v1,t5gemma,space,43,current_state,test_Q,1,32,128,0.25,32
four_domain_state_coverage_v1,t5gemma,space,43,current_state,test_Q,2,32,128,0.25,32
four_domain_state_coverage_v1,t5gemma,space,43,current_state,test_Q,3,32,128,0.25,32
four_domain_state_coverage_v1,t5gemma,space,43,current_state,test_U,0,32,128,0.25,32
four_domain_state_coverage_v1,t5gemma,space,43,current_state,test_U,1,32,128,0.25,32
four_domain_state_coverage_v1,t5gemma,space,43,current_state,test_U,2,32,128,0.25,32
four_domain_state_coverage_v1,t5gemma,space,43,current_state,test_U,3,32,128,0.25,32
four_domain_state_coverage_v1,t5gemma,space,43,target_object,train_P,0,12,96,0.125,3
four_domain_state_coverage_v1,t5gemma,space,43,target_object,train_P,1,8,96,0.08333333333333333,2
four_domain_state_coverage_v1,t5gemma,space,43,target_object,train_P,2,8,96,0.08333333333333333,2
four_domain_state_coverage_v1,t5gemma,space,43,target_object,train_P,3,16,96,0.16666666666666666,4
four_domain_state_coverage_v1,t5gemma,space,43,target_object,train_P,4,4,96,0.041666666666666664,1
four_domain_state_coverage_v1,t5gemma,space,43,target_object,train_P,5,28,96,0.2916666666666667,7
four_domain_state_coverage_v1,t5gemma,space,43,target_object,train_P,6,16,96,0.16666666666666666,4
four_domain_state_coverage_v1,t5gemma,space,43,target_object,train_P,7,4,96,0.041666666666666664,1
four_domain_state_coverage_v1,t5gemma,space,43,target_object,test_P,0,20,128,0.15625,5
four_domain_state_coverage_v1,t5gemma,space,43,target_object,test_P,1,16,128,0.125,4
four_domain_state_coverage_v1,t5gemma,space,43,target_object,test_P,2,24,128,0.1875,6
four_domain_state_coverage_v1,t5gemma,space,43,target_object,test_P,3,20,128,0.15625,5
four_domain_state_coverage_v1,t5gemma,space,43,target_object,test_P,4,16,128,0.125,4
four_domain_state_coverage_v1,t5gemma,space,43,target_object,test_P,5,12,128,0.09375,3
four_domain_state_coverage_v1,t5gemma,space,43,target_object,test_P,6,4,128,0.03125,1
four_domain_state_coverage_v1,t5gemma,space,43,target_object,test_P,7,16,128,0.125,4
four_domain_state_coverage_v1,t5gemma,space,43,target_object,test_Q,0,20,128,0.15625,5
four_domain_state_coverage_v1,t5gemma,space,43,target_object,test_Q,1,16,128,0.125,4
four_domain_state_coverage_v1,t5gemma,space,43,target_object,test_Q,2,24,128,0.1875,6
four_domain_state_coverage_v1,t5gemma,space,43,target_object,test_Q,3,20,128,0.15625,5
four_domain_state_coverage_v1,t5gemma,space,43,target_object,test_Q,4,16,128,0.125,4
four_domain_state_coverage_v1,t5gemma,space,43,target_object,test_Q,5,12,128,0.09375,3
four_domain_state_coverage_v1,t5gemma,space,43,target_object,test_Q,6,4,128,0.03125,1
four_domain_state_coverage_v1,t5gemma,space,43,target_object,test_Q,7,16,128,0.125,4
four_domain_state_coverage_v1,t5gemma,space,43,target_object,test_U,0,20,128,0.15625,5
four_domain_state_coverage_v1,t5gemma,space,43,target_object,test_U,1,16,128,0.125,4
four_domain_state_coverage_v1,t5gemma,space,43,target_object,test_U,2,24,128,0.1875,6
four_domain_state_coverage_v1,t5gemma,space,43,target_object,test_U,3,20,128,0.15625,5
four_domain_state_coverage_v1,t5gemma,space,43,target_object,test_U,4,16,128,0.125,4
four_domain_state_coverage_v1,t5gemma,space,43,target_object,test_U,5,12,128,0.09375,3
four_domain_state_coverage_v1,t5gemma,space,43,target_object,test_U,6,4,128,0.03125,1
four_domain_state_coverage_v1,t5gemma,space,43,target_object,test_U,7,16,128,0.125,4
four_domain_state_coverage_v1,t5gemma,space,43,target_subject,train_P,0,28,96,0.2916666666666667,7
four_domain_state_coverage_v1,t5gemma,space,43,target_subject,train_P,1,8,96,0.08333333333333333,2
four_domain_state_coverage_v1,t5gemma,space,43,target_subject,train_P,2,12,96,0.125,3
four_domain_state_coverage_v1,t5gemma,space,43,target_subject,train_P,3,8,96,0.08333333333333333,2
four_domain_state_coverage_v1,t5gemma,space,43,target_subject,train_P,4,12,96,0.125,3
four_domain_state_coverage_v1,t5gemma,space,43,target_subject,train_P,5,12,96,0.125,3
four_domain_state_coverage_v1,t5gemma,space,43,target_subject,train_P,6,8,96,0.08333333333333333,2
four_domain_state_coverage_v1,t5gemma,space,43,target_subject,train_P,7,8,96,0.08333333333333333,2
four_domain_state_coverage_v1,t5gemma,space,43,target_subject,test_P,0,8,128,0.0625,2
four_domain_state_coverage_v1,t5gemma,space,43,target_subject,test_P,1,8,128,0.0625,2
four_domain_state_coverage_v1,t5gemma,space,43,target_subject,test_P,2,16,128,0.125,4
four_domain_state_coverage_v1,t5gemma,space,43,target_subject,test_P,3,12,128,0.09375,3
four_domain_state_coverage_v1,t5gemma,space,43,target_subject,test_P,4,28,128,0.21875,7
four_domain_state_coverage_v1,t5gemma,space,43,target_subject,test_P,5,8,128,0.0625,2
four_domain_state_coverage_v1,t5gemma,space,43,target_subject,test_P,6,36,128,0.28125,9
four_domain_state_coverage_v1,t5gemma,space,43,target_subject,test_P,7,12,128,0.09375,3
four_domain_state_coverage_v1,t5gemma,space,43,target_subject,test_Q,0,8,128,0.0625,2
four_domain_state_coverage_v1,t5gemma,space,43,target_subject,test_Q,1,8,128,0.0625,2
four_domain_state_coverage_v1,t5gemma,space,43,target_subject,test_Q,2,16,128,0.125,4
four_domain_state_coverage_v1,t5gemma,space,43,target_subject,test_Q,3,12,128,0.09375,3
four_domain_state_coverage_v1,t5gemma,space,43,target_subject,test_Q,4,28,128,0.21875,7
four_domain_state_coverage_v1,t5gemma,space,43,target_subject,test_Q,5,8,128,0.0625,2
four_domain_state_coverage_v1,t5gemma,space,43,target_subject,test_Q,6,36,128,0.28125,9
four_domain_state_coverage_v1,t5gemma,space,43,target_subject,test_Q,7,12,128,0.09375,3
four_domain_state_coverage_v1,t5gemma,space,43,target_subject,test_U,0,8,128,0.0625,2
four_domain_state_coverage_v1,t5gemma,space,43,target_subject,test_U,1,8,128,0.0625,2
four_domain_state_coverage_v1,t5gemma,space,43,target_subject,test_U,2,16,128,0.125,4
four_domain_state_coverage_v1,t5gemma,space,43,target_subject,test_U,3,12,128,0.09375,3
four_domain_state_coverage_v1,t5gemma,space,43,target_subject,test_U,4,28,128,0.21875,7
four_domain_state_coverage_v1,t5gemma,space,43,target_subject,test_U,5,8,128,0.0625,2
four_domain_state_coverage_v1,t5gemma,space,43,target_subject,test_U,6,36,128,0.28125,9
four_domain_state_coverage_v1,t5gemma,space,43,target_subject,test_U,7,12,128,0.09375,3
four_domain_state_coverage_v1,t5gemma,space,43,anchor_owner,train_P,0,28,96,0.2916666666666667,7
four_domain_state_coverage_v1,t5gemma,space,43,anchor_owner,train_P,1,8,96,0.08333333333333333,2
four_domain_state_coverage_v1,t5gemma,space,43,anchor_owner,train_P,2,12,96,0.125,3
four_domain_state_coverage_v1,t5gemma,space,43,anchor_owner,train_P,3,8,96,0.08333333333333333,2
four_domain_state_coverage_v1,t5gemma,space,43,anchor_owner,train_P,4,12,96,0.125,3
four_domain_state_coverage_v1,t5gemma,space,43,anchor_owner,train_P,5,12,96,0.125,3
four_domain_state_coverage_v1,t5gemma,space,43,anchor_owner,train_P,6,8,96,0.08333333333333333,2
four_domain_state_coverage_v1,t5gemma,space,43,anchor_owner,train_P,7,8,96,0.08333333333333333,2
four_domain_state_coverage_v1,t5gemma,space,43,anchor_owner,test_P,0,8,128,0.0625,2
four_domain_state_coverage_v1,t5gemma,space,43,anchor_owner,test_P,1,8,128,0.0625,2
four_domain_state_coverage_v1,t5gemma,space,43,anchor_owner,test_P,2,16,128,0.125,4
four_domain_state_coverage_v1,t5gemma,space,43,anchor_owner,test_P,3,12,128,0.09375,3
four_domain_state_coverage_v1,t5gemma,space,43,anchor_owner,test_P,4,28,128,0.21875,7
four_domain_state_coverage_v1,t5gemma,space,43,anchor_owner,test_P,5,8,128,0.0625,2
four_domain_state_coverage_v1,t5gemma,space,43,anchor_owner,test_P,6,36,128,0.28125,9
four_domain_state_coverage_v1,t5gemma,space,43,anchor_owner,test_P,7,12,128,0.09375,3
four_domain_state_coverage_v1,t5gemma,space,43,anchor_owner,test_Q,0,8,128,0.0625,2
four_domain_state_coverage_v1,t5gemma,space,43,anchor_owner,test_Q,1,8,128,0.0625,2
four_domain_state_coverage_v1,t5gemma,space,43,anchor_owner,test_Q,2,16,128,0.125,4
four_domain_state_coverage_v1,t5gemma,space,43,anchor_owner,test_Q,3,12,128,0.09375,3
four_domain_state_coverage_v1,t5gemma,space,43,anchor_owner,test_Q,4,28,128,0.21875,7
four_domain_state_coverage_v1,t5gemma,space,43,anchor_owner,test_Q,5,8,128,0.0625,2
four_domain_state_coverage_v1,t5gemma,space,43,anchor_owner,test_Q,6,36,128,0.28125,9
four_domain_state_coverage_v1,t5gemma,space,43,anchor_owner,test_Q,7,12,128,0.09375,3
four_domain_state_coverage_v1,t5gemma,space,43,anchor_owner,test_U,0,8,128,0.0625,2
four_domain_state_coverage_v1,t5gemma,space,43,anchor_owner,test_U,1,8,128,0.0625,2
four_domain_state_coverage_v1,t5gemma,space,43,anchor_owner,test_U,2,16,128,0.125,4
four_domain_state_coverage_v1,t5gemma,space,43,anchor_owner,test_U,3,12,128,0.09375,3
four_domain_state_coverage_v1,t5gemma,space,43,anchor_owner,test_U,4,28,128,0.21875,7
four_domain_state_coverage_v1,t5gemma,space,43,anchor_owner,test_U,5,8,128,0.0625,2
four_domain_state_coverage_v1,t5gemma,space,43,anchor_owner,test_U,6,36,128,0.28125,9
four_domain_state_coverage_v1,t5gemma,space,43,anchor_owner,test_U,7,12,128,0.09375,3
four_domain_state_coverage_v1,t5gemma,space,44,current_state,train_P,0,24,96,0.25,24
four_domain_state_coverage_v1,t5gemma,space,44,current_state,train_P,1,24,96,0.25,24
four_domain_state_coverage_v1,t5gemma,space,44,current_state,train_P,2,24,96,0.25,24
four_domain_state_coverage_v1,t5gemma,space,44,current_state,train_P,3,24,96,0.25,24
four_domain_state_coverage_v1,t5gemma,space,44,current_state,test_P,0,32,128,0.25,32
four_domain_state_coverage_v1,t5gemma,space,44,current_state,test_P,1,32,128,0.25,32
four_domain_state_coverage_v1,t5gemma,space,44,current_state,test_P,2,32,128,0.25,32
four_domain_state_coverage_v1,t5gemma,space,44,current_state,test_P,3,32,128,0.25,32
four_domain_state_coverage_v1,t5gemma,space,44,current_state,test_Q,0,32,128,0.25,32
four_domain_state_coverage_v1,t5gemma,space,44,current_state,test_Q,1,32,128,0.25,32
four_domain_state_coverage_v1,t5gemma,space,44,current_state,test_Q,2,32,128,0.25,32
four_domain_state_coverage_v1,t5gemma,space,44,current_state,test_Q,3,32,128,0.25,32
four_domain_state_coverage_v1,t5gemma,space,44,current_state,test_U,0,32,128,0.25,32
four_domain_state_coverage_v1,t5gemma,space,44,current_state,test_U,1,32,128,0.25,32
four_domain_state_coverage_v1,t5gemma,space,44,current_state,test_U,2,32,128,0.25,32
four_domain_state_coverage_v1,t5gemma,space,44,current_state,test_U,3,32,128,0.25,32
four_domain_state_coverage_v1,t5gemma,space,44,target_object,train_P,0,12,96,0.125,3
four_domain_state_coverage_v1,t5gemma,space,44,target_object,train_P,1,8,96,0.08333333333333333,2
four_domain_state_coverage_v1,t5gemma,space,44,target_object,train_P,2,8,96,0.08333333333333333,2
four_domain_state_coverage_v1,t5gemma,space,44,target_object,train_P,3,16,96,0.16666666666666666,4
four_domain_state_coverage_v1,t5gemma,space,44,target_object,train_P,4,4,96,0.041666666666666664,1
four_domain_state_coverage_v1,t5gemma,space,44,target_object,train_P,5,28,96,0.2916666666666667,7
four_domain_state_coverage_v1,t5gemma,space,44,target_object,train_P,6,16,96,0.16666666666666666,4
four_domain_state_coverage_v1,t5gemma,space,44,target_object,train_P,7,4,96,0.041666666666666664,1
four_domain_state_coverage_v1,t5gemma,space,44,target_object,test_P,0,20,128,0.15625,5
four_domain_state_coverage_v1,t5gemma,space,44,target_object,test_P,1,16,128,0.125,4
four_domain_state_coverage_v1,t5gemma,space,44,target_object,test_P,2,24,128,0.1875,6
four_domain_state_coverage_v1,t5gemma,space,44,target_object,test_P,3,20,128,0.15625,5
four_domain_state_coverage_v1,t5gemma,space,44,target_object,test_P,4,16,128,0.125,4
four_domain_state_coverage_v1,t5gemma,space,44,target_object,test_P,5,12,128,0.09375,3
four_domain_state_coverage_v1,t5gemma,space,44,target_object,test_P,6,4,128,0.03125,1
four_domain_state_coverage_v1,t5gemma,space,44,target_object,test_P,7,16,128,0.125,4
four_domain_state_coverage_v1,t5gemma,space,44,target_object,test_Q,0,20,128,0.15625,5
four_domain_state_coverage_v1,t5gemma,space,44,target_object,test_Q,1,16,128,0.125,4
four_domain_state_coverage_v1,t5gemma,space,44,target_object,test_Q,2,24,128,0.1875,6
four_domain_state_coverage_v1,t5gemma,space,44,target_object,test_Q,3,20,128,0.15625,5
four_domain_state_coverage_v1,t5gemma,space,44,target_object,test_Q,4,16,128,0.125,4
four_domain_state_coverage_v1,t5gemma,space,44,target_object,test_Q,5,12,128,0.09375,3
four_domain_state_coverage_v1,t5gemma,space,44,target_object,test_Q,6,4,128,0.03125,1
four_domain_state_coverage_v1,t5gemma,space,44,target_object,test_Q,7,16,128,0.125,4
four_domain_state_coverage_v1,t5gemma,space,44,target_object,test_U,0,20,128,0.15625,5
four_domain_state_coverage_v1,t5gemma,space,44,target_object,test_U,1,16,128,0.125,4
four_domain_state_coverage_v1,t5gemma,space,44,target_object,test_U,2,24,128,0.1875,6
four_domain_state_coverage_v1,t5gemma,space,44,target_object,test_U,3,20,128,0.15625,5
four_domain_state_coverage_v1,t5gemma,space,44,target_object,test_U,4,16,128,0.125,4
four_domain_state_coverage_v1,t5gemma,space,44,target_object,test_U,5,12,128,0.09375,3
four_domain_state_coverage_v1,t5gemma,space,44,target_object,test_U,6,4,128,0.03125,1
four_domain_state_coverage_v1,t5gemma,space,44,target_object,test_U,7,16,128,0.125,4
four_domain_state_coverage_v1,t5gemma,space,44,target_subject,train_P,0,28,96,0.2916666666666667,7
four_domain_state_coverage_v1,t5gemma,space,44,target_subject,train_P,1,8,96,0.08333333333333333,2
four_domain_state_coverage_v1,t5gemma,space,44,target_subject,train_P,2,12,96,0.125,3
four_domain_state_coverage_v1,t5gemma,space,44,target_subject,train_P,3,8,96,0.08333333333333333,2
four_domain_state_coverage_v1,t5gemma,space,44,target_subject,train_P,4,12,96,0.125,3
four_domain_state_coverage_v1,t5gemma,space,44,target_subject,train_P,5,12,96,0.125,3
four_domain_state_coverage_v1,t5gemma,space,44,target_subject,train_P,6,8,96,0.08333333333333333,2
four_domain_state_coverage_v1,t5gemma,space,44,target_subject,train_P,7,8,96,0.08333333333333333,2
four_domain_state_coverage_v1,t5gemma,space,44,target_subject,test_P,0,8,128,0.0625,2
four_domain_state_coverage_v1,t5gemma,space,44,target_subject,test_P,1,8,128,0.0625,2
four_domain_state_coverage_v1,t5gemma,space,44,target_subject,test_P,2,16,128,0.125,4
four_domain_state_coverage_v1,t5gemma,space,44,target_subject,test_P,3,12,128,0.09375,3
four_domain_state_coverage_v1,t5gemma,space,44,target_subject,test_P,4,28,128,0.21875,7
four_domain_state_coverage_v1,t5gemma,space,44,target_subject,test_P,5,8,128,0.0625,2
four_domain_state_coverage_v1,t5gemma,space,44,target_subject,test_P,6,36,128,0.28125,9
four_domain_state_coverage_v1,t5gemma,space,44,target_subject,test_P,7,12,128,0.09375,3
four_domain_state_coverage_v1,t5gemma,space,44,target_subject,test_Q,0,8,128,0.0625,2
four_domain_state_coverage_v1,t5gemma,space,44,target_subject,test_Q,1,8,128,0.0625,2
four_domain_state_coverage_v1,t5gemma,space,44,target_subject,test_Q,2,16,128,0.125,4
four_domain_state_coverage_v1,t5gemma,space,44,target_subject,test_Q,3,12,128,0.09375,3
four_domain_state_coverage_v1,t5gemma,space,44,target_subject,test_Q,4,28,128,0.21875,7
four_domain_state_coverage_v1,t5gemma,space,44,target_subject,test_Q,5,8,128,0.0625,2
four_domain_state_coverage_v1,t5gemma,space,44,target_subject,test_Q,6,36,128,0.28125,9
four_domain_state_coverage_v1,t5gemma,space,44,target_subject,test_Q,7,12,128,0.09375,3
four_domain_state_coverage_v1,t5gemma,space,44,target_subject,test_U,0,8,128,0.0625,2
four_domain_state_coverage_v1,t5gemma,space,44,target_subject,test_U,1,8,128,0.0625,2
four_domain_state_coverage_v1,t5gemma,space,44,target_subject,test_U,2,16,128,0.125,4
four_domain_state_coverage_v1,t5gemma,space,44,target_subject,test_U,3,12,128,0.09375,3
four_domain_state_coverage_v1,t5gemma,space,44,target_subject,test_U,4,28,128,0.21875,7
four_domain_state_coverage_v1,t5gemma,space,44,target_subject,test_U,5,8,128,0.0625,2
four_domain_state_coverage_v1,t5gemma,space,44,target_subject,test_U,6,36,128,0.28125,9
four_domain_state_coverage_v1,t5gemma,space,44,target_subject,test_U,7,12,128,0.09375,3
four_domain_state_coverage_v1,t5gemma,space,44,anchor_owner,train_P,0,28,96,0.2916666666666667,7
four_domain_state_coverage_v1,t5gemma,space,44,anchor_owner,train_P,1,8,96,0.08333333333333333,2
four_domain_state_coverage_v1,t5gemma,space,44,anchor_owner,train_P,2,12,96,0.125,3
four_domain_state_coverage_v1,t5gemma,space,44,anchor_owner,train_P,3,8,96,0.08333333333333333,2
four_domain_state_coverage_v1,t5gemma,space,44,anchor_owner,train_P,4,12,96,0.125,3
four_domain_state_coverage_v1,t5gemma,space,44,anchor_owner,train_P,5,12,96,0.125,3
four_domain_state_coverage_v1,t5gemma,space,44,anchor_owner,train_P,6,8,96,0.08333333333333333,2
four_domain_state_coverage_v1,t5gemma,space,44,anchor_owner,train_P,7,8,96,0.08333333333333333,2
four_domain_state_coverage_v1,t5gemma,space,44,anchor_owner,test_P,0,8,128,0.0625,2
four_domain_state_coverage_v1,t5gemma,space,44,anchor_owner,test_P,1,8,128,0.0625,2
four_domain_state_coverage_v1,t5gemma,space,44,anchor_owner,test_P,2,16,128,0.125,4
four_domain_state_coverage_v1,t5gemma,space,44,anchor_owner,test_P,3,12,128,0.09375,3
four_domain_state_coverage_v1,t5gemma,space,44,anchor_owner,test_P,4,28,128,0.21875,7
four_domain_state_coverage_v1,t5gemma,space,44,anchor_owner,test_P,5,8,128,0.0625,2
four_domain_state_coverage_v1,t5gemma,space,44,anchor_owner,test_P,6,36,128,0.28125,9
four_domain_state_coverage_v1,t5gemma,space,44,anchor_owner,test_P,7,12,128,0.09375,3
four_domain_state_coverage_v1,t5gemma,space,44,anchor_owner,test_Q,0,8,128,0.0625,2
four_domain_state_coverage_v1,t5gemma,space,44,anchor_owner,test_Q,1,8,128,0.0625,2
four_domain_state_coverage_v1,t5gemma,space,44,anchor_owner,test_Q,2,16,128,0.125,4
four_domain_state_coverage_v1,t5gemma,space,44,anchor_owner,test_Q,3,12,128,0.09375,3
four_domain_state_coverage_v1,t5gemma,space,44,anchor_owner,test_Q,4,28,128,0.21875,7
four_domain_state_coverage_v1,t5gemma,space,44,anchor_owner,test_Q,5,8,128,0.0625,2
four_domain_state_coverage_v1,t5gemma,space,44,anchor_owner,test_Q,6,36,128,0.28125,9
four_domain_state_coverage_v1,t5gemma,space,44,anchor_owner,test_Q,7,12,128,0.09375,3
four_domain_state_coverage_v1,t5gemma,space,44,anchor_owner,test_U,0,8,128,0.0625,2
four_domain_state_coverage_v1,t5gemma,space,44,anchor_owner,test_U,1,8,128,0.0625,2
four_domain_state_coverage_v1,t5gemma,space,44,anchor_owner,test_U,2,16,128,0.125,4
four_domain_state_coverage_v1,t5gemma,space,44,anchor_owner,test_U,3,12,128,0.09375,3
four_domain_state_coverage_v1,t5gemma,space,44,anchor_owner,test_U,4,28,128,0.21875,7
four_domain_state_coverage_v1,t5gemma,space,44,anchor_owner,test_U,5,8,128,0.0625,2
four_domain_state_coverage_v1,t5gemma,space,44,anchor_owner,test_U,6,36,128,0.28125,9
four_domain_state_coverage_v1,t5gemma,space,44,anchor_owner,test_U,7,12,128,0.09375,3
four_domain_state_coverage_v1,t5gemma,emotion,42,current_state,train_P,0,24,120,0.2,24
four_domain_state_coverage_v1,t5gemma,emotion,42,current_state,train_P,1,24,120,0.2,24
four_domain_state_coverage_v1,t5gemma,emotion,42,current_state,train_P,2,24,120,0.2,24
four_domain_state_coverage_v1,t5gemma,emotion,42,current_state,train_P,3,24,120,0.2,24
four_domain_state_coverage_v1,t5gemma,emotion,42,current_state,train_P,4,24,120,0.2,24
four_domain_state_coverage_v1,t5gemma,emotion,42,current_state,test_P,0,32,160,0.2,32
four_domain_state_coverage_v1,t5gemma,emotion,42,current_state,test_P,1,32,160,0.2,32
four_domain_state_coverage_v1,t5gemma,emotion,42,current_state,test_P,2,32,160,0.2,32
four_domain_state_coverage_v1,t5gemma,emotion,42,current_state,test_P,3,32,160,0.2,32
four_domain_state_coverage_v1,t5gemma,emotion,42,current_state,test_P,4,32,160,0.2,32
four_domain_state_coverage_v1,t5gemma,emotion,42,current_state,test_Q,0,32,160,0.2,32
four_domain_state_coverage_v1,t5gemma,emotion,42,current_state,test_Q,1,32,160,0.2,32
four_domain_state_coverage_v1,t5gemma,emotion,42,current_state,test_Q,2,32,160,0.2,32
four_domain_state_coverage_v1,t5gemma,emotion,42,current_state,test_Q,3,32,160,0.2,32
four_domain_state_coverage_v1,t5gemma,emotion,42,current_state,test_Q,4,32,160,0.2,32
four_domain_state_coverage_v1,t5gemma,emotion,42,current_state,test_U,0,32,160,0.2,32
four_domain_state_coverage_v1,t5gemma,emotion,42,current_state,test_U,1,32,160,0.2,32
four_domain_state_coverage_v1,t5gemma,emotion,42,current_state,test_U,2,32,160,0.2,32
four_domain_state_coverage_v1,t5gemma,emotion,42,current_state,test_U,3,32,160,0.2,32
four_domain_state_coverage_v1,t5gemma,emotion,42,current_state,test_U,4,32,160,0.2,32
four_domain_state_coverage_v1,t5gemma,emotion,42,target_object,train_P,0,25,120,0.20833333333333334,5
four_domain_state_coverage_v1,t5gemma,emotion,42,target_object,train_P,1,0,120,0.0,0
four_domain_state_coverage_v1,t5gemma,emotion,42,target_object,train_P,2,15,120,0.125,3
four_domain_state_coverage_v1,t5gemma,emotion,42,target_object,train_P,3,20,120,0.16666666666666666,4
four_domain_state_coverage_v1,t5gemma,emotion,42,target_object,train_P,4,35,120,0.2916666666666667,7
four_domain_state_coverage_v1,t5gemma,emotion,42,target_object,train_P,5,0,120,0.0,0
four_domain_state_coverage_v1,t5gemma,emotion,42,target_object,train_P,6,5,120,0.041666666666666664,1
four_domain_state_coverage_v1,t5gemma,emotion,42,target_object,train_P,7,20,120,0.16666666666666666,4
four_domain_state_coverage_v1,t5gemma,emotion,42,target_object,test_P,0,10,160,0.0625,2
four_domain_state_coverage_v1,t5gemma,emotion,42,target_object,test_P,1,30,160,0.1875,6
four_domain_state_coverage_v1,t5gemma,emotion,42,target_object,test_P,2,20,160,0.125,4
four_domain_state_coverage_v1,t5gemma,emotion,42,target_object,test_P,3,25,160,0.15625,5
four_domain_state_coverage_v1,t5gemma,emotion,42,target_object,test_P,4,10,160,0.0625,2
four_domain_state_coverage_v1,t5gemma,emotion,42,target_object,test_P,5,40,160,0.25,8
four_domain_state_coverage_v1,t5gemma,emotion,42,target_object,test_P,6,10,160,0.0625,2
four_domain_state_coverage_v1,t5gemma,emotion,42,target_object,test_P,7,15,160,0.09375,3
four_domain_state_coverage_v1,t5gemma,emotion,42,target_object,test_Q,0,10,160,0.0625,2
four_domain_state_coverage_v1,t5gemma,emotion,42,target_object,test_Q,1,30,160,0.1875,6
four_domain_state_coverage_v1,t5gemma,emotion,42,target_object,test_Q,2,20,160,0.125,4
four_domain_state_coverage_v1,t5gemma,emotion,42,target_object,test_Q,3,25,160,0.15625,5
four_domain_state_coverage_v1,t5gemma,emotion,42,target_object,test_Q,4,10,160,0.0625,2
four_domain_state_coverage_v1,t5gemma,emotion,42,target_object,test_Q,5,40,160,0.25,8
four_domain_state_coverage_v1,t5gemma,emotion,42,target_object,test_Q,6,10,160,0.0625,2
four_domain_state_coverage_v1,t5gemma,emotion,42,target_object,test_Q,7,15,160,0.09375,3
four_domain_state_coverage_v1,t5gemma,emotion,42,target_object,test_U,0,10,160,0.0625,2
four_domain_state_coverage_v1,t5gemma,emotion,42,target_object,test_U,1,30,160,0.1875,6
four_domain_state_coverage_v1,t5gemma,emotion,42,target_object,test_U,2,20,160,0.125,4
four_domain_state_coverage_v1,t5gemma,emotion,42,target_object,test_U,3,25,160,0.15625,5
four_domain_state_coverage_v1,t5gemma,emotion,42,target_object,test_U,4,10,160,0.0625,2
four_domain_state_coverage_v1,t5gemma,emotion,42,target_object,test_U,5,40,160,0.25,8
four_domain_state_coverage_v1,t5gemma,emotion,42,target_object,test_U,6,10,160,0.0625,2
four_domain_state_coverage_v1,t5gemma,emotion,42,target_object,test_U,7,15,160,0.09375,3
four_domain_state_coverage_v1,t5gemma,emotion,42,target_subject,train_P,0,20,120,0.16666666666666666,4
four_domain_state_coverage_v1,t5gemma,emotion,42,target_subject,train_P,1,20,120,0.16666666666666666,4
four_domain_state_coverage_v1,t5gemma,emotion,42,target_subject,train_P,2,5,120,0.041666666666666664,1
four_domain_state_coverage_v1,t5gemma,emotion,42,target_subject,train_P,3,5,120,0.041666666666666664,1
four_domain_state_coverage_v1,t5gemma,emotion,42,target_subject,train_P,4,15,120,0.125,3
four_domain_state_coverage_v1,t5gemma,emotion,42,target_subject,train_P,5,15,120,0.125,3
four_domain_state_coverage_v1,t5gemma,emotion,42,target_subject,train_P,6,25,120,0.20833333333333334,5
four_domain_state_coverage_v1,t5gemma,emotion,42,target_subject,train_P,7,15,120,0.125,3
four_domain_state_coverage_v1,t5gemma,emotion,42,target_subject,test_P,0,35,160,0.21875,7
four_domain_state_coverage_v1,t5gemma,emotion,42,target_subject,test_P,1,25,160,0.15625,5
four_domain_state_coverage_v1,t5gemma,emotion,42,target_subject,test_P,2,10,160,0.0625,2
four_domain_state_coverage_v1,t5gemma,emotion,42,target_subject,test_P,3,20,160,0.125,4
four_domain_state_coverage_v1,t5gemma,emotion,42,target_subject,test_P,4,10,160,0.0625,2
four_domain_state_coverage_v1,t5gemma,emotion,42,target_subject,test_P,5,10,160,0.0625,2
four_domain_state_coverage_v1,t5gemma,emotion,42,target_subject,test_P,6,15,160,0.09375,3
four_domain_state_coverage_v1,t5gemma,emotion,42,target_subject,test_P,7,35,160,0.21875,7
four_domain_state_coverage_v1,t5gemma,emotion,42,target_subject,test_Q,0,35,160,0.21875,7
four_domain_state_coverage_v1,t5gemma,emotion,42,target_subject,test_Q,1,25,160,0.15625,5
four_domain_state_coverage_v1,t5gemma,emotion,42,target_subject,test_Q,2,10,160,0.0625,2
four_domain_state_coverage_v1,t5gemma,emotion,42,target_subject,test_Q,3,20,160,0.125,4
four_domain_state_coverage_v1,t5gemma,emotion,42,target_subject,test_Q,4,10,160,0.0625,2
four_domain_state_coverage_v1,t5gemma,emotion,42,target_subject,test_Q,5,10,160,0.0625,2
four_domain_state_coverage_v1,t5gemma,emotion,42,target_subject,test_Q,6,15,160,0.09375,3
four_domain_state_coverage_v1,t5gemma,emotion,42,target_subject,test_Q,7,35,160,0.21875,7
four_domain_state_coverage_v1,t5gemma,emotion,42,target_subject,test_U,0,35,160,0.21875,7
four_domain_state_coverage_v1,t5gemma,emotion,42,target_subject,test_U,1,25,160,0.15625,5
four_domain_state_coverage_v1,t5gemma,emotion,42,target_subject,test_U,2,10,160,0.0625,2
four_domain_state_coverage_v1,t5gemma,emotion,42,target_subject,test_U,3,20,160,0.125,4
four_domain_state_coverage_v1,t5gemma,emotion,42,target_subject,test_U,4,10,160,0.0625,2
four_domain_state_coverage_v1,t5gemma,emotion,42,target_subject,test_U,5,10,160,0.0625,2
four_domain_state_coverage_v1,t5gemma,emotion,42,target_subject,test_U,6,15,160,0.09375,3
four_domain_state_coverage_v1,t5gemma,emotion,42,target_subject,test_U,7,35,160,0.21875,7
four_domain_state_coverage_v1,t5gemma,emotion,42,scope_owner,train_P,0,20,120,0.16666666666666666,4
four_domain_state_coverage_v1,t5gemma,emotion,42,scope_owner,train_P,1,20,120,0.16666666666666666,4
four_domain_state_coverage_v1,t5gemma,emotion,42,scope_owner,train_P,2,5,120,0.041666666666666664,1
four_domain_state_coverage_v1,t5gemma,emotion,42,scope_owner,train_P,3,5,120,0.041666666666666664,1
four_domain_state_coverage_v1,t5gemma,emotion,42,scope_owner,train_P,4,15,120,0.125,3
four_domain_state_coverage_v1,t5gemma,emotion,42,scope_owner,train_P,5,15,120,0.125,3
four_domain_state_coverage_v1,t5gemma,emotion,42,scope_owner,train_P,6,25,120,0.20833333333333334,5
four_domain_state_coverage_v1,t5gemma,emotion,42,scope_owner,train_P,7,15,120,0.125,3
four_domain_state_coverage_v1,t5gemma,emotion,42,scope_owner,test_P,0,35,160,0.21875,7
four_domain_state_coverage_v1,t5gemma,emotion,42,scope_owner,test_P,1,25,160,0.15625,5
four_domain_state_coverage_v1,t5gemma,emotion,42,scope_owner,test_P,2,10,160,0.0625,2
four_domain_state_coverage_v1,t5gemma,emotion,42,scope_owner,test_P,3,20,160,0.125,4
four_domain_state_coverage_v1,t5gemma,emotion,42,scope_owner,test_P,4,10,160,0.0625,2
four_domain_state_coverage_v1,t5gemma,emotion,42,scope_owner,test_P,5,10,160,0.0625,2
four_domain_state_coverage_v1,t5gemma,emotion,42,scope_owner,test_P,6,15,160,0.09375,3
four_domain_state_coverage_v1,t5gemma,emotion,42,scope_owner,test_P,7,35,160,0.21875,7
four_domain_state_coverage_v1,t5gemma,emotion,42,scope_owner,test_Q,0,35,160,0.21875,7
four_domain_state_coverage_v1,t5gemma,emotion,42,scope_owner,test_Q,1,25,160,0.15625,5
four_domain_state_coverage_v1,t5gemma,emotion,42,scope_owner,test_Q,2,10,160,0.0625,2
four_domain_state_coverage_v1,t5gemma,emotion,42,scope_owner,test_Q,3,20,160,0.125,4
four_domain_state_coverage_v1,t5gemma,emotion,42,scope_owner,test_Q,4,10,160,0.0625,2
four_domain_state_coverage_v1,t5gemma,emotion,42,scope_owner,test_Q,5,10,160,0.0625,2
four_domain_state_coverage_v1,t5gemma,emotion,42,scope_owner,test_Q,6,15,160,0.09375,3
four_domain_state_coverage_v1,t5gemma,emotion,42,scope_owner,test_Q,7,35,160,0.21875,7
four_domain_state_coverage_v1,t5gemma,emotion,42,scope_owner,test_U,0,35,160,0.21875,7
four_domain_state_coverage_v1,t5gemma,emotion,42,scope_owner,test_U,1,25,160,0.15625,5
four_domain_state_coverage_v1,t5gemma,emotion,42,scope_owner,test_U,2,10,160,0.0625,2
four_domain_state_coverage_v1,t5gemma,emotion,42,scope_owner,test_U,3,20,160,0.125,4
four_domain_state_coverage_v1,t5gemma,emotion,42,scope_owner,test_U,4,10,160,0.0625,2
four_domain_state_coverage_v1,t5gemma,emotion,42,scope_owner,test_U,5,10,160,0.0625,2
four_domain_state_coverage_v1,t5gemma,emotion,42,scope_owner,test_U,6,15,160,0.09375,3
four_domain_state_coverage_v1,t5gemma,emotion,42,scope_owner,test_U,7,35,160,0.21875,7
four_domain_state_coverage_v1,t5gemma,emotion,42,non_target_subject,train_P,0,20,120,0.16666666666666666,4
four_domain_state_coverage_v1,t5gemma,emotion,42,non_target_subject,train_P,1,10,120,0.08333333333333333,2
four_domain_state_coverage_v1,t5gemma,emotion,42,non_target_subject,train_P,2,20,120,0.16666666666666666,4
four_domain_state_coverage_v1,t5gemma,emotion,42,non_target_subject,train_P,3,45,120,0.375,9
four_domain_state_coverage_v1,t5gemma,emotion,42,non_target_subject,train_P,4,0,120,0.0,0
four_domain_state_coverage_v1,t5gemma,emotion,42,non_target_subject,train_P,5,10,120,0.08333333333333333,2
four_domain_state_coverage_v1,t5gemma,emotion,42,non_target_subject,train_P,6,5,120,0.041666666666666664,1
four_domain_state_coverage_v1,t5gemma,emotion,42,non_target_subject,train_P,7,10,120,0.08333333333333333,2
four_domain_state_coverage_v1,t5gemma,emotion,42,non_target_subject,test_P,0,25,160,0.15625,5
four_domain_state_coverage_v1,t5gemma,emotion,42,non_target_subject,test_P,1,20,160,0.125,4
four_domain_state_coverage_v1,t5gemma,emotion,42,non_target_subject,test_P,2,25,160,0.15625,5
four_domain_state_coverage_v1,t5gemma,emotion,42,non_target_subject,test_P,3,20,160,0.125,4
four_domain_state_coverage_v1,t5gemma,emotion,42,non_target_subject,test_P,4,5,160,0.03125,1
four_domain_state_coverage_v1,t5gemma,emotion,42,non_target_subject,test_P,5,20,160,0.125,4
four_domain_state_coverage_v1,t5gemma,emotion,42,non_target_subject,test_P,6,15,160,0.09375,3
four_domain_state_coverage_v1,t5gemma,emotion,42,non_target_subject,test_P,7,30,160,0.1875,6
four_domain_state_coverage_v1,t5gemma,emotion,42,non_target_subject,test_Q,0,25,160,0.15625,5
four_domain_state_coverage_v1,t5gemma,emotion,42,non_target_subject,test_Q,1,20,160,0.125,4
four_domain_state_coverage_v1,t5gemma,emotion,42,non_target_subject,test_Q,2,25,160,0.15625,5
four_domain_state_coverage_v1,t5gemma,emotion,42,non_target_subject,test_Q,3,20,160,0.125,4
four_domain_state_coverage_v1,t5gemma,emotion,42,non_target_subject,test_Q,4,5,160,0.03125,1
four_domain_state_coverage_v1,t5gemma,emotion,42,non_target_subject,test_Q,5,20,160,0.125,4
four_domain_state_coverage_v1,t5gemma,emotion,42,non_target_subject,test_Q,6,15,160,0.09375,3
four_domain_state_coverage_v1,t5gemma,emotion,42,non_target_subject,test_Q,7,30,160,0.1875,6
four_domain_state_coverage_v1,t5gemma,emotion,42,non_target_subject,test_U,0,25,160,0.15625,5
four_domain_state_coverage_v1,t5gemma,emotion,42,non_target_subject,test_U,1,20,160,0.125,4
four_domain_state_coverage_v1,t5gemma,emotion,42,non_target_subject,test_U,2,25,160,0.15625,5
four_domain_state_coverage_v1,t5gemma,emotion,42,non_target_subject,test_U,3,20,160,0.125,4
four_domain_state_coverage_v1,t5gemma,emotion,42,non_target_subject,test_U,4,5,160,0.03125,1
four_domain_state_coverage_v1,t5gemma,emotion,42,non_target_subject,test_U,5,20,160,0.125,4
four_domain_state_coverage_v1,t5gemma,emotion,42,non_target_subject,test_U,6,15,160,0.09375,3
four_domain_state_coverage_v1,t5gemma,emotion,42,non_target_subject,test_U,7,30,160,0.1875,6
four_domain_state_coverage_v1,t5gemma,emotion,43,current_state,train_P,0,24,120,0.2,24
four_domain_state_coverage_v1,t5gemma,emotion,43,current_state,train_P,1,24,120,0.2,24
four_domain_state_coverage_v1,t5gemma,emotion,43,current_state,train_P,2,24,120,0.2,24
four_domain_state_coverage_v1,t5gemma,emotion,43,current_state,train_P,3,24,120,0.2,24
four_domain_state_coverage_v1,t5gemma,emotion,43,current_state,train_P,4,24,120,0.2,24
four_domain_state_coverage_v1,t5gemma,emotion,43,current_state,test_P,0,32,160,0.2,32
four_domain_state_coverage_v1,t5gemma,emotion,43,current_state,test_P,1,32,160,0.2,32
four_domain_state_coverage_v1,t5gemma,emotion,43,current_state,test_P,2,32,160,0.2,32
four_domain_state_coverage_v1,t5gemma,emotion,43,current_state,test_P,3,32,160,0.2,32
four_domain_state_coverage_v1,t5gemma,emotion,43,current_state,test_P,4,32,160,0.2,32
four_domain_state_coverage_v1,t5gemma,emotion,43,current_state,test_Q,0,32,160,0.2,32
four_domain_state_coverage_v1,t5gemma,emotion,43,current_state,test_Q,1,32,160,0.2,32
four_domain_state_coverage_v1,t5gemma,emotion,43,current_state,test_Q,2,32,160,0.2,32
four_domain_state_coverage_v1,t5gemma,emotion,43,current_state,test_Q,3,32,160,0.2,32
four_domain_state_coverage_v1,t5gemma,emotion,43,current_state,test_Q,4,32,160,0.2,32
four_domain_state_coverage_v1,t5gemma,emotion,43,current_state,test_U,0,32,160,0.2,32
four_domain_state_coverage_v1,t5gemma,emotion,43,current_state,test_U,1,32,160,0.2,32
four_domain_state_coverage_v1,t5gemma,emotion,43,current_state,test_U,2,32,160,0.2,32
four_domain_state_coverage_v1,t5gemma,emotion,43,current_state,test_U,3,32,160,0.2,32
four_domain_state_coverage_v1,t5gemma,emotion,43,current_state,test_U,4,32,160,0.2,32
four_domain_state_coverage_v1,t5gemma,emotion,43,target_object,train_P,0,25,120,0.20833333333333334,5
four_domain_state_coverage_v1,t5gemma,emotion,43,target_object,train_P,1,0,120,0.0,0
four_domain_state_coverage_v1,t5gemma,emotion,43,target_object,train_P,2,15,120,0.125,3
four_domain_state_coverage_v1,t5gemma,emotion,43,target_object,train_P,3,20,120,0.16666666666666666,4
four_domain_state_coverage_v1,t5gemma,emotion,43,target_object,train_P,4,35,120,0.2916666666666667,7
four_domain_state_coverage_v1,t5gemma,emotion,43,target_object,train_P,5,0,120,0.0,0
four_domain_state_coverage_v1,t5gemma,emotion,43,target_object,train_P,6,5,120,0.041666666666666664,1
four_domain_state_coverage_v1,t5gemma,emotion,43,target_object,train_P,7,20,120,0.16666666666666666,4
four_domain_state_coverage_v1,t5gemma,emotion,43,target_object,test_P,0,10,160,0.0625,2
four_domain_state_coverage_v1,t5gemma,emotion,43,target_object,test_P,1,30,160,0.1875,6
four_domain_state_coverage_v1,t5gemma,emotion,43,target_object,test_P,2,20,160,0.125,4
four_domain_state_coverage_v1,t5gemma,emotion,43,target_object,test_P,3,25,160,0.15625,5
four_domain_state_coverage_v1,t5gemma,emotion,43,target_object,test_P,4,10,160,0.0625,2
four_domain_state_coverage_v1,t5gemma,emotion,43,target_object,test_P,5,40,160,0.25,8
four_domain_state_coverage_v1,t5gemma,emotion,43,target_object,test_P,6,10,160,0.0625,2
four_domain_state_coverage_v1,t5gemma,emotion,43,target_object,test_P,7,15,160,0.09375,3
four_domain_state_coverage_v1,t5gemma,emotion,43,target_object,test_Q,0,10,160,0.0625,2
four_domain_state_coverage_v1,t5gemma,emotion,43,target_object,test_Q,1,30,160,0.1875,6
four_domain_state_coverage_v1,t5gemma,emotion,43,target_object,test_Q,2,20,160,0.125,4
four_domain_state_coverage_v1,t5gemma,emotion,43,target_object,test_Q,3,25,160,0.15625,5
four_domain_state_coverage_v1,t5gemma,emotion,43,target_object,test_Q,4,10,160,0.0625,2
four_domain_state_coverage_v1,t5gemma,emotion,43,target_object,test_Q,5,40,160,0.25,8
four_domain_state_coverage_v1,t5gemma,emotion,43,target_object,test_Q,6,10,160,0.0625,2
four_domain_state_coverage_v1,t5gemma,emotion,43,target_object,test_Q,7,15,160,0.09375,3
four_domain_state_coverage_v1,t5gemma,emotion,43,target_object,test_U,0,10,160,0.0625,2
four_domain_state_coverage_v1,t5gemma,emotion,43,target_object,test_U,1,30,160,0.1875,6
four_domain_state_coverage_v1,t5gemma,emotion,43,target_object,test_U,2,20,160,0.125,4
four_domain_state_coverage_v1,t5gemma,emotion,43,target_object,test_U,3,25,160,0.15625,5
four_domain_state_coverage_v1,t5gemma,emotion,43,target_object,test_U,4,10,160,0.0625,2
four_domain_state_coverage_v1,t5gemma,emotion,43,target_object,test_U,5,40,160,0.25,8
four_domain_state_coverage_v1,t5gemma,emotion,43,target_object,test_U,6,10,160,0.0625,2
four_domain_state_coverage_v1,t5gemma,emotion,43,target_object,test_U,7,15,160,0.09375,3
four_domain_state_coverage_v1,t5gemma,emotion,43,target_subject,train_P,0,20,120,0.16666666666666666,4
four_domain_state_coverage_v1,t5gemma,emotion,43,target_subject,train_P,1,20,120,0.16666666666666666,4
four_domain_state_coverage_v1,t5gemma,emotion,43,target_subject,train_P,2,5,120,0.041666666666666664,1
four_domain_state_coverage_v1,t5gemma,emotion,43,target_subject,train_P,3,5,120,0.041666666666666664,1
four_domain_state_coverage_v1,t5gemma,emotion,43,target_subject,train_P,4,15,120,0.125,3
four_domain_state_coverage_v1,t5gemma,emotion,43,target_subject,train_P,5,15,120,0.125,3
four_domain_state_coverage_v1,t5gemma,emotion,43,target_subject,train_P,6,25,120,0.20833333333333334,5
four_domain_state_coverage_v1,t5gemma,emotion,43,target_subject,train_P,7,15,120,0.125,3
four_domain_state_coverage_v1,t5gemma,emotion,43,target_subject,test_P,0,35,160,0.21875,7
four_domain_state_coverage_v1,t5gemma,emotion,43,target_subject,test_P,1,25,160,0.15625,5
four_domain_state_coverage_v1,t5gemma,emotion,43,target_subject,test_P,2,10,160,0.0625,2
four_domain_state_coverage_v1,t5gemma,emotion,43,target_subject,test_P,3,20,160,0.125,4
four_domain_state_coverage_v1,t5gemma,emotion,43,target_subject,test_P,4,10,160,0.0625,2
four_domain_state_coverage_v1,t5gemma,emotion,43,target_subject,test_P,5,10,160,0.0625,2
four_domain_state_coverage_v1,t5gemma,emotion,43,target_subject,test_P,6,15,160,0.09375,3
four_domain_state_coverage_v1,t5gemma,emotion,43,target_subject,test_P,7,35,160,0.21875,7
four_domain_state_coverage_v1,t5gemma,emotion,43,target_subject,test_Q,0,35,160,0.21875,7
four_domain_state_coverage_v1,t5gemma,emotion,43,target_subject,test_Q,1,25,160,0.15625,5
four_domain_state_coverage_v1,t5gemma,emotion,43,target_subject,test_Q,2,10,160,0.0625,2
four_domain_state_coverage_v1,t5gemma,emotion,43,target_subject,test_Q,3,20,160,0.125,4
four_domain_state_coverage_v1,t5gemma,emotion,43,target_subject,test_Q,4,10,160,0.0625,2
four_domain_state_coverage_v1,t5gemma,emotion,43,target_subject,test_Q,5,10,160,0.0625,2
four_domain_state_coverage_v1,t5gemma,emotion,43,target_subject,test_Q,6,15,160,0.09375,3
four_domain_state_coverage_v1,t5gemma,emotion,43,target_subject,test_Q,7,35,160,0.21875,7
four_domain_state_coverage_v1,t5gemma,emotion,43,target_subject,test_U,0,35,160,0.21875,7
four_domain_state_coverage_v1,t5gemma,emotion,43,target_subject,test_U,1,25,160,0.15625,5
four_domain_state_coverage_v1,t5gemma,emotion,43,target_subject,test_U,2,10,160,0.0625,2
four_domain_state_coverage_v1,t5gemma,emotion,43,target_subject,test_U,3,20,160,0.125,4
four_domain_state_coverage_v1,t5gemma,emotion,43,target_subject,test_U,4,10,160,0.0625,2
four_domain_state_coverage_v1,t5gemma,emotion,43,target_subject,test_U,5,10,160,0.0625,2
four_domain_state_coverage_v1,t5gemma,emotion,43,target_subject,test_U,6,15,160,0.09375,3
four_domain_state_coverage_v1,t5gemma,emotion,43,target_subject,test_U,7,35,160,0.21875,7
four_domain_state_coverage_v1,t5gemma,emotion,43,scope_owner,train_P,0,20,120,0.16666666666666666,4
four_domain_state_coverage_v1,t5gemma,emotion,43,scope_owner,train_P,1,20,120,0.16666666666666666,4
four_domain_state_coverage_v1,t5gemma,emotion,43,scope_owner,train_P,2,5,120,0.041666666666666664,1
four_domain_state_coverage_v1,t5gemma,emotion,43,scope_owner,train_P,3,5,120,0.041666666666666664,1
four_domain_state_coverage_v1,t5gemma,emotion,43,scope_owner,train_P,4,15,120,0.125,3
four_domain_state_coverage_v1,t5gemma,emotion,43,scope_owner,train_P,5,15,120,0.125,3
four_domain_state_coverage_v1,t5gemma,emotion,43,scope_owner,train_P,6,25,120,0.20833333333333334,5
four_domain_state_coverage_v1,t5gemma,emotion,43,scope_owner,train_P,7,15,120,0.125,3
four_domain_state_coverage_v1,t5gemma,emotion,43,scope_owner,test_P,0,35,160,0.21875,7
four_domain_state_coverage_v1,t5gemma,emotion,43,scope_owner,test_P,1,25,160,0.15625,5
four_domain_state_coverage_v1,t5gemma,emotion,43,scope_owner,test_P,2,10,160,0.0625,2
four_domain_state_coverage_v1,t5gemma,emotion,43,scope_owner,test_P,3,20,160,0.125,4
four_domain_state_coverage_v1,t5gemma,emotion,43,scope_owner,test_P,4,10,160,0.0625,2
four_domain_state_coverage_v1,t5gemma,emotion,43,scope_owner,test_P,5,10,160,0.0625,2
four_domain_state_coverage_v1,t5gemma,emotion,43,scope_owner,test_P,6,15,160,0.09375,3
four_domain_state_coverage_v1,t5gemma,emotion,43,scope_owner,test_P,7,35,160,0.21875,7
four_domain_state_coverage_v1,t5gemma,emotion,43,scope_owner,test_Q,0,35,160,0.21875,7
four_domain_state_coverage_v1,t5gemma,emotion,43,scope_owner,test_Q,1,25,160,0.15625,5
four_domain_state_coverage_v1,t5gemma,emotion,43,scope_owner,test_Q,2,10,160,0.0625,2
four_domain_state_coverage_v1,t5gemma,emotion,43,scope_owner,test_Q,3,20,160,0.125,4
four_domain_state_coverage_v1,t5gemma,emotion,43,scope_owner,test_Q,4,10,160,0.0625,2
four_domain_state_coverage_v1,t5gemma,emotion,43,scope_owner,test_Q,5,10,160,0.0625,2
four_domain_state_coverage_v1,t5gemma,emotion,43,scope_owner,test_Q,6,15,160,0.09375,3
four_domain_state_coverage_v1,t5gemma,emotion,43,scope_owner,test_Q,7,35,160,0.21875,7
four_domain_state_coverage_v1,t5gemma,emotion,43,scope_owner,test_U,0,35,160,0.21875,7
four_domain_state_coverage_v1,t5gemma,emotion,43,scope_owner,test_U,1,25,160,0.15625,5
four_domain_state_coverage_v1,t5gemma,emotion,43,scope_owner,test_U,2,10,160,0.0625,2
four_domain_state_coverage_v1,t5gemma,emotion,43,scope_owner,test_U,3,20,160,0.125,4
four_domain_state_coverage_v1,t5gemma,emotion,43,scope_owner,test_U,4,10,160,0.0625,2
four_domain_state_coverage_v1,t5gemma,emotion,43,scope_owner,test_U,5,10,160,0.0625,2
four_domain_state_coverage_v1,t5gemma,emotion,43,scope_owner,test_U,6,15,160,0.09375,3
four_domain_state_coverage_v1,t5gemma,emotion,43,scope_owner,test_U,7,35,160,0.21875,7
four_domain_state_coverage_v1,t5gemma,emotion,43,non_target_subject,train_P,0,20,120,0.16666666666666666,4
four_domain_state_coverage_v1,t5gemma,emotion,43,non_target_subject,train_P,1,10,120,0.08333333333333333,2
four_domain_state_coverage_v1,t5gemma,emotion,43,non_target_subject,train_P,2,20,120,0.16666666666666666,4
four_domain_state_coverage_v1,t5gemma,emotion,43,non_target_subject,train_P,3,45,120,0.375,9
four_domain_state_coverage_v1,t5gemma,emotion,43,non_target_subject,train_P,4,0,120,0.0,0
four_domain_state_coverage_v1,t5gemma,emotion,43,non_target_subject,train_P,5,10,120,0.08333333333333333,2
four_domain_state_coverage_v1,t5gemma,emotion,43,non_target_subject,train_P,6,5,120,0.041666666666666664,1
four_domain_state_coverage_v1,t5gemma,emotion,43,non_target_subject,train_P,7,10,120,0.08333333333333333,2
four_domain_state_coverage_v1,t5gemma,emotion,43,non_target_subject,test_P,0,25,160,0.15625,5
four_domain_state_coverage_v1,t5gemma,emotion,43,non_target_subject,test_P,1,20,160,0.125,4
four_domain_state_coverage_v1,t5gemma,emotion,43,non_target_subject,test_P,2,25,160,0.15625,5
four_domain_state_coverage_v1,t5gemma,emotion,43,non_target_subject,test_P,3,20,160,0.125,4
four_domain_state_coverage_v1,t5gemma,emotion,43,non_target_subject,test_P,4,5,160,0.03125,1
four_domain_state_coverage_v1,t5gemma,emotion,43,non_target_subject,test_P,5,20,160,0.125,4
four_domain_state_coverage_v1,t5gemma,emotion,43,non_target_subject,test_P,6,15,160,0.09375,3
four_domain_state_coverage_v1,t5gemma,emotion,43,non_target_subject,test_P,7,30,160,0.1875,6
four_domain_state_coverage_v1,t5gemma,emotion,43,non_target_subject,test_Q,0,25,160,0.15625,5
four_domain_state_coverage_v1,t5gemma,emotion,43,non_target_subject,test_Q,1,20,160,0.125,4
four_domain_state_coverage_v1,t5gemma,emotion,43,non_target_subject,test_Q,2,25,160,0.15625,5
four_domain_state_coverage_v1,t5gemma,emotion,43,non_target_subject,test_Q,3,20,160,0.125,4
four_domain_state_coverage_v1,t5gemma,emotion,43,non_target_subject,test_Q,4,5,160,0.03125,1
four_domain_state_coverage_v1,t5gemma,emotion,43,non_target_subject,test_Q,5,20,160,0.125,4
four_domain_state_coverage_v1,t5gemma,emotion,43,non_target_subject,test_Q,6,15,160,0.09375,3
four_domain_state_coverage_v1,t5gemma,emotion,43,non_target_subject,test_Q,7,30,160,0.1875,6
four_domain_state_coverage_v1,t5gemma,emotion,43,non_target_subject,test_U,0,25,160,0.15625,5
four_domain_state_coverage_v1,t5gemma,emotion,43,non_target_subject,test_U,1,20,160,0.125,4
four_domain_state_coverage_v1,t5gemma,emotion,43,non_target_subject,test_U,2,25,160,0.15625,5
four_domain_state_coverage_v1,t5gemma,emotion,43,non_target_subject,test_U,3,20,160,0.125,4
four_domain_state_coverage_v1,t5gemma,emotion,43,non_target_subject,test_U,4,5,160,0.03125,1
four_domain_state_coverage_v1,t5gemma,emotion,43,non_target_subject,test_U,5,20,160,0.125,4
four_domain_state_coverage_v1,t5gemma,emotion,43,non_target_subject,test_U,6,15,160,0.09375,3
four_domain_state_coverage_v1,t5gemma,emotion,43,non_target_subject,test_U,7,30,160,0.1875,6
four_domain_state_coverage_v1,t5gemma,emotion,44,current_state,train_P,0,24,120,0.2,24
four_domain_state_coverage_v1,t5gemma,emotion,44,current_state,train_P,1,24,120,0.2,24
four_domain_state_coverage_v1,t5gemma,emotion,44,current_state,train_P,2,24,120,0.2,24
four_domain_state_coverage_v1,t5gemma,emotion,44,current_state,train_P,3,24,120,0.2,24
four_domain_state_coverage_v1,t5gemma,emotion,44,current_state,train_P,4,24,120,0.2,24
four_domain_state_coverage_v1,t5gemma,emotion,44,current_state,test_P,0,32,160,0.2,32
four_domain_state_coverage_v1,t5gemma,emotion,44,current_state,test_P,1,32,160,0.2,32
four_domain_state_coverage_v1,t5gemma,emotion,44,current_state,test_P,2,32,160,0.2,32
four_domain_state_coverage_v1,t5gemma,emotion,44,current_state,test_P,3,32,160,0.2,32
four_domain_state_coverage_v1,t5gemma,emotion,44,current_state,test_P,4,32,160,0.2,32
four_domain_state_coverage_v1,t5gemma,emotion,44,current_state,test_Q,0,32,160,0.2,32
four_domain_state_coverage_v1,t5gemma,emotion,44,current_state,test_Q,1,32,160,0.2,32
four_domain_state_coverage_v1,t5gemma,emotion,44,current_state,test_Q,2,32,160,0.2,32
four_domain_state_coverage_v1,t5gemma,emotion,44,current_state,test_Q,3,32,160,0.2,32
four_domain_state_coverage_v1,t5gemma,emotion,44,current_state,test_Q,4,32,160,0.2,32
four_domain_state_coverage_v1,t5gemma,emotion,44,current_state,test_U,0,32,160,0.2,32
four_domain_state_coverage_v1,t5gemma,emotion,44,current_state,test_U,1,32,160,0.2,32
four_domain_state_coverage_v1,t5gemma,emotion,44,current_state,test_U,2,32,160,0.2,32
four_domain_state_coverage_v1,t5gemma,emotion,44,current_state,test_U,3,32,160,0.2,32
four_domain_state_coverage_v1,t5gemma,emotion,44,current_state,test_U,4,32,160,0.2,32
four_domain_state_coverage_v1,t5gemma,emotion,44,target_object,train_P,0,25,120,0.20833333333333334,5
four_domain_state_coverage_v1,t5gemma,emotion,44,target_object,train_P,1,0,120,0.0,0
four_domain_state_coverage_v1,t5gemma,emotion,44,target_object,train_P,2,15,120,0.125,3
four_domain_state_coverage_v1,t5gemma,emotion,44,target_object,train_P,3,20,120,0.16666666666666666,4
four_domain_state_coverage_v1,t5gemma,emotion,44,target_object,train_P,4,35,120,0.2916666666666667,7
four_domain_state_coverage_v1,t5gemma,emotion,44,target_object,train_P,5,0,120,0.0,0
four_domain_state_coverage_v1,t5gemma,emotion,44,target_object,train_P,6,5,120,0.041666666666666664,1
four_domain_state_coverage_v1,t5gemma,emotion,44,target_object,train_P,7,20,120,0.16666666666666666,4
four_domain_state_coverage_v1,t5gemma,emotion,44,target_object,test_P,0,10,160,0.0625,2
four_domain_state_coverage_v1,t5gemma,emotion,44,target_object,test_P,1,30,160,0.1875,6
four_domain_state_coverage_v1,t5gemma,emotion,44,target_object,test_P,2,20,160,0.125,4
four_domain_state_coverage_v1,t5gemma,emotion,44,target_object,test_P,3,25,160,0.15625,5
four_domain_state_coverage_v1,t5gemma,emotion,44,target_object,test_P,4,10,160,0.0625,2
four_domain_state_coverage_v1,t5gemma,emotion,44,target_object,test_P,5,40,160,0.25,8
four_domain_state_coverage_v1,t5gemma,emotion,44,target_object,test_P,6,10,160,0.0625,2
four_domain_state_coverage_v1,t5gemma,emotion,44,target_object,test_P,7,15,160,0.09375,3
four_domain_state_coverage_v1,t5gemma,emotion,44,target_object,test_Q,0,10,160,0.0625,2
four_domain_state_coverage_v1,t5gemma,emotion,44,target_object,test_Q,1,30,160,0.1875,6
four_domain_state_coverage_v1,t5gemma,emotion,44,target_object,test_Q,2,20,160,0.125,4
four_domain_state_coverage_v1,t5gemma,emotion,44,target_object,test_Q,3,25,160,0.15625,5
four_domain_state_coverage_v1,t5gemma,emotion,44,target_object,test_Q,4,10,160,0.0625,2
four_domain_state_coverage_v1,t5gemma,emotion,44,target_object,test_Q,5,40,160,0.25,8
four_domain_state_coverage_v1,t5gemma,emotion,44,target_object,test_Q,6,10,160,0.0625,2
four_domain_state_coverage_v1,t5gemma,emotion,44,target_object,test_Q,7,15,160,0.09375,3
four_domain_state_coverage_v1,t5gemma,emotion,44,target_object,test_U,0,10,160,0.0625,2
four_domain_state_coverage_v1,t5gemma,emotion,44,target_object,test_U,1,30,160,0.1875,6
four_domain_state_coverage_v1,t5gemma,emotion,44,target_object,test_U,2,20,160,0.125,4
four_domain_state_coverage_v1,t5gemma,emotion,44,target_object,test_U,3,25,160,0.15625,5
four_domain_state_coverage_v1,t5gemma,emotion,44,target_object,test_U,4,10,160,0.0625,2
four_domain_state_coverage_v1,t5gemma,emotion,44,target_object,test_U,5,40,160,0.25,8
four_domain_state_coverage_v1,t5gemma,emotion,44,target_object,test_U,6,10,160,0.0625,2
four_domain_state_coverage_v1,t5gemma,emotion,44,target_object,test_U,7,15,160,0.09375,3
four_domain_state_coverage_v1,t5gemma,emotion,44,target_subject,train_P,0,20,120,0.16666666666666666,4
four_domain_state_coverage_v1,t5gemma,emotion,44,target_subject,train_P,1,20,120,0.16666666666666666,4
four_domain_state_coverage_v1,t5gemma,emotion,44,target_subject,train_P,2,5,120,0.041666666666666664,1
four_domain_state_coverage_v1,t5gemma,emotion,44,target_subject,train_P,3,5,120,0.041666666666666664,1
four_domain_state_coverage_v1,t5gemma,emotion,44,target_subject,train_P,4,15,120,0.125,3
four_domain_state_coverage_v1,t5gemma,emotion,44,target_subject,train_P,5,15,120,0.125,3
four_domain_state_coverage_v1,t5gemma,emotion,44,target_subject,train_P,6,25,120,0.20833333333333334,5
four_domain_state_coverage_v1,t5gemma,emotion,44,target_subject,train_P,7,15,120,0.125,3
four_domain_state_coverage_v1,t5gemma,emotion,44,target_subject,test_P,0,35,160,0.21875,7
four_domain_state_coverage_v1,t5gemma,emotion,44,target_subject,test_P,1,25,160,0.15625,5
four_domain_state_coverage_v1,t5gemma,emotion,44,target_subject,test_P,2,10,160,0.0625,2
four_domain_state_coverage_v1,t5gemma,emotion,44,target_subject,test_P,3,20,160,0.125,4
four_domain_state_coverage_v1,t5gemma,emotion,44,target_subject,test_P,4,10,160,0.0625,2
four_domain_state_coverage_v1,t5gemma,emotion,44,target_subject,test_P,5,10,160,0.0625,2
four_domain_state_coverage_v1,t5gemma,emotion,44,target_subject,test_P,6,15,160,0.09375,3
four_domain_state_coverage_v1,t5gemma,emotion,44,target_subject,test_P,7,35,160,0.21875,7
four_domain_state_coverage_v1,t5gemma,emotion,44,target_subject,test_Q,0,35,160,0.21875,7
four_domain_state_coverage_v1,t5gemma,emotion,44,target_subject,test_Q,1,25,160,0.15625,5
four_domain_state_coverage_v1,t5gemma,emotion,44,target_subject,test_Q,2,10,160,0.0625,2
four_domain_state_coverage_v1,t5gemma,emotion,44,target_subject,test_Q,3,20,160,0.125,4
four_domain_state_coverage_v1,t5gemma,emotion,44,target_subject,test_Q,4,10,160,0.0625,2
four_domain_state_coverage_v1,t5gemma,emotion,44,target_subject,test_Q,5,10,160,0.0625,2
four_domain_state_coverage_v1,t5gemma,emotion,44,target_subject,test_Q,6,15,160,0.09375,3
four_domain_state_coverage_v1,t5gemma,emotion,44,target_subject,test_Q,7,35,160,0.21875,7
four_domain_state_coverage_v1,t5gemma,emotion,44,target_subject,test_U,0,35,160,0.21875,7
four_domain_state_coverage_v1,t5gemma,emotion,44,target_subject,test_U,1,25,160,0.15625,5
four_domain_state_coverage_v1,t5gemma,emotion,44,target_subject,test_U,2,10,160,0.0625,2
four_domain_state_coverage_v1,t5gemma,emotion,44,target_subject,test_U,3,20,160,0.125,4
four_domain_state_coverage_v1,t5gemma,emotion,44,target_subject,test_U,4,10,160,0.0625,2
four_domain_state_coverage_v1,t5gemma,emotion,44,target_subject,test_U,5,10,160,0.0625,2
four_domain_state_coverage_v1,t5gemma,emotion,44,target_subject,test_U,6,15,160,0.09375,3
four_domain_state_coverage_v1,t5gemma,emotion,44,target_subject,test_U,7,35,160,0.21875,7
four_domain_state_coverage_v1,t5gemma,emotion,44,scope_owner,train_P,0,20,120,0.16666666666666666,4
four_domain_state_coverage_v1,t5gemma,emotion,44,scope_owner,train_P,1,20,120,0.16666666666666666,4
four_domain_state_coverage_v1,t5gemma,emotion,44,scope_owner,train_P,2,5,120,0.041666666666666664,1
four_domain_state_coverage_v1,t5gemma,emotion,44,scope_owner,train_P,3,5,120,0.041666666666666664,1
four_domain_state_coverage_v1,t5gemma,emotion,44,scope_owner,train_P,4,15,120,0.125,3
four_domain_state_coverage_v1,t5gemma,emotion,44,scope_owner,train_P,5,15,120,0.125,3
four_domain_state_coverage_v1,t5gemma,emotion,44,scope_owner,train_P,6,25,120,0.20833333333333334,5
four_domain_state_coverage_v1,t5gemma,emotion,44,scope_owner,train_P,7,15,120,0.125,3
four_domain_state_coverage_v1,t5gemma,emotion,44,scope_owner,test_P,0,35,160,0.21875,7
four_domain_state_coverage_v1,t5gemma,emotion,44,scope_owner,test_P,1,25,160,0.15625,5
four_domain_state_coverage_v1,t5gemma,emotion,44,scope_owner,test_P,2,10,160,0.0625,2
four_domain_state_coverage_v1,t5gemma,emotion,44,scope_owner,test_P,3,20,160,0.125,4
four_domain_state_coverage_v1,t5gemma,emotion,44,scope_owner,test_P,4,10,160,0.0625,2
four_domain_state_coverage_v1,t5gemma,emotion,44,scope_owner,test_P,5,10,160,0.0625,2
four_domain_state_coverage_v1,t5gemma,emotion,44,scope_owner,test_P,6,15,160,0.09375,3
four_domain_state_coverage_v1,t5gemma,emotion,44,scope_owner,test_P,7,35,160,0.21875,7
four_domain_state_coverage_v1,t5gemma,emotion,44,scope_owner,test_Q,0,35,160,0.21875,7
four_domain_state_coverage_v1,t5gemma,emotion,44,scope_owner,test_Q,1,25,160,0.15625,5
four_domain_state_coverage_v1,t5gemma,emotion,44,scope_owner,test_Q,2,10,160,0.0625,2
four_domain_state_coverage_v1,t5gemma,emotion,44,scope_owner,test_Q,3,20,160,0.125,4
four_domain_state_coverage_v1,t5gemma,emotion,44,scope_owner,test_Q,4,10,160,0.0625,2
four_domain_state_coverage_v1,t5gemma,emotion,44,scope_owner,test_Q,5,10,160,0.0625,2
four_domain_state_coverage_v1,t5gemma,emotion,44,scope_owner,test_Q,6,15,160,0.09375,3
four_domain_state_coverage_v1,t5gemma,emotion,44,scope_owner,test_Q,7,35,160,0.21875,7
four_domain_state_coverage_v1,t5gemma,emotion,44,scope_owner,test_U,0,35,160,0.21875,7
four_domain_state_coverage_v1,t5gemma,emotion,44,scope_owner,test_U,1,25,160,0.15625,5
four_domain_state_coverage_v1,t5gemma,emotion,44,scope_owner,test_U,2,10,160,0.0625,2
four_domain_state_coverage_v1,t5gemma,emotion,44,scope_owner,test_U,3,20,160,0.125,4
four_domain_state_coverage_v1,t5gemma,emotion,44,scope_owner,test_U,4,10,160,0.0625,2
four_domain_state_coverage_v1,t5gemma,emotion,44,scope_owner,test_U,5,10,160,0.0625,2
four_domain_state_coverage_v1,t5gemma,emotion,44,scope_owner,test_U,6,15,160,0.09375,3
four_domain_state_coverage_v1,t5gemma,emotion,44,scope_owner,test_U,7,35,160,0.21875,7
four_domain_state_coverage_v1,t5gemma,emotion,44,non_target_subject,train_P,0,20,120,0.16666666666666666,4
four_domain_state_coverage_v1,t5gemma,emotion,44,non_target_subject,train_P,1,10,120,0.08333333333333333,2
four_domain_state_coverage_v1,t5gemma,emotion,44,non_target_subject,train_P,2,20,120,0.16666666666666666,4
four_domain_state_coverage_v1,t5gemma,emotion,44,non_target_subject,train_P,3,45,120,0.375,9
four_domain_state_coverage_v1,t5gemma,emotion,44,non_target_subject,train_P,4,0,120,0.0,0
four_domain_state_coverage_v1,t5gemma,emotion,44,non_target_subject,train_P,5,10,120,0.08333333333333333,2
four_domain_state_coverage_v1,t5gemma,emotion,44,non_target_subject,train_P,6,5,120,0.041666666666666664,1
four_domain_state_coverage_v1,t5gemma,emotion,44,non_target_subject,train_P,7,10,120,0.08333333333333333,2
four_domain_state_coverage_v1,t5gemma,emotion,44,non_target_subject,test_P,0,25,160,0.15625,5
four_domain_state_coverage_v1,t5gemma,emotion,44,non_target_subject,test_P,1,20,160,0.125,4
four_domain_state_coverage_v1,t5gemma,emotion,44,non_target_subject,test_P,2,25,160,0.15625,5
four_domain_state_coverage_v1,t5gemma,emotion,44,non_target_subject,test_P,3,20,160,0.125,4
four_domain_state_coverage_v1,t5gemma,emotion,44,non_target_subject,test_P,4,5,160,0.03125,1
four_domain_state_coverage_v1,t5gemma,emotion,44,non_target_subject,test_P,5,20,160,0.125,4
four_domain_state_coverage_v1,t5gemma,emotion,44,non_target_subject,test_P,6,15,160,0.09375,3
four_domain_state_coverage_v1,t5gemma,emotion,44,non_target_subject,test_P,7,30,160,0.1875,6
four_domain_state_coverage_v1,t5gemma,emotion,44,non_target_subject,test_Q,0,25,160,0.15625,5
four_domain_state_coverage_v1,t5gemma,emotion,44,non_target_subject,test_Q,1,20,160,0.125,4
four_domain_state_coverage_v1,t5gemma,emotion,44,non_target_subject,test_Q,2,25,160,0.15625,5
four_domain_state_coverage_v1,t5gemma,emotion,44,non_target_subject,test_Q,3,20,160,0.125,4
four_domain_state_coverage_v1,t5gemma,emotion,44,non_target_subject,test_Q,4,5,160,0.03125,1
four_domain_state_coverage_v1,t5gemma,emotion,44,non_target_subject,test_Q,5,20,160,0.125,4
four_domain_state_coverage_v1,t5gemma,emotion,44,non_target_subject,test_Q,6,15,160,0.09375,3
four_domain_state_coverage_v1,t5gemma,emotion,44,non_target_subject,test_Q,7,30,160,0.1875,6
four_domain_state_coverage_v1,t5gemma,emotion,44,non_target_subject,test_U,0,25,160,0.15625,5
four_domain_state_coverage_v1,t5gemma,emotion,44,non_target_subject,test_U,1,20,160,0.125,4
four_domain_state_coverage_v1,t5gemma,emotion,44,non_target_subject,test_U,2,25,160,0.15625,5
four_domain_state_coverage_v1,t5gemma,emotion,44,non_target_subject,test_U,3,20,160,0.125,4
four_domain_state_coverage_v1,t5gemma,emotion,44,non_target_subject,test_U,4,5,160,0.03125,1
four_domain_state_coverage_v1,t5gemma,emotion,44,non_target_subject,test_U,5,20,160,0.125,4
four_domain_state_coverage_v1,t5gemma,emotion,44,non_target_subject,test_U,6,15,160,0.09375,3
four_domain_state_coverage_v1,t5gemma,emotion,44,non_target_subject,test_U,7,30,160,0.1875,6
four_domain_state_coverage_v1,t5gemma,person,42,current_state,train_P,0,24,72,0.3333333333333333,24
four_domain_state_coverage_v1,t5gemma,person,42,current_state,train_P,1,24,72,0.3333333333333333,24
four_domain_state_coverage_v1,t5gemma,person,42,current_state,train_P,2,24,72,0.3333333333333333,24
four_domain_state_coverage_v1,t5gemma,person,42,current_state,test_P,0,32,96,0.3333333333333333,32
four_domain_state_coverage_v1,t5gemma,person,42,current_state,test_P,1,32,96,0.3333333333333333,32
four_domain_state_coverage_v1,t5gemma,person,42,current_state,test_P,2,32,96,0.3333333333333333,32
four_domain_state_coverage_v1,t5gemma,person,42,current_state,test_Q,0,32,96,0.3333333333333333,32
four_domain_state_coverage_v1,t5gemma,person,42,current_state,test_Q,1,32,96,0.3333333333333333,32
four_domain_state_coverage_v1,t5gemma,person,42,current_state,test_Q,2,32,96,0.3333333333333333,32
four_domain_state_coverage_v1,t5gemma,person,42,current_state,test_U,0,32,96,0.3333333333333333,32
four_domain_state_coverage_v1,t5gemma,person,42,current_state,test_U,1,32,96,0.3333333333333333,32
four_domain_state_coverage_v1,t5gemma,person,42,current_state,test_U,2,32,96,0.3333333333333333,32
four_domain_state_coverage_v1,t5gemma,person,42,target_object,train_P,0,6,72,0.08333333333333333,2
four_domain_state_coverage_v1,t5gemma,person,42,target_object,train_P,1,15,72,0.20833333333333334,5
four_domain_state_coverage_v1,t5gemma,person,42,target_object,train_P,2,9,72,0.125,3
four_domain_state_coverage_v1,t5gemma,person,42,target_object,train_P,3,9,72,0.125,3
four_domain_state_coverage_v1,t5gemma,person,42,target_object,train_P,4,6,72,0.08333333333333333,2
four_domain_state_coverage_v1,t5gemma,person,42,target_object,train_P,5,9,72,0.125,3
four_domain_state_coverage_v1,t5gemma,person,42,target_object,train_P,6,15,72,0.20833333333333334,5
four_domain_state_coverage_v1,t5gemma,person,42,target_object,train_P,7,3,72,0.041666666666666664,1
four_domain_state_coverage_v1,t5gemma,person,42,target_object,test_P,0,6,96,0.0625,2
four_domain_state_coverage_v1,t5gemma,person,42,target_object,test_P,1,15,96,0.15625,5
four_domain_state_coverage_v1,t5gemma,person,42,target_object,test_P,2,15,96,0.15625,5
four_domain_state_coverage_v1,t5gemma,person,42,target_object,test_P,3,9,96,0.09375,3
four_domain_state_coverage_v1,t5gemma,person,42,target_object,test_P,4,15,96,0.15625,5
four_domain_state_coverage_v1,t5gemma,person,42,target_object,test_P,5,12,96,0.125,4
four_domain_state_coverage_v1,t5gemma,person,42,target_object,test_P,6,9,96,0.09375,3
four_domain_state_coverage_v1,t5gemma,person,42,target_object,test_P,7,15,96,0.15625,5
four_domain_state_coverage_v1,t5gemma,person,42,target_object,test_Q,0,6,96,0.0625,2
four_domain_state_coverage_v1,t5gemma,person,42,target_object,test_Q,1,15,96,0.15625,5
four_domain_state_coverage_v1,t5gemma,person,42,target_object,test_Q,2,15,96,0.15625,5
four_domain_state_coverage_v1,t5gemma,person,42,target_object,test_Q,3,9,96,0.09375,3
four_domain_state_coverage_v1,t5gemma,person,42,target_object,test_Q,4,15,96,0.15625,5
four_domain_state_coverage_v1,t5gemma,person,42,target_object,test_Q,5,12,96,0.125,4
four_domain_state_coverage_v1,t5gemma,person,42,target_object,test_Q,6,9,96,0.09375,3
four_domain_state_coverage_v1,t5gemma,person,42,target_object,test_Q,7,15,96,0.15625,5
four_domain_state_coverage_v1,t5gemma,person,42,target_object,test_U,0,6,96,0.0625,2
four_domain_state_coverage_v1,t5gemma,person,42,target_object,test_U,1,15,96,0.15625,5
four_domain_state_coverage_v1,t5gemma,person,42,target_object,test_U,2,15,96,0.15625,5
four_domain_state_coverage_v1,t5gemma,person,42,target_object,test_U,3,9,96,0.09375,3
four_domain_state_coverage_v1,t5gemma,person,42,target_object,test_U,4,15,96,0.15625,5
four_domain_state_coverage_v1,t5gemma,person,42,target_object,test_U,5,12,96,0.125,4
four_domain_state_coverage_v1,t5gemma,person,42,target_object,test_U,6,9,96,0.09375,3
four_domain_state_coverage_v1,t5gemma,person,42,target_object,test_U,7,15,96,0.15625,5
four_domain_state_coverage_v1,t5gemma,person,42,target_subject,train_P,0,12,72,0.16666666666666666,4
four_domain_state_coverage_v1,t5gemma,person,42,target_subject,train_P,1,6,72,0.08333333333333333,2
four_domain_state_coverage_v1,t5gemma,person,42,target_subject,train_P,2,12,72,0.16666666666666666,4
four_domain_state_coverage_v1,t5gemma,person,42,target_subject,train_P,3,6,72,0.08333333333333333,2
four_domain_state_coverage_v1,t5gemma,person,42,target_subject,train_P,4,12,72,0.16666666666666666,4
four_domain_state_coverage_v1,t5gemma,person,42,target_subject,train_P,5,6,72,0.08333333333333333,2
four_domain_state_coverage_v1,t5gemma,person,42,target_subject,train_P,6,6,72,0.08333333333333333,2
four_domain_state_coverage_v1,t5gemma,person,42,target_subject,train_P,7,12,72,0.16666666666666666,4
four_domain_state_coverage_v1,t5gemma,person,42,target_subject,test_P,0,3,96,0.03125,1
four_domain_state_coverage_v1,t5gemma,person,42,target_subject,test_P,1,18,96,0.1875,6
four_domain_state_coverage_v1,t5gemma,person,42,target_subject,test_P,2,18,96,0.1875,6
four_domain_state_coverage_v1,t5gemma,person,42,target_subject,test_P,3,12,96,0.125,4
four_domain_state_coverage_v1,t5gemma,person,42,target_subject,test_P,4,9,96,0.09375,3
four_domain_state_coverage_v1,t5gemma,person,42,target_subject,test_P,5,6,96,0.0625,2
four_domain_state_coverage_v1,t5gemma,person,42,target_subject,test_P,6,9,96,0.09375,3
four_domain_state_coverage_v1,t5gemma,person,42,target_subject,test_P,7,21,96,0.21875,7
four_domain_state_coverage_v1,t5gemma,person,42,target_subject,test_Q,0,3,96,0.03125,1
four_domain_state_coverage_v1,t5gemma,person,42,target_subject,test_Q,1,18,96,0.1875,6
four_domain_state_coverage_v1,t5gemma,person,42,target_subject,test_Q,2,18,96,0.1875,6
four_domain_state_coverage_v1,t5gemma,person,42,target_subject,test_Q,3,12,96,0.125,4
four_domain_state_coverage_v1,t5gemma,person,42,target_subject,test_Q,4,9,96,0.09375,3
four_domain_state_coverage_v1,t5gemma,person,42,target_subject,test_Q,5,6,96,0.0625,2
four_domain_state_coverage_v1,t5gemma,person,42,target_subject,test_Q,6,9,96,0.09375,3
four_domain_state_coverage_v1,t5gemma,person,42,target_subject,test_Q,7,21,96,0.21875,7
four_domain_state_coverage_v1,t5gemma,person,42,target_subject,test_U,0,3,96,0.03125,1
four_domain_state_coverage_v1,t5gemma,person,42,target_subject,test_U,1,18,96,0.1875,6
four_domain_state_coverage_v1,t5gemma,person,42,target_subject,test_U,2,18,96,0.1875,6
four_domain_state_coverage_v1,t5gemma,person,42,target_subject,test_U,3,12,96,0.125,4
four_domain_state_coverage_v1,t5gemma,person,42,target_subject,test_U,4,9,96,0.09375,3
four_domain_state_coverage_v1,t5gemma,person,42,target_subject,test_U,5,6,96,0.0625,2
four_domain_state_coverage_v1,t5gemma,person,42,target_subject,test_U,6,9,96,0.09375,3
four_domain_state_coverage_v1,t5gemma,person,42,target_subject,test_U,7,21,96,0.21875,7
four_domain_state_coverage_v1,t5gemma,person,42,anchor_owner,train_P,0,10,72,0.1388888888888889,10
four_domain_state_coverage_v1,t5gemma,person,42,anchor_owner,train_P,1,9,72,0.125,9
four_domain_state_coverage_v1,t5gemma,person,42,anchor_owner,train_P,2,9,72,0.125,9
four_domain_state_coverage_v1,t5gemma,person,42,anchor_owner,train_P,3,6,72,0.08333333333333333,6
four_domain_state_coverage_v1,t5gemma,person,42,anchor_owner,train_P,4,10,72,0.1388888888888889,10
four_domain_state_coverage_v1,t5gemma,person,42,anchor_owner,train_P,5,6,72,0.08333333333333333,6
four_domain_state_coverage_v1,t5gemma,person,42,anchor_owner,train_P,6,9,72,0.125,9
four_domain_state_coverage_v1,t5gemma,person,42,anchor_owner,train_P,7,13,72,0.18055555555555555,13
four_domain_state_coverage_v1,t5gemma,person,42,anchor_owner,test_P,0,15,96,0.15625,15
four_domain_state_coverage_v1,t5gemma,person,42,anchor_owner,test_P,1,12,96,0.125,12
four_domain_state_coverage_v1,t5gemma,person,42,anchor_owner,test_P,2,12,96,0.125,12
four_domain_state_coverage_v1,t5gemma,person,42,anchor_owner,test_P,3,11,96,0.11458333333333333,11
four_domain_state_coverage_v1,t5gemma,person,42,anchor_owner,test_P,4,16,96,0.16666666666666666,16
four_domain_state_coverage_v1,t5gemma,person,42,anchor_owner,test_P,5,9,96,0.09375,9
four_domain_state_coverage_v1,t5gemma,person,42,anchor_owner,test_P,6,8,96,0.08333333333333333,8
four_domain_state_coverage_v1,t5gemma,person,42,anchor_owner,test_P,7,13,96,0.13541666666666666,13
four_domain_state_coverage_v1,t5gemma,person,42,anchor_owner,test_Q,0,15,96,0.15625,15
four_domain_state_coverage_v1,t5gemma,person,42,anchor_owner,test_Q,1,12,96,0.125,12
four_domain_state_coverage_v1,t5gemma,person,42,anchor_owner,test_Q,2,12,96,0.125,12
four_domain_state_coverage_v1,t5gemma,person,42,anchor_owner,test_Q,3,11,96,0.11458333333333333,11
four_domain_state_coverage_v1,t5gemma,person,42,anchor_owner,test_Q,4,16,96,0.16666666666666666,16
four_domain_state_coverage_v1,t5gemma,person,42,anchor_owner,test_Q,5,9,96,0.09375,9
four_domain_state_coverage_v1,t5gemma,person,42,anchor_owner,test_Q,6,8,96,0.08333333333333333,8
four_domain_state_coverage_v1,t5gemma,person,42,anchor_owner,test_Q,7,13,96,0.13541666666666666,13
four_domain_state_coverage_v1,t5gemma,person,42,anchor_owner,test_U,0,15,96,0.15625,15
four_domain_state_coverage_v1,t5gemma,person,42,anchor_owner,test_U,1,12,96,0.125,12
four_domain_state_coverage_v1,t5gemma,person,42,anchor_owner,test_U,2,12,96,0.125,12
four_domain_state_coverage_v1,t5gemma,person,42,anchor_owner,test_U,3,11,96,0.11458333333333333,11
four_domain_state_coverage_v1,t5gemma,person,42,anchor_owner,test_U,4,16,96,0.16666666666666666,16
four_domain_state_coverage_v1,t5gemma,person,42,anchor_owner,test_U,5,9,96,0.09375,9
four_domain_state_coverage_v1,t5gemma,person,42,anchor_owner,test_U,6,8,96,0.08333333333333333,8
four_domain_state_coverage_v1,t5gemma,person,42,anchor_owner,test_U,7,13,96,0.13541666666666666,13
four_domain_state_coverage_v1,t5gemma,person,42,listener_identity,train_P,0,10,72,0.1388888888888889,10
four_domain_state_coverage_v1,t5gemma,person,42,listener_identity,train_P,1,9,72,0.125,9
four_domain_state_coverage_v1,t5gemma,person,42,listener_identity,train_P,2,9,72,0.125,9
four_domain_state_coverage_v1,t5gemma,person,42,listener_identity,train_P,3,6,72,0.08333333333333333,6
four_domain_state_coverage_v1,t5gemma,person,42,listener_identity,train_P,4,10,72,0.1388888888888889,10
four_domain_state_coverage_v1,t5gemma,person,42,listener_identity,train_P,5,6,72,0.08333333333333333,6
four_domain_state_coverage_v1,t5gemma,person,42,listener_identity,train_P,6,9,72,0.125,9
four_domain_state_coverage_v1,t5gemma,person,42,listener_identity,train_P,7,13,72,0.18055555555555555,13
four_domain_state_coverage_v1,t5gemma,person,42,listener_identity,test_P,0,15,96,0.15625,15
four_domain_state_coverage_v1,t5gemma,person,42,listener_identity,test_P,1,12,96,0.125,12
four_domain_state_coverage_v1,t5gemma,person,42,listener_identity,test_P,2,12,96,0.125,12
four_domain_state_coverage_v1,t5gemma,person,42,listener_identity,test_P,3,11,96,0.11458333333333333,11
four_domain_state_coverage_v1,t5gemma,person,42,listener_identity,test_P,4,16,96,0.16666666666666666,16
four_domain_state_coverage_v1,t5gemma,person,42,listener_identity,test_P,5,9,96,0.09375,9
four_domain_state_coverage_v1,t5gemma,person,42,listener_identity,test_P,6,8,96,0.08333333333333333,8
four_domain_state_coverage_v1,t5gemma,person,42,listener_identity,test_P,7,13,96,0.13541666666666666,13
four_domain_state_coverage_v1,t5gemma,person,42,listener_identity,test_Q,0,15,96,0.15625,15
four_domain_state_coverage_v1,t5gemma,person,42,listener_identity,test_Q,1,12,96,0.125,12
four_domain_state_coverage_v1,t5gemma,person,42,listener_identity,test_Q,2,12,96,0.125,12
four_domain_state_coverage_v1,t5gemma,person,42,listener_identity,test_Q,3,11,96,0.11458333333333333,11
four_domain_state_coverage_v1,t5gemma,person,42,listener_identity,test_Q,4,16,96,0.16666666666666666,16
four_domain_state_coverage_v1,t5gemma,person,42,listener_identity,test_Q,5,9,96,0.09375,9
four_domain_state_coverage_v1,t5gemma,person,42,listener_identity,test_Q,6,8,96,0.08333333333333333,8
four_domain_state_coverage_v1,t5gemma,person,42,listener_identity,test_Q,7,13,96,0.13541666666666666,13
four_domain_state_coverage_v1,t5gemma,person,42,listener_identity,test_U,0,15,96,0.15625,15
four_domain_state_coverage_v1,t5gemma,person,42,listener_identity,test_U,1,12,96,0.125,12
four_domain_state_coverage_v1,t5gemma,person,42,listener_identity,test_U,2,12,96,0.125,12
four_domain_state_coverage_v1,t5gemma,person,42,listener_identity,test_U,3,11,96,0.11458333333333333,11
four_domain_state_coverage_v1,t5gemma,person,42,listener_identity,test_U,4,16,96,0.16666666666666666,16
four_domain_state_coverage_v1,t5gemma,person,42,listener_identity,test_U,5,9,96,0.09375,9
four_domain_state_coverage_v1,t5gemma,person,42,listener_identity,test_U,6,8,96,0.08333333333333333,8
four_domain_state_coverage_v1,t5gemma,person,42,listener_identity,test_U,7,13,96,0.13541666666666666,13
four_domain_state_coverage_v1,t5gemma,person,42,agent_identity,train_P,0,12,72,0.16666666666666666,4
four_domain_state_coverage_v1,t5gemma,person,42,agent_identity,train_P,1,6,72,0.08333333333333333,2
four_domain_state_coverage_v1,t5gemma,person,42,agent_identity,train_P,2,12,72,0.16666666666666666,4
four_domain_state_coverage_v1,t5gemma,person,42,agent_identity,train_P,3,6,72,0.08333333333333333,2
four_domain_state_coverage_v1,t5gemma,person,42,agent_identity,train_P,4,12,72,0.16666666666666666,4
four_domain_state_coverage_v1,t5gemma,person,42,agent_identity,train_P,5,6,72,0.08333333333333333,2
four_domain_state_coverage_v1,t5gemma,person,42,agent_identity,train_P,6,6,72,0.08333333333333333,2
four_domain_state_coverage_v1,t5gemma,person,42,agent_identity,train_P,7,12,72,0.16666666666666666,4
four_domain_state_coverage_v1,t5gemma,person,42,agent_identity,test_P,0,3,96,0.03125,1
four_domain_state_coverage_v1,t5gemma,person,42,agent_identity,test_P,1,18,96,0.1875,6
four_domain_state_coverage_v1,t5gemma,person,42,agent_identity,test_P,2,18,96,0.1875,6
four_domain_state_coverage_v1,t5gemma,person,42,agent_identity,test_P,3,12,96,0.125,4
four_domain_state_coverage_v1,t5gemma,person,42,agent_identity,test_P,4,9,96,0.09375,3
four_domain_state_coverage_v1,t5gemma,person,42,agent_identity,test_P,5,6,96,0.0625,2
four_domain_state_coverage_v1,t5gemma,person,42,agent_identity,test_P,6,9,96,0.09375,3
four_domain_state_coverage_v1,t5gemma,person,42,agent_identity,test_P,7,21,96,0.21875,7
four_domain_state_coverage_v1,t5gemma,person,42,agent_identity,test_Q,0,3,96,0.03125,1
four_domain_state_coverage_v1,t5gemma,person,42,agent_identity,test_Q,1,18,96,0.1875,6
four_domain_state_coverage_v1,t5gemma,person,42,agent_identity,test_Q,2,18,96,0.1875,6
four_domain_state_coverage_v1,t5gemma,person,42,agent_identity,test_Q,3,12,96,0.125,4
four_domain_state_coverage_v1,t5gemma,person,42,agent_identity,test_Q,4,9,96,0.09375,3
four_domain_state_coverage_v1,t5gemma,person,42,agent_identity,test_Q,5,6,96,0.0625,2
four_domain_state_coverage_v1,t5gemma,person,42,agent_identity,test_Q,6,9,96,0.09375,3
four_domain_state_coverage_v1,t5gemma,person,42,agent_identity,test_Q,7,21,96,0.21875,7
four_domain_state_coverage_v1,t5gemma,person,42,agent_identity,test_U,0,3,96,0.03125,1
four_domain_state_coverage_v1,t5gemma,person,42,agent_identity,test_U,1,18,96,0.1875,6
four_domain_state_coverage_v1,t5gemma,person,42,agent_identity,test_U,2,18,96,0.1875,6
four_domain_state_coverage_v1,t5gemma,person,42,agent_identity,test_U,3,12,96,0.125,4
four_domain_state_coverage_v1,t5gemma,person,42,agent_identity,test_U,4,9,96,0.09375,3
four_domain_state_coverage_v1,t5gemma,person,42,agent_identity,test_U,5,6,96,0.0625,2
four_domain_state_coverage_v1,t5gemma,person,42,agent_identity,test_U,6,9,96,0.09375,3
four_domain_state_coverage_v1,t5gemma,person,42,agent_identity,test_U,7,21,96,0.21875,7
four_domain_state_coverage_v1,t5gemma,person,42,patient_identity,train_P,0,12,72,0.16666666666666666,4
four_domain_state_coverage_v1,t5gemma,person,42,patient_identity,train_P,1,12,72,0.16666666666666666,4
four_domain_state_coverage_v1,t5gemma,person,42,patient_identity,train_P,2,9,72,0.125,3
four_domain_state_coverage_v1,t5gemma,person,42,patient_identity,train_P,3,3,72,0.041666666666666664,1
four_domain_state_coverage_v1,t5gemma,person,42,patient_identity,train_P,4,6,72,0.08333333333333333,2
four_domain_state_coverage_v1,t5gemma,person,42,patient_identity,train_P,5,9,72,0.125,3
four_domain_state_coverage_v1,t5gemma,person,42,patient_identity,train_P,6,15,72,0.20833333333333334,5
four_domain_state_coverage_v1,t5gemma,person,42,patient_identity,train_P,7,6,72,0.08333333333333333,2
four_domain_state_coverage_v1,t5gemma,person,42,patient_identity,test_P,0,18,96,0.1875,6
four_domain_state_coverage_v1,t5gemma,person,42,patient_identity,test_P,1,3,96,0.03125,1
four_domain_state_coverage_v1,t5gemma,person,42,patient_identity,test_P,2,9,96,0.09375,3
four_domain_state_coverage_v1,t5gemma,person,42,patient_identity,test_P,3,18,96,0.1875,6
four_domain_state_coverage_v1,t5gemma,person,42,patient_identity,test_P,4,18,96,0.1875,6
four_domain_state_coverage_v1,t5gemma,person,42,patient_identity,test_P,5,15,96,0.15625,5
four_domain_state_coverage_v1,t5gemma,person,42,patient_identity,test_P,6,9,96,0.09375,3
four_domain_state_coverage_v1,t5gemma,person,42,patient_identity,test_P,7,6,96,0.0625,2
four_domain_state_coverage_v1,t5gemma,person,42,patient_identity,test_Q,0,18,96,0.1875,6
four_domain_state_coverage_v1,t5gemma,person,42,patient_identity,test_Q,1,3,96,0.03125,1
four_domain_state_coverage_v1,t5gemma,person,42,patient_identity,test_Q,2,9,96,0.09375,3
four_domain_state_coverage_v1,t5gemma,person,42,patient_identity,test_Q,3,18,96,0.1875,6
four_domain_state_coverage_v1,t5gemma,person,42,patient_identity,test_Q,4,18,96,0.1875,6
four_domain_state_coverage_v1,t5gemma,person,42,patient_identity,test_Q,5,15,96,0.15625,5
four_domain_state_coverage_v1,t5gemma,person,42,patient_identity,test_Q,6,9,96,0.09375,3
four_domain_state_coverage_v1,t5gemma,person,42,patient_identity,test_Q,7,6,96,0.0625,2
four_domain_state_coverage_v1,t5gemma,person,42,patient_identity,test_U,0,18,96,0.1875,6
four_domain_state_coverage_v1,t5gemma,person,42,patient_identity,test_U,1,3,96,0.03125,1
four_domain_state_coverage_v1,t5gemma,person,42,patient_identity,test_U,2,9,96,0.09375,3
four_domain_state_coverage_v1,t5gemma,person,42,patient_identity,test_U,3,18,96,0.1875,6
four_domain_state_coverage_v1,t5gemma,person,42,patient_identity,test_U,4,18,96,0.1875,6
four_domain_state_coverage_v1,t5gemma,person,42,patient_identity,test_U,5,15,96,0.15625,5
four_domain_state_coverage_v1,t5gemma,person,42,patient_identity,test_U,6,9,96,0.09375,3
four_domain_state_coverage_v1,t5gemma,person,42,patient_identity,test_U,7,6,96,0.0625,2
four_domain_state_coverage_v1,t5gemma,person,42,owner_identity,train_P,0,6,72,0.08333333333333333,2
four_domain_state_coverage_v1,t5gemma,person,42,owner_identity,train_P,1,9,72,0.125,3
four_domain_state_coverage_v1,t5gemma,person,42,owner_identity,train_P,2,6,72,0.08333333333333333,2
four_domain_state_coverage_v1,t5gemma,person,42,owner_identity,train_P,3,9,72,0.125,3
four_domain_state_coverage_v1,t5gemma,person,42,owner_identity,train_P,4,12,72,0.16666666666666666,4
four_domain_state_coverage_v1,t5gemma,person,42,owner_identity,train_P,5,3,72,0.041666666666666664,1
four_domain_state_coverage_v1,t5gemma,person,42,owner_identity,train_P,6,6,72,0.08333333333333333,2
four_domain_state_coverage_v1,t5gemma,person,42,owner_identity,train_P,7,21,72,0.2916666666666667,7
four_domain_state_coverage_v1,t5gemma,person,42,owner_identity,test_P,0,24,96,0.25,8
four_domain_state_coverage_v1,t5gemma,person,42,owner_identity,test_P,1,15,96,0.15625,5
four_domain_state_coverage_v1,t5gemma,person,42,owner_identity,test_P,2,9,96,0.09375,3
four_domain_state_coverage_v1,t5gemma,person,42,owner_identity,test_P,3,3,96,0.03125,1
four_domain_state_coverage_v1,t5gemma,person,42,owner_identity,test_P,4,21,96,0.21875,7
four_domain_state_coverage_v1,t5gemma,person,42,owner_identity,test_P,5,6,96,0.0625,2
four_domain_state_coverage_v1,t5gemma,person,42,owner_identity,test_P,6,6,96,0.0625,2
four_domain_state_coverage_v1,t5gemma,person,42,owner_identity,test_P,7,12,96,0.125,4
four_domain_state_coverage_v1,t5gemma,person,42,owner_identity,test_Q,0,24,96,0.25,8
four_domain_state_coverage_v1,t5gemma,person,42,owner_identity,test_Q,1,15,96,0.15625,5
four_domain_state_coverage_v1,t5gemma,person,42,owner_identity,test_Q,2,9,96,0.09375,3
four_domain_state_coverage_v1,t5gemma,person,42,owner_identity,test_Q,3,3,96,0.03125,1
four_domain_state_coverage_v1,t5gemma,person,42,owner_identity,test_Q,4,21,96,0.21875,7
four_domain_state_coverage_v1,t5gemma,person,42,owner_identity,test_Q,5,6,96,0.0625,2
four_domain_state_coverage_v1,t5gemma,person,42,owner_identity,test_Q,6,6,96,0.0625,2
four_domain_state_coverage_v1,t5gemma,person,42,owner_identity,test_Q,7,12,96,0.125,4
four_domain_state_coverage_v1,t5gemma,person,42,owner_identity,test_U,0,24,96,0.25,8
four_domain_state_coverage_v1,t5gemma,person,42,owner_identity,test_U,1,15,96,0.15625,5
four_domain_state_coverage_v1,t5gemma,person,42,owner_identity,test_U,2,9,96,0.09375,3
four_domain_state_coverage_v1,t5gemma,person,42,owner_identity,test_U,3,3,96,0.03125,1
four_domain_state_coverage_v1,t5gemma,person,42,owner_identity,test_U,4,21,96,0.21875,7
four_domain_state_coverage_v1,t5gemma,person,42,owner_identity,test_U,5,6,96,0.0625,2
four_domain_state_coverage_v1,t5gemma,person,42,owner_identity,test_U,6,6,96,0.0625,2
four_domain_state_coverage_v1,t5gemma,person,42,owner_identity,test_U,7,12,96,0.125,4
four_domain_state_coverage_v1,t5gemma,person,43,current_state,train_P,0,24,72,0.3333333333333333,24
four_domain_state_coverage_v1,t5gemma,person,43,current_state,train_P,1,24,72,0.3333333333333333,24
four_domain_state_coverage_v1,t5gemma,person,43,current_state,train_P,2,24,72,0.3333333333333333,24
four_domain_state_coverage_v1,t5gemma,person,43,current_state,test_P,0,32,96,0.3333333333333333,32
four_domain_state_coverage_v1,t5gemma,person,43,current_state,test_P,1,32,96,0.3333333333333333,32
four_domain_state_coverage_v1,t5gemma,person,43,current_state,test_P,2,32,96,0.3333333333333333,32
four_domain_state_coverage_v1,t5gemma,person,43,current_state,test_Q,0,32,96,0.3333333333333333,32
four_domain_state_coverage_v1,t5gemma,person,43,current_state,test_Q,1,32,96,0.3333333333333333,32
four_domain_state_coverage_v1,t5gemma,person,43,current_state,test_Q,2,32,96,0.3333333333333333,32
four_domain_state_coverage_v1,t5gemma,person,43,current_state,test_U,0,32,96,0.3333333333333333,32
four_domain_state_coverage_v1,t5gemma,person,43,current_state,test_U,1,32,96,0.3333333333333333,32
four_domain_state_coverage_v1,t5gemma,person,43,current_state,test_U,2,32,96,0.3333333333333333,32
four_domain_state_coverage_v1,t5gemma,person,43,target_object,train_P,0,6,72,0.08333333333333333,2
four_domain_state_coverage_v1,t5gemma,person,43,target_object,train_P,1,15,72,0.20833333333333334,5
four_domain_state_coverage_v1,t5gemma,person,43,target_object,train_P,2,9,72,0.125,3
four_domain_state_coverage_v1,t5gemma,person,43,target_object,train_P,3,9,72,0.125,3
four_domain_state_coverage_v1,t5gemma,person,43,target_object,train_P,4,6,72,0.08333333333333333,2
four_domain_state_coverage_v1,t5gemma,person,43,target_object,train_P,5,9,72,0.125,3
four_domain_state_coverage_v1,t5gemma,person,43,target_object,train_P,6,15,72,0.20833333333333334,5
four_domain_state_coverage_v1,t5gemma,person,43,target_object,train_P,7,3,72,0.041666666666666664,1
four_domain_state_coverage_v1,t5gemma,person,43,target_object,test_P,0,6,96,0.0625,2
four_domain_state_coverage_v1,t5gemma,person,43,target_object,test_P,1,15,96,0.15625,5
four_domain_state_coverage_v1,t5gemma,person,43,target_object,test_P,2,15,96,0.15625,5
four_domain_state_coverage_v1,t5gemma,person,43,target_object,test_P,3,9,96,0.09375,3
four_domain_state_coverage_v1,t5gemma,person,43,target_object,test_P,4,15,96,0.15625,5
four_domain_state_coverage_v1,t5gemma,person,43,target_object,test_P,5,12,96,0.125,4
four_domain_state_coverage_v1,t5gemma,person,43,target_object,test_P,6,9,96,0.09375,3
four_domain_state_coverage_v1,t5gemma,person,43,target_object,test_P,7,15,96,0.15625,5
four_domain_state_coverage_v1,t5gemma,person,43,target_object,test_Q,0,6,96,0.0625,2
four_domain_state_coverage_v1,t5gemma,person,43,target_object,test_Q,1,15,96,0.15625,5
four_domain_state_coverage_v1,t5gemma,person,43,target_object,test_Q,2,15,96,0.15625,5
four_domain_state_coverage_v1,t5gemma,person,43,target_object,test_Q,3,9,96,0.09375,3
four_domain_state_coverage_v1,t5gemma,person,43,target_object,test_Q,4,15,96,0.15625,5
four_domain_state_coverage_v1,t5gemma,person,43,target_object,test_Q,5,12,96,0.125,4
four_domain_state_coverage_v1,t5gemma,person,43,target_object,test_Q,6,9,96,0.09375,3
four_domain_state_coverage_v1,t5gemma,person,43,target_object,test_Q,7,15,96,0.15625,5
four_domain_state_coverage_v1,t5gemma,person,43,target_object,test_U,0,6,96,0.0625,2
four_domain_state_coverage_v1,t5gemma,person,43,target_object,test_U,1,15,96,0.15625,5
four_domain_state_coverage_v1,t5gemma,person,43,target_object,test_U,2,15,96,0.15625,5
four_domain_state_coverage_v1,t5gemma,person,43,target_object,test_U,3,9,96,0.09375,3
four_domain_state_coverage_v1,t5gemma,person,43,target_object,test_U,4,15,96,0.15625,5
four_domain_state_coverage_v1,t5gemma,person,43,target_object,test_U,5,12,96,0.125,4
four_domain_state_coverage_v1,t5gemma,person,43,target_object,test_U,6,9,96,0.09375,3
four_domain_state_coverage_v1,t5gemma,person,43,target_object,test_U,7,15,96,0.15625,5
four_domain_state_coverage_v1,t5gemma,person,43,target_subject,train_P,0,12,72,0.16666666666666666,4
four_domain_state_coverage_v1,t5gemma,person,43,target_subject,train_P,1,6,72,0.08333333333333333,2
four_domain_state_coverage_v1,t5gemma,person,43,target_subject,train_P,2,12,72,0.16666666666666666,4
four_domain_state_coverage_v1,t5gemma,person,43,target_subject,train_P,3,6,72,0.08333333333333333,2
four_domain_state_coverage_v1,t5gemma,person,43,target_subject,train_P,4,12,72,0.16666666666666666,4
four_domain_state_coverage_v1,t5gemma,person,43,target_subject,train_P,5,6,72,0.08333333333333333,2
four_domain_state_coverage_v1,t5gemma,person,43,target_subject,train_P,6,6,72,0.08333333333333333,2
four_domain_state_coverage_v1,t5gemma,person,43,target_subject,train_P,7,12,72,0.16666666666666666,4
four_domain_state_coverage_v1,t5gemma,person,43,target_subject,test_P,0,3,96,0.03125,1
four_domain_state_coverage_v1,t5gemma,person,43,target_subject,test_P,1,18,96,0.1875,6
four_domain_state_coverage_v1,t5gemma,person,43,target_subject,test_P,2,18,96,0.1875,6
four_domain_state_coverage_v1,t5gemma,person,43,target_subject,test_P,3,12,96,0.125,4
four_domain_state_coverage_v1,t5gemma,person,43,target_subject,test_P,4,9,96,0.09375,3
four_domain_state_coverage_v1,t5gemma,person,43,target_subject,test_P,5,6,96,0.0625,2
four_domain_state_coverage_v1,t5gemma,person,43,target_subject,test_P,6,9,96,0.09375,3
four_domain_state_coverage_v1,t5gemma,person,43,target_subject,test_P,7,21,96,0.21875,7
four_domain_state_coverage_v1,t5gemma,person,43,target_subject,test_Q,0,3,96,0.03125,1
four_domain_state_coverage_v1,t5gemma,person,43,target_subject,test_Q,1,18,96,0.1875,6
four_domain_state_coverage_v1,t5gemma,person,43,target_subject,test_Q,2,18,96,0.1875,6
four_domain_state_coverage_v1,t5gemma,person,43,target_subject,test_Q,3,12,96,0.125,4
four_domain_state_coverage_v1,t5gemma,person,43,target_subject,test_Q,4,9,96,0.09375,3
four_domain_state_coverage_v1,t5gemma,person,43,target_subject,test_Q,5,6,96,0.0625,2
four_domain_state_coverage_v1,t5gemma,person,43,target_subject,test_Q,6,9,96,0.09375,3
four_domain_state_coverage_v1,t5gemma,person,43,target_subject,test_Q,7,21,96,0.21875,7
four_domain_state_coverage_v1,t5gemma,person,43,target_subject,test_U,0,3,96,0.03125,1
four_domain_state_coverage_v1,t5gemma,person,43,target_subject,test_U,1,18,96,0.1875,6
four_domain_state_coverage_v1,t5gemma,person,43,target_subject,test_U,2,18,96,0.1875,6
four_domain_state_coverage_v1,t5gemma,person,43,target_subject,test_U,3,12,96,0.125,4
four_domain_state_coverage_v1,t5gemma,person,43,target_subject,test_U,4,9,96,0.09375,3
four_domain_state_coverage_v1,t5gemma,person,43,target_subject,test_U,5,6,96,0.0625,2
four_domain_state_coverage_v1,t5gemma,person,43,target_subject,test_U,6,9,96,0.09375,3
four_domain_state_coverage_v1,t5gemma,person,43,target_subject,test_U,7,21,96,0.21875,7
four_domain_state_coverage_v1,t5gemma,person,43,anchor_owner,train_P,0,10,72,0.1388888888888889,10
four_domain_state_coverage_v1,t5gemma,person,43,anchor_owner,train_P,1,9,72,0.125,9
four_domain_state_coverage_v1,t5gemma,person,43,anchor_owner,train_P,2,9,72,0.125,9
four_domain_state_coverage_v1,t5gemma,person,43,anchor_owner,train_P,3,6,72,0.08333333333333333,6
four_domain_state_coverage_v1,t5gemma,person,43,anchor_owner,train_P,4,10,72,0.1388888888888889,10
four_domain_state_coverage_v1,t5gemma,person,43,anchor_owner,train_P,5,6,72,0.08333333333333333,6
four_domain_state_coverage_v1,t5gemma,person,43,anchor_owner,train_P,6,9,72,0.125,9
four_domain_state_coverage_v1,t5gemma,person,43,anchor_owner,train_P,7,13,72,0.18055555555555555,13
four_domain_state_coverage_v1,t5gemma,person,43,anchor_owner,test_P,0,15,96,0.15625,15
four_domain_state_coverage_v1,t5gemma,person,43,anchor_owner,test_P,1,12,96,0.125,12
four_domain_state_coverage_v1,t5gemma,person,43,anchor_owner,test_P,2,12,96,0.125,12
four_domain_state_coverage_v1,t5gemma,person,43,anchor_owner,test_P,3,11,96,0.11458333333333333,11
four_domain_state_coverage_v1,t5gemma,person,43,anchor_owner,test_P,4,16,96,0.16666666666666666,16
four_domain_state_coverage_v1,t5gemma,person,43,anchor_owner,test_P,5,9,96,0.09375,9
four_domain_state_coverage_v1,t5gemma,person,43,anchor_owner,test_P,6,8,96,0.08333333333333333,8
four_domain_state_coverage_v1,t5gemma,person,43,anchor_owner,test_P,7,13,96,0.13541666666666666,13
four_domain_state_coverage_v1,t5gemma,person,43,anchor_owner,test_Q,0,15,96,0.15625,15
four_domain_state_coverage_v1,t5gemma,person,43,anchor_owner,test_Q,1,12,96,0.125,12
four_domain_state_coverage_v1,t5gemma,person,43,anchor_owner,test_Q,2,12,96,0.125,12
four_domain_state_coverage_v1,t5gemma,person,43,anchor_owner,test_Q,3,11,96,0.11458333333333333,11
four_domain_state_coverage_v1,t5gemma,person,43,anchor_owner,test_Q,4,16,96,0.16666666666666666,16
four_domain_state_coverage_v1,t5gemma,person,43,anchor_owner,test_Q,5,9,96,0.09375,9
four_domain_state_coverage_v1,t5gemma,person,43,anchor_owner,test_Q,6,8,96,0.08333333333333333,8
four_domain_state_coverage_v1,t5gemma,person,43,anchor_owner,test_Q,7,13,96,0.13541666666666666,13
four_domain_state_coverage_v1,t5gemma,person,43,anchor_owner,test_U,0,15,96,0.15625,15
four_domain_state_coverage_v1,t5gemma,person,43,anchor_owner,test_U,1,12,96,0.125,12
four_domain_state_coverage_v1,t5gemma,person,43,anchor_owner,test_U,2,12,96,0.125,12
four_domain_state_coverage_v1,t5gemma,person,43,anchor_owner,test_U,3,11,96,0.11458333333333333,11
four_domain_state_coverage_v1,t5gemma,person,43,anchor_owner,test_U,4,16,96,0.16666666666666666,16
four_domain_state_coverage_v1,t5gemma,person,43,anchor_owner,test_U,5,9,96,0.09375,9
four_domain_state_coverage_v1,t5gemma,person,43,anchor_owner,test_U,6,8,96,0.08333333333333333,8
four_domain_state_coverage_v1,t5gemma,person,43,anchor_owner,test_U,7,13,96,0.13541666666666666,13
four_domain_state_coverage_v1,t5gemma,person,43,listener_identity,train_P,0,10,72,0.1388888888888889,10
four_domain_state_coverage_v1,t5gemma,person,43,listener_identity,train_P,1,9,72,0.125,9
four_domain_state_coverage_v1,t5gemma,person,43,listener_identity,train_P,2,9,72,0.125,9
four_domain_state_coverage_v1,t5gemma,person,43,listener_identity,train_P,3,6,72,0.08333333333333333,6
four_domain_state_coverage_v1,t5gemma,person,43,listener_identity,train_P,4,10,72,0.1388888888888889,10
four_domain_state_coverage_v1,t5gemma,person,43,listener_identity,train_P,5,6,72,0.08333333333333333,6
four_domain_state_coverage_v1,t5gemma,person,43,listener_identity,train_P,6,9,72,0.125,9
four_domain_state_coverage_v1,t5gemma,person,43,listener_identity,train_P,7,13,72,0.18055555555555555,13
four_domain_state_coverage_v1,t5gemma,person,43,listener_identity,test_P,0,15,96,0.15625,15
four_domain_state_coverage_v1,t5gemma,person,43,listener_identity,test_P,1,12,96,0.125,12
four_domain_state_coverage_v1,t5gemma,person,43,listener_identity,test_P,2,12,96,0.125,12
four_domain_state_coverage_v1,t5gemma,person,43,listener_identity,test_P,3,11,96,0.11458333333333333,11
four_domain_state_coverage_v1,t5gemma,person,43,listener_identity,test_P,4,16,96,0.16666666666666666,16
four_domain_state_coverage_v1,t5gemma,person,43,listener_identity,test_P,5,9,96,0.09375,9
four_domain_state_coverage_v1,t5gemma,person,43,listener_identity,test_P,6,8,96,0.08333333333333333,8
four_domain_state_coverage_v1,t5gemma,person,43,listener_identity,test_P,7,13,96,0.13541666666666666,13
four_domain_state_coverage_v1,t5gemma,person,43,listener_identity,test_Q,0,15,96,0.15625,15
four_domain_state_coverage_v1,t5gemma,person,43,listener_identity,test_Q,1,12,96,0.125,12
four_domain_state_coverage_v1,t5gemma,person,43,listener_identity,test_Q,2,12,96,0.125,12
four_domain_state_coverage_v1,t5gemma,person,43,listener_identity,test_Q,3,11,96,0.11458333333333333,11
four_domain_state_coverage_v1,t5gemma,person,43,listener_identity,test_Q,4,16,96,0.16666666666666666,16
four_domain_state_coverage_v1,t5gemma,person,43,listener_identity,test_Q,5,9,96,0.09375,9
four_domain_state_coverage_v1,t5gemma,person,43,listener_identity,test_Q,6,8,96,0.08333333333333333,8
four_domain_state_coverage_v1,t5gemma,person,43,listener_identity,test_Q,7,13,96,0.13541666666666666,13
four_domain_state_coverage_v1,t5gemma,person,43,listener_identity,test_U,0,15,96,0.15625,15
four_domain_state_coverage_v1,t5gemma,person,43,listener_identity,test_U,1,12,96,0.125,12
four_domain_state_coverage_v1,t5gemma,person,43,listener_identity,test_U,2,12,96,0.125,12
four_domain_state_coverage_v1,t5gemma,person,43,listener_identity,test_U,3,11,96,0.11458333333333333,11
four_domain_state_coverage_v1,t5gemma,person,43,listener_identity,test_U,4,16,96,0.16666666666666666,16
four_domain_state_coverage_v1,t5gemma,person,43,listener_identity,test_U,5,9,96,0.09375,9
four_domain_state_coverage_v1,t5gemma,person,43,listener_identity,test_U,6,8,96,0.08333333333333333,8
four_domain_state_coverage_v1,t5gemma,person,43,listener_identity,test_U,7,13,96,0.13541666666666666,13
four_domain_state_coverage_v1,t5gemma,person,43,agent_identity,train_P,0,12,72,0.16666666666666666,4
four_domain_state_coverage_v1,t5gemma,person,43,agent_identity,train_P,1,6,72,0.08333333333333333,2
four_domain_state_coverage_v1,t5gemma,person,43,agent_identity,train_P,2,12,72,0.16666666666666666,4
four_domain_state_coverage_v1,t5gemma,person,43,agent_identity,train_P,3,6,72,0.08333333333333333,2
four_domain_state_coverage_v1,t5gemma,person,43,agent_identity,train_P,4,12,72,0.16666666666666666,4
four_domain_state_coverage_v1,t5gemma,person,43,agent_identity,train_P,5,6,72,0.08333333333333333,2
four_domain_state_coverage_v1,t5gemma,person,43,agent_identity,train_P,6,6,72,0.08333333333333333,2
four_domain_state_coverage_v1,t5gemma,person,43,agent_identity,train_P,7,12,72,0.16666666666666666,4
four_domain_state_coverage_v1,t5gemma,person,43,agent_identity,test_P,0,3,96,0.03125,1
four_domain_state_coverage_v1,t5gemma,person,43,agent_identity,test_P,1,18,96,0.1875,6
four_domain_state_coverage_v1,t5gemma,person,43,agent_identity,test_P,2,18,96,0.1875,6
four_domain_state_coverage_v1,t5gemma,person,43,agent_identity,test_P,3,12,96,0.125,4
four_domain_state_coverage_v1,t5gemma,person,43,agent_identity,test_P,4,9,96,0.09375,3
four_domain_state_coverage_v1,t5gemma,person,43,agent_identity,test_P,5,6,96,0.0625,2
four_domain_state_coverage_v1,t5gemma,person,43,agent_identity,test_P,6,9,96,0.09375,3
four_domain_state_coverage_v1,t5gemma,person,43,agent_identity,test_P,7,21,96,0.21875,7
four_domain_state_coverage_v1,t5gemma,person,43,agent_identity,test_Q,0,3,96,0.03125,1
four_domain_state_coverage_v1,t5gemma,person,43,agent_identity,test_Q,1,18,96,0.1875,6
four_domain_state_coverage_v1,t5gemma,person,43,agent_identity,test_Q,2,18,96,0.1875,6
four_domain_state_coverage_v1,t5gemma,person,43,agent_identity,test_Q,3,12,96,0.125,4
four_domain_state_coverage_v1,t5gemma,person,43,agent_identity,test_Q,4,9,96,0.09375,3
four_domain_state_coverage_v1,t5gemma,person,43,agent_identity,test_Q,5,6,96,0.0625,2
four_domain_state_coverage_v1,t5gemma,person,43,agent_identity,test_Q,6,9,96,0.09375,3
four_domain_state_coverage_v1,t5gemma,person,43,agent_identity,test_Q,7,21,96,0.21875,7
four_domain_state_coverage_v1,t5gemma,person,43,agent_identity,test_U,0,3,96,0.03125,1
four_domain_state_coverage_v1,t5gemma,person,43,agent_identity,test_U,1,18,96,0.1875,6
four_domain_state_coverage_v1,t5gemma,person,43,agent_identity,test_U,2,18,96,0.1875,6
four_domain_state_coverage_v1,t5gemma,person,43,agent_identity,test_U,3,12,96,0.125,4
four_domain_state_coverage_v1,t5gemma,person,43,agent_identity,test_U,4,9,96,0.09375,3
four_domain_state_coverage_v1,t5gemma,person,43,agent_identity,test_U,5,6,96,0.0625,2
four_domain_state_coverage_v1,t5gemma,person,43,agent_identity,test_U,6,9,96,0.09375,3
four_domain_state_coverage_v1,t5gemma,person,43,agent_identity,test_U,7,21,96,0.21875,7
four_domain_state_coverage_v1,t5gemma,person,43,patient_identity,train_P,0,12,72,0.16666666666666666,4
four_domain_state_coverage_v1,t5gemma,person,43,patient_identity,train_P,1,12,72,0.16666666666666666,4
four_domain_state_coverage_v1,t5gemma,person,43,patient_identity,train_P,2,9,72,0.125,3
four_domain_state_coverage_v1,t5gemma,person,43,patient_identity,train_P,3,3,72,0.041666666666666664,1
four_domain_state_coverage_v1,t5gemma,person,43,patient_identity,train_P,4,6,72,0.08333333333333333,2
four_domain_state_coverage_v1,t5gemma,person,43,patient_identity,train_P,5,9,72,0.125,3
four_domain_state_coverage_v1,t5gemma,person,43,patient_identity,train_P,6,15,72,0.20833333333333334,5
four_domain_state_coverage_v1,t5gemma,person,43,patient_identity,train_P,7,6,72,0.08333333333333333,2
four_domain_state_coverage_v1,t5gemma,person,43,patient_identity,test_P,0,18,96,0.1875,6
four_domain_state_coverage_v1,t5gemma,person,43,patient_identity,test_P,1,3,96,0.03125,1
four_domain_state_coverage_v1,t5gemma,person,43,patient_identity,test_P,2,9,96,0.09375,3
four_domain_state_coverage_v1,t5gemma,person,43,patient_identity,test_P,3,18,96,0.1875,6
four_domain_state_coverage_v1,t5gemma,person,43,patient_identity,test_P,4,18,96,0.1875,6
four_domain_state_coverage_v1,t5gemma,person,43,patient_identity,test_P,5,15,96,0.15625,5
four_domain_state_coverage_v1,t5gemma,person,43,patient_identity,test_P,6,9,96,0.09375,3
four_domain_state_coverage_v1,t5gemma,person,43,patient_identity,test_P,7,6,96,0.0625,2
four_domain_state_coverage_v1,t5gemma,person,43,patient_identity,test_Q,0,18,96,0.1875,6
four_domain_state_coverage_v1,t5gemma,person,43,patient_identity,test_Q,1,3,96,0.03125,1
four_domain_state_coverage_v1,t5gemma,person,43,patient_identity,test_Q,2,9,96,0.09375,3
four_domain_state_coverage_v1,t5gemma,person,43,patient_identity,test_Q,3,18,96,0.1875,6
four_domain_state_coverage_v1,t5gemma,person,43,patient_identity,test_Q,4,18,96,0.1875,6
four_domain_state_coverage_v1,t5gemma,person,43,patient_identity,test_Q,5,15,96,0.15625,5
four_domain_state_coverage_v1,t5gemma,person,43,patient_identity,test_Q,6,9,96,0.09375,3
four_domain_state_coverage_v1,t5gemma,person,43,patient_identity,test_Q,7,6,96,0.0625,2
four_domain_state_coverage_v1,t5gemma,person,43,patient_identity,test_U,0,18,96,0.1875,6
four_domain_state_coverage_v1,t5gemma,person,43,patient_identity,test_U,1,3,96,0.03125,1
four_domain_state_coverage_v1,t5gemma,person,43,patient_identity,test_U,2,9,96,0.09375,3
four_domain_state_coverage_v1,t5gemma,person,43,patient_identity,test_U,3,18,96,0.1875,6
four_domain_state_coverage_v1,t5gemma,person,43,patient_identity,test_U,4,18,96,0.1875,6
four_domain_state_coverage_v1,t5gemma,person,43,patient_identity,test_U,5,15,96,0.15625,5
four_domain_state_coverage_v1,t5gemma,person,43,patient_identity,test_U,6,9,96,0.09375,3
four_domain_state_coverage_v1,t5gemma,person,43,patient_identity,test_U,7,6,96,0.0625,2
four_domain_state_coverage_v1,t5gemma,person,43,owner_identity,train_P,0,6,72,0.08333333333333333,2
four_domain_state_coverage_v1,t5gemma,person,43,owner_identity,train_P,1,9,72,0.125,3
four_domain_state_coverage_v1,t5gemma,person,43,owner_identity,train_P,2,6,72,0.08333333333333333,2
four_domain_state_coverage_v1,t5gemma,person,43,owner_identity,train_P,3,9,72,0.125,3
four_domain_state_coverage_v1,t5gemma,person,43,owner_identity,train_P,4,12,72,0.16666666666666666,4
four_domain_state_coverage_v1,t5gemma,person,43,owner_identity,train_P,5,3,72,0.041666666666666664,1
four_domain_state_coverage_v1,t5gemma,person,43,owner_identity,train_P,6,6,72,0.08333333333333333,2
four_domain_state_coverage_v1,t5gemma,person,43,owner_identity,train_P,7,21,72,0.2916666666666667,7
four_domain_state_coverage_v1,t5gemma,person,43,owner_identity,test_P,0,24,96,0.25,8
four_domain_state_coverage_v1,t5gemma,person,43,owner_identity,test_P,1,15,96,0.15625,5
four_domain_state_coverage_v1,t5gemma,person,43,owner_identity,test_P,2,9,96,0.09375,3
four_domain_state_coverage_v1,t5gemma,person,43,owner_identity,test_P,3,3,96,0.03125,1
four_domain_state_coverage_v1,t5gemma,person,43,owner_identity,test_P,4,21,96,0.21875,7
four_domain_state_coverage_v1,t5gemma,person,43,owner_identity,test_P,5,6,96,0.0625,2
four_domain_state_coverage_v1,t5gemma,person,43,owner_identity,test_P,6,6,96,0.0625,2
four_domain_state_coverage_v1,t5gemma,person,43,owner_identity,test_P,7,12,96,0.125,4
four_domain_state_coverage_v1,t5gemma,person,43,owner_identity,test_Q,0,24,96,0.25,8
four_domain_state_coverage_v1,t5gemma,person,43,owner_identity,test_Q,1,15,96,0.15625,5
four_domain_state_coverage_v1,t5gemma,person,43,owner_identity,test_Q,2,9,96,0.09375,3
four_domain_state_coverage_v1,t5gemma,person,43,owner_identity,test_Q,3,3,96,0.03125,1
four_domain_state_coverage_v1,t5gemma,person,43,owner_identity,test_Q,4,21,96,0.21875,7
four_domain_state_coverage_v1,t5gemma,person,43,owner_identity,test_Q,5,6,96,0.0625,2
four_domain_state_coverage_v1,t5gemma,person,43,owner_identity,test_Q,6,6,96,0.0625,2
four_domain_state_coverage_v1,t5gemma,person,43,owner_identity,test_Q,7,12,96,0.125,4
four_domain_state_coverage_v1,t5gemma,person,43,owner_identity,test_U,0,24,96,0.25,8
four_domain_state_coverage_v1,t5gemma,person,43,owner_identity,test_U,1,15,96,0.15625,5
four_domain_state_coverage_v1,t5gemma,person,43,owner_identity,test_U,2,9,96,0.09375,3
four_domain_state_coverage_v1,t5gemma,person,43,owner_identity,test_U,3,3,96,0.03125,1
four_domain_state_coverage_v1,t5gemma,person,43,owner_identity,test_U,4,21,96,0.21875,7
four_domain_state_coverage_v1,t5gemma,person,43,owner_identity,test_U,5,6,96,0.0625,2
four_domain_state_coverage_v1,t5gemma,person,43,owner_identity,test_U,6,6,96,0.0625,2
four_domain_state_coverage_v1,t5gemma,person,43,owner_identity,test_U,7,12,96,0.125,4
four_domain_state_coverage_v1,t5gemma,person,44,current_state,train_P,0,24,72,0.3333333333333333,24
four_domain_state_coverage_v1,t5gemma,person,44,current_state,train_P,1,24,72,0.3333333333333333,24
four_domain_state_coverage_v1,t5gemma,person,44,current_state,train_P,2,24,72,0.3333333333333333,24
four_domain_state_coverage_v1,t5gemma,person,44,current_state,test_P,0,32,96,0.3333333333333333,32
four_domain_state_coverage_v1,t5gemma,person,44,current_state,test_P,1,32,96,0.3333333333333333,32
four_domain_state_coverage_v1,t5gemma,person,44,current_state,test_P,2,32,96,0.3333333333333333,32
four_domain_state_coverage_v1,t5gemma,person,44,current_state,test_Q,0,32,96,0.3333333333333333,32
four_domain_state_coverage_v1,t5gemma,person,44,current_state,test_Q,1,32,96,0.3333333333333333,32
four_domain_state_coverage_v1,t5gemma,person,44,current_state,test_Q,2,32,96,0.3333333333333333,32
four_domain_state_coverage_v1,t5gemma,person,44,current_state,test_U,0,32,96,0.3333333333333333,32
four_domain_state_coverage_v1,t5gemma,person,44,current_state,test_U,1,32,96,0.3333333333333333,32
four_domain_state_coverage_v1,t5gemma,person,44,current_state,test_U,2,32,96,0.3333333333333333,32
four_domain_state_coverage_v1,t5gemma,person,44,target_object,train_P,0,6,72,0.08333333333333333,2
four_domain_state_coverage_v1,t5gemma,person,44,target_object,train_P,1,15,72,0.20833333333333334,5
four_domain_state_coverage_v1,t5gemma,person,44,target_object,train_P,2,9,72,0.125,3
four_domain_state_coverage_v1,t5gemma,person,44,target_object,train_P,3,9,72,0.125,3
four_domain_state_coverage_v1,t5gemma,person,44,target_object,train_P,4,6,72,0.08333333333333333,2
four_domain_state_coverage_v1,t5gemma,person,44,target_object,train_P,5,9,72,0.125,3
four_domain_state_coverage_v1,t5gemma,person,44,target_object,train_P,6,15,72,0.20833333333333334,5
four_domain_state_coverage_v1,t5gemma,person,44,target_object,train_P,7,3,72,0.041666666666666664,1
four_domain_state_coverage_v1,t5gemma,person,44,target_object,test_P,0,6,96,0.0625,2
four_domain_state_coverage_v1,t5gemma,person,44,target_object,test_P,1,15,96,0.15625,5
four_domain_state_coverage_v1,t5gemma,person,44,target_object,test_P,2,15,96,0.15625,5
four_domain_state_coverage_v1,t5gemma,person,44,target_object,test_P,3,9,96,0.09375,3
four_domain_state_coverage_v1,t5gemma,person,44,target_object,test_P,4,15,96,0.15625,5
four_domain_state_coverage_v1,t5gemma,person,44,target_object,test_P,5,12,96,0.125,4
four_domain_state_coverage_v1,t5gemma,person,44,target_object,test_P,6,9,96,0.09375,3
four_domain_state_coverage_v1,t5gemma,person,44,target_object,test_P,7,15,96,0.15625,5
four_domain_state_coverage_v1,t5gemma,person,44,target_object,test_Q,0,6,96,0.0625,2
four_domain_state_coverage_v1,t5gemma,person,44,target_object,test_Q,1,15,96,0.15625,5
four_domain_state_coverage_v1,t5gemma,person,44,target_object,test_Q,2,15,96,0.15625,5
four_domain_state_coverage_v1,t5gemma,person,44,target_object,test_Q,3,9,96,0.09375,3
four_domain_state_coverage_v1,t5gemma,person,44,target_object,test_Q,4,15,96,0.15625,5
four_domain_state_coverage_v1,t5gemma,person,44,target_object,test_Q,5,12,96,0.125,4
four_domain_state_coverage_v1,t5gemma,person,44,target_object,test_Q,6,9,96,0.09375,3
four_domain_state_coverage_v1,t5gemma,person,44,target_object,test_Q,7,15,96,0.15625,5
four_domain_state_coverage_v1,t5gemma,person,44,target_object,test_U,0,6,96,0.0625,2
four_domain_state_coverage_v1,t5gemma,person,44,target_object,test_U,1,15,96,0.15625,5
four_domain_state_coverage_v1,t5gemma,person,44,target_object,test_U,2,15,96,0.15625,5
four_domain_state_coverage_v1,t5gemma,person,44,target_object,test_U,3,9,96,0.09375,3
four_domain_state_coverage_v1,t5gemma,person,44,target_object,test_U,4,15,96,0.15625,5
four_domain_state_coverage_v1,t5gemma,person,44,target_object,test_U,5,12,96,0.125,4
four_domain_state_coverage_v1,t5gemma,person,44,target_object,test_U,6,9,96,0.09375,3
four_domain_state_coverage_v1,t5gemma,person,44,target_object,test_U,7,15,96,0.15625,5
four_domain_state_coverage_v1,t5gemma,person,44,target_subject,train_P,0,12,72,0.16666666666666666,4
four_domain_state_coverage_v1,t5gemma,person,44,target_subject,train_P,1,6,72,0.08333333333333333,2
four_domain_state_coverage_v1,t5gemma,person,44,target_subject,train_P,2,12,72,0.16666666666666666,4
four_domain_state_coverage_v1,t5gemma,person,44,target_subject,train_P,3,6,72,0.08333333333333333,2
four_domain_state_coverage_v1,t5gemma,person,44,target_subject,train_P,4,12,72,0.16666666666666666,4
four_domain_state_coverage_v1,t5gemma,person,44,target_subject,train_P,5,6,72,0.08333333333333333,2
four_domain_state_coverage_v1,t5gemma,person,44,target_subject,train_P,6,6,72,0.08333333333333333,2
four_domain_state_coverage_v1,t5gemma,person,44,target_subject,train_P,7,12,72,0.16666666666666666,4
four_domain_state_coverage_v1,t5gemma,person,44,target_subject,test_P,0,3,96,0.03125,1
four_domain_state_coverage_v1,t5gemma,person,44,target_subject,test_P,1,18,96,0.1875,6
four_domain_state_coverage_v1,t5gemma,person,44,target_subject,test_P,2,18,96,0.1875,6
four_domain_state_coverage_v1,t5gemma,person,44,target_subject,test_P,3,12,96,0.125,4
four_domain_state_coverage_v1,t5gemma,person,44,target_subject,test_P,4,9,96,0.09375,3
four_domain_state_coverage_v1,t5gemma,person,44,target_subject,test_P,5,6,96,0.0625,2
four_domain_state_coverage_v1,t5gemma,person,44,target_subject,test_P,6,9,96,0.09375,3
four_domain_state_coverage_v1,t5gemma,person,44,target_subject,test_P,7,21,96,0.21875,7
four_domain_state_coverage_v1,t5gemma,person,44,target_subject,test_Q,0,3,96,0.03125,1
four_domain_state_coverage_v1,t5gemma,person,44,target_subject,test_Q,1,18,96,0.1875,6
four_domain_state_coverage_v1,t5gemma,person,44,target_subject,test_Q,2,18,96,0.1875,6
four_domain_state_coverage_v1,t5gemma,person,44,target_subject,test_Q,3,12,96,0.125,4
four_domain_state_coverage_v1,t5gemma,person,44,target_subject,test_Q,4,9,96,0.09375,3
four_domain_state_coverage_v1,t5gemma,person,44,target_subject,test_Q,5,6,96,0.0625,2
four_domain_state_coverage_v1,t5gemma,person,44,target_subject,test_Q,6,9,96,0.09375,3
four_domain_state_coverage_v1,t5gemma,person,44,target_subject,test_Q,7,21,96,0.21875,7
four_domain_state_coverage_v1,t5gemma,person,44,target_subject,test_U,0,3,96,0.03125,1
four_domain_state_coverage_v1,t5gemma,person,44,target_subject,test_U,1,18,96,0.1875,6
four_domain_state_coverage_v1,t5gemma,person,44,target_subject,test_U,2,18,96,0.1875,6
four_domain_state_coverage_v1,t5gemma,person,44,target_subject,test_U,3,12,96,0.125,4
four_domain_state_coverage_v1,t5gemma,person,44,target_subject,test_U,4,9,96,0.09375,3
four_domain_state_coverage_v1,t5gemma,person,44,target_subject,test_U,5,6,96,0.0625,2
four_domain_state_coverage_v1,t5gemma,person,44,target_subject,test_U,6,9,96,0.09375,3
four_domain_state_coverage_v1,t5gemma,person,44,target_subject,test_U,7,21,96,0.21875,7
four_domain_state_coverage_v1,t5gemma,person,44,anchor_owner,train_P,0,10,72,0.1388888888888889,10
four_domain_state_coverage_v1,t5gemma,person,44,anchor_owner,train_P,1,9,72,0.125,9
four_domain_state_coverage_v1,t5gemma,person,44,anchor_owner,train_P,2,9,72,0.125,9
four_domain_state_coverage_v1,t5gemma,person,44,anchor_owner,train_P,3,6,72,0.08333333333333333,6
four_domain_state_coverage_v1,t5gemma,person,44,anchor_owner,train_P,4,10,72,0.1388888888888889,10
four_domain_state_coverage_v1,t5gemma,person,44,anchor_owner,train_P,5,6,72,0.08333333333333333,6
four_domain_state_coverage_v1,t5gemma,person,44,anchor_owner,train_P,6,9,72,0.125,9
four_domain_state_coverage_v1,t5gemma,person,44,anchor_owner,train_P,7,13,72,0.18055555555555555,13
four_domain_state_coverage_v1,t5gemma,person,44,anchor_owner,test_P,0,15,96,0.15625,15
four_domain_state_coverage_v1,t5gemma,person,44,anchor_owner,test_P,1,12,96,0.125,12
four_domain_state_coverage_v1,t5gemma,person,44,anchor_owner,test_P,2,12,96,0.125,12
four_domain_state_coverage_v1,t5gemma,person,44,anchor_owner,test_P,3,11,96,0.11458333333333333,11
four_domain_state_coverage_v1,t5gemma,person,44,anchor_owner,test_P,4,16,96,0.16666666666666666,16
four_domain_state_coverage_v1,t5gemma,person,44,anchor_owner,test_P,5,9,96,0.09375,9
four_domain_state_coverage_v1,t5gemma,person,44,anchor_owner,test_P,6,8,96,0.08333333333333333,8
four_domain_state_coverage_v1,t5gemma,person,44,anchor_owner,test_P,7,13,96,0.13541666666666666,13
four_domain_state_coverage_v1,t5gemma,person,44,anchor_owner,test_Q,0,15,96,0.15625,15
four_domain_state_coverage_v1,t5gemma,person,44,anchor_owner,test_Q,1,12,96,0.125,12
four_domain_state_coverage_v1,t5gemma,person,44,anchor_owner,test_Q,2,12,96,0.125,12
four_domain_state_coverage_v1,t5gemma,person,44,anchor_owner,test_Q,3,11,96,0.11458333333333333,11
four_domain_state_coverage_v1,t5gemma,person,44,anchor_owner,test_Q,4,16,96,0.16666666666666666,16
four_domain_state_coverage_v1,t5gemma,person,44,anchor_owner,test_Q,5,9,96,0.09375,9
four_domain_state_coverage_v1,t5gemma,person,44,anchor_owner,test_Q,6,8,96,0.08333333333333333,8
four_domain_state_coverage_v1,t5gemma,person,44,anchor_owner,test_Q,7,13,96,0.13541666666666666,13
four_domain_state_coverage_v1,t5gemma,person,44,anchor_owner,test_U,0,15,96,0.15625,15
four_domain_state_coverage_v1,t5gemma,person,44,anchor_owner,test_U,1,12,96,0.125,12
four_domain_state_coverage_v1,t5gemma,person,44,anchor_owner,test_U,2,12,96,0.125,12
four_domain_state_coverage_v1,t5gemma,person,44,anchor_owner,test_U,3,11,96,0.11458333333333333,11
four_domain_state_coverage_v1,t5gemma,person,44,anchor_owner,test_U,4,16,96,0.16666666666666666,16
four_domain_state_coverage_v1,t5gemma,person,44,anchor_owner,test_U,5,9,96,0.09375,9
four_domain_state_coverage_v1,t5gemma,person,44,anchor_owner,test_U,6,8,96,0.08333333333333333,8
four_domain_state_coverage_v1,t5gemma,person,44,anchor_owner,test_U,7,13,96,0.13541666666666666,13
four_domain_state_coverage_v1,t5gemma,person,44,listener_identity,train_P,0,10,72,0.1388888888888889,10
four_domain_state_coverage_v1,t5gemma,person,44,listener_identity,train_P,1,9,72,0.125,9
four_domain_state_coverage_v1,t5gemma,person,44,listener_identity,train_P,2,9,72,0.125,9
four_domain_state_coverage_v1,t5gemma,person,44,listener_identity,train_P,3,6,72,0.08333333333333333,6
four_domain_state_coverage_v1,t5gemma,person,44,listener_identity,train_P,4,10,72,0.1388888888888889,10
four_domain_state_coverage_v1,t5gemma,person,44,listener_identity,train_P,5,6,72,0.08333333333333333,6
four_domain_state_coverage_v1,t5gemma,person,44,listener_identity,train_P,6,9,72,0.125,9
four_domain_state_coverage_v1,t5gemma,person,44,listener_identity,train_P,7,13,72,0.18055555555555555,13
four_domain_state_coverage_v1,t5gemma,person,44,listener_identity,test_P,0,15,96,0.15625,15
four_domain_state_coverage_v1,t5gemma,person,44,listener_identity,test_P,1,12,96,0.125,12
four_domain_state_coverage_v1,t5gemma,person,44,listener_identity,test_P,2,12,96,0.125,12
four_domain_state_coverage_v1,t5gemma,person,44,listener_identity,test_P,3,11,96,0.11458333333333333,11
four_domain_state_coverage_v1,t5gemma,person,44,listener_identity,test_P,4,16,96,0.16666666666666666,16
four_domain_state_coverage_v1,t5gemma,person,44,listener_identity,test_P,5,9,96,0.09375,9
four_domain_state_coverage_v1,t5gemma,person,44,listener_identity,test_P,6,8,96,0.08333333333333333,8
four_domain_state_coverage_v1,t5gemma,person,44,listener_identity,test_P,7,13,96,0.13541666666666666,13
four_domain_state_coverage_v1,t5gemma,person,44,listener_identity,test_Q,0,15,96,0.15625,15
four_domain_state_coverage_v1,t5gemma,person,44,listener_identity,test_Q,1,12,96,0.125,12
four_domain_state_coverage_v1,t5gemma,person,44,listener_identity,test_Q,2,12,96,0.125,12
four_domain_state_coverage_v1,t5gemma,person,44,listener_identity,test_Q,3,11,96,0.11458333333333333,11
four_domain_state_coverage_v1,t5gemma,person,44,listener_identity,test_Q,4,16,96,0.16666666666666666,16
four_domain_state_coverage_v1,t5gemma,person,44,listener_identity,test_Q,5,9,96,0.09375,9
four_domain_state_coverage_v1,t5gemma,person,44,listener_identity,test_Q,6,8,96,0.08333333333333333,8
four_domain_state_coverage_v1,t5gemma,person,44,listener_identity,test_Q,7,13,96,0.13541666666666666,13
four_domain_state_coverage_v1,t5gemma,person,44,listener_identity,test_U,0,15,96,0.15625,15
four_domain_state_coverage_v1,t5gemma,person,44,listener_identity,test_U,1,12,96,0.125,12
four_domain_state_coverage_v1,t5gemma,person,44,listener_identity,test_U,2,12,96,0.125,12
four_domain_state_coverage_v1,t5gemma,person,44,listener_identity,test_U,3,11,96,0.11458333333333333,11
four_domain_state_coverage_v1,t5gemma,person,44,listener_identity,test_U,4,16,96,0.16666666666666666,16
four_domain_state_coverage_v1,t5gemma,person,44,listener_identity,test_U,5,9,96,0.09375,9
four_domain_state_coverage_v1,t5gemma,person,44,listener_identity,test_U,6,8,96,0.08333333333333333,8
four_domain_state_coverage_v1,t5gemma,person,44,listener_identity,test_U,7,13,96,0.13541666666666666,13
four_domain_state_coverage_v1,t5gemma,person,44,agent_identity,train_P,0,12,72,0.16666666666666666,4
four_domain_state_coverage_v1,t5gemma,person,44,agent_identity,train_P,1,6,72,0.08333333333333333,2
four_domain_state_coverage_v1,t5gemma,person,44,agent_identity,train_P,2,12,72,0.16666666666666666,4
four_domain_state_coverage_v1,t5gemma,person,44,agent_identity,train_P,3,6,72,0.08333333333333333,2
four_domain_state_coverage_v1,t5gemma,person,44,agent_identity,train_P,4,12,72,0.16666666666666666,4
four_domain_state_coverage_v1,t5gemma,person,44,agent_identity,train_P,5,6,72,0.08333333333333333,2
four_domain_state_coverage_v1,t5gemma,person,44,agent_identity,train_P,6,6,72,0.08333333333333333,2
four_domain_state_coverage_v1,t5gemma,person,44,agent_identity,train_P,7,12,72,0.16666666666666666,4
four_domain_state_coverage_v1,t5gemma,person,44,agent_identity,test_P,0,3,96,0.03125,1
four_domain_state_coverage_v1,t5gemma,person,44,agent_identity,test_P,1,18,96,0.1875,6
four_domain_state_coverage_v1,t5gemma,person,44,agent_identity,test_P,2,18,96,0.1875,6
four_domain_state_coverage_v1,t5gemma,person,44,agent_identity,test_P,3,12,96,0.125,4
four_domain_state_coverage_v1,t5gemma,person,44,agent_identity,test_P,4,9,96,0.09375,3
four_domain_state_coverage_v1,t5gemma,person,44,agent_identity,test_P,5,6,96,0.0625,2
four_domain_state_coverage_v1,t5gemma,person,44,agent_identity,test_P,6,9,96,0.09375,3
four_domain_state_coverage_v1,t5gemma,person,44,agent_identity,test_P,7,21,96,0.21875,7
four_domain_state_coverage_v1,t5gemma,person,44,agent_identity,test_Q,0,3,96,0.03125,1
four_domain_state_coverage_v1,t5gemma,person,44,agent_identity,test_Q,1,18,96,0.1875,6
four_domain_state_coverage_v1,t5gemma,person,44,agent_identity,test_Q,2,18,96,0.1875,6
four_domain_state_coverage_v1,t5gemma,person,44,agent_identity,test_Q,3,12,96,0.125,4
four_domain_state_coverage_v1,t5gemma,person,44,agent_identity,test_Q,4,9,96,0.09375,3
four_domain_state_coverage_v1,t5gemma,person,44,agent_identity,test_Q,5,6,96,0.0625,2
four_domain_state_coverage_v1,t5gemma,person,44,agent_identity,test_Q,6,9,96,0.09375,3
four_domain_state_coverage_v1,t5gemma,person,44,agent_identity,test_Q,7,21,96,0.21875,7
four_domain_state_coverage_v1,t5gemma,person,44,agent_identity,test_U,0,3,96,0.03125,1
four_domain_state_coverage_v1,t5gemma,person,44,agent_identity,test_U,1,18,96,0.1875,6
four_domain_state_coverage_v1,t5gemma,person,44,agent_identity,test_U,2,18,96,0.1875,6
four_domain_state_coverage_v1,t5gemma,person,44,agent_identity,test_U,3,12,96,0.125,4
four_domain_state_coverage_v1,t5gemma,person,44,agent_identity,test_U,4,9,96,0.09375,3
four_domain_state_coverage_v1,t5gemma,person,44,agent_identity,test_U,5,6,96,0.0625,2
four_domain_state_coverage_v1,t5gemma,person,44,agent_identity,test_U,6,9,96,0.09375,3
four_domain_state_coverage_v1,t5gemma,person,44,agent_identity,test_U,7,21,96,0.21875,7
four_domain_state_coverage_v1,t5gemma,person,44,patient_identity,train_P,0,12,72,0.16666666666666666,4
four_domain_state_coverage_v1,t5gemma,person,44,patient_identity,train_P,1,12,72,0.16666666666666666,4
four_domain_state_coverage_v1,t5gemma,person,44,patient_identity,train_P,2,9,72,0.125,3
four_domain_state_coverage_v1,t5gemma,person,44,patient_identity,train_P,3,3,72,0.041666666666666664,1
four_domain_state_coverage_v1,t5gemma,person,44,patient_identity,train_P,4,6,72,0.08333333333333333,2
four_domain_state_coverage_v1,t5gemma,person,44,patient_identity,train_P,5,9,72,0.125,3
four_domain_state_coverage_v1,t5gemma,person,44,patient_identity,train_P,6,15,72,0.20833333333333334,5
four_domain_state_coverage_v1,t5gemma,person,44,patient_identity,train_P,7,6,72,0.08333333333333333,2
four_domain_state_coverage_v1,t5gemma,person,44,patient_identity,test_P,0,18,96,0.1875,6
four_domain_state_coverage_v1,t5gemma,person,44,patient_identity,test_P,1,3,96,0.03125,1
four_domain_state_coverage_v1,t5gemma,person,44,patient_identity,test_P,2,9,96,0.09375,3
four_domain_state_coverage_v1,t5gemma,person,44,patient_identity,test_P,3,18,96,0.1875,6
four_domain_state_coverage_v1,t5gemma,person,44,patient_identity,test_P,4,18,96,0.1875,6
four_domain_state_coverage_v1,t5gemma,person,44,patient_identity,test_P,5,15,96,0.15625,5
four_domain_state_coverage_v1,t5gemma,person,44,patient_identity,test_P,6,9,96,0.09375,3
four_domain_state_coverage_v1,t5gemma,person,44,patient_identity,test_P,7,6,96,0.0625,2
four_domain_state_coverage_v1,t5gemma,person,44,patient_identity,test_Q,0,18,96,0.1875,6
four_domain_state_coverage_v1,t5gemma,person,44,patient_identity,test_Q,1,3,96,0.03125,1
four_domain_state_coverage_v1,t5gemma,person,44,patient_identity,test_Q,2,9,96,0.09375,3
four_domain_state_coverage_v1,t5gemma,person,44,patient_identity,test_Q,3,18,96,0.1875,6
four_domain_state_coverage_v1,t5gemma,person,44,patient_identity,test_Q,4,18,96,0.1875,6
four_domain_state_coverage_v1,t5gemma,person,44,patient_identity,test_Q,5,15,96,0.15625,5
four_domain_state_coverage_v1,t5gemma,person,44,patient_identity,test_Q,6,9,96,0.09375,3
four_domain_state_coverage_v1,t5gemma,person,44,patient_identity,test_Q,7,6,96,0.0625,2
four_domain_state_coverage_v1,t5gemma,person,44,patient_identity,test_U,0,18,96,0.1875,6
four_domain_state_coverage_v1,t5gemma,person,44,patient_identity,test_U,1,3,96,0.03125,1
four_domain_state_coverage_v1,t5gemma,person,44,patient_identity,test_U,2,9,96,0.09375,3
four_domain_state_coverage_v1,t5gemma,person,44,patient_identity,test_U,3,18,96,0.1875,6
four_domain_state_coverage_v1,t5gemma,person,44,patient_identity,test_U,4,18,96,0.1875,6
four_domain_state_coverage_v1,t5gemma,person,44,patient_identity,test_U,5,15,96,0.15625,5
four_domain_state_coverage_v1,t5gemma,person,44,patient_identity,test_U,6,9,96,0.09375,3
four_domain_state_coverage_v1,t5gemma,person,44,patient_identity,test_U,7,6,96,0.0625,2
four_domain_state_coverage_v1,t5gemma,person,44,owner_identity,train_P,0,6,72,0.08333333333333333,2
four_domain_state_coverage_v1,t5gemma,person,44,owner_identity,train_P,1,9,72,0.125,3
four_domain_state_coverage_v1,t5gemma,person,44,owner_identity,train_P,2,6,72,0.08333333333333333,2
four_domain_state_coverage_v1,t5gemma,person,44,owner_identity,train_P,3,9,72,0.125,3
four_domain_state_coverage_v1,t5gemma,person,44,owner_identity,train_P,4,12,72,0.16666666666666666,4
four_domain_state_coverage_v1,t5gemma,person,44,owner_identity,train_P,5,3,72,0.041666666666666664,1
four_domain_state_coverage_v1,t5gemma,person,44,owner_identity,train_P,6,6,72,0.08333333333333333,2
four_domain_state_coverage_v1,t5gemma,person,44,owner_identity,train_P,7,21,72,0.2916666666666667,7
four_domain_state_coverage_v1,t5gemma,person,44,owner_identity,test_P,0,24,96,0.25,8
four_domain_state_coverage_v1,t5gemma,person,44,owner_identity,test_P,1,15,96,0.15625,5
four_domain_state_coverage_v1,t5gemma,person,44,owner_identity,test_P,2,9,96,0.09375,3
four_domain_state_coverage_v1,t5gemma,person,44,owner_identity,test_P,3,3,96,0.03125,1
four_domain_state_coverage_v1,t5gemma,person,44,owner_identity,test_P,4,21,96,0.21875,7
four_domain_state_coverage_v1,t5gemma,person,44,owner_identity,test_P,5,6,96,0.0625,2
four_domain_state_coverage_v1,t5gemma,person,44,owner_identity,test_P,6,6,96,0.0625,2
four_domain_state_coverage_v1,t5gemma,person,44,owner_identity,test_P,7,12,96,0.125,4
four_domain_state_coverage_v1,t5gemma,person,44,owner_identity,test_Q,0,24,96,0.25,8
four_domain_state_coverage_v1,t5gemma,person,44,owner_identity,test_Q,1,15,96,0.15625,5
four_domain_state_coverage_v1,t5gemma,person,44,owner_identity,test_Q,2,9,96,0.09375,3
four_domain_state_coverage_v1,t5gemma,person,44,owner_identity,test_Q,3,3,96,0.03125,1
four_domain_state_coverage_v1,t5gemma,person,44,owner_identity,test_Q,4,21,96,0.21875,7
four_domain_state_coverage_v1,t5gemma,person,44,owner_identity,test_Q,5,6,96,0.0625,2
four_domain_state_coverage_v1,t5gemma,person,44,owner_identity,test_Q,6,6,96,0.0625,2
four_domain_state_coverage_v1,t5gemma,person,44,owner_identity,test_Q,7,12,96,0.125,4
four_domain_state_coverage_v1,t5gemma,person,44,owner_identity,test_U,0,24,96,0.25,8
four_domain_state_coverage_v1,t5gemma,person,44,owner_identity,test_U,1,15,96,0.15625,5
four_domain_state_coverage_v1,t5gemma,person,44,owner_identity,test_U,2,9,96,0.09375,3
four_domain_state_coverage_v1,t5gemma,person,44,owner_identity,test_U,3,3,96,0.03125,1
four_domain_state_coverage_v1,t5gemma,person,44,owner_identity,test_U,4,21,96,0.21875,7
four_domain_state_coverage_v1,t5gemma,person,44,owner_identity,test_U,5,6,96,0.0625,2
four_domain_state_coverage_v1,t5gemma,person,44,owner_identity,test_U,6,6,96,0.0625,2
four_domain_state_coverage_v1,t5gemma,person,44,owner_identity,test_U,7,12,96,0.125,4
space_relation_confirmation_v1,t5gemma,space,42,current_state,train_P,0,24,96,0.25,24
space_relation_confirmation_v1,t5gemma,space,42,current_state,train_P,1,24,96,0.25,24
space_relation_confirmation_v1,t5gemma,space,42,current_state,train_P,2,24,96,0.25,24
space_relation_confirmation_v1,t5gemma,space,42,current_state,train_P,3,24,96,0.25,24
space_relation_confirmation_v1,t5gemma,space,42,current_state,test_P,0,32,128,0.25,32
space_relation_confirmation_v1,t5gemma,space,42,current_state,test_P,1,32,128,0.25,32
space_relation_confirmation_v1,t5gemma,space,42,current_state,test_P,2,32,128,0.25,32
space_relation_confirmation_v1,t5gemma,space,42,current_state,test_P,3,32,128,0.25,32
space_relation_confirmation_v1,t5gemma,space,42,current_state,test_Q,0,32,128,0.25,32
space_relation_confirmation_v1,t5gemma,space,42,current_state,test_Q,1,32,128,0.25,32
space_relation_confirmation_v1,t5gemma,space,42,current_state,test_Q,2,32,128,0.25,32
space_relation_confirmation_v1,t5gemma,space,42,current_state,test_Q,3,32,128,0.25,32
space_relation_confirmation_v1,t5gemma,space,42,current_state,test_U,0,32,128,0.25,32
space_relation_confirmation_v1,t5gemma,space,42,current_state,test_U,1,32,128,0.25,32
space_relation_confirmation_v1,t5gemma,space,42,current_state,test_U,2,32,128,0.25,32
space_relation_confirmation_v1,t5gemma,space,42,current_state,test_U,3,32,128,0.25,32
space_relation_confirmation_v1,t5gemma,space,42,target_object,train_P,0,12,96,0.125,3
space_relation_confirmation_v1,t5gemma,space,42,target_object,train_P,1,8,96,0.08333333333333333,2
space_relation_confirmation_v1,t5gemma,space,42,target_object,train_P,2,8,96,0.08333333333333333,2
space_relation_confirmation_v1,t5gemma,space,42,target_object,train_P,3,16,96,0.16666666666666666,4
space_relation_confirmation_v1,t5gemma,space,42,target_object,train_P,4,4,96,0.041666666666666664,1
space_relation_confirmation_v1,t5gemma,space,42,target_object,train_P,5,28,96,0.2916666666666667,7
space_relation_confirmation_v1,t5gemma,space,42,target_object,train_P,6,16,96,0.16666666666666666,4
space_relation_confirmation_v1,t5gemma,space,42,target_object,train_P,7,4,96,0.041666666666666664,1
space_relation_confirmation_v1,t5gemma,space,42,target_object,test_P,0,20,128,0.15625,5
space_relation_confirmation_v1,t5gemma,space,42,target_object,test_P,1,16,128,0.125,4
space_relation_confirmation_v1,t5gemma,space,42,target_object,test_P,2,24,128,0.1875,6
space_relation_confirmation_v1,t5gemma,space,42,target_object,test_P,3,20,128,0.15625,5
space_relation_confirmation_v1,t5gemma,space,42,target_object,test_P,4,16,128,0.125,4
space_relation_confirmation_v1,t5gemma,space,42,target_object,test_P,5,12,128,0.09375,3
space_relation_confirmation_v1,t5gemma,space,42,target_object,test_P,6,4,128,0.03125,1
space_relation_confirmation_v1,t5gemma,space,42,target_object,test_P,7,16,128,0.125,4
space_relation_confirmation_v1,t5gemma,space,42,target_object,test_Q,0,20,128,0.15625,5
space_relation_confirmation_v1,t5gemma,space,42,target_object,test_Q,1,16,128,0.125,4
space_relation_confirmation_v1,t5gemma,space,42,target_object,test_Q,2,24,128,0.1875,6
space_relation_confirmation_v1,t5gemma,space,42,target_object,test_Q,3,20,128,0.15625,5
space_relation_confirmation_v1,t5gemma,space,42,target_object,test_Q,4,16,128,0.125,4
space_relation_confirmation_v1,t5gemma,space,42,target_object,test_Q,5,12,128,0.09375,3
space_relation_confirmation_v1,t5gemma,space,42,target_object,test_Q,6,4,128,0.03125,1
space_relation_confirmation_v1,t5gemma,space,42,target_object,test_Q,7,16,128,0.125,4
space_relation_confirmation_v1,t5gemma,space,42,target_object,test_U,0,20,128,0.15625,5
space_relation_confirmation_v1,t5gemma,space,42,target_object,test_U,1,16,128,0.125,4
space_relation_confirmation_v1,t5gemma,space,42,target_object,test_U,2,24,128,0.1875,6
space_relation_confirmation_v1,t5gemma,space,42,target_object,test_U,3,20,128,0.15625,5
space_relation_confirmation_v1,t5gemma,space,42,target_object,test_U,4,16,128,0.125,4
space_relation_confirmation_v1,t5gemma,space,42,target_object,test_U,5,12,128,0.09375,3
space_relation_confirmation_v1,t5gemma,space,42,target_object,test_U,6,4,128,0.03125,1
space_relation_confirmation_v1,t5gemma,space,42,target_object,test_U,7,16,128,0.125,4
space_relation_confirmation_v1,t5gemma,space,42,target_subject,train_P,0,28,96,0.2916666666666667,7
space_relation_confirmation_v1,t5gemma,space,42,target_subject,train_P,1,8,96,0.08333333333333333,2
space_relation_confirmation_v1,t5gemma,space,42,target_subject,train_P,2,12,96,0.125,3
space_relation_confirmation_v1,t5gemma,space,42,target_subject,train_P,3,8,96,0.08333333333333333,2
space_relation_confirmation_v1,t5gemma,space,42,target_subject,train_P,4,12,96,0.125,3
space_relation_confirmation_v1,t5gemma,space,42,target_subject,train_P,5,12,96,0.125,3
space_relation_confirmation_v1,t5gemma,space,42,target_subject,train_P,6,8,96,0.08333333333333333,2
space_relation_confirmation_v1,t5gemma,space,42,target_subject,train_P,7,8,96,0.08333333333333333,2
space_relation_confirmation_v1,t5gemma,space,42,target_subject,test_P,0,8,128,0.0625,2
space_relation_confirmation_v1,t5gemma,space,42,target_subject,test_P,1,8,128,0.0625,2
space_relation_confirmation_v1,t5gemma,space,42,target_subject,test_P,2,16,128,0.125,4
space_relation_confirmation_v1,t5gemma,space,42,target_subject,test_P,3,12,128,0.09375,3
space_relation_confirmation_v1,t5gemma,space,42,target_subject,test_P,4,28,128,0.21875,7
space_relation_confirmation_v1,t5gemma,space,42,target_subject,test_P,5,8,128,0.0625,2
space_relation_confirmation_v1,t5gemma,space,42,target_subject,test_P,6,36,128,0.28125,9
space_relation_confirmation_v1,t5gemma,space,42,target_subject,test_P,7,12,128,0.09375,3
space_relation_confirmation_v1,t5gemma,space,42,target_subject,test_Q,0,8,128,0.0625,2
space_relation_confirmation_v1,t5gemma,space,42,target_subject,test_Q,1,8,128,0.0625,2
space_relation_confirmation_v1,t5gemma,space,42,target_subject,test_Q,2,16,128,0.125,4
space_relation_confirmation_v1,t5gemma,space,42,target_subject,test_Q,3,12,128,0.09375,3
space_relation_confirmation_v1,t5gemma,space,42,target_subject,test_Q,4,28,128,0.21875,7
space_relation_confirmation_v1,t5gemma,space,42,target_subject,test_Q,5,8,128,0.0625,2
space_relation_confirmation_v1,t5gemma,space,42,target_subject,test_Q,6,36,128,0.28125,9
space_relation_confirmation_v1,t5gemma,space,42,target_subject,test_Q,7,12,128,0.09375,3
space_relation_confirmation_v1,t5gemma,space,42,target_subject,test_U,0,8,128,0.0625,2
space_relation_confirmation_v1,t5gemma,space,42,target_subject,test_U,1,8,128,0.0625,2
space_relation_confirmation_v1,t5gemma,space,42,target_subject,test_U,2,16,128,0.125,4
space_relation_confirmation_v1,t5gemma,space,42,target_subject,test_U,3,12,128,0.09375,3
space_relation_confirmation_v1,t5gemma,space,42,target_subject,test_U,4,28,128,0.21875,7
space_relation_confirmation_v1,t5gemma,space,42,target_subject,test_U,5,8,128,0.0625,2
space_relation_confirmation_v1,t5gemma,space,42,target_subject,test_U,6,36,128,0.28125,9
space_relation_confirmation_v1,t5gemma,space,42,target_subject,test_U,7,12,128,0.09375,3
space_relation_confirmation_v1,t5gemma,space,42,anchor_owner,train_P,0,28,96,0.2916666666666667,7
space_relation_confirmation_v1,t5gemma,space,42,anchor_owner,train_P,1,8,96,0.08333333333333333,2
space_relation_confirmation_v1,t5gemma,space,42,anchor_owner,train_P,2,12,96,0.125,3
space_relation_confirmation_v1,t5gemma,space,42,anchor_owner,train_P,3,8,96,0.08333333333333333,2
space_relation_confirmation_v1,t5gemma,space,42,anchor_owner,train_P,4,12,96,0.125,3
space_relation_confirmation_v1,t5gemma,space,42,anchor_owner,train_P,5,12,96,0.125,3
space_relation_confirmation_v1,t5gemma,space,42,anchor_owner,train_P,6,8,96,0.08333333333333333,2
space_relation_confirmation_v1,t5gemma,space,42,anchor_owner,train_P,7,8,96,0.08333333333333333,2
space_relation_confirmation_v1,t5gemma,space,42,anchor_owner,test_P,0,8,128,0.0625,2
space_relation_confirmation_v1,t5gemma,space,42,anchor_owner,test_P,1,8,128,0.0625,2
space_relation_confirmation_v1,t5gemma,space,42,anchor_owner,test_P,2,16,128,0.125,4
space_relation_confirmation_v1,t5gemma,space,42,anchor_owner,test_P,3,12,128,0.09375,3
space_relation_confirmation_v1,t5gemma,space,42,anchor_owner,test_P,4,28,128,0.21875,7
space_relation_confirmation_v1,t5gemma,space,42,anchor_owner,test_P,5,8,128,0.0625,2
space_relation_confirmation_v1,t5gemma,space,42,anchor_owner,test_P,6,36,128,0.28125,9
space_relation_confirmation_v1,t5gemma,space,42,anchor_owner,test_P,7,12,128,0.09375,3
space_relation_confirmation_v1,t5gemma,space,42,anchor_owner,test_Q,0,8,128,0.0625,2
space_relation_confirmation_v1,t5gemma,space,42,anchor_owner,test_Q,1,8,128,0.0625,2
space_relation_confirmation_v1,t5gemma,space,42,anchor_owner,test_Q,2,16,128,0.125,4
space_relation_confirmation_v1,t5gemma,space,42,anchor_owner,test_Q,3,12,128,0.09375,3
space_relation_confirmation_v1,t5gemma,space,42,anchor_owner,test_Q,4,28,128,0.21875,7
space_relation_confirmation_v1,t5gemma,space,42,anchor_owner,test_Q,5,8,128,0.0625,2
space_relation_confirmation_v1,t5gemma,space,42,anchor_owner,test_Q,6,36,128,0.28125,9
space_relation_confirmation_v1,t5gemma,space,42,anchor_owner,test_Q,7,12,128,0.09375,3
space_relation_confirmation_v1,t5gemma,space,42,anchor_owner,test_U,0,8,128,0.0625,2
space_relation_confirmation_v1,t5gemma,space,42,anchor_owner,test_U,1,8,128,0.0625,2
space_relation_confirmation_v1,t5gemma,space,42,anchor_owner,test_U,2,16,128,0.125,4
space_relation_confirmation_v1,t5gemma,space,42,anchor_owner,test_U,3,12,128,0.09375,3
space_relation_confirmation_v1,t5gemma,space,42,anchor_owner,test_U,4,28,128,0.21875,7
space_relation_confirmation_v1,t5gemma,space,42,anchor_owner,test_U,5,8,128,0.0625,2
space_relation_confirmation_v1,t5gemma,space,42,anchor_owner,test_U,6,36,128,0.28125,9
space_relation_confirmation_v1,t5gemma,space,42,anchor_owner,test_U,7,12,128,0.09375,3
space_relation_confirmation_v1,t5gemma,space,43,current_state,train_P,0,24,96,0.25,24
space_relation_confirmation_v1,t5gemma,space,43,current_state,train_P,1,24,96,0.25,24
space_relation_confirmation_v1,t5gemma,space,43,current_state,train_P,2,24,96,0.25,24
space_relation_confirmation_v1,t5gemma,space,43,current_state,train_P,3,24,96,0.25,24
space_relation_confirmation_v1,t5gemma,space,43,current_state,test_P,0,32,128,0.25,32
space_relation_confirmation_v1,t5gemma,space,43,current_state,test_P,1,32,128,0.25,32
space_relation_confirmation_v1,t5gemma,space,43,current_state,test_P,2,32,128,0.25,32
space_relation_confirmation_v1,t5gemma,space,43,current_state,test_P,3,32,128,0.25,32
space_relation_confirmation_v1,t5gemma,space,43,current_state,test_Q,0,32,128,0.25,32
space_relation_confirmation_v1,t5gemma,space,43,current_state,test_Q,1,32,128,0.25,32
space_relation_confirmation_v1,t5gemma,space,43,current_state,test_Q,2,32,128,0.25,32
space_relation_confirmation_v1,t5gemma,space,43,current_state,test_Q,3,32,128,0.25,32
space_relation_confirmation_v1,t5gemma,space,43,current_state,test_U,0,32,128,0.25,32
space_relation_confirmation_v1,t5gemma,space,43,current_state,test_U,1,32,128,0.25,32
space_relation_confirmation_v1,t5gemma,space,43,current_state,test_U,2,32,128,0.25,32
space_relation_confirmation_v1,t5gemma,space,43,current_state,test_U,3,32,128,0.25,32
space_relation_confirmation_v1,t5gemma,space,43,target_object,train_P,0,12,96,0.125,3
space_relation_confirmation_v1,t5gemma,space,43,target_object,train_P,1,8,96,0.08333333333333333,2
space_relation_confirmation_v1,t5gemma,space,43,target_object,train_P,2,8,96,0.08333333333333333,2
space_relation_confirmation_v1,t5gemma,space,43,target_object,train_P,3,16,96,0.16666666666666666,4
space_relation_confirmation_v1,t5gemma,space,43,target_object,train_P,4,4,96,0.041666666666666664,1
space_relation_confirmation_v1,t5gemma,space,43,target_object,train_P,5,28,96,0.2916666666666667,7
space_relation_confirmation_v1,t5gemma,space,43,target_object,train_P,6,16,96,0.16666666666666666,4
space_relation_confirmation_v1,t5gemma,space,43,target_object,train_P,7,4,96,0.041666666666666664,1
space_relation_confirmation_v1,t5gemma,space,43,target_object,test_P,0,20,128,0.15625,5
space_relation_confirmation_v1,t5gemma,space,43,target_object,test_P,1,16,128,0.125,4
space_relation_confirmation_v1,t5gemma,space,43,target_object,test_P,2,24,128,0.1875,6
space_relation_confirmation_v1,t5gemma,space,43,target_object,test_P,3,20,128,0.15625,5
space_relation_confirmation_v1,t5gemma,space,43,target_object,test_P,4,16,128,0.125,4
space_relation_confirmation_v1,t5gemma,space,43,target_object,test_P,5,12,128,0.09375,3
space_relation_confirmation_v1,t5gemma,space,43,target_object,test_P,6,4,128,0.03125,1
space_relation_confirmation_v1,t5gemma,space,43,target_object,test_P,7,16,128,0.125,4
space_relation_confirmation_v1,t5gemma,space,43,target_object,test_Q,0,20,128,0.15625,5
space_relation_confirmation_v1,t5gemma,space,43,target_object,test_Q,1,16,128,0.125,4
space_relation_confirmation_v1,t5gemma,space,43,target_object,test_Q,2,24,128,0.1875,6
space_relation_confirmation_v1,t5gemma,space,43,target_object,test_Q,3,20,128,0.15625,5
space_relation_confirmation_v1,t5gemma,space,43,target_object,test_Q,4,16,128,0.125,4
space_relation_confirmation_v1,t5gemma,space,43,target_object,test_Q,5,12,128,0.09375,3
space_relation_confirmation_v1,t5gemma,space,43,target_object,test_Q,6,4,128,0.03125,1
space_relation_confirmation_v1,t5gemma,space,43,target_object,test_Q,7,16,128,0.125,4
space_relation_confirmation_v1,t5gemma,space,43,target_object,test_U,0,20,128,0.15625,5
space_relation_confirmation_v1,t5gemma,space,43,target_object,test_U,1,16,128,0.125,4
space_relation_confirmation_v1,t5gemma,space,43,target_object,test_U,2,24,128,0.1875,6
space_relation_confirmation_v1,t5gemma,space,43,target_object,test_U,3,20,128,0.15625,5
space_relation_confirmation_v1,t5gemma,space,43,target_object,test_U,4,16,128,0.125,4
space_relation_confirmation_v1,t5gemma,space,43,target_object,test_U,5,12,128,0.09375,3
space_relation_confirmation_v1,t5gemma,space,43,target_object,test_U,6,4,128,0.03125,1
space_relation_confirmation_v1,t5gemma,space,43,target_object,test_U,7,16,128,0.125,4
space_relation_confirmation_v1,t5gemma,space,43,target_subject,train_P,0,28,96,0.2916666666666667,7
space_relation_confirmation_v1,t5gemma,space,43,target_subject,train_P,1,8,96,0.08333333333333333,2
space_relation_confirmation_v1,t5gemma,space,43,target_subject,train_P,2,12,96,0.125,3
space_relation_confirmation_v1,t5gemma,space,43,target_subject,train_P,3,8,96,0.08333333333333333,2
space_relation_confirmation_v1,t5gemma,space,43,target_subject,train_P,4,12,96,0.125,3
space_relation_confirmation_v1,t5gemma,space,43,target_subject,train_P,5,12,96,0.125,3
space_relation_confirmation_v1,t5gemma,space,43,target_subject,train_P,6,8,96,0.08333333333333333,2
space_relation_confirmation_v1,t5gemma,space,43,target_subject,train_P,7,8,96,0.08333333333333333,2
space_relation_confirmation_v1,t5gemma,space,43,target_subject,test_P,0,8,128,0.0625,2
space_relation_confirmation_v1,t5gemma,space,43,target_subject,test_P,1,8,128,0.0625,2
space_relation_confirmation_v1,t5gemma,space,43,target_subject,test_P,2,16,128,0.125,4
space_relation_confirmation_v1,t5gemma,space,43,target_subject,test_P,3,12,128,0.09375,3
space_relation_confirmation_v1,t5gemma,space,43,target_subject,test_P,4,28,128,0.21875,7
space_relation_confirmation_v1,t5gemma,space,43,target_subject,test_P,5,8,128,0.0625,2
space_relation_confirmation_v1,t5gemma,space,43,target_subject,test_P,6,36,128,0.28125,9
space_relation_confirmation_v1,t5gemma,space,43,target_subject,test_P,7,12,128,0.09375,3
space_relation_confirmation_v1,t5gemma,space,43,target_subject,test_Q,0,8,128,0.0625,2
space_relation_confirmation_v1,t5gemma,space,43,target_subject,test_Q,1,8,128,0.0625,2
space_relation_confirmation_v1,t5gemma,space,43,target_subject,test_Q,2,16,128,0.125,4
space_relation_confirmation_v1,t5gemma,space,43,target_subject,test_Q,3,12,128,0.09375,3
space_relation_confirmation_v1,t5gemma,space,43,target_subject,test_Q,4,28,128,0.21875,7
space_relation_confirmation_v1,t5gemma,space,43,target_subject,test_Q,5,8,128,0.0625,2
space_relation_confirmation_v1,t5gemma,space,43,target_subject,test_Q,6,36,128,0.28125,9
space_relation_confirmation_v1,t5gemma,space,43,target_subject,test_Q,7,12,128,0.09375,3
space_relation_confirmation_v1,t5gemma,space,43,target_subject,test_U,0,8,128,0.0625,2
space_relation_confirmation_v1,t5gemma,space,43,target_subject,test_U,1,8,128,0.0625,2
space_relation_confirmation_v1,t5gemma,space,43,target_subject,test_U,2,16,128,0.125,4
space_relation_confirmation_v1,t5gemma,space,43,target_subject,test_U,3,12,128,0.09375,3
space_relation_confirmation_v1,t5gemma,space,43,target_subject,test_U,4,28,128,0.21875,7
space_relation_confirmation_v1,t5gemma,space,43,target_subject,test_U,5,8,128,0.0625,2
space_relation_confirmation_v1,t5gemma,space,43,target_subject,test_U,6,36,128,0.28125,9
space_relation_confirmation_v1,t5gemma,space,43,target_subject,test_U,7,12,128,0.09375,3
space_relation_confirmation_v1,t5gemma,space,43,anchor_owner,train_P,0,28,96,0.2916666666666667,7
space_relation_confirmation_v1,t5gemma,space,43,anchor_owner,train_P,1,8,96,0.08333333333333333,2
space_relation_confirmation_v1,t5gemma,space,43,anchor_owner,train_P,2,12,96,0.125,3
space_relation_confirmation_v1,t5gemma,space,43,anchor_owner,train_P,3,8,96,0.08333333333333333,2
space_relation_confirmation_v1,t5gemma,space,43,anchor_owner,train_P,4,12,96,0.125,3
space_relation_confirmation_v1,t5gemma,space,43,anchor_owner,train_P,5,12,96,0.125,3
space_relation_confirmation_v1,t5gemma,space,43,anchor_owner,train_P,6,8,96,0.08333333333333333,2
space_relation_confirmation_v1,t5gemma,space,43,anchor_owner,train_P,7,8,96,0.08333333333333333,2
space_relation_confirmation_v1,t5gemma,space,43,anchor_owner,test_P,0,8,128,0.0625,2
space_relation_confirmation_v1,t5gemma,space,43,anchor_owner,test_P,1,8,128,0.0625,2
space_relation_confirmation_v1,t5gemma,space,43,anchor_owner,test_P,2,16,128,0.125,4
space_relation_confirmation_v1,t5gemma,space,43,anchor_owner,test_P,3,12,128,0.09375,3
space_relation_confirmation_v1,t5gemma,space,43,anchor_owner,test_P,4,28,128,0.21875,7
space_relation_confirmation_v1,t5gemma,space,43,anchor_owner,test_P,5,8,128,0.0625,2
space_relation_confirmation_v1,t5gemma,space,43,anchor_owner,test_P,6,36,128,0.28125,9
space_relation_confirmation_v1,t5gemma,space,43,anchor_owner,test_P,7,12,128,0.09375,3
space_relation_confirmation_v1,t5gemma,space,43,anchor_owner,test_Q,0,8,128,0.0625,2
space_relation_confirmation_v1,t5gemma,space,43,anchor_owner,test_Q,1,8,128,0.0625,2
space_relation_confirmation_v1,t5gemma,space,43,anchor_owner,test_Q,2,16,128,0.125,4
space_relation_confirmation_v1,t5gemma,space,43,anchor_owner,test_Q,3,12,128,0.09375,3
space_relation_confirmation_v1,t5gemma,space,43,anchor_owner,test_Q,4,28,128,0.21875,7
space_relation_confirmation_v1,t5gemma,space,43,anchor_owner,test_Q,5,8,128,0.0625,2
space_relation_confirmation_v1,t5gemma,space,43,anchor_owner,test_Q,6,36,128,0.28125,9
space_relation_confirmation_v1,t5gemma,space,43,anchor_owner,test_Q,7,12,128,0.09375,3
space_relation_confirmation_v1,t5gemma,space,43,anchor_owner,test_U,0,8,128,0.0625,2
space_relation_confirmation_v1,t5gemma,space,43,anchor_owner,test_U,1,8,128,0.0625,2
space_relation_confirmation_v1,t5gemma,space,43,anchor_owner,test_U,2,16,128,0.125,4
space_relation_confirmation_v1,t5gemma,space,43,anchor_owner,test_U,3,12,128,0.09375,3
space_relation_confirmation_v1,t5gemma,space,43,anchor_owner,test_U,4,28,128,0.21875,7
space_relation_confirmation_v1,t5gemma,space,43,anchor_owner,test_U,5,8,128,0.0625,2
space_relation_confirmation_v1,t5gemma,space,43,anchor_owner,test_U,6,36,128,0.28125,9
space_relation_confirmation_v1,t5gemma,space,43,anchor_owner,test_U,7,12,128,0.09375,3
space_relation_confirmation_v1,t5gemma,space,44,current_state,train_P,0,24,96,0.25,24
space_relation_confirmation_v1,t5gemma,space,44,current_state,train_P,1,24,96,0.25,24
space_relation_confirmation_v1,t5gemma,space,44,current_state,train_P,2,24,96,0.25,24
space_relation_confirmation_v1,t5gemma,space,44,current_state,train_P,3,24,96,0.25,24
space_relation_confirmation_v1,t5gemma,space,44,current_state,test_P,0,32,128,0.25,32
space_relation_confirmation_v1,t5gemma,space,44,current_state,test_P,1,32,128,0.25,32
space_relation_confirmation_v1,t5gemma,space,44,current_state,test_P,2,32,128,0.25,32
space_relation_confirmation_v1,t5gemma,space,44,current_state,test_P,3,32,128,0.25,32
space_relation_confirmation_v1,t5gemma,space,44,current_state,test_Q,0,32,128,0.25,32
space_relation_confirmation_v1,t5gemma,space,44,current_state,test_Q,1,32,128,0.25,32
space_relation_confirmation_v1,t5gemma,space,44,current_state,test_Q,2,32,128,0.25,32
space_relation_confirmation_v1,t5gemma,space,44,current_state,test_Q,3,32,128,0.25,32
space_relation_confirmation_v1,t5gemma,space,44,current_state,test_U,0,32,128,0.25,32
space_relation_confirmation_v1,t5gemma,space,44,current_state,test_U,1,32,128,0.25,32
space_relation_confirmation_v1,t5gemma,space,44,current_state,test_U,2,32,128,0.25,32
space_relation_confirmation_v1,t5gemma,space,44,current_state,test_U,3,32,128,0.25,32
space_relation_confirmation_v1,t5gemma,space,44,target_object,train_P,0,12,96,0.125,3
space_relation_confirmation_v1,t5gemma,space,44,target_object,train_P,1,8,96,0.08333333333333333,2
space_relation_confirmation_v1,t5gemma,space,44,target_object,train_P,2,8,96,0.08333333333333333,2
space_relation_confirmation_v1,t5gemma,space,44,target_object,train_P,3,16,96,0.16666666666666666,4
space_relation_confirmation_v1,t5gemma,space,44,target_object,train_P,4,4,96,0.041666666666666664,1
space_relation_confirmation_v1,t5gemma,space,44,target_object,train_P,5,28,96,0.2916666666666667,7
space_relation_confirmation_v1,t5gemma,space,44,target_object,train_P,6,16,96,0.16666666666666666,4
space_relation_confirmation_v1,t5gemma,space,44,target_object,train_P,7,4,96,0.041666666666666664,1
space_relation_confirmation_v1,t5gemma,space,44,target_object,test_P,0,20,128,0.15625,5
space_relation_confirmation_v1,t5gemma,space,44,target_object,test_P,1,16,128,0.125,4
space_relation_confirmation_v1,t5gemma,space,44,target_object,test_P,2,24,128,0.1875,6
space_relation_confirmation_v1,t5gemma,space,44,target_object,test_P,3,20,128,0.15625,5
space_relation_confirmation_v1,t5gemma,space,44,target_object,test_P,4,16,128,0.125,4
space_relation_confirmation_v1,t5gemma,space,44,target_object,test_P,5,12,128,0.09375,3
space_relation_confirmation_v1,t5gemma,space,44,target_object,test_P,6,4,128,0.03125,1
space_relation_confirmation_v1,t5gemma,space,44,target_object,test_P,7,16,128,0.125,4
space_relation_confirmation_v1,t5gemma,space,44,target_object,test_Q,0,20,128,0.15625,5
space_relation_confirmation_v1,t5gemma,space,44,target_object,test_Q,1,16,128,0.125,4
space_relation_confirmation_v1,t5gemma,space,44,target_object,test_Q,2,24,128,0.1875,6
space_relation_confirmation_v1,t5gemma,space,44,target_object,test_Q,3,20,128,0.15625,5
space_relation_confirmation_v1,t5gemma,space,44,target_object,test_Q,4,16,128,0.125,4
space_relation_confirmation_v1,t5gemma,space,44,target_object,test_Q,5,12,128,0.09375,3
space_relation_confirmation_v1,t5gemma,space,44,target_object,test_Q,6,4,128,0.03125,1
space_relation_confirmation_v1,t5gemma,space,44,target_object,test_Q,7,16,128,0.125,4
space_relation_confirmation_v1,t5gemma,space,44,target_object,test_U,0,20,128,0.15625,5
space_relation_confirmation_v1,t5gemma,space,44,target_object,test_U,1,16,128,0.125,4
space_relation_confirmation_v1,t5gemma,space,44,target_object,test_U,2,24,128,0.1875,6
space_relation_confirmation_v1,t5gemma,space,44,target_object,test_U,3,20,128,0.15625,5
space_relation_confirmation_v1,t5gemma,space,44,target_object,test_U,4,16,128,0.125,4
space_relation_confirmation_v1,t5gemma,space,44,target_object,test_U,5,12,128,0.09375,3
space_relation_confirmation_v1,t5gemma,space,44,target_object,test_U,6,4,128,0.03125,1
space_relation_confirmation_v1,t5gemma,space,44,target_object,test_U,7,16,128,0.125,4
space_relation_confirmation_v1,t5gemma,space,44,target_subject,train_P,0,28,96,0.2916666666666667,7
space_relation_confirmation_v1,t5gemma,space,44,target_subject,train_P,1,8,96,0.08333333333333333,2
space_relation_confirmation_v1,t5gemma,space,44,target_subject,train_P,2,12,96,0.125,3
space_relation_confirmation_v1,t5gemma,space,44,target_subject,train_P,3,8,96,0.08333333333333333,2
space_relation_confirmation_v1,t5gemma,space,44,target_subject,train_P,4,12,96,0.125,3
space_relation_confirmation_v1,t5gemma,space,44,target_subject,train_P,5,12,96,0.125,3
space_relation_confirmation_v1,t5gemma,space,44,target_subject,train_P,6,8,96,0.08333333333333333,2
space_relation_confirmation_v1,t5gemma,space,44,target_subject,train_P,7,8,96,0.08333333333333333,2
space_relation_confirmation_v1,t5gemma,space,44,target_subject,test_P,0,8,128,0.0625,2
space_relation_confirmation_v1,t5gemma,space,44,target_subject,test_P,1,8,128,0.0625,2
space_relation_confirmation_v1,t5gemma,space,44,target_subject,test_P,2,16,128,0.125,4
space_relation_confirmation_v1,t5gemma,space,44,target_subject,test_P,3,12,128,0.09375,3
space_relation_confirmation_v1,t5gemma,space,44,target_subject,test_P,4,28,128,0.21875,7
space_relation_confirmation_v1,t5gemma,space,44,target_subject,test_P,5,8,128,0.0625,2
space_relation_confirmation_v1,t5gemma,space,44,target_subject,test_P,6,36,128,0.28125,9
space_relation_confirmation_v1,t5gemma,space,44,target_subject,test_P,7,12,128,0.09375,3
space_relation_confirmation_v1,t5gemma,space,44,target_subject,test_Q,0,8,128,0.0625,2
space_relation_confirmation_v1,t5gemma,space,44,target_subject,test_Q,1,8,128,0.0625,2
space_relation_confirmation_v1,t5gemma,space,44,target_subject,test_Q,2,16,128,0.125,4
space_relation_confirmation_v1,t5gemma,space,44,target_subject,test_Q,3,12,128,0.09375,3
space_relation_confirmation_v1,t5gemma,space,44,target_subject,test_Q,4,28,128,0.21875,7
space_relation_confirmation_v1,t5gemma,space,44,target_subject,test_Q,5,8,128,0.0625,2
space_relation_confirmation_v1,t5gemma,space,44,target_subject,test_Q,6,36,128,0.28125,9
space_relation_confirmation_v1,t5gemma,space,44,target_subject,test_Q,7,12,128,0.09375,3
space_relation_confirmation_v1,t5gemma,space,44,target_subject,test_U,0,8,128,0.0625,2
space_relation_confirmation_v1,t5gemma,space,44,target_subject,test_U,1,8,128,0.0625,2
space_relation_confirmation_v1,t5gemma,space,44,target_subject,test_U,2,16,128,0.125,4
space_relation_confirmation_v1,t5gemma,space,44,target_subject,test_U,3,12,128,0.09375,3
space_relation_confirmation_v1,t5gemma,space,44,target_subject,test_U,4,28,128,0.21875,7
space_relation_confirmation_v1,t5gemma,space,44,target_subject,test_U,5,8,128,0.0625,2
space_relation_confirmation_v1,t5gemma,space,44,target_subject,test_U,6,36,128,0.28125,9
space_relation_confirmation_v1,t5gemma,space,44,target_subject,test_U,7,12,128,0.09375,3
space_relation_confirmation_v1,t5gemma,space,44,anchor_owner,train_P,0,28,96,0.2916666666666667,7
space_relation_confirmation_v1,t5gemma,space,44,anchor_owner,train_P,1,8,96,0.08333333333333333,2
space_relation_confirmation_v1,t5gemma,space,44,anchor_owner,train_P,2,12,96,0.125,3
space_relation_confirmation_v1,t5gemma,space,44,anchor_owner,train_P,3,8,96,0.08333333333333333,2
space_relation_confirmation_v1,t5gemma,space,44,anchor_owner,train_P,4,12,96,0.125,3
space_relation_confirmation_v1,t5gemma,space,44,anchor_owner,train_P,5,12,96,0.125,3
space_relation_confirmation_v1,t5gemma,space,44,anchor_owner,train_P,6,8,96,0.08333333333333333,2
space_relation_confirmation_v1,t5gemma,space,44,anchor_owner,train_P,7,8,96,0.08333333333333333,2
space_relation_confirmation_v1,t5gemma,space,44,anchor_owner,test_P,0,8,128,0.0625,2
space_relation_confirmation_v1,t5gemma,space,44,anchor_owner,test_P,1,8,128,0.0625,2
space_relation_confirmation_v1,t5gemma,space,44,anchor_owner,test_P,2,16,128,0.125,4
space_relation_confirmation_v1,t5gemma,space,44,anchor_owner,test_P,3,12,128,0.09375,3
space_relation_confirmation_v1,t5gemma,space,44,anchor_owner,test_P,4,28,128,0.21875,7
space_relation_confirmation_v1,t5gemma,space,44,anchor_owner,test_P,5,8,128,0.0625,2
space_relation_confirmation_v1,t5gemma,space,44,anchor_owner,test_P,6,36,128,0.28125,9
space_relation_confirmation_v1,t5gemma,space,44,anchor_owner,test_P,7,12,128,0.09375,3
space_relation_confirmation_v1,t5gemma,space,44,anchor_owner,test_Q,0,8,128,0.0625,2
space_relation_confirmation_v1,t5gemma,space,44,anchor_owner,test_Q,1,8,128,0.0625,2
space_relation_confirmation_v1,t5gemma,space,44,anchor_owner,test_Q,2,16,128,0.125,4
space_relation_confirmation_v1,t5gemma,space,44,anchor_owner,test_Q,3,12,128,0.09375,3
space_relation_confirmation_v1,t5gemma,space,44,anchor_owner,test_Q,4,28,128,0.21875,7
space_relation_confirmation_v1,t5gemma,space,44,anchor_owner,test_Q,5,8,128,0.0625,2
space_relation_confirmation_v1,t5gemma,space,44,anchor_owner,test_Q,6,36,128,0.28125,9
space_relation_confirmation_v1,t5gemma,space,44,anchor_owner,test_Q,7,12,128,0.09375,3
space_relation_confirmation_v1,t5gemma,space,44,anchor_owner,test_U,0,8,128,0.0625,2
space_relation_confirmation_v1,t5gemma,space,44,anchor_owner,test_U,1,8,128,0.0625,2
space_relation_confirmation_v1,t5gemma,space,44,anchor_owner,test_U,2,16,128,0.125,4
space_relation_confirmation_v1,t5gemma,space,44,anchor_owner,test_U,3,12,128,0.09375,3
space_relation_confirmation_v1,t5gemma,space,44,anchor_owner,test_U,4,28,128,0.21875,7
space_relation_confirmation_v1,t5gemma,space,44,anchor_owner,test_U,5,8,128,0.0625,2
space_relation_confirmation_v1,t5gemma,space,44,anchor_owner,test_U,6,36,128,0.28125,9
space_relation_confirmation_v1,t5gemma,space,44,anchor_owner,test_U,7,12,128,0.09375,3
