study,model,domain,seed,condition,shard,cohort,lhs,rhs,n,lhs_only_success,rhs_only_success,discordant,both_next_parseable_n,lhs_only_semantic_match,rhs_only_semantic_match,semantic_discordant,next_unresolved_either
four_domain_state_coverage_v1,bart,person,42,M_h0,matrix_h0_t0,normalized_fulltext,P,Q,192,5,1,6,189,4,1,5,3
four_domain_state_coverage_v1,bart,person,42,M_h0,matrix_h0_t0,normalized_fulltext,P,U,192,21,1,22,179,19,1,20,13
four_domain_state_coverage_v1,bart,person,42,M_h0,matrix_h0_t0,normalized_fulltext,Q,U,192,18,2,20,180,17,2,19,12
four_domain_state_coverage_v1,bart,person,42,M_h0,matrix_h0_t0,literal_fulltext,P,Q,192,5,1,6,189,4,1,5,3
four_domain_state_coverage_v1,bart,person,42,M_h0,matrix_h0_t0,literal_fulltext,P,U,192,21,1,22,179,19,1,20,13
four_domain_state_coverage_v1,bart,person,42,M_h0,matrix_h0_t0,literal_fulltext,Q,U,192,18,2,20,180,17,2,19,12
four_domain_state_coverage_v1,bart,person,42,M_h0,matrix_h0_t2,normalized_fulltext,P,Q,20,2,0,2,5,0,0,0,15
four_domain_state_coverage_v1,bart,person,42,M_h0,matrix_h0_t2,normalized_fulltext,P,U,20,2,1,3,9,0,1,1,11
four_domain_state_coverage_v1,bart,person,42,M_h0,matrix_h0_t2,normalized_fulltext,Q,U,20,0,1,1,7,0,1,1,13
four_domain_state_coverage_v1,bart,person,42,M_h0,matrix_h0_t2,literal_fulltext,P,Q,20,2,0,2,5,0,0,0,15
four_domain_state_coverage_v1,bart,person,42,M_h0,matrix_h0_t2,literal_fulltext,P,U,20,2,1,3,9,0,1,1,11
four_domain_state_coverage_v1,bart,person,42,M_h0,matrix_h0_t2,literal_fulltext,Q,U,20,0,1,1,7,0,1,1,13
four_domain_state_coverage_v1,bart,person,42,M_h1,matrix_h1_t0,normalized_fulltext,P,Q,192,9,0,9,176,9,0,9,16
four_domain_state_coverage_v1,bart,person,42,M_h1,matrix_h1_t0,normalized_fulltext,P,U,192,11,0,11,170,7,0,7,22
four_domain_state_coverage_v1,bart,person,42,M_h1,matrix_h1_t0,normalized_fulltext,Q,U,192,8,6,14,166,5,6,11,26
four_domain_state_coverage_v1,bart,person,42,M_h1,matrix_h1_t0,literal_fulltext,P,Q,192,9,0,9,176,9,0,9,16
four_domain_state_coverage_v1,bart,person,42,M_h1,matrix_h1_t0,literal_fulltext,P,U,192,11,0,11,170,7,0,7,22
four_domain_state_coverage_v1,bart,person,42,M_h1,matrix_h1_t0,literal_fulltext,Q,U,192,8,6,14,166,5,6,11,26
four_domain_state_coverage_v1,bart,person,42,M_h1,matrix_h1_t2,normalized_fulltext,P,Q,20,2,5,7,12,1,5,6,8
four_domain_state_coverage_v1,bart,person,42,M_h1,matrix_h1_t2,normalized_fulltext,P,U,20,1,1,2,10,0,1,1,10
four_domain_state_coverage_v1,bart,person,42,M_h1,matrix_h1_t2,normalized_fulltext,Q,U,20,4,1,5,13,2,0,2,7
four_domain_state_coverage_v1,bart,person,42,M_h1,matrix_h1_t2,literal_fulltext,P,Q,20,2,5,7,12,1,5,6,8
four_domain_state_coverage_v1,bart,person,42,M_h1,matrix_h1_t2,literal_fulltext,P,U,20,1,1,2,10,0,1,1,10
four_domain_state_coverage_v1,bart,person,42,M_h1,matrix_h1_t2,literal_fulltext,Q,U,20,4,1,5,13,2,0,2,7
four_domain_state_coverage_v1,bart,person,42,N_h0,matrix_h0_t0,normalized_fulltext,P,Q,192,0,0,0,0,0,0,0,192
four_domain_state_coverage_v1,bart,person,42,N_h0,matrix_h0_t0,normalized_fulltext,P,U,192,0,0,0,0,0,0,0,192
four_domain_state_coverage_v1,bart,person,42,N_h0,matrix_h0_t0,normalized_fulltext,Q,U,192,0,0,0,0,0,0,0,192
four_domain_state_coverage_v1,bart,person,42,N_h0,matrix_h0_t0,literal_fulltext,P,Q,192,0,0,0,0,0,0,0,192
four_domain_state_coverage_v1,bart,person,42,N_h0,matrix_h0_t0,literal_fulltext,P,U,192,0,0,0,0,0,0,0,192
four_domain_state_coverage_v1,bart,person,42,N_h0,matrix_h0_t0,literal_fulltext,Q,U,192,0,0,0,0,0,0,0,192
four_domain_state_coverage_v1,bart,person,42,N_h0,matrix_h0_t2,normalized_fulltext,P,Q,20,0,0,0,0,0,0,0,20
four_domain_state_coverage_v1,bart,person,42,N_h0,matrix_h0_t2,normalized_fulltext,P,U,20,0,0,0,0,0,0,0,20
four_domain_state_coverage_v1,bart,person,42,N_h0,matrix_h0_t2,normalized_fulltext,Q,U,20,0,0,0,0,0,0,0,20
four_domain_state_coverage_v1,bart,person,42,N_h0,matrix_h0_t2,literal_fulltext,P,Q,20,0,0,0,0,0,0,0,20
four_domain_state_coverage_v1,bart,person,42,N_h0,matrix_h0_t2,literal_fulltext,P,U,20,0,0,0,0,0,0,0,20
four_domain_state_coverage_v1,bart,person,42,N_h0,matrix_h0_t2,literal_fulltext,Q,U,20,0,0,0,0,0,0,0,20
four_domain_state_coverage_v1,bart,person,42,N_h1,matrix_h1_t0,normalized_fulltext,P,Q,192,0,0,0,0,0,0,0,192
four_domain_state_coverage_v1,bart,person,42,N_h1,matrix_h1_t0,normalized_fulltext,P,U,192,0,0,0,0,0,0,0,192
four_domain_state_coverage_v1,bart,person,42,N_h1,matrix_h1_t0,normalized_fulltext,Q,U,192,0,0,0,0,0,0,0,192
four_domain_state_coverage_v1,bart,person,42,N_h1,matrix_h1_t0,literal_fulltext,P,Q,192,0,0,0,0,0,0,0,192
four_domain_state_coverage_v1,bart,person,42,N_h1,matrix_h1_t0,literal_fulltext,P,U,192,0,0,0,0,0,0,0,192
four_domain_state_coverage_v1,bart,person,42,N_h1,matrix_h1_t0,literal_fulltext,Q,U,192,0,0,0,0,0,0,0,192
four_domain_state_coverage_v1,bart,person,42,N_h1,matrix_h1_t2,normalized_fulltext,P,Q,20,0,0,0,0,0,0,0,20
four_domain_state_coverage_v1,bart,person,42,N_h1,matrix_h1_t2,normalized_fulltext,P,U,20,0,0,0,0,0,0,0,20
four_domain_state_coverage_v1,bart,person,42,N_h1,matrix_h1_t2,normalized_fulltext,Q,U,20,0,0,0,0,0,0,0,20
four_domain_state_coverage_v1,bart,person,42,N_h1,matrix_h1_t2,literal_fulltext,P,Q,20,0,0,0,0,0,0,0,20
four_domain_state_coverage_v1,bart,person,42,N_h1,matrix_h1_t2,literal_fulltext,P,U,20,0,0,0,0,0,0,0,20
four_domain_state_coverage_v1,bart,person,42,N_h1,matrix_h1_t2,literal_fulltext,Q,U,20,0,0,0,0,0,0,0,20
four_domain_state_coverage_v1,bart,person,42,P,matrix_h0_t0,normalized_fulltext,P,Q,192,0,0,0,0,0,0,0,192
four_domain_state_coverage_v1,bart,person,42,P,matrix_h0_t0,normalized_fulltext,P,U,192,0,0,0,0,0,0,0,192
four_domain_state_coverage_v1,bart,person,42,P,matrix_h0_t0,normalized_fulltext,Q,U,192,0,0,0,0,0,0,0,192
four_domain_state_coverage_v1,bart,person,42,P,matrix_h0_t0,literal_fulltext,P,Q,192,0,0,0,0,0,0,0,192
four_domain_state_coverage_v1,bart,person,42,P,matrix_h0_t0,literal_fulltext,P,U,192,0,0,0,0,0,0,0,192
four_domain_state_coverage_v1,bart,person,42,P,matrix_h0_t0,literal_fulltext,Q,U,192,0,0,0,0,0,0,0,192
four_domain_state_coverage_v1,bart,person,42,P,matrix_h0_t2,normalized_fulltext,P,Q,20,0,0,0,0,0,0,0,20
four_domain_state_coverage_v1,bart,person,42,P,matrix_h0_t2,normalized_fulltext,P,U,20,0,0,0,0,0,0,0,20
four_domain_state_coverage_v1,bart,person,42,P,matrix_h0_t2,normalized_fulltext,Q,U,20,0,0,0,0,0,0,0,20
four_domain_state_coverage_v1,bart,person,42,P,matrix_h0_t2,literal_fulltext,P,Q,20,0,0,0,0,0,0,0,20
four_domain_state_coverage_v1,bart,person,42,P,matrix_h0_t2,literal_fulltext,P,U,20,0,0,0,0,0,0,0,20
four_domain_state_coverage_v1,bart,person,42,P,matrix_h0_t2,literal_fulltext,Q,U,20,0,0,0,0,0,0,0,20
four_domain_state_coverage_v1,bart,person,42,P,matrix_h1_t0,normalized_fulltext,P,Q,192,0,0,0,0,0,0,0,192
four_domain_state_coverage_v1,bart,person,42,P,matrix_h1_t0,normalized_fulltext,P,U,192,0,0,0,0,0,0,0,192
four_domain_state_coverage_v1,bart,person,42,P,matrix_h1_t0,normalized_fulltext,Q,U,192,0,0,0,0,0,0,0,192
four_domain_state_coverage_v1,bart,person,42,P,matrix_h1_t0,literal_fulltext,P,Q,192,0,0,0,0,0,0,0,192
four_domain_state_coverage_v1,bart,person,42,P,matrix_h1_t0,literal_fulltext,P,U,192,0,0,0,0,0,0,0,192
four_domain_state_coverage_v1,bart,person,42,P,matrix_h1_t0,literal_fulltext,Q,U,192,0,0,0,0,0,0,0,192
four_domain_state_coverage_v1,bart,person,42,P,matrix_h1_t2,normalized_fulltext,P,Q,20,0,0,0,0,0,0,0,20
four_domain_state_coverage_v1,bart,person,42,P,matrix_h1_t2,normalized_fulltext,P,U,20,0,0,0,0,0,0,0,20
four_domain_state_coverage_v1,bart,person,42,P,matrix_h1_t2,normalized_fulltext,Q,U,20,0,0,0,0,0,0,0,20
four_domain_state_coverage_v1,bart,person,42,P,matrix_h1_t2,literal_fulltext,P,Q,20,0,0,0,0,0,0,0,20
four_domain_state_coverage_v1,bart,person,42,P,matrix_h1_t2,literal_fulltext,P,U,20,0,0,0,0,0,0,0,20
four_domain_state_coverage_v1,bart,person,42,P,matrix_h1_t2,literal_fulltext,Q,U,20,0,0,0,0,0,0,0,20
four_domain_state_coverage_v1,bart,person,42,S_h0,matrix_h0_t0,normalized_fulltext,P,Q,192,0,0,0,149,0,0,0,43
four_domain_state_coverage_v1,bart,person,42,S_h0,matrix_h0_t0,normalized_fulltext,P,U,192,0,0,0,143,0,0,0,49
four_domain_state_coverage_v1,bart,person,42,S_h0,matrix_h0_t0,normalized_fulltext,Q,U,192,0,0,0,149,0,0,0,43
four_domain_state_coverage_v1,bart,person,42,S_h0,matrix_h0_t0,literal_fulltext,P,Q,192,0,0,0,149,0,0,0,43
four_domain_state_coverage_v1,bart,person,42,S_h0,matrix_h0_t0,literal_fulltext,P,U,192,0,0,0,143,0,0,0,49
four_domain_state_coverage_v1,bart,person,42,S_h0,matrix_h0_t0,literal_fulltext,Q,U,192,0,0,0,149,0,0,0,43
four_domain_state_coverage_v1,bart,person,42,S_h0,matrix_h0_t2,normalized_fulltext,P,Q,20,1,0,1,11,1,0,1,9
four_domain_state_coverage_v1,bart,person,42,S_h0,matrix_h0_t2,normalized_fulltext,P,U,20,1,1,2,14,1,1,2,6
four_domain_state_coverage_v1,bart,person,42,S_h0,matrix_h0_t2,normalized_fulltext,Q,U,20,0,1,1,14,0,0,0,6
four_domain_state_coverage_v1,bart,person,42,S_h0,matrix_h0_t2,literal_fulltext,P,Q,20,1,0,1,11,1,0,1,9
four_domain_state_coverage_v1,bart,person,42,S_h0,matrix_h0_t2,literal_fulltext,P,U,20,1,1,2,14,1,1,2,6
four_domain_state_coverage_v1,bart,person,42,S_h0,matrix_h0_t2,literal_fulltext,Q,U,20,0,1,1,14,0,0,0,6
four_domain_state_coverage_v1,bart,person,42,S_h1,matrix_h1_t0,normalized_fulltext,P,Q,192,0,0,0,149,0,0,0,43
four_domain_state_coverage_v1,bart,person,42,S_h1,matrix_h1_t0,normalized_fulltext,P,U,192,1,0,1,146,1,0,1,46
four_domain_state_coverage_v1,bart,person,42,S_h1,matrix_h1_t0,normalized_fulltext,Q,U,192,1,0,1,145,1,0,1,47
four_domain_state_coverage_v1,bart,person,42,S_h1,matrix_h1_t0,literal_fulltext,P,Q,192,0,0,0,149,0,0,0,43
four_domain_state_coverage_v1,bart,person,42,S_h1,matrix_h1_t0,literal_fulltext,P,U,192,1,0,1,146,1,0,1,46
four_domain_state_coverage_v1,bart,person,42,S_h1,matrix_h1_t0,literal_fulltext,Q,U,192,1,0,1,145,1,0,1,47
four_domain_state_coverage_v1,bart,person,42,S_h1,matrix_h1_t2,normalized_fulltext,P,Q,20,0,0,0,13,0,0,0,7
four_domain_state_coverage_v1,bart,person,42,S_h1,matrix_h1_t2,normalized_fulltext,P,U,20,0,1,1,14,0,1,1,6
four_domain_state_coverage_v1,bart,person,42,S_h1,matrix_h1_t2,normalized_fulltext,Q,U,20,0,1,1,14,0,1,1,6
four_domain_state_coverage_v1,bart,person,42,S_h1,matrix_h1_t2,literal_fulltext,P,Q,20,0,0,0,13,0,0,0,7
four_domain_state_coverage_v1,bart,person,42,S_h1,matrix_h1_t2,literal_fulltext,P,U,20,0,1,1,14,0,1,1,6
four_domain_state_coverage_v1,bart,person,42,S_h1,matrix_h1_t2,literal_fulltext,Q,U,20,0,1,1,14,0,1,1,6
four_domain_state_coverage_v1,bart,person,43,M_h0,matrix_h0_t0,normalized_fulltext,P,Q,192,7,1,8,190,7,1,8,2
four_domain_state_coverage_v1,bart,person,43,M_h0,matrix_h0_t0,normalized_fulltext,P,U,192,42,2,44,146,23,2,25,46
four_domain_state_coverage_v1,bart,person,43,M_h0,matrix_h0_t0,normalized_fulltext,Q,U,192,36,2,38,148,21,2,23,44
four_domain_state_coverage_v1,bart,person,43,M_h0,matrix_h0_t0,literal_fulltext,P,Q,192,7,1,8,190,7,1,8,2
four_domain_state_coverage_v1,bart,person,43,M_h0,matrix_h0_t0,literal_fulltext,P,U,192,42,2,44,146,23,2,25,46
four_domain_state_coverage_v1,bart,person,43,M_h0,matrix_h0_t0,literal_fulltext,Q,U,192,36,2,38,148,21,2,23,44
four_domain_state_coverage_v1,bart,person,43,M_h0,matrix_h0_t2,normalized_fulltext,P,Q,46,0,2,2,19,0,1,1,27
four_domain_state_coverage_v1,bart,person,43,M_h0,matrix_h0_t2,normalized_fulltext,P,U,46,0,14,14,14,0,7,7,32
four_domain_state_coverage_v1,bart,person,43,M_h0,matrix_h0_t2,normalized_fulltext,Q,U,46,0,12,12,16,0,5,5,30
four_domain_state_coverage_v1,bart,person,43,M_h0,matrix_h0_t2,literal_fulltext,P,Q,44,0,1,1,17,0,0,0,27
four_domain_state_coverage_v1,bart,person,43,M_h0,matrix_h0_t2,literal_fulltext,P,U,44,0,12,12,12,0,5,5,32
four_domain_state_coverage_v1,bart,person,43,M_h0,matrix_h0_t2,literal_fulltext,Q,U,44,0,11,11,14,0,4,4,30
four_domain_state_coverage_v1,bart,person,43,M_h1,matrix_h1_t0,normalized_fulltext,P,Q,192,4,1,5,164,4,0,4,28
four_domain_state_coverage_v1,bart,person,43,M_h1,matrix_h1_t0,normalized_fulltext,P,U,192,56,4,60,88,10,4,14,104
four_domain_state_coverage_v1,bart,person,43,M_h1,matrix_h1_t0,normalized_fulltext,Q,U,192,54,5,59,89,8,5,13,103
four_domain_state_coverage_v1,bart,person,43,M_h1,matrix_h1_t0,literal_fulltext,P,Q,192,4,1,5,164,4,0,4,28
four_domain_state_coverage_v1,bart,person,43,M_h1,matrix_h1_t0,literal_fulltext,P,U,192,56,4,60,88,10,4,14,104
four_domain_state_coverage_v1,bart,person,43,M_h1,matrix_h1_t0,literal_fulltext,Q,U,192,54,5,59,89,8,5,13,103
four_domain_state_coverage_v1,bart,person,43,M_h1,matrix_h1_t2,normalized_fulltext,P,Q,46,0,3,3,25,0,2,2,21
four_domain_state_coverage_v1,bart,person,43,M_h1,matrix_h1_t2,normalized_fulltext,P,U,46,1,2,3,13,1,0,1,33
four_domain_state_coverage_v1,bart,person,43,M_h1,matrix_h1_t2,normalized_fulltext,Q,U,46,3,1,4,14,3,0,3,32
four_domain_state_coverage_v1,bart,person,43,M_h1,matrix_h1_t2,literal_fulltext,P,Q,44,0,1,1,24,0,1,1,20
four_domain_state_coverage_v1,bart,person,43,M_h1,matrix_h1_t2,literal_fulltext,P,U,44,1,1,2,12,1,0,1,32
four_domain_state_coverage_v1,bart,person,43,M_h1,matrix_h1_t2,literal_fulltext,Q,U,44,2,1,3,12,2,0,2,32
four_domain_state_coverage_v1,bart,person,43,N_h0,matrix_h0_t0,normalized_fulltext,P,Q,192,0,0,0,0,0,0,0,192
four_domain_state_coverage_v1,bart,person,43,N_h0,matrix_h0_t0,normalized_fulltext,P,U,192,0,0,0,0,0,0,0,192
four_domain_state_coverage_v1,bart,person,43,N_h0,matrix_h0_t0,normalized_fulltext,Q,U,192,0,0,0,0,0,0,0,192
four_domain_state_coverage_v1,bart,person,43,N_h0,matrix_h0_t0,literal_fulltext,P,Q,192,0,0,0,0,0,0,0,192
four_domain_state_coverage_v1,bart,person,43,N_h0,matrix_h0_t0,literal_fulltext,P,U,192,0,0,0,0,0,0,0,192
four_domain_state_coverage_v1,bart,person,43,N_h0,matrix_h0_t0,literal_fulltext,Q,U,192,0,0,0,0,0,0,0,192
four_domain_state_coverage_v1,bart,person,43,N_h0,matrix_h0_t2,normalized_fulltext,P,Q,46,0,0,0,0,0,0,0,46
four_domain_state_coverage_v1,bart,person,43,N_h0,matrix_h0_t2,normalized_fulltext,P,U,46,0,0,0,0,0,0,0,46
four_domain_state_coverage_v1,bart,person,43,N_h0,matrix_h0_t2,normalized_fulltext,Q,U,46,0,0,0,0,0,0,0,46
four_domain_state_coverage_v1,bart,person,43,N_h0,matrix_h0_t2,literal_fulltext,P,Q,44,0,0,0,0,0,0,0,44
four_domain_state_coverage_v1,bart,person,43,N_h0,matrix_h0_t2,literal_fulltext,P,U,44,0,0,0,0,0,0,0,44
four_domain_state_coverage_v1,bart,person,43,N_h0,matrix_h0_t2,literal_fulltext,Q,U,44,0,0,0,0,0,0,0,44
four_domain_state_coverage_v1,bart,person,43,N_h1,matrix_h1_t0,normalized_fulltext,P,Q,192,0,0,0,1,0,0,0,191
four_domain_state_coverage_v1,bart,person,43,N_h1,matrix_h1_t0,normalized_fulltext,P,U,192,0,0,0,0,0,0,0,192
four_domain_state_coverage_v1,bart,person,43,N_h1,matrix_h1_t0,normalized_fulltext,Q,U,192,0,0,0,0,0,0,0,192
four_domain_state_coverage_v1,bart,person,43,N_h1,matrix_h1_t0,literal_fulltext,P,Q,192,0,0,0,1,0,0,0,191
four_domain_state_coverage_v1,bart,person,43,N_h1,matrix_h1_t0,literal_fulltext,P,U,192,0,0,0,0,0,0,0,192
four_domain_state_coverage_v1,bart,person,43,N_h1,matrix_h1_t0,literal_fulltext,Q,U,192,0,0,0,0,0,0,0,192
four_domain_state_coverage_v1,bart,person,43,N_h1,matrix_h1_t2,normalized_fulltext,P,Q,46,0,0,0,0,0,0,0,46
four_domain_state_coverage_v1,bart,person,43,N_h1,matrix_h1_t2,normalized_fulltext,P,U,46,0,0,0,0,0,0,0,46
four_domain_state_coverage_v1,bart,person,43,N_h1,matrix_h1_t2,normalized_fulltext,Q,U,46,0,0,0,0,0,0,0,46
four_domain_state_coverage_v1,bart,person,43,N_h1,matrix_h1_t2,literal_fulltext,P,Q,44,0,0,0,0,0,0,0,44
four_domain_state_coverage_v1,bart,person,43,N_h1,matrix_h1_t2,literal_fulltext,P,U,44,0,0,0,0,0,0,0,44
four_domain_state_coverage_v1,bart,person,43,N_h1,matrix_h1_t2,literal_fulltext,Q,U,44,0,0,0,0,0,0,0,44
four_domain_state_coverage_v1,bart,person,43,P,matrix_h0_t0,normalized_fulltext,P,Q,192,0,0,0,0,0,0,0,192
four_domain_state_coverage_v1,bart,person,43,P,matrix_h0_t0,normalized_fulltext,P,U,192,0,0,0,0,0,0,0,192
four_domain_state_coverage_v1,bart,person,43,P,matrix_h0_t0,normalized_fulltext,Q,U,192,0,0,0,0,0,0,0,192
four_domain_state_coverage_v1,bart,person,43,P,matrix_h0_t0,literal_fulltext,P,Q,192,0,0,0,0,0,0,0,192
four_domain_state_coverage_v1,bart,person,43,P,matrix_h0_t0,literal_fulltext,P,U,192,0,0,0,0,0,0,0,192
four_domain_state_coverage_v1,bart,person,43,P,matrix_h0_t0,literal_fulltext,Q,U,192,0,0,0,0,0,0,0,192
four_domain_state_coverage_v1,bart,person,43,P,matrix_h0_t2,normalized_fulltext,P,Q,46,0,0,0,0,0,0,0,46
four_domain_state_coverage_v1,bart,person,43,P,matrix_h0_t2,normalized_fulltext,P,U,46,0,0,0,0,0,0,0,46
four_domain_state_coverage_v1,bart,person,43,P,matrix_h0_t2,normalized_fulltext,Q,U,46,0,0,0,0,0,0,0,46
four_domain_state_coverage_v1,bart,person,43,P,matrix_h0_t2,literal_fulltext,P,Q,44,0,0,0,0,0,0,0,44
four_domain_state_coverage_v1,bart,person,43,P,matrix_h0_t2,literal_fulltext,P,U,44,0,0,0,0,0,0,0,44
four_domain_state_coverage_v1,bart,person,43,P,matrix_h0_t2,literal_fulltext,Q,U,44,0,0,0,0,0,0,0,44
four_domain_state_coverage_v1,bart,person,43,P,matrix_h1_t0,normalized_fulltext,P,Q,192,0,0,0,0,0,0,0,192
four_domain_state_coverage_v1,bart,person,43,P,matrix_h1_t0,normalized_fulltext,P,U,192,0,0,0,0,0,0,0,192
four_domain_state_coverage_v1,bart,person,43,P,matrix_h1_t0,normalized_fulltext,Q,U,192,0,0,0,0,0,0,0,192
four_domain_state_coverage_v1,bart,person,43,P,matrix_h1_t0,literal_fulltext,P,Q,192,0,0,0,0,0,0,0,192
four_domain_state_coverage_v1,bart,person,43,P,matrix_h1_t0,literal_fulltext,P,U,192,0,0,0,0,0,0,0,192
four_domain_state_coverage_v1,bart,person,43,P,matrix_h1_t0,literal_fulltext,Q,U,192,0,0,0,0,0,0,0,192
four_domain_state_coverage_v1,bart,person,43,P,matrix_h1_t2,normalized_fulltext,P,Q,46,0,0,0,0,0,0,0,46
four_domain_state_coverage_v1,bart,person,43,P,matrix_h1_t2,normalized_fulltext,P,U,46,0,0,0,0,0,0,0,46
four_domain_state_coverage_v1,bart,person,43,P,matrix_h1_t2,normalized_fulltext,Q,U,46,0,0,0,0,0,0,0,46
four_domain_state_coverage_v1,bart,person,43,P,matrix_h1_t2,literal_fulltext,P,Q,44,0,0,0,0,0,0,0,44
four_domain_state_coverage_v1,bart,person,43,P,matrix_h1_t2,literal_fulltext,P,U,44,0,0,0,0,0,0,0,44
four_domain_state_coverage_v1,bart,person,43,P,matrix_h1_t2,literal_fulltext,Q,U,44,0,0,0,0,0,0,0,44
four_domain_state_coverage_v1,bart,person,43,S_h0,matrix_h0_t0,normalized_fulltext,P,Q,192,1,0,1,139,1,0,1,53
four_domain_state_coverage_v1,bart,person,43,S_h0,matrix_h0_t0,normalized_fulltext,P,U,192,18,0,18,86,3,0,3,106
four_domain_state_coverage_v1,bart,person,43,S_h0,matrix_h0_t0,normalized_fulltext,Q,U,192,18,1,19,88,3,1,4,104
four_domain_state_coverage_v1,bart,person,43,S_h0,matrix_h0_t0,literal_fulltext,P,Q,192,1,0,1,139,1,0,1,53
four_domain_state_coverage_v1,bart,person,43,S_h0,matrix_h0_t0,literal_fulltext,P,U,192,18,0,18,86,3,0,3,106
four_domain_state_coverage_v1,bart,person,43,S_h0,matrix_h0_t0,literal_fulltext,Q,U,192,18,1,19,88,3,1,4,104
four_domain_state_coverage_v1,bart,person,43,S_h0,matrix_h0_t2,normalized_fulltext,P,Q,46,1,1,2,30,0,0,0,16
four_domain_state_coverage_v1,bart,person,43,S_h0,matrix_h0_t2,normalized_fulltext,P,U,46,8,6,14,26,5,5,10,20
four_domain_state_coverage_v1,bart,person,43,S_h0,matrix_h0_t2,normalized_fulltext,Q,U,46,8,6,14,25,5,5,10,21
four_domain_state_coverage_v1,bart,person,43,S_h0,matrix_h0_t2,literal_fulltext,P,Q,44,1,0,1,29,0,0,0,15
four_domain_state_coverage_v1,bart,person,43,S_h0,matrix_h0_t2,literal_fulltext,P,U,44,8,6,14,25,5,5,10,19
four_domain_state_coverage_v1,bart,person,43,S_h0,matrix_h0_t2,literal_fulltext,Q,U,44,7,6,13,23,4,5,9,21
four_domain_state_coverage_v1,bart,person,43,S_h1,matrix_h1_t0,normalized_fulltext,P,Q,192,0,0,0,145,0,0,0,47
four_domain_state_coverage_v1,bart,person,43,S_h1,matrix_h1_t0,normalized_fulltext,P,U,192,6,0,6,109,0,0,0,83
four_domain_state_coverage_v1,bart,person,43,S_h1,matrix_h1_t0,normalized_fulltext,Q,U,192,6,0,6,104,0,0,0,88
four_domain_state_coverage_v1,bart,person,43,S_h1,matrix_h1_t0,literal_fulltext,P,Q,192,0,0,0,145,0,0,0,47
four_domain_state_coverage_v1,bart,person,43,S_h1,matrix_h1_t0,literal_fulltext,P,U,192,6,0,6,109,0,0,0,83
four_domain_state_coverage_v1,bart,person,43,S_h1,matrix_h1_t0,literal_fulltext,Q,U,192,6,0,6,104,0,0,0,88
four_domain_state_coverage_v1,bart,person,43,S_h1,matrix_h1_t2,normalized_fulltext,P,Q,46,1,1,2,29,0,0,0,17
four_domain_state_coverage_v1,bart,person,43,S_h1,matrix_h1_t2,normalized_fulltext,P,U,46,8,13,21,20,1,10,11,26
four_domain_state_coverage_v1,bart,person,43,S_h1,matrix_h1_t2,normalized_fulltext,Q,U,46,8,13,21,18,1,7,8,28
four_domain_state_coverage_v1,bart,person,43,S_h1,matrix_h1_t2,literal_fulltext,P,Q,44,1,0,1,28,0,0,0,16
four_domain_state_coverage_v1,bart,person,43,S_h1,matrix_h1_t2,literal_fulltext,P,U,44,8,12,20,19,1,10,11,25
four_domain_state_coverage_v1,bart,person,43,S_h1,matrix_h1_t2,literal_fulltext,Q,U,44,8,13,21,16,1,7,8,28
four_domain_state_coverage_v1,bart,person,44,M_h0,matrix_h0_t0,normalized_fulltext,P,Q,192,4,0,4,186,2,0,2,6
four_domain_state_coverage_v1,bart,person,44,M_h0,matrix_h0_t0,normalized_fulltext,P,U,192,13,1,14,124,2,1,3,68
four_domain_state_coverage_v1,bart,person,44,M_h0,matrix_h0_t0,normalized_fulltext,Q,U,192,10,2,12,122,2,1,3,70
four_domain_state_coverage_v1,bart,person,44,M_h0,matrix_h0_t0,literal_fulltext,P,Q,192,4,0,4,186,2,0,2,6
four_domain_state_coverage_v1,bart,person,44,M_h0,matrix_h0_t0,literal_fulltext,P,U,192,13,1,14,124,2,1,3,68
four_domain_state_coverage_v1,bart,person,44,M_h0,matrix_h0_t0,literal_fulltext,Q,U,192,10,2,12,122,2,1,3,70
four_domain_state_coverage_v1,bart,person,44,M_h0,matrix_h0_t2,normalized_fulltext,P,Q,48,1,4,5,30,1,2,3,18
four_domain_state_coverage_v1,bart,person,44,M_h0,matrix_h0_t2,normalized_fulltext,P,U,48,5,1,6,15,4,0,4,33
four_domain_state_coverage_v1,bart,person,44,M_h0,matrix_h0_t2,normalized_fulltext,Q,U,48,8,1,9,16,6,0,6,32
four_domain_state_coverage_v1,bart,person,44,M_h0,matrix_h0_t2,literal_fulltext,P,Q,48,1,4,5,30,1,2,3,18
four_domain_state_coverage_v1,bart,person,44,M_h0,matrix_h0_t2,literal_fulltext,P,U,48,5,1,6,15,4,0,4,33
four_domain_state_coverage_v1,bart,person,44,M_h0,matrix_h0_t2,literal_fulltext,Q,U,48,8,1,9,16,6,0,6,32
four_domain_state_coverage_v1,bart,person,44,M_h1,matrix_h1_t0,normalized_fulltext,P,Q,192,1,2,3,152,0,2,2,40
four_domain_state_coverage_v1,bart,person,44,M_h1,matrix_h1_t0,normalized_fulltext,P,U,192,54,0,54,126,25,0,25,66
four_domain_state_coverage_v1,bart,person,44,M_h1,matrix_h1_t0,normalized_fulltext,Q,U,192,56,1,57,118,26,0,26,74
four_domain_state_coverage_v1,bart,person,44,M_h1,matrix_h1_t0,literal_fulltext,P,Q,192,1,2,3,152,0,2,2,40
four_domain_state_coverage_v1,bart,person,44,M_h1,matrix_h1_t0,literal_fulltext,P,U,192,54,0,54,126,25,0,25,66
four_domain_state_coverage_v1,bart,person,44,M_h1,matrix_h1_t0,literal_fulltext,Q,U,192,56,1,57,118,26,0,26,74
four_domain_state_coverage_v1,bart,person,44,M_h1,matrix_h1_t2,normalized_fulltext,P,Q,48,1,0,1,31,1,0,1,17
four_domain_state_coverage_v1,bart,person,44,M_h1,matrix_h1_t2,normalized_fulltext,P,U,48,2,0,2,26,2,0,2,22
four_domain_state_coverage_v1,bart,person,44,M_h1,matrix_h1_t2,normalized_fulltext,Q,U,48,1,0,1,28,1,0,1,20
four_domain_state_coverage_v1,bart,person,44,M_h1,matrix_h1_t2,literal_fulltext,P,Q,48,1,0,1,31,1,0,1,17
four_domain_state_coverage_v1,bart,person,44,M_h1,matrix_h1_t2,literal_fulltext,P,U,48,2,0,2,26,2,0,2,22
four_domain_state_coverage_v1,bart,person,44,M_h1,matrix_h1_t2,literal_fulltext,Q,U,48,1,0,1,28,1,0,1,20
four_domain_state_coverage_v1,bart,person,44,N_h0,matrix_h0_t0,normalized_fulltext,P,Q,192,0,0,0,0,0,0,0,192
four_domain_state_coverage_v1,bart,person,44,N_h0,matrix_h0_t0,normalized_fulltext,P,U,192,0,0,0,0,0,0,0,192
four_domain_state_coverage_v1,bart,person,44,N_h0,matrix_h0_t0,normalized_fulltext,Q,U,192,0,0,0,0,0,0,0,192
four_domain_state_coverage_v1,bart,person,44,N_h0,matrix_h0_t0,literal_fulltext,P,Q,192,0,0,0,0,0,0,0,192
four_domain_state_coverage_v1,bart,person,44,N_h0,matrix_h0_t0,literal_fulltext,P,U,192,0,0,0,0,0,0,0,192
four_domain_state_coverage_v1,bart,person,44,N_h0,matrix_h0_t0,literal_fulltext,Q,U,192,0,0,0,0,0,0,0,192
four_domain_state_coverage_v1,bart,person,44,N_h0,matrix_h0_t2,normalized_fulltext,P,Q,48,0,0,0,0,0,0,0,48
four_domain_state_coverage_v1,bart,person,44,N_h0,matrix_h0_t2,normalized_fulltext,P,U,48,0,0,0,0,0,0,0,48
four_domain_state_coverage_v1,bart,person,44,N_h0,matrix_h0_t2,normalized_fulltext,Q,U,48,0,0,0,0,0,0,0,48
four_domain_state_coverage_v1,bart,person,44,N_h0,matrix_h0_t2,literal_fulltext,P,Q,48,0,0,0,0,0,0,0,48
four_domain_state_coverage_v1,bart,person,44,N_h0,matrix_h0_t2,literal_fulltext,P,U,48,0,0,0,0,0,0,0,48
four_domain_state_coverage_v1,bart,person,44,N_h0,matrix_h0_t2,literal_fulltext,Q,U,48,0,0,0,0,0,0,0,48
four_domain_state_coverage_v1,bart,person,44,N_h1,matrix_h1_t0,normalized_fulltext,P,Q,192,0,0,0,0,0,0,0,192
four_domain_state_coverage_v1,bart,person,44,N_h1,matrix_h1_t0,normalized_fulltext,P,U,192,0,0,0,0,0,0,0,192
four_domain_state_coverage_v1,bart,person,44,N_h1,matrix_h1_t0,normalized_fulltext,Q,U,192,0,0,0,0,0,0,0,192
four_domain_state_coverage_v1,bart,person,44,N_h1,matrix_h1_t0,literal_fulltext,P,Q,192,0,0,0,0,0,0,0,192
four_domain_state_coverage_v1,bart,person,44,N_h1,matrix_h1_t0,literal_fulltext,P,U,192,0,0,0,0,0,0,0,192
four_domain_state_coverage_v1,bart,person,44,N_h1,matrix_h1_t0,literal_fulltext,Q,U,192,0,0,0,0,0,0,0,192
four_domain_state_coverage_v1,bart,person,44,N_h1,matrix_h1_t2,normalized_fulltext,P,Q,48,0,0,0,0,0,0,0,48
four_domain_state_coverage_v1,bart,person,44,N_h1,matrix_h1_t2,normalized_fulltext,P,U,48,0,0,0,0,0,0,0,48
four_domain_state_coverage_v1,bart,person,44,N_h1,matrix_h1_t2,normalized_fulltext,Q,U,48,0,0,0,0,0,0,0,48
four_domain_state_coverage_v1,bart,person,44,N_h1,matrix_h1_t2,literal_fulltext,P,Q,48,0,0,0,0,0,0,0,48
four_domain_state_coverage_v1,bart,person,44,N_h1,matrix_h1_t2,literal_fulltext,P,U,48,0,0,0,0,0,0,0,48
four_domain_state_coverage_v1,bart,person,44,N_h1,matrix_h1_t2,literal_fulltext,Q,U,48,0,0,0,0,0,0,0,48
four_domain_state_coverage_v1,bart,person,44,P,matrix_h0_t0,normalized_fulltext,P,Q,192,0,0,0,0,0,0,0,192
four_domain_state_coverage_v1,bart,person,44,P,matrix_h0_t0,normalized_fulltext,P,U,192,0,0,0,0,0,0,0,192
four_domain_state_coverage_v1,bart,person,44,P,matrix_h0_t0,normalized_fulltext,Q,U,192,0,0,0,0,0,0,0,192
four_domain_state_coverage_v1,bart,person,44,P,matrix_h0_t0,literal_fulltext,P,Q,192,0,0,0,0,0,0,0,192
four_domain_state_coverage_v1,bart,person,44,P,matrix_h0_t0,literal_fulltext,P,U,192,0,0,0,0,0,0,0,192
four_domain_state_coverage_v1,bart,person,44,P,matrix_h0_t0,literal_fulltext,Q,U,192,0,0,0,0,0,0,0,192
four_domain_state_coverage_v1,bart,person,44,P,matrix_h0_t2,normalized_fulltext,P,Q,48,0,0,0,0,0,0,0,48
four_domain_state_coverage_v1,bart,person,44,P,matrix_h0_t2,normalized_fulltext,P,U,48,0,0,0,0,0,0,0,48
four_domain_state_coverage_v1,bart,person,44,P,matrix_h0_t2,normalized_fulltext,Q,U,48,0,0,0,0,0,0,0,48
four_domain_state_coverage_v1,bart,person,44,P,matrix_h0_t2,literal_fulltext,P,Q,48,0,0,0,0,0,0,0,48
four_domain_state_coverage_v1,bart,person,44,P,matrix_h0_t2,literal_fulltext,P,U,48,0,0,0,0,0,0,0,48
four_domain_state_coverage_v1,bart,person,44,P,matrix_h0_t2,literal_fulltext,Q,U,48,0,0,0,0,0,0,0,48
four_domain_state_coverage_v1,bart,person,44,P,matrix_h1_t0,normalized_fulltext,P,Q,192,0,0,0,0,0,0,0,192
four_domain_state_coverage_v1,bart,person,44,P,matrix_h1_t0,normalized_fulltext,P,U,192,0,0,0,0,0,0,0,192
four_domain_state_coverage_v1,bart,person,44,P,matrix_h1_t0,normalized_fulltext,Q,U,192,0,0,0,0,0,0,0,192
four_domain_state_coverage_v1,bart,person,44,P,matrix_h1_t0,literal_fulltext,P,Q,192,0,0,0,0,0,0,0,192
four_domain_state_coverage_v1,bart,person,44,P,matrix_h1_t0,literal_fulltext,P,U,192,0,0,0,0,0,0,0,192
four_domain_state_coverage_v1,bart,person,44,P,matrix_h1_t0,literal_fulltext,Q,U,192,0,0,0,0,0,0,0,192
four_domain_state_coverage_v1,bart,person,44,P,matrix_h1_t2,normalized_fulltext,P,Q,48,0,0,0,0,0,0,0,48
four_domain_state_coverage_v1,bart,person,44,P,matrix_h1_t2,normalized_fulltext,P,U,48,0,0,0,0,0,0,0,48
four_domain_state_coverage_v1,bart,person,44,P,matrix_h1_t2,normalized_fulltext,Q,U,48,0,0,0,0,0,0,0,48
four_domain_state_coverage_v1,bart,person,44,P,matrix_h1_t2,literal_fulltext,P,Q,48,0,0,0,0,0,0,0,48
four_domain_state_coverage_v1,bart,person,44,P,matrix_h1_t2,literal_fulltext,P,U,48,0,0,0,0,0,0,0,48
four_domain_state_coverage_v1,bart,person,44,P,matrix_h1_t2,literal_fulltext,Q,U,48,0,0,0,0,0,0,0,48
four_domain_state_coverage_v1,bart,person,44,S_h0,matrix_h0_t0,normalized_fulltext,P,Q,192,4,0,4,142,3,0,3,50
four_domain_state_coverage_v1,bart,person,44,S_h0,matrix_h0_t0,normalized_fulltext,P,U,192,27,0,27,164,26,0,26,28
four_domain_state_coverage_v1,bart,person,44,S_h0,matrix_h0_t0,normalized_fulltext,Q,U,192,23,0,23,139,22,0,22,53
four_domain_state_coverage_v1,bart,person,44,S_h0,matrix_h0_t0,literal_fulltext,P,Q,192,4,0,4,142,3,0,3,50
four_domain_state_coverage_v1,bart,person,44,S_h0,matrix_h0_t0,literal_fulltext,P,U,192,27,0,27,164,26,0,26,28
four_domain_state_coverage_v1,bart,person,44,S_h0,matrix_h0_t0,literal_fulltext,Q,U,192,23,0,23,139,22,0,22,53
four_domain_state_coverage_v1,bart,person,44,S_h0,matrix_h0_t2,normalized_fulltext,P,Q,48,4,0,4,26,3,0,3,22
four_domain_state_coverage_v1,bart,person,44,S_h0,matrix_h0_t2,normalized_fulltext,P,U,48,13,1,14,21,8,0,8,27
four_domain_state_coverage_v1,bart,person,44,S_h0,matrix_h0_t2,normalized_fulltext,Q,U,48,9,1,10,21,5,0,5,27
four_domain_state_coverage_v1,bart,person,44,S_h0,matrix_h0_t2,literal_fulltext,P,Q,48,4,0,4,26,3,0,3,22
four_domain_state_coverage_v1,bart,person,44,S_h0,matrix_h0_t2,literal_fulltext,P,U,48,13,1,14,21,8,0,8,27
four_domain_state_coverage_v1,bart,person,44,S_h0,matrix_h0_t2,literal_fulltext,Q,U,48,9,1,10,21,5,0,5,27
four_domain_state_coverage_v1,bart,person,44,S_h1,matrix_h1_t0,normalized_fulltext,P,Q,192,1,0,1,157,1,0,1,35
four_domain_state_coverage_v1,bart,person,44,S_h1,matrix_h1_t0,normalized_fulltext,P,U,192,51,0,51,94,19,0,19,98
four_domain_state_coverage_v1,bart,person,44,S_h1,matrix_h1_t0,normalized_fulltext,Q,U,192,50,0,50,90,19,0,19,102
four_domain_state_coverage_v1,bart,person,44,S_h1,matrix_h1_t0,literal_fulltext,P,Q,192,1,0,1,157,1,0,1,35
four_domain_state_coverage_v1,bart,person,44,S_h1,matrix_h1_t0,literal_fulltext,P,U,192,51,0,51,94,19,0,19,98
four_domain_state_coverage_v1,bart,person,44,S_h1,matrix_h1_t0,literal_fulltext,Q,U,192,50,0,50,90,19,0,19,102
four_domain_state_coverage_v1,bart,person,44,S_h1,matrix_h1_t2,normalized_fulltext,P,Q,48,4,0,4,34,0,0,0,14
four_domain_state_coverage_v1,bart,person,44,S_h1,matrix_h1_t2,normalized_fulltext,P,U,48,20,0,20,26,14,0,14,22
four_domain_state_coverage_v1,bart,person,44,S_h1,matrix_h1_t2,normalized_fulltext,Q,U,48,16,0,16,26,14,0,14,22
four_domain_state_coverage_v1,bart,person,44,S_h1,matrix_h1_t2,literal_fulltext,P,Q,48,4,0,4,34,0,0,0,14
four_domain_state_coverage_v1,bart,person,44,S_h1,matrix_h1_t2,literal_fulltext,P,U,48,20,0,20,26,14,0,14,22
four_domain_state_coverage_v1,bart,person,44,S_h1,matrix_h1_t2,literal_fulltext,Q,U,48,16,0,16,26,14,0,14,22
four_domain_state_coverage_v1,bart,time,42,M_h0,matrix_h0_t0,normalized_fulltext,P,Q,384,0,12,12,384,0,12,12,0
four_domain_state_coverage_v1,bart,time,42,M_h0,matrix_h0_t0,normalized_fulltext,P,U,384,4,4,8,384,4,4,8,0
four_domain_state_coverage_v1,bart,time,42,M_h0,matrix_h0_t0,normalized_fulltext,Q,U,384,12,0,12,384,12,0,12,0
four_domain_state_coverage_v1,bart,time,42,M_h0,matrix_h0_t0,literal_fulltext,P,Q,384,0,12,12,384,0,12,12,0
four_domain_state_coverage_v1,bart,time,42,M_h0,matrix_h0_t0,literal_fulltext,P,U,384,4,4,8,384,4,4,8,0
four_domain_state_coverage_v1,bart,time,42,M_h0,matrix_h0_t0,literal_fulltext,Q,U,384,12,0,12,384,12,0,12,0
four_domain_state_coverage_v1,bart,time,42,M_h0,matrix_h0_t2,normalized_fulltext,P,Q,96,0,0,0,94,0,0,0,2
four_domain_state_coverage_v1,bart,time,42,M_h0,matrix_h0_t2,normalized_fulltext,P,U,96,0,27,27,92,0,27,27,4
four_domain_state_coverage_v1,bart,time,42,M_h0,matrix_h0_t2,normalized_fulltext,Q,U,96,0,27,27,92,0,27,27,4
four_domain_state_coverage_v1,bart,time,42,M_h0,matrix_h0_t2,literal_fulltext,P,Q,96,0,0,0,94,0,0,0,2
four_domain_state_coverage_v1,bart,time,42,M_h0,matrix_h0_t2,literal_fulltext,P,U,96,0,27,27,92,0,27,27,4
four_domain_state_coverage_v1,bart,time,42,M_h0,matrix_h0_t2,literal_fulltext,Q,U,96,0,27,27,92,0,27,27,4
four_domain_state_coverage_v1,bart,time,42,M_h1,matrix_h1_t0,normalized_fulltext,P,Q,384,2,3,5,384,2,3,5,0
four_domain_state_coverage_v1,bart,time,42,M_h1,matrix_h1_t0,normalized_fulltext,P,U,384,19,0,19,384,19,0,19,0
four_domain_state_coverage_v1,bart,time,42,M_h1,matrix_h1_t0,normalized_fulltext,Q,U,384,21,1,22,384,21,1,22,0
four_domain_state_coverage_v1,bart,time,42,M_h1,matrix_h1_t0,literal_fulltext,P,Q,384,2,3,5,384,2,3,5,0
four_domain_state_coverage_v1,bart,time,42,M_h1,matrix_h1_t0,literal_fulltext,P,U,384,19,0,19,384,19,0,19,0
four_domain_state_coverage_v1,bart,time,42,M_h1,matrix_h1_t0,literal_fulltext,Q,U,384,21,1,22,384,21,1,22,0
four_domain_state_coverage_v1,bart,time,42,M_h1,matrix_h1_t2,normalized_fulltext,P,Q,96,0,0,0,94,0,0,0,2
four_domain_state_coverage_v1,bart,time,42,M_h1,matrix_h1_t2,normalized_fulltext,P,U,96,0,22,22,81,0,22,22,15
four_domain_state_coverage_v1,bart,time,42,M_h1,matrix_h1_t2,normalized_fulltext,Q,U,96,0,22,22,81,0,22,22,15
four_domain_state_coverage_v1,bart,time,42,M_h1,matrix_h1_t2,literal_fulltext,P,Q,96,0,0,0,94,0,0,0,2
four_domain_state_coverage_v1,bart,time,42,M_h1,matrix_h1_t2,literal_fulltext,P,U,96,0,22,22,81,0,22,22,15
four_domain_state_coverage_v1,bart,time,42,M_h1,matrix_h1_t2,literal_fulltext,Q,U,96,0,22,22,81,0,22,22,15
four_domain_state_coverage_v1,bart,time,42,N_h0,matrix_h0_t0,normalized_fulltext,P,Q,384,0,1,1,0,0,0,0,384
four_domain_state_coverage_v1,bart,time,42,N_h0,matrix_h0_t0,normalized_fulltext,P,U,384,0,0,0,0,0,0,0,384
four_domain_state_coverage_v1,bart,time,42,N_h0,matrix_h0_t0,normalized_fulltext,Q,U,384,1,0,1,0,0,0,0,384
four_domain_state_coverage_v1,bart,time,42,N_h0,matrix_h0_t0,literal_fulltext,P,Q,384,0,1,1,0,0,0,0,384
four_domain_state_coverage_v1,bart,time,42,N_h0,matrix_h0_t0,literal_fulltext,P,U,384,0,0,0,0,0,0,0,384
four_domain_state_coverage_v1,bart,time,42,N_h0,matrix_h0_t0,literal_fulltext,Q,U,384,1,0,1,0,0,0,0,384
four_domain_state_coverage_v1,bart,time,42,N_h0,matrix_h0_t2,normalized_fulltext,P,Q,96,0,0,0,1,0,0,0,95
four_domain_state_coverage_v1,bart,time,42,N_h0,matrix_h0_t2,normalized_fulltext,P,U,96,0,0,0,0,0,0,0,96
four_domain_state_coverage_v1,bart,time,42,N_h0,matrix_h0_t2,normalized_fulltext,Q,U,96,0,0,0,0,0,0,0,96
four_domain_state_coverage_v1,bart,time,42,N_h0,matrix_h0_t2,literal_fulltext,P,Q,96,0,0,0,1,0,0,0,95
four_domain_state_coverage_v1,bart,time,42,N_h0,matrix_h0_t2,literal_fulltext,P,U,96,0,0,0,0,0,0,0,96
four_domain_state_coverage_v1,bart,time,42,N_h0,matrix_h0_t2,literal_fulltext,Q,U,96,0,0,0,0,0,0,0,96
four_domain_state_coverage_v1,bart,time,42,N_h1,matrix_h1_t0,normalized_fulltext,P,Q,384,0,0,0,0,0,0,0,384
four_domain_state_coverage_v1,bart,time,42,N_h1,matrix_h1_t0,normalized_fulltext,P,U,384,0,0,0,0,0,0,0,384
four_domain_state_coverage_v1,bart,time,42,N_h1,matrix_h1_t0,normalized_fulltext,Q,U,384,0,0,0,0,0,0,0,384
four_domain_state_coverage_v1,bart,time,42,N_h1,matrix_h1_t0,literal_fulltext,P,Q,384,0,0,0,0,0,0,0,384
four_domain_state_coverage_v1,bart,time,42,N_h1,matrix_h1_t0,literal_fulltext,P,U,384,0,0,0,0,0,0,0,384
four_domain_state_coverage_v1,bart,time,42,N_h1,matrix_h1_t0,literal_fulltext,Q,U,384,0,0,0,0,0,0,0,384
four_domain_state_coverage_v1,bart,time,42,N_h1,matrix_h1_t2,normalized_fulltext,P,Q,96,0,0,0,0,0,0,0,96
four_domain_state_coverage_v1,bart,time,42,N_h1,matrix_h1_t2,normalized_fulltext,P,U,96,0,0,0,0,0,0,0,96
four_domain_state_coverage_v1,bart,time,42,N_h1,matrix_h1_t2,normalized_fulltext,Q,U,96,0,0,0,0,0,0,0,96
four_domain_state_coverage_v1,bart,time,42,N_h1,matrix_h1_t2,literal_fulltext,P,Q,96,0,0,0,0,0,0,0,96
four_domain_state_coverage_v1,bart,time,42,N_h1,matrix_h1_t2,literal_fulltext,P,U,96,0,0,0,0,0,0,0,96
four_domain_state_coverage_v1,bart,time,42,N_h1,matrix_h1_t2,literal_fulltext,Q,U,96,0,0,0,0,0,0,0,96
four_domain_state_coverage_v1,bart,time,42,P,matrix_h0_t0,normalized_fulltext,P,Q,384,0,1,1,0,0,0,0,384
four_domain_state_coverage_v1,bart,time,42,P,matrix_h0_t0,normalized_fulltext,P,U,384,0,0,0,0,0,0,0,384
four_domain_state_coverage_v1,bart,time,42,P,matrix_h0_t0,normalized_fulltext,Q,U,384,1,0,1,1,1,0,1,383
four_domain_state_coverage_v1,bart,time,42,P,matrix_h0_t0,literal_fulltext,P,Q,384,0,1,1,0,0,0,0,384
four_domain_state_coverage_v1,bart,time,42,P,matrix_h0_t0,literal_fulltext,P,U,384,0,0,0,0,0,0,0,384
four_domain_state_coverage_v1,bart,time,42,P,matrix_h0_t0,literal_fulltext,Q,U,384,1,0,1,1,1,0,1,383
four_domain_state_coverage_v1,bart,time,42,P,matrix_h0_t2,normalized_fulltext,P,Q,96,0,0,0,0,0,0,0,96
four_domain_state_coverage_v1,bart,time,42,P,matrix_h0_t2,normalized_fulltext,P,U,96,0,0,0,0,0,0,0,96
four_domain_state_coverage_v1,bart,time,42,P,matrix_h0_t2,normalized_fulltext,Q,U,96,0,0,0,0,0,0,0,96
four_domain_state_coverage_v1,bart,time,42,P,matrix_h0_t2,literal_fulltext,P,Q,96,0,0,0,0,0,0,0,96
four_domain_state_coverage_v1,bart,time,42,P,matrix_h0_t2,literal_fulltext,P,U,96,0,0,0,0,0,0,0,96
four_domain_state_coverage_v1,bart,time,42,P,matrix_h0_t2,literal_fulltext,Q,U,96,0,0,0,0,0,0,0,96
four_domain_state_coverage_v1,bart,time,42,P,matrix_h1_t0,normalized_fulltext,P,Q,384,0,1,1,0,0,0,0,384
four_domain_state_coverage_v1,bart,time,42,P,matrix_h1_t0,normalized_fulltext,P,U,384,0,0,0,0,0,0,0,384
four_domain_state_coverage_v1,bart,time,42,P,matrix_h1_t0,normalized_fulltext,Q,U,384,1,0,1,1,1,0,1,383
four_domain_state_coverage_v1,bart,time,42,P,matrix_h1_t0,literal_fulltext,P,Q,384,0,1,1,0,0,0,0,384
four_domain_state_coverage_v1,bart,time,42,P,matrix_h1_t0,literal_fulltext,P,U,384,0,0,0,0,0,0,0,384
four_domain_state_coverage_v1,bart,time,42,P,matrix_h1_t0,literal_fulltext,Q,U,384,1,0,1,1,1,0,1,383
four_domain_state_coverage_v1,bart,time,42,P,matrix_h1_t2,normalized_fulltext,P,Q,96,0,0,0,0,0,0,0,96
four_domain_state_coverage_v1,bart,time,42,P,matrix_h1_t2,normalized_fulltext,P,U,96,0,0,0,0,0,0,0,96
four_domain_state_coverage_v1,bart,time,42,P,matrix_h1_t2,normalized_fulltext,Q,U,96,0,0,0,0,0,0,0,96
four_domain_state_coverage_v1,bart,time,42,P,matrix_h1_t2,literal_fulltext,P,Q,96,0,0,0,0,0,0,0,96
four_domain_state_coverage_v1,bart,time,42,P,matrix_h1_t2,literal_fulltext,P,U,96,0,0,0,0,0,0,0,96
four_domain_state_coverage_v1,bart,time,42,P,matrix_h1_t2,literal_fulltext,Q,U,96,0,0,0,0,0,0,0,96
four_domain_state_coverage_v1,bart,time,42,S_h0,matrix_h0_t0,normalized_fulltext,P,Q,384,3,3,6,380,3,0,3,4
four_domain_state_coverage_v1,bart,time,42,S_h0,matrix_h0_t0,normalized_fulltext,P,U,384,17,14,31,350,1,10,11,34
four_domain_state_coverage_v1,bart,time,42,S_h0,matrix_h0_t0,normalized_fulltext,Q,U,384,16,13,29,353,0,12,12,31
four_domain_state_coverage_v1,bart,time,42,S_h0,matrix_h0_t0,literal_fulltext,P,Q,384,3,3,6,380,3,0,3,4
four_domain_state_coverage_v1,bart,time,42,S_h0,matrix_h0_t0,literal_fulltext,P,U,384,17,14,31,350,1,10,11,34
four_domain_state_coverage_v1,bart,time,42,S_h0,matrix_h0_t0,literal_fulltext,Q,U,384,16,13,29,353,0,12,12,31
four_domain_state_coverage_v1,bart,time,42,S_h0,matrix_h0_t2,normalized_fulltext,P,Q,96,0,0,0,73,0,0,0,23
four_domain_state_coverage_v1,bart,time,42,S_h0,matrix_h0_t2,normalized_fulltext,P,U,96,6,0,6,58,2,0,2,38
four_domain_state_coverage_v1,bart,time,42,S_h0,matrix_h0_t2,normalized_fulltext,Q,U,96,6,0,6,59,2,0,2,37
four_domain_state_coverage_v1,bart,time,42,S_h0,matrix_h0_t2,literal_fulltext,P,Q,96,0,0,0,73,0,0,0,23
four_domain_state_coverage_v1,bart,time,42,S_h0,matrix_h0_t2,literal_fulltext,P,U,96,6,0,6,58,2,0,2,38
four_domain_state_coverage_v1,bart,time,42,S_h0,matrix_h0_t2,literal_fulltext,Q,U,96,6,0,6,59,2,0,2,37
four_domain_state_coverage_v1,bart,time,42,S_h1,matrix_h1_t0,normalized_fulltext,P,Q,384,3,2,5,374,3,0,3,10
four_domain_state_coverage_v1,bart,time,42,S_h1,matrix_h1_t0,normalized_fulltext,P,U,384,25,8,33,340,2,2,4,44
four_domain_state_coverage_v1,bart,time,42,S_h1,matrix_h1_t0,normalized_fulltext,Q,U,384,24,8,32,345,2,4,6,39
four_domain_state_coverage_v1,bart,time,42,S_h1,matrix_h1_t0,literal_fulltext,P,Q,384,3,2,5,374,3,0,3,10
four_domain_state_coverage_v1,bart,time,42,S_h1,matrix_h1_t0,literal_fulltext,P,U,384,25,8,33,340,2,2,4,44
four_domain_state_coverage_v1,bart,time,42,S_h1,matrix_h1_t0,literal_fulltext,Q,U,384,24,8,32,345,2,4,6,39
four_domain_state_coverage_v1,bart,time,42,S_h1,matrix_h1_t2,normalized_fulltext,P,Q,96,0,0,0,71,0,0,0,25
four_domain_state_coverage_v1,bart,time,42,S_h1,matrix_h1_t2,normalized_fulltext,P,U,96,6,0,6,51,0,0,0,45
four_domain_state_coverage_v1,bart,time,42,S_h1,matrix_h1_t2,normalized_fulltext,Q,U,96,6,0,6,53,0,0,0,43
four_domain_state_coverage_v1,bart,time,42,S_h1,matrix_h1_t2,literal_fulltext,P,Q,96,0,0,0,71,0,0,0,25
four_domain_state_coverage_v1,bart,time,42,S_h1,matrix_h1_t2,literal_fulltext,P,U,96,6,0,6,51,0,0,0,45
four_domain_state_coverage_v1,bart,time,42,S_h1,matrix_h1_t2,literal_fulltext,Q,U,96,6,0,6,53,0,0,0,43
four_domain_state_coverage_v1,bart,time,43,M_h0,matrix_h0_t0,normalized_fulltext,P,Q,384,0,0,0,319,0,0,0,65
four_domain_state_coverage_v1,bart,time,43,M_h0,matrix_h0_t0,normalized_fulltext,P,U,384,79,0,79,319,79,0,79,65
four_domain_state_coverage_v1,bart,time,43,M_h0,matrix_h0_t0,normalized_fulltext,Q,U,384,79,0,79,334,79,0,79,50
four_domain_state_coverage_v1,bart,time,43,M_h0,matrix_h0_t0,literal_fulltext,P,Q,384,0,0,0,319,0,0,0,65
four_domain_state_coverage_v1,bart,time,43,M_h0,matrix_h0_t0,literal_fulltext,P,U,384,79,0,79,319,79,0,79,65
four_domain_state_coverage_v1,bart,time,43,M_h0,matrix_h0_t0,literal_fulltext,Q,U,384,79,0,79,334,79,0,79,50
four_domain_state_coverage_v1,bart,time,43,M_h0,matrix_h0_t2,normalized_fulltext,P,Q,116,0,0,0,66,0,0,0,50
four_domain_state_coverage_v1,bart,time,43,M_h0,matrix_h0_t2,normalized_fulltext,P,U,116,6,0,6,59,1,0,1,57
four_domain_state_coverage_v1,bart,time,43,M_h0,matrix_h0_t2,normalized_fulltext,Q,U,116,6,0,6,60,1,0,1,56
four_domain_state_coverage_v1,bart,time,43,M_h0,matrix_h0_t2,literal_fulltext,P,Q,116,0,0,0,66,0,0,0,50
four_domain_state_coverage_v1,bart,time,43,M_h0,matrix_h0_t2,literal_fulltext,P,U,116,6,0,6,59,1,0,1,57
four_domain_state_coverage_v1,bart,time,43,M_h0,matrix_h0_t2,literal_fulltext,Q,U,116,6,0,6,60,1,0,1,56
four_domain_state_coverage_v1,bart,time,43,M_h1,matrix_h1_t0,normalized_fulltext,P,Q,384,0,0,0,317,0,0,0,67
four_domain_state_coverage_v1,bart,time,43,M_h1,matrix_h1_t0,normalized_fulltext,P,U,384,123,0,123,320,123,0,123,64
four_domain_state_coverage_v1,bart,time,43,M_h1,matrix_h1_t0,normalized_fulltext,Q,U,384,123,0,123,321,123,0,123,63
four_domain_state_coverage_v1,bart,time,43,M_h1,matrix_h1_t0,literal_fulltext,P,Q,384,0,0,0,317,0,0,0,67
four_domain_state_coverage_v1,bart,time,43,M_h1,matrix_h1_t0,literal_fulltext,P,U,384,123,0,123,320,123,0,123,64
four_domain_state_coverage_v1,bart,time,43,M_h1,matrix_h1_t0,literal_fulltext,Q,U,384,123,0,123,321,123,0,123,63
four_domain_state_coverage_v1,bart,time,43,M_h1,matrix_h1_t2,normalized_fulltext,P,Q,116,0,0,0,84,0,0,0,32
four_domain_state_coverage_v1,bart,time,43,M_h1,matrix_h1_t2,normalized_fulltext,P,U,116,0,0,0,71,0,0,0,45
four_domain_state_coverage_v1,bart,time,43,M_h1,matrix_h1_t2,normalized_fulltext,Q,U,116,0,0,0,75,0,0,0,41
four_domain_state_coverage_v1,bart,time,43,M_h1,matrix_h1_t2,literal_fulltext,P,Q,116,0,0,0,84,0,0,0,32
four_domain_state_coverage_v1,bart,time,43,M_h1,matrix_h1_t2,literal_fulltext,P,U,116,0,0,0,71,0,0,0,45
four_domain_state_coverage_v1,bart,time,43,M_h1,matrix_h1_t2,literal_fulltext,Q,U,116,0,0,0,75,0,0,0,41
four_domain_state_coverage_v1,bart,time,43,N_h0,matrix_h0_t0,normalized_fulltext,P,Q,384,0,0,0,0,0,0,0,384
four_domain_state_coverage_v1,bart,time,43,N_h0,matrix_h0_t0,normalized_fulltext,P,U,384,0,2,2,0,0,0,0,384
four_domain_state_coverage_v1,bart,time,43,N_h0,matrix_h0_t0,normalized_fulltext,Q,U,384,0,2,2,0,0,0,0,384
four_domain_state_coverage_v1,bart,time,43,N_h0,matrix_h0_t0,literal_fulltext,P,Q,384,0,0,0,0,0,0,0,384
four_domain_state_coverage_v1,bart,time,43,N_h0,matrix_h0_t0,literal_fulltext,P,U,384,0,2,2,0,0,0,0,384
four_domain_state_coverage_v1,bart,time,43,N_h0,matrix_h0_t0,literal_fulltext,Q,U,384,0,2,2,0,0,0,0,384
four_domain_state_coverage_v1,bart,time,43,N_h0,matrix_h0_t2,normalized_fulltext,P,Q,116,0,0,0,0,0,0,0,116
four_domain_state_coverage_v1,bart,time,43,N_h0,matrix_h0_t2,normalized_fulltext,P,U,116,0,0,0,0,0,0,0,116
four_domain_state_coverage_v1,bart,time,43,N_h0,matrix_h0_t2,normalized_fulltext,Q,U,116,0,0,0,0,0,0,0,116
four_domain_state_coverage_v1,bart,time,43,N_h0,matrix_h0_t2,literal_fulltext,P,Q,116,0,0,0,0,0,0,0,116
four_domain_state_coverage_v1,bart,time,43,N_h0,matrix_h0_t2,literal_fulltext,P,U,116,0,0,0,0,0,0,0,116
four_domain_state_coverage_v1,bart,time,43,N_h0,matrix_h0_t2,literal_fulltext,Q,U,116,0,0,0,0,0,0,0,116
four_domain_state_coverage_v1,bart,time,43,N_h1,matrix_h1_t0,normalized_fulltext,P,Q,384,0,0,0,1,0,0,0,383
four_domain_state_coverage_v1,bart,time,43,N_h1,matrix_h1_t0,normalized_fulltext,P,U,384,0,0,0,0,0,0,0,384
four_domain_state_coverage_v1,bart,time,43,N_h1,matrix_h1_t0,normalized_fulltext,Q,U,384,0,0,0,0,0,0,0,384
four_domain_state_coverage_v1,bart,time,43,N_h1,matrix_h1_t0,literal_fulltext,P,Q,384,0,0,0,1,0,0,0,383
four_domain_state_coverage_v1,bart,time,43,N_h1,matrix_h1_t0,literal_fulltext,P,U,384,0,0,0,0,0,0,0,384
four_domain_state_coverage_v1,bart,time,43,N_h1,matrix_h1_t0,literal_fulltext,Q,U,384,0,0,0,0,0,0,0,384
four_domain_state_coverage_v1,bart,time,43,N_h1,matrix_h1_t2,normalized_fulltext,P,Q,116,0,0,0,0,0,0,0,116
four_domain_state_coverage_v1,bart,time,43,N_h1,matrix_h1_t2,normalized_fulltext,P,U,116,0,0,0,0,0,0,0,116
four_domain_state_coverage_v1,bart,time,43,N_h1,matrix_h1_t2,normalized_fulltext,Q,U,116,0,0,0,0,0,0,0,116
four_domain_state_coverage_v1,bart,time,43,N_h1,matrix_h1_t2,literal_fulltext,P,Q,116,0,0,0,0,0,0,0,116
four_domain_state_coverage_v1,bart,time,43,N_h1,matrix_h1_t2,literal_fulltext,P,U,116,0,0,0,0,0,0,0,116
four_domain_state_coverage_v1,bart,time,43,N_h1,matrix_h1_t2,literal_fulltext,Q,U,116,0,0,0,0,0,0,0,116
four_domain_state_coverage_v1,bart,time,43,P,matrix_h0_t0,normalized_fulltext,P,Q,384,0,0,0,0,0,0,0,384
four_domain_state_coverage_v1,bart,time,43,P,matrix_h0_t0,normalized_fulltext,P,U,384,0,0,0,0,0,0,0,384
four_domain_state_coverage_v1,bart,time,43,P,matrix_h0_t0,normalized_fulltext,Q,U,384,0,0,0,0,0,0,0,384
four_domain_state_coverage_v1,bart,time,43,P,matrix_h0_t0,literal_fulltext,P,Q,384,0,0,0,0,0,0,0,384
four_domain_state_coverage_v1,bart,time,43,P,matrix_h0_t0,literal_fulltext,P,U,384,0,0,0,0,0,0,0,384
four_domain_state_coverage_v1,bart,time,43,P,matrix_h0_t0,literal_fulltext,Q,U,384,0,0,0,0,0,0,0,384
four_domain_state_coverage_v1,bart,time,43,P,matrix_h0_t2,normalized_fulltext,P,Q,116,0,0,0,0,0,0,0,116
four_domain_state_coverage_v1,bart,time,43,P,matrix_h0_t2,normalized_fulltext,P,U,116,0,0,0,0,0,0,0,116
four_domain_state_coverage_v1,bart,time,43,P,matrix_h0_t2,normalized_fulltext,Q,U,116,0,0,0,0,0,0,0,116
four_domain_state_coverage_v1,bart,time,43,P,matrix_h0_t2,literal_fulltext,P,Q,116,0,0,0,0,0,0,0,116
four_domain_state_coverage_v1,bart,time,43,P,matrix_h0_t2,literal_fulltext,P,U,116,0,0,0,0,0,0,0,116
four_domain_state_coverage_v1,bart,time,43,P,matrix_h0_t2,literal_fulltext,Q,U,116,0,0,0,0,0,0,0,116
four_domain_state_coverage_v1,bart,time,43,P,matrix_h1_t0,normalized_fulltext,P,Q,384,0,0,0,0,0,0,0,384
four_domain_state_coverage_v1,bart,time,43,P,matrix_h1_t0,normalized_fulltext,P,U,384,0,0,0,0,0,0,0,384
four_domain_state_coverage_v1,bart,time,43,P,matrix_h1_t0,normalized_fulltext,Q,U,384,0,0,0,0,0,0,0,384
four_domain_state_coverage_v1,bart,time,43,P,matrix_h1_t0,literal_fulltext,P,Q,384,0,0,0,0,0,0,0,384
four_domain_state_coverage_v1,bart,time,43,P,matrix_h1_t0,literal_fulltext,P,U,384,0,0,0,0,0,0,0,384
four_domain_state_coverage_v1,bart,time,43,P,matrix_h1_t0,literal_fulltext,Q,U,384,0,0,0,0,0,0,0,384
four_domain_state_coverage_v1,bart,time,43,P,matrix_h1_t2,normalized_fulltext,P,Q,116,0,0,0,0,0,0,0,116
four_domain_state_coverage_v1,bart,time,43,P,matrix_h1_t2,normalized_fulltext,P,U,116,0,0,0,0,0,0,0,116
four_domain_state_coverage_v1,bart,time,43,P,matrix_h1_t2,normalized_fulltext,Q,U,116,0,0,0,0,0,0,0,116
four_domain_state_coverage_v1,bart,time,43,P,matrix_h1_t2,literal_fulltext,P,Q,116,0,0,0,0,0,0,0,116
four_domain_state_coverage_v1,bart,time,43,P,matrix_h1_t2,literal_fulltext,P,U,116,0,0,0,0,0,0,0,116
four_domain_state_coverage_v1,bart,time,43,P,matrix_h1_t2,literal_fulltext,Q,U,116,0,0,0,0,0,0,0,116
four_domain_state_coverage_v1,bart,time,43,S_h0,matrix_h0_t0,normalized_fulltext,P,Q,384,4,5,9,383,4,5,9,1
four_domain_state_coverage_v1,bart,time,43,S_h0,matrix_h0_t0,normalized_fulltext,P,U,384,138,0,138,334,126,0,126,50
four_domain_state_coverage_v1,bart,time,43,S_h0,matrix_h0_t0,normalized_fulltext,Q,U,384,139,0,139,334,126,0,126,50
four_domain_state_coverage_v1,bart,time,43,S_h0,matrix_h0_t0,literal_fulltext,P,Q,384,4,5,9,383,4,5,9,1
four_domain_state_coverage_v1,bart,time,43,S_h0,matrix_h0_t0,literal_fulltext,P,U,384,138,0,138,334,126,0,126,50
four_domain_state_coverage_v1,bart,time,43,S_h0,matrix_h0_t0,literal_fulltext,Q,U,384,139,0,139,334,126,0,126,50
four_domain_state_coverage_v1,bart,time,43,S_h0,matrix_h0_t2,normalized_fulltext,P,Q,116,0,0,0,39,0,0,0,77
four_domain_state_coverage_v1,bart,time,43,S_h0,matrix_h0_t2,normalized_fulltext,P,U,116,0,0,0,34,0,0,0,82
four_domain_state_coverage_v1,bart,time,43,S_h0,matrix_h0_t2,normalized_fulltext,Q,U,116,0,0,0,34,0,0,0,82
four_domain_state_coverage_v1,bart,time,43,S_h0,matrix_h0_t2,literal_fulltext,P,Q,116,0,0,0,39,0,0,0,77
four_domain_state_coverage_v1,bart,time,43,S_h0,matrix_h0_t2,literal_fulltext,P,U,116,0,0,0,34,0,0,0,82
four_domain_state_coverage_v1,bart,time,43,S_h0,matrix_h0_t2,literal_fulltext,Q,U,116,0,0,0,34,0,0,0,82
four_domain_state_coverage_v1,bart,time,43,S_h1,matrix_h1_t0,normalized_fulltext,P,Q,384,0,33,33,384,0,33,33,0
four_domain_state_coverage_v1,bart,time,43,S_h1,matrix_h1_t0,normalized_fulltext,P,U,384,109,2,111,324,104,2,106,60
four_domain_state_coverage_v1,bart,time,43,S_h1,matrix_h1_t0,normalized_fulltext,Q,U,384,140,0,140,324,123,0,123,60
four_domain_state_coverage_v1,bart,time,43,S_h1,matrix_h1_t0,literal_fulltext,P,Q,384,0,33,33,384,0,33,33,0
four_domain_state_coverage_v1,bart,time,43,S_h1,matrix_h1_t0,literal_fulltext,P,U,384,109,2,111,324,104,2,106,60
four_domain_state_coverage_v1,bart,time,43,S_h1,matrix_h1_t0,literal_fulltext,Q,U,384,140,0,140,324,123,0,123,60
four_domain_state_coverage_v1,bart,time,43,S_h1,matrix_h1_t2,normalized_fulltext,P,Q,116,0,0,0,32,0,0,0,84
four_domain_state_coverage_v1,bart,time,43,S_h1,matrix_h1_t2,normalized_fulltext,P,U,116,0,0,0,30,0,0,0,86
four_domain_state_coverage_v1,bart,time,43,S_h1,matrix_h1_t2,normalized_fulltext,Q,U,116,0,0,0,29,0,0,0,87
four_domain_state_coverage_v1,bart,time,43,S_h1,matrix_h1_t2,literal_fulltext,P,Q,116,0,0,0,32,0,0,0,84
four_domain_state_coverage_v1,bart,time,43,S_h1,matrix_h1_t2,literal_fulltext,P,U,116,0,0,0,30,0,0,0,86
four_domain_state_coverage_v1,bart,time,43,S_h1,matrix_h1_t2,literal_fulltext,Q,U,116,0,0,0,29,0,0,0,87
four_domain_state_coverage_v1,bart,time,44,M_h0,matrix_h0_t0,normalized_fulltext,P,Q,384,13,0,13,203,0,0,0,181
four_domain_state_coverage_v1,bart,time,44,M_h0,matrix_h0_t0,normalized_fulltext,P,U,384,82,20,102,200,77,0,77,184
four_domain_state_coverage_v1,bart,time,44,M_h0,matrix_h0_t0,normalized_fulltext,Q,U,384,82,33,115,187,77,0,77,197
four_domain_state_coverage_v1,bart,time,44,M_h0,matrix_h0_t0,literal_fulltext,P,Q,384,13,0,13,203,0,0,0,181
four_domain_state_coverage_v1,bart,time,44,M_h0,matrix_h0_t0,literal_fulltext,P,U,384,82,20,102,200,77,0,77,184
four_domain_state_coverage_v1,bart,time,44,M_h0,matrix_h0_t0,literal_fulltext,Q,U,384,82,33,115,187,77,0,77,197
four_domain_state_coverage_v1,bart,time,44,M_h0,matrix_h0_t2,normalized_fulltext,P,Q,120,5,0,5,63,0,0,0,57
four_domain_state_coverage_v1,bart,time,44,M_h0,matrix_h0_t2,normalized_fulltext,P,U,120,5,0,5,61,5,0,5,59
four_domain_state_coverage_v1,bart,time,44,M_h0,matrix_h0_t2,normalized_fulltext,Q,U,120,0,0,0,42,0,0,0,78
four_domain_state_coverage_v1,bart,time,44,M_h0,matrix_h0_t2,literal_fulltext,P,Q,120,5,0,5,63,0,0,0,57
four_domain_state_coverage_v1,bart,time,44,M_h0,matrix_h0_t2,literal_fulltext,P,U,120,5,0,5,61,5,0,5,59
four_domain_state_coverage_v1,bart,time,44,M_h0,matrix_h0_t2,literal_fulltext,Q,U,120,0,0,0,42,0,0,0,78
four_domain_state_coverage_v1,bart,time,44,M_h1,matrix_h1_t0,normalized_fulltext,P,Q,384,10,0,10,200,0,0,0,184
four_domain_state_coverage_v1,bart,time,44,M_h1,matrix_h1_t0,normalized_fulltext,P,U,384,112,28,140,164,71,0,71,220
four_domain_state_coverage_v1,bart,time,44,M_h1,matrix_h1_t0,normalized_fulltext,Q,U,384,112,38,150,158,71,4,75,226
four_domain_state_coverage_v1,bart,time,44,M_h1,matrix_h1_t0,literal_fulltext,P,Q,384,10,0,10,200,0,0,0,184
four_domain_state_coverage_v1,bart,time,44,M_h1,matrix_h1_t0,literal_fulltext,P,U,384,112,28,140,164,71,0,71,220
four_domain_state_coverage_v1,bart,time,44,M_h1,matrix_h1_t0,literal_fulltext,Q,U,384,112,38,150,158,71,4,75,226
four_domain_state_coverage_v1,bart,time,44,M_h1,matrix_h1_t2,normalized_fulltext,P,Q,120,3,1,4,72,0,1,1,48
four_domain_state_coverage_v1,bart,time,44,M_h1,matrix_h1_t2,normalized_fulltext,P,U,120,3,1,4,72,3,1,4,48
four_domain_state_coverage_v1,bart,time,44,M_h1,matrix_h1_t2,normalized_fulltext,Q,U,120,0,0,0,57,0,0,0,63
four_domain_state_coverage_v1,bart,time,44,M_h1,matrix_h1_t2,literal_fulltext,P,Q,120,3,1,4,72,0,1,1,48
four_domain_state_coverage_v1,bart,time,44,M_h1,matrix_h1_t2,literal_fulltext,P,U,120,3,1,4,72,3,1,4,48
four_domain_state_coverage_v1,bart,time,44,M_h1,matrix_h1_t2,literal_fulltext,Q,U,120,0,0,0,57,0,0,0,63
four_domain_state_coverage_v1,bart,time,44,N_h0,matrix_h0_t0,normalized_fulltext,P,Q,384,0,0,0,0,0,0,0,384
four_domain_state_coverage_v1,bart,time,44,N_h0,matrix_h0_t0,normalized_fulltext,P,U,384,0,1,1,0,0,0,0,384
four_domain_state_coverage_v1,bart,time,44,N_h0,matrix_h0_t0,normalized_fulltext,Q,U,384,0,1,1,0,0,0,0,384
four_domain_state_coverage_v1,bart,time,44,N_h0,matrix_h0_t0,literal_fulltext,P,Q,384,0,0,0,0,0,0,0,384
four_domain_state_coverage_v1,bart,time,44,N_h0,matrix_h0_t0,literal_fulltext,P,U,384,0,1,1,0,0,0,0,384
four_domain_state_coverage_v1,bart,time,44,N_h0,matrix_h0_t0,literal_fulltext,Q,U,384,0,1,1,0,0,0,0,384
four_domain_state_coverage_v1,bart,time,44,N_h0,matrix_h0_t2,normalized_fulltext,P,Q,120,0,0,0,1,0,0,0,119
four_domain_state_coverage_v1,bart,time,44,N_h0,matrix_h0_t2,normalized_fulltext,P,U,120,0,0,0,0,0,0,0,120
four_domain_state_coverage_v1,bart,time,44,N_h0,matrix_h0_t2,normalized_fulltext,Q,U,120,0,0,0,2,0,0,0,118
four_domain_state_coverage_v1,bart,time,44,N_h0,matrix_h0_t2,literal_fulltext,P,Q,120,0,0,0,1,0,0,0,119
four_domain_state_coverage_v1,bart,time,44,N_h0,matrix_h0_t2,literal_fulltext,P,U,120,0,0,0,0,0,0,0,120
four_domain_state_coverage_v1,bart,time,44,N_h0,matrix_h0_t2,literal_fulltext,Q,U,120,0,0,0,2,0,0,0,118
four_domain_state_coverage_v1,bart,time,44,N_h1,matrix_h1_t0,normalized_fulltext,P,Q,384,0,0,0,0,0,0,0,384
four_domain_state_coverage_v1,bart,time,44,N_h1,matrix_h1_t0,normalized_fulltext,P,U,384,0,1,1,0,0,0,0,384
four_domain_state_coverage_v1,bart,time,44,N_h1,matrix_h1_t0,normalized_fulltext,Q,U,384,0,1,1,0,0,0,0,384
four_domain_state_coverage_v1,bart,time,44,N_h1,matrix_h1_t0,literal_fulltext,P,Q,384,0,0,0,0,0,0,0,384
four_domain_state_coverage_v1,bart,time,44,N_h1,matrix_h1_t0,literal_fulltext,P,U,384,0,1,1,0,0,0,0,384
four_domain_state_coverage_v1,bart,time,44,N_h1,matrix_h1_t0,literal_fulltext,Q,U,384,0,1,1,0,0,0,0,384
four_domain_state_coverage_v1,bart,time,44,N_h1,matrix_h1_t2,normalized_fulltext,P,Q,120,0,2,2,0,0,0,0,120
four_domain_state_coverage_v1,bart,time,44,N_h1,matrix_h1_t2,normalized_fulltext,P,U,120,0,0,0,0,0,0,0,120
four_domain_state_coverage_v1,bart,time,44,N_h1,matrix_h1_t2,normalized_fulltext,Q,U,120,2,0,2,0,0,0,0,120
four_domain_state_coverage_v1,bart,time,44,N_h1,matrix_h1_t2,literal_fulltext,P,Q,120,0,2,2,0,0,0,0,120
four_domain_state_coverage_v1,bart,time,44,N_h1,matrix_h1_t2,literal_fulltext,P,U,120,0,0,0,0,0,0,0,120
four_domain_state_coverage_v1,bart,time,44,N_h1,matrix_h1_t2,literal_fulltext,Q,U,120,2,0,2,0,0,0,0,120
four_domain_state_coverage_v1,bart,time,44,P,matrix_h0_t0,normalized_fulltext,P,Q,384,0,0,0,0,0,0,0,384
four_domain_state_coverage_v1,bart,time,44,P,matrix_h0_t0,normalized_fulltext,P,U,384,0,0,0,0,0,0,0,384
four_domain_state_coverage_v1,bart,time,44,P,matrix_h0_t0,normalized_fulltext,Q,U,384,0,0,0,0,0,0,0,384
four_domain_state_coverage_v1,bart,time,44,P,matrix_h0_t0,literal_fulltext,P,Q,384,0,0,0,0,0,0,0,384
four_domain_state_coverage_v1,bart,time,44,P,matrix_h0_t0,literal_fulltext,P,U,384,0,0,0,0,0,0,0,384
four_domain_state_coverage_v1,bart,time,44,P,matrix_h0_t0,literal_fulltext,Q,U,384,0,0,0,0,0,0,0,384
four_domain_state_coverage_v1,bart,time,44,P,matrix_h0_t2,normalized_fulltext,P,Q,120,0,0,0,0,0,0,0,120
four_domain_state_coverage_v1,bart,time,44,P,matrix_h0_t2,normalized_fulltext,P,U,120,0,0,0,0,0,0,0,120
four_domain_state_coverage_v1,bart,time,44,P,matrix_h0_t2,normalized_fulltext,Q,U,120,0,0,0,0,0,0,0,120
four_domain_state_coverage_v1,bart,time,44,P,matrix_h0_t2,literal_fulltext,P,Q,120,0,0,0,0,0,0,0,120
four_domain_state_coverage_v1,bart,time,44,P,matrix_h0_t2,literal_fulltext,P,U,120,0,0,0,0,0,0,0,120
four_domain_state_coverage_v1,bart,time,44,P,matrix_h0_t2,literal_fulltext,Q,U,120,0,0,0,0,0,0,0,120
four_domain_state_coverage_v1,bart,time,44,P,matrix_h1_t0,normalized_fulltext,P,Q,384,0,0,0,0,0,0,0,384
four_domain_state_coverage_v1,bart,time,44,P,matrix_h1_t0,normalized_fulltext,P,U,384,0,0,0,0,0,0,0,384
four_domain_state_coverage_v1,bart,time,44,P,matrix_h1_t0,normalized_fulltext,Q,U,384,0,0,0,0,0,0,0,384
four_domain_state_coverage_v1,bart,time,44,P,matrix_h1_t0,literal_fulltext,P,Q,384,0,0,0,0,0,0,0,384
four_domain_state_coverage_v1,bart,time,44,P,matrix_h1_t0,literal_fulltext,P,U,384,0,0,0,0,0,0,0,384
four_domain_state_coverage_v1,bart,time,44,P,matrix_h1_t0,literal_fulltext,Q,U,384,0,0,0,0,0,0,0,384
four_domain_state_coverage_v1,bart,time,44,P,matrix_h1_t2,normalized_fulltext,P,Q,120,0,0,0,0,0,0,0,120
four_domain_state_coverage_v1,bart,time,44,P,matrix_h1_t2,normalized_fulltext,P,U,120,0,0,0,0,0,0,0,120
four_domain_state_coverage_v1,bart,time,44,P,matrix_h1_t2,normalized_fulltext,Q,U,120,0,0,0,0,0,0,0,120
four_domain_state_coverage_v1,bart,time,44,P,matrix_h1_t2,literal_fulltext,P,Q,120,0,0,0,0,0,0,0,120
four_domain_state_coverage_v1,bart,time,44,P,matrix_h1_t2,literal_fulltext,P,U,120,0,0,0,0,0,0,0,120
four_domain_state_coverage_v1,bart,time,44,P,matrix_h1_t2,literal_fulltext,Q,U,120,0,0,0,0,0,0,0,120
four_domain_state_coverage_v1,bart,time,44,S_h0,matrix_h0_t0,normalized_fulltext,P,Q,384,0,0,0,326,0,0,0,58
four_domain_state_coverage_v1,bart,time,44,S_h0,matrix_h0_t0,normalized_fulltext,P,U,384,31,6,37,274,16,6,22,110
four_domain_state_coverage_v1,bart,time,44,S_h0,matrix_h0_t0,normalized_fulltext,Q,U,384,31,6,37,294,16,6,22,90
four_domain_state_coverage_v1,bart,time,44,S_h0,matrix_h0_t0,literal_fulltext,P,Q,384,0,0,0,326,0,0,0,58
four_domain_state_coverage_v1,bart,time,44,S_h0,matrix_h0_t0,literal_fulltext,P,U,384,31,6,37,274,16,6,22,110
four_domain_state_coverage_v1,bart,time,44,S_h0,matrix_h0_t0,literal_fulltext,Q,U,384,31,6,37,294,16,6,22,90
four_domain_state_coverage_v1,bart,time,44,S_h0,matrix_h0_t2,normalized_fulltext,P,Q,120,0,8,8,89,0,8,8,31
four_domain_state_coverage_v1,bart,time,44,S_h0,matrix_h0_t2,normalized_fulltext,P,U,120,0,0,0,75,0,0,0,45
four_domain_state_coverage_v1,bart,time,44,S_h0,matrix_h0_t2,normalized_fulltext,Q,U,120,8,0,8,82,7,0,7,38
four_domain_state_coverage_v1,bart,time,44,S_h0,matrix_h0_t2,literal_fulltext,P,Q,120,0,8,8,89,0,8,8,31
four_domain_state_coverage_v1,bart,time,44,S_h0,matrix_h0_t2,literal_fulltext,P,U,120,0,0,0,75,0,0,0,45
four_domain_state_coverage_v1,bart,time,44,S_h0,matrix_h0_t2,literal_fulltext,Q,U,120,8,0,8,82,7,0,7,38
four_domain_state_coverage_v1,bart,time,44,S_h1,matrix_h1_t0,normalized_fulltext,P,Q,384,0,0,0,302,0,0,0,82
four_domain_state_coverage_v1,bart,time,44,S_h1,matrix_h1_t0,normalized_fulltext,P,U,384,34,25,59,251,14,25,39,133
four_domain_state_coverage_v1,bart,time,44,S_h1,matrix_h1_t0,normalized_fulltext,Q,U,384,34,25,59,260,14,25,39,124
four_domain_state_coverage_v1,bart,time,44,S_h1,matrix_h1_t0,literal_fulltext,P,Q,384,0,0,0,302,0,0,0,82
four_domain_state_coverage_v1,bart,time,44,S_h1,matrix_h1_t0,literal_fulltext,P,U,384,34,25,59,251,14,25,39,133
four_domain_state_coverage_v1,bart,time,44,S_h1,matrix_h1_t0,literal_fulltext,Q,U,384,34,25,59,260,14,25,39,124
four_domain_state_coverage_v1,bart,time,44,S_h1,matrix_h1_t2,normalized_fulltext,P,Q,120,0,4,4,101,0,4,4,19
four_domain_state_coverage_v1,bart,time,44,S_h1,matrix_h1_t2,normalized_fulltext,P,U,120,0,0,0,91,0,0,0,29
four_domain_state_coverage_v1,bart,time,44,S_h1,matrix_h1_t2,normalized_fulltext,Q,U,120,4,0,4,94,2,0,2,26
four_domain_state_coverage_v1,bart,time,44,S_h1,matrix_h1_t2,literal_fulltext,P,Q,120,0,4,4,101,0,4,4,19
four_domain_state_coverage_v1,bart,time,44,S_h1,matrix_h1_t2,literal_fulltext,P,U,120,0,0,0,91,0,0,0,29
four_domain_state_coverage_v1,bart,time,44,S_h1,matrix_h1_t2,literal_fulltext,Q,U,120,4,0,4,94,2,0,2,26
four_domain_state_coverage_v1,t5gemma,emotion,42,M_h0,matrix_h0_t0,normalized_fulltext,P,Q,256,0,0,0,256,0,0,0,0
four_domain_state_coverage_v1,t5gemma,emotion,42,M_h0,matrix_h0_t0,normalized_fulltext,P,U,256,0,17,17,256,0,17,17,0
four_domain_state_coverage_v1,t5gemma,emotion,42,M_h0,matrix_h0_t0,normalized_fulltext,Q,U,256,0,17,17,256,0,17,17,0
four_domain_state_coverage_v1,t5gemma,emotion,42,M_h0,matrix_h0_t0,literal_fulltext,P,Q,256,0,0,0,256,0,0,0,0
four_domain_state_coverage_v1,t5gemma,emotion,42,M_h0,matrix_h0_t0,literal_fulltext,P,U,256,0,17,17,256,0,17,17,0
four_domain_state_coverage_v1,t5gemma,emotion,42,M_h0,matrix_h0_t0,literal_fulltext,Q,U,256,0,17,17,256,0,17,17,0
four_domain_state_coverage_v1,t5gemma,emotion,42,M_h0,matrix_h0_t2,normalized_fulltext,P,Q,123,0,0,0,123,0,0,0,0
four_domain_state_coverage_v1,t5gemma,emotion,42,M_h0,matrix_h0_t2,normalized_fulltext,P,U,123,9,0,9,123,9,0,9,0
four_domain_state_coverage_v1,t5gemma,emotion,42,M_h0,matrix_h0_t2,normalized_fulltext,Q,U,123,9,0,9,123,9,0,9,0
four_domain_state_coverage_v1,t5gemma,emotion,42,M_h0,matrix_h0_t2,literal_fulltext,P,Q,123,0,0,0,123,0,0,0,0
four_domain_state_coverage_v1,t5gemma,emotion,42,M_h0,matrix_h0_t2,literal_fulltext,P,U,123,9,0,9,123,9,0,9,0
four_domain_state_coverage_v1,t5gemma,emotion,42,M_h0,matrix_h0_t2,literal_fulltext,Q,U,123,9,0,9,123,9,0,9,0
four_domain_state_coverage_v1,t5gemma,emotion,42,M_h1,matrix_h1_t0,normalized_fulltext,P,Q,256,0,1,1,256,0,1,1,0
four_domain_state_coverage_v1,t5gemma,emotion,42,M_h1,matrix_h1_t0,normalized_fulltext,P,U,256,6,5,11,254,4,5,9,2
four_domain_state_coverage_v1,t5gemma,emotion,42,M_h1,matrix_h1_t0,normalized_fulltext,Q,U,256,6,4,10,254,4,4,8,2
four_domain_state_coverage_v1,t5gemma,emotion,42,M_h1,matrix_h1_t0,literal_fulltext,P,Q,256,0,1,1,256,0,1,1,0
four_domain_state_coverage_v1,t5gemma,emotion,42,M_h1,matrix_h1_t0,literal_fulltext,P,U,256,6,5,11,254,4,5,9,2
four_domain_state_coverage_v1,t5gemma,emotion,42,M_h1,matrix_h1_t0,literal_fulltext,Q,U,256,6,4,10,254,4,4,8,2
four_domain_state_coverage_v1,t5gemma,emotion,42,M_h1,matrix_h1_t2,normalized_fulltext,P,Q,123,1,0,1,123,1,0,1,0
four_domain_state_coverage_v1,t5gemma,emotion,42,M_h1,matrix_h1_t2,normalized_fulltext,P,U,123,2,2,4,123,2,2,4,0
four_domain_state_coverage_v1,t5gemma,emotion,42,M_h1,matrix_h1_t2,normalized_fulltext,Q,U,123,2,3,5,123,2,3,5,0
four_domain_state_coverage_v1,t5gemma,emotion,42,M_h1,matrix_h1_t2,literal_fulltext,P,Q,123,1,0,1,123,1,0,1,0
four_domain_state_coverage_v1,t5gemma,emotion,42,M_h1,matrix_h1_t2,literal_fulltext,P,U,123,2,2,4,123,2,2,4,0
four_domain_state_coverage_v1,t5gemma,emotion,42,M_h1,matrix_h1_t2,literal_fulltext,Q,U,123,2,3,5,123,2,3,5,0
four_domain_state_coverage_v1,t5gemma,emotion,42,N_h0,matrix_h0_t0,normalized_fulltext,P,Q,256,1,0,1,175,1,0,1,81
four_domain_state_coverage_v1,t5gemma,emotion,42,N_h0,matrix_h0_t0,normalized_fulltext,P,U,256,1,12,13,143,1,12,13,113
four_domain_state_coverage_v1,t5gemma,emotion,42,N_h0,matrix_h0_t0,normalized_fulltext,Q,U,256,0,12,12,138,0,12,12,118
four_domain_state_coverage_v1,t5gemma,emotion,42,N_h0,matrix_h0_t0,literal_fulltext,P,Q,256,1,0,1,175,1,0,1,81
four_domain_state_coverage_v1,t5gemma,emotion,42,N_h0,matrix_h0_t0,literal_fulltext,P,U,256,1,12,13,143,1,12,13,113
four_domain_state_coverage_v1,t5gemma,emotion,42,N_h0,matrix_h0_t0,literal_fulltext,Q,U,256,0,12,12,138,0,12,12,118
four_domain_state_coverage_v1,t5gemma,emotion,42,N_h0,matrix_h0_t2,normalized_fulltext,P,Q,123,2,2,4,106,1,2,3,17
four_domain_state_coverage_v1,t5gemma,emotion,42,N_h0,matrix_h0_t2,normalized_fulltext,P,U,123,18,6,24,88,14,6,20,35
four_domain_state_coverage_v1,t5gemma,emotion,42,N_h0,matrix_h0_t2,normalized_fulltext,Q,U,123,17,5,22,87,14,5,19,36
four_domain_state_coverage_v1,t5gemma,emotion,42,N_h0,matrix_h0_t2,literal_fulltext,P,Q,123,2,2,4,106,1,2,3,17
four_domain_state_coverage_v1,t5gemma,emotion,42,N_h0,matrix_h0_t2,literal_fulltext,P,U,123,18,6,24,88,14,6,20,35
four_domain_state_coverage_v1,t5gemma,emotion,42,N_h0,matrix_h0_t2,literal_fulltext,Q,U,123,17,5,22,87,14,5,19,36
four_domain_state_coverage_v1,t5gemma,emotion,42,N_h1,matrix_h1_t0,normalized_fulltext,P,Q,256,0,0,0,173,0,0,0,83
four_domain_state_coverage_v1,t5gemma,emotion,42,N_h1,matrix_h1_t0,normalized_fulltext,P,U,256,0,3,3,154,0,2,2,102
four_domain_state_coverage_v1,t5gemma,emotion,42,N_h1,matrix_h1_t0,normalized_fulltext,Q,U,256,0,3,3,152,0,2,2,104
four_domain_state_coverage_v1,t5gemma,emotion,42,N_h1,matrix_h1_t0,literal_fulltext,P,Q,256,0,0,0,173,0,0,0,83
four_domain_state_coverage_v1,t5gemma,emotion,42,N_h1,matrix_h1_t0,literal_fulltext,P,U,256,0,3,3,154,0,2,2,102
four_domain_state_coverage_v1,t5gemma,emotion,42,N_h1,matrix_h1_t0,literal_fulltext,Q,U,256,0,3,3,152,0,2,2,104
four_domain_state_coverage_v1,t5gemma,emotion,42,N_h1,matrix_h1_t2,normalized_fulltext,P,Q,123,2,0,2,89,1,0,1,34
four_domain_state_coverage_v1,t5gemma,emotion,42,N_h1,matrix_h1_t2,normalized_fulltext,P,U,123,22,2,24,88,21,2,23,35
four_domain_state_coverage_v1,t5gemma,emotion,42,N_h1,matrix_h1_t2,normalized_fulltext,Q,U,123,20,2,22,86,19,2,21,37
four_domain_state_coverage_v1,t5gemma,emotion,42,N_h1,matrix_h1_t2,literal_fulltext,P,Q,123,2,0,2,89,1,0,1,34
four_domain_state_coverage_v1,t5gemma,emotion,42,N_h1,matrix_h1_t2,literal_fulltext,P,U,123,22,2,24,88,21,2,23,35
four_domain_state_coverage_v1,t5gemma,emotion,42,N_h1,matrix_h1_t2,literal_fulltext,Q,U,123,20,2,22,86,19,2,21,37
four_domain_state_coverage_v1,t5gemma,emotion,42,P,matrix_h0_t0,normalized_fulltext,P,Q,256,0,0,0,155,0,0,0,101
four_domain_state_coverage_v1,t5gemma,emotion,42,P,matrix_h0_t0,normalized_fulltext,P,U,256,0,12,12,136,0,12,12,120
four_domain_state_coverage_v1,t5gemma,emotion,42,P,matrix_h0_t0,normalized_fulltext,Q,U,256,0,12,12,135,0,12,12,121
four_domain_state_coverage_v1,t5gemma,emotion,42,P,matrix_h0_t0,literal_fulltext,P,Q,256,0,0,0,155,0,0,0,101
four_domain_state_coverage_v1,t5gemma,emotion,42,P,matrix_h0_t0,literal_fulltext,P,U,256,0,12,12,136,0,12,12,120
four_domain_state_coverage_v1,t5gemma,emotion,42,P,matrix_h0_t0,literal_fulltext,Q,U,256,0,12,12,135,0,12,12,121
four_domain_state_coverage_v1,t5gemma,emotion,42,P,matrix_h0_t2,normalized_fulltext,P,Q,123,3,0,3,78,3,0,3,45
four_domain_state_coverage_v1,t5gemma,emotion,42,P,matrix_h0_t2,normalized_fulltext,P,U,123,20,33,53,77,20,33,53,46
four_domain_state_coverage_v1,t5gemma,emotion,42,P,matrix_h0_t2,normalized_fulltext,Q,U,123,18,34,52,77,18,34,52,46
four_domain_state_coverage_v1,t5gemma,emotion,42,P,matrix_h0_t2,literal_fulltext,P,Q,123,3,0,3,78,3,0,3,45
four_domain_state_coverage_v1,t5gemma,emotion,42,P,matrix_h0_t2,literal_fulltext,P,U,123,20,33,53,77,20,33,53,46
four_domain_state_coverage_v1,t5gemma,emotion,42,P,matrix_h0_t2,literal_fulltext,Q,U,123,18,34,52,77,18,34,52,46
four_domain_state_coverage_v1,t5gemma,emotion,42,P,matrix_h1_t0,normalized_fulltext,P,Q,256,0,0,0,155,0,0,0,101
four_domain_state_coverage_v1,t5gemma,emotion,42,P,matrix_h1_t0,normalized_fulltext,P,U,256,0,12,12,136,0,12,12,120
four_domain_state_coverage_v1,t5gemma,emotion,42,P,matrix_h1_t0,normalized_fulltext,Q,U,256,0,12,12,135,0,12,12,121
four_domain_state_coverage_v1,t5gemma,emotion,42,P,matrix_h1_t0,literal_fulltext,P,Q,256,0,0,0,155,0,0,0,101
four_domain_state_coverage_v1,t5gemma,emotion,42,P,matrix_h1_t0,literal_fulltext,P,U,256,0,12,12,136,0,12,12,120
four_domain_state_coverage_v1,t5gemma,emotion,42,P,matrix_h1_t0,literal_fulltext,Q,U,256,0,12,12,135,0,12,12,121
four_domain_state_coverage_v1,t5gemma,emotion,42,P,matrix_h1_t2,normalized_fulltext,P,Q,123,3,0,3,78,3,0,3,45
four_domain_state_coverage_v1,t5gemma,emotion,42,P,matrix_h1_t2,normalized_fulltext,P,U,123,20,33,53,77,20,33,53,46
four_domain_state_coverage_v1,t5gemma,emotion,42,P,matrix_h1_t2,normalized_fulltext,Q,U,123,18,34,52,77,18,34,52,46
four_domain_state_coverage_v1,t5gemma,emotion,42,P,matrix_h1_t2,literal_fulltext,P,Q,123,3,0,3,78,3,0,3,45
four_domain_state_coverage_v1,t5gemma,emotion,42,P,matrix_h1_t2,literal_fulltext,P,U,123,20,33,53,77,20,33,53,46
four_domain_state_coverage_v1,t5gemma,emotion,42,P,matrix_h1_t2,literal_fulltext,Q,U,123,18,34,52,77,18,34,52,46
four_domain_state_coverage_v1,t5gemma,emotion,42,S_h0,matrix_h0_t0,normalized_fulltext,P,Q,256,1,0,1,256,1,0,1,0
four_domain_state_coverage_v1,t5gemma,emotion,42,S_h0,matrix_h0_t0,normalized_fulltext,P,U,256,24,3,27,251,24,3,27,5
four_domain_state_coverage_v1,t5gemma,emotion,42,S_h0,matrix_h0_t0,normalized_fulltext,Q,U,256,23,3,26,251,23,3,26,5
four_domain_state_coverage_v1,t5gemma,emotion,42,S_h0,matrix_h0_t0,literal_fulltext,P,Q,256,1,0,1,256,1,0,1,0
four_domain_state_coverage_v1,t5gemma,emotion,42,S_h0,matrix_h0_t0,literal_fulltext,P,U,256,24,3,27,251,24,3,27,5
four_domain_state_coverage_v1,t5gemma,emotion,42,S_h0,matrix_h0_t0,literal_fulltext,Q,U,256,23,3,26,251,23,3,26,5
four_domain_state_coverage_v1,t5gemma,emotion,42,S_h0,matrix_h0_t2,normalized_fulltext,P,Q,123,0,0,0,123,0,0,0,0
four_domain_state_coverage_v1,t5gemma,emotion,42,S_h0,matrix_h0_t2,normalized_fulltext,P,U,123,8,3,11,123,8,3,11,0
four_domain_state_coverage_v1,t5gemma,emotion,42,S_h0,matrix_h0_t2,normalized_fulltext,Q,U,123,8,3,11,123,8,3,11,0
four_domain_state_coverage_v1,t5gemma,emotion,42,S_h0,matrix_h0_t2,literal_fulltext,P,Q,123,0,0,0,123,0,0,0,0
four_domain_state_coverage_v1,t5gemma,emotion,42,S_h0,matrix_h0_t2,literal_fulltext,P,U,123,8,3,11,123,8,3,11,0
four_domain_state_coverage_v1,t5gemma,emotion,42,S_h0,matrix_h0_t2,literal_fulltext,Q,U,123,8,3,11,123,8,3,11,0
four_domain_state_coverage_v1,t5gemma,emotion,42,S_h1,matrix_h1_t0,normalized_fulltext,P,Q,256,1,2,3,256,1,2,3,0
four_domain_state_coverage_v1,t5gemma,emotion,42,S_h1,matrix_h1_t0,normalized_fulltext,P,U,256,5,10,15,256,5,10,15,0
four_domain_state_coverage_v1,t5gemma,emotion,42,S_h1,matrix_h1_t0,normalized_fulltext,Q,U,256,4,8,12,256,4,8,12,0
four_domain_state_coverage_v1,t5gemma,emotion,42,S_h1,matrix_h1_t0,literal_fulltext,P,Q,256,1,2,3,256,1,2,3,0
four_domain_state_coverage_v1,t5gemma,emotion,42,S_h1,matrix_h1_t0,literal_fulltext,P,U,256,5,10,15,256,5,10,15,0
four_domain_state_coverage_v1,t5gemma,emotion,42,S_h1,matrix_h1_t0,literal_fulltext,Q,U,256,4,8,12,256,4,8,12,0
four_domain_state_coverage_v1,t5gemma,emotion,42,S_h1,matrix_h1_t2,normalized_fulltext,P,Q,123,3,0,3,123,3,0,3,0
four_domain_state_coverage_v1,t5gemma,emotion,42,S_h1,matrix_h1_t2,normalized_fulltext,P,U,123,13,6,19,123,13,6,19,0
four_domain_state_coverage_v1,t5gemma,emotion,42,S_h1,matrix_h1_t2,normalized_fulltext,Q,U,123,12,8,20,123,12,8,20,0
four_domain_state_coverage_v1,t5gemma,emotion,42,S_h1,matrix_h1_t2,literal_fulltext,P,Q,123,3,0,3,123,3,0,3,0
four_domain_state_coverage_v1,t5gemma,emotion,42,S_h1,matrix_h1_t2,literal_fulltext,P,U,123,13,6,19,123,13,6,19,0
four_domain_state_coverage_v1,t5gemma,emotion,42,S_h1,matrix_h1_t2,literal_fulltext,Q,U,123,12,8,20,123,12,8,20,0
four_domain_state_coverage_v1,t5gemma,emotion,43,M_h0,matrix_h0_t0,normalized_fulltext,P,Q,256,0,0,0,256,0,0,0,0
four_domain_state_coverage_v1,t5gemma,emotion,43,M_h0,matrix_h0_t0,normalized_fulltext,P,U,256,2,0,2,256,2,0,2,0
four_domain_state_coverage_v1,t5gemma,emotion,43,M_h0,matrix_h0_t0,normalized_fulltext,Q,U,256,2,0,2,256,2,0,2,0
four_domain_state_coverage_v1,t5gemma,emotion,43,M_h0,matrix_h0_t0,literal_fulltext,P,Q,256,0,0,0,256,0,0,0,0
four_domain_state_coverage_v1,t5gemma,emotion,43,M_h0,matrix_h0_t0,literal_fulltext,P,U,256,2,0,2,256,2,0,2,0
four_domain_state_coverage_v1,t5gemma,emotion,43,M_h0,matrix_h0_t0,literal_fulltext,Q,U,256,2,0,2,256,2,0,2,0
four_domain_state_coverage_v1,t5gemma,emotion,43,M_h0,matrix_h0_t2,normalized_fulltext,P,Q,115,0,0,0,115,0,0,0,0
four_domain_state_coverage_v1,t5gemma,emotion,43,M_h0,matrix_h0_t2,normalized_fulltext,P,U,115,12,1,13,115,12,1,13,0
four_domain_state_coverage_v1,t5gemma,emotion,43,M_h0,matrix_h0_t2,normalized_fulltext,Q,U,115,12,1,13,115,12,1,13,0
four_domain_state_coverage_v1,t5gemma,emotion,43,M_h0,matrix_h0_t2,literal_fulltext,P,Q,115,0,0,0,115,0,0,0,0
four_domain_state_coverage_v1,t5gemma,emotion,43,M_h0,matrix_h0_t2,literal_fulltext,P,U,115,12,1,13,115,12,1,13,0
four_domain_state_coverage_v1,t5gemma,emotion,43,M_h0,matrix_h0_t2,literal_fulltext,Q,U,115,12,1,13,115,12,1,13,0
four_domain_state_coverage_v1,t5gemma,emotion,43,M_h1,matrix_h1_t0,normalized_fulltext,P,Q,256,0,0,0,256,0,0,0,0
four_domain_state_coverage_v1,t5gemma,emotion,43,M_h1,matrix_h1_t0,normalized_fulltext,P,U,256,0,0,0,256,0,0,0,0
four_domain_state_coverage_v1,t5gemma,emotion,43,M_h1,matrix_h1_t0,normalized_fulltext,Q,U,256,0,0,0,256,0,0,0,0
four_domain_state_coverage_v1,t5gemma,emotion,43,M_h1,matrix_h1_t0,literal_fulltext,P,Q,256,0,0,0,256,0,0,0,0
four_domain_state_coverage_v1,t5gemma,emotion,43,M_h1,matrix_h1_t0,literal_fulltext,P,U,256,0,0,0,256,0,0,0,0
four_domain_state_coverage_v1,t5gemma,emotion,43,M_h1,matrix_h1_t0,literal_fulltext,Q,U,256,0,0,0,256,0,0,0,0
four_domain_state_coverage_v1,t5gemma,emotion,43,M_h1,matrix_h1_t2,normalized_fulltext,P,Q,115,0,0,0,115,0,0,0,0
four_domain_state_coverage_v1,t5gemma,emotion,43,M_h1,matrix_h1_t2,normalized_fulltext,P,U,115,0,0,0,115,0,0,0,0
four_domain_state_coverage_v1,t5gemma,emotion,43,M_h1,matrix_h1_t2,normalized_fulltext,Q,U,115,0,0,0,115,0,0,0,0
four_domain_state_coverage_v1,t5gemma,emotion,43,M_h1,matrix_h1_t2,literal_fulltext,P,Q,115,0,0,0,115,0,0,0,0
four_domain_state_coverage_v1,t5gemma,emotion,43,M_h1,matrix_h1_t2,literal_fulltext,P,U,115,0,0,0,115,0,0,0,0
four_domain_state_coverage_v1,t5gemma,emotion,43,M_h1,matrix_h1_t2,literal_fulltext,Q,U,115,0,0,0,115,0,0,0,0
four_domain_state_coverage_v1,t5gemma,emotion,43,N_h0,matrix_h0_t0,normalized_fulltext,P,Q,256,0,0,0,81,0,0,0,175
four_domain_state_coverage_v1,t5gemma,emotion,43,N_h0,matrix_h0_t0,normalized_fulltext,P,U,256,0,0,0,80,0,0,0,176
four_domain_state_coverage_v1,t5gemma,emotion,43,N_h0,matrix_h0_t0,normalized_fulltext,Q,U,256,0,0,0,81,0,0,0,175
four_domain_state_coverage_v1,t5gemma,emotion,43,N_h0,matrix_h0_t0,literal_fulltext,P,Q,256,0,0,0,81,0,0,0,175
four_domain_state_coverage_v1,t5gemma,emotion,43,N_h0,matrix_h0_t0,literal_fulltext,P,U,256,0,0,0,80,0,0,0,176
four_domain_state_coverage_v1,t5gemma,emotion,43,N_h0,matrix_h0_t0,literal_fulltext,Q,U,256,0,0,0,81,0,0,0,175
four_domain_state_coverage_v1,t5gemma,emotion,43,N_h0,matrix_h0_t2,normalized_fulltext,P,Q,115,0,1,1,49,0,0,0,66
four_domain_state_coverage_v1,t5gemma,emotion,43,N_h0,matrix_h0_t2,normalized_fulltext,P,U,115,6,27,33,51,6,9,15,64
four_domain_state_coverage_v1,t5gemma,emotion,43,N_h0,matrix_h0_t2,normalized_fulltext,Q,U,115,6,26,32,50,6,9,15,65
four_domain_state_coverage_v1,t5gemma,emotion,43,N_h0,matrix_h0_t2,literal_fulltext,P,Q,115,0,1,1,49,0,0,0,66
four_domain_state_coverage_v1,t5gemma,emotion,43,N_h0,matrix_h0_t2,literal_fulltext,P,U,115,6,27,33,51,6,9,15,64
four_domain_state_coverage_v1,t5gemma,emotion,43,N_h0,matrix_h0_t2,literal_fulltext,Q,U,115,6,26,32,50,6,9,15,65
four_domain_state_coverage_v1,t5gemma,emotion,43,N_h1,matrix_h1_t0,normalized_fulltext,P,Q,256,0,0,0,250,0,0,0,6
four_domain_state_coverage_v1,t5gemma,emotion,43,N_h1,matrix_h1_t0,normalized_fulltext,P,U,256,0,1,1,251,0,1,1,5
four_domain_state_coverage_v1,t5gemma,emotion,43,N_h1,matrix_h1_t0,normalized_fulltext,Q,U,256,0,1,1,249,0,1,1,7
four_domain_state_coverage_v1,t5gemma,emotion,43,N_h1,matrix_h1_t0,literal_fulltext,P,Q,256,0,0,0,250,0,0,0,6
four_domain_state_coverage_v1,t5gemma,emotion,43,N_h1,matrix_h1_t0,literal_fulltext,P,U,256,0,1,1,251,0,1,1,5
four_domain_state_coverage_v1,t5gemma,emotion,43,N_h1,matrix_h1_t0,literal_fulltext,Q,U,256,0,1,1,249,0,1,1,7
four_domain_state_coverage_v1,t5gemma,emotion,43,N_h1,matrix_h1_t2,normalized_fulltext,P,Q,115,0,0,0,112,0,0,0,3
four_domain_state_coverage_v1,t5gemma,emotion,43,N_h1,matrix_h1_t2,normalized_fulltext,P,U,115,0,2,2,112,2,2,4,3
four_domain_state_coverage_v1,t5gemma,emotion,43,N_h1,matrix_h1_t2,normalized_fulltext,Q,U,115,0,2,2,113,2,2,4,2
four_domain_state_coverage_v1,t5gemma,emotion,43,N_h1,matrix_h1_t2,literal_fulltext,P,Q,115,0,0,0,112,0,0,0,3
four_domain_state_coverage_v1,t5gemma,emotion,43,N_h1,matrix_h1_t2,literal_fulltext,P,U,115,0,2,2,112,2,2,4,3
four_domain_state_coverage_v1,t5gemma,emotion,43,N_h1,matrix_h1_t2,literal_fulltext,Q,U,115,0,2,2,113,2,2,4,2
four_domain_state_coverage_v1,t5gemma,emotion,43,P,matrix_h0_t0,normalized_fulltext,P,Q,256,0,0,0,67,0,0,0,189
four_domain_state_coverage_v1,t5gemma,emotion,43,P,matrix_h0_t0,normalized_fulltext,P,U,256,0,0,0,55,0,0,0,201
four_domain_state_coverage_v1,t5gemma,emotion,43,P,matrix_h0_t0,normalized_fulltext,Q,U,256,0,0,0,50,0,0,0,206
four_domain_state_coverage_v1,t5gemma,emotion,43,P,matrix_h0_t0,literal_fulltext,P,Q,256,0,0,0,67,0,0,0,189
four_domain_state_coverage_v1,t5gemma,emotion,43,P,matrix_h0_t0,literal_fulltext,P,U,256,0,0,0,55,0,0,0,201
four_domain_state_coverage_v1,t5gemma,emotion,43,P,matrix_h0_t0,literal_fulltext,Q,U,256,0,0,0,50,0,0,0,206
four_domain_state_coverage_v1,t5gemma,emotion,43,P,matrix_h0_t2,normalized_fulltext,P,Q,115,2,0,2,39,2,0,2,76
four_domain_state_coverage_v1,t5gemma,emotion,43,P,matrix_h0_t2,normalized_fulltext,P,U,115,9,5,14,22,7,0,7,93
four_domain_state_coverage_v1,t5gemma,emotion,43,P,matrix_h0_t2,normalized_fulltext,Q,U,115,7,5,12,21,5,0,5,94
four_domain_state_coverage_v1,t5gemma,emotion,43,P,matrix_h0_t2,literal_fulltext,P,Q,115,2,0,2,39,2,0,2,76
four_domain_state_coverage_v1,t5gemma,emotion,43,P,matrix_h0_t2,literal_fulltext,P,U,115,9,5,14,22,7,0,7,93
four_domain_state_coverage_v1,t5gemma,emotion,43,P,matrix_h0_t2,literal_fulltext,Q,U,115,7,5,12,21,5,0,5,94
four_domain_state_coverage_v1,t5gemma,emotion,43,P,matrix_h1_t0,normalized_fulltext,P,Q,256,0,0,0,67,0,0,0,189
four_domain_state_coverage_v1,t5gemma,emotion,43,P,matrix_h1_t0,normalized_fulltext,P,U,256,0,0,0,55,0,0,0,201
four_domain_state_coverage_v1,t5gemma,emotion,43,P,matrix_h1_t0,normalized_fulltext,Q,U,256,0,0,0,50,0,0,0,206
four_domain_state_coverage_v1,t5gemma,emotion,43,P,matrix_h1_t0,literal_fulltext,P,Q,256,0,0,0,67,0,0,0,189
four_domain_state_coverage_v1,t5gemma,emotion,43,P,matrix_h1_t0,literal_fulltext,P,U,256,0,0,0,55,0,0,0,201
four_domain_state_coverage_v1,t5gemma,emotion,43,P,matrix_h1_t0,literal_fulltext,Q,U,256,0,0,0,50,0,0,0,206
four_domain_state_coverage_v1,t5gemma,emotion,43,P,matrix_h1_t2,normalized_fulltext,P,Q,115,2,0,2,39,2,0,2,76
four_domain_state_coverage_v1,t5gemma,emotion,43,P,matrix_h1_t2,normalized_fulltext,P,U,115,9,5,14,22,7,0,7,93
four_domain_state_coverage_v1,t5gemma,emotion,43,P,matrix_h1_t2,normalized_fulltext,Q,U,115,7,5,12,21,5,0,5,94
four_domain_state_coverage_v1,t5gemma,emotion,43,P,matrix_h1_t2,literal_fulltext,P,Q,115,2,0,2,39,2,0,2,76
four_domain_state_coverage_v1,t5gemma,emotion,43,P,matrix_h1_t2,literal_fulltext,P,U,115,9,5,14,22,7,0,7,93
four_domain_state_coverage_v1,t5gemma,emotion,43,P,matrix_h1_t2,literal_fulltext,Q,U,115,7,5,12,21,5,0,5,94
four_domain_state_coverage_v1,t5gemma,emotion,43,S_h0,matrix_h0_t0,normalized_fulltext,P,Q,256,0,1,1,256,0,1,1,0
four_domain_state_coverage_v1,t5gemma,emotion,43,S_h0,matrix_h0_t0,normalized_fulltext,P,U,256,24,2,26,256,24,2,26,0
four_domain_state_coverage_v1,t5gemma,emotion,43,S_h0,matrix_h0_t0,normalized_fulltext,Q,U,256,25,2,27,256,25,2,27,0
four_domain_state_coverage_v1,t5gemma,emotion,43,S_h0,matrix_h0_t0,literal_fulltext,P,Q,256,0,1,1,256,0,1,1,0
four_domain_state_coverage_v1,t5gemma,emotion,43,S_h0,matrix_h0_t0,literal_fulltext,P,U,256,24,2,26,256,24,2,26,0
four_domain_state_coverage_v1,t5gemma,emotion,43,S_h0,matrix_h0_t0,literal_fulltext,Q,U,256,25,2,27,256,25,2,27,0
four_domain_state_coverage_v1,t5gemma,emotion,43,S_h0,matrix_h0_t2,normalized_fulltext,P,Q,115,0,0,0,115,0,0,0,0
four_domain_state_coverage_v1,t5gemma,emotion,43,S_h0,matrix_h0_t2,normalized_fulltext,P,U,115,1,1,2,115,1,1,2,0
four_domain_state_coverage_v1,t5gemma,emotion,43,S_h0,matrix_h0_t2,normalized_fulltext,Q,U,115,1,1,2,115,1,1,2,0
four_domain_state_coverage_v1,t5gemma,emotion,43,S_h0,matrix_h0_t2,literal_fulltext,P,Q,115,0,0,0,115,0,0,0,0
four_domain_state_coverage_v1,t5gemma,emotion,43,S_h0,matrix_h0_t2,literal_fulltext,P,U,115,1,1,2,115,1,1,2,0
four_domain_state_coverage_v1,t5gemma,emotion,43,S_h0,matrix_h0_t2,literal_fulltext,Q,U,115,1,1,2,115,1,1,2,0
four_domain_state_coverage_v1,t5gemma,emotion,43,S_h1,matrix_h1_t0,normalized_fulltext,P,Q,256,0,0,0,237,0,0,0,19
four_domain_state_coverage_v1,t5gemma,emotion,43,S_h1,matrix_h1_t0,normalized_fulltext,P,U,256,0,18,18,247,0,18,18,9
four_domain_state_coverage_v1,t5gemma,emotion,43,S_h1,matrix_h1_t0,normalized_fulltext,Q,U,256,0,18,18,237,0,18,18,19
four_domain_state_coverage_v1,t5gemma,emotion,43,S_h1,matrix_h1_t0,literal_fulltext,P,Q,256,0,0,0,237,0,0,0,19
four_domain_state_coverage_v1,t5gemma,emotion,43,S_h1,matrix_h1_t0,literal_fulltext,P,U,256,0,18,18,247,0,18,18,9
four_domain_state_coverage_v1,t5gemma,emotion,43,S_h1,matrix_h1_t0,literal_fulltext,Q,U,256,0,18,18,237,0,18,18,19
four_domain_state_coverage_v1,t5gemma,emotion,43,S_h1,matrix_h1_t2,normalized_fulltext,P,Q,115,1,0,1,115,1,0,1,0
four_domain_state_coverage_v1,t5gemma,emotion,43,S_h1,matrix_h1_t2,normalized_fulltext,P,U,115,5,6,11,115,5,6,11,0
four_domain_state_coverage_v1,t5gemma,emotion,43,S_h1,matrix_h1_t2,normalized_fulltext,Q,U,115,5,7,12,115,5,7,12,0
four_domain_state_coverage_v1,t5gemma,emotion,43,S_h1,matrix_h1_t2,literal_fulltext,P,Q,115,1,0,1,115,1,0,1,0
four_domain_state_coverage_v1,t5gemma,emotion,43,S_h1,matrix_h1_t2,literal_fulltext,P,U,115,5,6,11,115,5,6,11,0
four_domain_state_coverage_v1,t5gemma,emotion,43,S_h1,matrix_h1_t2,literal_fulltext,Q,U,115,5,7,12,115,5,7,12,0
four_domain_state_coverage_v1,t5gemma,emotion,44,M_h0,matrix_h0_t0,normalized_fulltext,P,Q,256,0,0,0,256,0,0,0,0
four_domain_state_coverage_v1,t5gemma,emotion,44,M_h0,matrix_h0_t0,normalized_fulltext,P,U,256,0,0,0,256,0,0,0,0
four_domain_state_coverage_v1,t5gemma,emotion,44,M_h0,matrix_h0_t0,normalized_fulltext,Q,U,256,0,0,0,256,0,0,0,0
four_domain_state_coverage_v1,t5gemma,emotion,44,M_h0,matrix_h0_t0,literal_fulltext,P,Q,256,0,0,0,256,0,0,0,0
four_domain_state_coverage_v1,t5gemma,emotion,44,M_h0,matrix_h0_t0,literal_fulltext,P,U,256,0,0,0,256,0,0,0,0
four_domain_state_coverage_v1,t5gemma,emotion,44,M_h0,matrix_h0_t0,literal_fulltext,Q,U,256,0,0,0,256,0,0,0,0
four_domain_state_coverage_v1,t5gemma,emotion,44,M_h0,matrix_h0_t2,normalized_fulltext,P,Q,80,0,0,0,80,0,0,0,0
four_domain_state_coverage_v1,t5gemma,emotion,44,M_h0,matrix_h0_t2,normalized_fulltext,P,U,80,0,0,0,80,0,0,0,0
four_domain_state_coverage_v1,t5gemma,emotion,44,M_h0,matrix_h0_t2,normalized_fulltext,Q,U,80,0,0,0,80,0,0,0,0
four_domain_state_coverage_v1,t5gemma,emotion,44,M_h0,matrix_h0_t2,literal_fulltext,P,Q,80,0,0,0,80,0,0,0,0
four_domain_state_coverage_v1,t5gemma,emotion,44,M_h0,matrix_h0_t2,literal_fulltext,P,U,80,0,0,0,80,0,0,0,0
four_domain_state_coverage_v1,t5gemma,emotion,44,M_h0,matrix_h0_t2,literal_fulltext,Q,U,80,0,0,0,80,0,0,0,0
four_domain_state_coverage_v1,t5gemma,emotion,44,M_h1,matrix_h1_t0,normalized_fulltext,P,Q,256,0,0,0,256,0,0,0,0
four_domain_state_coverage_v1,t5gemma,emotion,44,M_h1,matrix_h1_t0,normalized_fulltext,P,U,256,0,0,0,256,0,0,0,0
four_domain_state_coverage_v1,t5gemma,emotion,44,M_h1,matrix_h1_t0,normalized_fulltext,Q,U,256,0,0,0,256,0,0,0,0
four_domain_state_coverage_v1,t5gemma,emotion,44,M_h1,matrix_h1_t0,literal_fulltext,P,Q,256,0,0,0,256,0,0,0,0
four_domain_state_coverage_v1,t5gemma,emotion,44,M_h1,matrix_h1_t0,literal_fulltext,P,U,256,0,0,0,256,0,0,0,0
four_domain_state_coverage_v1,t5gemma,emotion,44,M_h1,matrix_h1_t0,literal_fulltext,Q,U,256,0,0,0,256,0,0,0,0
four_domain_state_coverage_v1,t5gemma,emotion,44,M_h1,matrix_h1_t2,normalized_fulltext,P,Q,80,0,0,0,80,0,0,0,0
four_domain_state_coverage_v1,t5gemma,emotion,44,M_h1,matrix_h1_t2,normalized_fulltext,P,U,80,0,0,0,80,0,0,0,0
four_domain_state_coverage_v1,t5gemma,emotion,44,M_h1,matrix_h1_t2,normalized_fulltext,Q,U,80,0,0,0,80,0,0,0,0
four_domain_state_coverage_v1,t5gemma,emotion,44,M_h1,matrix_h1_t2,literal_fulltext,P,Q,80,0,0,0,80,0,0,0,0
four_domain_state_coverage_v1,t5gemma,emotion,44,M_h1,matrix_h1_t2,literal_fulltext,P,U,80,0,0,0,80,0,0,0,0
four_domain_state_coverage_v1,t5gemma,emotion,44,M_h1,matrix_h1_t2,literal_fulltext,Q,U,80,0,0,0,80,0,0,0,0
four_domain_state_coverage_v1,t5gemma,emotion,44,N_h0,matrix_h0_t0,normalized_fulltext,P,Q,256,3,1,4,91,0,1,1,165
four_domain_state_coverage_v1,t5gemma,emotion,44,N_h0,matrix_h0_t0,normalized_fulltext,P,U,256,3,8,11,91,1,6,7,165
four_domain_state_coverage_v1,t5gemma,emotion,44,N_h0,matrix_h0_t0,normalized_fulltext,Q,U,256,3,10,13,82,1,6,7,174
four_domain_state_coverage_v1,t5gemma,emotion,44,N_h0,matrix_h0_t0,literal_fulltext,P,Q,256,3,1,4,91,0,1,1,165
four_domain_state_coverage_v1,t5gemma,emotion,44,N_h0,matrix_h0_t0,literal_fulltext,P,U,256,3,8,11,91,1,6,7,165
four_domain_state_coverage_v1,t5gemma,emotion,44,N_h0,matrix_h0_t0,literal_fulltext,Q,U,256,3,10,13,82,1,6,7,174
four_domain_state_coverage_v1,t5gemma,emotion,44,N_h0,matrix_h0_t2,normalized_fulltext,P,Q,80,1,0,1,56,0,0,0,24
four_domain_state_coverage_v1,t5gemma,emotion,44,N_h0,matrix_h0_t2,normalized_fulltext,P,U,80,0,3,3,47,0,3,3,33
four_domain_state_coverage_v1,t5gemma,emotion,44,N_h0,matrix_h0_t2,normalized_fulltext,Q,U,80,0,4,4,47,0,3,3,33
four_domain_state_coverage_v1,t5gemma,emotion,44,N_h0,matrix_h0_t2,literal_fulltext,P,Q,80,1,0,1,56,0,0,0,24
four_domain_state_coverage_v1,t5gemma,emotion,44,N_h0,matrix_h0_t2,literal_fulltext,P,U,80,0,3,3,47,0,3,3,33
four_domain_state_coverage_v1,t5gemma,emotion,44,N_h0,matrix_h0_t2,literal_fulltext,Q,U,80,0,4,4,47,0,3,3,33
four_domain_state_coverage_v1,t5gemma,emotion,44,N_h1,matrix_h1_t0,normalized_fulltext,P,Q,256,0,0,0,184,0,0,0,72
four_domain_state_coverage_v1,t5gemma,emotion,44,N_h1,matrix_h1_t0,normalized_fulltext,P,U,256,8,0,8,151,8,0,8,105
four_domain_state_coverage_v1,t5gemma,emotion,44,N_h1,matrix_h1_t0,normalized_fulltext,Q,U,256,8,0,8,144,8,0,8,112
four_domain_state_coverage_v1,t5gemma,emotion,44,N_h1,matrix_h1_t0,literal_fulltext,P,Q,256,0,0,0,184,0,0,0,72
four_domain_state_coverage_v1,t5gemma,emotion,44,N_h1,matrix_h1_t0,literal_fulltext,P,U,256,8,0,8,151,8,0,8,105
four_domain_state_coverage_v1,t5gemma,emotion,44,N_h1,matrix_h1_t0,literal_fulltext,Q,U,256,8,0,8,144,8,0,8,112
four_domain_state_coverage_v1,t5gemma,emotion,44,N_h1,matrix_h1_t2,normalized_fulltext,P,Q,80,5,0,5,55,0,0,0,25
four_domain_state_coverage_v1,t5gemma,emotion,44,N_h1,matrix_h1_t2,normalized_fulltext,P,U,80,11,16,27,57,8,9,17,23
four_domain_state_coverage_v1,t5gemma,emotion,44,N_h1,matrix_h1_t2,normalized_fulltext,Q,U,80,9,19,28,53,8,8,16,27
four_domain_state_coverage_v1,t5gemma,emotion,44,N_h1,matrix_h1_t2,literal_fulltext,P,Q,80,5,0,5,55,0,0,0,25
four_domain_state_coverage_v1,t5gemma,emotion,44,N_h1,matrix_h1_t2,literal_fulltext,P,U,80,11,16,27,57,8,9,17,23
four_domain_state_coverage_v1,t5gemma,emotion,44,N_h1,matrix_h1_t2,literal_fulltext,Q,U,80,9,19,28,53,8,8,16,27
four_domain_state_coverage_v1,t5gemma,emotion,44,P,matrix_h0_t0,normalized_fulltext,P,Q,256,3,0,3,23,1,0,1,233
four_domain_state_coverage_v1,t5gemma,emotion,44,P,matrix_h0_t0,normalized_fulltext,P,U,256,2,0,2,34,2,0,2,222
four_domain_state_coverage_v1,t5gemma,emotion,44,P,matrix_h0_t0,normalized_fulltext,Q,U,256,0,1,1,18,0,0,0,238
four_domain_state_coverage_v1,t5gemma,emotion,44,P,matrix_h0_t0,literal_fulltext,P,Q,256,3,0,3,23,1,0,1,233
four_domain_state_coverage_v1,t5gemma,emotion,44,P,matrix_h0_t0,literal_fulltext,P,U,256,2,0,2,34,2,0,2,222
four_domain_state_coverage_v1,t5gemma,emotion,44,P,matrix_h0_t0,literal_fulltext,Q,U,256,0,1,1,18,0,0,0,238
four_domain_state_coverage_v1,t5gemma,emotion,44,P,matrix_h0_t2,normalized_fulltext,P,Q,80,5,0,5,18,1,0,1,62
four_domain_state_coverage_v1,t5gemma,emotion,44,P,matrix_h0_t2,normalized_fulltext,P,U,80,3,9,12,21,2,2,4,59
four_domain_state_coverage_v1,t5gemma,emotion,44,P,matrix_h0_t2,normalized_fulltext,Q,U,80,2,13,15,17,2,2,4,63
four_domain_state_coverage_v1,t5gemma,emotion,44,P,matrix_h0_t2,literal_fulltext,P,Q,80,5,0,5,18,1,0,1,62
four_domain_state_coverage_v1,t5gemma,emotion,44,P,matrix_h0_t2,literal_fulltext,P,U,80,3,9,12,21,2,2,4,59
four_domain_state_coverage_v1,t5gemma,emotion,44,P,matrix_h0_t2,literal_fulltext,Q,U,80,2,13,15,17,2,2,4,63
four_domain_state_coverage_v1,t5gemma,emotion,44,P,matrix_h1_t0,normalized_fulltext,P,Q,256,3,0,3,23,1,0,1,233
four_domain_state_coverage_v1,t5gemma,emotion,44,P,matrix_h1_t0,normalized_fulltext,P,U,256,2,0,2,34,2,0,2,222
four_domain_state_coverage_v1,t5gemma,emotion,44,P,matrix_h1_t0,normalized_fulltext,Q,U,256,0,1,1,18,0,0,0,238
four_domain_state_coverage_v1,t5gemma,emotion,44,P,matrix_h1_t0,literal_fulltext,P,Q,256,3,0,3,23,1,0,1,233
four_domain_state_coverage_v1,t5gemma,emotion,44,P,matrix_h1_t0,literal_fulltext,P,U,256,2,0,2,34,2,0,2,222
four_domain_state_coverage_v1,t5gemma,emotion,44,P,matrix_h1_t0,literal_fulltext,Q,U,256,0,1,1,18,0,0,0,238
four_domain_state_coverage_v1,t5gemma,emotion,44,P,matrix_h1_t2,normalized_fulltext,P,Q,80,5,0,5,18,1,0,1,62
four_domain_state_coverage_v1,t5gemma,emotion,44,P,matrix_h1_t2,normalized_fulltext,P,U,80,3,9,12,21,2,2,4,59
four_domain_state_coverage_v1,t5gemma,emotion,44,P,matrix_h1_t2,normalized_fulltext,Q,U,80,2,13,15,17,2,2,4,63
four_domain_state_coverage_v1,t5gemma,emotion,44,P,matrix_h1_t2,literal_fulltext,P,Q,80,5,0,5,18,1,0,1,62
four_domain_state_coverage_v1,t5gemma,emotion,44,P,matrix_h1_t2,literal_fulltext,P,U,80,3,9,12,21,2,2,4,59
four_domain_state_coverage_v1,t5gemma,emotion,44,P,matrix_h1_t2,literal_fulltext,Q,U,80,2,13,15,17,2,2,4,63
four_domain_state_coverage_v1,t5gemma,emotion,44,S_h0,matrix_h0_t0,normalized_fulltext,P,Q,256,1,0,1,256,1,0,1,0
four_domain_state_coverage_v1,t5gemma,emotion,44,S_h0,matrix_h0_t0,normalized_fulltext,P,U,256,3,0,3,256,3,0,3,0
four_domain_state_coverage_v1,t5gemma,emotion,44,S_h0,matrix_h0_t0,normalized_fulltext,Q,U,256,2,0,2,256,2,0,2,0
four_domain_state_coverage_v1,t5gemma,emotion,44,S_h0,matrix_h0_t0,literal_fulltext,P,Q,256,1,0,1,256,1,0,1,0
four_domain_state_coverage_v1,t5gemma,emotion,44,S_h0,matrix_h0_t0,literal_fulltext,P,U,256,3,0,3,256,3,0,3,0
four_domain_state_coverage_v1,t5gemma,emotion,44,S_h0,matrix_h0_t0,literal_fulltext,Q,U,256,2,0,2,256,2,0,2,0
four_domain_state_coverage_v1,t5gemma,emotion,44,S_h0,matrix_h0_t2,normalized_fulltext,P,Q,80,0,0,0,80,0,0,0,0
four_domain_state_coverage_v1,t5gemma,emotion,44,S_h0,matrix_h0_t2,normalized_fulltext,P,U,80,0,6,6,80,0,6,6,0
four_domain_state_coverage_v1,t5gemma,emotion,44,S_h0,matrix_h0_t2,normalized_fulltext,Q,U,80,0,6,6,80,0,6,6,0
four_domain_state_coverage_v1,t5gemma,emotion,44,S_h0,matrix_h0_t2,literal_fulltext,P,Q,80,0,0,0,80,0,0,0,0
four_domain_state_coverage_v1,t5gemma,emotion,44,S_h0,matrix_h0_t2,literal_fulltext,P,U,80,0,6,6,80,0,6,6,0
four_domain_state_coverage_v1,t5gemma,emotion,44,S_h0,matrix_h0_t2,literal_fulltext,Q,U,80,0,6,6,80,0,6,6,0
four_domain_state_coverage_v1,t5gemma,emotion,44,S_h1,matrix_h1_t0,normalized_fulltext,P,Q,256,0,0,0,256,0,0,0,0
four_domain_state_coverage_v1,t5gemma,emotion,44,S_h1,matrix_h1_t0,normalized_fulltext,P,U,256,1,16,17,256,1,16,17,0
four_domain_state_coverage_v1,t5gemma,emotion,44,S_h1,matrix_h1_t0,normalized_fulltext,Q,U,256,1,16,17,256,1,16,17,0
four_domain_state_coverage_v1,t5gemma,emotion,44,S_h1,matrix_h1_t0,literal_fulltext,P,Q,256,0,0,0,256,0,0,0,0
four_domain_state_coverage_v1,t5gemma,emotion,44,S_h1,matrix_h1_t0,literal_fulltext,P,U,256,1,16,17,256,1,16,17,0
four_domain_state_coverage_v1,t5gemma,emotion,44,S_h1,matrix_h1_t0,literal_fulltext,Q,U,256,1,16,17,256,1,16,17,0
four_domain_state_coverage_v1,t5gemma,emotion,44,S_h1,matrix_h1_t2,normalized_fulltext,P,Q,80,0,0,0,80,0,0,0,0
four_domain_state_coverage_v1,t5gemma,emotion,44,S_h1,matrix_h1_t2,normalized_fulltext,P,U,80,0,0,0,80,0,0,0,0
four_domain_state_coverage_v1,t5gemma,emotion,44,S_h1,matrix_h1_t2,normalized_fulltext,Q,U,80,0,0,0,80,0,0,0,0
four_domain_state_coverage_v1,t5gemma,emotion,44,S_h1,matrix_h1_t2,literal_fulltext,P,Q,80,0,0,0,80,0,0,0,0
four_domain_state_coverage_v1,t5gemma,emotion,44,S_h1,matrix_h1_t2,literal_fulltext,P,U,80,0,0,0,80,0,0,0,0
four_domain_state_coverage_v1,t5gemma,emotion,44,S_h1,matrix_h1_t2,literal_fulltext,Q,U,80,0,0,0,80,0,0,0,0
four_domain_state_coverage_v1,t5gemma,person,42,M_h0,matrix_h0_t0,normalized_fulltext,P,Q,192,7,0,7,185,3,0,3,7
four_domain_state_coverage_v1,t5gemma,person,42,M_h0,matrix_h0_t0,normalized_fulltext,P,U,192,91,8,99,172,72,8,80,20
four_domain_state_coverage_v1,t5gemma,person,42,M_h0,matrix_h0_t0,normalized_fulltext,Q,U,192,84,8,92,172,72,9,81,20
four_domain_state_coverage_v1,t5gemma,person,42,M_h0,matrix_h0_t0,literal_fulltext,P,Q,192,7,0,7,185,3,0,3,7
four_domain_state_coverage_v1,t5gemma,person,42,M_h0,matrix_h0_t0,literal_fulltext,P,U,192,91,8,99,172,72,8,80,20
four_domain_state_coverage_v1,t5gemma,person,42,M_h0,matrix_h0_t0,literal_fulltext,Q,U,192,84,8,92,172,72,9,81,20
four_domain_state_coverage_v1,t5gemma,person,42,M_h0,matrix_h0_t2,normalized_fulltext,P,Q,64,2,1,3,60,2,1,3,4
four_domain_state_coverage_v1,t5gemma,person,42,M_h0,matrix_h0_t2,normalized_fulltext,P,U,64,37,4,41,51,30,4,34,13
four_domain_state_coverage_v1,t5gemma,person,42,M_h0,matrix_h0_t2,normalized_fulltext,Q,U,64,35,3,38,52,28,3,31,12
four_domain_state_coverage_v1,t5gemma,person,42,M_h0,matrix_h0_t2,literal_fulltext,P,Q,64,2,1,3,60,2,1,3,4
four_domain_state_coverage_v1,t5gemma,person,42,M_h0,matrix_h0_t2,literal_fulltext,P,U,64,37,4,41,51,30,4,34,13
four_domain_state_coverage_v1,t5gemma,person,42,M_h0,matrix_h0_t2,literal_fulltext,Q,U,64,35,3,38,52,28,3,31,12
four_domain_state_coverage_v1,t5gemma,person,42,M_h1,matrix_h1_t0,normalized_fulltext,P,Q,192,3,0,3,191,3,0,3,1
four_domain_state_coverage_v1,t5gemma,person,42,M_h1,matrix_h1_t0,normalized_fulltext,P,U,192,78,0,78,160,50,0,50,32
four_domain_state_coverage_v1,t5gemma,person,42,M_h1,matrix_h1_t0,normalized_fulltext,Q,U,192,75,0,75,160,50,0,50,32
four_domain_state_coverage_v1,t5gemma,person,42,M_h1,matrix_h1_t0,literal_fulltext,P,Q,192,3,0,3,191,3,0,3,1
four_domain_state_coverage_v1,t5gemma,person,42,M_h1,matrix_h1_t0,literal_fulltext,P,U,192,78,0,78,160,50,0,50,32
four_domain_state_coverage_v1,t5gemma,person,42,M_h1,matrix_h1_t0,literal_fulltext,Q,U,192,75,0,75,160,50,0,50,32
four_domain_state_coverage_v1,t5gemma,person,42,M_h1,matrix_h1_t2,normalized_fulltext,P,Q,64,0,2,2,61,0,1,1,3
four_domain_state_coverage_v1,t5gemma,person,42,M_h1,matrix_h1_t2,normalized_fulltext,P,U,64,25,0,25,57,23,0,23,7
four_domain_state_coverage_v1,t5gemma,person,42,M_h1,matrix_h1_t2,normalized_fulltext,Q,U,64,27,0,27,59,25,0,25,5
four_domain_state_coverage_v1,t5gemma,person,42,M_h1,matrix_h1_t2,literal_fulltext,P,Q,64,0,2,2,61,0,1,1,3
four_domain_state_coverage_v1,t5gemma,person,42,M_h1,matrix_h1_t2,literal_fulltext,P,U,64,25,0,25,57,23,0,23,7
four_domain_state_coverage_v1,t5gemma,person,42,M_h1,matrix_h1_t2,literal_fulltext,Q,U,64,27,0,27,59,25,0,25,5
four_domain_state_coverage_v1,t5gemma,person,42,N_h0,matrix_h0_t0,normalized_fulltext,P,Q,192,0,0,0,174,0,0,0,18
four_domain_state_coverage_v1,t5gemma,person,42,N_h0,matrix_h0_t0,normalized_fulltext,P,U,192,0,0,0,104,0,0,0,88
four_domain_state_coverage_v1,t5gemma,person,42,N_h0,matrix_h0_t0,normalized_fulltext,Q,U,192,0,0,0,108,0,0,0,84
four_domain_state_coverage_v1,t5gemma,person,42,N_h0,matrix_h0_t0,literal_fulltext,P,Q,192,0,0,0,174,0,0,0,18
four_domain_state_coverage_v1,t5gemma,person,42,N_h0,matrix_h0_t0,literal_fulltext,P,U,192,0,0,0,104,0,0,0,88
four_domain_state_coverage_v1,t5gemma,person,42,N_h0,matrix_h0_t0,literal_fulltext,Q,U,192,0,0,0,108,0,0,0,84
four_domain_state_coverage_v1,t5gemma,person,42,N_h0,matrix_h0_t2,normalized_fulltext,P,Q,64,0,0,0,61,0,0,0,3
four_domain_state_coverage_v1,t5gemma,person,42,N_h0,matrix_h0_t2,normalized_fulltext,P,U,64,0,0,0,42,0,0,0,22
four_domain_state_coverage_v1,t5gemma,person,42,N_h0,matrix_h0_t2,normalized_fulltext,Q,U,64,0,0,0,40,0,0,0,24
four_domain_state_coverage_v1,t5gemma,person,42,N_h0,matrix_h0_t2,literal_fulltext,P,Q,64,0,0,0,61,0,0,0,3
four_domain_state_coverage_v1,t5gemma,person,42,N_h0,matrix_h0_t2,literal_fulltext,P,U,64,0,0,0,42,0,0,0,22
four_domain_state_coverage_v1,t5gemma,person,42,N_h0,matrix_h0_t2,literal_fulltext,Q,U,64,0,0,0,40,0,0,0,24
four_domain_state_coverage_v1,t5gemma,person,42,N_h1,matrix_h1_t0,normalized_fulltext,P,Q,192,0,0,0,173,0,0,0,19
four_domain_state_coverage_v1,t5gemma,person,42,N_h1,matrix_h1_t0,normalized_fulltext,P,U,192,0,0,0,118,0,0,0,74
four_domain_state_coverage_v1,t5gemma,person,42,N_h1,matrix_h1_t0,normalized_fulltext,Q,U,192,0,0,0,118,0,0,0,74
four_domain_state_coverage_v1,t5gemma,person,42,N_h1,matrix_h1_t0,literal_fulltext,P,Q,192,0,0,0,173,0,0,0,19
four_domain_state_coverage_v1,t5gemma,person,42,N_h1,matrix_h1_t0,literal_fulltext,P,U,192,0,0,0,118,0,0,0,74
four_domain_state_coverage_v1,t5gemma,person,42,N_h1,matrix_h1_t0,literal_fulltext,Q,U,192,0,0,0,118,0,0,0,74
four_domain_state_coverage_v1,t5gemma,person,42,N_h1,matrix_h1_t2,normalized_fulltext,P,Q,64,0,0,0,50,0,0,0,14
four_domain_state_coverage_v1,t5gemma,person,42,N_h1,matrix_h1_t2,normalized_fulltext,P,U,64,0,0,0,30,0,0,0,34
four_domain_state_coverage_v1,t5gemma,person,42,N_h1,matrix_h1_t2,normalized_fulltext,Q,U,64,0,0,0,31,0,0,0,33
four_domain_state_coverage_v1,t5gemma,person,42,N_h1,matrix_h1_t2,literal_fulltext,P,Q,64,0,0,0,50,0,0,0,14
four_domain_state_coverage_v1,t5gemma,person,42,N_h1,matrix_h1_t2,literal_fulltext,P,U,64,0,0,0,30,0,0,0,34
four_domain_state_coverage_v1,t5gemma,person,42,N_h1,matrix_h1_t2,literal_fulltext,Q,U,64,0,0,0,31,0,0,0,33
four_domain_state_coverage_v1,t5gemma,person,42,P,matrix_h0_t0,normalized_fulltext,P,Q,192,0,0,0,129,0,0,0,63
four_domain_state_coverage_v1,t5gemma,person,42,P,matrix_h0_t0,normalized_fulltext,P,U,192,0,0,0,97,0,0,0,95
four_domain_state_coverage_v1,t5gemma,person,42,P,matrix_h0_t0,normalized_fulltext,Q,U,192,0,0,0,82,0,0,0,110
four_domain_state_coverage_v1,t5gemma,person,42,P,matrix_h0_t0,literal_fulltext,P,Q,192,0,0,0,129,0,0,0,63
four_domain_state_coverage_v1,t5gemma,person,42,P,matrix_h0_t0,literal_fulltext,P,U,192,0,0,0,97,0,0,0,95
four_domain_state_coverage_v1,t5gemma,person,42,P,matrix_h0_t0,literal_fulltext,Q,U,192,0,0,0,82,0,0,0,110
four_domain_state_coverage_v1,t5gemma,person,42,P,matrix_h0_t2,normalized_fulltext,P,Q,64,0,0,0,35,0,0,0,29
four_domain_state_coverage_v1,t5gemma,person,42,P,matrix_h0_t2,normalized_fulltext,P,U,64,0,0,0,33,0,0,0,31
four_domain_state_coverage_v1,t5gemma,person,42,P,matrix_h0_t2,normalized_fulltext,Q,U,64,0,0,0,29,0,0,0,35
four_domain_state_coverage_v1,t5gemma,person,42,P,matrix_h0_t2,literal_fulltext,P,Q,64,0,0,0,35,0,0,0,29
four_domain_state_coverage_v1,t5gemma,person,42,P,matrix_h0_t2,literal_fulltext,P,U,64,0,0,0,33,0,0,0,31
four_domain_state_coverage_v1,t5gemma,person,42,P,matrix_h0_t2,literal_fulltext,Q,U,64,0,0,0,29,0,0,0,35
four_domain_state_coverage_v1,t5gemma,person,42,P,matrix_h1_t0,normalized_fulltext,P,Q,192,0,0,0,129,0,0,0,63
four_domain_state_coverage_v1,t5gemma,person,42,P,matrix_h1_t0,normalized_fulltext,P,U,192,0,0,0,97,0,0,0,95
four_domain_state_coverage_v1,t5gemma,person,42,P,matrix_h1_t0,normalized_fulltext,Q,U,192,0,0,0,82,0,0,0,110
four_domain_state_coverage_v1,t5gemma,person,42,P,matrix_h1_t0,literal_fulltext,P,Q,192,0,0,0,129,0,0,0,63
four_domain_state_coverage_v1,t5gemma,person,42,P,matrix_h1_t0,literal_fulltext,P,U,192,0,0,0,97,0,0,0,95
four_domain_state_coverage_v1,t5gemma,person,42,P,matrix_h1_t0,literal_fulltext,Q,U,192,0,0,0,82,0,0,0,110
four_domain_state_coverage_v1,t5gemma,person,42,P,matrix_h1_t2,normalized_fulltext,P,Q,64,0,0,0,35,0,0,0,29
four_domain_state_coverage_v1,t5gemma,person,42,P,matrix_h1_t2,normalized_fulltext,P,U,64,0,0,0,33,0,0,0,31
four_domain_state_coverage_v1,t5gemma,person,42,P,matrix_h1_t2,normalized_fulltext,Q,U,64,0,0,0,29,0,0,0,35
four_domain_state_coverage_v1,t5gemma,person,42,P,matrix_h1_t2,literal_fulltext,P,Q,64,0,0,0,35,0,0,0,29
four_domain_state_coverage_v1,t5gemma,person,42,P,matrix_h1_t2,literal_fulltext,P,U,64,0,0,0,33,0,0,0,31
four_domain_state_coverage_v1,t5gemma,person,42,P,matrix_h1_t2,literal_fulltext,Q,U,64,0,0,0,29,0,0,0,35
four_domain_state_coverage_v1,t5gemma,person,42,S_h0,matrix_h0_t0,normalized_fulltext,P,Q,192,9,0,9,187,8,0,8,5
four_domain_state_coverage_v1,t5gemma,person,42,S_h0,matrix_h0_t0,normalized_fulltext,P,U,192,93,0,93,179,87,0,87,13
four_domain_state_coverage_v1,t5gemma,person,42,S_h0,matrix_h0_t0,normalized_fulltext,Q,U,192,84,0,84,179,79,0,79,13
four_domain_state_coverage_v1,t5gemma,person,42,S_h0,matrix_h0_t0,literal_fulltext,P,Q,192,9,0,9,187,8,0,8,5
four_domain_state_coverage_v1,t5gemma,person,42,S_h0,matrix_h0_t0,literal_fulltext,P,U,192,93,0,93,179,87,0,87,13
four_domain_state_coverage_v1,t5gemma,person,42,S_h0,matrix_h0_t0,literal_fulltext,Q,U,192,84,0,84,179,79,0,79,13
four_domain_state_coverage_v1,t5gemma,person,42,S_h0,matrix_h0_t2,normalized_fulltext,P,Q,64,2,3,5,61,2,2,4,3
four_domain_state_coverage_v1,t5gemma,person,42,S_h0,matrix_h0_t2,normalized_fulltext,P,U,64,33,0,33,53,25,0,25,11
four_domain_state_coverage_v1,t5gemma,person,42,S_h0,matrix_h0_t2,normalized_fulltext,Q,U,64,34,0,34,53,27,0,27,11
four_domain_state_coverage_v1,t5gemma,person,42,S_h0,matrix_h0_t2,literal_fulltext,P,Q,64,2,3,5,61,2,2,4,3
four_domain_state_coverage_v1,t5gemma,person,42,S_h0,matrix_h0_t2,literal_fulltext,P,U,64,33,0,33,53,25,0,25,11
four_domain_state_coverage_v1,t5gemma,person,42,S_h0,matrix_h0_t2,literal_fulltext,Q,U,64,34,0,34,53,27,0,27,11
four_domain_state_coverage_v1,t5gemma,person,42,S_h1,matrix_h1_t0,normalized_fulltext,P,Q,192,5,0,5,168,4,0,4,24
four_domain_state_coverage_v1,t5gemma,person,42,S_h1,matrix_h1_t0,normalized_fulltext,P,U,192,49,1,50,156,31,1,32,36
four_domain_state_coverage_v1,t5gemma,person,42,S_h1,matrix_h1_t0,normalized_fulltext,Q,U,192,46,3,49,152,30,3,33,40
four_domain_state_coverage_v1,t5gemma,person,42,S_h1,matrix_h1_t0,literal_fulltext,P,Q,192,5,0,5,168,4,0,4,24
four_domain_state_coverage_v1,t5gemma,person,42,S_h1,matrix_h1_t0,literal_fulltext,P,U,192,49,1,50,156,31,1,32,36
four_domain_state_coverage_v1,t5gemma,person,42,S_h1,matrix_h1_t0,literal_fulltext,Q,U,192,46,3,49,152,30,3,33,40
four_domain_state_coverage_v1,t5gemma,person,42,S_h1,matrix_h1_t2,normalized_fulltext,P,Q,64,0,0,0,52,0,0,0,12
four_domain_state_coverage_v1,t5gemma,person,42,S_h1,matrix_h1_t2,normalized_fulltext,P,U,64,23,0,23,46,16,0,16,18
four_domain_state_coverage_v1,t5gemma,person,42,S_h1,matrix_h1_t2,normalized_fulltext,Q,U,64,23,0,23,47,16,0,16,17
four_domain_state_coverage_v1,t5gemma,person,42,S_h1,matrix_h1_t2,literal_fulltext,P,Q,64,0,0,0,52,0,0,0,12
four_domain_state_coverage_v1,t5gemma,person,42,S_h1,matrix_h1_t2,literal_fulltext,P,U,64,23,0,23,46,16,0,16,18
four_domain_state_coverage_v1,t5gemma,person,42,S_h1,matrix_h1_t2,literal_fulltext,Q,U,64,23,0,23,47,16,0,16,17
four_domain_state_coverage_v1,t5gemma,person,43,M_h0,matrix_h0_t0,normalized_fulltext,P,Q,192,0,0,0,192,0,0,0,0
four_domain_state_coverage_v1,t5gemma,person,43,M_h0,matrix_h0_t0,normalized_fulltext,P,U,192,21,0,21,186,15,0,15,6
four_domain_state_coverage_v1,t5gemma,person,43,M_h0,matrix_h0_t0,normalized_fulltext,Q,U,192,21,0,21,186,15,0,15,6
four_domain_state_coverage_v1,t5gemma,person,43,M_h0,matrix_h0_t0,literal_fulltext,P,Q,192,0,0,0,192,0,0,0,0
four_domain_state_coverage_v1,t5gemma,person,43,M_h0,matrix_h0_t0,literal_fulltext,P,U,192,21,0,21,186,15,0,15,6
four_domain_state_coverage_v1,t5gemma,person,43,M_h0,matrix_h0_t0,literal_fulltext,Q,U,192,21,0,21,186,15,0,15,6
four_domain_state_coverage_v1,t5gemma,person,43,M_h0,matrix_h0_t2,normalized_fulltext,P,Q,34,1,0,1,28,0,0,0,6
four_domain_state_coverage_v1,t5gemma,person,43,M_h0,matrix_h0_t2,normalized_fulltext,P,U,34,13,5,18,20,4,2,6,14
four_domain_state_coverage_v1,t5gemma,person,43,M_h0,matrix_h0_t2,normalized_fulltext,Q,U,34,12,5,17,19,3,2,5,15
four_domain_state_coverage_v1,t5gemma,person,43,M_h0,matrix_h0_t2,literal_fulltext,P,Q,34,1,0,1,28,0,0,0,6
four_domain_state_coverage_v1,t5gemma,person,43,M_h0,matrix_h0_t2,literal_fulltext,P,U,34,13,5,18,20,4,2,6,14
four_domain_state_coverage_v1,t5gemma,person,43,M_h0,matrix_h0_t2,literal_fulltext,Q,U,34,12,5,17,19,3,2,5,15
four_domain_state_coverage_v1,t5gemma,person,43,M_h1,matrix_h1_t0,normalized_fulltext,P,Q,192,1,0,1,192,1,0,1,0
four_domain_state_coverage_v1,t5gemma,person,43,M_h1,matrix_h1_t0,normalized_fulltext,P,U,192,105,0,105,146,46,0,46,46
four_domain_state_coverage_v1,t5gemma,person,43,M_h1,matrix_h1_t0,normalized_fulltext,Q,U,192,104,0,104,146,45,0,45,46
four_domain_state_coverage_v1,t5gemma,person,43,M_h1,matrix_h1_t0,literal_fulltext,P,Q,192,1,0,1,192,1,0,1,0
four_domain_state_coverage_v1,t5gemma,person,43,M_h1,matrix_h1_t0,literal_fulltext,P,U,192,105,0,105,146,46,0,46,46
four_domain_state_coverage_v1,t5gemma,person,43,M_h1,matrix_h1_t0,literal_fulltext,Q,U,192,104,0,104,146,45,0,45,46
four_domain_state_coverage_v1,t5gemma,person,43,M_h1,matrix_h1_t2,normalized_fulltext,P,Q,34,0,0,0,27,0,0,0,7
four_domain_state_coverage_v1,t5gemma,person,43,M_h1,matrix_h1_t2,normalized_fulltext,P,U,34,11,0,11,24,7,0,7,10
four_domain_state_coverage_v1,t5gemma,person,43,M_h1,matrix_h1_t2,normalized_fulltext,Q,U,34,11,0,11,23,7,0,7,11
four_domain_state_coverage_v1,t5gemma,person,43,M_h1,matrix_h1_t2,literal_fulltext,P,Q,34,0,0,0,27,0,0,0,7
four_domain_state_coverage_v1,t5gemma,person,43,M_h1,matrix_h1_t2,literal_fulltext,P,U,34,11,0,11,24,7,0,7,10
four_domain_state_coverage_v1,t5gemma,person,43,M_h1,matrix_h1_t2,literal_fulltext,Q,U,34,11,0,11,23,7,0,7,11
four_domain_state_coverage_v1,t5gemma,person,43,N_h0,matrix_h0_t0,normalized_fulltext,P,Q,192,0,0,0,170,0,0,0,22
four_domain_state_coverage_v1,t5gemma,person,43,N_h0,matrix_h0_t0,normalized_fulltext,P,U,192,0,0,0,74,0,0,0,118
four_domain_state_coverage_v1,t5gemma,person,43,N_h0,matrix_h0_t0,normalized_fulltext,Q,U,192,0,0,0,72,0,0,0,120
four_domain_state_coverage_v1,t5gemma,person,43,N_h0,matrix_h0_t0,literal_fulltext,P,Q,192,0,0,0,170,0,0,0,22
four_domain_state_coverage_v1,t5gemma,person,43,N_h0,matrix_h0_t0,literal_fulltext,P,U,192,0,0,0,74,0,0,0,118
four_domain_state_coverage_v1,t5gemma,person,43,N_h0,matrix_h0_t0,literal_fulltext,Q,U,192,0,0,0,72,0,0,0,120
four_domain_state_coverage_v1,t5gemma,person,43,N_h0,matrix_h0_t2,normalized_fulltext,P,Q,34,0,0,0,33,0,0,0,1
four_domain_state_coverage_v1,t5gemma,person,43,N_h0,matrix_h0_t2,normalized_fulltext,P,U,34,0,0,0,15,0,0,0,19
four_domain_state_coverage_v1,t5gemma,person,43,N_h0,matrix_h0_t2,normalized_fulltext,Q,U,34,0,0,0,15,0,0,0,19
four_domain_state_coverage_v1,t5gemma,person,43,N_h0,matrix_h0_t2,literal_fulltext,P,Q,34,0,0,0,33,0,0,0,1
four_domain_state_coverage_v1,t5gemma,person,43,N_h0,matrix_h0_t2,literal_fulltext,P,U,34,0,0,0,15,0,0,0,19
four_domain_state_coverage_v1,t5gemma,person,43,N_h0,matrix_h0_t2,literal_fulltext,Q,U,34,0,0,0,15,0,0,0,19
four_domain_state_coverage_v1,t5gemma,person,43,N_h1,matrix_h1_t0,normalized_fulltext,P,Q,192,0,0,0,183,0,0,0,9
four_domain_state_coverage_v1,t5gemma,person,43,N_h1,matrix_h1_t0,normalized_fulltext,P,U,192,0,0,0,152,0,0,0,40
four_domain_state_coverage_v1,t5gemma,person,43,N_h1,matrix_h1_t0,normalized_fulltext,Q,U,192,0,0,0,151,0,0,0,41
four_domain_state_coverage_v1,t5gemma,person,43,N_h1,matrix_h1_t0,literal_fulltext,P,Q,192,0,0,0,183,0,0,0,9
four_domain_state_coverage_v1,t5gemma,person,43,N_h1,matrix_h1_t0,literal_fulltext,P,U,192,0,0,0,152,0,0,0,40
four_domain_state_coverage_v1,t5gemma,person,43,N_h1,matrix_h1_t0,literal_fulltext,Q,U,192,0,0,0,151,0,0,0,41
four_domain_state_coverage_v1,t5gemma,person,43,N_h1,matrix_h1_t2,normalized_fulltext,P,Q,34,0,0,0,33,0,0,0,1
four_domain_state_coverage_v1,t5gemma,person,43,N_h1,matrix_h1_t2,normalized_fulltext,P,U,34,0,0,0,24,0,0,0,10
four_domain_state_coverage_v1,t5gemma,person,43,N_h1,matrix_h1_t2,normalized_fulltext,Q,U,34,0,0,0,24,0,0,0,10
four_domain_state_coverage_v1,t5gemma,person,43,N_h1,matrix_h1_t2,literal_fulltext,P,Q,34,0,0,0,33,0,0,0,1
four_domain_state_coverage_v1,t5gemma,person,43,N_h1,matrix_h1_t2,literal_fulltext,P,U,34,0,0,0,24,0,0,0,10
four_domain_state_coverage_v1,t5gemma,person,43,N_h1,matrix_h1_t2,literal_fulltext,Q,U,34,0,0,0,24,0,0,0,10
four_domain_state_coverage_v1,t5gemma,person,43,P,matrix_h0_t0,normalized_fulltext,P,Q,192,0,0,0,180,0,0,0,12
four_domain_state_coverage_v1,t5gemma,person,43,P,matrix_h0_t0,normalized_fulltext,P,U,192,0,0,0,168,0,0,0,24
four_domain_state_coverage_v1,t5gemma,person,43,P,matrix_h0_t0,normalized_fulltext,Q,U,192,0,0,0,164,0,0,0,28
four_domain_state_coverage_v1,t5gemma,person,43,P,matrix_h0_t0,literal_fulltext,P,Q,192,0,0,0,180,0,0,0,12
four_domain_state_coverage_v1,t5gemma,person,43,P,matrix_h0_t0,literal_fulltext,P,U,192,0,0,0,168,0,0,0,24
four_domain_state_coverage_v1,t5gemma,person,43,P,matrix_h0_t0,literal_fulltext,Q,U,192,0,0,0,164,0,0,0,28
four_domain_state_coverage_v1,t5gemma,person,43,P,matrix_h0_t2,normalized_fulltext,P,Q,34,0,0,0,13,0,0,0,21
four_domain_state_coverage_v1,t5gemma,person,43,P,matrix_h0_t2,normalized_fulltext,P,U,34,0,0,0,14,0,0,0,20
four_domain_state_coverage_v1,t5gemma,person,43,P,matrix_h0_t2,normalized_fulltext,Q,U,34,0,0,0,14,0,0,0,20
four_domain_state_coverage_v1,t5gemma,person,43,P,matrix_h0_t2,literal_fulltext,P,Q,34,0,0,0,13,0,0,0,21
four_domain_state_coverage_v1,t5gemma,person,43,P,matrix_h0_t2,literal_fulltext,P,U,34,0,0,0,14,0,0,0,20
four_domain_state_coverage_v1,t5gemma,person,43,P,matrix_h0_t2,literal_fulltext,Q,U,34,0,0,0,14,0,0,0,20
four_domain_state_coverage_v1,t5gemma,person,43,P,matrix_h1_t0,normalized_fulltext,P,Q,192,0,0,0,180,0,0,0,12
four_domain_state_coverage_v1,t5gemma,person,43,P,matrix_h1_t0,normalized_fulltext,P,U,192,0,0,0,168,0,0,0,24
four_domain_state_coverage_v1,t5gemma,person,43,P,matrix_h1_t0,normalized_fulltext,Q,U,192,0,0,0,164,0,0,0,28
four_domain_state_coverage_v1,t5gemma,person,43,P,matrix_h1_t0,literal_fulltext,P,Q,192,0,0,0,180,0,0,0,12
four_domain_state_coverage_v1,t5gemma,person,43,P,matrix_h1_t0,literal_fulltext,P,U,192,0,0,0,168,0,0,0,24
four_domain_state_coverage_v1,t5gemma,person,43,P,matrix_h1_t0,literal_fulltext,Q,U,192,0,0,0,164,0,0,0,28
four_domain_state_coverage_v1,t5gemma,person,43,P,matrix_h1_t2,normalized_fulltext,P,Q,34,0,0,0,13,0,0,0,21
four_domain_state_coverage_v1,t5gemma,person,43,P,matrix_h1_t2,normalized_fulltext,P,U,34,0,0,0,14,0,0,0,20
four_domain_state_coverage_v1,t5gemma,person,43,P,matrix_h1_t2,normalized_fulltext,Q,U,34,0,0,0,14,0,0,0,20
four_domain_state_coverage_v1,t5gemma,person,43,P,matrix_h1_t2,literal_fulltext,P,Q,34,0,0,0,13,0,0,0,21
four_domain_state_coverage_v1,t5gemma,person,43,P,matrix_h1_t2,literal_fulltext,P,U,34,0,0,0,14,0,0,0,20
four_domain_state_coverage_v1,t5gemma,person,43,P,matrix_h1_t2,literal_fulltext,Q,U,34,0,0,0,14,0,0,0,20
four_domain_state_coverage_v1,t5gemma,person,43,S_h0,matrix_h0_t0,normalized_fulltext,P,Q,192,1,0,1,187,1,0,1,5
four_domain_state_coverage_v1,t5gemma,person,43,S_h0,matrix_h0_t0,normalized_fulltext,P,U,192,21,3,24,176,17,3,20,16
four_domain_state_coverage_v1,t5gemma,person,43,S_h0,matrix_h0_t0,normalized_fulltext,Q,U,192,20,3,23,177,16,3,19,15
four_domain_state_coverage_v1,t5gemma,person,43,S_h0,matrix_h0_t0,literal_fulltext,P,Q,192,1,0,1,187,1,0,1,5
four_domain_state_coverage_v1,t5gemma,person,43,S_h0,matrix_h0_t0,literal_fulltext,P,U,192,21,3,24,176,17,3,20,16
four_domain_state_coverage_v1,t5gemma,person,43,S_h0,matrix_h0_t0,literal_fulltext,Q,U,192,20,3,23,177,16,3,19,15
four_domain_state_coverage_v1,t5gemma,person,43,S_h0,matrix_h0_t2,normalized_fulltext,P,Q,34,1,0,1,30,0,0,0,4
four_domain_state_coverage_v1,t5gemma,person,43,S_h0,matrix_h0_t2,normalized_fulltext,P,U,34,3,1,4,28,3,1,4,6
four_domain_state_coverage_v1,t5gemma,person,43,S_h0,matrix_h0_t2,normalized_fulltext,Q,U,34,3,2,5,27,3,1,4,7
four_domain_state_coverage_v1,t5gemma,person,43,S_h0,matrix_h0_t2,literal_fulltext,P,Q,34,1,0,1,30,0,0,0,4
four_domain_state_coverage_v1,t5gemma,person,43,S_h0,matrix_h0_t2,literal_fulltext,P,U,34,3,1,4,28,3,1,4,6
four_domain_state_coverage_v1,t5gemma,person,43,S_h0,matrix_h0_t2,literal_fulltext,Q,U,34,3,2,5,27,3,1,4,7
four_domain_state_coverage_v1,t5gemma,person,43,S_h1,matrix_h1_t0,normalized_fulltext,P,Q,192,0,0,0,192,0,0,0,0
four_domain_state_coverage_v1,t5gemma,person,43,S_h1,matrix_h1_t0,normalized_fulltext,P,U,192,8,0,8,182,7,0,7,10
four_domain_state_coverage_v1,t5gemma,person,43,S_h1,matrix_h1_t0,normalized_fulltext,Q,U,192,8,0,8,182,7,0,7,10
four_domain_state_coverage_v1,t5gemma,person,43,S_h1,matrix_h1_t0,literal_fulltext,P,Q,192,0,0,0,192,0,0,0,0
four_domain_state_coverage_v1,t5gemma,person,43,S_h1,matrix_h1_t0,literal_fulltext,P,U,192,8,0,8,182,7,0,7,10
four_domain_state_coverage_v1,t5gemma,person,43,S_h1,matrix_h1_t0,literal_fulltext,Q,U,192,8,0,8,182,7,0,7,10
four_domain_state_coverage_v1,t5gemma,person,43,S_h1,matrix_h1_t2,normalized_fulltext,P,Q,34,0,0,0,31,0,0,0,3
four_domain_state_coverage_v1,t5gemma,person,43,S_h1,matrix_h1_t2,normalized_fulltext,P,U,34,4,3,7,30,4,1,5,4
four_domain_state_coverage_v1,t5gemma,person,43,S_h1,matrix_h1_t2,normalized_fulltext,Q,U,34,4,3,7,30,4,1,5,4
four_domain_state_coverage_v1,t5gemma,person,43,S_h1,matrix_h1_t2,literal_fulltext,P,Q,34,0,0,0,31,0,0,0,3
four_domain_state_coverage_v1,t5gemma,person,43,S_h1,matrix_h1_t2,literal_fulltext,P,U,34,4,3,7,30,4,1,5,4
four_domain_state_coverage_v1,t5gemma,person,43,S_h1,matrix_h1_t2,literal_fulltext,Q,U,34,4,3,7,30,4,1,5,4
four_domain_state_coverage_v1,t5gemma,person,44,M_h0,matrix_h0_t0,normalized_fulltext,P,Q,192,0,0,0,191,0,0,0,1
four_domain_state_coverage_v1,t5gemma,person,44,M_h0,matrix_h0_t0,normalized_fulltext,P,U,192,111,0,111,185,105,0,105,7
four_domain_state_coverage_v1,t5gemma,person,44,M_h0,matrix_h0_t0,normalized_fulltext,Q,U,192,111,0,111,185,105,0,105,7
four_domain_state_coverage_v1,t5gemma,person,44,M_h0,matrix_h0_t0,literal_fulltext,P,Q,192,0,0,0,191,0,0,0,1
four_domain_state_coverage_v1,t5gemma,person,44,M_h0,matrix_h0_t0,literal_fulltext,P,U,192,111,0,111,185,105,0,105,7
four_domain_state_coverage_v1,t5gemma,person,44,M_h0,matrix_h0_t0,literal_fulltext,Q,U,192,111,0,111,185,105,0,105,7
four_domain_state_coverage_v1,t5gemma,person,44,M_h0,matrix_h0_t2,normalized_fulltext,P,Q,2,0,0,0,2,0,0,0,0
four_domain_state_coverage_v1,t5gemma,person,44,M_h0,matrix_h0_t2,normalized_fulltext,P,U,2,0,0,0,2,0,0,0,0
four_domain_state_coverage_v1,t5gemma,person,44,M_h0,matrix_h0_t2,normalized_fulltext,Q,U,2,0,0,0,2,0,0,0,0
four_domain_state_coverage_v1,t5gemma,person,44,M_h0,matrix_h0_t2,literal_fulltext,P,Q,2,0,0,0,2,0,0,0,0
four_domain_state_coverage_v1,t5gemma,person,44,M_h0,matrix_h0_t2,literal_fulltext,P,U,2,0,0,0,2,0,0,0,0
four_domain_state_coverage_v1,t5gemma,person,44,M_h0,matrix_h0_t2,literal_fulltext,Q,U,2,0,0,0,2,0,0,0,0
four_domain_state_coverage_v1,t5gemma,person,44,M_h1,matrix_h1_t0,normalized_fulltext,P,Q,192,0,1,1,190,0,1,1,2
four_domain_state_coverage_v1,t5gemma,person,44,M_h1,matrix_h1_t0,normalized_fulltext,P,U,192,7,19,26,186,6,17,23,6
four_domain_state_coverage_v1,t5gemma,person,44,M_h1,matrix_h1_t0,normalized_fulltext,Q,U,192,7,18,25,187,6,17,23,5
four_domain_state_coverage_v1,t5gemma,person,44,M_h1,matrix_h1_t0,literal_fulltext,P,Q,192,0,1,1,190,0,1,1,2
four_domain_state_coverage_v1,t5gemma,person,44,M_h1,matrix_h1_t0,literal_fulltext,P,U,192,7,19,26,186,6,17,23,6
four_domain_state_coverage_v1,t5gemma,person,44,M_h1,matrix_h1_t0,literal_fulltext,Q,U,192,7,18,25,187,6,17,23,5
four_domain_state_coverage_v1,t5gemma,person,44,M_h1,matrix_h1_t2,normalized_fulltext,P,Q,2,0,0,0,1,0,0,0,1
four_domain_state_coverage_v1,t5gemma,person,44,M_h1,matrix_h1_t2,normalized_fulltext,P,U,2,0,0,0,0,0,0,0,2
four_domain_state_coverage_v1,t5gemma,person,44,M_h1,matrix_h1_t2,normalized_fulltext,Q,U,2,0,0,0,0,0,0,0,2
four_domain_state_coverage_v1,t5gemma,person,44,M_h1,matrix_h1_t2,literal_fulltext,P,Q,2,0,0,0,1,0,0,0,1
four_domain_state_coverage_v1,t5gemma,person,44,M_h1,matrix_h1_t2,literal_fulltext,P,U,2,0,0,0,0,0,0,0,2
four_domain_state_coverage_v1,t5gemma,person,44,M_h1,matrix_h1_t2,literal_fulltext,Q,U,2,0,0,0,0,0,0,0,2
four_domain_state_coverage_v1,t5gemma,person,44,N_h0,matrix_h0_t0,normalized_fulltext,P,Q,192,0,0,0,72,0,0,0,120
four_domain_state_coverage_v1,t5gemma,person,44,N_h0,matrix_h0_t0,normalized_fulltext,P,U,192,0,0,0,41,0,0,0,151
four_domain_state_coverage_v1,t5gemma,person,44,N_h0,matrix_h0_t0,normalized_fulltext,Q,U,192,0,0,0,42,0,0,0,150
four_domain_state_coverage_v1,t5gemma,person,44,N_h0,matrix_h0_t0,literal_fulltext,P,Q,192,0,0,0,72,0,0,0,120
four_domain_state_coverage_v1,t5gemma,person,44,N_h0,matrix_h0_t0,literal_fulltext,P,U,192,0,0,0,41,0,0,0,151
four_domain_state_coverage_v1,t5gemma,person,44,N_h0,matrix_h0_t0,literal_fulltext,Q,U,192,0,0,0,42,0,0,0,150
four_domain_state_coverage_v1,t5gemma,person,44,N_h0,matrix_h0_t2,normalized_fulltext,P,Q,2,0,0,0,0,0,0,0,2
four_domain_state_coverage_v1,t5gemma,person,44,N_h0,matrix_h0_t2,normalized_fulltext,P,U,2,0,0,0,0,0,0,0,2
four_domain_state_coverage_v1,t5gemma,person,44,N_h0,matrix_h0_t2,normalized_fulltext,Q,U,2,0,0,0,0,0,0,0,2
four_domain_state_coverage_v1,t5gemma,person,44,N_h0,matrix_h0_t2,literal_fulltext,P,Q,2,0,0,0,0,0,0,0,2
four_domain_state_coverage_v1,t5gemma,person,44,N_h0,matrix_h0_t2,literal_fulltext,P,U,2,0,0,0,0,0,0,0,2
four_domain_state_coverage_v1,t5gemma,person,44,N_h0,matrix_h0_t2,literal_fulltext,Q,U,2,0,0,0,0,0,0,0,2
four_domain_state_coverage_v1,t5gemma,person,44,N_h1,matrix_h1_t0,normalized_fulltext,P,Q,192,0,0,0,90,0,0,0,102
four_domain_state_coverage_v1,t5gemma,person,44,N_h1,matrix_h1_t0,normalized_fulltext,P,U,192,0,0,0,50,0,0,0,142
four_domain_state_coverage_v1,t5gemma,person,44,N_h1,matrix_h1_t0,normalized_fulltext,Q,U,192,0,0,0,51,0,0,0,141
four_domain_state_coverage_v1,t5gemma,person,44,N_h1,matrix_h1_t0,literal_fulltext,P,Q,192,0,0,0,90,0,0,0,102
four_domain_state_coverage_v1,t5gemma,person,44,N_h1,matrix_h1_t0,literal_fulltext,P,U,192,0,0,0,50,0,0,0,142
four_domain_state_coverage_v1,t5gemma,person,44,N_h1,matrix_h1_t0,literal_fulltext,Q,U,192,0,0,0,51,0,0,0,141
four_domain_state_coverage_v1,t5gemma,person,44,N_h1,matrix_h1_t2,normalized_fulltext,P,Q,2,0,0,0,1,0,0,0,1
four_domain_state_coverage_v1,t5gemma,person,44,N_h1,matrix_h1_t2,normalized_fulltext,P,U,2,0,0,0,0,0,0,0,2
four_domain_state_coverage_v1,t5gemma,person,44,N_h1,matrix_h1_t2,normalized_fulltext,Q,U,2,0,0,0,0,0,0,0,2
four_domain_state_coverage_v1,t5gemma,person,44,N_h1,matrix_h1_t2,literal_fulltext,P,Q,2,0,0,0,1,0,0,0,1
four_domain_state_coverage_v1,t5gemma,person,44,N_h1,matrix_h1_t2,literal_fulltext,P,U,2,0,0,0,0,0,0,0,2
four_domain_state_coverage_v1,t5gemma,person,44,N_h1,matrix_h1_t2,literal_fulltext,Q,U,2,0,0,0,0,0,0,0,2
four_domain_state_coverage_v1,t5gemma,person,44,P,matrix_h0_t0,normalized_fulltext,P,Q,192,0,0,0,74,0,0,0,118
four_domain_state_coverage_v1,t5gemma,person,44,P,matrix_h0_t0,normalized_fulltext,P,U,192,0,0,0,38,0,0,0,154
four_domain_state_coverage_v1,t5gemma,person,44,P,matrix_h0_t0,normalized_fulltext,Q,U,192,0,0,0,42,0,0,0,150
four_domain_state_coverage_v1,t5gemma,person,44,P,matrix_h0_t0,literal_fulltext,P,Q,192,0,0,0,74,0,0,0,118
four_domain_state_coverage_v1,t5gemma,person,44,P,matrix_h0_t0,literal_fulltext,P,U,192,0,0,0,38,0,0,0,154
four_domain_state_coverage_v1,t5gemma,person,44,P,matrix_h0_t0,literal_fulltext,Q,U,192,0,0,0,42,0,0,0,150
four_domain_state_coverage_v1,t5gemma,person,44,P,matrix_h0_t2,normalized_fulltext,P,Q,2,0,0,0,0,0,0,0,2
four_domain_state_coverage_v1,t5gemma,person,44,P,matrix_h0_t2,normalized_fulltext,P,U,2,0,0,0,0,0,0,0,2
four_domain_state_coverage_v1,t5gemma,person,44,P,matrix_h0_t2,normalized_fulltext,Q,U,2,0,0,0,0,0,0,0,2
four_domain_state_coverage_v1,t5gemma,person,44,P,matrix_h0_t2,literal_fulltext,P,Q,2,0,0,0,0,0,0,0,2
four_domain_state_coverage_v1,t5gemma,person,44,P,matrix_h0_t2,literal_fulltext,P,U,2,0,0,0,0,0,0,0,2
four_domain_state_coverage_v1,t5gemma,person,44,P,matrix_h0_t2,literal_fulltext,Q,U,2,0,0,0,0,0,0,0,2
four_domain_state_coverage_v1,t5gemma,person,44,P,matrix_h1_t0,normalized_fulltext,P,Q,192,0,0,0,74,0,0,0,118
four_domain_state_coverage_v1,t5gemma,person,44,P,matrix_h1_t0,normalized_fulltext,P,U,192,0,0,0,38,0,0,0,154
four_domain_state_coverage_v1,t5gemma,person,44,P,matrix_h1_t0,normalized_fulltext,Q,U,192,0,0,0,42,0,0,0,150
four_domain_state_coverage_v1,t5gemma,person,44,P,matrix_h1_t0,literal_fulltext,P,Q,192,0,0,0,74,0,0,0,118
four_domain_state_coverage_v1,t5gemma,person,44,P,matrix_h1_t0,literal_fulltext,P,U,192,0,0,0,38,0,0,0,154
four_domain_state_coverage_v1,t5gemma,person,44,P,matrix_h1_t0,literal_fulltext,Q,U,192,0,0,0,42,0,0,0,150
four_domain_state_coverage_v1,t5gemma,person,44,P,matrix_h1_t2,normalized_fulltext,P,Q,2,0,0,0,0,0,0,0,2
four_domain_state_coverage_v1,t5gemma,person,44,P,matrix_h1_t2,normalized_fulltext,P,U,2,0,0,0,0,0,0,0,2
four_domain_state_coverage_v1,t5gemma,person,44,P,matrix_h1_t2,normalized_fulltext,Q,U,2,0,0,0,0,0,0,0,2
four_domain_state_coverage_v1,t5gemma,person,44,P,matrix_h1_t2,literal_fulltext,P,Q,2,0,0,0,0,0,0,0,2
four_domain_state_coverage_v1,t5gemma,person,44,P,matrix_h1_t2,literal_fulltext,P,U,2,0,0,0,0,0,0,0,2
four_domain_state_coverage_v1,t5gemma,person,44,P,matrix_h1_t2,literal_fulltext,Q,U,2,0,0,0,0,0,0,0,2
four_domain_state_coverage_v1,t5gemma,person,44,S_h0,matrix_h0_t0,normalized_fulltext,P,Q,192,0,0,0,187,0,0,0,5
four_domain_state_coverage_v1,t5gemma,person,44,S_h0,matrix_h0_t0,normalized_fulltext,P,U,192,56,0,56,179,50,0,50,13
four_domain_state_coverage_v1,t5gemma,person,44,S_h0,matrix_h0_t0,normalized_fulltext,Q,U,192,56,0,56,179,50,0,50,13
four_domain_state_coverage_v1,t5gemma,person,44,S_h0,matrix_h0_t0,literal_fulltext,P,Q,192,0,0,0,187,0,0,0,5
four_domain_state_coverage_v1,t5gemma,person,44,S_h0,matrix_h0_t0,literal_fulltext,P,U,192,56,0,56,179,50,0,50,13
four_domain_state_coverage_v1,t5gemma,person,44,S_h0,matrix_h0_t0,literal_fulltext,Q,U,192,56,0,56,179,50,0,50,13
four_domain_state_coverage_v1,t5gemma,person,44,S_h0,matrix_h0_t2,normalized_fulltext,P,Q,2,0,0,0,0,0,0,0,2
four_domain_state_coverage_v1,t5gemma,person,44,S_h0,matrix_h0_t2,normalized_fulltext,P,U,2,0,0,0,0,0,0,0,2
four_domain_state_coverage_v1,t5gemma,person,44,S_h0,matrix_h0_t2,normalized_fulltext,Q,U,2,0,0,0,0,0,0,0,2
four_domain_state_coverage_v1,t5gemma,person,44,S_h0,matrix_h0_t2,literal_fulltext,P,Q,2,0,0,0,0,0,0,0,2
four_domain_state_coverage_v1,t5gemma,person,44,S_h0,matrix_h0_t2,literal_fulltext,P,U,2,0,0,0,0,0,0,0,2
four_domain_state_coverage_v1,t5gemma,person,44,S_h0,matrix_h0_t2,literal_fulltext,Q,U,2,0,0,0,0,0,0,0,2
four_domain_state_coverage_v1,t5gemma,person,44,S_h1,matrix_h1_t0,normalized_fulltext,P,Q,192,1,1,2,163,1,0,1,29
four_domain_state_coverage_v1,t5gemma,person,44,S_h1,matrix_h1_t0,normalized_fulltext,P,U,192,17,1,18,151,17,1,18,41
four_domain_state_coverage_v1,t5gemma,person,44,S_h1,matrix_h1_t0,normalized_fulltext,Q,U,192,17,1,18,153,16,1,17,39
four_domain_state_coverage_v1,t5gemma,person,44,S_h1,matrix_h1_t0,literal_fulltext,P,Q,192,1,1,2,163,1,0,1,29
four_domain_state_coverage_v1,t5gemma,person,44,S_h1,matrix_h1_t0,literal_fulltext,P,U,192,17,1,18,151,17,1,18,41
four_domain_state_coverage_v1,t5gemma,person,44,S_h1,matrix_h1_t0,literal_fulltext,Q,U,192,17,1,18,153,16,1,17,39
four_domain_state_coverage_v1,t5gemma,person,44,S_h1,matrix_h1_t2,normalized_fulltext,P,Q,2,0,0,0,2,0,0,0,0
four_domain_state_coverage_v1,t5gemma,person,44,S_h1,matrix_h1_t2,normalized_fulltext,P,U,2,0,0,0,2,0,0,0,0
four_domain_state_coverage_v1,t5gemma,person,44,S_h1,matrix_h1_t2,normalized_fulltext,Q,U,2,0,0,0,2,0,0,0,0
four_domain_state_coverage_v1,t5gemma,person,44,S_h1,matrix_h1_t2,literal_fulltext,P,Q,2,0,0,0,2,0,0,0,0
four_domain_state_coverage_v1,t5gemma,person,44,S_h1,matrix_h1_t2,literal_fulltext,P,U,2,0,0,0,2,0,0,0,0
four_domain_state_coverage_v1,t5gemma,person,44,S_h1,matrix_h1_t2,literal_fulltext,Q,U,2,0,0,0,2,0,0,0,0
four_domain_state_coverage_v1,t5gemma,space,42,M_h0,matrix_h0_t0,normalized_fulltext,P,Q,256,0,0,0,256,0,0,0,0
four_domain_state_coverage_v1,t5gemma,space,42,M_h0,matrix_h0_t0,normalized_fulltext,P,U,256,0,0,0,256,0,0,0,0
four_domain_state_coverage_v1,t5gemma,space,42,M_h0,matrix_h0_t0,normalized_fulltext,Q,U,256,0,0,0,256,0,0,0,0
four_domain_state_coverage_v1,t5gemma,space,42,M_h0,matrix_h0_t0,literal_fulltext,P,Q,256,0,0,0,256,0,0,0,0
four_domain_state_coverage_v1,t5gemma,space,42,M_h0,matrix_h0_t0,literal_fulltext,P,U,256,0,0,0,256,0,0,0,0
four_domain_state_coverage_v1,t5gemma,space,42,M_h0,matrix_h0_t0,literal_fulltext,Q,U,256,0,0,0,256,0,0,0,0
four_domain_state_coverage_v1,t5gemma,space,42,M_h0,matrix_h0_t2,normalized_fulltext,P,Q,0,0,0,0,0,0,0,0,0
four_domain_state_coverage_v1,t5gemma,space,42,M_h0,matrix_h0_t2,normalized_fulltext,P,U,0,0,0,0,0,0,0,0,0
four_domain_state_coverage_v1,t5gemma,space,42,M_h0,matrix_h0_t2,normalized_fulltext,Q,U,0,0,0,0,0,0,0,0,0
four_domain_state_coverage_v1,t5gemma,space,42,M_h0,matrix_h0_t2,literal_fulltext,P,Q,0,0,0,0,0,0,0,0,0
four_domain_state_coverage_v1,t5gemma,space,42,M_h0,matrix_h0_t2,literal_fulltext,P,U,0,0,0,0,0,0,0,0,0
four_domain_state_coverage_v1,t5gemma,space,42,M_h0,matrix_h0_t2,literal_fulltext,Q,U,0,0,0,0,0,0,0,0,0
four_domain_state_coverage_v1,t5gemma,space,42,M_h1,matrix_h1_t0,normalized_fulltext,P,Q,256,0,0,0,256,0,0,0,0
four_domain_state_coverage_v1,t5gemma,space,42,M_h1,matrix_h1_t0,normalized_fulltext,P,U,256,44,0,44,256,44,0,44,0
four_domain_state_coverage_v1,t5gemma,space,42,M_h1,matrix_h1_t0,normalized_fulltext,Q,U,256,44,0,44,256,44,0,44,0
four_domain_state_coverage_v1,t5gemma,space,42,M_h1,matrix_h1_t0,literal_fulltext,P,Q,256,0,0,0,256,0,0,0,0
four_domain_state_coverage_v1,t5gemma,space,42,M_h1,matrix_h1_t0,literal_fulltext,P,U,256,44,0,44,256,44,0,44,0
four_domain_state_coverage_v1,t5gemma,space,42,M_h1,matrix_h1_t0,literal_fulltext,Q,U,256,44,0,44,256,44,0,44,0
four_domain_state_coverage_v1,t5gemma,space,42,M_h1,matrix_h1_t2,normalized_fulltext,P,Q,0,0,0,0,0,0,0,0,0
four_domain_state_coverage_v1,t5gemma,space,42,M_h1,matrix_h1_t2,normalized_fulltext,P,U,0,0,0,0,0,0,0,0,0
four_domain_state_coverage_v1,t5gemma,space,42,M_h1,matrix_h1_t2,normalized_fulltext,Q,U,0,0,0,0,0,0,0,0,0
four_domain_state_coverage_v1,t5gemma,space,42,M_h1,matrix_h1_t2,literal_fulltext,P,Q,0,0,0,0,0,0,0,0,0
four_domain_state_coverage_v1,t5gemma,space,42,M_h1,matrix_h1_t2,literal_fulltext,P,U,0,0,0,0,0,0,0,0,0
four_domain_state_coverage_v1,t5gemma,space,42,M_h1,matrix_h1_t2,literal_fulltext,Q,U,0,0,0,0,0,0,0,0,0
four_domain_state_coverage_v1,t5gemma,space,42,N_h0,matrix_h0_t0,normalized_fulltext,P,Q,256,0,0,0,0,0,0,0,256
four_domain_state_coverage_v1,t5gemma,space,42,N_h0,matrix_h0_t0,normalized_fulltext,P,U,256,0,0,0,0,0,0,0,256
four_domain_state_coverage_v1,t5gemma,space,42,N_h0,matrix_h0_t0,normalized_fulltext,Q,U,256,0,0,0,0,0,0,0,256
four_domain_state_coverage_v1,t5gemma,space,42,N_h0,matrix_h0_t0,literal_fulltext,P,Q,256,0,0,0,0,0,0,0,256
four_domain_state_coverage_v1,t5gemma,space,42,N_h0,matrix_h0_t0,literal_fulltext,P,U,256,0,0,0,0,0,0,0,256
four_domain_state_coverage_v1,t5gemma,space,42,N_h0,matrix_h0_t0,literal_fulltext,Q,U,256,0,0,0,0,0,0,0,256
four_domain_state_coverage_v1,t5gemma,space,42,N_h0,matrix_h0_t2,normalized_fulltext,P,Q,0,0,0,0,0,0,0,0,0
four_domain_state_coverage_v1,t5gemma,space,42,N_h0,matrix_h0_t2,normalized_fulltext,P,U,0,0,0,0,0,0,0,0,0
four_domain_state_coverage_v1,t5gemma,space,42,N_h0,matrix_h0_t2,normalized_fulltext,Q,U,0,0,0,0,0,0,0,0,0
four_domain_state_coverage_v1,t5gemma,space,42,N_h0,matrix_h0_t2,literal_fulltext,P,Q,0,0,0,0,0,0,0,0,0
four_domain_state_coverage_v1,t5gemma,space,42,N_h0,matrix_h0_t2,literal_fulltext,P,U,0,0,0,0,0,0,0,0,0
four_domain_state_coverage_v1,t5gemma,space,42,N_h0,matrix_h0_t2,literal_fulltext,Q,U,0,0,0,0,0,0,0,0,0
four_domain_state_coverage_v1,t5gemma,space,42,N_h1,matrix_h1_t0,normalized_fulltext,P,Q,256,0,0,0,111,0,0,0,145
four_domain_state_coverage_v1,t5gemma,space,42,N_h1,matrix_h1_t0,normalized_fulltext,P,U,256,0,0,0,68,0,0,0,188
four_domain_state_coverage_v1,t5gemma,space,42,N_h1,matrix_h1_t0,normalized_fulltext,Q,U,256,0,0,0,61,0,0,0,195
four_domain_state_coverage_v1,t5gemma,space,42,N_h1,matrix_h1_t0,literal_fulltext,P,Q,256,0,0,0,111,0,0,0,145
four_domain_state_coverage_v1,t5gemma,space,42,N_h1,matrix_h1_t0,literal_fulltext,P,U,256,0,0,0,68,0,0,0,188
four_domain_state_coverage_v1,t5gemma,space,42,N_h1,matrix_h1_t0,literal_fulltext,Q,U,256,0,0,0,61,0,0,0,195
four_domain_state_coverage_v1,t5gemma,space,42,N_h1,matrix_h1_t2,normalized_fulltext,P,Q,0,0,0,0,0,0,0,0,0
four_domain_state_coverage_v1,t5gemma,space,42,N_h1,matrix_h1_t2,normalized_fulltext,P,U,0,0,0,0,0,0,0,0,0
four_domain_state_coverage_v1,t5gemma,space,42,N_h1,matrix_h1_t2,normalized_fulltext,Q,U,0,0,0,0,0,0,0,0,0
four_domain_state_coverage_v1,t5gemma,space,42,N_h1,matrix_h1_t2,literal_fulltext,P,Q,0,0,0,0,0,0,0,0,0
four_domain_state_coverage_v1,t5gemma,space,42,N_h1,matrix_h1_t2,literal_fulltext,P,U,0,0,0,0,0,0,0,0,0
four_domain_state_coverage_v1,t5gemma,space,42,N_h1,matrix_h1_t2,literal_fulltext,Q,U,0,0,0,0,0,0,0,0,0
four_domain_state_coverage_v1,t5gemma,space,42,P,matrix_h0_t0,normalized_fulltext,P,Q,256,0,0,0,8,0,0,0,248
four_domain_state_coverage_v1,t5gemma,space,42,P,matrix_h0_t0,normalized_fulltext,P,U,256,0,0,0,1,0,0,0,255
four_domain_state_coverage_v1,t5gemma,space,42,P,matrix_h0_t0,normalized_fulltext,Q,U,256,0,0,0,1,0,0,0,255
four_domain_state_coverage_v1,t5gemma,space,42,P,matrix_h0_t0,literal_fulltext,P,Q,256,0,0,0,8,0,0,0,248
four_domain_state_coverage_v1,t5gemma,space,42,P,matrix_h0_t0,literal_fulltext,P,U,256,0,0,0,1,0,0,0,255
four_domain_state_coverage_v1,t5gemma,space,42,P,matrix_h0_t0,literal_fulltext,Q,U,256,0,0,0,1,0,0,0,255
four_domain_state_coverage_v1,t5gemma,space,42,P,matrix_h0_t2,normalized_fulltext,P,Q,0,0,0,0,0,0,0,0,0
four_domain_state_coverage_v1,t5gemma,space,42,P,matrix_h0_t2,normalized_fulltext,P,U,0,0,0,0,0,0,0,0,0
four_domain_state_coverage_v1,t5gemma,space,42,P,matrix_h0_t2,normalized_fulltext,Q,U,0,0,0,0,0,0,0,0,0
four_domain_state_coverage_v1,t5gemma,space,42,P,matrix_h0_t2,literal_fulltext,P,Q,0,0,0,0,0,0,0,0,0
four_domain_state_coverage_v1,t5gemma,space,42,P,matrix_h0_t2,literal_fulltext,P,U,0,0,0,0,0,0,0,0,0
four_domain_state_coverage_v1,t5gemma,space,42,P,matrix_h0_t2,literal_fulltext,Q,U,0,0,0,0,0,0,0,0,0
four_domain_state_coverage_v1,t5gemma,space,42,P,matrix_h1_t0,normalized_fulltext,P,Q,256,0,0,0,8,0,0,0,248
four_domain_state_coverage_v1,t5gemma,space,42,P,matrix_h1_t0,normalized_fulltext,P,U,256,0,0,0,1,0,0,0,255
four_domain_state_coverage_v1,t5gemma,space,42,P,matrix_h1_t0,normalized_fulltext,Q,U,256,0,0,0,1,0,0,0,255
four_domain_state_coverage_v1,t5gemma,space,42,P,matrix_h1_t0,literal_fulltext,P,Q,256,0,0,0,8,0,0,0,248
four_domain_state_coverage_v1,t5gemma,space,42,P,matrix_h1_t0,literal_fulltext,P,U,256,0,0,0,1,0,0,0,255
four_domain_state_coverage_v1,t5gemma,space,42,P,matrix_h1_t0,literal_fulltext,Q,U,256,0,0,0,1,0,0,0,255
four_domain_state_coverage_v1,t5gemma,space,42,P,matrix_h1_t2,normalized_fulltext,P,Q,0,0,0,0,0,0,0,0,0
four_domain_state_coverage_v1,t5gemma,space,42,P,matrix_h1_t2,normalized_fulltext,P,U,0,0,0,0,0,0,0,0,0
four_domain_state_coverage_v1,t5gemma,space,42,P,matrix_h1_t2,normalized_fulltext,Q,U,0,0,0,0,0,0,0,0,0
four_domain_state_coverage_v1,t5gemma,space,42,P,matrix_h1_t2,literal_fulltext,P,Q,0,0,0,0,0,0,0,0,0
four_domain_state_coverage_v1,t5gemma,space,42,P,matrix_h1_t2,literal_fulltext,P,U,0,0,0,0,0,0,0,0,0
four_domain_state_coverage_v1,t5gemma,space,42,P,matrix_h1_t2,literal_fulltext,Q,U,0,0,0,0,0,0,0,0,0
four_domain_state_coverage_v1,t5gemma,space,42,S_h0,matrix_h0_t0,normalized_fulltext,P,Q,256,0,0,0,256,0,0,0,0
four_domain_state_coverage_v1,t5gemma,space,42,S_h0,matrix_h0_t0,normalized_fulltext,P,U,256,14,0,14,248,6,0,6,8
four_domain_state_coverage_v1,t5gemma,space,42,S_h0,matrix_h0_t0,normalized_fulltext,Q,U,256,14,0,14,248,6,0,6,8
four_domain_state_coverage_v1,t5gemma,space,42,S_h0,matrix_h0_t0,literal_fulltext,P,Q,256,0,0,0,256,0,0,0,0
four_domain_state_coverage_v1,t5gemma,space,42,S_h0,matrix_h0_t0,literal_fulltext,P,U,256,14,0,14,248,6,0,6,8
four_domain_state_coverage_v1,t5gemma,space,42,S_h0,matrix_h0_t0,literal_fulltext,Q,U,256,14,0,14,248,6,0,6,8
four_domain_state_coverage_v1,t5gemma,space,42,S_h0,matrix_h0_t2,normalized_fulltext,P,Q,0,0,0,0,0,0,0,0,0
four_domain_state_coverage_v1,t5gemma,space,42,S_h0,matrix_h0_t2,normalized_fulltext,P,U,0,0,0,0,0,0,0,0,0
four_domain_state_coverage_v1,t5gemma,space,42,S_h0,matrix_h0_t2,normalized_fulltext,Q,U,0,0,0,0,0,0,0,0,0
four_domain_state_coverage_v1,t5gemma,space,42,S_h0,matrix_h0_t2,literal_fulltext,P,Q,0,0,0,0,0,0,0,0,0
four_domain_state_coverage_v1,t5gemma,space,42,S_h0,matrix_h0_t2,literal_fulltext,P,U,0,0,0,0,0,0,0,0,0
four_domain_state_coverage_v1,t5gemma,space,42,S_h0,matrix_h0_t2,literal_fulltext,Q,U,0,0,0,0,0,0,0,0,0
four_domain_state_coverage_v1,t5gemma,space,42,S_h1,matrix_h1_t0,normalized_fulltext,P,Q,256,0,0,0,256,0,0,0,0
four_domain_state_coverage_v1,t5gemma,space,42,S_h1,matrix_h1_t0,normalized_fulltext,P,U,256,31,0,31,256,31,0,31,0
four_domain_state_coverage_v1,t5gemma,space,42,S_h1,matrix_h1_t0,normalized_fulltext,Q,U,256,31,0,31,256,31,0,31,0
four_domain_state_coverage_v1,t5gemma,space,42,S_h1,matrix_h1_t0,literal_fulltext,P,Q,256,0,0,0,256,0,0,0,0
four_domain_state_coverage_v1,t5gemma,space,42,S_h1,matrix_h1_t0,literal_fulltext,P,U,256,31,0,31,256,31,0,31,0
four_domain_state_coverage_v1,t5gemma,space,42,S_h1,matrix_h1_t0,literal_fulltext,Q,U,256,31,0,31,256,31,0,31,0
four_domain_state_coverage_v1,t5gemma,space,42,S_h1,matrix_h1_t2,normalized_fulltext,P,Q,0,0,0,0,0,0,0,0,0
four_domain_state_coverage_v1,t5gemma,space,42,S_h1,matrix_h1_t2,normalized_fulltext,P,U,0,0,0,0,0,0,0,0,0
four_domain_state_coverage_v1,t5gemma,space,42,S_h1,matrix_h1_t2,normalized_fulltext,Q,U,0,0,0,0,0,0,0,0,0
four_domain_state_coverage_v1,t5gemma,space,42,S_h1,matrix_h1_t2,literal_fulltext,P,Q,0,0,0,0,0,0,0,0,0
four_domain_state_coverage_v1,t5gemma,space,42,S_h1,matrix_h1_t2,literal_fulltext,P,U,0,0,0,0,0,0,0,0,0
four_domain_state_coverage_v1,t5gemma,space,42,S_h1,matrix_h1_t2,literal_fulltext,Q,U,0,0,0,0,0,0,0,0,0
four_domain_state_coverage_v1,t5gemma,space,43,M_h0,matrix_h0_t0,normalized_fulltext,P,Q,256,0,0,0,256,0,0,0,0
four_domain_state_coverage_v1,t5gemma,space,43,M_h0,matrix_h0_t0,normalized_fulltext,P,U,256,65,0,65,243,52,0,52,13
four_domain_state_coverage_v1,t5gemma,space,43,M_h0,matrix_h0_t0,normalized_fulltext,Q,U,256,65,0,65,243,52,0,52,13
four_domain_state_coverage_v1,t5gemma,space,43,M_h0,matrix_h0_t0,literal_fulltext,P,Q,256,0,0,0,256,0,0,0,0
four_domain_state_coverage_v1,t5gemma,space,43,M_h0,matrix_h0_t0,literal_fulltext,P,U,256,65,0,65,243,52,0,52,13
four_domain_state_coverage_v1,t5gemma,space,43,M_h0,matrix_h0_t0,literal_fulltext,Q,U,256,65,0,65,243,52,0,52,13
four_domain_state_coverage_v1,t5gemma,space,43,M_h0,matrix_h0_t2,normalized_fulltext,P,Q,0,0,0,0,0,0,0,0,0
four_domain_state_coverage_v1,t5gemma,space,43,M_h0,matrix_h0_t2,normalized_fulltext,P,U,0,0,0,0,0,0,0,0,0
four_domain_state_coverage_v1,t5gemma,space,43,M_h0,matrix_h0_t2,normalized_fulltext,Q,U,0,0,0,0,0,0,0,0,0
four_domain_state_coverage_v1,t5gemma,space,43,M_h0,matrix_h0_t2,literal_fulltext,P,Q,0,0,0,0,0,0,0,0,0
four_domain_state_coverage_v1,t5gemma,space,43,M_h0,matrix_h0_t2,literal_fulltext,P,U,0,0,0,0,0,0,0,0,0
four_domain_state_coverage_v1,t5gemma,space,43,M_h0,matrix_h0_t2,literal_fulltext,Q,U,0,0,0,0,0,0,0,0,0
four_domain_state_coverage_v1,t5gemma,space,43,M_h1,matrix_h1_t0,normalized_fulltext,P,Q,256,0,0,0,256,0,0,0,0
four_domain_state_coverage_v1,t5gemma,space,43,M_h1,matrix_h1_t0,normalized_fulltext,P,U,256,58,0,58,251,53,0,53,5
four_domain_state_coverage_v1,t5gemma,space,43,M_h1,matrix_h1_t0,normalized_fulltext,Q,U,256,58,0,58,251,53,0,53,5
four_domain_state_coverage_v1,t5gemma,space,43,M_h1,matrix_h1_t0,literal_fulltext,P,Q,256,0,0,0,256,0,0,0,0
four_domain_state_coverage_v1,t5gemma,space,43,M_h1,matrix_h1_t0,literal_fulltext,P,U,256,58,0,58,251,53,0,53,5
four_domain_state_coverage_v1,t5gemma,space,43,M_h1,matrix_h1_t0,literal_fulltext,Q,U,256,58,0,58,251,53,0,53,5
four_domain_state_coverage_v1,t5gemma,space,43,M_h1,matrix_h1_t2,normalized_fulltext,P,Q,0,0,0,0,0,0,0,0,0
four_domain_state_coverage_v1,t5gemma,space,43,M_h1,matrix_h1_t2,normalized_fulltext,P,U,0,0,0,0,0,0,0,0,0
four_domain_state_coverage_v1,t5gemma,space,43,M_h1,matrix_h1_t2,normalized_fulltext,Q,U,0,0,0,0,0,0,0,0,0
four_domain_state_coverage_v1,t5gemma,space,43,M_h1,matrix_h1_t2,literal_fulltext,P,Q,0,0,0,0,0,0,0,0,0
four_domain_state_coverage_v1,t5gemma,space,43,M_h1,matrix_h1_t2,literal_fulltext,P,U,0,0,0,0,0,0,0,0,0
four_domain_state_coverage_v1,t5gemma,space,43,M_h1,matrix_h1_t2,literal_fulltext,Q,U,0,0,0,0,0,0,0,0,0
four_domain_state_coverage_v1,t5gemma,space,43,N_h0,matrix_h0_t0,normalized_fulltext,P,Q,256,0,0,0,24,0,0,0,232
four_domain_state_coverage_v1,t5gemma,space,43,N_h0,matrix_h0_t0,normalized_fulltext,P,U,256,0,0,0,20,0,0,0,236
four_domain_state_coverage_v1,t5gemma,space,43,N_h0,matrix_h0_t0,normalized_fulltext,Q,U,256,0,0,0,21,0,0,0,235
four_domain_state_coverage_v1,t5gemma,space,43,N_h0,matrix_h0_t0,literal_fulltext,P,Q,256,0,0,0,24,0,0,0,232
four_domain_state_coverage_v1,t5gemma,space,43,N_h0,matrix_h0_t0,literal_fulltext,P,U,256,0,0,0,20,0,0,0,236
four_domain_state_coverage_v1,t5gemma,space,43,N_h0,matrix_h0_t0,literal_fulltext,Q,U,256,0,0,0,21,0,0,0,235
four_domain_state_coverage_v1,t5gemma,space,43,N_h0,matrix_h0_t2,normalized_fulltext,P,Q,0,0,0,0,0,0,0,0,0
four_domain_state_coverage_v1,t5gemma,space,43,N_h0,matrix_h0_t2,normalized_fulltext,P,U,0,0,0,0,0,0,0,0,0
four_domain_state_coverage_v1,t5gemma,space,43,N_h0,matrix_h0_t2,normalized_fulltext,Q,U,0,0,0,0,0,0,0,0,0
four_domain_state_coverage_v1,t5gemma,space,43,N_h0,matrix_h0_t2,literal_fulltext,P,Q,0,0,0,0,0,0,0,0,0
four_domain_state_coverage_v1,t5gemma,space,43,N_h0,matrix_h0_t2,literal_fulltext,P,U,0,0,0,0,0,0,0,0,0
four_domain_state_coverage_v1,t5gemma,space,43,N_h0,matrix_h0_t2,literal_fulltext,Q,U,0,0,0,0,0,0,0,0,0
four_domain_state_coverage_v1,t5gemma,space,43,N_h1,matrix_h1_t0,normalized_fulltext,P,Q,256,0,0,0,6,0,0,0,250
four_domain_state_coverage_v1,t5gemma,space,43,N_h1,matrix_h1_t0,normalized_fulltext,P,U,256,0,0,0,0,0,0,0,256
four_domain_state_coverage_v1,t5gemma,space,43,N_h1,matrix_h1_t0,normalized_fulltext,Q,U,256,0,0,0,0,0,0,0,256
four_domain_state_coverage_v1,t5gemma,space,43,N_h1,matrix_h1_t0,literal_fulltext,P,Q,256,0,0,0,6,0,0,0,250
four_domain_state_coverage_v1,t5gemma,space,43,N_h1,matrix_h1_t0,literal_fulltext,P,U,256,0,0,0,0,0,0,0,256
four_domain_state_coverage_v1,t5gemma,space,43,N_h1,matrix_h1_t0,literal_fulltext,Q,U,256,0,0,0,0,0,0,0,256
four_domain_state_coverage_v1,t5gemma,space,43,N_h1,matrix_h1_t2,normalized_fulltext,P,Q,0,0,0,0,0,0,0,0,0
four_domain_state_coverage_v1,t5gemma,space,43,N_h1,matrix_h1_t2,normalized_fulltext,P,U,0,0,0,0,0,0,0,0,0
four_domain_state_coverage_v1,t5gemma,space,43,N_h1,matrix_h1_t2,normalized_fulltext,Q,U,0,0,0,0,0,0,0,0,0
four_domain_state_coverage_v1,t5gemma,space,43,N_h1,matrix_h1_t2,literal_fulltext,P,Q,0,0,0,0,0,0,0,0,0
four_domain_state_coverage_v1,t5gemma,space,43,N_h1,matrix_h1_t2,literal_fulltext,P,U,0,0,0,0,0,0,0,0,0
four_domain_state_coverage_v1,t5gemma,space,43,N_h1,matrix_h1_t2,literal_fulltext,Q,U,0,0,0,0,0,0,0,0,0
four_domain_state_coverage_v1,t5gemma,space,43,P,matrix_h0_t0,normalized_fulltext,P,Q,256,0,0,0,0,0,0,0,256
four_domain_state_coverage_v1,t5gemma,space,43,P,matrix_h0_t0,normalized_fulltext,P,U,256,0,0,0,0,0,0,0,256
four_domain_state_coverage_v1,t5gemma,space,43,P,matrix_h0_t0,normalized_fulltext,Q,U,256,0,0,0,0,0,0,0,256
four_domain_state_coverage_v1,t5gemma,space,43,P,matrix_h0_t0,literal_fulltext,P,Q,256,0,0,0,0,0,0,0,256
four_domain_state_coverage_v1,t5gemma,space,43,P,matrix_h0_t0,literal_fulltext,P,U,256,0,0,0,0,0,0,0,256
four_domain_state_coverage_v1,t5gemma,space,43,P,matrix_h0_t0,literal_fulltext,Q,U,256,0,0,0,0,0,0,0,256
four_domain_state_coverage_v1,t5gemma,space,43,P,matrix_h0_t2,normalized_fulltext,P,Q,0,0,0,0,0,0,0,0,0
four_domain_state_coverage_v1,t5gemma,space,43,P,matrix_h0_t2,normalized_fulltext,P,U,0,0,0,0,0,0,0,0,0
four_domain_state_coverage_v1,t5gemma,space,43,P,matrix_h0_t2,normalized_fulltext,Q,U,0,0,0,0,0,0,0,0,0
four_domain_state_coverage_v1,t5gemma,space,43,P,matrix_h0_t2,literal_fulltext,P,Q,0,0,0,0,0,0,0,0,0
four_domain_state_coverage_v1,t5gemma,space,43,P,matrix_h0_t2,literal_fulltext,P,U,0,0,0,0,0,0,0,0,0
four_domain_state_coverage_v1,t5gemma,space,43,P,matrix_h0_t2,literal_fulltext,Q,U,0,0,0,0,0,0,0,0,0
four_domain_state_coverage_v1,t5gemma,space,43,P,matrix_h1_t0,normalized_fulltext,P,Q,256,0,0,0,0,0,0,0,256
four_domain_state_coverage_v1,t5gemma,space,43,P,matrix_h1_t0,normalized_fulltext,P,U,256,0,0,0,0,0,0,0,256
four_domain_state_coverage_v1,t5gemma,space,43,P,matrix_h1_t0,normalized_fulltext,Q,U,256,0,0,0,0,0,0,0,256
four_domain_state_coverage_v1,t5gemma,space,43,P,matrix_h1_t0,literal_fulltext,P,Q,256,0,0,0,0,0,0,0,256
four_domain_state_coverage_v1,t5gemma,space,43,P,matrix_h1_t0,literal_fulltext,P,U,256,0,0,0,0,0,0,0,256
four_domain_state_coverage_v1,t5gemma,space,43,P,matrix_h1_t0,literal_fulltext,Q,U,256,0,0,0,0,0,0,0,256
four_domain_state_coverage_v1,t5gemma,space,43,P,matrix_h1_t2,normalized_fulltext,P,Q,0,0,0,0,0,0,0,0,0
four_domain_state_coverage_v1,t5gemma,space,43,P,matrix_h1_t2,normalized_fulltext,P,U,0,0,0,0,0,0,0,0,0
four_domain_state_coverage_v1,t5gemma,space,43,P,matrix_h1_t2,normalized_fulltext,Q,U,0,0,0,0,0,0,0,0,0
four_domain_state_coverage_v1,t5gemma,space,43,P,matrix_h1_t2,literal_fulltext,P,Q,0,0,0,0,0,0,0,0,0
four_domain_state_coverage_v1,t5gemma,space,43,P,matrix_h1_t2,literal_fulltext,P,U,0,0,0,0,0,0,0,0,0
four_domain_state_coverage_v1,t5gemma,space,43,P,matrix_h1_t2,literal_fulltext,Q,U,0,0,0,0,0,0,0,0,0
four_domain_state_coverage_v1,t5gemma,space,43,S_h0,matrix_h0_t0,normalized_fulltext,P,Q,256,0,0,0,256,0,0,0,0
four_domain_state_coverage_v1,t5gemma,space,43,S_h0,matrix_h0_t0,normalized_fulltext,P,U,256,104,0,104,251,99,0,99,5
four_domain_state_coverage_v1,t5gemma,space,43,S_h0,matrix_h0_t0,normalized_fulltext,Q,U,256,104,0,104,251,99,0,99,5
four_domain_state_coverage_v1,t5gemma,space,43,S_h0,matrix_h0_t0,literal_fulltext,P,Q,256,0,0,0,256,0,0,0,0
four_domain_state_coverage_v1,t5gemma,space,43,S_h0,matrix_h0_t0,literal_fulltext,P,U,256,104,0,104,251,99,0,99,5
four_domain_state_coverage_v1,t5gemma,space,43,S_h0,matrix_h0_t0,literal_fulltext,Q,U,256,104,0,104,251,99,0,99,5
four_domain_state_coverage_v1,t5gemma,space,43,S_h0,matrix_h0_t2,normalized_fulltext,P,Q,0,0,0,0,0,0,0,0,0
four_domain_state_coverage_v1,t5gemma,space,43,S_h0,matrix_h0_t2,normalized_fulltext,P,U,0,0,0,0,0,0,0,0,0
four_domain_state_coverage_v1,t5gemma,space,43,S_h0,matrix_h0_t2,normalized_fulltext,Q,U,0,0,0,0,0,0,0,0,0
four_domain_state_coverage_v1,t5gemma,space,43,S_h0,matrix_h0_t2,literal_fulltext,P,Q,0,0,0,0,0,0,0,0,0
four_domain_state_coverage_v1,t5gemma,space,43,S_h0,matrix_h0_t2,literal_fulltext,P,U,0,0,0,0,0,0,0,0,0
four_domain_state_coverage_v1,t5gemma,space,43,S_h0,matrix_h0_t2,literal_fulltext,Q,U,0,0,0,0,0,0,0,0,0
four_domain_state_coverage_v1,t5gemma,space,43,S_h1,matrix_h1_t0,normalized_fulltext,P,Q,256,0,0,0,256,0,0,0,0
four_domain_state_coverage_v1,t5gemma,space,43,S_h1,matrix_h1_t0,normalized_fulltext,P,U,256,66,0,66,254,64,0,64,2
four_domain_state_coverage_v1,t5gemma,space,43,S_h1,matrix_h1_t0,normalized_fulltext,Q,U,256,66,0,66,254,64,0,64,2
four_domain_state_coverage_v1,t5gemma,space,43,S_h1,matrix_h1_t0,literal_fulltext,P,Q,256,0,0,0,256,0,0,0,0
four_domain_state_coverage_v1,t5gemma,space,43,S_h1,matrix_h1_t0,literal_fulltext,P,U,256,66,0,66,254,64,0,64,2
four_domain_state_coverage_v1,t5gemma,space,43,S_h1,matrix_h1_t0,literal_fulltext,Q,U,256,66,0,66,254,64,0,64,2
four_domain_state_coverage_v1,t5gemma,space,43,S_h1,matrix_h1_t2,normalized_fulltext,P,Q,0,0,0,0,0,0,0,0,0
four_domain_state_coverage_v1,t5gemma,space,43,S_h1,matrix_h1_t2,normalized_fulltext,P,U,0,0,0,0,0,0,0,0,0
four_domain_state_coverage_v1,t5gemma,space,43,S_h1,matrix_h1_t2,normalized_fulltext,Q,U,0,0,0,0,0,0,0,0,0
four_domain_state_coverage_v1,t5gemma,space,43,S_h1,matrix_h1_t2,literal_fulltext,P,Q,0,0,0,0,0,0,0,0,0
four_domain_state_coverage_v1,t5gemma,space,43,S_h1,matrix_h1_t2,literal_fulltext,P,U,0,0,0,0,0,0,0,0,0
four_domain_state_coverage_v1,t5gemma,space,43,S_h1,matrix_h1_t2,literal_fulltext,Q,U,0,0,0,0,0,0,0,0,0
four_domain_state_coverage_v1,t5gemma,space,44,M_h0,matrix_h0_t0,normalized_fulltext,P,Q,256,0,0,0,256,0,0,0,0
four_domain_state_coverage_v1,t5gemma,space,44,M_h0,matrix_h0_t0,normalized_fulltext,P,U,256,13,0,13,256,13,0,13,0
four_domain_state_coverage_v1,t5gemma,space,44,M_h0,matrix_h0_t0,normalized_fulltext,Q,U,256,13,0,13,256,13,0,13,0
four_domain_state_coverage_v1,t5gemma,space,44,M_h0,matrix_h0_t0,literal_fulltext,P,Q,256,0,0,0,256,0,0,0,0
four_domain_state_coverage_v1,t5gemma,space,44,M_h0,matrix_h0_t0,literal_fulltext,P,U,256,13,0,13,256,13,0,13,0
four_domain_state_coverage_v1,t5gemma,space,44,M_h0,matrix_h0_t0,literal_fulltext,Q,U,256,13,0,13,256,13,0,13,0
four_domain_state_coverage_v1,t5gemma,space,44,M_h0,matrix_h0_t2,normalized_fulltext,P,Q,0,0,0,0,0,0,0,0,0
four_domain_state_coverage_v1,t5gemma,space,44,M_h0,matrix_h0_t2,normalized_fulltext,P,U,0,0,0,0,0,0,0,0,0
four_domain_state_coverage_v1,t5gemma,space,44,M_h0,matrix_h0_t2,normalized_fulltext,Q,U,0,0,0,0,0,0,0,0,0
four_domain_state_coverage_v1,t5gemma,space,44,M_h0,matrix_h0_t2,literal_fulltext,P,Q,0,0,0,0,0,0,0,0,0
four_domain_state_coverage_v1,t5gemma,space,44,M_h0,matrix_h0_t2,literal_fulltext,P,U,0,0,0,0,0,0,0,0,0
four_domain_state_coverage_v1,t5gemma,space,44,M_h0,matrix_h0_t2,literal_fulltext,Q,U,0,0,0,0,0,0,0,0,0
four_domain_state_coverage_v1,t5gemma,space,44,M_h1,matrix_h1_t0,normalized_fulltext,P,Q,256,0,0,0,256,0,0,0,0
four_domain_state_coverage_v1,t5gemma,space,44,M_h1,matrix_h1_t0,normalized_fulltext,P,U,256,9,0,9,256,9,0,9,0
four_domain_state_coverage_v1,t5gemma,space,44,M_h1,matrix_h1_t0,normalized_fulltext,Q,U,256,9,0,9,256,9,0,9,0
four_domain_state_coverage_v1,t5gemma,space,44,M_h1,matrix_h1_t0,literal_fulltext,P,Q,256,0,0,0,256,0,0,0,0
four_domain_state_coverage_v1,t5gemma,space,44,M_h1,matrix_h1_t0,literal_fulltext,P,U,256,9,0,9,256,9,0,9,0
four_domain_state_coverage_v1,t5gemma,space,44,M_h1,matrix_h1_t0,literal_fulltext,Q,U,256,9,0,9,256,9,0,9,0
four_domain_state_coverage_v1,t5gemma,space,44,M_h1,matrix_h1_t2,normalized_fulltext,P,Q,0,0,0,0,0,0,0,0,0
four_domain_state_coverage_v1,t5gemma,space,44,M_h1,matrix_h1_t2,normalized_fulltext,P,U,0,0,0,0,0,0,0,0,0
four_domain_state_coverage_v1,t5gemma,space,44,M_h1,matrix_h1_t2,normalized_fulltext,Q,U,0,0,0,0,0,0,0,0,0
four_domain_state_coverage_v1,t5gemma,space,44,M_h1,matrix_h1_t2,literal_fulltext,P,Q,0,0,0,0,0,0,0,0,0
four_domain_state_coverage_v1,t5gemma,space,44,M_h1,matrix_h1_t2,literal_fulltext,P,U,0,0,0,0,0,0,0,0,0
four_domain_state_coverage_v1,t5gemma,space,44,M_h1,matrix_h1_t2,literal_fulltext,Q,U,0,0,0,0,0,0,0,0,0
four_domain_state_coverage_v1,t5gemma,space,44,N_h0,matrix_h0_t0,normalized_fulltext,P,Q,256,0,0,0,11,0,0,0,245
four_domain_state_coverage_v1,t5gemma,space,44,N_h0,matrix_h0_t0,normalized_fulltext,P,U,256,0,0,0,4,0,0,0,252
four_domain_state_coverage_v1,t5gemma,space,44,N_h0,matrix_h0_t0,normalized_fulltext,Q,U,256,0,0,0,2,0,0,0,254
four_domain_state_coverage_v1,t5gemma,space,44,N_h0,matrix_h0_t0,literal_fulltext,P,Q,256,0,0,0,11,0,0,0,245
four_domain_state_coverage_v1,t5gemma,space,44,N_h0,matrix_h0_t0,literal_fulltext,P,U,256,0,0,0,4,0,0,0,252
four_domain_state_coverage_v1,t5gemma,space,44,N_h0,matrix_h0_t0,literal_fulltext,Q,U,256,0,0,0,2,0,0,0,254
four_domain_state_coverage_v1,t5gemma,space,44,N_h0,matrix_h0_t2,normalized_fulltext,P,Q,0,0,0,0,0,0,0,0,0
four_domain_state_coverage_v1,t5gemma,space,44,N_h0,matrix_h0_t2,normalized_fulltext,P,U,0,0,0,0,0,0,0,0,0
four_domain_state_coverage_v1,t5gemma,space,44,N_h0,matrix_h0_t2,normalized_fulltext,Q,U,0,0,0,0,0,0,0,0,0
four_domain_state_coverage_v1,t5gemma,space,44,N_h0,matrix_h0_t2,literal_fulltext,P,Q,0,0,0,0,0,0,0,0,0
four_domain_state_coverage_v1,t5gemma,space,44,N_h0,matrix_h0_t2,literal_fulltext,P,U,0,0,0,0,0,0,0,0,0
four_domain_state_coverage_v1,t5gemma,space,44,N_h0,matrix_h0_t2,literal_fulltext,Q,U,0,0,0,0,0,0,0,0,0
four_domain_state_coverage_v1,t5gemma,space,44,N_h1,matrix_h1_t0,normalized_fulltext,P,Q,256,0,0,0,27,0,0,0,229
four_domain_state_coverage_v1,t5gemma,space,44,N_h1,matrix_h1_t0,normalized_fulltext,P,U,256,0,0,0,2,0,0,0,254
four_domain_state_coverage_v1,t5gemma,space,44,N_h1,matrix_h1_t0,normalized_fulltext,Q,U,256,0,0,0,2,0,0,0,254
four_domain_state_coverage_v1,t5gemma,space,44,N_h1,matrix_h1_t0,literal_fulltext,P,Q,256,0,0,0,27,0,0,0,229
four_domain_state_coverage_v1,t5gemma,space,44,N_h1,matrix_h1_t0,literal_fulltext,P,U,256,0,0,0,2,0,0,0,254
four_domain_state_coverage_v1,t5gemma,space,44,N_h1,matrix_h1_t0,literal_fulltext,Q,U,256,0,0,0,2,0,0,0,254
four_domain_state_coverage_v1,t5gemma,space,44,N_h1,matrix_h1_t2,normalized_fulltext,P,Q,0,0,0,0,0,0,0,0,0
four_domain_state_coverage_v1,t5gemma,space,44,N_h1,matrix_h1_t2,normalized_fulltext,P,U,0,0,0,0,0,0,0,0,0
four_domain_state_coverage_v1,t5gemma,space,44,N_h1,matrix_h1_t2,normalized_fulltext,Q,U,0,0,0,0,0,0,0,0,0
four_domain_state_coverage_v1,t5gemma,space,44,N_h1,matrix_h1_t2,literal_fulltext,P,Q,0,0,0,0,0,0,0,0,0
four_domain_state_coverage_v1,t5gemma,space,44,N_h1,matrix_h1_t2,literal_fulltext,P,U,0,0,0,0,0,0,0,0,0
four_domain_state_coverage_v1,t5gemma,space,44,N_h1,matrix_h1_t2,literal_fulltext,Q,U,0,0,0,0,0,0,0,0,0
four_domain_state_coverage_v1,t5gemma,space,44,P,matrix_h0_t0,normalized_fulltext,P,Q,256,0,0,0,0,0,0,0,256
four_domain_state_coverage_v1,t5gemma,space,44,P,matrix_h0_t0,normalized_fulltext,P,U,256,0,0,0,1,0,0,0,255
four_domain_state_coverage_v1,t5gemma,space,44,P,matrix_h0_t0,normalized_fulltext,Q,U,256,0,0,0,0,0,0,0,256
four_domain_state_coverage_v1,t5gemma,space,44,P,matrix_h0_t0,literal_fulltext,P,Q,256,0,0,0,0,0,0,0,256
four_domain_state_coverage_v1,t5gemma,space,44,P,matrix_h0_t0,literal_fulltext,P,U,256,0,0,0,1,0,0,0,255
four_domain_state_coverage_v1,t5gemma,space,44,P,matrix_h0_t0,literal_fulltext,Q,U,256,0,0,0,0,0,0,0,256
four_domain_state_coverage_v1,t5gemma,space,44,P,matrix_h0_t2,normalized_fulltext,P,Q,0,0,0,0,0,0,0,0,0
four_domain_state_coverage_v1,t5gemma,space,44,P,matrix_h0_t2,normalized_fulltext,P,U,0,0,0,0,0,0,0,0,0
four_domain_state_coverage_v1,t5gemma,space,44,P,matrix_h0_t2,normalized_fulltext,Q,U,0,0,0,0,0,0,0,0,0
four_domain_state_coverage_v1,t5gemma,space,44,P,matrix_h0_t2,literal_fulltext,P,Q,0,0,0,0,0,0,0,0,0
four_domain_state_coverage_v1,t5gemma,space,44,P,matrix_h0_t2,literal_fulltext,P,U,0,0,0,0,0,0,0,0,0
four_domain_state_coverage_v1,t5gemma,space,44,P,matrix_h0_t2,literal_fulltext,Q,U,0,0,0,0,0,0,0,0,0
four_domain_state_coverage_v1,t5gemma,space,44,P,matrix_h1_t0,normalized_fulltext,P,Q,256,0,0,0,0,0,0,0,256
four_domain_state_coverage_v1,t5gemma,space,44,P,matrix_h1_t0,normalized_fulltext,P,U,256,0,0,0,1,0,0,0,255
four_domain_state_coverage_v1,t5gemma,space,44,P,matrix_h1_t0,normalized_fulltext,Q,U,256,0,0,0,0,0,0,0,256
four_domain_state_coverage_v1,t5gemma,space,44,P,matrix_h1_t0,literal_fulltext,P,Q,256,0,0,0,0,0,0,0,256
four_domain_state_coverage_v1,t5gemma,space,44,P,matrix_h1_t0,literal_fulltext,P,U,256,0,0,0,1,0,0,0,255
four_domain_state_coverage_v1,t5gemma,space,44,P,matrix_h1_t0,literal_fulltext,Q,U,256,0,0,0,0,0,0,0,256
four_domain_state_coverage_v1,t5gemma,space,44,P,matrix_h1_t2,normalized_fulltext,P,Q,0,0,0,0,0,0,0,0,0
four_domain_state_coverage_v1,t5gemma,space,44,P,matrix_h1_t2,normalized_fulltext,P,U,0,0,0,0,0,0,0,0,0
four_domain_state_coverage_v1,t5gemma,space,44,P,matrix_h1_t2,normalized_fulltext,Q,U,0,0,0,0,0,0,0,0,0
four_domain_state_coverage_v1,t5gemma,space,44,P,matrix_h1_t2,literal_fulltext,P,Q,0,0,0,0,0,0,0,0,0
four_domain_state_coverage_v1,t5gemma,space,44,P,matrix_h1_t2,literal_fulltext,P,U,0,0,0,0,0,0,0,0,0
four_domain_state_coverage_v1,t5gemma,space,44,P,matrix_h1_t2,literal_fulltext,Q,U,0,0,0,0,0,0,0,0,0
four_domain_state_coverage_v1,t5gemma,space,44,S_h0,matrix_h0_t0,normalized_fulltext,P,Q,256,0,0,0,256,0,0,0,0
four_domain_state_coverage_v1,t5gemma,space,44,S_h0,matrix_h0_t0,normalized_fulltext,P,U,256,5,0,5,256,5,0,5,0
four_domain_state_coverage_v1,t5gemma,space,44,S_h0,matrix_h0_t0,normalized_fulltext,Q,U,256,5,0,5,256,5,0,5,0
four_domain_state_coverage_v1,t5gemma,space,44,S_h0,matrix_h0_t0,literal_fulltext,P,Q,256,0,0,0,256,0,0,0,0
four_domain_state_coverage_v1,t5gemma,space,44,S_h0,matrix_h0_t0,literal_fulltext,P,U,256,5,0,5,256,5,0,5,0
four_domain_state_coverage_v1,t5gemma,space,44,S_h0,matrix_h0_t0,literal_fulltext,Q,U,256,5,0,5,256,5,0,5,0
four_domain_state_coverage_v1,t5gemma,space,44,S_h0,matrix_h0_t2,normalized_fulltext,P,Q,0,0,0,0,0,0,0,0,0
four_domain_state_coverage_v1,t5gemma,space,44,S_h0,matrix_h0_t2,normalized_fulltext,P,U,0,0,0,0,0,0,0,0,0
four_domain_state_coverage_v1,t5gemma,space,44,S_h0,matrix_h0_t2,normalized_fulltext,Q,U,0,0,0,0,0,0,0,0,0
four_domain_state_coverage_v1,t5gemma,space,44,S_h0,matrix_h0_t2,literal_fulltext,P,Q,0,0,0,0,0,0,0,0,0
four_domain_state_coverage_v1,t5gemma,space,44,S_h0,matrix_h0_t2,literal_fulltext,P,U,0,0,0,0,0,0,0,0,0
four_domain_state_coverage_v1,t5gemma,space,44,S_h0,matrix_h0_t2,literal_fulltext,Q,U,0,0,0,0,0,0,0,0,0
four_domain_state_coverage_v1,t5gemma,space,44,S_h1,matrix_h1_t0,normalized_fulltext,P,Q,256,0,0,0,256,0,0,0,0
four_domain_state_coverage_v1,t5gemma,space,44,S_h1,matrix_h1_t0,normalized_fulltext,P,U,256,17,0,17,256,17,0,17,0
four_domain_state_coverage_v1,t5gemma,space,44,S_h1,matrix_h1_t0,normalized_fulltext,Q,U,256,17,0,17,256,17,0,17,0
four_domain_state_coverage_v1,t5gemma,space,44,S_h1,matrix_h1_t0,literal_fulltext,P,Q,256,0,0,0,256,0,0,0,0
four_domain_state_coverage_v1,t5gemma,space,44,S_h1,matrix_h1_t0,literal_fulltext,P,U,256,17,0,17,256,17,0,17,0
four_domain_state_coverage_v1,t5gemma,space,44,S_h1,matrix_h1_t0,literal_fulltext,Q,U,256,17,0,17,256,17,0,17,0
four_domain_state_coverage_v1,t5gemma,space,44,S_h1,matrix_h1_t2,normalized_fulltext,P,Q,0,0,0,0,0,0,0,0,0
four_domain_state_coverage_v1,t5gemma,space,44,S_h1,matrix_h1_t2,normalized_fulltext,P,U,0,0,0,0,0,0,0,0,0
four_domain_state_coverage_v1,t5gemma,space,44,S_h1,matrix_h1_t2,normalized_fulltext,Q,U,0,0,0,0,0,0,0,0,0
four_domain_state_coverage_v1,t5gemma,space,44,S_h1,matrix_h1_t2,literal_fulltext,P,Q,0,0,0,0,0,0,0,0,0
four_domain_state_coverage_v1,t5gemma,space,44,S_h1,matrix_h1_t2,literal_fulltext,P,U,0,0,0,0,0,0,0,0,0
four_domain_state_coverage_v1,t5gemma,space,44,S_h1,matrix_h1_t2,literal_fulltext,Q,U,0,0,0,0,0,0,0,0,0
four_domain_state_coverage_v1,t5gemma,time,42,M_h0,matrix_h0_t0,normalized_fulltext,P,Q,384,0,1,1,384,0,1,1,0
four_domain_state_coverage_v1,t5gemma,time,42,M_h0,matrix_h0_t0,normalized_fulltext,P,U,384,37,14,51,384,37,14,51,0
four_domain_state_coverage_v1,t5gemma,time,42,M_h0,matrix_h0_t0,normalized_fulltext,Q,U,384,37,13,50,384,37,13,50,0
four_domain_state_coverage_v1,t5gemma,time,42,M_h0,matrix_h0_t0,literal_fulltext,P,Q,384,0,1,1,384,0,1,1,0
four_domain_state_coverage_v1,t5gemma,time,42,M_h0,matrix_h0_t0,literal_fulltext,P,U,384,37,14,51,384,37,14,51,0
four_domain_state_coverage_v1,t5gemma,time,42,M_h0,matrix_h0_t0,literal_fulltext,Q,U,384,37,13,50,384,37,13,50,0
four_domain_state_coverage_v1,t5gemma,time,42,M_h0,matrix_h0_t2,normalized_fulltext,P,Q,192,0,0,0,192,0,0,0,0
four_domain_state_coverage_v1,t5gemma,time,42,M_h0,matrix_h0_t2,normalized_fulltext,P,U,192,29,0,29,192,29,0,29,0
four_domain_state_coverage_v1,t5gemma,time,42,M_h0,matrix_h0_t2,normalized_fulltext,Q,U,192,29,0,29,192,29,0,29,0
four_domain_state_coverage_v1,t5gemma,time,42,M_h0,matrix_h0_t2,literal_fulltext,P,Q,192,0,0,0,192,0,0,0,0
four_domain_state_coverage_v1,t5gemma,time,42,M_h0,matrix_h0_t2,literal_fulltext,P,U,192,29,0,29,192,29,0,29,0
four_domain_state_coverage_v1,t5gemma,time,42,M_h0,matrix_h0_t2,literal_fulltext,Q,U,192,29,0,29,192,29,0,29,0
four_domain_state_coverage_v1,t5gemma,time,42,M_h1,matrix_h1_t0,normalized_fulltext,P,Q,384,0,0,0,384,0,0,0,0
four_domain_state_coverage_v1,t5gemma,time,42,M_h1,matrix_h1_t0,normalized_fulltext,P,U,384,20,0,20,384,20,0,20,0
four_domain_state_coverage_v1,t5gemma,time,42,M_h1,matrix_h1_t0,normalized_fulltext,Q,U,384,20,0,20,384,20,0,20,0
four_domain_state_coverage_v1,t5gemma,time,42,M_h1,matrix_h1_t0,literal_fulltext,P,Q,384,0,0,0,384,0,0,0,0
four_domain_state_coverage_v1,t5gemma,time,42,M_h1,matrix_h1_t0,literal_fulltext,P,U,384,20,0,20,384,20,0,20,0
four_domain_state_coverage_v1,t5gemma,time,42,M_h1,matrix_h1_t0,literal_fulltext,Q,U,384,20,0,20,384,20,0,20,0
four_domain_state_coverage_v1,t5gemma,time,42,M_h1,matrix_h1_t2,normalized_fulltext,P,Q,192,0,0,0,192,0,0,0,0
four_domain_state_coverage_v1,t5gemma,time,42,M_h1,matrix_h1_t2,normalized_fulltext,P,U,192,5,0,5,192,5,0,5,0
four_domain_state_coverage_v1,t5gemma,time,42,M_h1,matrix_h1_t2,normalized_fulltext,Q,U,192,5,0,5,192,5,0,5,0
four_domain_state_coverage_v1,t5gemma,time,42,M_h1,matrix_h1_t2,literal_fulltext,P,Q,192,0,0,0,192,0,0,0,0
four_domain_state_coverage_v1,t5gemma,time,42,M_h1,matrix_h1_t2,literal_fulltext,P,U,192,5,0,5,192,5,0,5,0
four_domain_state_coverage_v1,t5gemma,time,42,M_h1,matrix_h1_t2,literal_fulltext,Q,U,192,5,0,5,192,5,0,5,0
four_domain_state_coverage_v1,t5gemma,time,42,N_h0,matrix_h0_t0,normalized_fulltext,P,Q,384,0,1,1,359,0,1,1,25
four_domain_state_coverage_v1,t5gemma,time,42,N_h0,matrix_h0_t0,normalized_fulltext,P,U,384,0,24,24,356,0,24,24,28
four_domain_state_coverage_v1,t5gemma,time,42,N_h0,matrix_h0_t0,normalized_fulltext,Q,U,384,0,23,23,363,0,23,23,21
four_domain_state_coverage_v1,t5gemma,time,42,N_h0,matrix_h0_t0,literal_fulltext,P,Q,384,0,1,1,359,0,1,1,25
four_domain_state_coverage_v1,t5gemma,time,42,N_h0,matrix_h0_t0,literal_fulltext,P,U,384,0,24,24,356,0,24,24,28
four_domain_state_coverage_v1,t5gemma,time,42,N_h0,matrix_h0_t0,literal_fulltext,Q,U,384,0,23,23,363,0,23,23,21
four_domain_state_coverage_v1,t5gemma,time,42,N_h0,matrix_h0_t2,normalized_fulltext,P,Q,192,0,0,0,192,0,0,0,0
four_domain_state_coverage_v1,t5gemma,time,42,N_h0,matrix_h0_t2,normalized_fulltext,P,U,192,0,3,3,192,0,3,3,0
four_domain_state_coverage_v1,t5gemma,time,42,N_h0,matrix_h0_t2,normalized_fulltext,Q,U,192,0,3,3,192,0,3,3,0
four_domain_state_coverage_v1,t5gemma,time,42,N_h0,matrix_h0_t2,literal_fulltext,P,Q,192,0,0,0,192,0,0,0,0
four_domain_state_coverage_v1,t5gemma,time,42,N_h0,matrix_h0_t2,literal_fulltext,P,U,192,0,3,3,192,0,3,3,0
four_domain_state_coverage_v1,t5gemma,time,42,N_h0,matrix_h0_t2,literal_fulltext,Q,U,192,0,3,3,192,0,3,3,0
four_domain_state_coverage_v1,t5gemma,time,42,N_h1,matrix_h1_t0,normalized_fulltext,P,Q,384,0,0,0,296,0,0,0,88
four_domain_state_coverage_v1,t5gemma,time,42,N_h1,matrix_h1_t0,normalized_fulltext,P,U,384,0,2,2,271,0,2,2,113
four_domain_state_coverage_v1,t5gemma,time,42,N_h1,matrix_h1_t0,normalized_fulltext,Q,U,384,0,2,2,274,0,2,2,110
four_domain_state_coverage_v1,t5gemma,time,42,N_h1,matrix_h1_t0,literal_fulltext,P,Q,384,0,0,0,296,0,0,0,88
four_domain_state_coverage_v1,t5gemma,time,42,N_h1,matrix_h1_t0,literal_fulltext,P,U,384,0,2,2,271,0,2,2,113
four_domain_state_coverage_v1,t5gemma,time,42,N_h1,matrix_h1_t0,literal_fulltext,Q,U,384,0,2,2,274,0,2,2,110
four_domain_state_coverage_v1,t5gemma,time,42,N_h1,matrix_h1_t2,normalized_fulltext,P,Q,192,0,0,0,192,0,0,0,0
four_domain_state_coverage_v1,t5gemma,time,42,N_h1,matrix_h1_t2,normalized_fulltext,P,U,192,0,2,2,192,0,2,2,0
four_domain_state_coverage_v1,t5gemma,time,42,N_h1,matrix_h1_t2,normalized_fulltext,Q,U,192,0,2,2,192,0,2,2,0
four_domain_state_coverage_v1,t5gemma,time,42,N_h1,matrix_h1_t2,literal_fulltext,P,Q,192,0,0,0,192,0,0,0,0
four_domain_state_coverage_v1,t5gemma,time,42,N_h1,matrix_h1_t2,literal_fulltext,P,U,192,0,2,2,192,0,2,2,0
four_domain_state_coverage_v1,t5gemma,time,42,N_h1,matrix_h1_t2,literal_fulltext,Q,U,192,0,2,2,192,0,2,2,0
four_domain_state_coverage_v1,t5gemma,time,42,P,matrix_h0_t0,normalized_fulltext,P,Q,384,0,2,2,148,0,0,0,236
four_domain_state_coverage_v1,t5gemma,time,42,P,matrix_h0_t0,normalized_fulltext,P,U,384,0,33,33,139,0,16,16,245
four_domain_state_coverage_v1,t5gemma,time,42,P,matrix_h0_t0,normalized_fulltext,Q,U,384,0,31,31,169,0,16,16,215
four_domain_state_coverage_v1,t5gemma,time,42,P,matrix_h0_t0,literal_fulltext,P,Q,384,0,2,2,148,0,0,0,236
four_domain_state_coverage_v1,t5gemma,time,42,P,matrix_h0_t0,literal_fulltext,P,U,384,0,33,33,139,0,16,16,245
four_domain_state_coverage_v1,t5gemma,time,42,P,matrix_h0_t0,literal_fulltext,Q,U,384,0,31,31,169,0,16,16,215
four_domain_state_coverage_v1,t5gemma,time,42,P,matrix_h0_t2,normalized_fulltext,P,Q,192,0,0,0,176,0,0,0,16
four_domain_state_coverage_v1,t5gemma,time,42,P,matrix_h0_t2,normalized_fulltext,P,U,192,0,0,0,178,0,0,0,14
four_domain_state_coverage_v1,t5gemma,time,42,P,matrix_h0_t2,normalized_fulltext,Q,U,192,0,0,0,180,0,0,0,12
four_domain_state_coverage_v1,t5gemma,time,42,P,matrix_h0_t2,literal_fulltext,P,Q,192,0,0,0,176,0,0,0,16
four_domain_state_coverage_v1,t5gemma,time,42,P,matrix_h0_t2,literal_fulltext,P,U,192,0,0,0,178,0,0,0,14
four_domain_state_coverage_v1,t5gemma,time,42,P,matrix_h0_t2,literal_fulltext,Q,U,192,0,0,0,180,0,0,0,12
four_domain_state_coverage_v1,t5gemma,time,42,P,matrix_h1_t0,normalized_fulltext,P,Q,384,0,2,2,148,0,0,0,236
four_domain_state_coverage_v1,t5gemma,time,42,P,matrix_h1_t0,normalized_fulltext,P,U,384,0,33,33,139,0,16,16,245
four_domain_state_coverage_v1,t5gemma,time,42,P,matrix_h1_t0,normalized_fulltext,Q,U,384,0,31,31,169,0,16,16,215
four_domain_state_coverage_v1,t5gemma,time,42,P,matrix_h1_t0,literal_fulltext,P,Q,384,0,2,2,148,0,0,0,236
four_domain_state_coverage_v1,t5gemma,time,42,P,matrix_h1_t0,literal_fulltext,P,U,384,0,33,33,139,0,16,16,245
four_domain_state_coverage_v1,t5gemma,time,42,P,matrix_h1_t0,literal_fulltext,Q,U,384,0,31,31,169,0,16,16,215
four_domain_state_coverage_v1,t5gemma,time,42,P,matrix_h1_t2,normalized_fulltext,P,Q,192,0,0,0,176,0,0,0,16
four_domain_state_coverage_v1,t5gemma,time,42,P,matrix_h1_t2,normalized_fulltext,P,U,192,0,0,0,178,0,0,0,14
four_domain_state_coverage_v1,t5gemma,time,42,P,matrix_h1_t2,normalized_fulltext,Q,U,192,0,0,0,180,0,0,0,12
four_domain_state_coverage_v1,t5gemma,time,42,P,matrix_h1_t2,literal_fulltext,P,Q,192,0,0,0,176,0,0,0,16
four_domain_state_coverage_v1,t5gemma,time,42,P,matrix_h1_t2,literal_fulltext,P,U,192,0,0,0,178,0,0,0,14
four_domain_state_coverage_v1,t5gemma,time,42,P,matrix_h1_t2,literal_fulltext,Q,U,192,0,0,0,180,0,0,0,12
four_domain_state_coverage_v1,t5gemma,time,42,S_h0,matrix_h0_t0,normalized_fulltext,P,Q,384,0,0,0,384,0,0,0,0
four_domain_state_coverage_v1,t5gemma,time,42,S_h0,matrix_h0_t0,normalized_fulltext,P,U,384,2,10,12,310,2,10,12,74
four_domain_state_coverage_v1,t5gemma,time,42,S_h0,matrix_h0_t0,normalized_fulltext,Q,U,384,2,10,12,310,2,10,12,74
four_domain_state_coverage_v1,t5gemma,time,42,S_h0,matrix_h0_t0,literal_fulltext,P,Q,384,0,0,0,384,0,0,0,0
four_domain_state_coverage_v1,t5gemma,time,42,S_h0,matrix_h0_t0,literal_fulltext,P,U,384,2,10,12,310,2,10,12,74
four_domain_state_coverage_v1,t5gemma,time,42,S_h0,matrix_h0_t0,literal_fulltext,Q,U,384,2,10,12,310,2,10,12,74
four_domain_state_coverage_v1,t5gemma,time,42,S_h0,matrix_h0_t2,normalized_fulltext,P,Q,192,0,0,0,192,0,0,0,0
four_domain_state_coverage_v1,t5gemma,time,42,S_h0,matrix_h0_t2,normalized_fulltext,P,U,192,0,0,0,192,0,0,0,0
four_domain_state_coverage_v1,t5gemma,time,42,S_h0,matrix_h0_t2,normalized_fulltext,Q,U,192,0,0,0,192,0,0,0,0
four_domain_state_coverage_v1,t5gemma,time,42,S_h0,matrix_h0_t2,literal_fulltext,P,Q,192,0,0,0,192,0,0,0,0
four_domain_state_coverage_v1,t5gemma,time,42,S_h0,matrix_h0_t2,literal_fulltext,P,U,192,0,0,0,192,0,0,0,0
four_domain_state_coverage_v1,t5gemma,time,42,S_h0,matrix_h0_t2,literal_fulltext,Q,U,192,0,0,0,192,0,0,0,0
four_domain_state_coverage_v1,t5gemma,time,42,S_h1,matrix_h1_t0,normalized_fulltext,P,Q,384,0,0,0,384,0,0,0,0
four_domain_state_coverage_v1,t5gemma,time,42,S_h1,matrix_h1_t0,normalized_fulltext,P,U,384,7,17,24,351,7,17,24,33
four_domain_state_coverage_v1,t5gemma,time,42,S_h1,matrix_h1_t0,normalized_fulltext,Q,U,384,7,17,24,351,7,17,24,33
four_domain_state_coverage_v1,t5gemma,time,42,S_h1,matrix_h1_t0,literal_fulltext,P,Q,384,0,0,0,384,0,0,0,0
four_domain_state_coverage_v1,t5gemma,time,42,S_h1,matrix_h1_t0,literal_fulltext,P,U,384,7,17,24,351,7,17,24,33
four_domain_state_coverage_v1,t5gemma,time,42,S_h1,matrix_h1_t0,literal_fulltext,Q,U,384,7,17,24,351,7,17,24,33
four_domain_state_coverage_v1,t5gemma,time,42,S_h1,matrix_h1_t2,normalized_fulltext,P,Q,192,2,1,3,192,2,1,3,0
four_domain_state_coverage_v1,t5gemma,time,42,S_h1,matrix_h1_t2,normalized_fulltext,P,U,192,4,0,4,192,4,0,4,0
four_domain_state_coverage_v1,t5gemma,time,42,S_h1,matrix_h1_t2,normalized_fulltext,Q,U,192,3,0,3,192,3,0,3,0
four_domain_state_coverage_v1,t5gemma,time,42,S_h1,matrix_h1_t2,literal_fulltext,P,Q,192,2,1,3,192,2,1,3,0
four_domain_state_coverage_v1,t5gemma,time,42,S_h1,matrix_h1_t2,literal_fulltext,P,U,192,4,0,4,192,4,0,4,0
four_domain_state_coverage_v1,t5gemma,time,42,S_h1,matrix_h1_t2,literal_fulltext,Q,U,192,3,0,3,192,3,0,3,0
four_domain_state_coverage_v1,t5gemma,time,43,M_h0,matrix_h0_t0,normalized_fulltext,P,Q,384,0,0,0,384,0,0,0,0
four_domain_state_coverage_v1,t5gemma,time,43,M_h0,matrix_h0_t0,normalized_fulltext,P,U,384,36,0,36,384,36,0,36,0
four_domain_state_coverage_v1,t5gemma,time,43,M_h0,matrix_h0_t0,normalized_fulltext,Q,U,384,36,0,36,384,36,0,36,0
four_domain_state_coverage_v1,t5gemma,time,43,M_h0,matrix_h0_t0,literal_fulltext,P,Q,384,0,0,0,384,0,0,0,0
four_domain_state_coverage_v1,t5gemma,time,43,M_h0,matrix_h0_t0,literal_fulltext,P,U,384,36,0,36,384,36,0,36,0
four_domain_state_coverage_v1,t5gemma,time,43,M_h0,matrix_h0_t0,literal_fulltext,Q,U,384,36,0,36,384,36,0,36,0
four_domain_state_coverage_v1,t5gemma,time,43,M_h0,matrix_h0_t2,normalized_fulltext,P,Q,186,0,0,0,186,0,0,0,0
four_domain_state_coverage_v1,t5gemma,time,43,M_h0,matrix_h0_t2,normalized_fulltext,P,U,186,0,0,0,186,0,0,0,0
four_domain_state_coverage_v1,t5gemma,time,43,M_h0,matrix_h0_t2,normalized_fulltext,Q,U,186,0,0,0,186,0,0,0,0
four_domain_state_coverage_v1,t5gemma,time,43,M_h0,matrix_h0_t2,literal_fulltext,P,Q,186,0,0,0,186,0,0,0,0
four_domain_state_coverage_v1,t5gemma,time,43,M_h0,matrix_h0_t2,literal_fulltext,P,U,186,0,0,0,186,0,0,0,0
four_domain_state_coverage_v1,t5gemma,time,43,M_h0,matrix_h0_t2,literal_fulltext,Q,U,186,0,0,0,186,0,0,0,0
four_domain_state_coverage_v1,t5gemma,time,43,M_h1,matrix_h1_t0,normalized_fulltext,P,Q,384,0,0,0,384,0,0,0,0
four_domain_state_coverage_v1,t5gemma,time,43,M_h1,matrix_h1_t0,normalized_fulltext,P,U,384,17,0,17,384,17,0,17,0
four_domain_state_coverage_v1,t5gemma,time,43,M_h1,matrix_h1_t0,normalized_fulltext,Q,U,384,17,0,17,384,17,0,17,0
four_domain_state_coverage_v1,t5gemma,time,43,M_h1,matrix_h1_t0,literal_fulltext,P,Q,384,0,0,0,384,0,0,0,0
four_domain_state_coverage_v1,t5gemma,time,43,M_h1,matrix_h1_t0,literal_fulltext,P,U,384,17,0,17,384,17,0,17,0
four_domain_state_coverage_v1,t5gemma,time,43,M_h1,matrix_h1_t0,literal_fulltext,Q,U,384,17,0,17,384,17,0,17,0
four_domain_state_coverage_v1,t5gemma,time,43,M_h1,matrix_h1_t2,normalized_fulltext,P,Q,186,0,0,0,186,0,0,0,0
four_domain_state_coverage_v1,t5gemma,time,43,M_h1,matrix_h1_t2,normalized_fulltext,P,U,186,0,0,0,186,0,0,0,0
four_domain_state_coverage_v1,t5gemma,time,43,M_h1,matrix_h1_t2,normalized_fulltext,Q,U,186,0,0,0,186,0,0,0,0
four_domain_state_coverage_v1,t5gemma,time,43,M_h1,matrix_h1_t2,literal_fulltext,P,Q,186,0,0,0,186,0,0,0,0
four_domain_state_coverage_v1,t5gemma,time,43,M_h1,matrix_h1_t2,literal_fulltext,P,U,186,0,0,0,186,0,0,0,0
four_domain_state_coverage_v1,t5gemma,time,43,M_h1,matrix_h1_t2,literal_fulltext,Q,U,186,0,0,0,186,0,0,0,0
four_domain_state_coverage_v1,t5gemma,time,43,N_h0,matrix_h0_t0,normalized_fulltext,P,Q,384,1,0,1,212,8,0,8,172
four_domain_state_coverage_v1,t5gemma,time,43,N_h0,matrix_h0_t0,normalized_fulltext,P,U,384,28,27,55,207,38,0,38,177
four_domain_state_coverage_v1,t5gemma,time,43,N_h0,matrix_h0_t0,normalized_fulltext,Q,U,384,27,27,54,207,31,0,31,177
four_domain_state_coverage_v1,t5gemma,time,43,N_h0,matrix_h0_t0,literal_fulltext,P,Q,384,1,0,1,212,8,0,8,172
four_domain_state_coverage_v1,t5gemma,time,43,N_h0,matrix_h0_t0,literal_fulltext,P,U,384,28,27,55,207,38,0,38,177
four_domain_state_coverage_v1,t5gemma,time,43,N_h0,matrix_h0_t0,literal_fulltext,Q,U,384,27,27,54,207,31,0,31,177
four_domain_state_coverage_v1,t5gemma,time,43,N_h0,matrix_h0_t2,normalized_fulltext,P,Q,186,1,0,1,165,1,0,1,21
four_domain_state_coverage_v1,t5gemma,time,43,N_h0,matrix_h0_t2,normalized_fulltext,P,U,186,4,0,4,159,4,0,4,27
four_domain_state_coverage_v1,t5gemma,time,43,N_h0,matrix_h0_t2,normalized_fulltext,Q,U,186,3,0,3,156,3,0,3,30
four_domain_state_coverage_v1,t5gemma,time,43,N_h0,matrix_h0_t2,literal_fulltext,P,Q,186,1,0,1,165,1,0,1,21
four_domain_state_coverage_v1,t5gemma,time,43,N_h0,matrix_h0_t2,literal_fulltext,P,U,186,4,0,4,159,4,0,4,27
four_domain_state_coverage_v1,t5gemma,time,43,N_h0,matrix_h0_t2,literal_fulltext,Q,U,186,3,0,3,156,3,0,3,30
four_domain_state_coverage_v1,t5gemma,time,43,N_h1,matrix_h1_t0,normalized_fulltext,P,Q,384,1,0,1,241,4,0,4,143
four_domain_state_coverage_v1,t5gemma,time,43,N_h1,matrix_h1_t0,normalized_fulltext,P,U,384,1,8,9,245,5,0,5,139
four_domain_state_coverage_v1,t5gemma,time,43,N_h1,matrix_h1_t0,normalized_fulltext,Q,U,384,0,8,8,255,1,0,1,129
four_domain_state_coverage_v1,t5gemma,time,43,N_h1,matrix_h1_t0,literal_fulltext,P,Q,384,1,0,1,241,4,0,4,143
four_domain_state_coverage_v1,t5gemma,time,43,N_h1,matrix_h1_t0,literal_fulltext,P,U,384,1,8,9,245,5,0,5,139
four_domain_state_coverage_v1,t5gemma,time,43,N_h1,matrix_h1_t0,literal_fulltext,Q,U,384,0,8,8,255,1,0,1,129
four_domain_state_coverage_v1,t5gemma,time,43,N_h1,matrix_h1_t2,normalized_fulltext,P,Q,186,1,0,1,172,1,0,1,14
four_domain_state_coverage_v1,t5gemma,time,43,N_h1,matrix_h1_t2,normalized_fulltext,P,U,186,3,0,3,173,3,0,3,13
four_domain_state_coverage_v1,t5gemma,time,43,N_h1,matrix_h1_t2,normalized_fulltext,Q,U,186,2,0,2,175,2,0,2,11
four_domain_state_coverage_v1,t5gemma,time,43,N_h1,matrix_h1_t2,literal_fulltext,P,Q,186,1,0,1,172,1,0,1,14
four_domain_state_coverage_v1,t5gemma,time,43,N_h1,matrix_h1_t2,literal_fulltext,P,U,186,3,0,3,173,3,0,3,13
four_domain_state_coverage_v1,t5gemma,time,43,N_h1,matrix_h1_t2,literal_fulltext,Q,U,186,2,0,2,175,2,0,2,11
four_domain_state_coverage_v1,t5gemma,time,43,P,matrix_h0_t0,normalized_fulltext,P,Q,384,0,0,0,191,0,0,0,193
four_domain_state_coverage_v1,t5gemma,time,43,P,matrix_h0_t0,normalized_fulltext,P,U,384,0,22,22,193,0,9,9,191
four_domain_state_coverage_v1,t5gemma,time,43,P,matrix_h0_t0,normalized_fulltext,Q,U,384,0,22,22,196,0,9,9,188
four_domain_state_coverage_v1,t5gemma,time,43,P,matrix_h0_t0,literal_fulltext,P,Q,384,0,0,0,191,0,0,0,193
four_domain_state_coverage_v1,t5gemma,time,43,P,matrix_h0_t0,literal_fulltext,P,U,384,0,22,22,193,0,9,9,191
four_domain_state_coverage_v1,t5gemma,time,43,P,matrix_h0_t0,literal_fulltext,Q,U,384,0,22,22,196,0,9,9,188
four_domain_state_coverage_v1,t5gemma,time,43,P,matrix_h0_t2,normalized_fulltext,P,Q,186,0,1,1,186,0,1,1,0
four_domain_state_coverage_v1,t5gemma,time,43,P,matrix_h0_t2,normalized_fulltext,P,U,186,2,11,13,186,2,11,13,0
four_domain_state_coverage_v1,t5gemma,time,43,P,matrix_h0_t2,normalized_fulltext,Q,U,186,3,11,14,186,3,11,14,0
four_domain_state_coverage_v1,t5gemma,time,43,P,matrix_h0_t2,literal_fulltext,P,Q,186,0,1,1,186,0,1,1,0
four_domain_state_coverage_v1,t5gemma,time,43,P,matrix_h0_t2,literal_fulltext,P,U,186,2,11,13,186,2,11,13,0
four_domain_state_coverage_v1,t5gemma,time,43,P,matrix_h0_t2,literal_fulltext,Q,U,186,3,11,14,186,3,11,14,0
four_domain_state_coverage_v1,t5gemma,time,43,P,matrix_h1_t0,normalized_fulltext,P,Q,384,0,0,0,191,0,0,0,193
four_domain_state_coverage_v1,t5gemma,time,43,P,matrix_h1_t0,normalized_fulltext,P,U,384,0,22,22,193,0,9,9,191
four_domain_state_coverage_v1,t5gemma,time,43,P,matrix_h1_t0,normalized_fulltext,Q,U,384,0,22,22,196,0,9,9,188
four_domain_state_coverage_v1,t5gemma,time,43,P,matrix_h1_t0,literal_fulltext,P,Q,384,0,0,0,191,0,0,0,193
four_domain_state_coverage_v1,t5gemma,time,43,P,matrix_h1_t0,literal_fulltext,P,U,384,0,22,22,193,0,9,9,191
four_domain_state_coverage_v1,t5gemma,time,43,P,matrix_h1_t0,literal_fulltext,Q,U,384,0,22,22,196,0,9,9,188
four_domain_state_coverage_v1,t5gemma,time,43,P,matrix_h1_t2,normalized_fulltext,P,Q,186,0,1,1,186,0,1,1,0
four_domain_state_coverage_v1,t5gemma,time,43,P,matrix_h1_t2,normalized_fulltext,P,U,186,2,11,13,186,2,11,13,0
four_domain_state_coverage_v1,t5gemma,time,43,P,matrix_h1_t2,normalized_fulltext,Q,U,186,3,11,14,186,3,11,14,0
four_domain_state_coverage_v1,t5gemma,time,43,P,matrix_h1_t2,literal_fulltext,P,Q,186,0,1,1,186,0,1,1,0
four_domain_state_coverage_v1,t5gemma,time,43,P,matrix_h1_t2,literal_fulltext,P,U,186,2,11,13,186,2,11,13,0
four_domain_state_coverage_v1,t5gemma,time,43,P,matrix_h1_t2,literal_fulltext,Q,U,186,3,11,14,186,3,11,14,0
four_domain_state_coverage_v1,t5gemma,time,43,S_h0,matrix_h0_t0,normalized_fulltext,P,Q,384,0,6,6,384,0,6,6,0
four_domain_state_coverage_v1,t5gemma,time,43,S_h0,matrix_h0_t0,normalized_fulltext,P,U,384,10,16,26,384,10,16,26,0
four_domain_state_coverage_v1,t5gemma,time,43,S_h0,matrix_h0_t0,normalized_fulltext,Q,U,384,16,16,32,384,16,16,32,0
four_domain_state_coverage_v1,t5gemma,time,43,S_h0,matrix_h0_t0,literal_fulltext,P,Q,384,0,6,6,384,0,6,6,0
four_domain_state_coverage_v1,t5gemma,time,43,S_h0,matrix_h0_t0,literal_fulltext,P,U,384,10,16,26,384,10,16,26,0
four_domain_state_coverage_v1,t5gemma,time,43,S_h0,matrix_h0_t0,literal_fulltext,Q,U,384,16,16,32,384,16,16,32,0
four_domain_state_coverage_v1,t5gemma,time,43,S_h0,matrix_h0_t2,normalized_fulltext,P,Q,186,0,0,0,186,0,0,0,0
four_domain_state_coverage_v1,t5gemma,time,43,S_h0,matrix_h0_t2,normalized_fulltext,P,U,186,0,5,5,186,0,5,5,0
four_domain_state_coverage_v1,t5gemma,time,43,S_h0,matrix_h0_t2,normalized_fulltext,Q,U,186,0,5,5,186,0,5,5,0
four_domain_state_coverage_v1,t5gemma,time,43,S_h0,matrix_h0_t2,literal_fulltext,P,Q,186,0,0,0,186,0,0,0,0
four_domain_state_coverage_v1,t5gemma,time,43,S_h0,matrix_h0_t2,literal_fulltext,P,U,186,0,5,5,186,0,5,5,0
four_domain_state_coverage_v1,t5gemma,time,43,S_h0,matrix_h0_t2,literal_fulltext,Q,U,186,0,5,5,186,0,5,5,0
four_domain_state_coverage_v1,t5gemma,time,43,S_h1,matrix_h1_t0,normalized_fulltext,P,Q,384,2,3,5,384,2,3,5,0
four_domain_state_coverage_v1,t5gemma,time,43,S_h1,matrix_h1_t0,normalized_fulltext,P,U,384,0,15,15,384,0,15,15,0
four_domain_state_coverage_v1,t5gemma,time,43,S_h1,matrix_h1_t0,normalized_fulltext,Q,U,384,0,14,14,384,0,14,14,0
four_domain_state_coverage_v1,t5gemma,time,43,S_h1,matrix_h1_t0,literal_fulltext,P,Q,384,2,3,5,384,2,3,5,0
four_domain_state_coverage_v1,t5gemma,time,43,S_h1,matrix_h1_t0,literal_fulltext,P,U,384,0,15,15,384,0,15,15,0
four_domain_state_coverage_v1,t5gemma,time,43,S_h1,matrix_h1_t0,literal_fulltext,Q,U,384,0,14,14,384,0,14,14,0
four_domain_state_coverage_v1,t5gemma,time,43,S_h1,matrix_h1_t2,normalized_fulltext,P,Q,186,0,0,0,186,0,0,0,0
four_domain_state_coverage_v1,t5gemma,time,43,S_h1,matrix_h1_t2,normalized_fulltext,P,U,186,0,0,0,186,0,0,0,0
four_domain_state_coverage_v1,t5gemma,time,43,S_h1,matrix_h1_t2,normalized_fulltext,Q,U,186,0,0,0,186,0,0,0,0
four_domain_state_coverage_v1,t5gemma,time,43,S_h1,matrix_h1_t2,literal_fulltext,P,Q,186,0,0,0,186,0,0,0,0
four_domain_state_coverage_v1,t5gemma,time,43,S_h1,matrix_h1_t2,literal_fulltext,P,U,186,0,0,0,186,0,0,0,0
four_domain_state_coverage_v1,t5gemma,time,43,S_h1,matrix_h1_t2,literal_fulltext,Q,U,186,0,0,0,186,0,0,0,0
four_domain_state_coverage_v1,t5gemma,time,44,M_h0,matrix_h0_t0,normalized_fulltext,P,Q,384,7,0,7,384,7,0,7,0
four_domain_state_coverage_v1,t5gemma,time,44,M_h0,matrix_h0_t0,normalized_fulltext,P,U,384,5,20,25,384,5,20,25,0
four_domain_state_coverage_v1,t5gemma,time,44,M_h0,matrix_h0_t0,normalized_fulltext,Q,U,384,5,27,32,384,5,27,32,0
four_domain_state_coverage_v1,t5gemma,time,44,M_h0,matrix_h0_t0,literal_fulltext,P,Q,384,7,0,7,384,7,0,7,0
four_domain_state_coverage_v1,t5gemma,time,44,M_h0,matrix_h0_t0,literal_fulltext,P,U,384,5,20,25,384,5,20,25,0
four_domain_state_coverage_v1,t5gemma,time,44,M_h0,matrix_h0_t0,literal_fulltext,Q,U,384,5,27,32,384,5,27,32,0
four_domain_state_coverage_v1,t5gemma,time,44,M_h0,matrix_h0_t2,normalized_fulltext,P,Q,144,0,0,0,144,0,0,0,0
four_domain_state_coverage_v1,t5gemma,time,44,M_h0,matrix_h0_t2,normalized_fulltext,P,U,144,0,0,0,144,0,0,0,0
four_domain_state_coverage_v1,t5gemma,time,44,M_h0,matrix_h0_t2,normalized_fulltext,Q,U,144,0,0,0,144,0,0,0,0
four_domain_state_coverage_v1,t5gemma,time,44,M_h0,matrix_h0_t2,literal_fulltext,P,Q,144,0,0,0,144,0,0,0,0
four_domain_state_coverage_v1,t5gemma,time,44,M_h0,matrix_h0_t2,literal_fulltext,P,U,144,0,0,0,144,0,0,0,0
four_domain_state_coverage_v1,t5gemma,time,44,M_h0,matrix_h0_t2,literal_fulltext,Q,U,144,0,0,0,144,0,0,0,0
four_domain_state_coverage_v1,t5gemma,time,44,M_h1,matrix_h1_t0,normalized_fulltext,P,Q,384,10,0,10,384,10,0,10,0
four_domain_state_coverage_v1,t5gemma,time,44,M_h1,matrix_h1_t0,normalized_fulltext,P,U,384,4,21,25,384,4,21,25,0
four_domain_state_coverage_v1,t5gemma,time,44,M_h1,matrix_h1_t0,normalized_fulltext,Q,U,384,4,31,35,384,4,31,35,0
four_domain_state_coverage_v1,t5gemma,time,44,M_h1,matrix_h1_t0,literal_fulltext,P,Q,384,10,0,10,384,10,0,10,0
four_domain_state_coverage_v1,t5gemma,time,44,M_h1,matrix_h1_t0,literal_fulltext,P,U,384,4,21,25,384,4,21,25,0
four_domain_state_coverage_v1,t5gemma,time,44,M_h1,matrix_h1_t0,literal_fulltext,Q,U,384,4,31,35,384,4,31,35,0
four_domain_state_coverage_v1,t5gemma,time,44,M_h1,matrix_h1_t2,normalized_fulltext,P,Q,144,0,0,0,144,0,0,0,0
four_domain_state_coverage_v1,t5gemma,time,44,M_h1,matrix_h1_t2,normalized_fulltext,P,U,144,0,0,0,144,0,0,0,0
four_domain_state_coverage_v1,t5gemma,time,44,M_h1,matrix_h1_t2,normalized_fulltext,Q,U,144,0,0,0,144,0,0,0,0
four_domain_state_coverage_v1,t5gemma,time,44,M_h1,matrix_h1_t2,literal_fulltext,P,Q,144,0,0,0,144,0,0,0,0
four_domain_state_coverage_v1,t5gemma,time,44,M_h1,matrix_h1_t2,literal_fulltext,P,U,144,0,0,0,144,0,0,0,0
four_domain_state_coverage_v1,t5gemma,time,44,M_h1,matrix_h1_t2,literal_fulltext,Q,U,144,0,0,0,144,0,0,0,0
four_domain_state_coverage_v1,t5gemma,time,44,N_h0,matrix_h0_t0,normalized_fulltext,P,Q,384,0,0,0,317,0,0,0,67
four_domain_state_coverage_v1,t5gemma,time,44,N_h0,matrix_h0_t0,normalized_fulltext,P,U,384,0,0,0,304,0,0,0,80
four_domain_state_coverage_v1,t5gemma,time,44,N_h0,matrix_h0_t0,normalized_fulltext,Q,U,384,0,0,0,305,0,0,0,79
four_domain_state_coverage_v1,t5gemma,time,44,N_h0,matrix_h0_t0,literal_fulltext,P,Q,384,0,0,0,317,0,0,0,67
four_domain_state_coverage_v1,t5gemma,time,44,N_h0,matrix_h0_t0,literal_fulltext,P,U,384,0,0,0,304,0,0,0,80
four_domain_state_coverage_v1,t5gemma,time,44,N_h0,matrix_h0_t0,literal_fulltext,Q,U,384,0,0,0,305,0,0,0,79
four_domain_state_coverage_v1,t5gemma,time,44,N_h0,matrix_h0_t2,normalized_fulltext,P,Q,144,0,0,0,144,0,0,0,0
four_domain_state_coverage_v1,t5gemma,time,44,N_h0,matrix_h0_t2,normalized_fulltext,P,U,144,0,0,0,144,0,0,0,0
four_domain_state_coverage_v1,t5gemma,time,44,N_h0,matrix_h0_t2,normalized_fulltext,Q,U,144,0,0,0,144,0,0,0,0
four_domain_state_coverage_v1,t5gemma,time,44,N_h0,matrix_h0_t2,literal_fulltext,P,Q,144,0,0,0,144,0,0,0,0
four_domain_state_coverage_v1,t5gemma,time,44,N_h0,matrix_h0_t2,literal_fulltext,P,U,144,0,0,0,144,0,0,0,0
four_domain_state_coverage_v1,t5gemma,time,44,N_h0,matrix_h0_t2,literal_fulltext,Q,U,144,0,0,0,144,0,0,0,0
four_domain_state_coverage_v1,t5gemma,time,44,N_h1,matrix_h1_t0,normalized_fulltext,P,Q,384,0,0,0,384,0,0,0,0
four_domain_state_coverage_v1,t5gemma,time,44,N_h1,matrix_h1_t0,normalized_fulltext,P,U,384,2,1,3,382,1,1,2,2
four_domain_state_coverage_v1,t5gemma,time,44,N_h1,matrix_h1_t0,normalized_fulltext,Q,U,384,2,1,3,382,1,1,2,2
four_domain_state_coverage_v1,t5gemma,time,44,N_h1,matrix_h1_t0,literal_fulltext,P,Q,384,0,0,0,384,0,0,0,0
four_domain_state_coverage_v1,t5gemma,time,44,N_h1,matrix_h1_t0,literal_fulltext,P,U,384,2,1,3,382,1,1,2,2
four_domain_state_coverage_v1,t5gemma,time,44,N_h1,matrix_h1_t0,literal_fulltext,Q,U,384,2,1,3,382,1,1,2,2
four_domain_state_coverage_v1,t5gemma,time,44,N_h1,matrix_h1_t2,normalized_fulltext,P,Q,144,0,0,0,144,0,0,0,0
four_domain_state_coverage_v1,t5gemma,time,44,N_h1,matrix_h1_t2,normalized_fulltext,P,U,144,0,0,0,143,0,0,0,1
four_domain_state_coverage_v1,t5gemma,time,44,N_h1,matrix_h1_t2,normalized_fulltext,Q,U,144,0,0,0,143,0,0,0,1
four_domain_state_coverage_v1,t5gemma,time,44,N_h1,matrix_h1_t2,literal_fulltext,P,Q,144,0,0,0,144,0,0,0,0
four_domain_state_coverage_v1,t5gemma,time,44,N_h1,matrix_h1_t2,literal_fulltext,P,U,144,0,0,0,143,0,0,0,1
four_domain_state_coverage_v1,t5gemma,time,44,N_h1,matrix_h1_t2,literal_fulltext,Q,U,144,0,0,0,143,0,0,0,1
four_domain_state_coverage_v1,t5gemma,time,44,P,matrix_h0_t0,normalized_fulltext,P,Q,384,0,0,0,277,0,0,0,107
four_domain_state_coverage_v1,t5gemma,time,44,P,matrix_h0_t0,normalized_fulltext,P,U,384,0,21,21,209,0,21,21,175
four_domain_state_coverage_v1,t5gemma,time,44,P,matrix_h0_t0,normalized_fulltext,Q,U,384,0,21,21,207,0,20,20,177
four_domain_state_coverage_v1,t5gemma,time,44,P,matrix_h0_t0,literal_fulltext,P,Q,384,0,0,0,277,0,0,0,107
four_domain_state_coverage_v1,t5gemma,time,44,P,matrix_h0_t0,literal_fulltext,P,U,384,0,21,21,209,0,21,21,175
four_domain_state_coverage_v1,t5gemma,time,44,P,matrix_h0_t0,literal_fulltext,Q,U,384,0,21,21,207,0,20,20,177
four_domain_state_coverage_v1,t5gemma,time,44,P,matrix_h0_t2,normalized_fulltext,P,Q,144,1,1,2,144,1,1,2,0
four_domain_state_coverage_v1,t5gemma,time,44,P,matrix_h0_t2,normalized_fulltext,P,U,144,14,9,23,114,4,11,15,30
four_domain_state_coverage_v1,t5gemma,time,44,P,matrix_h0_t2,normalized_fulltext,Q,U,144,14,9,23,114,4,11,15,30
four_domain_state_coverage_v1,t5gemma,time,44,P,matrix_h0_t2,literal_fulltext,P,Q,144,1,1,2,144,1,1,2,0
four_domain_state_coverage_v1,t5gemma,time,44,P,matrix_h0_t2,literal_fulltext,P,U,144,14,9,23,114,4,11,15,30
four_domain_state_coverage_v1,t5gemma,time,44,P,matrix_h0_t2,literal_fulltext,Q,U,144,14,9,23,114,4,11,15,30
four_domain_state_coverage_v1,t5gemma,time,44,P,matrix_h1_t0,normalized_fulltext,P,Q,384,0,0,0,277,0,0,0,107
four_domain_state_coverage_v1,t5gemma,time,44,P,matrix_h1_t0,normalized_fulltext,P,U,384,0,21,21,209,0,21,21,175
four_domain_state_coverage_v1,t5gemma,time,44,P,matrix_h1_t0,normalized_fulltext,Q,U,384,0,21,21,207,0,20,20,177
four_domain_state_coverage_v1,t5gemma,time,44,P,matrix_h1_t0,literal_fulltext,P,Q,384,0,0,0,277,0,0,0,107
four_domain_state_coverage_v1,t5gemma,time,44,P,matrix_h1_t0,literal_fulltext,P,U,384,0,21,21,209,0,21,21,175
four_domain_state_coverage_v1,t5gemma,time,44,P,matrix_h1_t0,literal_fulltext,Q,U,384,0,21,21,207,0,20,20,177
four_domain_state_coverage_v1,t5gemma,time,44,P,matrix_h1_t2,normalized_fulltext,P,Q,144,1,1,2,144,1,1,2,0
four_domain_state_coverage_v1,t5gemma,time,44,P,matrix_h1_t2,normalized_fulltext,P,U,144,14,9,23,114,4,11,15,30
four_domain_state_coverage_v1,t5gemma,time,44,P,matrix_h1_t2,normalized_fulltext,Q,U,144,14,9,23,114,4,11,15,30
four_domain_state_coverage_v1,t5gemma,time,44,P,matrix_h1_t2,literal_fulltext,P,Q,144,1,1,2,144,1,1,2,0
four_domain_state_coverage_v1,t5gemma,time,44,P,matrix_h1_t2,literal_fulltext,P,U,144,14,9,23,114,4,11,15,30
four_domain_state_coverage_v1,t5gemma,time,44,P,matrix_h1_t2,literal_fulltext,Q,U,144,14,9,23,114,4,11,15,30
four_domain_state_coverage_v1,t5gemma,time,44,S_h0,matrix_h0_t0,normalized_fulltext,P,Q,384,0,0,0,383,0,0,0,1
four_domain_state_coverage_v1,t5gemma,time,44,S_h0,matrix_h0_t0,normalized_fulltext,P,U,384,0,0,0,383,0,0,0,1
four_domain_state_coverage_v1,t5gemma,time,44,S_h0,matrix_h0_t0,normalized_fulltext,Q,U,384,0,0,0,383,0,0,0,1
four_domain_state_coverage_v1,t5gemma,time,44,S_h0,matrix_h0_t0,literal_fulltext,P,Q,384,0,0,0,383,0,0,0,1
four_domain_state_coverage_v1,t5gemma,time,44,S_h0,matrix_h0_t0,literal_fulltext,P,U,384,0,0,0,383,0,0,0,1
four_domain_state_coverage_v1,t5gemma,time,44,S_h0,matrix_h0_t0,literal_fulltext,Q,U,384,0,0,0,383,0,0,0,1
four_domain_state_coverage_v1,t5gemma,time,44,S_h0,matrix_h0_t2,normalized_fulltext,P,Q,144,0,0,0,143,0,0,0,1
four_domain_state_coverage_v1,t5gemma,time,44,S_h0,matrix_h0_t2,normalized_fulltext,P,U,144,0,1,1,144,0,1,1,0
four_domain_state_coverage_v1,t5gemma,time,44,S_h0,matrix_h0_t2,normalized_fulltext,Q,U,144,0,1,1,143,0,1,1,1
four_domain_state_coverage_v1,t5gemma,time,44,S_h0,matrix_h0_t2,literal_fulltext,P,Q,144,0,0,0,143,0,0,0,1
four_domain_state_coverage_v1,t5gemma,time,44,S_h0,matrix_h0_t2,literal_fulltext,P,U,144,0,1,1,144,0,1,1,0
four_domain_state_coverage_v1,t5gemma,time,44,S_h0,matrix_h0_t2,literal_fulltext,Q,U,144,0,1,1,143,0,1,1,1
four_domain_state_coverage_v1,t5gemma,time,44,S_h1,matrix_h1_t0,normalized_fulltext,P,Q,384,11,0,11,384,11,0,11,0
four_domain_state_coverage_v1,t5gemma,time,44,S_h1,matrix_h1_t0,normalized_fulltext,P,U,384,4,9,13,384,4,9,13,0
four_domain_state_coverage_v1,t5gemma,time,44,S_h1,matrix_h1_t0,normalized_fulltext,Q,U,384,0,16,16,384,0,16,16,0
four_domain_state_coverage_v1,t5gemma,time,44,S_h1,matrix_h1_t0,literal_fulltext,P,Q,384,11,0,11,384,11,0,11,0
four_domain_state_coverage_v1,t5gemma,time,44,S_h1,matrix_h1_t0,literal_fulltext,P,U,384,4,9,13,384,4,9,13,0
four_domain_state_coverage_v1,t5gemma,time,44,S_h1,matrix_h1_t0,literal_fulltext,Q,U,384,0,16,16,384,0,16,16,0
four_domain_state_coverage_v1,t5gemma,time,44,S_h1,matrix_h1_t2,normalized_fulltext,P,Q,144,0,0,0,144,0,0,0,0
four_domain_state_coverage_v1,t5gemma,time,44,S_h1,matrix_h1_t2,normalized_fulltext,P,U,144,0,5,5,143,0,5,5,1
four_domain_state_coverage_v1,t5gemma,time,44,S_h1,matrix_h1_t2,normalized_fulltext,Q,U,144,0,5,5,143,0,5,5,1
four_domain_state_coverage_v1,t5gemma,time,44,S_h1,matrix_h1_t2,literal_fulltext,P,Q,144,0,0,0,144,0,0,0,0
four_domain_state_coverage_v1,t5gemma,time,44,S_h1,matrix_h1_t2,literal_fulltext,P,U,144,0,5,5,143,0,5,5,1
four_domain_state_coverage_v1,t5gemma,time,44,S_h1,matrix_h1_t2,literal_fulltext,Q,U,144,0,5,5,143,0,5,5,1
space_relation_confirmation_v1,t5gemma,space,42,M_h0,matrix_h0_t0,normalized_fulltext,P,Q,256,0,0,0,256,0,0,0,0
space_relation_confirmation_v1,t5gemma,space,42,M_h0,matrix_h0_t0,normalized_fulltext,P,U,256,0,0,0,256,0,0,0,0
space_relation_confirmation_v1,t5gemma,space,42,M_h0,matrix_h0_t0,normalized_fulltext,Q,U,256,0,0,0,256,0,0,0,0
space_relation_confirmation_v1,t5gemma,space,42,M_h0,matrix_h0_t0,literal_fulltext,P,Q,256,0,0,0,256,0,0,0,0
space_relation_confirmation_v1,t5gemma,space,42,M_h0,matrix_h0_t0,literal_fulltext,P,U,256,0,0,0,256,0,0,0,0
space_relation_confirmation_v1,t5gemma,space,42,M_h0,matrix_h0_t0,literal_fulltext,Q,U,256,0,0,0,256,0,0,0,0
space_relation_confirmation_v1,t5gemma,space,42,M_h0,matrix_h0_t2,normalized_fulltext,P,Q,0,0,0,0,0,0,0,0,0
space_relation_confirmation_v1,t5gemma,space,42,M_h0,matrix_h0_t2,normalized_fulltext,P,U,0,0,0,0,0,0,0,0,0
space_relation_confirmation_v1,t5gemma,space,42,M_h0,matrix_h0_t2,normalized_fulltext,Q,U,0,0,0,0,0,0,0,0,0
space_relation_confirmation_v1,t5gemma,space,42,M_h0,matrix_h0_t2,literal_fulltext,P,Q,0,0,0,0,0,0,0,0,0
space_relation_confirmation_v1,t5gemma,space,42,M_h0,matrix_h0_t2,literal_fulltext,P,U,0,0,0,0,0,0,0,0,0
space_relation_confirmation_v1,t5gemma,space,42,M_h0,matrix_h0_t2,literal_fulltext,Q,U,0,0,0,0,0,0,0,0,0
space_relation_confirmation_v1,t5gemma,space,42,M_h1,matrix_h1_t0,normalized_fulltext,P,Q,256,0,0,0,256,0,0,0,0
space_relation_confirmation_v1,t5gemma,space,42,M_h1,matrix_h1_t0,normalized_fulltext,P,U,256,1,0,1,256,1,0,1,0
space_relation_confirmation_v1,t5gemma,space,42,M_h1,matrix_h1_t0,normalized_fulltext,Q,U,256,1,0,1,256,1,0,1,0
space_relation_confirmation_v1,t5gemma,space,42,M_h1,matrix_h1_t0,literal_fulltext,P,Q,256,0,0,0,256,0,0,0,0
space_relation_confirmation_v1,t5gemma,space,42,M_h1,matrix_h1_t0,literal_fulltext,P,U,256,1,0,1,256,1,0,1,0
space_relation_confirmation_v1,t5gemma,space,42,M_h1,matrix_h1_t0,literal_fulltext,Q,U,256,1,0,1,256,1,0,1,0
space_relation_confirmation_v1,t5gemma,space,42,M_h1,matrix_h1_t2,normalized_fulltext,P,Q,0,0,0,0,0,0,0,0,0
space_relation_confirmation_v1,t5gemma,space,42,M_h1,matrix_h1_t2,normalized_fulltext,P,U,0,0,0,0,0,0,0,0,0
space_relation_confirmation_v1,t5gemma,space,42,M_h1,matrix_h1_t2,normalized_fulltext,Q,U,0,0,0,0,0,0,0,0,0
space_relation_confirmation_v1,t5gemma,space,42,M_h1,matrix_h1_t2,literal_fulltext,P,Q,0,0,0,0,0,0,0,0,0
space_relation_confirmation_v1,t5gemma,space,42,M_h1,matrix_h1_t2,literal_fulltext,P,U,0,0,0,0,0,0,0,0,0
space_relation_confirmation_v1,t5gemma,space,42,M_h1,matrix_h1_t2,literal_fulltext,Q,U,0,0,0,0,0,0,0,0,0
space_relation_confirmation_v1,t5gemma,space,42,N_h0,matrix_h0_t0,normalized_fulltext,P,Q,256,0,0,0,133,0,0,0,123
space_relation_confirmation_v1,t5gemma,space,42,N_h0,matrix_h0_t0,normalized_fulltext,P,U,256,0,0,0,122,0,0,0,134
space_relation_confirmation_v1,t5gemma,space,42,N_h0,matrix_h0_t0,normalized_fulltext,Q,U,256,0,0,0,122,0,0,0,134
space_relation_confirmation_v1,t5gemma,space,42,N_h0,matrix_h0_t0,literal_fulltext,P,Q,256,0,0,0,133,0,0,0,123
space_relation_confirmation_v1,t5gemma,space,42,N_h0,matrix_h0_t0,literal_fulltext,P,U,256,0,0,0,122,0,0,0,134
space_relation_confirmation_v1,t5gemma,space,42,N_h0,matrix_h0_t0,literal_fulltext,Q,U,256,0,0,0,122,0,0,0,134
space_relation_confirmation_v1,t5gemma,space,42,N_h0,matrix_h0_t2,normalized_fulltext,P,Q,0,0,0,0,0,0,0,0,0
space_relation_confirmation_v1,t5gemma,space,42,N_h0,matrix_h0_t2,normalized_fulltext,P,U,0,0,0,0,0,0,0,0,0
space_relation_confirmation_v1,t5gemma,space,42,N_h0,matrix_h0_t2,normalized_fulltext,Q,U,0,0,0,0,0,0,0,0,0
space_relation_confirmation_v1,t5gemma,space,42,N_h0,matrix_h0_t2,literal_fulltext,P,Q,0,0,0,0,0,0,0,0,0
space_relation_confirmation_v1,t5gemma,space,42,N_h0,matrix_h0_t2,literal_fulltext,P,U,0,0,0,0,0,0,0,0,0
space_relation_confirmation_v1,t5gemma,space,42,N_h0,matrix_h0_t2,literal_fulltext,Q,U,0,0,0,0,0,0,0,0,0
space_relation_confirmation_v1,t5gemma,space,42,N_h1,matrix_h1_t0,normalized_fulltext,P,Q,256,0,0,0,56,0,0,0,200
space_relation_confirmation_v1,t5gemma,space,42,N_h1,matrix_h1_t0,normalized_fulltext,P,U,256,0,0,0,17,0,0,0,239
space_relation_confirmation_v1,t5gemma,space,42,N_h1,matrix_h1_t0,normalized_fulltext,Q,U,256,0,0,0,15,0,0,0,241
space_relation_confirmation_v1,t5gemma,space,42,N_h1,matrix_h1_t0,literal_fulltext,P,Q,256,0,0,0,56,0,0,0,200
space_relation_confirmation_v1,t5gemma,space,42,N_h1,matrix_h1_t0,literal_fulltext,P,U,256,0,0,0,17,0,0,0,239
space_relation_confirmation_v1,t5gemma,space,42,N_h1,matrix_h1_t0,literal_fulltext,Q,U,256,0,0,0,15,0,0,0,241
space_relation_confirmation_v1,t5gemma,space,42,N_h1,matrix_h1_t2,normalized_fulltext,P,Q,0,0,0,0,0,0,0,0,0
space_relation_confirmation_v1,t5gemma,space,42,N_h1,matrix_h1_t2,normalized_fulltext,P,U,0,0,0,0,0,0,0,0,0
space_relation_confirmation_v1,t5gemma,space,42,N_h1,matrix_h1_t2,normalized_fulltext,Q,U,0,0,0,0,0,0,0,0,0
space_relation_confirmation_v1,t5gemma,space,42,N_h1,matrix_h1_t2,literal_fulltext,P,Q,0,0,0,0,0,0,0,0,0
space_relation_confirmation_v1,t5gemma,space,42,N_h1,matrix_h1_t2,literal_fulltext,P,U,0,0,0,0,0,0,0,0,0
space_relation_confirmation_v1,t5gemma,space,42,N_h1,matrix_h1_t2,literal_fulltext,Q,U,0,0,0,0,0,0,0,0,0
space_relation_confirmation_v1,t5gemma,space,42,P,matrix_h0_t0,normalized_fulltext,P,Q,256,0,0,0,76,0,0,0,180
space_relation_confirmation_v1,t5gemma,space,42,P,matrix_h0_t0,normalized_fulltext,P,U,256,0,0,0,39,0,0,0,217
space_relation_confirmation_v1,t5gemma,space,42,P,matrix_h0_t0,normalized_fulltext,Q,U,256,0,0,0,41,0,0,0,215
space_relation_confirmation_v1,t5gemma,space,42,P,matrix_h0_t0,literal_fulltext,P,Q,256,0,0,0,76,0,0,0,180
space_relation_confirmation_v1,t5gemma,space,42,P,matrix_h0_t0,literal_fulltext,P,U,256,0,0,0,39,0,0,0,217
space_relation_confirmation_v1,t5gemma,space,42,P,matrix_h0_t0,literal_fulltext,Q,U,256,0,0,0,41,0,0,0,215
space_relation_confirmation_v1,t5gemma,space,42,P,matrix_h0_t2,normalized_fulltext,P,Q,0,0,0,0,0,0,0,0,0
space_relation_confirmation_v1,t5gemma,space,42,P,matrix_h0_t2,normalized_fulltext,P,U,0,0,0,0,0,0,0,0,0
space_relation_confirmation_v1,t5gemma,space,42,P,matrix_h0_t2,normalized_fulltext,Q,U,0,0,0,0,0,0,0,0,0
space_relation_confirmation_v1,t5gemma,space,42,P,matrix_h0_t2,literal_fulltext,P,Q,0,0,0,0,0,0,0,0,0
space_relation_confirmation_v1,t5gemma,space,42,P,matrix_h0_t2,literal_fulltext,P,U,0,0,0,0,0,0,0,0,0
space_relation_confirmation_v1,t5gemma,space,42,P,matrix_h0_t2,literal_fulltext,Q,U,0,0,0,0,0,0,0,0,0
space_relation_confirmation_v1,t5gemma,space,42,P,matrix_h1_t0,normalized_fulltext,P,Q,256,0,0,0,76,0,0,0,180
space_relation_confirmation_v1,t5gemma,space,42,P,matrix_h1_t0,normalized_fulltext,P,U,256,0,0,0,39,0,0,0,217
space_relation_confirmation_v1,t5gemma,space,42,P,matrix_h1_t0,normalized_fulltext,Q,U,256,0,0,0,41,0,0,0,215
space_relation_confirmation_v1,t5gemma,space,42,P,matrix_h1_t0,literal_fulltext,P,Q,256,0,0,0,76,0,0,0,180
space_relation_confirmation_v1,t5gemma,space,42,P,matrix_h1_t0,literal_fulltext,P,U,256,0,0,0,39,0,0,0,217
space_relation_confirmation_v1,t5gemma,space,42,P,matrix_h1_t0,literal_fulltext,Q,U,256,0,0,0,41,0,0,0,215
space_relation_confirmation_v1,t5gemma,space,42,P,matrix_h1_t2,normalized_fulltext,P,Q,0,0,0,0,0,0,0,0,0
space_relation_confirmation_v1,t5gemma,space,42,P,matrix_h1_t2,normalized_fulltext,P,U,0,0,0,0,0,0,0,0,0
space_relation_confirmation_v1,t5gemma,space,42,P,matrix_h1_t2,normalized_fulltext,Q,U,0,0,0,0,0,0,0,0,0
space_relation_confirmation_v1,t5gemma,space,42,P,matrix_h1_t2,literal_fulltext,P,Q,0,0,0,0,0,0,0,0,0
space_relation_confirmation_v1,t5gemma,space,42,P,matrix_h1_t2,literal_fulltext,P,U,0,0,0,0,0,0,0,0,0
space_relation_confirmation_v1,t5gemma,space,42,P,matrix_h1_t2,literal_fulltext,Q,U,0,0,0,0,0,0,0,0,0
space_relation_confirmation_v1,t5gemma,space,42,S_h0,matrix_h0_t0,normalized_fulltext,P,Q,256,2,0,2,256,2,0,2,0
space_relation_confirmation_v1,t5gemma,space,42,S_h0,matrix_h0_t0,normalized_fulltext,P,U,256,0,19,19,256,0,19,19,0
space_relation_confirmation_v1,t5gemma,space,42,S_h0,matrix_h0_t0,normalized_fulltext,Q,U,256,0,21,21,256,0,21,21,0
space_relation_confirmation_v1,t5gemma,space,42,S_h0,matrix_h0_t0,literal_fulltext,P,Q,256,2,0,2,256,2,0,2,0
space_relation_confirmation_v1,t5gemma,space,42,S_h0,matrix_h0_t0,literal_fulltext,P,U,256,0,19,19,256,0,19,19,0
space_relation_confirmation_v1,t5gemma,space,42,S_h0,matrix_h0_t0,literal_fulltext,Q,U,256,0,21,21,256,0,21,21,0
space_relation_confirmation_v1,t5gemma,space,42,S_h0,matrix_h0_t2,normalized_fulltext,P,Q,0,0,0,0,0,0,0,0,0
space_relation_confirmation_v1,t5gemma,space,42,S_h0,matrix_h0_t2,normalized_fulltext,P,U,0,0,0,0,0,0,0,0,0
space_relation_confirmation_v1,t5gemma,space,42,S_h0,matrix_h0_t2,normalized_fulltext,Q,U,0,0,0,0,0,0,0,0,0
space_relation_confirmation_v1,t5gemma,space,42,S_h0,matrix_h0_t2,literal_fulltext,P,Q,0,0,0,0,0,0,0,0,0
space_relation_confirmation_v1,t5gemma,space,42,S_h0,matrix_h0_t2,literal_fulltext,P,U,0,0,0,0,0,0,0,0,0
space_relation_confirmation_v1,t5gemma,space,42,S_h0,matrix_h0_t2,literal_fulltext,Q,U,0,0,0,0,0,0,0,0,0
space_relation_confirmation_v1,t5gemma,space,42,S_h1,matrix_h1_t0,normalized_fulltext,P,Q,256,0,0,0,256,0,0,0,0
space_relation_confirmation_v1,t5gemma,space,42,S_h1,matrix_h1_t0,normalized_fulltext,P,U,256,0,6,6,247,0,6,6,9
space_relation_confirmation_v1,t5gemma,space,42,S_h1,matrix_h1_t0,normalized_fulltext,Q,U,256,0,6,6,247,0,6,6,9
space_relation_confirmation_v1,t5gemma,space,42,S_h1,matrix_h1_t0,literal_fulltext,P,Q,256,0,0,0,256,0,0,0,0
space_relation_confirmation_v1,t5gemma,space,42,S_h1,matrix_h1_t0,literal_fulltext,P,U,256,0,6,6,247,0,6,6,9
space_relation_confirmation_v1,t5gemma,space,42,S_h1,matrix_h1_t0,literal_fulltext,Q,U,256,0,6,6,247,0,6,6,9
space_relation_confirmation_v1,t5gemma,space,42,S_h1,matrix_h1_t2,normalized_fulltext,P,Q,0,0,0,0,0,0,0,0,0
space_relation_confirmation_v1,t5gemma,space,42,S_h1,matrix_h1_t2,normalized_fulltext,P,U,0,0,0,0,0,0,0,0,0
space_relation_confirmation_v1,t5gemma,space,42,S_h1,matrix_h1_t2,normalized_fulltext,Q,U,0,0,0,0,0,0,0,0,0
space_relation_confirmation_v1,t5gemma,space,42,S_h1,matrix_h1_t2,literal_fulltext,P,Q,0,0,0,0,0,0,0,0,0
space_relation_confirmation_v1,t5gemma,space,42,S_h1,matrix_h1_t2,literal_fulltext,P,U,0,0,0,0,0,0,0,0,0
space_relation_confirmation_v1,t5gemma,space,42,S_h1,matrix_h1_t2,literal_fulltext,Q,U,0,0,0,0,0,0,0,0,0
space_relation_confirmation_v1,t5gemma,space,43,M_h0,matrix_h0_t0,normalized_fulltext,P,Q,256,0,0,0,256,0,0,0,0
space_relation_confirmation_v1,t5gemma,space,43,M_h0,matrix_h0_t0,normalized_fulltext,P,U,256,0,0,0,256,0,0,0,0
space_relation_confirmation_v1,t5gemma,space,43,M_h0,matrix_h0_t0,normalized_fulltext,Q,U,256,0,0,0,256,0,0,0,0
space_relation_confirmation_v1,t5gemma,space,43,M_h0,matrix_h0_t0,literal_fulltext,P,Q,256,0,0,0,256,0,0,0,0
space_relation_confirmation_v1,t5gemma,space,43,M_h0,matrix_h0_t0,literal_fulltext,P,U,256,0,0,0,256,0,0,0,0
space_relation_confirmation_v1,t5gemma,space,43,M_h0,matrix_h0_t0,literal_fulltext,Q,U,256,0,0,0,256,0,0,0,0
space_relation_confirmation_v1,t5gemma,space,43,M_h0,matrix_h0_t2,normalized_fulltext,P,Q,0,0,0,0,0,0,0,0,0
space_relation_confirmation_v1,t5gemma,space,43,M_h0,matrix_h0_t2,normalized_fulltext,P,U,0,0,0,0,0,0,0,0,0
space_relation_confirmation_v1,t5gemma,space,43,M_h0,matrix_h0_t2,normalized_fulltext,Q,U,0,0,0,0,0,0,0,0,0
space_relation_confirmation_v1,t5gemma,space,43,M_h0,matrix_h0_t2,literal_fulltext,P,Q,0,0,0,0,0,0,0,0,0
space_relation_confirmation_v1,t5gemma,space,43,M_h0,matrix_h0_t2,literal_fulltext,P,U,0,0,0,0,0,0,0,0,0
space_relation_confirmation_v1,t5gemma,space,43,M_h0,matrix_h0_t2,literal_fulltext,Q,U,0,0,0,0,0,0,0,0,0
space_relation_confirmation_v1,t5gemma,space,43,M_h1,matrix_h1_t0,normalized_fulltext,P,Q,256,0,0,0,256,0,0,0,0
space_relation_confirmation_v1,t5gemma,space,43,M_h1,matrix_h1_t0,normalized_fulltext,P,U,256,0,0,0,256,0,0,0,0
space_relation_confirmation_v1,t5gemma,space,43,M_h1,matrix_h1_t0,normalized_fulltext,Q,U,256,0,0,0,256,0,0,0,0
space_relation_confirmation_v1,t5gemma,space,43,M_h1,matrix_h1_t0,literal_fulltext,P,Q,256,0,0,0,256,0,0,0,0
space_relation_confirmation_v1,t5gemma,space,43,M_h1,matrix_h1_t0,literal_fulltext,P,U,256,0,0,0,256,0,0,0,0
space_relation_confirmation_v1,t5gemma,space,43,M_h1,matrix_h1_t0,literal_fulltext,Q,U,256,0,0,0,256,0,0,0,0
space_relation_confirmation_v1,t5gemma,space,43,M_h1,matrix_h1_t2,normalized_fulltext,P,Q,0,0,0,0,0,0,0,0,0
space_relation_confirmation_v1,t5gemma,space,43,M_h1,matrix_h1_t2,normalized_fulltext,P,U,0,0,0,0,0,0,0,0,0
space_relation_confirmation_v1,t5gemma,space,43,M_h1,matrix_h1_t2,normalized_fulltext,Q,U,0,0,0,0,0,0,0,0,0
space_relation_confirmation_v1,t5gemma,space,43,M_h1,matrix_h1_t2,literal_fulltext,P,Q,0,0,0,0,0,0,0,0,0
space_relation_confirmation_v1,t5gemma,space,43,M_h1,matrix_h1_t2,literal_fulltext,P,U,0,0,0,0,0,0,0,0,0
space_relation_confirmation_v1,t5gemma,space,43,M_h1,matrix_h1_t2,literal_fulltext,Q,U,0,0,0,0,0,0,0,0,0
space_relation_confirmation_v1,t5gemma,space,43,N_h0,matrix_h0_t0,normalized_fulltext,P,Q,256,0,0,0,10,0,0,0,246
space_relation_confirmation_v1,t5gemma,space,43,N_h0,matrix_h0_t0,normalized_fulltext,P,U,256,0,0,0,5,0,0,0,251
space_relation_confirmation_v1,t5gemma,space,43,N_h0,matrix_h0_t0,normalized_fulltext,Q,U,256,0,0,0,5,0,0,0,251
space_relation_confirmation_v1,t5gemma,space,43,N_h0,matrix_h0_t0,literal_fulltext,P,Q,256,0,0,0,10,0,0,0,246
space_relation_confirmation_v1,t5gemma,space,43,N_h0,matrix_h0_t0,literal_fulltext,P,U,256,0,0,0,5,0,0,0,251
space_relation_confirmation_v1,t5gemma,space,43,N_h0,matrix_h0_t0,literal_fulltext,Q,U,256,0,0,0,5,0,0,0,251
space_relation_confirmation_v1,t5gemma,space,43,N_h0,matrix_h0_t2,normalized_fulltext,P,Q,0,0,0,0,0,0,0,0,0
space_relation_confirmation_v1,t5gemma,space,43,N_h0,matrix_h0_t2,normalized_fulltext,P,U,0,0,0,0,0,0,0,0,0
space_relation_confirmation_v1,t5gemma,space,43,N_h0,matrix_h0_t2,normalized_fulltext,Q,U,0,0,0,0,0,0,0,0,0
space_relation_confirmation_v1,t5gemma,space,43,N_h0,matrix_h0_t2,literal_fulltext,P,Q,0,0,0,0,0,0,0,0,0
space_relation_confirmation_v1,t5gemma,space,43,N_h0,matrix_h0_t2,literal_fulltext,P,U,0,0,0,0,0,0,0,0,0
space_relation_confirmation_v1,t5gemma,space,43,N_h0,matrix_h0_t2,literal_fulltext,Q,U,0,0,0,0,0,0,0,0,0
space_relation_confirmation_v1,t5gemma,space,43,N_h1,matrix_h1_t0,normalized_fulltext,P,Q,256,0,0,0,57,0,0,0,199
space_relation_confirmation_v1,t5gemma,space,43,N_h1,matrix_h1_t0,normalized_fulltext,P,U,256,0,0,0,46,0,0,0,210
space_relation_confirmation_v1,t5gemma,space,43,N_h1,matrix_h1_t0,normalized_fulltext,Q,U,256,0,0,0,47,0,0,0,209
space_relation_confirmation_v1,t5gemma,space,43,N_h1,matrix_h1_t0,literal_fulltext,P,Q,256,0,0,0,57,0,0,0,199
space_relation_confirmation_v1,t5gemma,space,43,N_h1,matrix_h1_t0,literal_fulltext,P,U,256,0,0,0,46,0,0,0,210
space_relation_confirmation_v1,t5gemma,space,43,N_h1,matrix_h1_t0,literal_fulltext,Q,U,256,0,0,0,47,0,0,0,209
space_relation_confirmation_v1,t5gemma,space,43,N_h1,matrix_h1_t2,normalized_fulltext,P,Q,0,0,0,0,0,0,0,0,0
space_relation_confirmation_v1,t5gemma,space,43,N_h1,matrix_h1_t2,normalized_fulltext,P,U,0,0,0,0,0,0,0,0,0
space_relation_confirmation_v1,t5gemma,space,43,N_h1,matrix_h1_t2,normalized_fulltext,Q,U,0,0,0,0,0,0,0,0,0
space_relation_confirmation_v1,t5gemma,space,43,N_h1,matrix_h1_t2,literal_fulltext,P,Q,0,0,0,0,0,0,0,0,0
space_relation_confirmation_v1,t5gemma,space,43,N_h1,matrix_h1_t2,literal_fulltext,P,U,0,0,0,0,0,0,0,0,0
space_relation_confirmation_v1,t5gemma,space,43,N_h1,matrix_h1_t2,literal_fulltext,Q,U,0,0,0,0,0,0,0,0,0
space_relation_confirmation_v1,t5gemma,space,43,P,matrix_h0_t0,normalized_fulltext,P,Q,256,0,0,0,6,0,0,0,250
space_relation_confirmation_v1,t5gemma,space,43,P,matrix_h0_t0,normalized_fulltext,P,U,256,0,0,0,7,0,0,0,249
space_relation_confirmation_v1,t5gemma,space,43,P,matrix_h0_t0,normalized_fulltext,Q,U,256,0,0,0,4,0,0,0,252
space_relation_confirmation_v1,t5gemma,space,43,P,matrix_h0_t0,literal_fulltext,P,Q,256,0,0,0,6,0,0,0,250
space_relation_confirmation_v1,t5gemma,space,43,P,matrix_h0_t0,literal_fulltext,P,U,256,0,0,0,7,0,0,0,249
space_relation_confirmation_v1,t5gemma,space,43,P,matrix_h0_t0,literal_fulltext,Q,U,256,0,0,0,4,0,0,0,252
space_relation_confirmation_v1,t5gemma,space,43,P,matrix_h0_t2,normalized_fulltext,P,Q,0,0,0,0,0,0,0,0,0
space_relation_confirmation_v1,t5gemma,space,43,P,matrix_h0_t2,normalized_fulltext,P,U,0,0,0,0,0,0,0,0,0
space_relation_confirmation_v1,t5gemma,space,43,P,matrix_h0_t2,normalized_fulltext,Q,U,0,0,0,0,0,0,0,0,0
space_relation_confirmation_v1,t5gemma,space,43,P,matrix_h0_t2,literal_fulltext,P,Q,0,0,0,0,0,0,0,0,0
space_relation_confirmation_v1,t5gemma,space,43,P,matrix_h0_t2,literal_fulltext,P,U,0,0,0,0,0,0,0,0,0
space_relation_confirmation_v1,t5gemma,space,43,P,matrix_h0_t2,literal_fulltext,Q,U,0,0,0,0,0,0,0,0,0
space_relation_confirmation_v1,t5gemma,space,43,P,matrix_h1_t0,normalized_fulltext,P,Q,256,0,0,0,6,0,0,0,250
space_relation_confirmation_v1,t5gemma,space,43,P,matrix_h1_t0,normalized_fulltext,P,U,256,0,0,0,7,0,0,0,249
space_relation_confirmation_v1,t5gemma,space,43,P,matrix_h1_t0,normalized_fulltext,Q,U,256,0,0,0,4,0,0,0,252
space_relation_confirmation_v1,t5gemma,space,43,P,matrix_h1_t0,literal_fulltext,P,Q,256,0,0,0,6,0,0,0,250
space_relation_confirmation_v1,t5gemma,space,43,P,matrix_h1_t0,literal_fulltext,P,U,256,0,0,0,7,0,0,0,249
space_relation_confirmation_v1,t5gemma,space,43,P,matrix_h1_t0,literal_fulltext,Q,U,256,0,0,0,4,0,0,0,252
space_relation_confirmation_v1,t5gemma,space,43,P,matrix_h1_t2,normalized_fulltext,P,Q,0,0,0,0,0,0,0,0,0
space_relation_confirmation_v1,t5gemma,space,43,P,matrix_h1_t2,normalized_fulltext,P,U,0,0,0,0,0,0,0,0,0
space_relation_confirmation_v1,t5gemma,space,43,P,matrix_h1_t2,normalized_fulltext,Q,U,0,0,0,0,0,0,0,0,0
space_relation_confirmation_v1,t5gemma,space,43,P,matrix_h1_t2,literal_fulltext,P,Q,0,0,0,0,0,0,0,0,0
space_relation_confirmation_v1,t5gemma,space,43,P,matrix_h1_t2,literal_fulltext,P,U,0,0,0,0,0,0,0,0,0
space_relation_confirmation_v1,t5gemma,space,43,P,matrix_h1_t2,literal_fulltext,Q,U,0,0,0,0,0,0,0,0,0
space_relation_confirmation_v1,t5gemma,space,43,S_h0,matrix_h0_t0,normalized_fulltext,P,Q,256,0,0,0,256,0,0,0,0
space_relation_confirmation_v1,t5gemma,space,43,S_h0,matrix_h0_t0,normalized_fulltext,P,U,256,1,0,1,256,1,0,1,0
space_relation_confirmation_v1,t5gemma,space,43,S_h0,matrix_h0_t0,normalized_fulltext,Q,U,256,1,0,1,256,1,0,1,0
space_relation_confirmation_v1,t5gemma,space,43,S_h0,matrix_h0_t0,literal_fulltext,P,Q,256,0,0,0,256,0,0,0,0
space_relation_confirmation_v1,t5gemma,space,43,S_h0,matrix_h0_t0,literal_fulltext,P,U,256,1,0,1,256,1,0,1,0
space_relation_confirmation_v1,t5gemma,space,43,S_h0,matrix_h0_t0,literal_fulltext,Q,U,256,1,0,1,256,1,0,1,0
space_relation_confirmation_v1,t5gemma,space,43,S_h0,matrix_h0_t2,normalized_fulltext,P,Q,0,0,0,0,0,0,0,0,0
space_relation_confirmation_v1,t5gemma,space,43,S_h0,matrix_h0_t2,normalized_fulltext,P,U,0,0,0,0,0,0,0,0,0
space_relation_confirmation_v1,t5gemma,space,43,S_h0,matrix_h0_t2,normalized_fulltext,Q,U,0,0,0,0,0,0,0,0,0
space_relation_confirmation_v1,t5gemma,space,43,S_h0,matrix_h0_t2,literal_fulltext,P,Q,0,0,0,0,0,0,0,0,0
space_relation_confirmation_v1,t5gemma,space,43,S_h0,matrix_h0_t2,literal_fulltext,P,U,0,0,0,0,0,0,0,0,0
space_relation_confirmation_v1,t5gemma,space,43,S_h0,matrix_h0_t2,literal_fulltext,Q,U,0,0,0,0,0,0,0,0,0
space_relation_confirmation_v1,t5gemma,space,43,S_h1,matrix_h1_t0,normalized_fulltext,P,Q,256,0,0,0,256,0,0,0,0
space_relation_confirmation_v1,t5gemma,space,43,S_h1,matrix_h1_t0,normalized_fulltext,P,U,256,31,0,31,256,31,0,31,0
space_relation_confirmation_v1,t5gemma,space,43,S_h1,matrix_h1_t0,normalized_fulltext,Q,U,256,31,0,31,256,31,0,31,0
space_relation_confirmation_v1,t5gemma,space,43,S_h1,matrix_h1_t0,literal_fulltext,P,Q,256,0,0,0,256,0,0,0,0
space_relation_confirmation_v1,t5gemma,space,43,S_h1,matrix_h1_t0,literal_fulltext,P,U,256,31,0,31,256,31,0,31,0
space_relation_confirmation_v1,t5gemma,space,43,S_h1,matrix_h1_t0,literal_fulltext,Q,U,256,31,0,31,256,31,0,31,0
space_relation_confirmation_v1,t5gemma,space,43,S_h1,matrix_h1_t2,normalized_fulltext,P,Q,0,0,0,0,0,0,0,0,0
space_relation_confirmation_v1,t5gemma,space,43,S_h1,matrix_h1_t2,normalized_fulltext,P,U,0,0,0,0,0,0,0,0,0
space_relation_confirmation_v1,t5gemma,space,43,S_h1,matrix_h1_t2,normalized_fulltext,Q,U,0,0,0,0,0,0,0,0,0
space_relation_confirmation_v1,t5gemma,space,43,S_h1,matrix_h1_t2,literal_fulltext,P,Q,0,0,0,0,0,0,0,0,0
space_relation_confirmation_v1,t5gemma,space,43,S_h1,matrix_h1_t2,literal_fulltext,P,U,0,0,0,0,0,0,0,0,0
space_relation_confirmation_v1,t5gemma,space,43,S_h1,matrix_h1_t2,literal_fulltext,Q,U,0,0,0,0,0,0,0,0,0
