model,domain,seed,phase,condition,kind,operation,state,template,n,worlds,success_k,success_rate,target_k,target_rate,preserved_k,preserved_rate,scope_k,scope_rate,parseable_k,parseable_rate,grammar_k,grammar_rate,ended_k,ended_rate,holdout_split,source,state_heldout,current_correct_n,current_coverage,conditional_n,conditional_k,conditional_rate,matched_n,matched_k,matched_rate,mode,step,trajectory,full_k,full_rate
bart,time,42,formal,M_h1,atomic,plus,-2,3,32,32,32,1.0,32,1.0,32,1.0,32,1.0,32,1.0,32,1.0,32,1.0,,,,,,,,,,,,,,,,
bart,time,42,formal,M_h1,atomic,plus,-1,3,32,32,32,1.0,32,1.0,32,1.0,32,1.0,32,1.0,32,1.0,32,1.0,,,,,,,,,,,,,,,,
bart,time,42,formal,M_h1,atomic,plus,0,3,32,32,32,1.0,32,1.0,32,1.0,32,1.0,32,1.0,32,1.0,32,1.0,,,,,,,,,,,,,,,,
bart,time,42,formal,M_h1,atomic,plus,1,3,32,32,32,1.0,32,1.0,32,1.0,32,1.0,32,1.0,32,1.0,32,1.0,,,,,,,,,,,,,,,,
bart,time,42,formal,M_h1,atomic,plus,2,3,32,32,32,1.0,32,1.0,32,1.0,32,1.0,32,1.0,32,1.0,32,1.0,,,,,,,,,,,,,,,,
bart,time,42,formal,M_h1,atomic,plus,3,3,32,32,32,1.0,32,1.0,32,1.0,32,1.0,32,1.0,32,1.0,32,1.0,,,,,,,,,,,,,,,,
bart,time,42,formal,M_h1,atomic,plus,-2,4,32,32,32,1.0,32,1.0,32,1.0,32,1.0,32,1.0,32,1.0,32,1.0,,,,,,,,,,,,,,,,
bart,time,42,formal,M_h1,atomic,plus,-1,4,32,32,3,0.09375,3,0.09375,3,0.09375,3,0.09375,32,1.0,3,0.09375,32,1.0,,,,,,,,,,,,,,,,
bart,time,42,formal,M_h1,atomic,plus,0,4,32,32,32,1.0,32,1.0,32,1.0,32,1.0,32,1.0,32,1.0,32,1.0,,,,,,,,,,,,,,,,
bart,time,42,formal,M_h1,atomic,plus,1,4,32,32,32,1.0,32,1.0,32,1.0,32,1.0,32,1.0,32,1.0,32,1.0,,,,,,,,,,,,,,,,
bart,time,42,formal,M_h1,atomic,plus,2,4,32,32,32,1.0,32,1.0,32,1.0,32,1.0,32,1.0,32,1.0,32,1.0,,,,,,,,,,,,,,,,
bart,time,42,formal,M_h1,atomic,plus,3,4,32,32,32,1.0,32,1.0,32,1.0,32,1.0,32,1.0,32,1.0,32,1.0,,,,,,,,,,,,,,,,
bart,time,42,formal,M_h1,atomic,plus,-2,5,32,32,0,0.0,7,0.21875,0,0.0,0,0.0,32,1.0,32,1.0,32,1.0,,,,,,,,,,,,,,,,
bart,time,42,formal,M_h1,atomic,plus,-1,5,32,32,0,0.0,31,0.96875,0,0.0,0,0.0,32,1.0,32,1.0,32,1.0,,,,,,,,,,,,,,,,
bart,time,42,formal,M_h1,atomic,plus,0,5,32,32,0,0.0,31,0.96875,0,0.0,0,0.0,32,1.0,32,1.0,32,1.0,,,,,,,,,,,,,,,,
bart,time,42,formal,M_h1,atomic,plus,1,5,32,32,0,0.0,32,1.0,0,0.0,0,0.0,32,1.0,32,1.0,32,1.0,,,,,,,,,,,,,,,,
bart,time,42,formal,M_h1,atomic,plus,2,5,32,32,0,0.0,32,1.0,0,0.0,0,0.0,32,1.0,32,1.0,32,1.0,,,,,,,,,,,,,,,,
bart,time,42,formal,M_h1,atomic,plus,3,5,32,32,0,0.0,32,1.0,0,0.0,0,0.0,32,1.0,32,1.0,32,1.0,,,,,,,,,,,,,,,,
bart,time,42,formal,M_h1,atomic,minus,-3,3,32,32,32,1.0,32,1.0,32,1.0,32,1.0,32,1.0,32,1.0,32,1.0,,,,,,,,,,,,,,,,
bart,time,42,formal,M_h1,atomic,minus,-2,3,32,32,32,1.0,32,1.0,32,1.0,32,1.0,32,1.0,32,1.0,32,1.0,,,,,,,,,,,,,,,,
bart,time,42,formal,M_h1,atomic,minus,-1,3,32,32,32,1.0,32,1.0,32,1.0,32,1.0,32,1.0,32,1.0,32,1.0,,,,,,,,,,,,,,,,
bart,time,42,formal,M_h1,atomic,minus,0,3,32,32,32,1.0,32,1.0,32,1.0,32,1.0,32,1.0,32,1.0,32,1.0,,,,,,,,,,,,,,,,
bart,time,42,formal,M_h1,atomic,minus,1,3,32,32,32,1.0,32,1.0,32,1.0,32,1.0,32,1.0,32,1.0,32,1.0,,,,,,,,,,,,,,,,
bart,time,42,formal,M_h1,atomic,minus,2,3,32,32,32,1.0,32,1.0,32,1.0,32,1.0,32,1.0,32,1.0,32,1.0,,,,,,,,,,,,,,,,
bart,time,42,formal,M_h1,atomic,minus,-3,4,32,32,32,1.0,32,1.0,32,1.0,32,1.0,32,1.0,32,1.0,32,1.0,,,,,,,,,,,,,,,,
bart,time,42,formal,M_h1,atomic,minus,-2,4,32,32,32,1.0,32,1.0,32,1.0,32,1.0,32,1.0,32,1.0,32,1.0,,,,,,,,,,,,,,,,
bart,time,42,formal,M_h1,atomic,minus,-1,4,32,32,25,0.78125,32,1.0,25,0.78125,25,0.78125,32,1.0,32,1.0,32,1.0,,,,,,,,,,,,,,,,
bart,time,42,formal,M_h1,atomic,minus,0,4,32,32,22,0.6875,32,1.0,22,0.6875,22,0.6875,32,1.0,32,1.0,32,1.0,,,,,,,,,,,,,,,,
bart,time,42,formal,M_h1,atomic,minus,1,4,32,32,25,0.78125,32,1.0,25,0.78125,25,0.78125,32,1.0,32,1.0,32,1.0,,,,,,,,,,,,,,,,
bart,time,42,formal,M_h1,atomic,minus,2,4,32,32,31,0.96875,32,1.0,31,0.96875,31,0.96875,32,1.0,32,1.0,32,1.0,,,,,,,,,,,,,,,,
bart,time,42,formal,M_h1,atomic,minus,-3,5,32,32,0,0.0,32,1.0,0,0.0,0,0.0,32,1.0,32,1.0,32,1.0,,,,,,,,,,,,,,,,
bart,time,42,formal,M_h1,atomic,minus,-2,5,32,32,0,0.0,32,1.0,0,0.0,0,0.0,32,1.0,32,1.0,32,1.0,,,,,,,,,,,,,,,,
bart,time,42,formal,M_h1,atomic,minus,-1,5,32,32,0,0.0,32,1.0,0,0.0,0,0.0,32,1.0,32,1.0,32,1.0,,,,,,,,,,,,,,,,
bart,time,42,formal,M_h1,atomic,minus,0,5,32,32,0,0.0,32,1.0,0,0.0,0,0.0,32,1.0,32,1.0,32,1.0,,,,,,,,,,,,,,,,
bart,time,42,formal,M_h1,atomic,minus,1,5,32,32,0,0.0,32,1.0,0,0.0,0,0.0,32,1.0,32,1.0,32,1.0,,,,,,,,,,,,,,,,
bart,time,42,formal,M_h1,atomic,minus,2,5,32,32,0,0.0,32,1.0,0,0.0,0,0.0,32,1.0,32,1.0,32,1.0,,,,,,,,,,,,,,,,
bart,time,42,formal,M_h1,atomic,plus,-2,0,32,32,32,1.0,32,1.0,32,1.0,32,1.0,32,1.0,32,1.0,32,1.0,,,,,,,,,,,,,,,,
bart,time,42,formal,M_h1,atomic,plus,-1,0,32,32,32,1.0,32,1.0,32,1.0,32,1.0,32,1.0,32,1.0,32,1.0,,,,,,,,,,,,,,,,
bart,time,42,formal,M_h1,atomic,plus,0,0,32,32,32,1.0,32,1.0,32,1.0,32,1.0,32,1.0,32,1.0,32,1.0,,,,,,,,,,,,,,,,
bart,time,42,formal,M_h1,atomic,plus,1,0,32,32,32,1.0,32,1.0,32,1.0,32,1.0,32,1.0,32,1.0,32,1.0,,,,,,,,,,,,,,,,
bart,time,42,formal,M_h1,atomic,plus,2,0,32,32,32,1.0,32,1.0,32,1.0,32,1.0,32,1.0,32,1.0,32,1.0,,,,,,,,,,,,,,,,
bart,time,42,formal,M_h1,atomic,plus,3,0,32,32,32,1.0,32,1.0,32,1.0,32,1.0,32,1.0,32,1.0,32,1.0,,,,,,,,,,,,,,,,
bart,time,42,formal,M_h1,atomic,plus,-2,1,32,32,32,1.0,32,1.0,32,1.0,32,1.0,32,1.0,32,1.0,32,1.0,,,,,,,,,,,,,,,,
bart,time,42,formal,M_h1,atomic,plus,-1,1,32,32,32,1.0,32,1.0,32,1.0,32,1.0,32,1.0,32,1.0,32,1.0,,,,,,,,,,,,,,,,
bart,time,42,formal,M_h1,atomic,plus,0,1,32,32,32,1.0,32,1.0,32,1.0,32,1.0,32,1.0,32,1.0,32,1.0,,,,,,,,,,,,,,,,
bart,time,42,formal,M_h1,atomic,plus,1,1,32,32,32,1.0,32,1.0,32,1.0,32,1.0,32,1.0,32,1.0,32,1.0,,,,,,,,,,,,,,,,
bart,time,42,formal,M_h1,atomic,plus,2,1,32,32,32,1.0,32,1.0,32,1.0,32,1.0,32,1.0,32,1.0,32,1.0,,,,,,,,,,,,,,,,
bart,time,42,formal,M_h1,atomic,plus,3,1,32,32,32,1.0,32,1.0,32,1.0,32,1.0,32,1.0,32,1.0,32,1.0,,,,,,,,,,,,,,,,
bart,time,42,formal,M_h1,atomic,minus,-3,0,32,32,32,1.0,32,1.0,32,1.0,32,1.0,32,1.0,32,1.0,32,1.0,,,,,,,,,,,,,,,,
bart,time,42,formal,M_h1,atomic,minus,-2,0,32,32,32,1.0,32,1.0,32,1.0,32,1.0,32,1.0,32,1.0,32,1.0,,,,,,,,,,,,,,,,
bart,time,42,formal,M_h1,atomic,minus,-1,0,32,32,32,1.0,32,1.0,32,1.0,32,1.0,32,1.0,32,1.0,32,1.0,,,,,,,,,,,,,,,,
bart,time,42,formal,M_h1,atomic,minus,0,0,32,32,32,1.0,32,1.0,32,1.0,32,1.0,32,1.0,32,1.0,32,1.0,,,,,,,,,,,,,,,,
bart,time,42,formal,M_h1,atomic,minus,1,0,32,32,32,1.0,32,1.0,32,1.0,32,1.0,32,1.0,32,1.0,32,1.0,,,,,,,,,,,,,,,,
bart,time,42,formal,M_h1,atomic,minus,2,0,32,32,32,1.0,32,1.0,32,1.0,32,1.0,32,1.0,32,1.0,32,1.0,,,,,,,,,,,,,,,,
bart,time,42,formal,M_h1,atomic,minus,-3,1,32,32,32,1.0,32,1.0,32,1.0,32,1.0,32,1.0,32,1.0,32,1.0,,,,,,,,,,,,,,,,
bart,time,42,formal,M_h1,atomic,minus,-2,1,32,32,32,1.0,32,1.0,32,1.0,32,1.0,32,1.0,32,1.0,32,1.0,,,,,,,,,,,,,,,,
bart,time,42,formal,M_h1,atomic,minus,-1,1,32,32,32,1.0,32,1.0,32,1.0,32,1.0,32,1.0,32,1.0,32,1.0,,,,,,,,,,,,,,,,
bart,time,42,formal,M_h1,atomic,minus,0,1,32,32,32,1.0,32,1.0,32,1.0,32,1.0,32,1.0,32,1.0,32,1.0,,,,,,,,,,,,,,,,
bart,time,42,formal,M_h1,atomic,minus,1,1,32,32,32,1.0,32,1.0,32,1.0,32,1.0,32,1.0,32,1.0,32,1.0,,,,,,,,,,,,,,,,
bart,time,42,formal,M_h1,atomic,minus,2,1,32,32,32,1.0,32,1.0,32,1.0,32,1.0,32,1.0,32,1.0,32,1.0,,,,,,,,,,,,,,,,
bart,time,42,formal,M_h1,atomic,plus,-2,2,32,32,2,0.0625,2,0.0625,32,1.0,2,0.0625,32,1.0,2,0.0625,32,1.0,,,,,,,,,,,,,,,,
bart,time,42,formal,M_h1,atomic,plus,-1,2,32,32,0,0.0,0,0.0,32,1.0,0,0.0,32,1.0,1,0.03125,32,1.0,,,,,,,,,,,,,,,,
bart,time,42,formal,M_h1,atomic,plus,0,2,32,32,0,0.0,0,0.0,32,1.0,0,0.0,32,1.0,32,1.0,32,1.0,,,,,,,,,,,,,,,,
bart,time,42,formal,M_h1,atomic,plus,1,2,32,32,0,0.0,0,0.0,32,1.0,0,0.0,32,1.0,32,1.0,32,1.0,,,,,,,,,,,,,,,,
bart,time,42,formal,M_h1,atomic,plus,2,2,32,32,0,0.0,0,0.0,32,1.0,0,0.0,32,1.0,32,1.0,32,1.0,,,,,,,,,,,,,,,,
bart,time,42,formal,M_h1,atomic,plus,3,2,32,32,32,1.0,32,1.0,32,1.0,32,1.0,32,1.0,32,1.0,32,1.0,,,,,,,,,,,,,,,,
bart,time,42,formal,M_h1,atomic,minus,-3,2,32,32,0,0.0,0,0.0,32,1.0,0,0.0,32,1.0,32,1.0,32,1.0,,,,,,,,,,,,,,,,
bart,time,42,formal,M_h1,atomic,minus,-2,2,32,32,0,0.0,0,0.0,32,1.0,0,0.0,32,1.0,32,1.0,32,1.0,,,,,,,,,,,,,,,,
bart,time,42,formal,M_h1,atomic,minus,-1,2,32,32,0,0.0,0,0.0,32,1.0,0,0.0,32,1.0,26,0.8125,32,1.0,,,,,,,,,,,,,,,,
bart,time,42,formal,M_h1,atomic,minus,0,2,32,32,0,0.0,0,0.0,32,1.0,0,0.0,32,1.0,32,1.0,32,1.0,,,,,,,,,,,,,,,,
bart,time,42,formal,M_h1,atomic,minus,1,2,32,32,0,0.0,0,0.0,32,1.0,0,0.0,32,1.0,29,0.90625,32,1.0,,,,,,,,,,,,,,,,
bart,time,42,formal,M_h1,atomic,minus,2,2,32,32,32,1.0,32,1.0,32,1.0,32,1.0,32,1.0,32,1.0,32,1.0,,,,,,,,,,,,,,,,
bart,time,42,formal,M_h1,source_matrix,plus,-2,0,32,32,0,0.0,0,0.0,32,1.0,0,0.0,32,1.0,32,1.0,32,1.0,1,P,True,32,1.0,32,0,0.0,32,0,0.0,,,,,
bart,time,42,formal,M_h1,source_matrix,plus,-1,0,32,32,32,1.0,32,1.0,32,1.0,32,1.0,32,1.0,32,1.0,32,1.0,1,P,False,32,1.0,32,32,1.0,32,32,1.0,,,,,
bart,time,42,formal,M_h1,source_matrix,plus,0,0,32,32,32,1.0,32,1.0,32,1.0,32,1.0,32,1.0,32,1.0,32,1.0,1,P,False,32,1.0,32,32,1.0,32,32,1.0,,,,,
bart,time,42,formal,M_h1,source_matrix,plus,1,0,32,32,32,1.0,32,1.0,32,1.0,32,1.0,32,1.0,32,1.0,32,1.0,1,P,False,32,1.0,32,32,1.0,32,32,1.0,,,,,
bart,time,42,formal,M_h1,source_matrix,plus,2,0,32,32,0,0.0,0,0.0,32,1.0,0,0.0,32,1.0,32,1.0,32,1.0,1,P,False,32,1.0,32,0,0.0,32,0,0.0,,,,,
bart,time,42,formal,M_h1,source_matrix,plus,3,0,32,32,26,0.8125,26,0.8125,32,1.0,26,0.8125,32,1.0,32,1.0,32,1.0,1,P,False,32,1.0,32,26,0.8125,32,26,0.8125,,,,,
bart,time,42,formal,M_h1,source_matrix,minus,-3,0,32,32,0,0.0,0,0.0,32,1.0,0,0.0,32,1.0,32,1.0,32,1.0,1,P,False,32,1.0,32,0,0.0,32,0,0.0,,,,,
bart,time,42,formal,M_h1,source_matrix,minus,-2,0,32,32,0,0.0,0,0.0,32,1.0,0,0.0,32,1.0,32,1.0,32,1.0,1,P,True,32,1.0,32,0,0.0,32,0,0.0,,,,,
bart,time,42,formal,M_h1,source_matrix,minus,-1,0,32,32,32,1.0,32,1.0,32,1.0,32,1.0,32,1.0,32,1.0,32,1.0,1,P,False,32,1.0,32,32,1.0,32,32,1.0,,,,,
bart,time,42,formal,M_h1,source_matrix,minus,0,0,32,32,32,1.0,32,1.0,32,1.0,32,1.0,32,1.0,32,1.0,32,1.0,1,P,False,32,1.0,32,32,1.0,32,32,1.0,,,,,
bart,time,42,formal,M_h1,source_matrix,minus,1,0,32,32,32,1.0,32,1.0,32,1.0,32,1.0,32,1.0,32,1.0,32,1.0,1,P,False,32,1.0,32,32,1.0,32,32,1.0,,,,,
bart,time,42,formal,M_h1,source_matrix,minus,2,0,32,32,0,0.0,0,0.0,32,1.0,0,0.0,32,1.0,32,1.0,32,1.0,1,P,False,32,1.0,32,0,0.0,32,0,0.0,,,,,
bart,time,42,formal,M_h1,source_matrix,plus,-2,0,32,32,0,0.0,0,0.0,32,1.0,0,0.0,32,1.0,32,1.0,32,1.0,1,Q,True,32,1.0,32,0,0.0,32,0,0.0,,,,,
bart,time,42,formal,M_h1,source_matrix,plus,-1,0,32,32,30,0.9375,30,0.9375,32,1.0,30,0.9375,32,1.0,32,1.0,32,1.0,1,Q,False,32,1.0,32,30,0.9375,32,30,0.9375,,,,,
bart,time,42,formal,M_h1,source_matrix,plus,0,0,32,32,32,1.0,32,1.0,32,1.0,32,1.0,32,1.0,32,1.0,32,1.0,1,Q,False,32,1.0,32,32,1.0,32,32,1.0,,,,,
bart,time,42,formal,M_h1,source_matrix,plus,1,0,32,32,32,1.0,32,1.0,32,1.0,32,1.0,32,1.0,32,1.0,32,1.0,1,Q,False,32,1.0,32,32,1.0,32,32,1.0,,,,,
bart,time,42,formal,M_h1,source_matrix,plus,2,0,32,32,0,0.0,0,0.0,32,1.0,0,0.0,32,1.0,32,1.0,32,1.0,1,Q,False,32,1.0,32,0,0.0,32,0,0.0,,,,,
bart,time,42,formal,M_h1,source_matrix,plus,3,0,32,32,29,0.90625,29,0.90625,32,1.0,29,0.90625,32,1.0,32,1.0,32,1.0,1,Q,False,32,1.0,32,29,0.90625,32,29,0.90625,,,,,
bart,time,42,formal,M_h1,source_matrix,minus,-3,0,32,32,0,0.0,0,0.0,32,1.0,0,0.0,32,1.0,32,1.0,32,1.0,1,Q,False,32,1.0,32,0,0.0,32,0,0.0,,,,,
bart,time,42,formal,M_h1,source_matrix,minus,-2,0,32,32,0,0.0,0,0.0,32,1.0,0,0.0,32,1.0,32,1.0,32,1.0,1,Q,True,32,1.0,32,0,0.0,32,0,0.0,,,,,
bart,time,42,formal,M_h1,source_matrix,minus,-1,0,32,32,32,1.0,32,1.0,32,1.0,32,1.0,32,1.0,32,1.0,32,1.0,1,Q,False,32,1.0,32,32,1.0,32,32,1.0,,,,,
bart,time,42,formal,M_h1,source_matrix,minus,0,0,32,32,32,1.0,32,1.0,32,1.0,32,1.0,32,1.0,32,1.0,32,1.0,1,Q,False,32,1.0,32,32,1.0,32,32,1.0,,,,,
bart,time,42,formal,M_h1,source_matrix,minus,1,0,32,32,32,1.0,32,1.0,32,1.0,32,1.0,32,1.0,32,1.0,32,1.0,1,Q,False,32,1.0,32,32,1.0,32,32,1.0,,,,,
bart,time,42,formal,M_h1,source_matrix,minus,2,0,32,32,0,0.0,0,0.0,32,1.0,0,0.0,32,1.0,32,1.0,32,1.0,1,Q,False,32,1.0,32,0,0.0,32,0,0.0,,,,,
bart,time,42,formal,M_h1,source_matrix,plus,-2,0,32,32,0,0.0,0,0.0,32,1.0,0,0.0,32,1.0,32,1.0,32,1.0,1,U,True,32,1.0,32,0,0.0,32,0,0.0,,,,,
bart,time,42,formal,M_h1,source_matrix,plus,-1,0,32,32,31,0.96875,31,0.96875,32,1.0,31,0.96875,32,1.0,32,1.0,32,1.0,1,U,False,32,1.0,32,31,0.96875,32,31,0.96875,,,,,
bart,time,42,formal,M_h1,source_matrix,plus,0,0,32,32,32,1.0,32,1.0,32,1.0,32,1.0,32,1.0,32,1.0,32,1.0,1,U,False,32,1.0,32,32,1.0,32,32,1.0,,,,,
bart,time,42,formal,M_h1,source_matrix,plus,1,0,32,32,32,1.0,32,1.0,32,1.0,32,1.0,32,1.0,32,1.0,32,1.0,1,U,False,32,1.0,32,32,1.0,32,32,1.0,,,,,
bart,time,42,formal,M_h1,source_matrix,plus,2,0,32,32,0,0.0,0,0.0,32,1.0,0,0.0,32,1.0,32,1.0,32,1.0,1,U,False,32,1.0,32,0,0.0,32,0,0.0,,,,,
bart,time,42,formal,M_h1,source_matrix,plus,3,0,32,32,8,0.25,8,0.25,32,1.0,8,0.25,32,1.0,32,1.0,32,1.0,1,U,False,32,1.0,32,8,0.25,32,8,0.25,,,,,
bart,time,42,formal,M_h1,source_matrix,minus,-3,0,32,32,0,0.0,0,0.0,32,1.0,0,0.0,32,1.0,32,1.0,32,1.0,1,U,False,32,1.0,32,0,0.0,32,0,0.0,,,,,
bart,time,42,formal,M_h1,source_matrix,minus,-2,0,32,32,0,0.0,0,0.0,32,1.0,0,0.0,32,1.0,32,1.0,32,1.0,1,U,True,32,1.0,32,0,0.0,32,0,0.0,,,,,
bart,time,42,formal,M_h1,source_matrix,minus,-1,0,32,32,32,1.0,32,1.0,32,1.0,32,1.0,32,1.0,32,1.0,32,1.0,1,U,False,32,1.0,32,32,1.0,32,32,1.0,,,,,
bart,time,42,formal,M_h1,source_matrix,minus,0,0,32,32,32,1.0,32,1.0,32,1.0,32,1.0,32,1.0,32,1.0,32,1.0,1,U,False,32,1.0,32,32,1.0,32,32,1.0,,,,,
bart,time,42,formal,M_h1,source_matrix,minus,1,0,32,32,32,1.0,32,1.0,32,1.0,32,1.0,32,1.0,32,1.0,32,1.0,1,U,False,32,1.0,32,32,1.0,32,32,1.0,,,,,
bart,time,42,formal,M_h1,source_matrix,minus,2,0,32,32,0,0.0,0,0.0,32,1.0,0,0.0,32,1.0,32,1.0,32,1.0,1,U,False,32,1.0,32,0,0.0,32,0,0.0,,,,,
bart,time,42,formal,M_h1,source_matrix,plus,-2,2,32,32,24,0.75,24,0.75,32,1.0,24,0.75,32,1.0,24,0.75,32,1.0,1,P,True,0,0.0,0,0,,0,0,,,,,,
bart,time,42,formal,M_h1,source_matrix,plus,-1,2,32,32,22,0.6875,22,0.6875,32,1.0,22,0.6875,32,1.0,27,0.84375,32,1.0,1,P,False,0,0.0,0,0,,0,0,,,,,,
bart,time,42,formal,M_h1,source_matrix,plus,0,2,32,32,0,0.0,0,0.0,32,1.0,0,0.0,32,1.0,28,0.875,32,1.0,1,P,False,0,0.0,0,0,,0,0,,,,,,
bart,time,42,formal,M_h1,source_matrix,plus,1,2,32,32,0,0.0,0,0.0,32,1.0,0,0.0,32,1.0,32,1.0,32,1.0,1,P,False,0,0.0,0,0,,0,0,,,,,,
bart,time,42,formal,M_h1,source_matrix,plus,2,2,32,32,0,0.0,0,0.0,32,1.0,0,0.0,32,1.0,31,0.96875,32,1.0,1,P,False,32,1.0,32,0,0.0,32,0,0.0,,,,,
bart,time,42,formal,M_h1,source_matrix,plus,3,2,32,32,0,0.0,0,0.0,30,0.9375,0,0.0,30,0.9375,29,0.90625,32,1.0,1,P,False,32,1.0,32,0,0.0,32,0,0.0,,,,,
bart,time,42,formal,M_h1,source_matrix,minus,-3,2,32,32,0,0.0,0,0.0,32,1.0,0,0.0,32,1.0,20,0.625,32,1.0,1,P,False,0,0.0,0,0,,0,0,,,,,,
bart,time,42,formal,M_h1,source_matrix,minus,-2,2,32,32,0,0.0,0,0.0,31,0.96875,0,0.0,31,0.96875,8,0.25,32,1.0,1,P,True,0,0.0,0,0,,0,0,,,,,,
bart,time,42,formal,M_h1,source_matrix,minus,-1,2,32,32,0,0.0,0,0.0,32,1.0,0,0.0,32,1.0,32,1.0,32,1.0,1,P,False,0,0.0,0,0,,0,0,,,,,,
bart,time,42,formal,M_h1,source_matrix,minus,0,2,32,32,0,0.0,0,0.0,30,0.9375,0,0.0,30,0.9375,14,0.4375,32,1.0,1,P,False,0,0.0,0,0,,0,0,,,,,,
bart,time,42,formal,M_h1,source_matrix,minus,1,2,32,32,0,0.0,0,0.0,32,1.0,0,0.0,32,1.0,23,0.71875,32,1.0,1,P,False,0,0.0,0,0,,0,0,,,,,,
bart,time,42,formal,M_h1,source_matrix,minus,2,2,32,32,0,0.0,0,0.0,32,1.0,0,0.0,32,1.0,4,0.125,32,1.0,1,P,False,32,1.0,32,0,0.0,32,0,0.0,,,,,
bart,time,42,formal,M_h1,source_matrix,plus,-2,2,32,32,29,0.90625,29,0.90625,32,1.0,29,0.90625,32,1.0,29,0.90625,32,1.0,1,Q,True,0,0.0,0,0,,0,0,,,,,,
bart,time,42,formal,M_h1,source_matrix,plus,-1,2,32,32,26,0.8125,26,0.8125,32,1.0,26,0.8125,32,1.0,32,1.0,32,1.0,1,Q,False,0,0.0,0,0,,0,0,,,,,,
bart,time,42,formal,M_h1,source_matrix,plus,0,2,32,32,0,0.0,0,0.0,32,1.0,0,0.0,32,1.0,29,0.90625,32,1.0,1,Q,False,0,0.0,0,0,,0,0,,,,,,
bart,time,42,formal,M_h1,source_matrix,plus,1,2,32,32,0,0.0,0,0.0,32,1.0,0,0.0,32,1.0,28,0.875,32,1.0,1,Q,False,0,0.0,0,0,,0,0,,,,,,
bart,time,42,formal,M_h1,source_matrix,plus,2,2,32,32,0,0.0,0,0.0,32,1.0,0,0.0,32,1.0,29,0.90625,32,1.0,1,Q,False,32,1.0,32,0,0.0,32,0,0.0,,,,,
bart,time,42,formal,M_h1,source_matrix,plus,3,2,32,32,0,0.0,0,0.0,32,1.0,0,0.0,32,1.0,29,0.90625,32,1.0,1,Q,False,32,1.0,32,0,0.0,32,0,0.0,,,,,
bart,time,42,formal,M_h1,source_matrix,minus,-3,2,32,32,0,0.0,0,0.0,32,1.0,0,0.0,32,1.0,20,0.625,32,1.0,1,Q,False,3,0.09375,3,0,0.0,0,0,,,,,,
bart,time,42,formal,M_h1,source_matrix,minus,-2,2,32,32,0,0.0,0,0.0,32,1.0,0,0.0,32,1.0,14,0.4375,32,1.0,1,Q,True,0,0.0,0,0,,0,0,,,,,,
bart,time,42,formal,M_h1,source_matrix,minus,-1,2,32,32,0,0.0,0,0.0,32,1.0,0,0.0,32,1.0,32,1.0,32,1.0,1,Q,False,0,0.0,0,0,,0,0,,,,,,
bart,time,42,formal,M_h1,source_matrix,minus,0,2,32,32,0,0.0,0,0.0,32,1.0,0,0.0,32,1.0,18,0.5625,32,1.0,1,Q,False,0,0.0,0,0,,0,0,,,,,,
bart,time,42,formal,M_h1,source_matrix,minus,1,2,32,32,0,0.0,0,0.0,29,0.90625,0,0.0,29,0.90625,17,0.53125,32,1.0,1,Q,False,0,0.0,0,0,,0,0,,,,,,
bart,time,42,formal,M_h1,source_matrix,minus,2,2,32,32,0,0.0,0,0.0,32,1.0,0,0.0,32,1.0,6,0.1875,32,1.0,1,Q,False,32,1.0,32,0,0.0,32,0,0.0,,,,,
bart,time,42,formal,M_h1,source_matrix,plus,-2,2,32,32,29,0.90625,29,0.90625,30,0.9375,29,0.90625,30,0.9375,29,0.90625,32,1.0,1,U,True,0,0.0,0,0,,0,0,,,,,,
bart,time,42,formal,M_h1,source_matrix,plus,-1,2,32,32,0,0.0,0,0.0,32,1.0,0,0.0,32,1.0,32,1.0,32,1.0,1,U,False,0,0.0,0,0,,0,0,,,,,,
bart,time,42,formal,M_h1,source_matrix,plus,0,2,32,32,0,0.0,0,0.0,30,0.9375,0,0.0,30,0.9375,30,0.9375,32,1.0,1,U,False,0,0.0,0,0,,0,0,,,,,,
bart,time,42,formal,M_h1,source_matrix,plus,1,2,32,32,0,0.0,0,0.0,31,0.96875,0,0.0,31,0.96875,28,0.875,32,1.0,1,U,False,0,0.0,0,0,,0,0,,,,,,
bart,time,42,formal,M_h1,source_matrix,plus,2,2,32,32,0,0.0,0,0.0,30,0.9375,0,0.0,30,0.9375,29,0.90625,32,1.0,1,U,False,32,1.0,32,0,0.0,32,0,0.0,,,,,
bart,time,42,formal,M_h1,source_matrix,plus,3,2,32,32,22,0.6875,22,0.6875,30,0.9375,22,0.6875,30,0.9375,29,0.90625,32,1.0,1,U,False,32,1.0,32,22,0.6875,32,22,0.6875,,,,,
bart,time,42,formal,M_h1,source_matrix,minus,-3,2,32,32,0,0.0,0,0.0,22,0.6875,0,0.0,22,0.6875,13,0.40625,32,1.0,1,U,False,32,1.0,32,0,0.0,0,0,,,,,,
bart,time,42,formal,M_h1,source_matrix,minus,-2,2,32,32,0,0.0,0,0.0,19,0.59375,0,0.0,19,0.59375,9,0.28125,32,1.0,1,U,True,0,0.0,0,0,,0,0,,,,,,
bart,time,42,formal,M_h1,source_matrix,minus,-1,2,32,32,2,0.0625,2,0.0625,32,1.0,2,0.0625,32,1.0,32,1.0,32,1.0,1,U,False,0,0.0,0,0,,0,0,,,,,,
bart,time,42,formal,M_h1,source_matrix,minus,0,2,32,32,0,0.0,0,0.0,23,0.71875,0,0.0,23,0.71875,9,0.28125,32,1.0,1,U,False,0,0.0,0,0,,0,0,,,,,,
bart,time,42,formal,M_h1,source_matrix,minus,1,2,32,32,0,0.0,0,0.0,24,0.75,0,0.0,24,0.75,12,0.375,32,1.0,1,U,False,0,0.0,0,0,,0,0,,,,,,
bart,time,42,formal,M_h1,source_matrix,minus,2,2,32,32,0,0.0,0,0.0,21,0.65625,0,0.0,21,0.65625,0,0.0,32,1.0,1,U,False,32,1.0,32,0,0.0,32,0,0.0,,,,,
bart,time,42,formal,M_h1,trajectory,,,0,32,32,32,1.0,32,1.0,32,1.0,32,1.0,32,1.0,32,1.0,32,1.0,,,,,,32,32,1.0,,,,latent,1,forward,32,1.0
bart,time,42,formal,M_h1,trajectory,,,0,32,32,0,0.0,0,0.0,30,0.9375,0,0.0,30,0.9375,0,0.0,32,1.0,,,,,,32,0,0.0,,,,latent,2,forward,0,0.0
bart,time,42,formal,M_h1,trajectory,,,0,32,32,0,0.0,2,0.0625,3,0.09375,2,0.0625,3,0.09375,0,0.0,32,1.0,,,,,,0,0,,,,,latent,3,forward,0,0.0
bart,time,42,formal,M_h1,trajectory,,,0,32,32,0,0.0,0,0.0,0,0.0,0,0.0,0,0.0,0,0.0,32,1.0,,,,,,0,0,,,,,latent,4,forward,0,0.0
bart,time,42,formal,M_h1,trajectory,,,0,32,32,0,0.0,0,0.0,0,0.0,0,0.0,0,0.0,0,0.0,32,1.0,,,,,,0,0,,,,,latent,5,forward,0,0.0
bart,time,42,formal,M_h1,trajectory,,,0,32,32,32,1.0,32,1.0,32,1.0,32,1.0,32,1.0,32,1.0,32,1.0,,,,,,32,32,1.0,,,,decode_reencode,1,forward,32,1.0
bart,time,42,formal,M_h1,trajectory,,,0,32,32,32,1.0,32,1.0,32,1.0,32,1.0,32,1.0,32,1.0,32,1.0,,,,,,32,32,1.0,,,,decode_reencode,2,forward,32,1.0
bart,time,42,formal,M_h1,trajectory,,,0,32,32,32,1.0,32,1.0,32,1.0,32,1.0,32,1.0,32,1.0,32,1.0,,,,,,32,32,1.0,,,,decode_reencode,3,forward,32,1.0
bart,time,42,formal,M_h1,trajectory,,,0,32,32,32,1.0,32,1.0,32,1.0,32,1.0,32,1.0,32,1.0,32,1.0,,,,,,32,32,1.0,,,,decode_reencode,4,forward,32,1.0
bart,time,42,formal,M_h1,trajectory,,,0,32,32,32,1.0,32,1.0,32,1.0,32,1.0,32,1.0,32,1.0,32,1.0,,,,,,32,32,1.0,,,,decode_reencode,5,forward,32,1.0
bart,time,42,formal,M_h1,trajectory,,,0,32,32,32,1.0,32,1.0,32,1.0,32,1.0,32,1.0,32,1.0,32,1.0,,,,,,32,32,1.0,,,,gold_reencode,1,forward,32,1.0
bart,time,42,formal,M_h1,trajectory,,,0,32,32,32,1.0,32,1.0,32,1.0,32,1.0,32,1.0,32,1.0,32,1.0,,,,,,32,32,1.0,,,,gold_reencode,2,forward,32,1.0
bart,time,42,formal,M_h1,trajectory,,,0,32,32,32,1.0,32,1.0,32,1.0,32,1.0,32,1.0,32,1.0,32,1.0,,,,,,32,32,1.0,,,,gold_reencode,3,forward,32,1.0
bart,time,42,formal,M_h1,trajectory,,,0,32,32,32,1.0,32,1.0,32,1.0,32,1.0,32,1.0,32,1.0,32,1.0,,,,,,32,32,1.0,,,,gold_reencode,4,forward,32,1.0
bart,time,42,formal,M_h1,trajectory,,,0,32,32,32,1.0,32,1.0,32,1.0,32,1.0,32,1.0,32,1.0,32,1.0,,,,,,32,32,1.0,,,,gold_reencode,5,forward,32,1.0
bart,time,42,formal,M_h1,trajectory,,,0,32,32,32,1.0,32,1.0,32,1.0,32,1.0,32,1.0,32,1.0,32,1.0,,,,,,32,32,1.0,,,,latent,1,reverse,32,1.0
bart,time,42,formal,M_h1,trajectory,,,0,32,32,0,0.0,0,0.0,0,0.0,0,0.0,0,0.0,0,0.0,32,1.0,,,,,,32,0,0.0,,,,latent,2,reverse,0,0.0
bart,time,42,formal,M_h1,trajectory,,,0,32,32,0,0.0,0,0.0,0,0.0,0,0.0,0,0.0,0,0.0,32,1.0,,,,,,0,0,,,,,latent,3,reverse,0,0.0
bart,time,42,formal,M_h1,trajectory,,,0,32,32,0,0.0,0,0.0,0,0.0,0,0.0,0,0.0,0,0.0,32,1.0,,,,,,0,0,,,,,latent,4,reverse,0,0.0
bart,time,42,formal,M_h1,trajectory,,,0,32,32,0,0.0,0,0.0,0,0.0,0,0.0,0,0.0,0,0.0,32,1.0,,,,,,0,0,,,,,latent,5,reverse,0,0.0
bart,time,42,formal,M_h1,trajectory,,,0,32,32,32,1.0,32,1.0,32,1.0,32,1.0,32,1.0,32,1.0,32,1.0,,,,,,32,32,1.0,,,,decode_reencode,1,reverse,32,1.0
bart,time,42,formal,M_h1,trajectory,,,0,32,32,32,1.0,32,1.0,32,1.0,32,1.0,32,1.0,32,1.0,32,1.0,,,,,,32,32,1.0,,,,decode_reencode,2,reverse,32,1.0
bart,time,42,formal,M_h1,trajectory,,,0,32,32,32,1.0,32,1.0,32,1.0,32,1.0,32,1.0,32,1.0,32,1.0,,,,,,32,32,1.0,,,,decode_reencode,3,reverse,32,1.0
bart,time,42,formal,M_h1,trajectory,,,0,32,32,32,1.0,32,1.0,32,1.0,32,1.0,32,1.0,32,1.0,32,1.0,,,,,,32,32,1.0,,,,decode_reencode,4,reverse,32,1.0
bart,time,42,formal,M_h1,trajectory,,,0,32,32,32,1.0,32,1.0,32,1.0,32,1.0,32,1.0,32,1.0,32,1.0,,,,,,32,32,1.0,,,,decode_reencode,5,reverse,32,1.0
bart,time,42,formal,M_h1,trajectory,,,0,32,32,32,1.0,32,1.0,32,1.0,32,1.0,32,1.0,32,1.0,32,1.0,,,,,,32,32,1.0,,,,gold_reencode,1,reverse,32,1.0
bart,time,42,formal,M_h1,trajectory,,,0,32,32,32,1.0,32,1.0,32,1.0,32,1.0,32,1.0,32,1.0,32,1.0,,,,,,32,32,1.0,,,,gold_reencode,2,reverse,32,1.0
bart,time,42,formal,M_h1,trajectory,,,0,32,32,32,1.0,32,1.0,32,1.0,32,1.0,32,1.0,32,1.0,32,1.0,,,,,,32,32,1.0,,,,gold_reencode,3,reverse,32,1.0
bart,time,42,formal,M_h1,trajectory,,,0,32,32,32,1.0,32,1.0,32,1.0,32,1.0,32,1.0,32,1.0,32,1.0,,,,,,32,32,1.0,,,,gold_reencode,4,reverse,32,1.0
bart,time,42,formal,M_h1,trajectory,,,0,32,32,32,1.0,32,1.0,32,1.0,32,1.0,32,1.0,32,1.0,32,1.0,,,,,,32,32,1.0,,,,gold_reencode,5,reverse,32,1.0
bart,time,42,formal,M_h1,trajectory,,,0,32,32,32,1.0,32,1.0,32,1.0,32,1.0,32,1.0,32,1.0,32,1.0,,,,,,32,32,1.0,,,,latent,1,inverse,32,1.0
bart,time,42,formal,M_h1,trajectory,,,0,32,32,32,1.0,32,1.0,32,1.0,32,1.0,32,1.0,32,1.0,32,1.0,,,,,,32,32,1.0,,,,latent,2,inverse,32,1.0
bart,time,42,formal,M_h1,trajectory,,,0,32,32,29,0.90625,29,0.90625,32,1.0,29,0.90625,32,1.0,32,1.0,32,1.0,,,,,,32,29,0.90625,,,,latent,3,inverse,29,0.90625
bart,time,42,formal,M_h1,trajectory,,,0,32,32,7,0.21875,7,0.21875,7,0.21875,7,0.21875,7,0.21875,7,0.21875,32,1.0,,,,,,29,6,0.20689655172413793,,,,latent,4,inverse,6,0.1875
bart,time,42,formal,M_h1,trajectory,,,0,32,32,0,0.0,0,0.0,0,0.0,0,0.0,0,0.0,0,0.0,32,1.0,,,,,,7,0,0.0,,,,latent,5,inverse,0,0.0
bart,time,42,formal,M_h1,trajectory,,,0,32,32,32,1.0,32,1.0,32,1.0,32,1.0,32,1.0,32,1.0,32,1.0,,,,,,32,32,1.0,,,,decode_reencode,1,inverse,32,1.0
bart,time,42,formal,M_h1,trajectory,,,0,32,32,32,1.0,32,1.0,32,1.0,32,1.0,32,1.0,32,1.0,32,1.0,,,,,,32,32,1.0,,,,decode_reencode,2,inverse,32,1.0
bart,time,42,formal,M_h1,trajectory,,,0,32,32,32,1.0,32,1.0,32,1.0,32,1.0,32,1.0,32,1.0,32,1.0,,,,,,32,32,1.0,,,,decode_reencode,3,inverse,32,1.0
bart,time,42,formal,M_h1,trajectory,,,0,32,32,32,1.0,32,1.0,32,1.0,32,1.0,32,1.0,32,1.0,32,1.0,,,,,,32,32,1.0,,,,decode_reencode,4,inverse,32,1.0
bart,time,42,formal,M_h1,trajectory,,,0,32,32,32,1.0,32,1.0,32,1.0,32,1.0,32,1.0,32,1.0,32,1.0,,,,,,32,32,1.0,,,,decode_reencode,5,inverse,32,1.0
bart,time,42,formal,M_h1,trajectory,,,0,32,32,32,1.0,32,1.0,32,1.0,32,1.0,32,1.0,32,1.0,32,1.0,,,,,,32,32,1.0,,,,gold_reencode,1,inverse,32,1.0
bart,time,42,formal,M_h1,trajectory,,,0,32,32,32,1.0,32,1.0,32,1.0,32,1.0,32,1.0,32,1.0,32,1.0,,,,,,32,32,1.0,,,,gold_reencode,2,inverse,32,1.0
bart,time,42,formal,M_h1,trajectory,,,0,32,32,32,1.0,32,1.0,32,1.0,32,1.0,32,1.0,32,1.0,32,1.0,,,,,,32,32,1.0,,,,gold_reencode,3,inverse,32,1.0
bart,time,42,formal,M_h1,trajectory,,,0,32,32,32,1.0,32,1.0,32,1.0,32,1.0,32,1.0,32,1.0,32,1.0,,,,,,32,32,1.0,,,,gold_reencode,4,inverse,32,1.0
bart,time,42,formal,M_h1,trajectory,,,0,32,32,32,1.0,32,1.0,32,1.0,32,1.0,32,1.0,32,1.0,32,1.0,,,,,,32,32,1.0,,,,gold_reencode,5,inverse,32,1.0
bart,time,42,formal,M_h1,trajectory,,,2,32,32,32,1.0,32,1.0,32,1.0,32,1.0,32,1.0,32,1.0,32,1.0,,,,,,32,32,1.0,,,,latent,1,forward,32,1.0
bart,time,42,formal,M_h1,trajectory,,,2,32,32,0,0.0,0,0.0,32,1.0,0,0.0,32,1.0,32,1.0,32,1.0,,,,,,32,0,0.0,,,,latent,2,forward,0,0.0
bart,time,42,formal,M_h1,trajectory,,,2,32,32,0,0.0,0,0.0,32,1.0,0,0.0,32,1.0,32,1.0,32,1.0,,,,,,0,0,,,,,latent,3,forward,0,0.0
bart,time,42,formal,M_h1,trajectory,,,2,32,32,0,0.0,0,0.0,0,0.0,0,0.0,0,0.0,0,0.0,32,1.0,,,,,,0,0,,,,,latent,4,forward,0,0.0
bart,time,42,formal,M_h1,trajectory,,,2,32,32,0,0.0,0,0.0,0,0.0,0,0.0,0,0.0,0,0.0,32,1.0,,,,,,0,0,,,,,latent,5,forward,0,0.0
bart,time,42,formal,M_h1,trajectory,,,2,32,32,32,1.0,32,1.0,32,1.0,32,1.0,32,1.0,32,1.0,32,1.0,,,,,,32,32,1.0,,,,decode_reencode,1,forward,32,1.0
bart,time,42,formal,M_h1,trajectory,,,2,32,32,0,0.0,0,0.0,32,1.0,0,0.0,32,1.0,32,1.0,32,1.0,,,,,,32,0,0.0,,,,decode_reencode,2,forward,0,0.0
bart,time,42,formal,M_h1,trajectory,,,2,32,32,0,0.0,0,0.0,32,1.0,0,0.0,32,1.0,32,1.0,32,1.0,,,,,,0,0,,,,,decode_reencode,3,forward,0,0.0
bart,time,42,formal,M_h1,trajectory,,,2,32,32,0,0.0,0,0.0,32,1.0,0,0.0,32,1.0,32,1.0,32,1.0,,,,,,0,0,,,,,decode_reencode,4,forward,0,0.0
bart,time,42,formal,M_h1,trajectory,,,2,32,32,0,0.0,0,0.0,32,1.0,0,0.0,32,1.0,32,1.0,32,1.0,,,,,,0,0,,,,,decode_reencode,5,forward,0,0.0
bart,time,42,formal,M_h1,trajectory,,,2,32,32,32,1.0,32,1.0,32,1.0,32,1.0,32,1.0,32,1.0,32,1.0,,,,,,32,32,1.0,,,,gold_reencode,1,forward,32,1.0
bart,time,42,formal,M_h1,trajectory,,,2,32,32,0,0.0,0,0.0,32,1.0,0,0.0,32,1.0,32,1.0,32,1.0,,,,,,32,0,0.0,,,,gold_reencode,2,forward,0,0.0
bart,time,42,formal,M_h1,trajectory,,,2,32,32,0,0.0,0,0.0,32,1.0,0,0.0,32,1.0,32,1.0,32,1.0,,,,,,0,0,,,,,gold_reencode,3,forward,0,0.0
bart,time,42,formal,M_h1,trajectory,,,2,32,32,0,0.0,0,0.0,32,1.0,0,0.0,32,1.0,32,1.0,32,1.0,,,,,,0,0,,,,,gold_reencode,4,forward,0,0.0
bart,time,42,formal,M_h1,trajectory,,,2,32,32,0,0.0,0,0.0,32,1.0,0,0.0,32,1.0,1,0.03125,32,1.0,,,,,,0,0,,,,,gold_reencode,5,forward,0,0.0
bart,time,42,formal,M_h1,trajectory,,,2,32,32,0,0.0,0,0.0,32,1.0,0,0.0,32,1.0,32,1.0,32,1.0,,,,,,32,0,0.0,,,,latent,1,reverse,0,0.0
bart,time,42,formal,M_h1,trajectory,,,2,32,32,0,0.0,0,0.0,15,0.46875,0,0.0,19,0.59375,2,0.0625,32,1.0,,,,,,0,0,,,,,latent,2,reverse,0,0.0
bart,time,42,formal,M_h1,trajectory,,,2,32,32,0,0.0,0,0.0,0,0.0,0,0.0,0,0.0,0,0.0,32,1.0,,,,,,0,0,,,,,latent,3,reverse,0,0.0
bart,time,42,formal,M_h1,trajectory,,,2,32,32,0,0.0,0,0.0,0,0.0,0,0.0,0,0.0,0,0.0,32,1.0,,,,,,0,0,,,,,latent,4,reverse,0,0.0
bart,time,42,formal,M_h1,trajectory,,,2,32,32,0,0.0,0,0.0,0,0.0,0,0.0,0,0.0,0,0.0,32,1.0,,,,,,0,0,,,,,latent,5,reverse,0,0.0
bart,time,42,formal,M_h1,trajectory,,,2,32,32,0,0.0,0,0.0,32,1.0,0,0.0,32,1.0,32,1.0,32,1.0,,,,,,32,0,0.0,,,,decode_reencode,1,reverse,0,0.0
bart,time,42,formal,M_h1,trajectory,,,2,32,32,0,0.0,0,0.0,32,1.0,0,0.0,32,1.0,32,1.0,32,1.0,,,,,,0,0,,,,,decode_reencode,2,reverse,0,0.0
bart,time,42,formal,M_h1,trajectory,,,2,32,32,0,0.0,0,0.0,32,1.0,0,0.0,32,1.0,32,1.0,32,1.0,,,,,,0,0,,,,,decode_reencode,3,reverse,0,0.0
bart,time,42,formal,M_h1,trajectory,,,2,32,32,0,0.0,0,0.0,32,1.0,0,0.0,32,1.0,32,1.0,32,1.0,,,,,,0,0,,,,,decode_reencode,4,reverse,0,0.0
bart,time,42,formal,M_h1,trajectory,,,2,32,32,0,0.0,0,0.0,32,1.0,0,0.0,32,1.0,32,1.0,32,1.0,,,,,,0,0,,,,,decode_reencode,5,reverse,0,0.0
bart,time,42,formal,M_h1,trajectory,,,2,32,32,0,0.0,0,0.0,32,1.0,0,0.0,32,1.0,32,1.0,32,1.0,,,,,,32,0,0.0,,,,gold_reencode,1,reverse,0,0.0
bart,time,42,formal,M_h1,trajectory,,,2,32,32,0,0.0,0,0.0,32,1.0,0,0.0,32,1.0,32,1.0,32,1.0,,,,,,0,0,,,,,gold_reencode,2,reverse,0,0.0
bart,time,42,formal,M_h1,trajectory,,,2,32,32,0,0.0,0,0.0,32,1.0,0,0.0,32,1.0,26,0.8125,32,1.0,,,,,,0,0,,,,,gold_reencode,3,reverse,0,0.0
bart,time,42,formal,M_h1,trajectory,,,2,32,32,0,0.0,0,0.0,32,1.0,0,0.0,32,1.0,32,1.0,32,1.0,,,,,,0,0,,,,,gold_reencode,4,reverse,0,0.0
bart,time,42,formal,M_h1,trajectory,,,2,32,32,0,0.0,0,0.0,32,1.0,0,0.0,32,1.0,29,0.90625,32,1.0,,,,,,0,0,,,,,gold_reencode,5,reverse,0,0.0
bart,time,42,formal,M_h1,trajectory,,,2,32,32,0,0.0,0,0.0,32,1.0,0,0.0,32,1.0,32,1.0,32,1.0,,,,,,32,0,0.0,,,,latent,1,inverse,0,0.0
bart,time,42,formal,M_h1,trajectory,,,2,32,32,9,0.28125,9,0.28125,32,1.0,9,0.28125,32,1.0,32,1.0,32,1.0,,,,,,0,0,,,,,latent,2,inverse,0,0.0
bart,time,42,formal,M_h1,trajectory,,,2,32,32,0,0.0,0,0.0,32,1.0,0,0.0,32,1.0,25,0.78125,32,1.0,,,,,,9,0,0.0,,,,latent,3,inverse,0,0.0
bart,time,42,formal,M_h1,trajectory,,,2,32,32,0,0.0,0,0.0,25,0.78125,0,0.0,25,0.78125,5,0.15625,32,1.0,,,,,,0,0,,,,,latent,4,inverse,0,0.0
bart,time,42,formal,M_h1,trajectory,,,2,32,32,0,0.0,0,0.0,0,0.0,0,0.0,0,0.0,0,0.0,32,1.0,,,,,,0,0,,,,,latent,5,inverse,0,0.0
bart,time,42,formal,M_h1,trajectory,,,2,32,32,0,0.0,0,0.0,32,1.0,0,0.0,32,1.0,32,1.0,32,1.0,,,,,,32,0,0.0,,,,decode_reencode,1,inverse,0,0.0
bart,time,42,formal,M_h1,trajectory,,,2,32,32,32,1.0,32,1.0,32,1.0,32,1.0,32,1.0,32,1.0,32,1.0,,,,,,0,0,,,,,decode_reencode,2,inverse,0,0.0
bart,time,42,formal,M_h1,trajectory,,,2,32,32,0,0.0,0,0.0,32,1.0,0,0.0,32,1.0,32,1.0,32,1.0,,,,,,32,0,0.0,,,,decode_reencode,3,inverse,0,0.0
bart,time,42,formal,M_h1,trajectory,,,2,32,32,32,1.0,32,1.0,32,1.0,32,1.0,32,1.0,32,1.0,32,1.0,,,,,,0,0,,,,,decode_reencode,4,inverse,0,0.0
bart,time,42,formal,M_h1,trajectory,,,2,32,32,0,0.0,0,0.0,32,1.0,0,0.0,32,1.0,32,1.0,32,1.0,,,,,,32,0,0.0,,,,decode_reencode,5,inverse,0,0.0
bart,time,42,formal,M_h1,trajectory,,,2,32,32,0,0.0,0,0.0,32,1.0,0,0.0,32,1.0,32,1.0,32,1.0,,,,,,32,0,0.0,,,,gold_reencode,1,inverse,0,0.0
bart,time,42,formal,M_h1,trajectory,,,2,32,32,0,0.0,0,0.0,32,1.0,0,0.0,32,1.0,26,0.8125,32,1.0,,,,,,0,0,,,,,gold_reencode,2,inverse,0,0.0
bart,time,42,formal,M_h1,trajectory,,,2,32,32,0,0.0,0,0.0,32,1.0,0,0.0,32,1.0,32,1.0,32,1.0,,,,,,0,0,,,,,gold_reencode,3,inverse,0,0.0
bart,time,42,formal,M_h1,trajectory,,,2,32,32,0,0.0,0,0.0,32,1.0,0,0.0,32,1.0,26,0.8125,32,1.0,,,,,,0,0,,,,,gold_reencode,4,inverse,0,0.0
bart,time,42,formal,M_h1,trajectory,,,2,32,32,0,0.0,0,0.0,32,1.0,0,0.0,32,1.0,32,1.0,32,1.0,,,,,,0,0,,,,,gold_reencode,5,inverse,0,0.0
bart,time,42,formal,P,atomic,plus,-2,3,32,32,31,0.96875,31,0.96875,32,1.0,31,0.96875,32,1.0,31,0.96875,32,1.0,,,,,,,,,,,,,,,,
bart,time,42,formal,P,atomic,plus,-1,3,32,32,32,1.0,32,1.0,32,1.0,32,1.0,32,1.0,32,1.0,32,1.0,,,,,,,,,,,,,,,,
bart,time,42,formal,P,atomic,plus,0,3,32,32,32,1.0,32,1.0,32,1.0,32,1.0,32,1.0,32,1.0,32,1.0,,,,,,,,,,,,,,,,
bart,time,42,formal,P,atomic,plus,1,3,32,32,32,1.0,32,1.0,32,1.0,32,1.0,32,1.0,32,1.0,32,1.0,,,,,,,,,,,,,,,,
bart,time,42,formal,P,atomic,plus,2,3,32,32,32,1.0,32,1.0,32,1.0,32,1.0,32,1.0,32,1.0,32,1.0,,,,,,,,,,,,,,,,
bart,time,42,formal,P,atomic,plus,3,3,32,32,32,1.0,32,1.0,32,1.0,32,1.0,32,1.0,32,1.0,32,1.0,,,,,,,,,,,,,,,,
bart,time,42,formal,P,atomic,plus,-2,4,32,32,32,1.0,32,1.0,32,1.0,32,1.0,32,1.0,32,1.0,32,1.0,,,,,,,,,,,,,,,,
bart,time,42,formal,P,atomic,plus,-1,4,32,32,0,0.0,0,0.0,0,0.0,0,0.0,32,1.0,0,0.0,32,1.0,,,,,,,,,,,,,,,,
bart,time,42,formal,P,atomic,plus,0,4,32,32,32,1.0,32,1.0,32,1.0,32,1.0,32,1.0,32,1.0,32,1.0,,,,,,,,,,,,,,,,
bart,time,42,formal,P,atomic,plus,1,4,32,32,32,1.0,32,1.0,32,1.0,32,1.0,32,1.0,32,1.0,32,1.0,,,,,,,,,,,,,,,,
bart,time,42,formal,P,atomic,plus,2,4,32,32,32,1.0,32,1.0,32,1.0,32,1.0,32,1.0,32,1.0,32,1.0,,,,,,,,,,,,,,,,
bart,time,42,formal,P,atomic,plus,3,4,32,32,32,1.0,32,1.0,32,1.0,32,1.0,32,1.0,32,1.0,32,1.0,,,,,,,,,,,,,,,,
bart,time,42,formal,P,atomic,plus,-2,5,32,32,0,0.0,31,0.96875,0,0.0,0,0.0,31,0.96875,31,0.96875,32,1.0,,,,,,,,,,,,,,,,
bart,time,42,formal,P,atomic,plus,-1,5,32,32,0,0.0,26,0.8125,0,0.0,0,0.0,32,1.0,32,1.0,32,1.0,,,,,,,,,,,,,,,,
bart,time,42,formal,P,atomic,plus,0,5,32,32,0,0.0,31,0.96875,0,0.0,0,0.0,32,1.0,32,1.0,32,1.0,,,,,,,,,,,,,,,,
bart,time,42,formal,P,atomic,plus,1,5,32,32,0,0.0,32,1.0,0,0.0,0,0.0,32,1.0,32,1.0,32,1.0,,,,,,,,,,,,,,,,
bart,time,42,formal,P,atomic,plus,2,5,32,32,0,0.0,31,0.96875,0,0.0,0,0.0,31,0.96875,31,0.96875,32,1.0,,,,,,,,,,,,,,,,
bart,time,42,formal,P,atomic,plus,3,5,32,32,0,0.0,32,1.0,0,0.0,0,0.0,32,1.0,32,1.0,32,1.0,,,,,,,,,,,,,,,,
bart,time,42,formal,P,atomic,minus,-3,3,32,32,32,1.0,32,1.0,32,1.0,32,1.0,32,1.0,32,1.0,32,1.0,,,,,,,,,,,,,,,,
bart,time,42,formal,P,atomic,minus,-2,3,32,32,32,1.0,32,1.0,32,1.0,32,1.0,32,1.0,32,1.0,32,1.0,,,,,,,,,,,,,,,,
bart,time,42,formal,P,atomic,minus,-1,3,32,32,32,1.0,32,1.0,32,1.0,32,1.0,32,1.0,32,1.0,32,1.0,,,,,,,,,,,,,,,,
bart,time,42,formal,P,atomic,minus,0,3,32,32,32,1.0,32,1.0,32,1.0,32,1.0,32,1.0,32,1.0,32,1.0,,,,,,,,,,,,,,,,
bart,time,42,formal,P,atomic,minus,1,3,32,32,32,1.0,32,1.0,32,1.0,32,1.0,32,1.0,32,1.0,32,1.0,,,,,,,,,,,,,,,,
bart,time,42,formal,P,atomic,minus,2,3,32,32,31,0.96875,31,0.96875,32,1.0,31,0.96875,32,1.0,31,0.96875,32,1.0,,,,,,,,,,,,,,,,
bart,time,42,formal,P,atomic,minus,-3,4,32,32,32,1.0,32,1.0,32,1.0,32,1.0,32,1.0,32,1.0,32,1.0,,,,,,,,,,,,,,,,
bart,time,42,formal,P,atomic,minus,-2,4,32,32,32,1.0,32,1.0,32,1.0,32,1.0,32,1.0,32,1.0,32,1.0,,,,,,,,,,,,,,,,
bart,time,42,formal,P,atomic,minus,-1,4,32,32,25,0.78125,32,1.0,25,0.78125,25,0.78125,32,1.0,32,1.0,32,1.0,,,,,,,,,,,,,,,,
bart,time,42,formal,P,atomic,minus,0,4,32,32,25,0.78125,32,1.0,25,0.78125,25,0.78125,32,1.0,32,1.0,32,1.0,,,,,,,,,,,,,,,,
bart,time,42,formal,P,atomic,minus,1,4,32,32,26,0.8125,32,1.0,26,0.8125,26,0.8125,32,1.0,32,1.0,32,1.0,,,,,,,,,,,,,,,,
bart,time,42,formal,P,atomic,minus,2,4,32,32,11,0.34375,32,1.0,11,0.34375,11,0.34375,32,1.0,32,1.0,32,1.0,,,,,,,,,,,,,,,,
bart,time,42,formal,P,atomic,minus,-3,5,32,32,0,0.0,32,1.0,0,0.0,0,0.0,32,1.0,32,1.0,32,1.0,,,,,,,,,,,,,,,,
bart,time,42,formal,P,atomic,minus,-2,5,32,32,0,0.0,32,1.0,0,0.0,0,0.0,32,1.0,32,1.0,32,1.0,,,,,,,,,,,,,,,,
bart,time,42,formal,P,atomic,minus,-1,5,32,32,0,0.0,32,1.0,0,0.0,0,0.0,32,1.0,32,1.0,32,1.0,,,,,,,,,,,,,,,,
bart,time,42,formal,P,atomic,minus,0,5,32,32,0,0.0,32,1.0,0,0.0,0,0.0,32,1.0,32,1.0,32,1.0,,,,,,,,,,,,,,,,
bart,time,42,formal,P,atomic,minus,1,5,32,32,0,0.0,32,1.0,0,0.0,0,0.0,32,1.0,32,1.0,32,1.0,,,,,,,,,,,,,,,,
bart,time,42,formal,P,atomic,minus,2,5,32,32,0,0.0,32,1.0,0,0.0,0,0.0,32,1.0,32,1.0,32,1.0,,,,,,,,,,,,,,,,
bart,time,42,formal,P,atomic,plus,-2,0,32,32,32,1.0,32,1.0,32,1.0,32,1.0,32,1.0,32,1.0,32,1.0,,,,,,,,,,,,,,,,
bart,time,42,formal,P,atomic,plus,-1,0,32,32,32,1.0,32,1.0,32,1.0,32,1.0,32,1.0,32,1.0,32,1.0,,,,,,,,,,,,,,,,
bart,time,42,formal,P,atomic,plus,0,0,32,32,32,1.0,32,1.0,32,1.0,32,1.0,32,1.0,32,1.0,32,1.0,,,,,,,,,,,,,,,,
bart,time,42,formal,P,atomic,plus,1,0,32,32,32,1.0,32,1.0,32,1.0,32,1.0,32,1.0,32,1.0,32,1.0,,,,,,,,,,,,,,,,
bart,time,42,formal,P,atomic,plus,2,0,32,32,32,1.0,32,1.0,32,1.0,32,1.0,32,1.0,32,1.0,32,1.0,,,,,,,,,,,,,,,,
bart,time,42,formal,P,atomic,plus,3,0,32,32,32,1.0,32,1.0,32,1.0,32,1.0,32,1.0,32,1.0,32,1.0,,,,,,,,,,,,,,,,
bart,time,42,formal,P,atomic,plus,-2,1,32,32,32,1.0,32,1.0,32,1.0,32,1.0,32,1.0,32,1.0,32,1.0,,,,,,,,,,,,,,,,
bart,time,42,formal,P,atomic,plus,-1,1,32,32,32,1.0,32,1.0,32,1.0,32,1.0,32,1.0,32,1.0,32,1.0,,,,,,,,,,,,,,,,
bart,time,42,formal,P,atomic,plus,0,1,32,32,32,1.0,32,1.0,32,1.0,32,1.0,32,1.0,32,1.0,32,1.0,,,,,,,,,,,,,,,,
bart,time,42,formal,P,atomic,plus,1,1,32,32,32,1.0,32,1.0,32,1.0,32,1.0,32,1.0,32,1.0,32,1.0,,,,,,,,,,,,,,,,
bart,time,42,formal,P,atomic,plus,2,1,32,32,32,1.0,32,1.0,32,1.0,32,1.0,32,1.0,32,1.0,32,1.0,,,,,,,,,,,,,,,,
bart,time,42,formal,P,atomic,plus,3,1,32,32,32,1.0,32,1.0,32,1.0,32,1.0,32,1.0,32,1.0,32,1.0,,,,,,,,,,,,,,,,
bart,time,42,formal,P,atomic,minus,-3,0,32,32,32,1.0,32,1.0,32,1.0,32,1.0,32,1.0,32,1.0,32,1.0,,,,,,,,,,,,,,,,
bart,time,42,formal,P,atomic,minus,-2,0,32,32,32,1.0,32,1.0,32,1.0,32,1.0,32,1.0,32,1.0,32,1.0,,,,,,,,,,,,,,,,
bart,time,42,formal,P,atomic,minus,-1,0,32,32,32,1.0,32,1.0,32,1.0,32,1.0,32,1.0,32,1.0,32,1.0,,,,,,,,,,,,,,,,
bart,time,42,formal,P,atomic,minus,0,0,32,32,32,1.0,32,1.0,32,1.0,32,1.0,32,1.0,32,1.0,32,1.0,,,,,,,,,,,,,,,,
bart,time,42,formal,P,atomic,minus,1,0,32,32,32,1.0,32,1.0,32,1.0,32,1.0,32,1.0,32,1.0,32,1.0,,,,,,,,,,,,,,,,
bart,time,42,formal,P,atomic,minus,2,0,32,32,32,1.0,32,1.0,32,1.0,32,1.0,32,1.0,32,1.0,32,1.0,,,,,,,,,,,,,,,,
bart,time,42,formal,P,atomic,minus,-3,1,32,32,32,1.0,32,1.0,32,1.0,32,1.0,32,1.0,32,1.0,32,1.0,,,,,,,,,,,,,,,,
bart,time,42,formal,P,atomic,minus,-2,1,32,32,32,1.0,32,1.0,32,1.0,32,1.0,32,1.0,32,1.0,32,1.0,,,,,,,,,,,,,,,,
bart,time,42,formal,P,atomic,minus,-1,1,32,32,32,1.0,32,1.0,32,1.0,32,1.0,32,1.0,32,1.0,32,1.0,,,,,,,,,,,,,,,,
bart,time,42,formal,P,atomic,minus,0,1,32,32,32,1.0,32,1.0,32,1.0,32,1.0,32,1.0,32,1.0,32,1.0,,,,,,,,,,,,,,,,
bart,time,42,formal,P,atomic,minus,1,1,32,32,32,1.0,32,1.0,32,1.0,32,1.0,32,1.0,32,1.0,32,1.0,,,,,,,,,,,,,,,,
bart,time,42,formal,P,atomic,minus,2,1,32,32,32,1.0,32,1.0,32,1.0,32,1.0,32,1.0,32,1.0,32,1.0,,,,,,,,,,,,,,,,
bart,time,42,formal,P,atomic,plus,-2,2,32,32,0,0.0,0,0.0,32,1.0,0,0.0,32,1.0,0,0.0,32,1.0,,,,,,,,,,,,,,,,
bart,time,42,formal,P,atomic,plus,-1,2,32,32,0,0.0,0,0.0,32,1.0,0,0.0,32,1.0,0,0.0,32,1.0,,,,,,,,,,,,,,,,
bart,time,42,formal,P,atomic,plus,0,2,32,32,0,0.0,0,0.0,32,1.0,0,0.0,32,1.0,23,0.71875,32,1.0,,,,,,,,,,,,,,,,
bart,time,42,formal,P,atomic,plus,1,2,32,32,0,0.0,0,0.0,32,1.0,0,0.0,32,1.0,32,1.0,32,1.0,,,,,,,,,,,,,,,,
bart,time,42,formal,P,atomic,plus,2,2,32,32,0,0.0,0,0.0,32,1.0,0,0.0,32,1.0,32,1.0,32,1.0,,,,,,,,,,,,,,,,
bart,time,42,formal,P,atomic,plus,3,2,32,32,32,1.0,32,1.0,32,1.0,32,1.0,32,1.0,32,1.0,32,1.0,,,,,,,,,,,,,,,,
bart,time,42,formal,P,atomic,minus,-3,2,32,32,12,0.375,12,0.375,32,1.0,12,0.375,32,1.0,27,0.84375,32,1.0,,,,,,,,,,,,,,,,
bart,time,42,formal,P,atomic,minus,-2,2,32,32,0,0.0,0,0.0,32,1.0,0,0.0,32,1.0,32,1.0,32,1.0,,,,,,,,,,,,,,,,
bart,time,42,formal,P,atomic,minus,-1,2,32,32,0,0.0,0,0.0,32,1.0,0,0.0,32,1.0,30,0.9375,32,1.0,,,,,,,,,,,,,,,,
bart,time,42,formal,P,atomic,minus,0,2,32,32,0,0.0,0,0.0,32,1.0,0,0.0,32,1.0,32,1.0,32,1.0,,,,,,,,,,,,,,,,
bart,time,42,formal,P,atomic,minus,1,2,32,32,0,0.0,0,0.0,32,1.0,0,0.0,32,1.0,29,0.90625,32,1.0,,,,,,,,,,,,,,,,
bart,time,42,formal,P,atomic,minus,2,2,32,32,32,1.0,32,1.0,32,1.0,32,1.0,32,1.0,32,1.0,32,1.0,,,,,,,,,,,,,,,,
bart,time,42,formal,P,source_matrix,plus,-2,0,32,32,0,0.0,0,0.0,0,0.0,0,0.0,0,0.0,0,0.0,32,1.0,0,P,False,32,1.0,32,0,0.0,32,0,0.0,,,,,
bart,time,42,formal,P,source_matrix,plus,-1,0,32,32,0,0.0,0,0.0,0,0.0,0,0.0,0,0.0,0,0.0,32,1.0,0,P,False,32,1.0,32,0,0.0,32,0,0.0,,,,,
bart,time,42,formal,P,source_matrix,plus,0,0,32,32,0,0.0,0,0.0,0,0.0,0,0.0,0,0.0,0,0.0,32,1.0,0,P,False,32,1.0,32,0,0.0,32,0,0.0,,,,,
bart,time,42,formal,P,source_matrix,plus,1,0,32,32,0,0.0,0,0.0,0,0.0,0,0.0,0,0.0,0,0.0,32,1.0,0,P,False,32,1.0,32,0,0.0,32,0,0.0,,,,,
bart,time,42,formal,P,source_matrix,plus,2,0,32,32,0,0.0,0,0.0,0,0.0,0,0.0,0,0.0,0,0.0,32,1.0,0,P,True,32,1.0,32,0,0.0,32,0,0.0,,,,,
bart,time,42,formal,P,source_matrix,plus,3,0,32,32,0,0.0,0,0.0,0,0.0,0,0.0,0,0.0,0,0.0,32,1.0,0,P,False,32,1.0,32,0,0.0,32,0,0.0,,,,,
bart,time,42,formal,P,source_matrix,minus,-3,0,32,32,0,0.0,0,0.0,0,0.0,0,0.0,0,0.0,0,0.0,32,1.0,0,P,False,32,1.0,32,0,0.0,32,0,0.0,,,,,
bart,time,42,formal,P,source_matrix,minus,-2,0,32,32,0,0.0,0,0.0,0,0.0,0,0.0,0,0.0,0,0.0,32,1.0,0,P,False,32,1.0,32,0,0.0,32,0,0.0,,,,,
bart,time,42,formal,P,source_matrix,minus,-1,0,32,32,0,0.0,0,0.0,0,0.0,0,0.0,0,0.0,0,0.0,32,1.0,0,P,False,32,1.0,32,0,0.0,32,0,0.0,,,,,
bart,time,42,formal,P,source_matrix,minus,0,0,32,32,0,0.0,0,0.0,0,0.0,0,0.0,0,0.0,0,0.0,32,1.0,0,P,False,32,1.0,32,0,0.0,32,0,0.0,,,,,
bart,time,42,formal,P,source_matrix,minus,1,0,32,32,0,0.0,0,0.0,0,0.0,0,0.0,0,0.0,0,0.0,32,1.0,0,P,False,32,1.0,32,0,0.0,32,0,0.0,,,,,
bart,time,42,formal,P,source_matrix,minus,2,0,32,32,0,0.0,0,0.0,0,0.0,0,0.0,0,0.0,0,0.0,32,1.0,0,P,True,32,1.0,32,0,0.0,32,0,0.0,,,,,
bart,time,42,formal,P,source_matrix,plus,-2,0,32,32,0,0.0,0,0.0,0,0.0,0,0.0,0,0.0,0,0.0,32,1.0,0,Q,False,32,1.0,32,0,0.0,32,0,0.0,,,,,
bart,time,42,formal,P,source_matrix,plus,-1,0,32,32,0,0.0,0,0.0,0,0.0,0,0.0,0,0.0,0,0.0,32,1.0,0,Q,False,32,1.0,32,0,0.0,32,0,0.0,,,,,
bart,time,42,formal,P,source_matrix,plus,0,0,32,32,0,0.0,0,0.0,0,0.0,0,0.0,0,0.0,0,0.0,32,1.0,0,Q,False,32,1.0,32,0,0.0,32,0,0.0,,,,,
bart,time,42,formal,P,source_matrix,plus,1,0,32,32,0,0.0,0,0.0,0,0.0,0,0.0,0,0.0,0,0.0,32,1.0,0,Q,False,32,1.0,32,0,0.0,32,0,0.0,,,,,
bart,time,42,formal,P,source_matrix,plus,2,0,32,32,0,0.0,0,0.0,0,0.0,0,0.0,0,0.0,0,0.0,32,1.0,0,Q,True,32,1.0,32,0,0.0,32,0,0.0,,,,,
bart,time,42,formal,P,source_matrix,plus,3,0,32,32,0,0.0,0,0.0,0,0.0,0,0.0,0,0.0,0,0.0,32,1.0,0,Q,False,32,1.0,32,0,0.0,32,0,0.0,,,,,
bart,time,42,formal,P,source_matrix,minus,-3,0,32,32,1,0.03125,1,0.03125,1,0.03125,1,0.03125,1,0.03125,1,0.03125,32,1.0,0,Q,False,32,1.0,32,1,0.03125,32,1,0.03125,,,,,
bart,time,42,formal,P,source_matrix,minus,-2,0,32,32,0,0.0,0,0.0,0,0.0,0,0.0,0,0.0,0,0.0,32,1.0,0,Q,False,32,1.0,32,0,0.0,32,0,0.0,,,,,
bart,time,42,formal,P,source_matrix,minus,-1,0,32,32,0,0.0,0,0.0,0,0.0,0,0.0,0,0.0,0,0.0,32,1.0,0,Q,False,32,1.0,32,0,0.0,32,0,0.0,,,,,
bart,time,42,formal,P,source_matrix,minus,0,0,32,32,0,0.0,0,0.0,0,0.0,0,0.0,0,0.0,0,0.0,32,1.0,0,Q,False,32,1.0,32,0,0.0,32,0,0.0,,,,,
bart,time,42,formal,P,source_matrix,minus,1,0,32,32,0,0.0,0,0.0,0,0.0,0,0.0,0,0.0,0,0.0,32,1.0,0,Q,False,32,1.0,32,0,0.0,32,0,0.0,,,,,
bart,time,42,formal,P,source_matrix,minus,2,0,32,32,0,0.0,0,0.0,0,0.0,0,0.0,0,0.0,0,0.0,32,1.0,0,Q,True,32,1.0,32,0,0.0,32,0,0.0,,,,,
bart,time,42,formal,P,source_matrix,plus,-2,0,32,32,0,0.0,0,0.0,0,0.0,0,0.0,0,0.0,0,0.0,32,1.0,0,U,False,32,1.0,32,0,0.0,32,0,0.0,,,,,
bart,time,42,formal,P,source_matrix,plus,-1,0,32,32,0,0.0,0,0.0,0,0.0,0,0.0,0,0.0,0,0.0,32,1.0,0,U,False,32,1.0,32,0,0.0,32,0,0.0,,,,,
bart,time,42,formal,P,source_matrix,plus,0,0,32,32,0,0.0,0,0.0,0,0.0,0,0.0,0,0.0,0,0.0,32,1.0,0,U,False,32,1.0,32,0,0.0,32,0,0.0,,,,,
bart,time,42,formal,P,source_matrix,plus,1,0,32,32,0,0.0,0,0.0,0,0.0,0,0.0,0,0.0,0,0.0,32,1.0,0,U,False,32,1.0,32,0,0.0,32,0,0.0,,,,,
bart,time,42,formal,P,source_matrix,plus,2,0,32,32,0,0.0,0,0.0,0,0.0,0,0.0,0,0.0,0,0.0,31,0.96875,0,U,True,32,1.0,32,0,0.0,32,0,0.0,,,,,
bart,time,42,formal,P,source_matrix,plus,3,0,32,32,0,0.0,0,0.0,0,0.0,0,0.0,0,0.0,0,0.0,32,1.0,0,U,False,32,1.0,32,0,0.0,32,0,0.0,,,,,
bart,time,42,formal,P,source_matrix,minus,-3,0,32,32,0,0.0,0,0.0,2,0.0625,0,0.0,2,0.0625,2,0.0625,32,1.0,0,U,False,32,1.0,32,0,0.0,32,0,0.0,,,,,
bart,time,42,formal,P,source_matrix,minus,-2,0,32,32,0,0.0,0,0.0,0,0.0,0,0.0,0,0.0,0,0.0,32,1.0,0,U,False,32,1.0,32,0,0.0,32,0,0.0,,,,,
bart,time,42,formal,P,source_matrix,minus,-1,0,32,32,0,0.0,0,0.0,0,0.0,0,0.0,0,0.0,0,0.0,32,1.0,0,U,False,32,1.0,32,0,0.0,32,0,0.0,,,,,
bart,time,42,formal,P,source_matrix,minus,0,0,32,32,0,0.0,0,0.0,0,0.0,0,0.0,0,0.0,0,0.0,32,1.0,0,U,False,32,1.0,32,0,0.0,32,0,0.0,,,,,
bart,time,42,formal,P,source_matrix,minus,1,0,32,32,0,0.0,0,0.0,0,0.0,0,0.0,0,0.0,0,0.0,32,1.0,0,U,False,32,1.0,32,0,0.0,32,0,0.0,,,,,
bart,time,42,formal,P,source_matrix,minus,2,0,32,32,0,0.0,0,0.0,0,0.0,0,0.0,0,0.0,0,0.0,32,1.0,0,U,True,32,1.0,32,0,0.0,32,0,0.0,,,,,
bart,time,42,formal,P,source_matrix,plus,-2,2,32,32,0,0.0,0,0.0,0,0.0,0,0.0,0,0.0,0,0.0,32,1.0,0,P,False,0,0.0,0,0,,0,0,,,,,,
bart,time,42,formal,P,source_matrix,plus,-1,2,32,32,0,0.0,0,0.0,0,0.0,0,0.0,0,0.0,0,0.0,32,1.0,0,P,False,0,0.0,0,0,,0,0,,,,,,
bart,time,42,formal,P,source_matrix,plus,0,2,32,32,0,0.0,0,0.0,0,0.0,0,0.0,0,0.0,0,0.0,32,1.0,0,P,False,0,0.0,0,0,,0,0,,,,,,
bart,time,42,formal,P,source_matrix,plus,1,2,32,32,0,0.0,0,0.0,0,0.0,0,0.0,0,0.0,0,0.0,32,1.0,0,P,False,0,0.0,0,0,,0,0,,,,,,
bart,time,42,formal,P,source_matrix,plus,2,2,32,32,0,0.0,0,0.0,0,0.0,0,0.0,0,0.0,0,0.0,32,1.0,0,P,True,32,1.0,32,0,0.0,32,0,0.0,,,,,
bart,time,42,formal,P,source_matrix,plus,3,2,32,32,0,0.0,0,0.0,0,0.0,0,0.0,0,0.0,0,0.0,32,1.0,0,P,False,32,1.0,32,0,0.0,32,0,0.0,,,,,
bart,time,42,formal,P,source_matrix,minus,-3,2,32,32,0,0.0,0,0.0,0,0.0,0,0.0,0,0.0,0,0.0,32,1.0,0,P,False,0,0.0,0,0,,0,0,,,,,,
bart,time,42,formal,P,source_matrix,minus,-2,2,32,32,0,0.0,0,0.0,0,0.0,0,0.0,0,0.0,0,0.0,32,1.0,0,P,False,0,0.0,0,0,,0,0,,,,,,
bart,time,42,formal,P,source_matrix,minus,-1,2,32,32,0,0.0,0,0.0,0,0.0,0,0.0,0,0.0,0,0.0,32,1.0,0,P,False,0,0.0,0,0,,0,0,,,,,,
bart,time,42,formal,P,source_matrix,minus,0,2,32,32,0,0.0,0,0.0,0,0.0,0,0.0,0,0.0,0,0.0,32,1.0,0,P,False,0,0.0,0,0,,0,0,,,,,,
bart,time,42,formal,P,source_matrix,minus,1,2,32,32,0,0.0,0,0.0,0,0.0,0,0.0,0,0.0,0,0.0,32,1.0,0,P,False,0,0.0,0,0,,0,0,,,,,,
bart,time,42,formal,P,source_matrix,minus,2,2,32,32,0,0.0,0,0.0,0,0.0,0,0.0,0,0.0,0,0.0,32,1.0,0,P,True,32,1.0,32,0,0.0,32,0,0.0,,,,,
bart,time,42,formal,P,source_matrix,plus,-2,2,32,32,0,0.0,0,0.0,0,0.0,0,0.0,0,0.0,0,0.0,32,1.0,0,Q,False,0,0.0,0,0,,0,0,,,,,,
bart,time,42,formal,P,source_matrix,plus,-1,2,32,32,0,0.0,0,0.0,0,0.0,0,0.0,0,0.0,0,0.0,32,1.0,0,Q,False,0,0.0,0,0,,0,0,,,,,,
bart,time,42,formal,P,source_matrix,plus,0,2,32,32,0,0.0,0,0.0,0,0.0,0,0.0,0,0.0,0,0.0,32,1.0,0,Q,False,0,0.0,0,0,,0,0,,,,,,
bart,time,42,formal,P,source_matrix,plus,1,2,32,32,0,0.0,0,0.0,0,0.0,0,0.0,0,0.0,0,0.0,32,1.0,0,Q,False,0,0.0,0,0,,0,0,,,,,,
bart,time,42,formal,P,source_matrix,plus,2,2,32,32,0,0.0,0,0.0,0,0.0,0,0.0,0,0.0,0,0.0,32,1.0,0,Q,True,32,1.0,32,0,0.0,32,0,0.0,,,,,
bart,time,42,formal,P,source_matrix,plus,3,2,32,32,0,0.0,0,0.0,0,0.0,0,0.0,0,0.0,0,0.0,32,1.0,0,Q,False,32,1.0,32,0,0.0,32,0,0.0,,,,,
bart,time,42,formal,P,source_matrix,minus,-3,2,32,32,0,0.0,0,0.0,0,0.0,0,0.0,0,0.0,0,0.0,32,1.0,0,Q,False,3,0.09375,3,0,0.0,0,0,,,,,,
bart,time,42,formal,P,source_matrix,minus,-2,2,32,32,0,0.0,0,0.0,0,0.0,0,0.0,0,0.0,0,0.0,32,1.0,0,Q,False,0,0.0,0,0,,0,0,,,,,,
bart,time,42,formal,P,source_matrix,minus,-1,2,32,32,0,0.0,0,0.0,0,0.0,0,0.0,0,0.0,0,0.0,32,1.0,0,Q,False,0,0.0,0,0,,0,0,,,,,,
bart,time,42,formal,P,source_matrix,minus,0,2,32,32,0,0.0,0,0.0,0,0.0,0,0.0,0,0.0,0,0.0,32,1.0,0,Q,False,0,0.0,0,0,,0,0,,,,,,
bart,time,42,formal,P,source_matrix,minus,1,2,32,32,0,0.0,0,0.0,0,0.0,0,0.0,0,0.0,0,0.0,32,1.0,0,Q,False,0,0.0,0,0,,0,0,,,,,,
bart,time,42,formal,P,source_matrix,minus,2,2,32,32,0,0.0,0,0.0,0,0.0,0,0.0,0,0.0,0,0.0,32,1.0,0,Q,True,32,1.0,32,0,0.0,32,0,0.0,,,,,
bart,time,42,formal,P,source_matrix,plus,-2,2,32,32,0,0.0,0,0.0,0,0.0,0,0.0,0,0.0,0,0.0,32,1.0,0,U,False,0,0.0,0,0,,0,0,,,,,,
bart,time,42,formal,P,source_matrix,plus,-1,2,32,32,0,0.0,0,0.0,0,0.0,0,0.0,0,0.0,0,0.0,32,1.0,0,U,False,0,0.0,0,0,,0,0,,,,,,
bart,time,42,formal,P,source_matrix,plus,0,2,32,32,0,0.0,0,0.0,0,0.0,0,0.0,0,0.0,0,0.0,32,1.0,0,U,False,0,0.0,0,0,,0,0,,,,,,
bart,time,42,formal,P,source_matrix,plus,1,2,32,32,0,0.0,0,0.0,0,0.0,0,0.0,0,0.0,0,0.0,32,1.0,0,U,False,0,0.0,0,0,,0,0,,,,,,
bart,time,42,formal,P,source_matrix,plus,2,2,32,32,0,0.0,0,0.0,0,0.0,0,0.0,0,0.0,0,0.0,32,1.0,0,U,True,32,1.0,32,0,0.0,32,0,0.0,,,,,
bart,time,42,formal,P,source_matrix,plus,3,2,32,32,0,0.0,0,0.0,0,0.0,0,0.0,0,0.0,0,0.0,32,1.0,0,U,False,32,1.0,32,0,0.0,32,0,0.0,,,,,
bart,time,42,formal,P,source_matrix,minus,-3,2,32,32,0,0.0,0,0.0,0,0.0,0,0.0,0,0.0,0,0.0,32,1.0,0,U,False,32,1.0,32,0,0.0,0,0,,,,,,
bart,time,42,formal,P,source_matrix,minus,-2,2,32,32,0,0.0,0,0.0,0,0.0,0,0.0,0,0.0,0,0.0,32,1.0,0,U,False,0,0.0,0,0,,0,0,,,,,,
bart,time,42,formal,P,source_matrix,minus,-1,2,32,32,0,0.0,0,0.0,0,0.0,0,0.0,0,0.0,0,0.0,32,1.0,0,U,False,0,0.0,0,0,,0,0,,,,,,
bart,time,42,formal,P,source_matrix,minus,0,2,32,32,0,0.0,0,0.0,0,0.0,0,0.0,0,0.0,0,0.0,32,1.0,0,U,False,0,0.0,0,0,,0,0,,,,,,
bart,time,42,formal,P,source_matrix,minus,1,2,32,32,0,0.0,0,0.0,0,0.0,0,0.0,0,0.0,0,0.0,32,1.0,0,U,False,0,0.0,0,0,,0,0,,,,,,
bart,time,42,formal,P,source_matrix,minus,2,2,32,32,0,0.0,0,0.0,0,0.0,0,0.0,0,0.0,0,0.0,32,1.0,0,U,True,32,1.0,32,0,0.0,32,0,0.0,,,,,
bart,time,42,formal,P,source_matrix,plus,-2,0,32,32,0,0.0,0,0.0,0,0.0,0,0.0,0,0.0,0,0.0,32,1.0,1,P,True,32,1.0,32,0,0.0,32,0,0.0,,,,,
bart,time,42,formal,P,source_matrix,plus,-1,0,32,32,0,0.0,0,0.0,0,0.0,0,0.0,0,0.0,0,0.0,32,1.0,1,P,False,32,1.0,32,0,0.0,32,0,0.0,,,,,
bart,time,42,formal,P,source_matrix,plus,0,0,32,32,0,0.0,0,0.0,0,0.0,0,0.0,0,0.0,0,0.0,32,1.0,1,P,False,32,1.0,32,0,0.0,32,0,0.0,,,,,
bart,time,42,formal,P,source_matrix,plus,1,0,32,32,0,0.0,0,0.0,0,0.0,0,0.0,0,0.0,0,0.0,32,1.0,1,P,False,32,1.0,32,0,0.0,32,0,0.0,,,,,
bart,time,42,formal,P,source_matrix,plus,2,0,32,32,0,0.0,0,0.0,0,0.0,0,0.0,0,0.0,0,0.0,32,1.0,1,P,False,32,1.0,32,0,0.0,32,0,0.0,,,,,
bart,time,42,formal,P,source_matrix,plus,3,0,32,32,0,0.0,0,0.0,0,0.0,0,0.0,0,0.0,0,0.0,32,1.0,1,P,False,32,1.0,32,0,0.0,32,0,0.0,,,,,
bart,time,42,formal,P,source_matrix,minus,-3,0,32,32,0,0.0,0,0.0,0,0.0,0,0.0,0,0.0,0,0.0,32,1.0,1,P,False,32,1.0,32,0,0.0,32,0,0.0,,,,,
bart,time,42,formal,P,source_matrix,minus,-2,0,32,32,0,0.0,0,0.0,0,0.0,0,0.0,0,0.0,0,0.0,32,1.0,1,P,True,32,1.0,32,0,0.0,32,0,0.0,,,,,
bart,time,42,formal,P,source_matrix,minus,-1,0,32,32,0,0.0,0,0.0,0,0.0,0,0.0,0,0.0,0,0.0,32,1.0,1,P,False,32,1.0,32,0,0.0,32,0,0.0,,,,,
bart,time,42,formal,P,source_matrix,minus,0,0,32,32,0,0.0,0,0.0,0,0.0,0,0.0,0,0.0,0,0.0,32,1.0,1,P,False,32,1.0,32,0,0.0,32,0,0.0,,,,,
bart,time,42,formal,P,source_matrix,minus,1,0,32,32,0,0.0,0,0.0,0,0.0,0,0.0,0,0.0,0,0.0,32,1.0,1,P,False,32,1.0,32,0,0.0,32,0,0.0,,,,,
bart,time,42,formal,P,source_matrix,minus,2,0,32,32,0,0.0,0,0.0,0,0.0,0,0.0,0,0.0,0,0.0,32,1.0,1,P,False,32,1.0,32,0,0.0,32,0,0.0,,,,,
bart,time,42,formal,P,source_matrix,plus,-2,0,32,32,0,0.0,0,0.0,0,0.0,0,0.0,0,0.0,0,0.0,32,1.0,1,Q,True,32,1.0,32,0,0.0,32,0,0.0,,,,,
bart,time,42,formal,P,source_matrix,plus,-1,0,32,32,0,0.0,0,0.0,0,0.0,0,0.0,0,0.0,0,0.0,32,1.0,1,Q,False,32,1.0,32,0,0.0,32,0,0.0,,,,,
bart,time,42,formal,P,source_matrix,plus,0,0,32,32,0,0.0,0,0.0,0,0.0,0,0.0,0,0.0,0,0.0,32,1.0,1,Q,False,32,1.0,32,0,0.0,32,0,0.0,,,,,
bart,time,42,formal,P,source_matrix,plus,1,0,32,32,0,0.0,0,0.0,0,0.0,0,0.0,0,0.0,0,0.0,32,1.0,1,Q,False,32,1.0,32,0,0.0,32,0,0.0,,,,,
bart,time,42,formal,P,source_matrix,plus,2,0,32,32,0,0.0,0,0.0,0,0.0,0,0.0,0,0.0,0,0.0,32,1.0,1,Q,False,32,1.0,32,0,0.0,32,0,0.0,,,,,
bart,time,42,formal,P,source_matrix,plus,3,0,32,32,0,0.0,0,0.0,0,0.0,0,0.0,0,0.0,0,0.0,32,1.0,1,Q,False,32,1.0,32,0,0.0,32,0,0.0,,,,,
bart,time,42,formal,P,source_matrix,minus,-3,0,32,32,1,0.03125,1,0.03125,1,0.03125,1,0.03125,1,0.03125,1,0.03125,32,1.0,1,Q,False,32,1.0,32,1,0.03125,32,1,0.03125,,,,,
bart,time,42,formal,P,source_matrix,minus,-2,0,32,32,0,0.0,0,0.0,0,0.0,0,0.0,0,0.0,0,0.0,32,1.0,1,Q,True,32,1.0,32,0,0.0,32,0,0.0,,,,,
bart,time,42,formal,P,source_matrix,minus,-1,0,32,32,0,0.0,0,0.0,0,0.0,0,0.0,0,0.0,0,0.0,32,1.0,1,Q,False,32,1.0,32,0,0.0,32,0,0.0,,,,,
bart,time,42,formal,P,source_matrix,minus,0,0,32,32,0,0.0,0,0.0,0,0.0,0,0.0,0,0.0,0,0.0,32,1.0,1,Q,False,32,1.0,32,0,0.0,32,0,0.0,,,,,
bart,time,42,formal,P,source_matrix,minus,1,0,32,32,0,0.0,0,0.0,0,0.0,0,0.0,0,0.0,0,0.0,32,1.0,1,Q,False,32,1.0,32,0,0.0,32,0,0.0,,,,,
bart,time,42,formal,P,source_matrix,minus,2,0,32,32,0,0.0,0,0.0,0,0.0,0,0.0,0,0.0,0,0.0,32,1.0,1,Q,False,32,1.0,32,0,0.0,32,0,0.0,,,,,
bart,time,42,formal,P,source_matrix,plus,-2,0,32,32,0,0.0,0,0.0,0,0.0,0,0.0,0,0.0,0,0.0,32,1.0,1,U,True,32,1.0,32,0,0.0,32,0,0.0,,,,,
bart,time,42,formal,P,source_matrix,plus,-1,0,32,32,0,0.0,0,0.0,0,0.0,0,0.0,0,0.0,0,0.0,32,1.0,1,U,False,32,1.0,32,0,0.0,32,0,0.0,,,,,
bart,time,42,formal,P,source_matrix,plus,0,0,32,32,0,0.0,0,0.0,0,0.0,0,0.0,0,0.0,0,0.0,32,1.0,1,U,False,32,1.0,32,0,0.0,32,0,0.0,,,,,
bart,time,42,formal,P,source_matrix,plus,1,0,32,32,0,0.0,0,0.0,0,0.0,0,0.0,0,0.0,0,0.0,32,1.0,1,U,False,32,1.0,32,0,0.0,32,0,0.0,,,,,
bart,time,42,formal,P,source_matrix,plus,2,0,32,32,0,0.0,0,0.0,0,0.0,0,0.0,0,0.0,0,0.0,31,0.96875,1,U,False,32,1.0,32,0,0.0,32,0,0.0,,,,,
bart,time,42,formal,P,source_matrix,plus,3,0,32,32,0,0.0,0,0.0,0,0.0,0,0.0,0,0.0,0,0.0,32,1.0,1,U,False,32,1.0,32,0,0.0,32,0,0.0,,,,,
bart,time,42,formal,P,source_matrix,minus,-3,0,32,32,0,0.0,0,0.0,2,0.0625,0,0.0,2,0.0625,2,0.0625,32,1.0,1,U,False,32,1.0,32,0,0.0,32,0,0.0,,,,,
bart,time,42,formal,P,source_matrix,minus,-2,0,32,32,0,0.0,0,0.0,0,0.0,0,0.0,0,0.0,0,0.0,32,1.0,1,U,True,32,1.0,32,0,0.0,32,0,0.0,,,,,
bart,time,42,formal,P,source_matrix,minus,-1,0,32,32,0,0.0,0,0.0,0,0.0,0,0.0,0,0.0,0,0.0,32,1.0,1,U,False,32,1.0,32,0,0.0,32,0,0.0,,,,,
bart,time,42,formal,P,source_matrix,minus,0,0,32,32,0,0.0,0,0.0,0,0.0,0,0.0,0,0.0,0,0.0,32,1.0,1,U,False,32,1.0,32,0,0.0,32,0,0.0,,,,,
bart,time,42,formal,P,source_matrix,minus,1,0,32,32,0,0.0,0,0.0,0,0.0,0,0.0,0,0.0,0,0.0,32,1.0,1,U,False,32,1.0,32,0,0.0,32,0,0.0,,,,,
bart,time,42,formal,P,source_matrix,minus,2,0,32,32,0,0.0,0,0.0,0,0.0,0,0.0,0,0.0,0,0.0,32,1.0,1,U,False,32,1.0,32,0,0.0,32,0,0.0,,,,,
bart,time,42,formal,P,source_matrix,plus,-2,2,32,32,0,0.0,0,0.0,0,0.0,0,0.0,0,0.0,0,0.0,32,1.0,1,P,True,0,0.0,0,0,,0,0,,,,,,
bart,time,42,formal,P,source_matrix,plus,-1,2,32,32,0,0.0,0,0.0,0,0.0,0,0.0,0,0.0,0,0.0,32,1.0,1,P,False,0,0.0,0,0,,0,0,,,,,,
bart,time,42,formal,P,source_matrix,plus,0,2,32,32,0,0.0,0,0.0,0,0.0,0,0.0,0,0.0,0,0.0,32,1.0,1,P,False,0,0.0,0,0,,0,0,,,,,,
bart,time,42,formal,P,source_matrix,plus,1,2,32,32,0,0.0,0,0.0,0,0.0,0,0.0,0,0.0,0,0.0,32,1.0,1,P,False,0,0.0,0,0,,0,0,,,,,,
bart,time,42,formal,P,source_matrix,plus,2,2,32,32,0,0.0,0,0.0,0,0.0,0,0.0,0,0.0,0,0.0,32,1.0,1,P,False,32,1.0,32,0,0.0,32,0,0.0,,,,,
bart,time,42,formal,P,source_matrix,plus,3,2,32,32,0,0.0,0,0.0,0,0.0,0,0.0,0,0.0,0,0.0,32,1.0,1,P,False,32,1.0,32,0,0.0,32,0,0.0,,,,,
bart,time,42,formal,P,source_matrix,minus,-3,2,32,32,0,0.0,0,0.0,0,0.0,0,0.0,0,0.0,0,0.0,32,1.0,1,P,False,0,0.0,0,0,,0,0,,,,,,
bart,time,42,formal,P,source_matrix,minus,-2,2,32,32,0,0.0,0,0.0,0,0.0,0,0.0,0,0.0,0,0.0,32,1.0,1,P,True,0,0.0,0,0,,0,0,,,,,,
bart,time,42,formal,P,source_matrix,minus,-1,2,32,32,0,0.0,0,0.0,0,0.0,0,0.0,0,0.0,0,0.0,32,1.0,1,P,False,0,0.0,0,0,,0,0,,,,,,
bart,time,42,formal,P,source_matrix,minus,0,2,32,32,0,0.0,0,0.0,0,0.0,0,0.0,0,0.0,0,0.0,32,1.0,1,P,False,0,0.0,0,0,,0,0,,,,,,
bart,time,42,formal,P,source_matrix,minus,1,2,32,32,0,0.0,0,0.0,0,0.0,0,0.0,0,0.0,0,0.0,32,1.0,1,P,False,0,0.0,0,0,,0,0,,,,,,
bart,time,42,formal,P,source_matrix,minus,2,2,32,32,0,0.0,0,0.0,0,0.0,0,0.0,0,0.0,0,0.0,32,1.0,1,P,False,32,1.0,32,0,0.0,32,0,0.0,,,,,
bart,time,42,formal,P,source_matrix,plus,-2,2,32,32,0,0.0,0,0.0,0,0.0,0,0.0,0,0.0,0,0.0,32,1.0,1,Q,True,0,0.0,0,0,,0,0,,,,,,
bart,time,42,formal,P,source_matrix,plus,-1,2,32,32,0,0.0,0,0.0,0,0.0,0,0.0,0,0.0,0,0.0,32,1.0,1,Q,False,0,0.0,0,0,,0,0,,,,,,
bart,time,42,formal,P,source_matrix,plus,0,2,32,32,0,0.0,0,0.0,0,0.0,0,0.0,0,0.0,0,0.0,32,1.0,1,Q,False,0,0.0,0,0,,0,0,,,,,,
bart,time,42,formal,P,source_matrix,plus,1,2,32,32,0,0.0,0,0.0,0,0.0,0,0.0,0,0.0,0,0.0,32,1.0,1,Q,False,0,0.0,0,0,,0,0,,,,,,
bart,time,42,formal,P,source_matrix,plus,2,2,32,32,0,0.0,0,0.0,0,0.0,0,0.0,0,0.0,0,0.0,32,1.0,1,Q,False,32,1.0,32,0,0.0,32,0,0.0,,,,,
bart,time,42,formal,P,source_matrix,plus,3,2,32,32,0,0.0,0,0.0,0,0.0,0,0.0,0,0.0,0,0.0,32,1.0,1,Q,False,32,1.0,32,0,0.0,32,0,0.0,,,,,
bart,time,42,formal,P,source_matrix,minus,-3,2,32,32,0,0.0,0,0.0,0,0.0,0,0.0,0,0.0,0,0.0,32,1.0,1,Q,False,3,0.09375,3,0,0.0,0,0,,,,,,
bart,time,42,formal,P,source_matrix,minus,-2,2,32,32,0,0.0,0,0.0,0,0.0,0,0.0,0,0.0,0,0.0,32,1.0,1,Q,True,0,0.0,0,0,,0,0,,,,,,
bart,time,42,formal,P,source_matrix,minus,-1,2,32,32,0,0.0,0,0.0,0,0.0,0,0.0,0,0.0,0,0.0,32,1.0,1,Q,False,0,0.0,0,0,,0,0,,,,,,
bart,time,42,formal,P,source_matrix,minus,0,2,32,32,0,0.0,0,0.0,0,0.0,0,0.0,0,0.0,0,0.0,32,1.0,1,Q,False,0,0.0,0,0,,0,0,,,,,,
bart,time,42,formal,P,source_matrix,minus,1,2,32,32,0,0.0,0,0.0,0,0.0,0,0.0,0,0.0,0,0.0,32,1.0,1,Q,False,0,0.0,0,0,,0,0,,,,,,
bart,time,42,formal,P,source_matrix,minus,2,2,32,32,0,0.0,0,0.0,0,0.0,0,0.0,0,0.0,0,0.0,32,1.0,1,Q,False,32,1.0,32,0,0.0,32,0,0.0,,,,,
bart,time,42,formal,P,source_matrix,plus,-2,2,32,32,0,0.0,0,0.0,0,0.0,0,0.0,0,0.0,0,0.0,32,1.0,1,U,True,0,0.0,0,0,,0,0,,,,,,
bart,time,42,formal,P,source_matrix,plus,-1,2,32,32,0,0.0,0,0.0,0,0.0,0,0.0,0,0.0,0,0.0,32,1.0,1,U,False,0,0.0,0,0,,0,0,,,,,,
bart,time,42,formal,P,source_matrix,plus,0,2,32,32,0,0.0,0,0.0,0,0.0,0,0.0,0,0.0,0,0.0,32,1.0,1,U,False,0,0.0,0,0,,0,0,,,,,,
bart,time,42,formal,P,source_matrix,plus,1,2,32,32,0,0.0,0,0.0,0,0.0,0,0.0,0,0.0,0,0.0,32,1.0,1,U,False,0,0.0,0,0,,0,0,,,,,,
bart,time,42,formal,P,source_matrix,plus,2,2,32,32,0,0.0,0,0.0,0,0.0,0,0.0,0,0.0,0,0.0,32,1.0,1,U,False,32,1.0,32,0,0.0,32,0,0.0,,,,,
bart,time,42,formal,P,source_matrix,plus,3,2,32,32,0,0.0,0,0.0,0,0.0,0,0.0,0,0.0,0,0.0,32,1.0,1,U,False,32,1.0,32,0,0.0,32,0,0.0,,,,,
bart,time,42,formal,P,source_matrix,minus,-3,2,32,32,0,0.0,0,0.0,0,0.0,0,0.0,0,0.0,0,0.0,32,1.0,1,U,False,32,1.0,32,0,0.0,0,0,,,,,,
bart,time,42,formal,P,source_matrix,minus,-2,2,32,32,0,0.0,0,0.0,0,0.0,0,0.0,0,0.0,0,0.0,32,1.0,1,U,True,0,0.0,0,0,,0,0,,,,,,
bart,time,42,formal,P,source_matrix,minus,-1,2,32,32,0,0.0,0,0.0,0,0.0,0,0.0,0,0.0,0,0.0,32,1.0,1,U,False,0,0.0,0,0,,0,0,,,,,,
bart,time,42,formal,P,source_matrix,minus,0,2,32,32,0,0.0,0,0.0,0,0.0,0,0.0,0,0.0,0,0.0,32,1.0,1,U,False,0,0.0,0,0,,0,0,,,,,,
bart,time,42,formal,P,source_matrix,minus,1,2,32,32,0,0.0,0,0.0,0,0.0,0,0.0,0,0.0,0,0.0,32,1.0,1,U,False,0,0.0,0,0,,0,0,,,,,,
bart,time,42,formal,P,source_matrix,minus,2,2,32,32,0,0.0,0,0.0,0,0.0,0,0.0,0,0.0,0,0.0,32,1.0,1,U,False,32,1.0,32,0,0.0,32,0,0.0,,,,,
bart,time,42,formal,P,trajectory,,,0,32,32,32,1.0,32,1.0,32,1.0,32,1.0,32,1.0,32,1.0,32,1.0,,,,,,32,32,1.0,,,,latent,1,forward,32,1.0
bart,time,42,formal,P,trajectory,,,0,32,32,0,0.0,0,0.0,0,0.0,0,0.0,0,0.0,0,0.0,32,1.0,,,,,,32,0,0.0,,,,latent,2,forward,0,0.0
bart,time,42,formal,P,trajectory,,,0,32,32,0,0.0,0,0.0,0,0.0,0,0.0,0,0.0,0,0.0,0,0.0,,,,,,0,0,,,,,latent,3,forward,0,0.0
bart,time,42,formal,P,trajectory,,,0,32,32,0,0.0,0,0.0,0,0.0,0,0.0,0,0.0,0,0.0,0,0.0,,,,,,0,0,,,,,latent,4,forward,0,0.0
bart,time,42,formal,P,trajectory,,,0,32,32,0,0.0,0,0.0,0,0.0,0,0.0,0,0.0,0,0.0,0,0.0,,,,,,0,0,,,,,latent,5,forward,0,0.0
bart,time,42,formal,P,trajectory,,,0,32,32,32,1.0,32,1.0,32,1.0,32,1.0,32,1.0,32,1.0,32,1.0,,,,,,32,32,1.0,,,,decode_reencode,1,forward,32,1.0
bart,time,42,formal,P,trajectory,,,0,32,32,32,1.0,32,1.0,32,1.0,32,1.0,32,1.0,32,1.0,32,1.0,,,,,,32,32,1.0,,,,decode_reencode,2,forward,32,1.0
bart,time,42,formal,P,trajectory,,,0,32,32,32,1.0,32,1.0,32,1.0,32,1.0,32,1.0,32,1.0,32,1.0,,,,,,32,32,1.0,,,,decode_reencode,3,forward,32,1.0
bart,time,42,formal,P,trajectory,,,0,32,32,32,1.0,32,1.0,32,1.0,32,1.0,32,1.0,32,1.0,32,1.0,,,,,,32,32,1.0,,,,decode_reencode,4,forward,32,1.0
bart,time,42,formal,P,trajectory,,,0,32,32,32,1.0,32,1.0,32,1.0,32,1.0,32,1.0,32,1.0,32,1.0,,,,,,32,32,1.0,,,,decode_reencode,5,forward,32,1.0
bart,time,42,formal,P,trajectory,,,0,32,32,32,1.0,32,1.0,32,1.0,32,1.0,32,1.0,32,1.0,32,1.0,,,,,,32,32,1.0,,,,gold_reencode,1,forward,32,1.0
bart,time,42,formal,P,trajectory,,,0,32,32,32,1.0,32,1.0,32,1.0,32,1.0,32,1.0,32,1.0,32,1.0,,,,,,32,32,1.0,,,,gold_reencode,2,forward,32,1.0
bart,time,42,formal,P,trajectory,,,0,32,32,32,1.0,32,1.0,32,1.0,32,1.0,32,1.0,32,1.0,32,1.0,,,,,,32,32,1.0,,,,gold_reencode,3,forward,32,1.0
bart,time,42,formal,P,trajectory,,,0,32,32,32,1.0,32,1.0,32,1.0,32,1.0,32,1.0,32,1.0,32,1.0,,,,,,32,32,1.0,,,,gold_reencode,4,forward,32,1.0
bart,time,42,formal,P,trajectory,,,0,32,32,32,1.0,32,1.0,32,1.0,32,1.0,32,1.0,32,1.0,32,1.0,,,,,,32,32,1.0,,,,gold_reencode,5,forward,32,1.0
bart,time,42,formal,P,trajectory,,,0,32,32,32,1.0,32,1.0,32,1.0,32,1.0,32,1.0,32,1.0,32,1.0,,,,,,32,32,1.0,,,,latent,1,reverse,32,1.0
bart,time,42,formal,P,trajectory,,,0,32,32,0,0.0,0,0.0,0,0.0,0,0.0,0,0.0,0,0.0,32,1.0,,,,,,32,0,0.0,,,,latent,2,reverse,0,0.0
bart,time,42,formal,P,trajectory,,,0,32,32,0,0.0,0,0.0,0,0.0,0,0.0,0,0.0,0,0.0,5,0.15625,,,,,,0,0,,,,,latent,3,reverse,0,0.0
bart,time,42,formal,P,trajectory,,,0,32,32,0,0.0,0,0.0,0,0.0,0,0.0,0,0.0,0,0.0,0,0.0,,,,,,0,0,,,,,latent,4,reverse,0,0.0
bart,time,42,formal,P,trajectory,,,0,32,32,0,0.0,0,0.0,0,0.0,0,0.0,0,0.0,0,0.0,0,0.0,,,,,,0,0,,,,,latent,5,reverse,0,0.0
bart,time,42,formal,P,trajectory,,,0,32,32,32,1.0,32,1.0,32,1.0,32,1.0,32,1.0,32,1.0,32,1.0,,,,,,32,32,1.0,,,,decode_reencode,1,reverse,32,1.0
bart,time,42,formal,P,trajectory,,,0,32,32,32,1.0,32,1.0,32,1.0,32,1.0,32,1.0,32,1.0,32,1.0,,,,,,32,32,1.0,,,,decode_reencode,2,reverse,32,1.0
bart,time,42,formal,P,trajectory,,,0,32,32,32,1.0,32,1.0,32,1.0,32,1.0,32,1.0,32,1.0,32,1.0,,,,,,32,32,1.0,,,,decode_reencode,3,reverse,32,1.0
bart,time,42,formal,P,trajectory,,,0,32,32,32,1.0,32,1.0,32,1.0,32,1.0,32,1.0,32,1.0,32,1.0,,,,,,32,32,1.0,,,,decode_reencode,4,reverse,32,1.0
bart,time,42,formal,P,trajectory,,,0,32,32,32,1.0,32,1.0,32,1.0,32,1.0,32,1.0,32,1.0,32,1.0,,,,,,32,32,1.0,,,,decode_reencode,5,reverse,32,1.0
bart,time,42,formal,P,trajectory,,,0,32,32,32,1.0,32,1.0,32,1.0,32,1.0,32,1.0,32,1.0,32,1.0,,,,,,32,32,1.0,,,,gold_reencode,1,reverse,32,1.0
bart,time,42,formal,P,trajectory,,,0,32,32,32,1.0,32,1.0,32,1.0,32,1.0,32,1.0,32,1.0,32,1.0,,,,,,32,32,1.0,,,,gold_reencode,2,reverse,32,1.0
bart,time,42,formal,P,trajectory,,,0,32,32,32,1.0,32,1.0,32,1.0,32,1.0,32,1.0,32,1.0,32,1.0,,,,,,32,32,1.0,,,,gold_reencode,3,reverse,32,1.0
bart,time,42,formal,P,trajectory,,,0,32,32,32,1.0,32,1.0,32,1.0,32,1.0,32,1.0,32,1.0,32,1.0,,,,,,32,32,1.0,,,,gold_reencode,4,reverse,32,1.0
bart,time,42,formal,P,trajectory,,,0,32,32,32,1.0,32,1.0,32,1.0,32,1.0,32,1.0,32,1.0,32,1.0,,,,,,32,32,1.0,,,,gold_reencode,5,reverse,32,1.0
bart,time,42,formal,P,trajectory,,,0,32,32,32,1.0,32,1.0,32,1.0,32,1.0,32,1.0,32,1.0,32,1.0,,,,,,32,32,1.0,,,,latent,1,inverse,32,1.0
bart,time,42,formal,P,trajectory,,,0,32,32,0,0.0,0,0.0,0,0.0,0,0.0,0,0.0,0,0.0,32,1.0,,,,,,32,0,0.0,,,,latent,2,inverse,0,0.0
bart,time,42,formal,P,trajectory,,,0,32,32,0,0.0,0,0.0,0,0.0,0,0.0,0,0.0,0,0.0,14,0.4375,,,,,,0,0,,,,,latent,3,inverse,0,0.0
bart,time,42,formal,P,trajectory,,,0,32,32,0,0.0,0,0.0,0,0.0,0,0.0,0,0.0,0,0.0,0,0.0,,,,,,0,0,,,,,latent,4,inverse,0,0.0
bart,time,42,formal,P,trajectory,,,0,32,32,0,0.0,0,0.0,0,0.0,0,0.0,0,0.0,0,0.0,0,0.0,,,,,,0,0,,,,,latent,5,inverse,0,0.0
bart,time,42,formal,P,trajectory,,,0,32,32,32,1.0,32,1.0,32,1.0,32,1.0,32,1.0,32,1.0,32,1.0,,,,,,32,32,1.0,,,,decode_reencode,1,inverse,32,1.0
bart,time,42,formal,P,trajectory,,,0,32,32,32,1.0,32,1.0,32,1.0,32,1.0,32,1.0,32,1.0,32,1.0,,,,,,32,32,1.0,,,,decode_reencode,2,inverse,32,1.0
bart,time,42,formal,P,trajectory,,,0,32,32,32,1.0,32,1.0,32,1.0,32,1.0,32,1.0,32,1.0,32,1.0,,,,,,32,32,1.0,,,,decode_reencode,3,inverse,32,1.0
bart,time,42,formal,P,trajectory,,,0,32,32,32,1.0,32,1.0,32,1.0,32,1.0,32,1.0,32,1.0,32,1.0,,,,,,32,32,1.0,,,,decode_reencode,4,inverse,32,1.0
bart,time,42,formal,P,trajectory,,,0,32,32,32,1.0,32,1.0,32,1.0,32,1.0,32,1.0,32,1.0,32,1.0,,,,,,32,32,1.0,,,,decode_reencode,5,inverse,32,1.0
bart,time,42,formal,P,trajectory,,,0,32,32,32,1.0,32,1.0,32,1.0,32,1.0,32,1.0,32,1.0,32,1.0,,,,,,32,32,1.0,,,,gold_reencode,1,inverse,32,1.0
bart,time,42,formal,P,trajectory,,,0,32,32,32,1.0,32,1.0,32,1.0,32,1.0,32,1.0,32,1.0,32,1.0,,,,,,32,32,1.0,,,,gold_reencode,2,inverse,32,1.0
bart,time,42,formal,P,trajectory,,,0,32,32,32,1.0,32,1.0,32,1.0,32,1.0,32,1.0,32,1.0,32,1.0,,,,,,32,32,1.0,,,,gold_reencode,3,inverse,32,1.0
bart,time,42,formal,P,trajectory,,,0,32,32,32,1.0,32,1.0,32,1.0,32,1.0,32,1.0,32,1.0,32,1.0,,,,,,32,32,1.0,,,,gold_reencode,4,inverse,32,1.0
bart,time,42,formal,P,trajectory,,,0,32,32,32,1.0,32,1.0,32,1.0,32,1.0,32,1.0,32,1.0,32,1.0,,,,,,32,32,1.0,,,,gold_reencode,5,inverse,32,1.0
bart,time,42,formal,P,trajectory,,,2,32,32,32,1.0,32,1.0,32,1.0,32,1.0,32,1.0,32,1.0,32,1.0,,,,,,32,32,1.0,,,,latent,1,forward,32,1.0
bart,time,42,formal,P,trajectory,,,2,32,32,0,0.0,0,0.0,0,0.0,0,0.0,0,0.0,0,0.0,32,1.0,,,,,,32,0,0.0,,,,latent,2,forward,0,0.0
bart,time,42,formal,P,trajectory,,,2,32,32,0,0.0,0,0.0,0,0.0,0,0.0,0,0.0,0,0.0,0,0.0,,,,,,0,0,,,,,latent,3,forward,0,0.0
bart,time,42,formal,P,trajectory,,,2,32,32,0,0.0,0,0.0,0,0.0,0,0.0,0,0.0,0,0.0,0,0.0,,,,,,0,0,,,,,latent,4,forward,0,0.0
bart,time,42,formal,P,trajectory,,,2,32,32,0,0.0,0,0.0,0,0.0,0,0.0,0,0.0,0,0.0,0,0.0,,,,,,0,0,,,,,latent,5,forward,0,0.0
bart,time,42,formal,P,trajectory,,,2,32,32,32,1.0,32,1.0,32,1.0,32,1.0,32,1.0,32,1.0,32,1.0,,,,,,32,32,1.0,,,,decode_reencode,1,forward,32,1.0
bart,time,42,formal,P,trajectory,,,2,32,32,0,0.0,0,0.0,32,1.0,0,0.0,32,1.0,32,1.0,32,1.0,,,,,,32,0,0.0,,,,decode_reencode,2,forward,0,0.0
bart,time,42,formal,P,trajectory,,,2,32,32,0,0.0,0,0.0,32,1.0,0,0.0,32,1.0,32,1.0,32,1.0,,,,,,0,0,,,,,decode_reencode,3,forward,0,0.0
bart,time,42,formal,P,trajectory,,,2,32,32,0,0.0,0,0.0,32,1.0,0,0.0,32,1.0,32,1.0,32,1.0,,,,,,0,0,,,,,decode_reencode,4,forward,0,0.0
bart,time,42,formal,P,trajectory,,,2,32,32,0,0.0,0,0.0,32,1.0,0,0.0,32,1.0,32,1.0,32,1.0,,,,,,0,0,,,,,decode_reencode,5,forward,0,0.0
bart,time,42,formal,P,trajectory,,,2,32,32,32,1.0,32,1.0,32,1.0,32,1.0,32,1.0,32,1.0,32,1.0,,,,,,32,32,1.0,,,,gold_reencode,1,forward,32,1.0
bart,time,42,formal,P,trajectory,,,2,32,32,0,0.0,0,0.0,32,1.0,0,0.0,32,1.0,32,1.0,32,1.0,,,,,,32,0,0.0,,,,gold_reencode,2,forward,0,0.0
bart,time,42,formal,P,trajectory,,,2,32,32,0,0.0,0,0.0,32,1.0,0,0.0,32,1.0,32,1.0,32,1.0,,,,,,0,0,,,,,gold_reencode,3,forward,0,0.0
bart,time,42,formal,P,trajectory,,,2,32,32,0,0.0,0,0.0,32,1.0,0,0.0,32,1.0,23,0.71875,32,1.0,,,,,,0,0,,,,,gold_reencode,4,forward,0,0.0
bart,time,42,formal,P,trajectory,,,2,32,32,0,0.0,0,0.0,32,1.0,0,0.0,32,1.0,0,0.0,32,1.0,,,,,,0,0,,,,,gold_reencode,5,forward,0,0.0
bart,time,42,formal,P,trajectory,,,2,32,32,12,0.375,12,0.375,32,1.0,12,0.375,32,1.0,27,0.84375,32,1.0,,,,,,32,12,0.375,,,,latent,1,reverse,12,0.375
bart,time,42,formal,P,trajectory,,,2,32,32,0,0.0,0,0.0,0,0.0,0,0.0,0,0.0,0,0.0,32,1.0,,,,,,12,0,0.0,,,,latent,2,reverse,0,0.0
bart,time,42,formal,P,trajectory,,,2,32,32,0,0.0,0,0.0,0,0.0,0,0.0,0,0.0,0,0.0,1,0.03125,,,,,,0,0,,,,,latent,3,reverse,0,0.0
bart,time,42,formal,P,trajectory,,,2,32,32,0,0.0,0,0.0,0,0.0,0,0.0,0,0.0,0,0.0,1,0.03125,,,,,,0,0,,,,,latent,4,reverse,0,0.0
bart,time,42,formal,P,trajectory,,,2,32,32,0,0.0,0,0.0,0,0.0,0,0.0,0,0.0,0,0.0,0,0.0,,,,,,0,0,,,,,latent,5,reverse,0,0.0
bart,time,42,formal,P,trajectory,,,2,32,32,12,0.375,12,0.375,32,1.0,12,0.375,32,1.0,27,0.84375,32,1.0,,,,,,32,12,0.375,,,,decode_reencode,1,reverse,12,0.375
bart,time,42,formal,P,trajectory,,,2,32,32,0,0.0,0,0.0,32,1.0,0,0.0,32,1.0,27,0.84375,32,1.0,,,,,,12,0,0.0,,,,decode_reencode,2,reverse,0,0.0
bart,time,42,formal,P,trajectory,,,2,32,32,0,0.0,0,0.0,32,1.0,0,0.0,32,1.0,27,0.84375,32,1.0,,,,,,0,0,,,,,decode_reencode,3,reverse,0,0.0
bart,time,42,formal,P,trajectory,,,2,32,32,0,0.0,0,0.0,32,1.0,0,0.0,32,1.0,27,0.84375,32,1.0,,,,,,0,0,,,,,decode_reencode,4,reverse,0,0.0
bart,time,42,formal,P,trajectory,,,2,32,32,0,0.0,0,0.0,32,1.0,0,0.0,32,1.0,27,0.84375,32,1.0,,,,,,0,0,,,,,decode_reencode,5,reverse,0,0.0
bart,time,42,formal,P,trajectory,,,2,32,32,12,0.375,12,0.375,32,1.0,12,0.375,32,1.0,27,0.84375,32,1.0,,,,,,32,12,0.375,,,,gold_reencode,1,reverse,12,0.375
bart,time,42,formal,P,trajectory,,,2,32,32,0,0.0,0,0.0,32,1.0,0,0.0,32,1.0,32,1.0,32,1.0,,,,,,12,0,0.0,,,,gold_reencode,2,reverse,0,0.0
bart,time,42,formal,P,trajectory,,,2,32,32,0,0.0,0,0.0,32,1.0,0,0.0,32,1.0,30,0.9375,32,1.0,,,,,,0,0,,,,,gold_reencode,3,reverse,0,0.0
bart,time,42,formal,P,trajectory,,,2,32,32,0,0.0,0,0.0,32,1.0,0,0.0,32,1.0,32,1.0,32,1.0,,,,,,0,0,,,,,gold_reencode,4,reverse,0,0.0
bart,time,42,formal,P,trajectory,,,2,32,32,0,0.0,0,0.0,32,1.0,0,0.0,32,1.0,29,0.90625,32,1.0,,,,,,0,0,,,,,gold_reencode,5,reverse,0,0.0
bart,time,42,formal,P,trajectory,,,2,32,32,0,0.0,0,0.0,32,1.0,0,0.0,32,1.0,23,0.71875,32,1.0,,,,,,32,0,0.0,,,,latent,1,inverse,0,0.0
bart,time,42,formal,P,trajectory,,,2,32,32,0,0.0,0,0.0,0,0.0,0,0.0,0,0.0,0,0.0,32,1.0,,,,,,0,0,,,,,latent,2,inverse,0,0.0
bart,time,42,formal,P,trajectory,,,2,32,32,0,0.0,0,0.0,0,0.0,0,0.0,0,0.0,0,0.0,32,1.0,,,,,,0,0,,,,,latent,3,inverse,0,0.0
bart,time,42,formal,P,trajectory,,,2,32,32,0,0.0,0,0.0,0,0.0,0,0.0,0,0.0,0,0.0,0,0.0,,,,,,0,0,,,,,latent,4,inverse,0,0.0
bart,time,42,formal,P,trajectory,,,2,32,32,0,0.0,0,0.0,0,0.0,0,0.0,0,0.0,0,0.0,0,0.0,,,,,,0,0,,,,,latent,5,inverse,0,0.0
bart,time,42,formal,P,trajectory,,,2,32,32,0,0.0,0,0.0,32,1.0,0,0.0,32,1.0,23,0.71875,32,1.0,,,,,,32,0,0.0,,,,decode_reencode,1,inverse,0,0.0
bart,time,42,formal,P,trajectory,,,2,32,32,23,0.71875,23,0.71875,32,1.0,23,0.71875,32,1.0,23,0.71875,32,1.0,,,,,,0,0,,,,,decode_reencode,2,inverse,0,0.0
bart,time,42,formal,P,trajectory,,,2,32,32,0,0.0,0,0.0,32,1.0,0,0.0,32,1.0,23,0.71875,32,1.0,,,,,,23,0,0.0,,,,decode_reencode,3,inverse,0,0.0
bart,time,42,formal,P,trajectory,,,2,32,32,23,0.71875,23,0.71875,32,1.0,23,0.71875,32,1.0,23,0.71875,32,1.0,,,,,,0,0,,,,,decode_reencode,4,inverse,0,0.0
bart,time,42,formal,P,trajectory,,,2,32,32,0,0.0,0,0.0,32,1.0,0,0.0,32,1.0,23,0.71875,32,1.0,,,,,,23,0,0.0,,,,decode_reencode,5,inverse,0,0.0
bart,time,42,formal,P,trajectory,,,2,32,32,0,0.0,0,0.0,32,1.0,0,0.0,32,1.0,23,0.71875,32,1.0,,,,,,32,0,0.0,,,,gold_reencode,1,inverse,0,0.0
bart,time,42,formal,P,trajectory,,,2,32,32,0,0.0,0,0.0,32,1.0,0,0.0,32,1.0,30,0.9375,32,1.0,,,,,,0,0,,,,,gold_reencode,2,inverse,0,0.0
bart,time,42,formal,P,trajectory,,,2,32,32,0,0.0,0,0.0,32,1.0,0,0.0,32,1.0,23,0.71875,32,1.0,,,,,,0,0,,,,,gold_reencode,3,inverse,0,0.0
bart,time,42,formal,P,trajectory,,,2,32,32,0,0.0,0,0.0,32,1.0,0,0.0,32,1.0,30,0.9375,32,1.0,,,,,,0,0,,,,,gold_reencode,4,inverse,0,0.0
bart,time,42,formal,P,trajectory,,,2,32,32,0,0.0,0,0.0,32,1.0,0,0.0,32,1.0,23,0.71875,32,1.0,,,,,,0,0,,,,,gold_reencode,5,inverse,0,0.0
bart,time,42,formal,M_h0,atomic,plus,-2,3,32,32,32,1.0,32,1.0,32,1.0,32,1.0,32,1.0,32,1.0,32,1.0,,,,,,,,,,,,,,,,
bart,time,42,formal,M_h0,atomic,plus,-1,3,32,32,32,1.0,32,1.0,32,1.0,32,1.0,32,1.0,32,1.0,32,1.0,,,,,,,,,,,,,,,,
bart,time,42,formal,M_h0,atomic,plus,0,3,32,32,32,1.0,32,1.0,32,1.0,32,1.0,32,1.0,32,1.0,32,1.0,,,,,,,,,,,,,,,,
bart,time,42,formal,M_h0,atomic,plus,1,3,32,32,32,1.0,32,1.0,32,1.0,32,1.0,32,1.0,32,1.0,32,1.0,,,,,,,,,,,,,,,,
bart,time,42,formal,M_h0,atomic,plus,2,3,32,32,32,1.0,32,1.0,32,1.0,32,1.0,32,1.0,32,1.0,32,1.0,,,,,,,,,,,,,,,,
bart,time,42,formal,M_h0,atomic,plus,3,3,32,32,32,1.0,32,1.0,32,1.0,32,1.0,32,1.0,32,1.0,32,1.0,,,,,,,,,,,,,,,,
bart,time,42,formal,M_h0,atomic,plus,-2,4,32,32,32,1.0,32,1.0,32,1.0,32,1.0,32,1.0,32,1.0,32,1.0,,,,,,,,,,,,,,,,
bart,time,42,formal,M_h0,atomic,plus,-1,4,32,32,13,0.40625,13,0.40625,13,0.40625,13,0.40625,32,1.0,13,0.40625,32,1.0,,,,,,,,,,,,,,,,
bart,time,42,formal,M_h0,atomic,plus,0,4,32,32,32,1.0,32,1.0,32,1.0,32,1.0,32,1.0,32,1.0,32,1.0,,,,,,,,,,,,,,,,
bart,time,42,formal,M_h0,atomic,plus,1,4,32,32,32,1.0,32,1.0,32,1.0,32,1.0,32,1.0,32,1.0,32,1.0,,,,,,,,,,,,,,,,
bart,time,42,formal,M_h0,atomic,plus,2,4,32,32,32,1.0,32,1.0,32,1.0,32,1.0,32,1.0,32,1.0,32,1.0,,,,,,,,,,,,,,,,
bart,time,42,formal,M_h0,atomic,plus,3,4,32,32,32,1.0,32,1.0,32,1.0,32,1.0,32,1.0,32,1.0,32,1.0,,,,,,,,,,,,,,,,
bart,time,42,formal,M_h0,atomic,plus,-2,5,32,32,0,0.0,5,0.15625,0,0.0,0,0.0,32,1.0,32,1.0,32,1.0,,,,,,,,,,,,,,,,
bart,time,42,formal,M_h0,atomic,plus,-1,5,32,32,0,0.0,32,1.0,0,0.0,0,0.0,32,1.0,32,1.0,32,1.0,,,,,,,,,,,,,,,,
bart,time,42,formal,M_h0,atomic,plus,0,5,32,32,0,0.0,26,0.8125,0,0.0,0,0.0,32,1.0,32,1.0,32,1.0,,,,,,,,,,,,,,,,
bart,time,42,formal,M_h0,atomic,plus,1,5,32,32,0,0.0,32,1.0,0,0.0,0,0.0,32,1.0,32,1.0,32,1.0,,,,,,,,,,,,,,,,
bart,time,42,formal,M_h0,atomic,plus,2,5,32,32,0,0.0,32,1.0,0,0.0,0,0.0,32,1.0,32,1.0,32,1.0,,,,,,,,,,,,,,,,
bart,time,42,formal,M_h0,atomic,plus,3,5,32,32,0,0.0,32,1.0,0,0.0,0,0.0,32,1.0,32,1.0,32,1.0,,,,,,,,,,,,,,,,
bart,time,42,formal,M_h0,atomic,minus,-3,3,32,32,32,1.0,32,1.0,32,1.0,32,1.0,32,1.0,32,1.0,32,1.0,,,,,,,,,,,,,,,,
bart,time,42,formal,M_h0,atomic,minus,-2,3,32,32,32,1.0,32,1.0,32,1.0,32,1.0,32,1.0,32,1.0,32,1.0,,,,,,,,,,,,,,,,
bart,time,42,formal,M_h0,atomic,minus,-1,3,32,32,32,1.0,32,1.0,32,1.0,32,1.0,32,1.0,32,1.0,32,1.0,,,,,,,,,,,,,,,,
bart,time,42,formal,M_h0,atomic,minus,0,3,32,32,32,1.0,32,1.0,32,1.0,32,1.0,32,1.0,32,1.0,32,1.0,,,,,,,,,,,,,,,,
bart,time,42,formal,M_h0,atomic,minus,1,3,32,32,32,1.0,32,1.0,32,1.0,32,1.0,32,1.0,32,1.0,32,1.0,,,,,,,,,,,,,,,,
bart,time,42,formal,M_h0,atomic,minus,2,3,32,32,32,1.0,32,1.0,32,1.0,32,1.0,32,1.0,32,1.0,32,1.0,,,,,,,,,,,,,,,,
bart,time,42,formal,M_h0,atomic,minus,-3,4,32,32,32,1.0,32,1.0,32,1.0,32,1.0,32,1.0,32,1.0,32,1.0,,,,,,,,,,,,,,,,
bart,time,42,formal,M_h0,atomic,minus,-2,4,32,32,32,1.0,32,1.0,32,1.0,32,1.0,32,1.0,32,1.0,32,1.0,,,,,,,,,,,,,,,,
bart,time,42,formal,M_h0,atomic,minus,-1,4,32,32,0,0.0,32,1.0,0,0.0,0,0.0,32,1.0,32,1.0,32,1.0,,,,,,,,,,,,,,,,
bart,time,42,formal,M_h0,atomic,minus,0,4,32,32,0,0.0,32,1.0,0,0.0,0,0.0,32,1.0,32,1.0,32,1.0,,,,,,,,,,,,,,,,
bart,time,42,formal,M_h0,atomic,minus,1,4,32,32,1,0.03125,32,1.0,1,0.03125,1,0.03125,32,1.0,32,1.0,32,1.0,,,,,,,,,,,,,,,,
bart,time,42,formal,M_h0,atomic,minus,2,4,32,32,32,1.0,32,1.0,32,1.0,32,1.0,32,1.0,32,1.0,32,1.0,,,,,,,,,,,,,,,,
bart,time,42,formal,M_h0,atomic,minus,-3,5,32,32,0,0.0,32,1.0,0,0.0,0,0.0,32,1.0,32,1.0,32,1.0,,,,,,,,,,,,,,,,
bart,time,42,formal,M_h0,atomic,minus,-2,5,32,32,0,0.0,32,1.0,0,0.0,0,0.0,32,1.0,32,1.0,32,1.0,,,,,,,,,,,,,,,,
bart,time,42,formal,M_h0,atomic,minus,-1,5,32,32,0,0.0,32,1.0,0,0.0,0,0.0,32,1.0,32,1.0,32,1.0,,,,,,,,,,,,,,,,
bart,time,42,formal,M_h0,atomic,minus,0,5,32,32,0,0.0,32,1.0,0,0.0,0,0.0,32,1.0,32,1.0,32,1.0,,,,,,,,,,,,,,,,
bart,time,42,formal,M_h0,atomic,minus,1,5,32,32,0,0.0,32,1.0,0,0.0,0,0.0,32,1.0,32,1.0,32,1.0,,,,,,,,,,,,,,,,
bart,time,42,formal,M_h0,atomic,minus,2,5,32,32,0,0.0,32,1.0,0,0.0,0,0.0,32,1.0,32,1.0,32,1.0,,,,,,,,,,,,,,,,
bart,time,42,formal,M_h0,atomic,plus,-2,0,32,32,32,1.0,32,1.0,32,1.0,32,1.0,32,1.0,32,1.0,32,1.0,,,,,,,,,,,,,,,,
bart,time,42,formal,M_h0,atomic,plus,-1,0,32,32,32,1.0,32,1.0,32,1.0,32,1.0,32,1.0,32,1.0,32,1.0,,,,,,,,,,,,,,,,
bart,time,42,formal,M_h0,atomic,plus,0,0,32,32,32,1.0,32,1.0,32,1.0,32,1.0,32,1.0,32,1.0,32,1.0,,,,,,,,,,,,,,,,
bart,time,42,formal,M_h0,atomic,plus,1,0,32,32,32,1.0,32,1.0,32,1.0,32,1.0,32,1.0,32,1.0,32,1.0,,,,,,,,,,,,,,,,
bart,time,42,formal,M_h0,atomic,plus,2,0,32,32,32,1.0,32,1.0,32,1.0,32,1.0,32,1.0,32,1.0,32,1.0,,,,,,,,,,,,,,,,
bart,time,42,formal,M_h0,atomic,plus,3,0,32,32,32,1.0,32,1.0,32,1.0,32,1.0,32,1.0,32,1.0,32,1.0,,,,,,,,,,,,,,,,
bart,time,42,formal,M_h0,atomic,plus,-2,1,32,32,32,1.0,32,1.0,32,1.0,32,1.0,32,1.0,32,1.0,32,1.0,,,,,,,,,,,,,,,,
bart,time,42,formal,M_h0,atomic,plus,-1,1,32,32,32,1.0,32,1.0,32,1.0,32,1.0,32,1.0,32,1.0,32,1.0,,,,,,,,,,,,,,,,
bart,time,42,formal,M_h0,atomic,plus,0,1,32,32,32,1.0,32,1.0,32,1.0,32,1.0,32,1.0,32,1.0,32,1.0,,,,,,,,,,,,,,,,
bart,time,42,formal,M_h0,atomic,plus,1,1,32,32,32,1.0,32,1.0,32,1.0,32,1.0,32,1.0,32,1.0,32,1.0,,,,,,,,,,,,,,,,
bart,time,42,formal,M_h0,atomic,plus,2,1,32,32,32,1.0,32,1.0,32,1.0,32,1.0,32,1.0,32,1.0,32,1.0,,,,,,,,,,,,,,,,
bart,time,42,formal,M_h0,atomic,plus,3,1,32,32,32,1.0,32,1.0,32,1.0,32,1.0,32,1.0,32,1.0,32,1.0,,,,,,,,,,,,,,,,
bart,time,42,formal,M_h0,atomic,minus,-3,0,32,32,32,1.0,32,1.0,32,1.0,32,1.0,32,1.0,32,1.0,32,1.0,,,,,,,,,,,,,,,,
bart,time,42,formal,M_h0,atomic,minus,-2,0,32,32,32,1.0,32,1.0,32,1.0,32,1.0,32,1.0,32,1.0,32,1.0,,,,,,,,,,,,,,,,
bart,time,42,formal,M_h0,atomic,minus,-1,0,32,32,32,1.0,32,1.0,32,1.0,32,1.0,32,1.0,32,1.0,32,1.0,,,,,,,,,,,,,,,,
bart,time,42,formal,M_h0,atomic,minus,0,0,32,32,32,1.0,32,1.0,32,1.0,32,1.0,32,1.0,32,1.0,32,1.0,,,,,,,,,,,,,,,,
bart,time,42,formal,M_h0,atomic,minus,1,0,32,32,32,1.0,32,1.0,32,1.0,32,1.0,32,1.0,32,1.0,32,1.0,,,,,,,,,,,,,,,,
bart,time,42,formal,M_h0,atomic,minus,2,0,32,32,32,1.0,32,1.0,32,1.0,32,1.0,32,1.0,32,1.0,32,1.0,,,,,,,,,,,,,,,,
bart,time,42,formal,M_h0,atomic,minus,-3,1,32,32,32,1.0,32,1.0,32,1.0,32,1.0,32,1.0,32,1.0,32,1.0,,,,,,,,,,,,,,,,
bart,time,42,formal,M_h0,atomic,minus,-2,1,32,32,32,1.0,32,1.0,32,1.0,32,1.0,32,1.0,32,1.0,32,1.0,,,,,,,,,,,,,,,,
bart,time,42,formal,M_h0,atomic,minus,-1,1,32,32,32,1.0,32,1.0,32,1.0,32,1.0,32,1.0,32,1.0,32,1.0,,,,,,,,,,,,,,,,
bart,time,42,formal,M_h0,atomic,minus,0,1,32,32,32,1.0,32,1.0,32,1.0,32,1.0,32,1.0,32,1.0,32,1.0,,,,,,,,,,,,,,,,
bart,time,42,formal,M_h0,atomic,minus,1,1,32,32,32,1.0,32,1.0,32,1.0,32,1.0,32,1.0,32,1.0,32,1.0,,,,,,,,,,,,,,,,
bart,time,42,formal,M_h0,atomic,minus,2,1,32,32,32,1.0,32,1.0,32,1.0,32,1.0,32,1.0,32,1.0,32,1.0,,,,,,,,,,,,,,,,
bart,time,42,formal,M_h0,atomic,plus,-2,2,32,32,2,0.0625,2,0.0625,32,1.0,2,0.0625,32,1.0,2,0.0625,32,1.0,,,,,,,,,,,,,,,,
bart,time,42,formal,M_h0,atomic,plus,-1,2,32,32,0,0.0,0,0.0,32,1.0,0,0.0,32,1.0,0,0.0,32,1.0,,,,,,,,,,,,,,,,
bart,time,42,formal,M_h0,atomic,plus,0,2,32,32,0,0.0,0,0.0,32,1.0,0,0.0,32,1.0,32,1.0,32,1.0,,,,,,,,,,,,,,,,
bart,time,42,formal,M_h0,atomic,plus,1,2,32,32,0,0.0,0,0.0,32,1.0,0,0.0,32,1.0,31,0.96875,32,1.0,,,,,,,,,,,,,,,,
bart,time,42,formal,M_h0,atomic,plus,2,2,32,32,0,0.0,0,0.0,32,1.0,0,0.0,32,1.0,32,1.0,32,1.0,,,,,,,,,,,,,,,,
bart,time,42,formal,M_h0,atomic,plus,3,2,32,32,32,1.0,32,1.0,32,1.0,32,1.0,32,1.0,32,1.0,32,1.0,,,,,,,,,,,,,,,,
bart,time,42,formal,M_h0,atomic,minus,-3,2,32,32,19,0.59375,19,0.59375,32,1.0,19,0.59375,32,1.0,32,1.0,32,1.0,,,,,,,,,,,,,,,,
bart,time,42,formal,M_h0,atomic,minus,-2,2,32,32,0,0.0,0,0.0,32,1.0,0,0.0,32,1.0,32,1.0,32,1.0,,,,,,,,,,,,,,,,
bart,time,42,formal,M_h0,atomic,minus,-1,2,32,32,0,0.0,0,0.0,32,1.0,0,0.0,32,1.0,32,1.0,32,1.0,,,,,,,,,,,,,,,,
bart,time,42,formal,M_h0,atomic,minus,0,2,32,32,0,0.0,0,0.0,32,1.0,0,0.0,32,1.0,32,1.0,32,1.0,,,,,,,,,,,,,,,,
bart,time,42,formal,M_h0,atomic,minus,1,2,32,32,0,0.0,0,0.0,32,1.0,0,0.0,32,1.0,32,1.0,32,1.0,,,,,,,,,,,,,,,,
bart,time,42,formal,M_h0,atomic,minus,2,2,32,32,32,1.0,32,1.0,32,1.0,32,1.0,32,1.0,32,1.0,32,1.0,,,,,,,,,,,,,,,,
bart,time,42,formal,M_h0,source_matrix,plus,-2,0,32,32,0,0.0,0,0.0,32,1.0,0,0.0,32,1.0,32,1.0,32,1.0,0,P,False,32,1.0,32,0,0.0,32,0,0.0,,,,,
bart,time,42,formal,M_h0,source_matrix,plus,-1,0,32,32,32,1.0,32,1.0,32,1.0,32,1.0,32,1.0,32,1.0,32,1.0,0,P,False,32,1.0,32,32,1.0,32,32,1.0,,,,,
bart,time,42,formal,M_h0,source_matrix,plus,0,0,32,32,32,1.0,32,1.0,32,1.0,32,1.0,32,1.0,32,1.0,32,1.0,0,P,False,32,1.0,32,32,1.0,32,32,1.0,,,,,
bart,time,42,formal,M_h0,source_matrix,plus,1,0,32,32,32,1.0,32,1.0,32,1.0,32,1.0,32,1.0,32,1.0,32,1.0,0,P,False,32,1.0,32,32,1.0,32,32,1.0,,,,,
bart,time,42,formal,M_h0,source_matrix,plus,2,0,32,32,0,0.0,0,0.0,32,1.0,0,0.0,32,1.0,32,1.0,32,1.0,0,P,True,32,1.0,32,0,0.0,32,0,0.0,,,,,
bart,time,42,formal,M_h0,source_matrix,plus,3,0,32,32,18,0.5625,18,0.5625,32,1.0,18,0.5625,32,1.0,32,1.0,32,1.0,0,P,False,32,1.0,32,18,0.5625,32,18,0.5625,,,,,
bart,time,42,formal,M_h0,source_matrix,minus,-3,0,32,32,0,0.0,0,0.0,32,1.0,0,0.0,32,1.0,32,1.0,32,1.0,0,P,False,32,1.0,32,0,0.0,32,0,0.0,,,,,
bart,time,42,formal,M_h0,source_matrix,minus,-2,0,32,32,0,0.0,0,0.0,32,1.0,0,0.0,32,1.0,32,1.0,32,1.0,0,P,False,32,1.0,32,0,0.0,32,0,0.0,,,,,
bart,time,42,formal,M_h0,source_matrix,minus,-1,0,32,32,32,1.0,32,1.0,32,1.0,32,1.0,32,1.0,32,1.0,32,1.0,0,P,False,32,1.0,32,32,1.0,32,32,1.0,,,,,
bart,time,42,formal,M_h0,source_matrix,minus,0,0,32,32,32,1.0,32,1.0,32,1.0,32,1.0,32,1.0,32,1.0,32,1.0,0,P,False,32,1.0,32,32,1.0,32,32,1.0,,,,,
bart,time,42,formal,M_h0,source_matrix,minus,1,0,32,32,32,1.0,32,1.0,32,1.0,32,1.0,32,1.0,32,1.0,32,1.0,0,P,False,32,1.0,32,32,1.0,32,32,1.0,,,,,
bart,time,42,formal,M_h0,source_matrix,minus,2,0,32,32,0,0.0,0,0.0,32,1.0,0,0.0,32,1.0,32,1.0,32,1.0,0,P,True,32,1.0,32,0,0.0,32,0,0.0,,,,,
bart,time,42,formal,M_h0,source_matrix,plus,-2,0,32,32,0,0.0,0,0.0,32,1.0,0,0.0,32,1.0,32,1.0,32,1.0,0,Q,False,32,1.0,32,0,0.0,32,0,0.0,,,,,
bart,time,42,formal,M_h0,source_matrix,plus,-1,0,32,32,32,1.0,32,1.0,32,1.0,32,1.0,32,1.0,32,1.0,32,1.0,0,Q,False,32,1.0,32,32,1.0,32,32,1.0,,,,,
bart,time,42,formal,M_h0,source_matrix,plus,0,0,32,32,32,1.0,32,1.0,32,1.0,32,1.0,32,1.0,32,1.0,32,1.0,0,Q,False,32,1.0,32,32,1.0,32,32,1.0,,,,,
bart,time,42,formal,M_h0,source_matrix,plus,1,0,32,32,32,1.0,32,1.0,32,1.0,32,1.0,32,1.0,32,1.0,32,1.0,0,Q,False,32,1.0,32,32,1.0,32,32,1.0,,,,,
bart,time,42,formal,M_h0,source_matrix,plus,2,0,32,32,0,0.0,0,0.0,32,1.0,0,0.0,32,1.0,32,1.0,32,1.0,0,Q,True,32,1.0,32,0,0.0,32,0,0.0,,,,,
bart,time,42,formal,M_h0,source_matrix,plus,3,0,32,32,29,0.90625,29,0.90625,32,1.0,29,0.90625,32,1.0,32,1.0,32,1.0,0,Q,False,32,1.0,32,29,0.90625,32,29,0.90625,,,,,
bart,time,42,formal,M_h0,source_matrix,minus,-3,0,32,32,1,0.03125,1,0.03125,32,1.0,1,0.03125,32,1.0,32,1.0,32,1.0,0,Q,False,32,1.0,32,1,0.03125,32,1,0.03125,,,,,
bart,time,42,formal,M_h0,source_matrix,minus,-2,0,32,32,0,0.0,0,0.0,32,1.0,0,0.0,32,1.0,32,1.0,32,1.0,0,Q,False,32,1.0,32,0,0.0,32,0,0.0,,,,,
bart,time,42,formal,M_h0,source_matrix,minus,-1,0,32,32,32,1.0,32,1.0,32,1.0,32,1.0,32,1.0,32,1.0,32,1.0,0,Q,False,32,1.0,32,32,1.0,32,32,1.0,,,,,
bart,time,42,formal,M_h0,source_matrix,minus,0,0,32,32,32,1.0,32,1.0,32,1.0,32,1.0,32,1.0,32,1.0,32,1.0,0,Q,False,32,1.0,32,32,1.0,32,32,1.0,,,,,
bart,time,42,formal,M_h0,source_matrix,minus,1,0,32,32,32,1.0,32,1.0,32,1.0,32,1.0,32,1.0,32,1.0,32,1.0,0,Q,False,32,1.0,32,32,1.0,32,32,1.0,,,,,
bart,time,42,formal,M_h0,source_matrix,minus,2,0,32,32,0,0.0,0,0.0,32,1.0,0,0.0,32,1.0,32,1.0,32,1.0,0,Q,True,32,1.0,32,0,0.0,32,0,0.0,,,,,
bart,time,42,formal,M_h0,source_matrix,plus,-2,0,32,32,0,0.0,0,0.0,32,1.0,0,0.0,32,1.0,32,1.0,32,1.0,0,U,False,32,1.0,32,0,0.0,32,0,0.0,,,,,
bart,time,42,formal,M_h0,source_matrix,plus,-1,0,32,32,32,1.0,32,1.0,32,1.0,32,1.0,32,1.0,32,1.0,32,1.0,0,U,False,32,1.0,32,32,1.0,32,32,1.0,,,,,
bart,time,42,formal,M_h0,source_matrix,plus,0,0,32,32,32,1.0,32,1.0,32,1.0,32,1.0,32,1.0,32,1.0,32,1.0,0,U,False,32,1.0,32,32,1.0,32,32,1.0,,,,,
bart,time,42,formal,M_h0,source_matrix,plus,1,0,32,32,32,1.0,32,1.0,32,1.0,32,1.0,32,1.0,32,1.0,32,1.0,0,U,False,32,1.0,32,32,1.0,32,32,1.0,,,,,
bart,time,42,formal,M_h0,source_matrix,plus,2,0,32,32,0,0.0,0,0.0,32,1.0,0,0.0,32,1.0,32,1.0,32,1.0,0,U,True,32,1.0,32,0,0.0,32,0,0.0,,,,,
bart,time,42,formal,M_h0,source_matrix,plus,3,0,32,32,17,0.53125,17,0.53125,32,1.0,17,0.53125,32,1.0,32,1.0,32,1.0,0,U,False,32,1.0,32,17,0.53125,32,17,0.53125,,,,,
bart,time,42,formal,M_h0,source_matrix,minus,-3,0,32,32,1,0.03125,1,0.03125,32,1.0,1,0.03125,32,1.0,32,1.0,32,1.0,0,U,False,32,1.0,32,1,0.03125,32,1,0.03125,,,,,
bart,time,42,formal,M_h0,source_matrix,minus,-2,0,32,32,0,0.0,0,0.0,32,1.0,0,0.0,32,1.0,32,1.0,32,1.0,0,U,False,32,1.0,32,0,0.0,32,0,0.0,,,,,
bart,time,42,formal,M_h0,source_matrix,minus,-1,0,32,32,32,1.0,32,1.0,32,1.0,32,1.0,32,1.0,32,1.0,32,1.0,0,U,False,32,1.0,32,32,1.0,32,32,1.0,,,,,
bart,time,42,formal,M_h0,source_matrix,minus,0,0,32,32,32,1.0,32,1.0,32,1.0,32,1.0,32,1.0,32,1.0,32,1.0,0,U,False,32,1.0,32,32,1.0,32,32,1.0,,,,,
bart,time,42,formal,M_h0,source_matrix,minus,1,0,32,32,32,1.0,32,1.0,32,1.0,32,1.0,32,1.0,32,1.0,32,1.0,0,U,False,32,1.0,32,32,1.0,32,32,1.0,,,,,
bart,time,42,formal,M_h0,source_matrix,minus,2,0,32,32,0,0.0,0,0.0,32,1.0,0,0.0,32,1.0,32,1.0,32,1.0,0,U,True,32,1.0,32,0,0.0,32,0,0.0,,,,,
bart,time,42,formal,M_h0,source_matrix,plus,-2,2,32,32,22,0.6875,22,0.6875,32,1.0,22,0.6875,32,1.0,22,0.6875,32,1.0,0,P,False,0,0.0,0,0,,0,0,,,,,,
bart,time,42,formal,M_h0,source_matrix,plus,-1,2,32,32,20,0.625,20,0.625,32,1.0,20,0.625,32,1.0,30,0.9375,32,1.0,0,P,False,0,0.0,0,0,,0,0,,,,,,
bart,time,42,formal,M_h0,source_matrix,plus,0,2,32,32,0,0.0,0,0.0,32,1.0,0,0.0,32,1.0,19,0.59375,32,1.0,0,P,False,0,0.0,0,0,,0,0,,,,,,
bart,time,42,formal,M_h0,source_matrix,plus,1,2,32,32,0,0.0,0,0.0,32,1.0,0,0.0,32,1.0,29,0.90625,32,1.0,0,P,False,0,0.0,0,0,,0,0,,,,,,
bart,time,42,formal,M_h0,source_matrix,plus,2,2,32,32,0,0.0,0,0.0,32,1.0,0,0.0,32,1.0,32,1.0,32,1.0,0,P,True,32,1.0,32,0,0.0,32,0,0.0,,,,,
bart,time,42,formal,M_h0,source_matrix,plus,3,2,32,32,0,0.0,0,0.0,30,0.9375,0,0.0,30,0.9375,29,0.90625,32,1.0,0,P,False,32,1.0,32,0,0.0,32,0,0.0,,,,,
bart,time,42,formal,M_h0,source_matrix,minus,-3,2,32,32,12,0.375,12,0.375,32,1.0,12,0.375,32,1.0,27,0.84375,32,1.0,0,P,False,0,0.0,0,0,,0,0,,,,,,
bart,time,42,formal,M_h0,source_matrix,minus,-2,2,32,32,0,0.0,0,0.0,32,1.0,0,0.0,32,1.0,18,0.5625,32,1.0,0,P,False,0,0.0,0,0,,0,0,,,,,,
bart,time,42,formal,M_h0,source_matrix,minus,-1,2,32,32,0,0.0,0,0.0,32,1.0,0,0.0,32,1.0,27,0.84375,32,1.0,0,P,False,0,0.0,0,0,,0,0,,,,,,
bart,time,42,formal,M_h0,source_matrix,minus,0,2,32,32,0,0.0,0,0.0,26,0.8125,0,0.0,26,0.8125,16,0.5,32,1.0,0,P,False,0,0.0,0,0,,0,0,,,,,,
bart,time,42,formal,M_h0,source_matrix,minus,1,2,32,32,22,0.6875,22,0.6875,28,0.875,22,0.6875,28,0.875,25,0.78125,32,1.0,0,P,False,0,0.0,0,0,,0,0,,,,,,
bart,time,42,formal,M_h0,source_matrix,minus,2,2,32,32,0,0.0,0,0.0,32,1.0,0,0.0,32,1.0,6,0.1875,32,1.0,0,P,True,32,1.0,32,0,0.0,32,0,0.0,,,,,
bart,time,42,formal,M_h0,source_matrix,plus,-2,2,32,32,29,0.90625,29,0.90625,32,1.0,29,0.90625,32,1.0,29,0.90625,32,1.0,0,Q,False,0,0.0,0,0,,0,0,,,,,,
bart,time,42,formal,M_h0,source_matrix,plus,-1,2,32,32,21,0.65625,21,0.65625,32,1.0,21,0.65625,32,1.0,32,1.0,32,1.0,0,Q,False,0,0.0,0,0,,0,0,,,,,,
bart,time,42,formal,M_h0,source_matrix,plus,0,2,32,32,0,0.0,0,0.0,32,1.0,0,0.0,32,1.0,27,0.84375,32,1.0,0,Q,False,0,0.0,0,0,,0,0,,,,,,
bart,time,42,formal,M_h0,source_matrix,plus,1,2,32,32,0,0.0,0,0.0,32,1.0,0,0.0,32,1.0,32,1.0,32,1.0,0,Q,False,0,0.0,0,0,,0,0,,,,,,
bart,time,42,formal,M_h0,source_matrix,plus,2,2,32,32,0,0.0,0,0.0,32,1.0,0,0.0,32,1.0,32,1.0,32,1.0,0,Q,True,32,1.0,32,0,0.0,32,0,0.0,,,,,
bart,time,42,formal,M_h0,source_matrix,plus,3,2,32,32,0,0.0,0,0.0,30,0.9375,0,0.0,30,0.9375,29,0.90625,32,1.0,0,Q,False,32,1.0,32,0,0.0,32,0,0.0,,,,,
bart,time,42,formal,M_h0,source_matrix,minus,-3,2,32,32,16,0.5,16,0.5,32,1.0,16,0.5,32,1.0,21,0.65625,32,1.0,0,Q,False,3,0.09375,3,0,0.0,0,0,,,,,,
bart,time,42,formal,M_h0,source_matrix,minus,-2,2,32,32,0,0.0,0,0.0,32,1.0,0,0.0,32,1.0,15,0.46875,32,1.0,0,Q,False,0,0.0,0,0,,0,0,,,,,,
bart,time,42,formal,M_h0,source_matrix,minus,-1,2,32,32,0,0.0,0,0.0,32,1.0,0,0.0,32,1.0,24,0.75,32,1.0,0,Q,False,0,0.0,0,0,,0,0,,,,,,
bart,time,42,formal,M_h0,source_matrix,minus,0,2,32,32,0,0.0,0,0.0,26,0.8125,0,0.0,26,0.8125,15,0.46875,32,1.0,0,Q,False,0,0.0,0,0,,0,0,,,,,,
bart,time,42,formal,M_h0,source_matrix,minus,1,2,32,32,18,0.5625,18,0.5625,27,0.84375,18,0.5625,27,0.84375,18,0.5625,32,1.0,0,Q,False,0,0.0,0,0,,0,0,,,,,,
bart,time,42,formal,M_h0,source_matrix,minus,2,2,32,32,0,0.0,0,0.0,32,1.0,0,0.0,32,1.0,7,0.21875,32,1.0,0,Q,True,32,1.0,32,0,0.0,32,0,0.0,,,,,
bart,time,42,formal,M_h0,source_matrix,plus,-2,2,32,32,29,0.90625,29,0.90625,29,0.90625,29,0.90625,29,0.90625,29,0.90625,32,1.0,0,U,False,0,0.0,0,0,,0,0,,,,,,
bart,time,42,formal,M_h0,source_matrix,plus,-1,2,32,32,0,0.0,0,0.0,32,1.0,0,0.0,32,1.0,32,1.0,32,1.0,0,U,False,0,0.0,0,0,,0,0,,,,,,
bart,time,42,formal,M_h0,source_matrix,plus,0,2,32,32,0,0.0,0,0.0,31,0.96875,0,0.0,31,0.96875,31,0.96875,32,1.0,0,U,False,0,0.0,0,0,,0,0,,,,,,
bart,time,42,formal,M_h0,source_matrix,plus,1,2,32,32,0,0.0,0,0.0,32,1.0,0,0.0,32,1.0,30,0.9375,32,1.0,0,U,False,0,0.0,0,0,,0,0,,,,,,
bart,time,42,formal,M_h0,source_matrix,plus,2,2,32,32,0,0.0,0,0.0,31,0.96875,0,0.0,31,0.96875,31,0.96875,32,1.0,0,U,True,32,1.0,32,0,0.0,32,0,0.0,,,,,
bart,time,42,formal,M_h0,source_matrix,plus,3,2,32,32,27,0.84375,27,0.84375,29,0.90625,27,0.84375,29,0.90625,29,0.90625,32,1.0,0,U,False,32,1.0,32,27,0.84375,32,27,0.84375,,,,,
bart,time,42,formal,M_h0,source_matrix,minus,-3,2,32,32,0,0.0,0,0.0,16,0.5,0,0.0,16,0.5,12,0.375,32,1.0,0,U,False,32,1.0,32,0,0.0,0,0,,,,,,
bart,time,42,formal,M_h0,source_matrix,minus,-2,2,32,32,0,0.0,0,0.0,21,0.65625,0,0.0,21,0.65625,10,0.3125,32,1.0,0,U,False,0,0.0,0,0,,0,0,,,,,,
bart,time,42,formal,M_h0,source_matrix,minus,-1,2,32,32,0,0.0,0,0.0,32,1.0,0,0.0,32,1.0,32,1.0,32,1.0,0,U,False,0,0.0,0,0,,0,0,,,,,,
bart,time,42,formal,M_h0,source_matrix,minus,0,2,32,32,0,0.0,0,0.0,25,0.78125,0,0.0,25,0.78125,8,0.25,32,1.0,0,U,False,0,0.0,0,0,,0,0,,,,,,
bart,time,42,formal,M_h0,source_matrix,minus,1,2,32,32,0,0.0,0,0.0,23,0.71875,0,0.0,23,0.71875,10,0.3125,32,1.0,0,U,False,0,0.0,0,0,,0,0,,,,,,
bart,time,42,formal,M_h0,source_matrix,minus,2,2,32,32,0,0.0,0,0.0,32,1.0,0,0.0,32,1.0,0,0.0,32,1.0,0,U,True,32,1.0,32,0,0.0,32,0,0.0,,,,,
bart,time,42,formal,M_h0,trajectory,,,0,32,32,32,1.0,32,1.0,32,1.0,32,1.0,32,1.0,32,1.0,32,1.0,,,,,,32,32,1.0,,,,latent,1,forward,32,1.0
bart,time,42,formal,M_h0,trajectory,,,0,32,32,0,0.0,0,0.0,13,0.40625,0,0.0,13,0.40625,4,0.125,32,1.0,,,,,,32,0,0.0,,,,latent,2,forward,0,0.0
bart,time,42,formal,M_h0,trajectory,,,0,32,32,0,0.0,0,0.0,0,0.0,0,0.0,0,0.0,0,0.0,32,1.0,,,,,,0,0,,,,,latent,3,forward,0,0.0
bart,time,42,formal,M_h0,trajectory,,,0,32,32,0,0.0,0,0.0,0,0.0,0,0.0,0,0.0,0,0.0,32,1.0,,,,,,0,0,,,,,latent,4,forward,0,0.0
bart,time,42,formal,M_h0,trajectory,,,0,32,32,0,0.0,0,0.0,0,0.0,0,0.0,0,0.0,0,0.0,32,1.0,,,,,,0,0,,,,,latent,5,forward,0,0.0
bart,time,42,formal,M_h0,trajectory,,,0,32,32,32,1.0,32,1.0,32,1.0,32,1.0,32,1.0,32,1.0,32,1.0,,,,,,32,32,1.0,,,,decode_reencode,1,forward,32,1.0
bart,time,42,formal,M_h0,trajectory,,,0,32,32,32,1.0,32,1.0,32,1.0,32,1.0,32,1.0,32,1.0,32,1.0,,,,,,32,32,1.0,,,,decode_reencode,2,forward,32,1.0
bart,time,42,formal,M_h0,trajectory,,,0,32,32,32,1.0,32,1.0,32,1.0,32,1.0,32,1.0,32,1.0,32,1.0,,,,,,32,32,1.0,,,,decode_reencode,3,forward,32,1.0
bart,time,42,formal,M_h0,trajectory,,,0,32,32,32,1.0,32,1.0,32,1.0,32,1.0,32,1.0,32,1.0,32,1.0,,,,,,32,32,1.0,,,,decode_reencode,4,forward,32,1.0
bart,time,42,formal,M_h0,trajectory,,,0,32,32,32,1.0,32,1.0,32,1.0,32,1.0,32,1.0,32,1.0,32,1.0,,,,,,32,32,1.0,,,,decode_reencode,5,forward,32,1.0
bart,time,42,formal,M_h0,trajectory,,,0,32,32,32,1.0,32,1.0,32,1.0,32,1.0,32,1.0,32,1.0,32,1.0,,,,,,32,32,1.0,,,,gold_reencode,1,forward,32,1.0
bart,time,42,formal,M_h0,trajectory,,,0,32,32,32,1.0,32,1.0,32,1.0,32,1.0,32,1.0,32,1.0,32,1.0,,,,,,32,32,1.0,,,,gold_reencode,2,forward,32,1.0
bart,time,42,formal,M_h0,trajectory,,,0,32,32,32,1.0,32,1.0,32,1.0,32,1.0,32,1.0,32,1.0,32,1.0,,,,,,32,32,1.0,,,,gold_reencode,3,forward,32,1.0
bart,time,42,formal,M_h0,trajectory,,,0,32,32,32,1.0,32,1.0,32,1.0,32,1.0,32,1.0,32,1.0,32,1.0,,,,,,32,32,1.0,,,,gold_reencode,4,forward,32,1.0
bart,time,42,formal,M_h0,trajectory,,,0,32,32,32,1.0,32,1.0,32,1.0,32,1.0,32,1.0,32,1.0,32,1.0,,,,,,32,32,1.0,,,,gold_reencode,5,forward,32,1.0
bart,time,42,formal,M_h0,trajectory,,,0,32,32,32,1.0,32,1.0,32,1.0,32,1.0,32,1.0,32,1.0,32,1.0,,,,,,32,32,1.0,,,,latent,1,reverse,32,1.0
bart,time,42,formal,M_h0,trajectory,,,0,32,32,0,0.0,0,0.0,1,0.03125,0,0.0,1,0.03125,0,0.0,32,1.0,,,,,,32,0,0.0,,,,latent,2,reverse,0,0.0
bart,time,42,formal,M_h0,trajectory,,,0,32,32,0,0.0,0,0.0,0,0.0,0,0.0,0,0.0,0,0.0,32,1.0,,,,,,0,0,,,,,latent,3,reverse,0,0.0
bart,time,42,formal,M_h0,trajectory,,,0,32,32,0,0.0,0,0.0,0,0.0,0,0.0,0,0.0,0,0.0,27,0.84375,,,,,,0,0,,,,,latent,4,reverse,0,0.0
bart,time,42,formal,M_h0,trajectory,,,0,32,32,0,0.0,0,0.0,0,0.0,0,0.0,0,0.0,0,0.0,27,0.84375,,,,,,0,0,,,,,latent,5,reverse,0,0.0
bart,time,42,formal,M_h0,trajectory,,,0,32,32,32,1.0,32,1.0,32,1.0,32,1.0,32,1.0,32,1.0,32,1.0,,,,,,32,32,1.0,,,,decode_reencode,1,reverse,32,1.0
bart,time,42,formal,M_h0,trajectory,,,0,32,32,32,1.0,32,1.0,32,1.0,32,1.0,32,1.0,32,1.0,32,1.0,,,,,,32,32,1.0,,,,decode_reencode,2,reverse,32,1.0
bart,time,42,formal,M_h0,trajectory,,,0,32,32,32,1.0,32,1.0,32,1.0,32,1.0,32,1.0,32,1.0,32,1.0,,,,,,32,32,1.0,,,,decode_reencode,3,reverse,32,1.0
bart,time,42,formal,M_h0,trajectory,,,0,32,32,32,1.0,32,1.0,32,1.0,32,1.0,32,1.0,32,1.0,32,1.0,,,,,,32,32,1.0,,,,decode_reencode,4,reverse,32,1.0
bart,time,42,formal,M_h0,trajectory,,,0,32,32,32,1.0,32,1.0,32,1.0,32,1.0,32,1.0,32,1.0,32,1.0,,,,,,32,32,1.0,,,,decode_reencode,5,reverse,32,1.0
bart,time,42,formal,M_h0,trajectory,,,0,32,32,32,1.0,32,1.0,32,1.0,32,1.0,32,1.0,32,1.0,32,1.0,,,,,,32,32,1.0,,,,gold_reencode,1,reverse,32,1.0
bart,time,42,formal,M_h0,trajectory,,,0,32,32,32,1.0,32,1.0,32,1.0,32,1.0,32,1.0,32,1.0,32,1.0,,,,,,32,32,1.0,,,,gold_reencode,2,reverse,32,1.0
bart,time,42,formal,M_h0,trajectory,,,0,32,32,32,1.0,32,1.0,32,1.0,32,1.0,32,1.0,32,1.0,32,1.0,,,,,,32,32,1.0,,,,gold_reencode,3,reverse,32,1.0
bart,time,42,formal,M_h0,trajectory,,,0,32,32,32,1.0,32,1.0,32,1.0,32,1.0,32,1.0,32,1.0,32,1.0,,,,,,32,32,1.0,,,,gold_reencode,4,reverse,32,1.0
bart,time,42,formal,M_h0,trajectory,,,0,32,32,32,1.0,32,1.0,32,1.0,32,1.0,32,1.0,32,1.0,32,1.0,,,,,,32,32,1.0,,,,gold_reencode,5,reverse,32,1.0
bart,time,42,formal,M_h0,trajectory,,,0,32,32,32,1.0,32,1.0,32,1.0,32,1.0,32,1.0,32,1.0,32,1.0,,,,,,32,32,1.0,,,,latent,1,inverse,32,1.0
bart,time,42,formal,M_h0,trajectory,,,0,32,32,32,1.0,32,1.0,32,1.0,32,1.0,32,1.0,32,1.0,32,1.0,,,,,,32,32,1.0,,,,latent,2,inverse,32,1.0
bart,time,42,formal,M_h0,trajectory,,,0,32,32,23,0.71875,23,0.71875,32,1.0,23,0.71875,32,1.0,32,1.0,32,1.0,,,,,,32,23,0.71875,,,,latent,3,inverse,23,0.71875
bart,time,42,formal,M_h0,trajectory,,,0,32,32,2,0.0625,2,0.0625,2,0.0625,2,0.0625,2,0.0625,2,0.0625,32,1.0,,,,,,23,0,0.0,,,,latent,4,inverse,0,0.0
bart,time,42,formal,M_h0,trajectory,,,0,32,32,0,0.0,0,0.0,0,0.0,0,0.0,0,0.0,0,0.0,32,1.0,,,,,,2,0,0.0,,,,latent,5,inverse,0,0.0
bart,time,42,formal,M_h0,trajectory,,,0,32,32,32,1.0,32,1.0,32,1.0,32,1.0,32,1.0,32,1.0,32,1.0,,,,,,32,32,1.0,,,,decode_reencode,1,inverse,32,1.0
bart,time,42,formal,M_h0,trajectory,,,0,32,32,32,1.0,32,1.0,32,1.0,32,1.0,32,1.0,32,1.0,32,1.0,,,,,,32,32,1.0,,,,decode_reencode,2,inverse,32,1.0
bart,time,42,formal,M_h0,trajectory,,,0,32,32,32,1.0,32,1.0,32,1.0,32,1.0,32,1.0,32,1.0,32,1.0,,,,,,32,32,1.0,,,,decode_reencode,3,inverse,32,1.0
bart,time,42,formal,M_h0,trajectory,,,0,32,32,32,1.0,32,1.0,32,1.0,32,1.0,32,1.0,32,1.0,32,1.0,,,,,,32,32,1.0,,,,decode_reencode,4,inverse,32,1.0
bart,time,42,formal,M_h0,trajectory,,,0,32,32,32,1.0,32,1.0,32,1.0,32,1.0,32,1.0,32,1.0,32,1.0,,,,,,32,32,1.0,,,,decode_reencode,5,inverse,32,1.0
bart,time,42,formal,M_h0,trajectory,,,0,32,32,32,1.0,32,1.0,32,1.0,32,1.0,32,1.0,32,1.0,32,1.0,,,,,,32,32,1.0,,,,gold_reencode,1,inverse,32,1.0
bart,time,42,formal,M_h0,trajectory,,,0,32,32,32,1.0,32,1.0,32,1.0,32,1.0,32,1.0,32,1.0,32,1.0,,,,,,32,32,1.0,,,,gold_reencode,2,inverse,32,1.0
bart,time,42,formal,M_h0,trajectory,,,0,32,32,32,1.0,32,1.0,32,1.0,32,1.0,32,1.0,32,1.0,32,1.0,,,,,,32,32,1.0,,,,gold_reencode,3,inverse,32,1.0
bart,time,42,formal,M_h0,trajectory,,,0,32,32,32,1.0,32,1.0,32,1.0,32,1.0,32,1.0,32,1.0,32,1.0,,,,,,32,32,1.0,,,,gold_reencode,4,inverse,32,1.0
bart,time,42,formal,M_h0,trajectory,,,0,32,32,32,1.0,32,1.0,32,1.0,32,1.0,32,1.0,32,1.0,32,1.0,,,,,,32,32,1.0,,,,gold_reencode,5,inverse,32,1.0
bart,time,42,formal,M_h0,trajectory,,,2,32,32,32,1.0,32,1.0,32,1.0,32,1.0,32,1.0,32,1.0,32,1.0,,,,,,32,32,1.0,,,,latent,1,forward,32,1.0
bart,time,42,formal,M_h0,trajectory,,,2,32,32,0,0.0,0,0.0,32,1.0,0,0.0,32,1.0,32,1.0,32,1.0,,,,,,32,0,0.0,,,,latent,2,forward,0,0.0
bart,time,42,formal,M_h0,trajectory,,,2,32,32,0,0.0,0,0.0,13,0.40625,0,0.0,13,0.40625,13,0.40625,32,1.0,,,,,,0,0,,,,,latent,3,forward,0,0.0
bart,time,42,formal,M_h0,trajectory,,,2,32,32,0,0.0,0,0.0,0,0.0,0,0.0,0,0.0,0,0.0,32,1.0,,,,,,0,0,,,,,latent,4,forward,0,0.0
bart,time,42,formal,M_h0,trajectory,,,2,32,32,0,0.0,0,0.0,0,0.0,0,0.0,0,0.0,0,0.0,32,1.0,,,,,,0,0,,,,,latent,5,forward,0,0.0
bart,time,42,formal,M_h0,trajectory,,,2,32,32,32,1.0,32,1.0,32,1.0,32,1.0,32,1.0,32,1.0,32,1.0,,,,,,32,32,1.0,,,,decode_reencode,1,forward,32,1.0
bart,time,42,formal,M_h0,trajectory,,,2,32,32,0,0.0,0,0.0,32,1.0,0,0.0,32,1.0,32,1.0,32,1.0,,,,,,32,0,0.0,,,,decode_reencode,2,forward,0,0.0
bart,time,42,formal,M_h0,trajectory,,,2,32,32,0,0.0,0,0.0,32,1.0,0,0.0,32,1.0,32,1.0,32,1.0,,,,,,0,0,,,,,decode_reencode,3,forward,0,0.0
bart,time,42,formal,M_h0,trajectory,,,2,32,32,0,0.0,0,0.0,32,1.0,0,0.0,32,1.0,32,1.0,32,1.0,,,,,,0,0,,,,,decode_reencode,4,forward,0,0.0
bart,time,42,formal,M_h0,trajectory,,,2,32,32,0,0.0,0,0.0,32,1.0,0,0.0,32,1.0,32,1.0,32,1.0,,,,,,0,0,,,,,decode_reencode,5,forward,0,0.0
bart,time,42,formal,M_h0,trajectory,,,2,32,32,32,1.0,32,1.0,32,1.0,32,1.0,32,1.0,32,1.0,32,1.0,,,,,,32,32,1.0,,,,gold_reencode,1,forward,32,1.0
bart,time,42,formal,M_h0,trajectory,,,2,32,32,0,0.0,0,0.0,32,1.0,0,0.0,32,1.0,32,1.0,32,1.0,,,,,,32,0,0.0,,,,gold_reencode,2,forward,0,0.0
bart,time,42,formal,M_h0,trajectory,,,2,32,32,0,0.0,0,0.0,32,1.0,0,0.0,32,1.0,31,0.96875,32,1.0,,,,,,0,0,,,,,gold_reencode,3,forward,0,0.0
bart,time,42,formal,M_h0,trajectory,,,2,32,32,0,0.0,0,0.0,32,1.0,0,0.0,32,1.0,32,1.0,32,1.0,,,,,,0,0,,,,,gold_reencode,4,forward,0,0.0
bart,time,42,formal,M_h0,trajectory,,,2,32,32,0,0.0,0,0.0,32,1.0,0,0.0,32,1.0,0,0.0,32,1.0,,,,,,0,0,,,,,gold_reencode,5,forward,0,0.0
bart,time,42,formal,M_h0,trajectory,,,2,32,32,19,0.59375,19,0.59375,32,1.0,19,0.59375,32,1.0,32,1.0,32,1.0,,,,,,32,19,0.59375,,,,latent,1,reverse,19,0.59375
bart,time,42,formal,M_h0,trajectory,,,2,32,32,0,0.0,0,0.0,11,0.34375,0,0.0,18,0.5625,0,0.0,32,1.0,,,,,,19,0,0.0,,,,latent,2,reverse,0,0.0
bart,time,42,formal,M_h0,trajectory,,,2,32,32,0,0.0,0,0.0,0,0.0,0,0.0,0,0.0,0,0.0,32,1.0,,,,,,0,0,,,,,latent,3,reverse,0,0.0
bart,time,42,formal,M_h0,trajectory,,,2,32,32,0,0.0,0,0.0,0,0.0,0,0.0,0,0.0,0,0.0,31,0.96875,,,,,,0,0,,,,,latent,4,reverse,0,0.0
bart,time,42,formal,M_h0,trajectory,,,2,32,32,0,0.0,0,0.0,0,0.0,0,0.0,0,0.0,0,0.0,23,0.71875,,,,,,0,0,,,,,latent,5,reverse,0,0.0
bart,time,42,formal,M_h0,trajectory,,,2,32,32,19,0.59375,19,0.59375,32,1.0,19,0.59375,32,1.0,32,1.0,32,1.0,,,,,,32,19,0.59375,,,,decode_reencode,1,reverse,19,0.59375
bart,time,42,formal,M_h0,trajectory,,,2,32,32,0,0.0,0,0.0,32,1.0,0,0.0,32,1.0,32,1.0,32,1.0,,,,,,19,0,0.0,,,,decode_reencode,2,reverse,0,0.0
bart,time,42,formal,M_h0,trajectory,,,2,32,32,0,0.0,0,0.0,32,1.0,0,0.0,32,1.0,32,1.0,32,1.0,,,,,,0,0,,,,,decode_reencode,3,reverse,0,0.0
bart,time,42,formal,M_h0,trajectory,,,2,32,32,0,0.0,0,0.0,32,1.0,0,0.0,32,1.0,32,1.0,32,1.0,,,,,,0,0,,,,,decode_reencode,4,reverse,0,0.0
bart,time,42,formal,M_h0,trajectory,,,2,32,32,0,0.0,0,0.0,32,1.0,0,0.0,32,1.0,32,1.0,32,1.0,,,,,,0,0,,,,,decode_reencode,5,reverse,0,0.0
bart,time,42,formal,M_h0,trajectory,,,2,32,32,19,0.59375,19,0.59375,32,1.0,19,0.59375,32,1.0,32,1.0,32,1.0,,,,,,32,19,0.59375,,,,gold_reencode,1,reverse,19,0.59375
bart,time,42,formal,M_h0,trajectory,,,2,32,32,0,0.0,0,0.0,32,1.0,0,0.0,32,1.0,32,1.0,32,1.0,,,,,,19,0,0.0,,,,gold_reencode,2,reverse,0,0.0
bart,time,42,formal,M_h0,trajectory,,,2,32,32,0,0.0,0,0.0,32,1.0,0,0.0,32,1.0,32,1.0,32,1.0,,,,,,0,0,,,,,gold_reencode,3,reverse,0,0.0
bart,time,42,formal,M_h0,trajectory,,,2,32,32,0,0.0,0,0.0,32,1.0,0,0.0,32,1.0,32,1.0,32,1.0,,,,,,0,0,,,,,gold_reencode,4,reverse,0,0.0
bart,time,42,formal,M_h0,trajectory,,,2,32,32,0,0.0,0,0.0,32,1.0,0,0.0,32,1.0,32,1.0,32,1.0,,,,,,0,0,,,,,gold_reencode,5,reverse,0,0.0
bart,time,42,formal,M_h0,trajectory,,,2,32,32,0,0.0,0,0.0,32,1.0,0,0.0,32,1.0,32,1.0,32,1.0,,,,,,32,0,0.0,,,,latent,1,inverse,0,0.0
bart,time,42,formal,M_h0,trajectory,,,2,32,32,0,0.0,0,0.0,32,1.0,0,0.0,32,1.0,32,1.0,32,1.0,,,,,,0,0,,,,,latent,2,inverse,0,0.0
bart,time,42,formal,M_h0,trajectory,,,2,32,32,0,0.0,0,0.0,32,1.0,0,0.0,32,1.0,26,0.8125,32,1.0,,,,,,0,0,,,,,latent,3,inverse,0,0.0
bart,time,42,formal,M_h0,trajectory,,,2,32,32,0,0.0,0,0.0,9,0.28125,0,0.0,9,0.28125,0,0.0,32,1.0,,,,,,0,0,,,,,latent,4,inverse,0,0.0
bart,time,42,formal,M_h0,trajectory,,,2,32,32,0,0.0,0,0.0,0,0.0,0,0.0,0,0.0,0,0.0,32,1.0,,,,,,0,0,,,,,latent,5,inverse,0,0.0
bart,time,42,formal,M_h0,trajectory,,,2,32,32,0,0.0,0,0.0,32,1.0,0,0.0,32,1.0,32,1.0,32,1.0,,,,,,32,0,0.0,,,,decode_reencode,1,inverse,0,0.0
bart,time,42,formal,M_h0,trajectory,,,2,32,32,32,1.0,32,1.0,32,1.0,32,1.0,32,1.0,32,1.0,32,1.0,,,,,,0,0,,,,,decode_reencode,2,inverse,0,0.0
bart,time,42,formal,M_h0,trajectory,,,2,32,32,0,0.0,0,0.0,32,1.0,0,0.0,32,1.0,32,1.0,32,1.0,,,,,,32,0,0.0,,,,decode_reencode,3,inverse,0,0.0
bart,time,42,formal,M_h0,trajectory,,,2,32,32,32,1.0,32,1.0,32,1.0,32,1.0,32,1.0,32,1.0,32,1.0,,,,,,0,0,,,,,decode_reencode,4,inverse,0,0.0
bart,time,42,formal,M_h0,trajectory,,,2,32,32,0,0.0,0,0.0,32,1.0,0,0.0,32,1.0,32,1.0,32,1.0,,,,,,32,0,0.0,,,,decode_reencode,5,inverse,0,0.0
bart,time,42,formal,M_h0,trajectory,,,2,32,32,0,0.0,0,0.0,32,1.0,0,0.0,32,1.0,32,1.0,32,1.0,,,,,,32,0,0.0,,,,gold_reencode,1,inverse,0,0.0
bart,time,42,formal,M_h0,trajectory,,,2,32,32,0,0.0,0,0.0,32,1.0,0,0.0,32,1.0,32,1.0,32,1.0,,,,,,0,0,,,,,gold_reencode,2,inverse,0,0.0
bart,time,42,formal,M_h0,trajectory,,,2,32,32,0,0.0,0,0.0,32,1.0,0,0.0,32,1.0,32,1.0,32,1.0,,,,,,0,0,,,,,gold_reencode,3,inverse,0,0.0
bart,time,42,formal,M_h0,trajectory,,,2,32,32,0,0.0,0,0.0,32,1.0,0,0.0,32,1.0,32,1.0,32,1.0,,,,,,0,0,,,,,gold_reencode,4,inverse,0,0.0
bart,time,42,formal,M_h0,trajectory,,,2,32,32,0,0.0,0,0.0,32,1.0,0,0.0,32,1.0,32,1.0,32,1.0,,,,,,0,0,,,,,gold_reencode,5,inverse,0,0.0
bart,time,42,formal,S_h0,atomic,plus,-2,3,32,32,32,1.0,32,1.0,32,1.0,32,1.0,32,1.0,32,1.0,32,1.0,,,,,,,,,,,,,,,,
bart,time,42,formal,S_h0,atomic,plus,-1,3,32,32,32,1.0,32,1.0,32,1.0,32,1.0,32,1.0,32,1.0,32,1.0,,,,,,,,,,,,,,,,
bart,time,42,formal,S_h0,atomic,plus,0,3,32,32,32,1.0,32,1.0,32,1.0,32,1.0,32,1.0,32,1.0,32,1.0,,,,,,,,,,,,,,,,
bart,time,42,formal,S_h0,atomic,plus,1,3,32,32,32,1.0,32,1.0,32,1.0,32,1.0,32,1.0,32,1.0,32,1.0,,,,,,,,,,,,,,,,
bart,time,42,formal,S_h0,atomic,plus,2,3,32,32,32,1.0,32,1.0,32,1.0,32,1.0,32,1.0,32,1.0,32,1.0,,,,,,,,,,,,,,,,
bart,time,42,formal,S_h0,atomic,plus,3,3,32,32,32,1.0,32,1.0,32,1.0,32,1.0,32,1.0,32,1.0,32,1.0,,,,,,,,,,,,,,,,
bart,time,42,formal,S_h0,atomic,plus,-2,4,32,32,32,1.0,32,1.0,32,1.0,32,1.0,32,1.0,32,1.0,32,1.0,,,,,,,,,,,,,,,,
bart,time,42,formal,S_h0,atomic,plus,-1,4,32,32,8,0.25,8,0.25,8,0.25,8,0.25,32,1.0,8,0.25,32,1.0,,,,,,,,,,,,,,,,
bart,time,42,formal,S_h0,atomic,plus,0,4,32,32,32,1.0,32,1.0,32,1.0,32,1.0,32,1.0,32,1.0,32,1.0,,,,,,,,,,,,,,,,
bart,time,42,formal,S_h0,atomic,plus,1,4,32,32,32,1.0,32,1.0,32,1.0,32,1.0,32,1.0,32,1.0,32,1.0,,,,,,,,,,,,,,,,
bart,time,42,formal,S_h0,atomic,plus,2,4,32,32,32,1.0,32,1.0,32,1.0,32,1.0,32,1.0,32,1.0,32,1.0,,,,,,,,,,,,,,,,
bart,time,42,formal,S_h0,atomic,plus,3,4,32,32,32,1.0,32,1.0,32,1.0,32,1.0,32,1.0,32,1.0,32,1.0,,,,,,,,,,,,,,,,
bart,time,42,formal,S_h0,atomic,plus,-2,5,32,32,0,0.0,32,1.0,0,0.0,0,0.0,32,1.0,32,1.0,32,1.0,,,,,,,,,,,,,,,,
bart,time,42,formal,S_h0,atomic,plus,-1,5,32,32,0,0.0,32,1.0,0,0.0,0,0.0,32,1.0,32,1.0,32,1.0,,,,,,,,,,,,,,,,
bart,time,42,formal,S_h0,atomic,plus,0,5,32,32,0,0.0,32,1.0,0,0.0,0,0.0,32,1.0,32,1.0,32,1.0,,,,,,,,,,,,,,,,
bart,time,42,formal,S_h0,atomic,plus,1,5,32,32,0,0.0,32,1.0,0,0.0,0,0.0,32,1.0,32,1.0,32,1.0,,,,,,,,,,,,,,,,
bart,time,42,formal,S_h0,atomic,plus,2,5,32,32,0,0.0,32,1.0,0,0.0,0,0.0,32,1.0,32,1.0,32,1.0,,,,,,,,,,,,,,,,
bart,time,42,formal,S_h0,atomic,plus,3,5,32,32,0,0.0,32,1.0,0,0.0,0,0.0,32,1.0,32,1.0,32,1.0,,,,,,,,,,,,,,,,
bart,time,42,formal,S_h0,atomic,minus,-3,3,32,32,32,1.0,32,1.0,32,1.0,32,1.0,32,1.0,32,1.0,32,1.0,,,,,,,,,,,,,,,,
bart,time,42,formal,S_h0,atomic,minus,-2,3,32,32,32,1.0,32,1.0,32,1.0,32,1.0,32,1.0,32,1.0,32,1.0,,,,,,,,,,,,,,,,
bart,time,42,formal,S_h0,atomic,minus,-1,3,32,32,32,1.0,32,1.0,32,1.0,32,1.0,32,1.0,32,1.0,32,1.0,,,,,,,,,,,,,,,,
bart,time,42,formal,S_h0,atomic,minus,0,3,32,32,32,1.0,32,1.0,32,1.0,32,1.0,32,1.0,32,1.0,32,1.0,,,,,,,,,,,,,,,,
bart,time,42,formal,S_h0,atomic,minus,1,3,32,32,32,1.0,32,1.0,32,1.0,32,1.0,32,1.0,32,1.0,32,1.0,,,,,,,,,,,,,,,,
bart,time,42,formal,S_h0,atomic,minus,2,3,32,32,32,1.0,32,1.0,32,1.0,32,1.0,32,1.0,32,1.0,32,1.0,,,,,,,,,,,,,,,,
bart,time,42,formal,S_h0,atomic,minus,-3,4,32,32,32,1.0,32,1.0,32,1.0,32,1.0,32,1.0,32,1.0,32,1.0,,,,,,,,,,,,,,,,
bart,time,42,formal,S_h0,atomic,minus,-2,4,32,32,32,1.0,32,1.0,32,1.0,32,1.0,32,1.0,32,1.0,32,1.0,,,,,,,,,,,,,,,,
bart,time,42,formal,S_h0,atomic,minus,-1,4,32,32,0,0.0,32,1.0,0,0.0,0,0.0,32,1.0,32,1.0,32,1.0,,,,,,,,,,,,,,,,
bart,time,42,formal,S_h0,atomic,minus,0,4,32,32,0,0.0,32,1.0,0,0.0,0,0.0,32,1.0,32,1.0,32,1.0,,,,,,,,,,,,,,,,
bart,time,42,formal,S_h0,atomic,minus,1,4,32,32,0,0.0,32,1.0,0,0.0,0,0.0,32,1.0,32,1.0,32,1.0,,,,,,,,,,,,,,,,
bart,time,42,formal,S_h0,atomic,minus,2,4,32,32,2,0.0625,32,1.0,2,0.0625,2,0.0625,32,1.0,32,1.0,32,1.0,,,,,,,,,,,,,,,,
bart,time,42,formal,S_h0,atomic,minus,-3,5,32,32,0,0.0,32,1.0,0,0.0,0,0.0,32,1.0,32,1.0,32,1.0,,,,,,,,,,,,,,,,
bart,time,42,formal,S_h0,atomic,minus,-2,5,32,32,0,0.0,32,1.0,0,0.0,0,0.0,32,1.0,32,1.0,32,1.0,,,,,,,,,,,,,,,,
bart,time,42,formal,S_h0,atomic,minus,-1,5,32,32,0,0.0,32,1.0,0,0.0,0,0.0,32,1.0,32,1.0,32,1.0,,,,,,,,,,,,,,,,
bart,time,42,formal,S_h0,atomic,minus,0,5,32,32,0,0.0,32,1.0,0,0.0,0,0.0,32,1.0,32,1.0,32,1.0,,,,,,,,,,,,,,,,
bart,time,42,formal,S_h0,atomic,minus,1,5,32,32,0,0.0,32,1.0,0,0.0,0,0.0,32,1.0,32,1.0,32,1.0,,,,,,,,,,,,,,,,
bart,time,42,formal,S_h0,atomic,minus,2,5,32,32,0,0.0,32,1.0,0,0.0,0,0.0,32,1.0,32,1.0,32,1.0,,,,,,,,,,,,,,,,
bart,time,42,formal,S_h0,atomic,plus,-2,0,32,32,32,1.0,32,1.0,32,1.0,32,1.0,32,1.0,32,1.0,32,1.0,,,,,,,,,,,,,,,,
bart,time,42,formal,S_h0,atomic,plus,-1,0,32,32,32,1.0,32,1.0,32,1.0,32,1.0,32,1.0,32,1.0,32,1.0,,,,,,,,,,,,,,,,
bart,time,42,formal,S_h0,atomic,plus,0,0,32,32,32,1.0,32,1.0,32,1.0,32,1.0,32,1.0,32,1.0,32,1.0,,,,,,,,,,,,,,,,
bart,time,42,formal,S_h0,atomic,plus,1,0,32,32,32,1.0,32,1.0,32,1.0,32,1.0,32,1.0,32,1.0,32,1.0,,,,,,,,,,,,,,,,
bart,time,42,formal,S_h0,atomic,plus,2,0,32,32,32,1.0,32,1.0,32,1.0,32,1.0,32,1.0,32,1.0,32,1.0,,,,,,,,,,,,,,,,
bart,time,42,formal,S_h0,atomic,plus,3,0,32,32,32,1.0,32,1.0,32,1.0,32,1.0,32,1.0,32,1.0,32,1.0,,,,,,,,,,,,,,,,
bart,time,42,formal,S_h0,atomic,plus,-2,1,32,32,32,1.0,32,1.0,32,1.0,32,1.0,32,1.0,32,1.0,32,1.0,,,,,,,,,,,,,,,,
bart,time,42,formal,S_h0,atomic,plus,-1,1,32,32,32,1.0,32,1.0,32,1.0,32,1.0,32,1.0,32,1.0,32,1.0,,,,,,,,,,,,,,,,
bart,time,42,formal,S_h0,atomic,plus,0,1,32,32,32,1.0,32,1.0,32,1.0,32,1.0,32,1.0,32,1.0,32,1.0,,,,,,,,,,,,,,,,
bart,time,42,formal,S_h0,atomic,plus,1,1,32,32,32,1.0,32,1.0,32,1.0,32,1.0,32,1.0,32,1.0,32,1.0,,,,,,,,,,,,,,,,
bart,time,42,formal,S_h0,atomic,plus,2,1,32,32,32,1.0,32,1.0,32,1.0,32,1.0,32,1.0,32,1.0,32,1.0,,,,,,,,,,,,,,,,
bart,time,42,formal,S_h0,atomic,plus,3,1,32,32,32,1.0,32,1.0,32,1.0,32,1.0,32,1.0,32,1.0,32,1.0,,,,,,,,,,,,,,,,
bart,time,42,formal,S_h0,atomic,minus,-3,0,32,32,32,1.0,32,1.0,32,1.0,32,1.0,32,1.0,32,1.0,32,1.0,,,,,,,,,,,,,,,,
bart,time,42,formal,S_h0,atomic,minus,-2,0,32,32,32,1.0,32,1.0,32,1.0,32,1.0,32,1.0,32,1.0,32,1.0,,,,,,,,,,,,,,,,
bart,time,42,formal,S_h0,atomic,minus,-1,0,32,32,32,1.0,32,1.0,32,1.0,32,1.0,32,1.0,32,1.0,32,1.0,,,,,,,,,,,,,,,,
bart,time,42,formal,S_h0,atomic,minus,0,0,32,32,32,1.0,32,1.0,32,1.0,32,1.0,32,1.0,32,1.0,32,1.0,,,,,,,,,,,,,,,,
bart,time,42,formal,S_h0,atomic,minus,1,0,32,32,32,1.0,32,1.0,32,1.0,32,1.0,32,1.0,32,1.0,32,1.0,,,,,,,,,,,,,,,,
bart,time,42,formal,S_h0,atomic,minus,2,0,32,32,32,1.0,32,1.0,32,1.0,32,1.0,32,1.0,32,1.0,32,1.0,,,,,,,,,,,,,,,,
bart,time,42,formal,S_h0,atomic,minus,-3,1,32,32,32,1.0,32,1.0,32,1.0,32,1.0,32,1.0,32,1.0,32,1.0,,,,,,,,,,,,,,,,
bart,time,42,formal,S_h0,atomic,minus,-2,1,32,32,32,1.0,32,1.0,32,1.0,32,1.0,32,1.0,32,1.0,32,1.0,,,,,,,,,,,,,,,,
bart,time,42,formal,S_h0,atomic,minus,-1,1,32,32,32,1.0,32,1.0,32,1.0,32,1.0,32,1.0,32,1.0,32,1.0,,,,,,,,,,,,,,,,
bart,time,42,formal,S_h0,atomic,minus,0,1,32,32,32,1.0,32,1.0,32,1.0,32,1.0,32,1.0,32,1.0,32,1.0,,,,,,,,,,,,,,,,
bart,time,42,formal,S_h0,atomic,minus,1,1,32,32,32,1.0,32,1.0,32,1.0,32,1.0,32,1.0,32,1.0,32,1.0,,,,,,,,,,,,,,,,
bart,time,42,formal,S_h0,atomic,minus,2,1,32,32,32,1.0,32,1.0,32,1.0,32,1.0,32,1.0,32,1.0,32,1.0,,,,,,,,,,,,,,,,
bart,time,42,formal,S_h0,atomic,plus,-2,2,32,32,0,0.0,0,0.0,32,1.0,0,0.0,32,1.0,0,0.0,32,1.0,,,,,,,,,,,,,,,,
bart,time,42,formal,S_h0,atomic,plus,-1,2,32,32,0,0.0,0,0.0,32,1.0,0,0.0,32,1.0,0,0.0,32,1.0,,,,,,,,,,,,,,,,
bart,time,42,formal,S_h0,atomic,plus,0,2,32,32,0,0.0,0,0.0,32,1.0,0,0.0,32,1.0,32,1.0,32,1.0,,,,,,,,,,,,,,,,
bart,time,42,formal,S_h0,atomic,plus,1,2,32,32,0,0.0,0,0.0,32,1.0,0,0.0,32,1.0,32,1.0,32,1.0,,,,,,,,,,,,,,,,
bart,time,42,formal,S_h0,atomic,plus,2,2,32,32,0,0.0,0,0.0,32,1.0,0,0.0,32,1.0,32,1.0,32,1.0,,,,,,,,,,,,,,,,
bart,time,42,formal,S_h0,atomic,plus,3,2,32,32,32,1.0,32,1.0,32,1.0,32,1.0,32,1.0,32,1.0,32,1.0,,,,,,,,,,,,,,,,
bart,time,42,formal,S_h0,atomic,minus,-3,2,32,32,15,0.46875,15,0.46875,32,1.0,15,0.46875,32,1.0,21,0.65625,32,1.0,,,,,,,,,,,,,,,,
bart,time,42,formal,S_h0,atomic,minus,-2,2,32,32,0,0.0,0,0.0,32,1.0,0,0.0,32,1.0,29,0.90625,32,1.0,,,,,,,,,,,,,,,,
bart,time,42,formal,S_h0,atomic,minus,-1,2,32,32,0,0.0,0,0.0,32,1.0,0,0.0,32,1.0,28,0.875,32,1.0,,,,,,,,,,,,,,,,
bart,time,42,formal,S_h0,atomic,minus,0,2,32,32,0,0.0,0,0.0,32,1.0,0,0.0,32,1.0,32,1.0,32,1.0,,,,,,,,,,,,,,,,
bart,time,42,formal,S_h0,atomic,minus,1,2,32,32,0,0.0,0,0.0,32,1.0,0,0.0,32,1.0,30,0.9375,32,1.0,,,,,,,,,,,,,,,,
bart,time,42,formal,S_h0,atomic,minus,2,2,32,32,30,0.9375,30,0.9375,32,1.0,30,0.9375,32,1.0,30,0.9375,32,1.0,,,,,,,,,,,,,,,,
bart,time,42,formal,S_h0,source_matrix,plus,-2,0,32,32,32,1.0,32,1.0,32,1.0,32,1.0,32,1.0,32,1.0,32,1.0,0,P,False,32,1.0,32,32,1.0,32,32,1.0,,,,,
bart,time,42,formal,S_h0,source_matrix,plus,-1,0,32,32,0,0.0,0,0.0,32,1.0,0,0.0,32,1.0,32,1.0,32,1.0,0,P,False,32,1.0,32,0,0.0,32,0,0.0,,,,,
bart,time,42,formal,S_h0,source_matrix,plus,0,0,32,32,32,1.0,32,1.0,32,1.0,32,1.0,32,1.0,32,1.0,32,1.0,0,P,False,32,1.0,32,32,1.0,32,32,1.0,,,,,
bart,time,42,formal,S_h0,source_matrix,plus,1,0,32,32,0,0.0,0,0.0,32,1.0,0,0.0,32,1.0,32,1.0,32,1.0,0,P,False,32,1.0,32,0,0.0,32,0,0.0,,,,,
bart,time,42,formal,S_h0,source_matrix,plus,2,0,32,32,28,0.875,28,0.875,28,0.875,28,0.875,28,0.875,28,0.875,32,1.0,0,P,True,32,1.0,32,28,0.875,32,28,0.875,,,,,
bart,time,42,formal,S_h0,source_matrix,plus,3,0,32,32,0,0.0,0,0.0,32,1.0,0,0.0,32,1.0,32,1.0,32,1.0,0,P,False,32,1.0,32,0,0.0,32,0,0.0,,,,,
bart,time,42,formal,S_h0,source_matrix,minus,-3,0,32,32,0,0.0,0,0.0,32,1.0,0,0.0,32,1.0,32,1.0,32,1.0,0,P,False,32,1.0,32,0,0.0,32,0,0.0,,,,,
bart,time,42,formal,S_h0,source_matrix,minus,-2,0,32,32,0,0.0,0,0.0,32,1.0,0,0.0,32,1.0,32,1.0,32,1.0,0,P,False,32,1.0,32,0,0.0,32,0,0.0,,,,,
bart,time,42,formal,S_h0,source_matrix,minus,-1,0,32,32,0,0.0,0,0.0,32,1.0,0,0.0,32,1.0,32,1.0,32,1.0,0,P,False,32,1.0,32,0,0.0,32,0,0.0,,,,,
bart,time,42,formal,S_h0,source_matrix,minus,0,0,32,32,32,1.0,32,1.0,32,1.0,32,1.0,32,1.0,32,1.0,32,1.0,0,P,False,32,1.0,32,32,1.0,32,32,1.0,,,,,
bart,time,42,formal,S_h0,source_matrix,minus,1,0,32,32,0,0.0,0,0.0,32,1.0,0,0.0,32,1.0,30,0.9375,32,1.0,0,P,False,32,1.0,32,0,0.0,32,0,0.0,,,,,
bart,time,42,formal,S_h0,source_matrix,minus,2,0,32,32,16,0.5,16,0.5,32,1.0,16,0.5,32,1.0,32,1.0,32,1.0,0,P,True,32,1.0,32,16,0.5,32,16,0.5,,,,,
bart,time,42,formal,S_h0,source_matrix,plus,-2,0,32,32,32,1.0,32,1.0,32,1.0,32,1.0,32,1.0,32,1.0,32,1.0,0,Q,False,32,1.0,32,32,1.0,32,32,1.0,,,,,
bart,time,42,formal,S_h0,source_matrix,plus,-1,0,32,32,0,0.0,0,0.0,32,1.0,0,0.0,32,1.0,32,1.0,32,1.0,0,Q,False,32,1.0,32,0,0.0,32,0,0.0,,,,,
bart,time,42,formal,S_h0,source_matrix,plus,0,0,32,32,32,1.0,32,1.0,32,1.0,32,1.0,32,1.0,32,1.0,32,1.0,0,Q,False,32,1.0,32,32,1.0,32,32,1.0,,,,,
bart,time,42,formal,S_h0,source_matrix,plus,1,0,32,32,0,0.0,0,0.0,32,1.0,0,0.0,32,1.0,32,1.0,32,1.0,0,Q,False,32,1.0,32,0,0.0,32,0,0.0,,,,,
bart,time,42,formal,S_h0,source_matrix,plus,2,0,32,32,31,0.96875,31,0.96875,31,0.96875,31,0.96875,31,0.96875,31,0.96875,32,1.0,0,Q,True,32,1.0,32,31,0.96875,32,31,0.96875,,,,,
bart,time,42,formal,S_h0,source_matrix,plus,3,0,32,32,0,0.0,0,0.0,32,1.0,0,0.0,32,1.0,32,1.0,32,1.0,0,Q,False,32,1.0,32,0,0.0,32,0,0.0,,,,,
bart,time,42,formal,S_h0,source_matrix,minus,-3,0,32,32,0,0.0,0,0.0,32,1.0,0,0.0,32,1.0,32,1.0,32,1.0,0,Q,False,32,1.0,32,0,0.0,32,0,0.0,,,,,
bart,time,42,formal,S_h0,source_matrix,minus,-2,0,32,32,0,0.0,0,0.0,32,1.0,0,0.0,32,1.0,32,1.0,32,1.0,0,Q,False,32,1.0,32,0,0.0,32,0,0.0,,,,,
bart,time,42,formal,S_h0,source_matrix,minus,-1,0,32,32,0,0.0,0,0.0,32,1.0,0,0.0,32,1.0,32,1.0,32,1.0,0,Q,False,32,1.0,32,0,0.0,32,0,0.0,,,,,
bart,time,42,formal,S_h0,source_matrix,minus,0,0,32,32,32,1.0,32,1.0,32,1.0,32,1.0,32,1.0,32,1.0,32,1.0,0,Q,False,32,1.0,32,32,1.0,32,32,1.0,,,,,
bart,time,42,formal,S_h0,source_matrix,minus,1,0,32,32,0,0.0,0,0.0,32,1.0,0,0.0,32,1.0,30,0.9375,32,1.0,0,Q,False,32,1.0,32,0,0.0,32,0,0.0,,,,,
bart,time,42,formal,S_h0,source_matrix,minus,2,0,32,32,13,0.40625,13,0.40625,32,1.0,13,0.40625,32,1.0,32,1.0,32,1.0,0,Q,True,32,1.0,32,13,0.40625,32,13,0.40625,,,,,
bart,time,42,formal,S_h0,source_matrix,plus,-2,0,32,32,19,0.59375,19,0.59375,19,0.59375,19,0.59375,19,0.59375,19,0.59375,32,1.0,0,U,False,32,1.0,32,19,0.59375,32,19,0.59375,,,,,
bart,time,42,formal,S_h0,source_matrix,plus,-1,0,32,32,0,0.0,0,0.0,32,1.0,0,0.0,32,1.0,32,1.0,32,1.0,0,U,False,32,1.0,32,0,0.0,32,0,0.0,,,,,
bart,time,42,formal,S_h0,source_matrix,plus,0,0,32,32,32,1.0,32,1.0,32,1.0,32,1.0,32,1.0,32,1.0,32,1.0,0,U,False,32,1.0,32,32,1.0,32,32,1.0,,,,,
bart,time,42,formal,S_h0,source_matrix,plus,1,0,32,32,0,0.0,0,0.0,32,1.0,0,0.0,32,1.0,32,1.0,32,1.0,0,U,False,32,1.0,32,0,0.0,32,0,0.0,,,,,
bart,time,42,formal,S_h0,source_matrix,plus,2,0,32,32,32,1.0,32,1.0,32,1.0,32,1.0,32,1.0,32,1.0,32,1.0,0,U,True,32,1.0,32,32,1.0,32,32,1.0,,,,,
bart,time,42,formal,S_h0,source_matrix,plus,3,0,32,32,0,0.0,0,0.0,31,0.96875,0,0.0,31,0.96875,31,0.96875,32,1.0,0,U,False,32,1.0,32,0,0.0,32,0,0.0,,,,,
bart,time,42,formal,S_h0,source_matrix,minus,-3,0,32,32,0,0.0,0,0.0,29,0.90625,0,0.0,29,0.90625,29,0.90625,32,1.0,0,U,False,32,1.0,32,0,0.0,32,0,0.0,,,,,
bart,time,42,formal,S_h0,source_matrix,minus,-2,0,32,32,0,0.0,0,0.0,32,1.0,0,0.0,32,1.0,32,1.0,32,1.0,0,U,False,32,1.0,32,0,0.0,32,0,0.0,,,,,
bart,time,42,formal,S_h0,source_matrix,minus,-1,0,32,32,0,0.0,0,0.0,32,1.0,0,0.0,32,1.0,32,1.0,32,1.0,0,U,False,32,1.0,32,0,0.0,32,0,0.0,,,,,
bart,time,42,formal,S_h0,source_matrix,minus,0,0,32,32,32,1.0,32,1.0,32,1.0,32,1.0,32,1.0,32,1.0,32,1.0,0,U,False,32,1.0,32,32,1.0,32,32,1.0,,,,,
bart,time,42,formal,S_h0,source_matrix,minus,1,0,32,32,0,0.0,0,0.0,25,0.78125,0,0.0,25,0.78125,13,0.40625,32,1.0,0,U,False,32,1.0,32,0,0.0,32,0,0.0,,,,,
bart,time,42,formal,S_h0,source_matrix,minus,2,0,32,32,22,0.6875,22,0.6875,26,0.8125,22,0.6875,26,0.8125,26,0.8125,32,1.0,0,U,True,32,1.0,32,22,0.6875,32,22,0.6875,,,,,
bart,time,42,formal,S_h0,source_matrix,plus,-2,2,32,32,7,0.21875,7,0.21875,30,0.9375,7,0.21875,30,0.9375,7,0.21875,32,1.0,0,P,False,0,0.0,0,0,,0,0,,,,,,
bart,time,42,formal,S_h0,source_matrix,plus,-1,2,32,32,0,0.0,0,0.0,32,1.0,0,0.0,32,1.0,0,0.0,32,1.0,0,P,False,0,0.0,0,0,,0,0,,,,,,
bart,time,42,formal,S_h0,source_matrix,plus,0,2,32,32,0,0.0,0,0.0,30,0.9375,0,0.0,30,0.9375,24,0.75,32,1.0,0,P,False,0,0.0,0,0,,0,0,,,,,,
bart,time,42,formal,S_h0,source_matrix,plus,1,2,32,32,0,0.0,0,0.0,30,0.9375,0,0.0,30,0.9375,29,0.90625,32,1.0,0,P,False,0,0.0,0,0,,0,0,,,,,,
bart,time,42,formal,S_h0,source_matrix,plus,2,2,32,32,0,0.0,0,0.0,32,1.0,0,0.0,32,1.0,29,0.90625,32,1.0,0,P,True,32,1.0,32,0,0.0,32,0,0.0,,,,,
bart,time,42,formal,S_h0,source_matrix,plus,3,2,32,32,0,0.0,0,0.0,26,0.8125,0,0.0,26,0.8125,19,0.59375,32,1.0,0,P,False,32,1.0,32,0,0.0,32,0,0.0,,,,,
bart,time,42,formal,S_h0,source_matrix,minus,-3,2,32,32,0,0.0,0,0.0,26,0.8125,0,0.0,26,0.8125,6,0.1875,32,1.0,0,P,False,0,0.0,0,0,,0,0,,,,,,
bart,time,42,formal,S_h0,source_matrix,minus,-2,2,32,32,0,0.0,0,0.0,22,0.6875,0,0.0,22,0.6875,0,0.0,32,1.0,0,P,False,0,0.0,0,0,,0,0,,,,,,
bart,time,42,formal,S_h0,source_matrix,minus,-1,2,32,32,0,0.0,0,0.0,32,1.0,0,0.0,32,1.0,13,0.40625,32,1.0,0,P,False,0,0.0,0,0,,0,0,,,,,,
bart,time,42,formal,S_h0,source_matrix,minus,0,2,32,32,0,0.0,0,0.0,19,0.59375,0,0.0,19,0.59375,12,0.375,32,1.0,0,P,False,0,0.0,0,0,,0,0,,,,,,
bart,time,42,formal,S_h0,source_matrix,minus,1,2,32,32,0,0.0,0,0.0,26,0.8125,0,0.0,26,0.8125,16,0.5,32,1.0,0,P,False,0,0.0,0,0,,0,0,,,,,,
bart,time,42,formal,S_h0,source_matrix,minus,2,2,32,32,7,0.21875,7,0.21875,17,0.53125,7,0.21875,17,0.53125,7,0.21875,32,1.0,0,P,True,32,1.0,32,7,0.21875,32,7,0.21875,,,,,
bart,time,42,formal,S_h0,source_matrix,plus,-2,2,32,32,25,0.78125,25,0.78125,30,0.9375,25,0.78125,30,0.9375,25,0.78125,32,1.0,0,Q,False,0,0.0,0,0,,0,0,,,,,,
bart,time,42,formal,S_h0,source_matrix,plus,-1,2,32,32,0,0.0,0,0.0,32,1.0,0,0.0,32,1.0,0,0.0,32,1.0,0,Q,False,0,0.0,0,0,,0,0,,,,,,
bart,time,42,formal,S_h0,source_matrix,plus,0,2,32,32,0,0.0,0,0.0,30,0.9375,0,0.0,30,0.9375,26,0.8125,32,1.0,0,Q,False,0,0.0,0,0,,0,0,,,,,,
bart,time,42,formal,S_h0,source_matrix,plus,1,2,32,32,0,0.0,0,0.0,30,0.9375,0,0.0,30,0.9375,29,0.90625,32,1.0,0,Q,False,0,0.0,0,0,,0,0,,,,,,
bart,time,42,formal,S_h0,source_matrix,plus,2,2,32,32,0,0.0,0,0.0,30,0.9375,0,0.0,30,0.9375,28,0.875,32,1.0,0,Q,True,32,1.0,32,0,0.0,32,0,0.0,,,,,
bart,time,42,formal,S_h0,source_matrix,plus,3,2,32,32,0,0.0,0,0.0,26,0.8125,0,0.0,26,0.8125,19,0.59375,32,1.0,0,Q,False,32,1.0,32,0,0.0,32,0,0.0,,,,,
bart,time,42,formal,S_h0,source_matrix,minus,-3,2,32,32,0,0.0,0,0.0,25,0.78125,0,0.0,25,0.78125,5,0.15625,32,1.0,0,Q,False,3,0.09375,3,0,0.0,0,0,,,,,,
bart,time,42,formal,S_h0,source_matrix,minus,-2,2,32,32,0,0.0,0,0.0,21,0.65625,0,0.0,21,0.65625,0,0.0,32,1.0,0,Q,False,0,0.0,0,0,,0,0,,,,,,
bart,time,42,formal,S_h0,source_matrix,minus,-1,2,32,32,0,0.0,0,0.0,32,1.0,0,0.0,32,1.0,26,0.8125,32,1.0,0,Q,False,0,0.0,0,0,,0,0,,,,,,
bart,time,42,formal,S_h0,source_matrix,minus,0,2,32,32,0,0.0,0,0.0,25,0.78125,0,0.0,25,0.78125,10,0.3125,32,1.0,0,Q,False,0,0.0,0,0,,0,0,,,,,,
bart,time,42,formal,S_h0,source_matrix,minus,1,2,32,32,0,0.0,0,0.0,26,0.8125,0,0.0,26,0.8125,14,0.4375,32,1.0,0,Q,False,0,0.0,0,0,,0,0,,,,,,
bart,time,42,formal,S_h0,source_matrix,minus,2,2,32,32,7,0.21875,7,0.21875,19,0.59375,7,0.21875,19,0.59375,7,0.21875,32,1.0,0,Q,True,32,1.0,32,7,0.21875,32,7,0.21875,,,,,
bart,time,42,formal,S_h0,source_matrix,plus,-2,2,32,32,13,0.40625,13,0.40625,26,0.8125,13,0.40625,26,0.8125,13,0.40625,32,1.0,0,U,False,0,0.0,0,0,,0,0,,,,,,
bart,time,42,formal,S_h0,source_matrix,plus,-1,2,32,32,0,0.0,0,0.0,31,0.96875,0,0.0,31,0.96875,6,0.1875,32,1.0,0,U,False,0,0.0,0,0,,0,0,,,,,,
bart,time,42,formal,S_h0,source_matrix,plus,0,2,32,32,0,0.0,0,0.0,30,0.9375,0,0.0,30,0.9375,15,0.46875,32,1.0,0,U,False,0,0.0,0,0,,0,0,,,,,,
bart,time,42,formal,S_h0,source_matrix,plus,1,2,32,32,0,0.0,0,0.0,30,0.9375,0,0.0,30,0.9375,16,0.5,32,1.0,0,U,False,0,0.0,0,0,,0,0,,,,,,
bart,time,42,formal,S_h0,source_matrix,plus,2,2,32,32,0,0.0,0,0.0,24,0.75,0,0.0,24,0.75,10,0.3125,32,1.0,0,U,True,32,1.0,32,0,0.0,32,0,0.0,,,,,
bart,time,42,formal,S_h0,source_matrix,plus,3,2,32,32,0,0.0,0,0.0,27,0.84375,0,0.0,27,0.84375,27,0.84375,32,1.0,0,U,False,32,1.0,32,0,0.0,32,0,0.0,,,,,
bart,time,42,formal,S_h0,source_matrix,minus,-3,2,32,32,0,0.0,0,0.0,8,0.25,0,0.0,8,0.25,7,0.21875,32,1.0,0,U,False,32,1.0,32,0,0.0,0,0,,,,,,
bart,time,42,formal,S_h0,source_matrix,minus,-2,2,32,32,0,0.0,0,0.0,7,0.21875,0,0.0,7,0.21875,7,0.21875,32,1.0,0,U,False,0,0.0,0,0,,0,0,,,,,,
bart,time,42,formal,S_h0,source_matrix,minus,-1,2,32,32,0,0.0,0,0.0,3,0.09375,0,0.0,3,0.09375,3,0.09375,32,1.0,0,U,False,0,0.0,0,0,,0,0,,,,,,
bart,time,42,formal,S_h0,source_matrix,minus,0,2,32,32,0,0.0,0,0.0,19,0.59375,0,0.0,19,0.59375,7,0.21875,32,1.0,0,U,False,0,0.0,0,0,,0,0,,,,,,
bart,time,42,formal,S_h0,source_matrix,minus,1,2,32,32,0,0.0,0,0.0,14,0.4375,0,0.0,14,0.4375,6,0.1875,32,1.0,0,U,False,0,0.0,0,0,,0,0,,,,,,
bart,time,42,formal,S_h0,source_matrix,minus,2,2,32,32,1,0.03125,1,0.03125,12,0.375,1,0.03125,12,0.375,1,0.03125,32,1.0,0,U,True,32,1.0,32,1,0.03125,32,1,0.03125,,,,,
bart,time,42,formal,S_h0,trajectory,,,0,32,32,32,1.0,32,1.0,32,1.0,32,1.0,32,1.0,32,1.0,32,1.0,,,,,,32,32,1.0,,,,latent,1,forward,32,1.0
bart,time,42,formal,S_h0,trajectory,,,0,32,32,32,1.0,32,1.0,32,1.0,32,1.0,32,1.0,32,1.0,32,1.0,,,,,,32,32,1.0,,,,latent,2,forward,32,1.0
bart,time,42,formal,S_h0,trajectory,,,0,32,32,0,0.0,0,0.0,0,0.0,0,0.0,0,0.0,0,0.0,32,1.0,,,,,,32,0,0.0,,,,latent,3,forward,0,0.0
bart,time,42,formal,S_h0,trajectory,,,0,32,32,0,0.0,0,0.0,0,0.0,0,0.0,0,0.0,0,0.0,32,1.0,,,,,,0,0,,,,,latent,4,forward,0,0.0
bart,time,42,formal,S_h0,trajectory,,,0,32,32,0,0.0,0,0.0,0,0.0,0,0.0,0,0.0,0,0.0,32,1.0,,,,,,0,0,,,,,latent,5,forward,0,0.0
bart,time,42,formal,S_h0,trajectory,,,0,32,32,32,1.0,32,1.0,32,1.0,32,1.0,32,1.0,32,1.0,32,1.0,,,,,,32,32,1.0,,,,decode_reencode,1,forward,32,1.0
bart,time,42,formal,S_h0,trajectory,,,0,32,32,32,1.0,32,1.0,32,1.0,32,1.0,32,1.0,32,1.0,32,1.0,,,,,,32,32,1.0,,,,decode_reencode,2,forward,32,1.0
bart,time,42,formal,S_h0,trajectory,,,0,32,32,32,1.0,32,1.0,32,1.0,32,1.0,32,1.0,32,1.0,32,1.0,,,,,,32,32,1.0,,,,decode_reencode,3,forward,32,1.0
bart,time,42,formal,S_h0,trajectory,,,0,32,32,32,1.0,32,1.0,32,1.0,32,1.0,32,1.0,32,1.0,32,1.0,,,,,,32,32,1.0,,,,decode_reencode,4,forward,32,1.0
bart,time,42,formal,S_h0,trajectory,,,0,32,32,32,1.0,32,1.0,32,1.0,32,1.0,32,1.0,32,1.0,32,1.0,,,,,,32,32,1.0,,,,decode_reencode,5,forward,32,1.0
bart,time,42,formal,S_h0,trajectory,,,0,32,32,32,1.0,32,1.0,32,1.0,32,1.0,32,1.0,32,1.0,32,1.0,,,,,,32,32,1.0,,,,gold_reencode,1,forward,32,1.0
bart,time,42,formal,S_h0,trajectory,,,0,32,32,32,1.0,32,1.0,32,1.0,32,1.0,32,1.0,32,1.0,32,1.0,,,,,,32,32,1.0,,,,gold_reencode,2,forward,32,1.0
bart,time,42,formal,S_h0,trajectory,,,0,32,32,32,1.0,32,1.0,32,1.0,32,1.0,32,1.0,32,1.0,32,1.0,,,,,,32,32,1.0,,,,gold_reencode,3,forward,32,1.0
bart,time,42,formal,S_h0,trajectory,,,0,32,32,32,1.0,32,1.0,32,1.0,32,1.0,32,1.0,32,1.0,32,1.0,,,,,,32,32,1.0,,,,gold_reencode,4,forward,32,1.0
bart,time,42,formal,S_h0,trajectory,,,0,32,32,32,1.0,32,1.0,32,1.0,32,1.0,32,1.0,32,1.0,32,1.0,,,,,,32,32,1.0,,,,gold_reencode,5,forward,32,1.0
bart,time,42,formal,S_h0,trajectory,,,0,32,32,32,1.0,32,1.0,32,1.0,32,1.0,32,1.0,32,1.0,32,1.0,,,,,,32,32,1.0,,,,latent,1,reverse,32,1.0
bart,time,42,formal,S_h0,trajectory,,,0,32,32,0,0.0,0,0.0,1,0.03125,0,0.0,1,0.03125,0,0.0,32,1.0,,,,,,32,0,0.0,,,,latent,2,reverse,0,0.0
bart,time,42,formal,S_h0,trajectory,,,0,32,32,0,0.0,0,0.0,0,0.0,0,0.0,0,0.0,0,0.0,32,1.0,,,,,,0,0,,,,,latent,3,reverse,0,0.0
bart,time,42,formal,S_h0,trajectory,,,0,32,32,0,0.0,0,0.0,0,0.0,0,0.0,0,0.0,0,0.0,32,1.0,,,,,,0,0,,,,,latent,4,reverse,0,0.0
bart,time,42,formal,S_h0,trajectory,,,0,32,32,0,0.0,0,0.0,0,0.0,0,0.0,0,0.0,0,0.0,31,0.96875,,,,,,0,0,,,,,latent,5,reverse,0,0.0
bart,time,42,formal,S_h0,trajectory,,,0,32,32,32,1.0,32,1.0,32,1.0,32,1.0,32,1.0,32,1.0,32,1.0,,,,,,32,32,1.0,,,,decode_reencode,1,reverse,32,1.0
bart,time,42,formal,S_h0,trajectory,,,0,32,32,32,1.0,32,1.0,32,1.0,32,1.0,32,1.0,32,1.0,32,1.0,,,,,,32,32,1.0,,,,decode_reencode,2,reverse,32,1.0
bart,time,42,formal,S_h0,trajectory,,,0,32,32,32,1.0,32,1.0,32,1.0,32,1.0,32,1.0,32,1.0,32,1.0,,,,,,32,32,1.0,,,,decode_reencode,3,reverse,32,1.0
bart,time,42,formal,S_h0,trajectory,,,0,32,32,32,1.0,32,1.0,32,1.0,32,1.0,32,1.0,32,1.0,32,1.0,,,,,,32,32,1.0,,,,decode_reencode,4,reverse,32,1.0
bart,time,42,formal,S_h0,trajectory,,,0,32,32,32,1.0,32,1.0,32,1.0,32,1.0,32,1.0,32,1.0,32,1.0,,,,,,32,32,1.0,,,,decode_reencode,5,reverse,32,1.0
bart,time,42,formal,S_h0,trajectory,,,0,32,32,32,1.0,32,1.0,32,1.0,32,1.0,32,1.0,32,1.0,32,1.0,,,,,,32,32,1.0,,,,gold_reencode,1,reverse,32,1.0
bart,time,42,formal,S_h0,trajectory,,,0,32,32,32,1.0,32,1.0,32,1.0,32,1.0,32,1.0,32,1.0,32,1.0,,,,,,32,32,1.0,,,,gold_reencode,2,reverse,32,1.0
bart,time,42,formal,S_h0,trajectory,,,0,32,32,32,1.0,32,1.0,32,1.0,32,1.0,32,1.0,32,1.0,32,1.0,,,,,,32,32,1.0,,,,gold_reencode,3,reverse,32,1.0
bart,time,42,formal,S_h0,trajectory,,,0,32,32,32,1.0,32,1.0,32,1.0,32,1.0,32,1.0,32,1.0,32,1.0,,,,,,32,32,1.0,,,,gold_reencode,4,reverse,32,1.0
bart,time,42,formal,S_h0,trajectory,,,0,32,32,32,1.0,32,1.0,32,1.0,32,1.0,32,1.0,32,1.0,32,1.0,,,,,,32,32,1.0,,,,gold_reencode,5,reverse,32,1.0
bart,time,42,formal,S_h0,trajectory,,,0,32,32,32,1.0,32,1.0,32,1.0,32,1.0,32,1.0,32,1.0,32,1.0,,,,,,32,32,1.0,,,,latent,1,inverse,32,1.0
bart,time,42,formal,S_h0,trajectory,,,0,32,32,0,0.0,0,0.0,32,1.0,0,0.0,32,1.0,32,1.0,32,1.0,,,,,,32,0,0.0,,,,latent,2,inverse,0,0.0
bart,time,42,formal,S_h0,trajectory,,,0,32,32,1,0.03125,1,0.03125,1,0.03125,1,0.03125,1,0.03125,1,0.03125,32,1.0,,,,,,0,0,,,,,latent,3,inverse,0,0.0
bart,time,42,formal,S_h0,trajectory,,,0,32,32,0,0.0,0,0.0,0,0.0,0,0.0,0,0.0,0,0.0,32,1.0,,,,,,1,0,0.0,,,,latent,4,inverse,0,0.0
bart,time,42,formal,S_h0,trajectory,,,0,32,32,0,0.0,0,0.0,0,0.0,0,0.0,0,0.0,0,0.0,32,1.0,,,,,,0,0,,,,,latent,5,inverse,0,0.0
bart,time,42,formal,S_h0,trajectory,,,0,32,32,32,1.0,32,1.0,32,1.0,32,1.0,32,1.0,32,1.0,32,1.0,,,,,,32,32,1.0,,,,decode_reencode,1,inverse,32,1.0
bart,time,42,formal,S_h0,trajectory,,,0,32,32,32,1.0,32,1.0,32,1.0,32,1.0,32,1.0,32,1.0,32,1.0,,,,,,32,32,1.0,,,,decode_reencode,2,inverse,32,1.0
bart,time,42,formal,S_h0,trajectory,,,0,32,32,32,1.0,32,1.0,32,1.0,32,1.0,32,1.0,32,1.0,32,1.0,,,,,,32,32,1.0,,,,decode_reencode,3,inverse,32,1.0
bart,time,42,formal,S_h0,trajectory,,,0,32,32,32,1.0,32,1.0,32,1.0,32,1.0,32,1.0,32,1.0,32,1.0,,,,,,32,32,1.0,,,,decode_reencode,4,inverse,32,1.0
bart,time,42,formal,S_h0,trajectory,,,0,32,32,32,1.0,32,1.0,32,1.0,32,1.0,32,1.0,32,1.0,32,1.0,,,,,,32,32,1.0,,,,decode_reencode,5,inverse,32,1.0
bart,time,42,formal,S_h0,trajectory,,,0,32,32,32,1.0,32,1.0,32,1.0,32,1.0,32,1.0,32,1.0,32,1.0,,,,,,32,32,1.0,,,,gold_reencode,1,inverse,32,1.0
bart,time,42,formal,S_h0,trajectory,,,0,32,32,32,1.0,32,1.0,32,1.0,32,1.0,32,1.0,32,1.0,32,1.0,,,,,,32,32,1.0,,,,gold_reencode,2,inverse,32,1.0
bart,time,42,formal,S_h0,trajectory,,,0,32,32,32,1.0,32,1.0,32,1.0,32,1.0,32,1.0,32,1.0,32,1.0,,,,,,32,32,1.0,,,,gold_reencode,3,inverse,32,1.0
bart,time,42,formal,S_h0,trajectory,,,0,32,32,32,1.0,32,1.0,32,1.0,32,1.0,32,1.0,32,1.0,32,1.0,,,,,,32,32,1.0,,,,gold_reencode,4,inverse,32,1.0
bart,time,42,formal,S_h0,trajectory,,,0,32,32,32,1.0,32,1.0,32,1.0,32,1.0,32,1.0,32,1.0,32,1.0,,,,,,32,32,1.0,,,,gold_reencode,5,inverse,32,1.0
bart,time,42,formal,S_h0,trajectory,,,2,32,32,32,1.0,32,1.0,32,1.0,32,1.0,32,1.0,32,1.0,32,1.0,,,,,,32,32,1.0,,,,latent,1,forward,32,1.0
bart,time,42,formal,S_h0,trajectory,,,2,32,32,0,0.0,0,0.0,30,0.9375,0,0.0,30,0.9375,19,0.59375,32,1.0,,,,,,32,0,0.0,,,,latent,2,forward,0,0.0
bart,time,42,formal,S_h0,trajectory,,,2,32,32,0,0.0,0,0.0,19,0.59375,0,0.0,19,0.59375,7,0.21875,32,1.0,,,,,,0,0,,,,,latent,3,forward,0,0.0
bart,time,42,formal,S_h0,trajectory,,,2,32,32,0,0.0,0,0.0,0,0.0,0,0.0,0,0.0,0,0.0,32,1.0,,,,,,0,0,,,,,latent,4,forward,0,0.0
bart,time,42,formal,S_h0,trajectory,,,2,32,32,0,0.0,0,0.0,0,0.0,0,0.0,0,0.0,0,0.0,32,1.0,,,,,,0,0,,,,,latent,5,forward,0,0.0
bart,time,42,formal,S_h0,trajectory,,,2,32,32,32,1.0,32,1.0,32,1.0,32,1.0,32,1.0,32,1.0,32,1.0,,,,,,32,32,1.0,,,,decode_reencode,1,forward,32,1.0
bart,time,42,formal,S_h0,trajectory,,,2,32,32,0,0.0,0,0.0,32,1.0,0,0.0,32,1.0,32,1.0,32,1.0,,,,,,32,0,0.0,,,,decode_reencode,2,forward,0,0.0
bart,time,42,formal,S_h0,trajectory,,,2,32,32,0,0.0,0,0.0,32,1.0,0,0.0,32,1.0,32,1.0,32,1.0,,,,,,0,0,,,,,decode_reencode,3,forward,0,0.0
bart,time,42,formal,S_h0,trajectory,,,2,32,32,0,0.0,0,0.0,32,1.0,0,0.0,32,1.0,32,1.0,32,1.0,,,,,,0,0,,,,,decode_reencode,4,forward,0,0.0
bart,time,42,formal,S_h0,trajectory,,,2,32,32,0,0.0,0,0.0,32,1.0,0,0.0,32,1.0,32,1.0,32,1.0,,,,,,0,0,,,,,decode_reencode,5,forward,0,0.0
bart,time,42,formal,S_h0,trajectory,,,2,32,32,32,1.0,32,1.0,32,1.0,32,1.0,32,1.0,32,1.0,32,1.0,,,,,,32,32,1.0,,,,gold_reencode,1,forward,32,1.0
bart,time,42,formal,S_h0,trajectory,,,2,32,32,0,0.0,0,0.0,32,1.0,0,0.0,32,1.0,32,1.0,32,1.0,,,,,,32,0,0.0,,,,gold_reencode,2,forward,0,0.0
bart,time,42,formal,S_h0,trajectory,,,2,32,32,0,0.0,0,0.0,32,1.0,0,0.0,32,1.0,32,1.0,32,1.0,,,,,,0,0,,,,,gold_reencode,3,forward,0,0.0
bart,time,42,formal,S_h0,trajectory,,,2,32,32,0,0.0,0,0.0,32,1.0,0,0.0,32,1.0,32,1.0,32,1.0,,,,,,0,0,,,,,gold_reencode,4,forward,0,0.0
bart,time,42,formal,S_h0,trajectory,,,2,32,32,0,0.0,0,0.0,32,1.0,0,0.0,32,1.0,0,0.0,32,1.0,,,,,,0,0,,,,,gold_reencode,5,forward,0,0.0
bart,time,42,formal,S_h0,trajectory,,,2,32,32,15,0.46875,15,0.46875,32,1.0,15,0.46875,32,1.0,21,0.65625,32,1.0,,,,,,32,15,0.46875,,,,latent,1,reverse,15,0.46875
bart,time,42,formal,S_h0,trajectory,,,2,32,32,0,0.0,0,0.0,25,0.78125,0,0.0,25,0.78125,21,0.65625,32,1.0,,,,,,15,0,0.0,,,,latent,2,reverse,0,0.0
bart,time,42,formal,S_h0,trajectory,,,2,32,32,0,0.0,0,0.0,0,0.0,0,0.0,0,0.0,0,0.0,32,1.0,,,,,,0,0,,,,,latent,3,reverse,0,0.0
bart,time,42,formal,S_h0,trajectory,,,2,32,32,0,0.0,0,0.0,0,0.0,0,0.0,0,0.0,0,0.0,32,1.0,,,,,,0,0,,,,,latent,4,reverse,0,0.0
bart,time,42,formal,S_h0,trajectory,,,2,32,32,0,0.0,0,0.0,0,0.0,0,0.0,0,0.0,0,0.0,32,1.0,,,,,,0,0,,,,,latent,5,reverse,0,0.0
bart,time,42,formal,S_h0,trajectory,,,2,32,32,15,0.46875,15,0.46875,32,1.0,15,0.46875,32,1.0,21,0.65625,32,1.0,,,,,,32,15,0.46875,,,,decode_reencode,1,reverse,15,0.46875
bart,time,42,formal,S_h0,trajectory,,,2,32,32,0,0.0,0,0.0,32,1.0,0,0.0,32,1.0,21,0.65625,32,1.0,,,,,,15,0,0.0,,,,decode_reencode,2,reverse,0,0.0
bart,time,42,formal,S_h0,trajectory,,,2,32,32,0,0.0,0,0.0,32,1.0,0,0.0,32,1.0,21,0.65625,32,1.0,,,,,,0,0,,,,,decode_reencode,3,reverse,0,0.0
bart,time,42,formal,S_h0,trajectory,,,2,32,32,0,0.0,0,0.0,32,1.0,0,0.0,32,1.0,21,0.65625,32,1.0,,,,,,0,0,,,,,decode_reencode,4,reverse,0,0.0
bart,time,42,formal,S_h0,trajectory,,,2,32,32,0,0.0,0,0.0,32,1.0,0,0.0,32,1.0,21,0.65625,32,1.0,,,,,,0,0,,,,,decode_reencode,5,reverse,0,0.0
bart,time,42,formal,S_h0,trajectory,,,2,32,32,15,0.46875,15,0.46875,32,1.0,15,0.46875,32,1.0,21,0.65625,32,1.0,,,,,,32,15,0.46875,,,,gold_reencode,1,reverse,15,0.46875
bart,time,42,formal,S_h0,trajectory,,,2,32,32,0,0.0,0,0.0,32,1.0,0,0.0,32,1.0,29,0.90625,32,1.0,,,,,,15,0,0.0,,,,gold_reencode,2,reverse,0,0.0
bart,time,42,formal,S_h0,trajectory,,,2,32,32,0,0.0,0,0.0,32,1.0,0,0.0,32,1.0,28,0.875,32,1.0,,,,,,0,0,,,,,gold_reencode,3,reverse,0,0.0
bart,time,42,formal,S_h0,trajectory,,,2,32,32,0,0.0,0,0.0,32,1.0,0,0.0,32,1.0,32,1.0,32,1.0,,,,,,0,0,,,,,gold_reencode,4,reverse,0,0.0
bart,time,42,formal,S_h0,trajectory,,,2,32,32,0,0.0,0,0.0,32,1.0,0,0.0,32,1.0,30,0.9375,32,1.0,,,,,,0,0,,,,,gold_reencode,5,reverse,0,0.0
bart,time,42,formal,S_h0,trajectory,,,2,32,32,0,0.0,0,0.0,32,1.0,0,0.0,32,1.0,32,1.0,32,1.0,,,,,,32,0,0.0,,,,latent,1,inverse,0,0.0
bart,time,42,formal,S_h0,trajectory,,,2,32,32,0,0.0,0,0.0,30,0.9375,0,0.0,30,0.9375,28,0.875,32,1.0,,,,,,0,0,,,,,latent,2,inverse,0,0.0
bart,time,42,formal,S_h0,trajectory,,,2,32,32,0,0.0,0,0.0,13,0.40625,0,0.0,13,0.40625,2,0.0625,32,1.0,,,,,,0,0,,,,,latent,3,inverse,0,0.0
bart,time,42,formal,S_h0,trajectory,,,2,32,32,0,0.0,0,0.0,0,0.0,0,0.0,0,0.0,0,0.0,32,1.0,,,,,,0,0,,,,,latent,4,inverse,0,0.0
bart,time,42,formal,S_h0,trajectory,,,2,32,32,0,0.0,0,0.0,0,0.0,0,0.0,0,0.0,0,0.0,32,1.0,,,,,,0,0,,,,,latent,5,inverse,0,0.0
bart,time,42,formal,S_h0,trajectory,,,2,32,32,0,0.0,0,0.0,32,1.0,0,0.0,32,1.0,32,1.0,32,1.0,,,,,,32,0,0.0,,,,decode_reencode,1,inverse,0,0.0
bart,time,42,formal,S_h0,trajectory,,,2,32,32,32,1.0,32,1.0,32,1.0,32,1.0,32,1.0,32,1.0,32,1.0,,,,,,0,0,,,,,decode_reencode,2,inverse,0,0.0
bart,time,42,formal,S_h0,trajectory,,,2,32,32,0,0.0,0,0.0,32,1.0,0,0.0,32,1.0,32,1.0,32,1.0,,,,,,32,0,0.0,,,,decode_reencode,3,inverse,0,0.0
bart,time,42,formal,S_h0,trajectory,,,2,32,32,32,1.0,32,1.0,32,1.0,32,1.0,32,1.0,32,1.0,32,1.0,,,,,,0,0,,,,,decode_reencode,4,inverse,0,0.0
bart,time,42,formal,S_h0,trajectory,,,2,32,32,0,0.0,0,0.0,32,1.0,0,0.0,32,1.0,32,1.0,32,1.0,,,,,,32,0,0.0,,,,decode_reencode,5,inverse,0,0.0
bart,time,42,formal,S_h0,trajectory,,,2,32,32,0,0.0,0,0.0,32,1.0,0,0.0,32,1.0,32,1.0,32,1.0,,,,,,32,0,0.0,,,,gold_reencode,1,inverse,0,0.0
bart,time,42,formal,S_h0,trajectory,,,2,32,32,0,0.0,0,0.0,32,1.0,0,0.0,32,1.0,28,0.875,32,1.0,,,,,,0,0,,,,,gold_reencode,2,inverse,0,0.0
bart,time,42,formal,S_h0,trajectory,,,2,32,32,0,0.0,0,0.0,32,1.0,0,0.0,32,1.0,32,1.0,32,1.0,,,,,,0,0,,,,,gold_reencode,3,inverse,0,0.0
bart,time,42,formal,S_h0,trajectory,,,2,32,32,0,0.0,0,0.0,32,1.0,0,0.0,32,1.0,28,0.875,32,1.0,,,,,,0,0,,,,,gold_reencode,4,inverse,0,0.0
bart,time,42,formal,S_h0,trajectory,,,2,32,32,0,0.0,0,0.0,32,1.0,0,0.0,32,1.0,32,1.0,32,1.0,,,,,,0,0,,,,,gold_reencode,5,inverse,0,0.0
bart,time,42,formal,N_h0,atomic,plus,-2,3,32,32,32,1.0,32,1.0,32,1.0,32,1.0,32,1.0,32,1.0,32,1.0,,,,,,,,,,,,,,,,
bart,time,42,formal,N_h0,atomic,plus,-1,3,32,32,32,1.0,32,1.0,32,1.0,32,1.0,32,1.0,32,1.0,32,1.0,,,,,,,,,,,,,,,,
bart,time,42,formal,N_h0,atomic,plus,0,3,32,32,32,1.0,32,1.0,32,1.0,32,1.0,32,1.0,32,1.0,32,1.0,,,,,,,,,,,,,,,,
bart,time,42,formal,N_h0,atomic,plus,1,3,32,32,32,1.0,32,1.0,32,1.0,32,1.0,32,1.0,32,1.0,32,1.0,,,,,,,,,,,,,,,,
bart,time,42,formal,N_h0,atomic,plus,2,3,32,32,32,1.0,32,1.0,32,1.0,32,1.0,32,1.0,32,1.0,32,1.0,,,,,,,,,,,,,,,,
bart,time,42,formal,N_h0,atomic,plus,3,3,32,32,32,1.0,32,1.0,32,1.0,32,1.0,32,1.0,32,1.0,32,1.0,,,,,,,,,,,,,,,,
bart,time,42,formal,N_h0,atomic,plus,-2,4,32,32,32,1.0,32,1.0,32,1.0,32,1.0,32,1.0,32,1.0,32,1.0,,,,,,,,,,,,,,,,
bart,time,42,formal,N_h0,atomic,plus,-1,4,32,32,0,0.0,0,0.0,0,0.0,0,0.0,32,1.0,0,0.0,32,1.0,,,,,,,,,,,,,,,,
bart,time,42,formal,N_h0,atomic,plus,0,4,32,32,32,1.0,32,1.0,32,1.0,32,1.0,32,1.0,32,1.0,32,1.0,,,,,,,,,,,,,,,,
bart,time,42,formal,N_h0,atomic,plus,1,4,32,32,32,1.0,32,1.0,32,1.0,32,1.0,32,1.0,32,1.0,32,1.0,,,,,,,,,,,,,,,,
bart,time,42,formal,N_h0,atomic,plus,2,4,32,32,32,1.0,32,1.0,32,1.0,32,1.0,32,1.0,32,1.0,32,1.0,,,,,,,,,,,,,,,,
bart,time,42,formal,N_h0,atomic,plus,3,4,32,32,32,1.0,32,1.0,32,1.0,32,1.0,32,1.0,32,1.0,32,1.0,,,,,,,,,,,,,,,,
bart,time,42,formal,N_h0,atomic,plus,-2,5,32,32,0,0.0,1,0.03125,0,0.0,0,0.0,32,1.0,32,1.0,32,1.0,,,,,,,,,,,,,,,,
bart,time,42,formal,N_h0,atomic,plus,-1,5,32,32,0,0.0,32,1.0,0,0.0,0,0.0,32,1.0,32,1.0,32,1.0,,,,,,,,,,,,,,,,
bart,time,42,formal,N_h0,atomic,plus,0,5,32,32,0,0.0,30,0.9375,0,0.0,0,0.0,32,1.0,32,1.0,32,1.0,,,,,,,,,,,,,,,,
bart,time,42,formal,N_h0,atomic,plus,1,5,32,32,0,0.0,32,1.0,0,0.0,0,0.0,32,1.0,32,1.0,32,1.0,,,,,,,,,,,,,,,,
bart,time,42,formal,N_h0,atomic,plus,2,5,32,32,0,0.0,32,1.0,0,0.0,0,0.0,32,1.0,32,1.0,32,1.0,,,,,,,,,,,,,,,,
bart,time,42,formal,N_h0,atomic,plus,3,5,32,32,0,0.0,32,1.0,0,0.0,0,0.0,32,1.0,32,1.0,32,1.0,,,,,,,,,,,,,,,,
bart,time,42,formal,N_h0,atomic,minus,-3,3,32,32,32,1.0,32,1.0,32,1.0,32,1.0,32,1.0,32,1.0,32,1.0,,,,,,,,,,,,,,,,
bart,time,42,formal,N_h0,atomic,minus,-2,3,32,32,32,1.0,32,1.0,32,1.0,32,1.0,32,1.0,32,1.0,32,1.0,,,,,,,,,,,,,,,,
bart,time,42,formal,N_h0,atomic,minus,-1,3,32,32,32,1.0,32,1.0,32,1.0,32,1.0,32,1.0,32,1.0,32,1.0,,,,,,,,,,,,,,,,
bart,time,42,formal,N_h0,atomic,minus,0,3,32,32,32,1.0,32,1.0,32,1.0,32,1.0,32,1.0,32,1.0,32,1.0,,,,,,,,,,,,,,,,
bart,time,42,formal,N_h0,atomic,minus,1,3,32,32,32,1.0,32,1.0,32,1.0,32,1.0,32,1.0,32,1.0,32,1.0,,,,,,,,,,,,,,,,
bart,time,42,formal,N_h0,atomic,minus,2,3,32,32,32,1.0,32,1.0,32,1.0,32,1.0,32,1.0,32,1.0,32,1.0,,,,,,,,,,,,,,,,
bart,time,42,formal,N_h0,atomic,minus,-3,4,32,32,32,1.0,32,1.0,32,1.0,32,1.0,32,1.0,32,1.0,32,1.0,,,,,,,,,,,,,,,,
bart,time,42,formal,N_h0,atomic,minus,-2,4,32,32,32,1.0,32,1.0,32,1.0,32,1.0,32,1.0,32,1.0,32,1.0,,,,,,,,,,,,,,,,
bart,time,42,formal,N_h0,atomic,minus,-1,4,32,32,28,0.875,32,1.0,28,0.875,28,0.875,32,1.0,32,1.0,32,1.0,,,,,,,,,,,,,,,,
bart,time,42,formal,N_h0,atomic,minus,0,4,32,32,28,0.875,32,1.0,28,0.875,28,0.875,32,1.0,32,1.0,32,1.0,,,,,,,,,,,,,,,,
bart,time,42,formal,N_h0,atomic,minus,1,4,32,32,28,0.875,32,1.0,28,0.875,28,0.875,32,1.0,32,1.0,32,1.0,,,,,,,,,,,,,,,,
bart,time,42,formal,N_h0,atomic,minus,2,4,32,32,0,0.0,32,1.0,0,0.0,0,0.0,32,1.0,32,1.0,32,1.0,,,,,,,,,,,,,,,,
bart,time,42,formal,N_h0,atomic,minus,-3,5,32,32,0,0.0,32,1.0,0,0.0,0,0.0,32,1.0,32,1.0,32,1.0,,,,,,,,,,,,,,,,
bart,time,42,formal,N_h0,atomic,minus,-2,5,32,32,0,0.0,32,1.0,0,0.0,0,0.0,32,1.0,32,1.0,32,1.0,,,,,,,,,,,,,,,,
bart,time,42,formal,N_h0,atomic,minus,-1,5,32,32,0,0.0,32,1.0,0,0.0,0,0.0,32,1.0,32,1.0,32,1.0,,,,,,,,,,,,,,,,
bart,time,42,formal,N_h0,atomic,minus,0,5,32,32,0,0.0,32,1.0,0,0.0,0,0.0,32,1.0,32,1.0,32,1.0,,,,,,,,,,,,,,,,
bart,time,42,formal,N_h0,atomic,minus,1,5,32,32,0,0.0,32,1.0,0,0.0,0,0.0,32,1.0,32,1.0,32,1.0,,,,,,,,,,,,,,,,
bart,time,42,formal,N_h0,atomic,minus,2,5,32,32,0,0.0,32,1.0,0,0.0,0,0.0,32,1.0,32,1.0,32,1.0,,,,,,,,,,,,,,,,
bart,time,42,formal,N_h0,atomic,plus,-2,0,32,32,32,1.0,32,1.0,32,1.0,32,1.0,32,1.0,32,1.0,32,1.0,,,,,,,,,,,,,,,,
bart,time,42,formal,N_h0,atomic,plus,-1,0,32,32,32,1.0,32,1.0,32,1.0,32,1.0,32,1.0,32,1.0,32,1.0,,,,,,,,,,,,,,,,
bart,time,42,formal,N_h0,atomic,plus,0,0,32,32,32,1.0,32,1.0,32,1.0,32,1.0,32,1.0,32,1.0,32,1.0,,,,,,,,,,,,,,,,
bart,time,42,formal,N_h0,atomic,plus,1,0,32,32,32,1.0,32,1.0,32,1.0,32,1.0,32,1.0,32,1.0,32,1.0,,,,,,,,,,,,,,,,
bart,time,42,formal,N_h0,atomic,plus,2,0,32,32,32,1.0,32,1.0,32,1.0,32,1.0,32,1.0,32,1.0,32,1.0,,,,,,,,,,,,,,,,
bart,time,42,formal,N_h0,atomic,plus,3,0,32,32,32,1.0,32,1.0,32,1.0,32,1.0,32,1.0,32,1.0,32,1.0,,,,,,,,,,,,,,,,
bart,time,42,formal,N_h0,atomic,plus,-2,1,32,32,32,1.0,32,1.0,32,1.0,32,1.0,32,1.0,32,1.0,32,1.0,,,,,,,,,,,,,,,,
bart,time,42,formal,N_h0,atomic,plus,-1,1,32,32,32,1.0,32,1.0,32,1.0,32,1.0,32,1.0,32,1.0,32,1.0,,,,,,,,,,,,,,,,
bart,time,42,formal,N_h0,atomic,plus,0,1,32,32,32,1.0,32,1.0,32,1.0,32,1.0,32,1.0,32,1.0,32,1.0,,,,,,,,,,,,,,,,
bart,time,42,formal,N_h0,atomic,plus,1,1,32,32,32,1.0,32,1.0,32,1.0,32,1.0,32,1.0,32,1.0,32,1.0,,,,,,,,,,,,,,,,
bart,time,42,formal,N_h0,atomic,plus,2,1,32,32,32,1.0,32,1.0,32,1.0,32,1.0,32,1.0,32,1.0,32,1.0,,,,,,,,,,,,,,,,
bart,time,42,formal,N_h0,atomic,plus,3,1,32,32,32,1.0,32,1.0,32,1.0,32,1.0,32,1.0,32,1.0,32,1.0,,,,,,,,,,,,,,,,
bart,time,42,formal,N_h0,atomic,minus,-3,0,32,32,32,1.0,32,1.0,32,1.0,32,1.0,32,1.0,32,1.0,32,1.0,,,,,,,,,,,,,,,,
bart,time,42,formal,N_h0,atomic,minus,-2,0,32,32,32,1.0,32,1.0,32,1.0,32,1.0,32,1.0,32,1.0,32,1.0,,,,,,,,,,,,,,,,
bart,time,42,formal,N_h0,atomic,minus,-1,0,32,32,32,1.0,32,1.0,32,1.0,32,1.0,32,1.0,32,1.0,32,1.0,,,,,,,,,,,,,,,,
bart,time,42,formal,N_h0,atomic,minus,0,0,32,32,32,1.0,32,1.0,32,1.0,32,1.0,32,1.0,32,1.0,32,1.0,,,,,,,,,,,,,,,,
bart,time,42,formal,N_h0,atomic,minus,1,0,32,32,32,1.0,32,1.0,32,1.0,32,1.0,32,1.0,32,1.0,32,1.0,,,,,,,,,,,,,,,,
bart,time,42,formal,N_h0,atomic,minus,2,0,32,32,32,1.0,32,1.0,32,1.0,32,1.0,32,1.0,32,1.0,32,1.0,,,,,,,,,,,,,,,,
bart,time,42,formal,N_h0,atomic,minus,-3,1,32,32,32,1.0,32,1.0,32,1.0,32,1.0,32,1.0,32,1.0,32,1.0,,,,,,,,,,,,,,,,
bart,time,42,formal,N_h0,atomic,minus,-2,1,32,32,32,1.0,32,1.0,32,1.0,32,1.0,32,1.0,32,1.0,32,1.0,,,,,,,,,,,,,,,,
bart,time,42,formal,N_h0,atomic,minus,-1,1,32,32,32,1.0,32,1.0,32,1.0,32,1.0,32,1.0,32,1.0,32,1.0,,,,,,,,,,,,,,,,
bart,time,42,formal,N_h0,atomic,minus,0,1,32,32,32,1.0,32,1.0,32,1.0,32,1.0,32,1.0,32,1.0,32,1.0,,,,,,,,,,,,,,,,
bart,time,42,formal,N_h0,atomic,minus,1,1,32,32,32,1.0,32,1.0,32,1.0,32,1.0,32,1.0,32,1.0,32,1.0,,,,,,,,,,,,,,,,
bart,time,42,formal,N_h0,atomic,minus,2,1,32,32,32,1.0,32,1.0,32,1.0,32,1.0,32,1.0,32,1.0,32,1.0,,,,,,,,,,,,,,,,
bart,time,42,formal,N_h0,atomic,plus,-2,2,32,32,31,0.96875,31,0.96875,32,1.0,31,0.96875,32,1.0,31,0.96875,32,1.0,,,,,,,,,,,,,,,,
bart,time,42,formal,N_h0,atomic,plus,-1,2,32,32,9,0.28125,9,0.28125,32,1.0,9,0.28125,32,1.0,32,1.0,32,1.0,,,,,,,,,,,,,,,,
bart,time,42,formal,N_h0,atomic,plus,0,2,32,32,0,0.0,0,0.0,32,1.0,0,0.0,32,1.0,32,1.0,32,1.0,,,,,,,,,,,,,,,,
bart,time,42,formal,N_h0,atomic,plus,1,2,32,32,0,0.0,0,0.0,32,1.0,0,0.0,32,1.0,32,1.0,32,1.0,,,,,,,,,,,,,,,,
bart,time,42,formal,N_h0,atomic,plus,2,2,32,32,0,0.0,0,0.0,32,1.0,0,0.0,32,1.0,20,0.625,32,1.0,,,,,,,,,,,,,,,,
bart,time,42,formal,N_h0,atomic,plus,3,2,32,32,32,1.0,32,1.0,32,1.0,32,1.0,32,1.0,32,1.0,32,1.0,,,,,,,,,,,,,,,,
bart,time,42,formal,N_h0,atomic,minus,-3,2,32,32,12,0.375,12,0.375,32,1.0,12,0.375,32,1.0,32,1.0,32,1.0,,,,,,,,,,,,,,,,
bart,time,42,formal,N_h0,atomic,minus,-2,2,32,32,0,0.0,0,0.0,32,1.0,0,0.0,32,1.0,32,1.0,32,1.0,,,,,,,,,,,,,,,,
bart,time,42,formal,N_h0,atomic,minus,-1,2,32,32,0,0.0,0,0.0,32,1.0,0,0.0,32,1.0,32,1.0,32,1.0,,,,,,,,,,,,,,,,
bart,time,42,formal,N_h0,atomic,minus,0,2,32,32,0,0.0,0,0.0,32,1.0,0,0.0,32,1.0,32,1.0,32,1.0,,,,,,,,,,,,,,,,
bart,time,42,formal,N_h0,atomic,minus,1,2,32,32,0,0.0,0,0.0,32,1.0,0,0.0,32,1.0,32,1.0,32,1.0,,,,,,,,,,,,,,,,
bart,time,42,formal,N_h0,atomic,minus,2,2,32,32,32,1.0,32,1.0,32,1.0,32,1.0,32,1.0,32,1.0,32,1.0,,,,,,,,,,,,,,,,
bart,time,42,formal,N_h0,source_matrix,plus,-2,0,32,32,0,0.0,0,0.0,0,0.0,0,0.0,0,0.0,0,0.0,32,1.0,0,P,False,32,1.0,32,0,0.0,32,0,0.0,,,,,
bart,time,42,formal,N_h0,source_matrix,plus,-1,0,32,32,0,0.0,0,0.0,0,0.0,0,0.0,0,0.0,0,0.0,32,1.0,0,P,False,32,1.0,32,0,0.0,32,0,0.0,,,,,
bart,time,42,formal,N_h0,source_matrix,plus,0,0,32,32,0,0.0,0,0.0,0,0.0,0,0.0,0,0.0,0,0.0,32,1.0,0,P,False,32,1.0,32,0,0.0,32,0,0.0,,,,,
bart,time,42,formal,N_h0,source_matrix,plus,1,0,32,32,0,0.0,0,0.0,0,0.0,0,0.0,0,0.0,0,0.0,32,1.0,0,P,False,32,1.0,32,0,0.0,32,0,0.0,,,,,
bart,time,42,formal,N_h0,source_matrix,plus,2,0,32,32,0,0.0,0,0.0,0,0.0,0,0.0,0,0.0,0,0.0,32,1.0,0,P,True,32,1.0,32,0,0.0,32,0,0.0,,,,,
bart,time,42,formal,N_h0,source_matrix,plus,3,0,32,32,0,0.0,0,0.0,0,0.0,0,0.0,0,0.0,0,0.0,32,1.0,0,P,False,32,1.0,32,0,0.0,32,0,0.0,,,,,
bart,time,42,formal,N_h0,source_matrix,minus,-3,0,32,32,0,0.0,0,0.0,0,0.0,0,0.0,0,0.0,0,0.0,32,1.0,0,P,False,32,1.0,32,0,0.0,32,0,0.0,,,,,
bart,time,42,formal,N_h0,source_matrix,minus,-2,0,32,32,0,0.0,0,0.0,0,0.0,0,0.0,0,0.0,0,0.0,32,1.0,0,P,False,32,1.0,32,0,0.0,32,0,0.0,,,,,
bart,time,42,formal,N_h0,source_matrix,minus,-1,0,32,32,0,0.0,0,0.0,0,0.0,0,0.0,0,0.0,0,0.0,32,1.0,0,P,False,32,1.0,32,0,0.0,32,0,0.0,,,,,
bart,time,42,formal,N_h0,source_matrix,minus,0,0,32,32,0,0.0,0,0.0,0,0.0,0,0.0,0,0.0,0,0.0,32,1.0,0,P,False,32,1.0,32,0,0.0,32,0,0.0,,,,,
bart,time,42,formal,N_h0,source_matrix,minus,1,0,32,32,0,0.0,0,0.0,0,0.0,0,0.0,0,0.0,0,0.0,32,1.0,0,P,False,32,1.0,32,0,0.0,32,0,0.0,,,,,
bart,time,42,formal,N_h0,source_matrix,minus,2,0,32,32,0,0.0,0,0.0,0,0.0,0,0.0,0,0.0,0,0.0,32,1.0,0,P,True,32,1.0,32,0,0.0,32,0,0.0,,,,,
bart,time,42,formal,N_h0,source_matrix,plus,-2,0,32,32,0,0.0,0,0.0,0,0.0,0,0.0,0,0.0,0,0.0,32,1.0,0,Q,False,32,1.0,32,0,0.0,32,0,0.0,,,,,
bart,time,42,formal,N_h0,source_matrix,plus,-1,0,32,32,0,0.0,0,0.0,0,0.0,0,0.0,0,0.0,0,0.0,32,1.0,0,Q,False,32,1.0,32,0,0.0,32,0,0.0,,,,,
bart,time,42,formal,N_h0,source_matrix,plus,0,0,32,32,0,0.0,0,0.0,0,0.0,0,0.0,0,0.0,0,0.0,32,1.0,0,Q,False,32,1.0,32,0,0.0,32,0,0.0,,,,,
bart,time,42,formal,N_h0,source_matrix,plus,1,0,32,32,0,0.0,0,0.0,0,0.0,0,0.0,0,0.0,0,0.0,32,1.0,0,Q,False,32,1.0,32,0,0.0,32,0,0.0,,,,,
bart,time,42,formal,N_h0,source_matrix,plus,2,0,32,32,0,0.0,0,0.0,0,0.0,0,0.0,0,0.0,0,0.0,32,1.0,0,Q,True,32,1.0,32,0,0.0,32,0,0.0,,,,,
bart,time,42,formal,N_h0,source_matrix,plus,3,0,32,32,1,0.03125,1,0.03125,1,0.03125,1,0.03125,1,0.03125,1,0.03125,32,1.0,0,Q,False,32,1.0,32,1,0.03125,32,1,0.03125,,,,,
bart,time,42,formal,N_h0,source_matrix,minus,-3,0,32,32,0,0.0,0,0.0,0,0.0,0,0.0,0,0.0,0,0.0,32,1.0,0,Q,False,32,1.0,32,0,0.0,32,0,0.0,,,,,
bart,time,42,formal,N_h0,source_matrix,minus,-2,0,32,32,0,0.0,0,0.0,0,0.0,0,0.0,0,0.0,0,0.0,32,1.0,0,Q,False,32,1.0,32,0,0.0,32,0,0.0,,,,,
bart,time,42,formal,N_h0,source_matrix,minus,-1,0,32,32,0,0.0,0,0.0,0,0.0,0,0.0,0,0.0,0,0.0,32,1.0,0,Q,False,32,1.0,32,0,0.0,32,0,0.0,,,,,
bart,time,42,formal,N_h0,source_matrix,minus,0,0,32,32,0,0.0,0,0.0,0,0.0,0,0.0,0,0.0,0,0.0,32,1.0,0,Q,False,32,1.0,32,0,0.0,32,0,0.0,,,,,
bart,time,42,formal,N_h0,source_matrix,minus,1,0,32,32,0,0.0,0,0.0,0,0.0,0,0.0,0,0.0,0,0.0,32,1.0,0,Q,False,32,1.0,32,0,0.0,32,0,0.0,,,,,
bart,time,42,formal,N_h0,source_matrix,minus,2,0,32,32,0,0.0,0,0.0,0,0.0,0,0.0,0,0.0,0,0.0,32,1.0,0,Q,True,32,1.0,32,0,0.0,32,0,0.0,,,,,
bart,time,42,formal,N_h0,source_matrix,plus,-2,0,32,32,0,0.0,0,0.0,0,0.0,0,0.0,0,0.0,0,0.0,32,1.0,0,U,False,32,1.0,32,0,0.0,32,0,0.0,,,,,
bart,time,42,formal,N_h0,source_matrix,plus,-1,0,32,32,0,0.0,0,0.0,0,0.0,0,0.0,0,0.0,0,0.0,32,1.0,0,U,False,32,1.0,32,0,0.0,32,0,0.0,,,,,
bart,time,42,formal,N_h0,source_matrix,plus,0,0,32,32,0,0.0,0,0.0,0,0.0,0,0.0,0,0.0,0,0.0,32,1.0,0,U,False,32,1.0,32,0,0.0,32,0,0.0,,,,,
bart,time,42,formal,N_h0,source_matrix,plus,1,0,32,32,0,0.0,0,0.0,0,0.0,0,0.0,0,0.0,0,0.0,32,1.0,0,U,False,32,1.0,32,0,0.0,32,0,0.0,,,,,
bart,time,42,formal,N_h0,source_matrix,plus,2,0,32,32,0,0.0,0,0.0,0,0.0,0,0.0,0,0.0,0,0.0,31,0.96875,0,U,True,32,1.0,32,0,0.0,32,0,0.0,,,,,
bart,time,42,formal,N_h0,source_matrix,plus,3,0,32,32,0,0.0,0,0.0,0,0.0,0,0.0,0,0.0,0,0.0,32,1.0,0,U,False,32,1.0,32,0,0.0,32,0,0.0,,,,,
bart,time,42,formal,N_h0,source_matrix,minus,-3,0,32,32,0,0.0,0,0.0,0,0.0,0,0.0,0,0.0,0,0.0,32,1.0,0,U,False,32,1.0,32,0,0.0,32,0,0.0,,,,,
bart,time,42,formal,N_h0,source_matrix,minus,-2,0,32,32,0,0.0,0,0.0,0,0.0,0,0.0,0,0.0,0,0.0,32,1.0,0,U,False,32,1.0,32,0,0.0,32,0,0.0,,,,,
bart,time,42,formal,N_h0,source_matrix,minus,-1,0,32,32,0,0.0,0,0.0,0,0.0,0,0.0,0,0.0,0,0.0,32,1.0,0,U,False,32,1.0,32,0,0.0,32,0,0.0,,,,,
bart,time,42,formal,N_h0,source_matrix,minus,0,0,32,32,0,0.0,0,0.0,0,0.0,0,0.0,0,0.0,0,0.0,32,1.0,0,U,False,32,1.0,32,0,0.0,32,0,0.0,,,,,
bart,time,42,formal,N_h0,source_matrix,minus,1,0,32,32,0,0.0,0,0.0,0,0.0,0,0.0,0,0.0,0,0.0,32,1.0,0,U,False,32,1.0,32,0,0.0,32,0,0.0,,,,,
bart,time,42,formal,N_h0,source_matrix,minus,2,0,32,32,0,0.0,0,0.0,0,0.0,0,0.0,0,0.0,0,0.0,32,1.0,0,U,True,32,1.0,32,0,0.0,32,0,0.0,,,,,
bart,time,42,formal,N_h0,source_matrix,plus,-2,2,32,32,0,0.0,0,0.0,0,0.0,0,0.0,0,0.0,0,0.0,32,1.0,0,P,False,0,0.0,0,0,,0,0,,,,,,
bart,time,42,formal,N_h0,source_matrix,plus,-1,2,32,32,0,0.0,0,0.0,0,0.0,0,0.0,0,0.0,0,0.0,32,1.0,0,P,False,0,0.0,0,0,,0,0,,,,,,
bart,time,42,formal,N_h0,source_matrix,plus,0,2,32,32,0,0.0,0,0.0,0,0.0,0,0.0,0,0.0,0,0.0,32,1.0,0,P,False,0,0.0,0,0,,0,0,,,,,,
bart,time,42,formal,N_h0,source_matrix,plus,1,2,32,32,0,0.0,0,0.0,0,0.0,0,0.0,0,0.0,0,0.0,32,1.0,0,P,False,0,0.0,0,0,,0,0,,,,,,
bart,time,42,formal,N_h0,source_matrix,plus,2,2,32,32,0,0.0,0,0.0,0,0.0,0,0.0,0,0.0,0,0.0,32,1.0,0,P,True,32,1.0,32,0,0.0,32,0,0.0,,,,,
bart,time,42,formal,N_h0,source_matrix,plus,3,2,32,32,0,0.0,0,0.0,1,0.03125,0,0.0,1,0.03125,0,0.0,32,1.0,0,P,False,32,1.0,32,0,0.0,32,0,0.0,,,,,
bart,time,42,formal,N_h0,source_matrix,minus,-3,2,32,32,0,0.0,0,0.0,0,0.0,0,0.0,0,0.0,0,0.0,32,1.0,0,P,False,0,0.0,0,0,,0,0,,,,,,
bart,time,42,formal,N_h0,source_matrix,minus,-2,2,32,32,0,0.0,0,0.0,0,0.0,0,0.0,0,0.0,0,0.0,32,1.0,0,P,False,0,0.0,0,0,,0,0,,,,,,
bart,time,42,formal,N_h0,source_matrix,minus,-1,2,32,32,0,0.0,0,0.0,0,0.0,0,0.0,0,0.0,0,0.0,32,1.0,0,P,False,0,0.0,0,0,,0,0,,,,,,
bart,time,42,formal,N_h0,source_matrix,minus,0,2,32,32,0,0.0,0,0.0,0,0.0,0,0.0,0,0.0,0,0.0,32,1.0,0,P,False,0,0.0,0,0,,0,0,,,,,,
bart,time,42,formal,N_h0,source_matrix,minus,1,2,32,32,0,0.0,0,0.0,0,0.0,0,0.0,0,0.0,0,0.0,32,1.0,0,P,False,0,0.0,0,0,,0,0,,,,,,
bart,time,42,formal,N_h0,source_matrix,minus,2,2,32,32,0,0.0,0,0.0,0,0.0,0,0.0,0,0.0,0,0.0,32,1.0,0,P,True,32,1.0,32,0,0.0,32,0,0.0,,,,,
bart,time,42,formal,N_h0,source_matrix,plus,-2,2,32,32,0,0.0,0,0.0,0,0.0,0,0.0,0,0.0,0,0.0,32,1.0,0,Q,False,0,0.0,0,0,,0,0,,,,,,
bart,time,42,formal,N_h0,source_matrix,plus,-1,2,32,32,0,0.0,0,0.0,0,0.0,0,0.0,0,0.0,0,0.0,32,1.0,0,Q,False,0,0.0,0,0,,0,0,,,,,,
bart,time,42,formal,N_h0,source_matrix,plus,0,2,32,32,0,0.0,0,0.0,0,0.0,0,0.0,0,0.0,0,0.0,32,1.0,0,Q,False,0,0.0,0,0,,0,0,,,,,,
bart,time,42,formal,N_h0,source_matrix,plus,1,2,32,32,0,0.0,0,0.0,0,0.0,0,0.0,0,0.0,0,0.0,32,1.0,0,Q,False,0,0.0,0,0,,0,0,,,,,,
bart,time,42,formal,N_h0,source_matrix,plus,2,2,32,32,0,0.0,0,0.0,0,0.0,0,0.0,0,0.0,0,0.0,32,1.0,0,Q,True,32,1.0,32,0,0.0,32,0,0.0,,,,,
bart,time,42,formal,N_h0,source_matrix,plus,3,2,32,32,0,0.0,0,0.0,14,0.4375,0,0.0,15,0.46875,15,0.46875,32,1.0,0,Q,False,32,1.0,32,0,0.0,32,0,0.0,,,,,
bart,time,42,formal,N_h0,source_matrix,minus,-3,2,32,32,0,0.0,0,0.0,0,0.0,0,0.0,0,0.0,0,0.0,32,1.0,0,Q,False,3,0.09375,3,0,0.0,0,0,,,,,,
bart,time,42,formal,N_h0,source_matrix,minus,-2,2,32,32,0,0.0,0,0.0,0,0.0,0,0.0,0,0.0,0,0.0,32,1.0,0,Q,False,0,0.0,0,0,,0,0,,,,,,
bart,time,42,formal,N_h0,source_matrix,minus,-1,2,32,32,0,0.0,0,0.0,0,0.0,0,0.0,0,0.0,0,0.0,32,1.0,0,Q,False,0,0.0,0,0,,0,0,,,,,,
bart,time,42,formal,N_h0,source_matrix,minus,0,2,32,32,0,0.0,0,0.0,0,0.0,0,0.0,0,0.0,0,0.0,32,1.0,0,Q,False,0,0.0,0,0,,0,0,,,,,,
bart,time,42,formal,N_h0,source_matrix,minus,1,2,32,32,0,0.0,0,0.0,0,0.0,0,0.0,0,0.0,0,0.0,32,1.0,0,Q,False,0,0.0,0,0,,0,0,,,,,,
bart,time,42,formal,N_h0,source_matrix,minus,2,2,32,32,0,0.0,0,0.0,0,0.0,0,0.0,0,0.0,0,0.0,32,1.0,0,Q,True,32,1.0,32,0,0.0,32,0,0.0,,,,,
bart,time,42,formal,N_h0,source_matrix,plus,-2,2,32,32,0,0.0,0,0.0,0,0.0,0,0.0,0,0.0,0,0.0,32,1.0,0,U,False,0,0.0,0,0,,0,0,,,,,,
bart,time,42,formal,N_h0,source_matrix,plus,-1,2,32,32,0,0.0,0,0.0,0,0.0,0,0.0,0,0.0,0,0.0,32,1.0,0,U,False,0,0.0,0,0,,0,0,,,,,,
bart,time,42,formal,N_h0,source_matrix,plus,0,2,32,32,0,0.0,0,0.0,0,0.0,0,0.0,0,0.0,0,0.0,32,1.0,0,U,False,0,0.0,0,0,,0,0,,,,,,
bart,time,42,formal,N_h0,source_matrix,plus,1,2,32,32,0,0.0,0,0.0,0,0.0,0,0.0,0,0.0,0,0.0,32,1.0,0,U,False,0,0.0,0,0,,0,0,,,,,,
bart,time,42,formal,N_h0,source_matrix,plus,2,2,32,32,0,0.0,0,0.0,0,0.0,0,0.0,0,0.0,0,0.0,32,1.0,0,U,True,32,1.0,32,0,0.0,32,0,0.0,,,,,
bart,time,42,formal,N_h0,source_matrix,plus,3,2,32,32,0,0.0,0,0.0,0,0.0,0,0.0,0,0.0,0,0.0,32,1.0,0,U,False,32,1.0,32,0,0.0,32,0,0.0,,,,,
bart,time,42,formal,N_h0,source_matrix,minus,-3,2,32,32,0,0.0,0,0.0,0,0.0,0,0.0,0,0.0,0,0.0,32,1.0,0,U,False,32,1.0,32,0,0.0,0,0,,,,,,
bart,time,42,formal,N_h0,source_matrix,minus,-2,2,32,32,0,0.0,0,0.0,0,0.0,0,0.0,0,0.0,0,0.0,32,1.0,0,U,False,0,0.0,0,0,,0,0,,,,,,
bart,time,42,formal,N_h0,source_matrix,minus,-1,2,32,32,0,0.0,0,0.0,0,0.0,0,0.0,0,0.0,0,0.0,32,1.0,0,U,False,0,0.0,0,0,,0,0,,,,,,
bart,time,42,formal,N_h0,source_matrix,minus,0,2,32,32,0,0.0,0,0.0,0,0.0,0,0.0,0,0.0,0,0.0,32,1.0,0,U,False,0,0.0,0,0,,0,0,,,,,,
bart,time,42,formal,N_h0,source_matrix,minus,1,2,32,32,0,0.0,0,0.0,0,0.0,0,0.0,0,0.0,0,0.0,32,1.0,0,U,False,0,0.0,0,0,,0,0,,,,,,
bart,time,42,formal,N_h0,source_matrix,minus,2,2,32,32,0,0.0,0,0.0,0,0.0,0,0.0,0,0.0,0,0.0,32,1.0,0,U,True,32,1.0,32,0,0.0,32,0,0.0,,,,,
bart,time,42,formal,N_h0,trajectory,,,0,32,32,32,1.0,32,1.0,32,1.0,32,1.0,32,1.0,32,1.0,32,1.0,,,,,,32,32,1.0,,,,latent,1,forward,32,1.0
bart,time,42,formal,N_h0,trajectory,,,0,32,32,0,0.0,0,0.0,0,0.0,0,0.0,0,0.0,0,0.0,32,1.0,,,,,,32,0,0.0,,,,latent,2,forward,0,0.0
bart,time,42,formal,N_h0,trajectory,,,0,32,32,0,0.0,0,0.0,0,0.0,0,0.0,0,0.0,0,0.0,2,0.0625,,,,,,0,0,,,,,latent,3,forward,0,0.0
bart,time,42,formal,N_h0,trajectory,,,0,32,32,0,0.0,0,0.0,0,0.0,0,0.0,0,0.0,0,0.0,0,0.0,,,,,,0,0,,,,,latent,4,forward,0,0.0
bart,time,42,formal,N_h0,trajectory,,,0,32,32,0,0.0,0,0.0,0,0.0,0,0.0,0,0.0,0,0.0,0,0.0,,,,,,0,0,,,,,latent,5,forward,0,0.0
bart,time,42,formal,N_h0,trajectory,,,0,32,32,32,1.0,32,1.0,32,1.0,32,1.0,32,1.0,32,1.0,32,1.0,,,,,,32,32,1.0,,,,decode_reencode,1,forward,32,1.0
bart,time,42,formal,N_h0,trajectory,,,0,32,32,32,1.0,32,1.0,32,1.0,32,1.0,32,1.0,32,1.0,32,1.0,,,,,,32,32,1.0,,,,decode_reencode,2,forward,32,1.0
bart,time,42,formal,N_h0,trajectory,,,0,32,32,32,1.0,32,1.0,32,1.0,32,1.0,32,1.0,32,1.0,32,1.0,,,,,,32,32,1.0,,,,decode_reencode,3,forward,32,1.0
bart,time,42,formal,N_h0,trajectory,,,0,32,32,32,1.0,32,1.0,32,1.0,32,1.0,32,1.0,32,1.0,32,1.0,,,,,,32,32,1.0,,,,decode_reencode,4,forward,32,1.0
bart,time,42,formal,N_h0,trajectory,,,0,32,32,32,1.0,32,1.0,32,1.0,32,1.0,32,1.0,32,1.0,32,1.0,,,,,,32,32,1.0,,,,decode_reencode,5,forward,32,1.0
bart,time,42,formal,N_h0,trajectory,,,0,32,32,32,1.0,32,1.0,32,1.0,32,1.0,32,1.0,32,1.0,32,1.0,,,,,,32,32,1.0,,,,gold_reencode,1,forward,32,1.0
bart,time,42,formal,N_h0,trajectory,,,0,32,32,32,1.0,32,1.0,32,1.0,32,1.0,32,1.0,32,1.0,32,1.0,,,,,,32,32,1.0,,,,gold_reencode,2,forward,32,1.0
bart,time,42,formal,N_h0,trajectory,,,0,32,32,32,1.0,32,1.0,32,1.0,32,1.0,32,1.0,32,1.0,32,1.0,,,,,,32,32,1.0,,,,gold_reencode,3,forward,32,1.0
bart,time,42,formal,N_h0,trajectory,,,0,32,32,32,1.0,32,1.0,32,1.0,32,1.0,32,1.0,32,1.0,32,1.0,,,,,,32,32,1.0,,,,gold_reencode,4,forward,32,1.0
bart,time,42,formal,N_h0,trajectory,,,0,32,32,32,1.0,32,1.0,32,1.0,32,1.0,32,1.0,32,1.0,32,1.0,,,,,,32,32,1.0,,,,gold_reencode,5,forward,32,1.0
bart,time,42,formal,N_h0,trajectory,,,0,32,32,32,1.0,32,1.0,32,1.0,32,1.0,32,1.0,32,1.0,32,1.0,,,,,,32,32,1.0,,,,latent,1,reverse,32,1.0
bart,time,42,formal,N_h0,trajectory,,,0,32,32,0,0.0,0,0.0,0,0.0,0,0.0,0,0.0,0,0.0,32,1.0,,,,,,32,0,0.0,,,,latent,2,reverse,0,0.0
bart,time,42,formal,N_h0,trajectory,,,0,32,32,0,0.0,0,0.0,0,0.0,0,0.0,0,0.0,0,0.0,32,1.0,,,,,,0,0,,,,,latent,3,reverse,0,0.0
bart,time,42,formal,N_h0,trajectory,,,0,32,32,0,0.0,0,0.0,0,0.0,0,0.0,0,0.0,0,0.0,23,0.71875,,,,,,0,0,,,,,latent,4,reverse,0,0.0
bart,time,42,formal,N_h0,trajectory,,,0,32,32,0,0.0,0,0.0,0,0.0,0,0.0,0,0.0,0,0.0,0,0.0,,,,,,0,0,,,,,latent,5,reverse,0,0.0
bart,time,42,formal,N_h0,trajectory,,,0,32,32,32,1.0,32,1.0,32,1.0,32,1.0,32,1.0,32,1.0,32,1.0,,,,,,32,32,1.0,,,,decode_reencode,1,reverse,32,1.0
bart,time,42,formal,N_h0,trajectory,,,0,32,32,32,1.0,32,1.0,32,1.0,32,1.0,32,1.0,32,1.0,32,1.0,,,,,,32,32,1.0,,,,decode_reencode,2,reverse,32,1.0
bart,time,42,formal,N_h0,trajectory,,,0,32,32,32,1.0,32,1.0,32,1.0,32,1.0,32,1.0,32,1.0,32,1.0,,,,,,32,32,1.0,,,,decode_reencode,3,reverse,32,1.0
bart,time,42,formal,N_h0,trajectory,,,0,32,32,32,1.0,32,1.0,32,1.0,32,1.0,32,1.0,32,1.0,32,1.0,,,,,,32,32,1.0,,,,decode_reencode,4,reverse,32,1.0
bart,time,42,formal,N_h0,trajectory,,,0,32,32,32,1.0,32,1.0,32,1.0,32,1.0,32,1.0,32,1.0,32,1.0,,,,,,32,32,1.0,,,,decode_reencode,5,reverse,32,1.0
bart,time,42,formal,N_h0,trajectory,,,0,32,32,32,1.0,32,1.0,32,1.0,32,1.0,32,1.0,32,1.0,32,1.0,,,,,,32,32,1.0,,,,gold_reencode,1,reverse,32,1.0
bart,time,42,formal,N_h0,trajectory,,,0,32,32,32,1.0,32,1.0,32,1.0,32,1.0,32,1.0,32,1.0,32,1.0,,,,,,32,32,1.0,,,,gold_reencode,2,reverse,32,1.0
bart,time,42,formal,N_h0,trajectory,,,0,32,32,32,1.0,32,1.0,32,1.0,32,1.0,32,1.0,32,1.0,32,1.0,,,,,,32,32,1.0,,,,gold_reencode,3,reverse,32,1.0
bart,time,42,formal,N_h0,trajectory,,,0,32,32,32,1.0,32,1.0,32,1.0,32,1.0,32,1.0,32,1.0,32,1.0,,,,,,32,32,1.0,,,,gold_reencode,4,reverse,32,1.0
bart,time,42,formal,N_h0,trajectory,,,0,32,32,32,1.0,32,1.0,32,1.0,32,1.0,32,1.0,32,1.0,32,1.0,,,,,,32,32,1.0,,,,gold_reencode,5,reverse,32,1.0
bart,time,42,formal,N_h0,trajectory,,,0,32,32,32,1.0,32,1.0,32,1.0,32,1.0,32,1.0,32,1.0,32,1.0,,,,,,32,32,1.0,,,,latent,1,inverse,32,1.0
bart,time,42,formal,N_h0,trajectory,,,0,32,32,0,0.0,0,0.0,0,0.0,0,0.0,0,0.0,0,0.0,32,1.0,,,,,,32,0,0.0,,,,latent,2,inverse,0,0.0
bart,time,42,formal,N_h0,trajectory,,,0,32,32,0,0.0,0,0.0,0,0.0,0,0.0,0,0.0,0,0.0,30,0.9375,,,,,,0,0,,,,,latent,3,inverse,0,0.0
bart,time,42,formal,N_h0,trajectory,,,0,32,32,0,0.0,0,0.0,0,0.0,0,0.0,0,0.0,0,0.0,0,0.0,,,,,,0,0,,,,,latent,4,inverse,0,0.0
bart,time,42,formal,N_h0,trajectory,,,0,32,32,0,0.0,0,0.0,0,0.0,0,0.0,0,0.0,0,0.0,2,0.0625,,,,,,0,0,,,,,latent,5,inverse,0,0.0
bart,time,42,formal,N_h0,trajectory,,,0,32,32,32,1.0,32,1.0,32,1.0,32,1.0,32,1.0,32,1.0,32,1.0,,,,,,32,32,1.0,,,,decode_reencode,1,inverse,32,1.0
bart,time,42,formal,N_h0,trajectory,,,0,32,32,32,1.0,32,1.0,32,1.0,32,1.0,32,1.0,32,1.0,32,1.0,,,,,,32,32,1.0,,,,decode_reencode,2,inverse,32,1.0
bart,time,42,formal,N_h0,trajectory,,,0,32,32,32,1.0,32,1.0,32,1.0,32,1.0,32,1.0,32,1.0,32,1.0,,,,,,32,32,1.0,,,,decode_reencode,3,inverse,32,1.0
bart,time,42,formal,N_h0,trajectory,,,0,32,32,32,1.0,32,1.0,32,1.0,32,1.0,32,1.0,32,1.0,32,1.0,,,,,,32,32,1.0,,,,decode_reencode,4,inverse,32,1.0
bart,time,42,formal,N_h0,trajectory,,,0,32,32,32,1.0,32,1.0,32,1.0,32,1.0,32,1.0,32,1.0,32,1.0,,,,,,32,32,1.0,,,,decode_reencode,5,inverse,32,1.0
bart,time,42,formal,N_h0,trajectory,,,0,32,32,32,1.0,32,1.0,32,1.0,32,1.0,32,1.0,32,1.0,32,1.0,,,,,,32,32,1.0,,,,gold_reencode,1,inverse,32,1.0
bart,time,42,formal,N_h0,trajectory,,,0,32,32,32,1.0,32,1.0,32,1.0,32,1.0,32,1.0,32,1.0,32,1.0,,,,,,32,32,1.0,,,,gold_reencode,2,inverse,32,1.0
bart,time,42,formal,N_h0,trajectory,,,0,32,32,32,1.0,32,1.0,32,1.0,32,1.0,32,1.0,32,1.0,32,1.0,,,,,,32,32,1.0,,,,gold_reencode,3,inverse,32,1.0
bart,time,42,formal,N_h0,trajectory,,,0,32,32,32,1.0,32,1.0,32,1.0,32,1.0,32,1.0,32,1.0,32,1.0,,,,,,32,32,1.0,,,,gold_reencode,4,inverse,32,1.0
bart,time,42,formal,N_h0,trajectory,,,0,32,32,32,1.0,32,1.0,32,1.0,32,1.0,32,1.0,32,1.0,32,1.0,,,,,,32,32,1.0,,,,gold_reencode,5,inverse,32,1.0
bart,time,42,formal,N_h0,trajectory,,,2,32,32,32,1.0,32,1.0,32,1.0,32,1.0,32,1.0,32,1.0,32,1.0,,,,,,32,32,1.0,,,,latent,1,forward,32,1.0
bart,time,42,formal,N_h0,trajectory,,,2,32,32,0,0.0,0,0.0,0,0.0,0,0.0,0,0.0,0,0.0,32,1.0,,,,,,32,0,0.0,,,,latent,2,forward,0,0.0
bart,time,42,formal,N_h0,trajectory,,,2,32,32,0,0.0,0,0.0,0,0.0,0,0.0,0,0.0,0,0.0,1,0.03125,,,,,,0,0,,,,,latent,3,forward,0,0.0
bart,time,42,formal,N_h0,trajectory,,,2,32,32,0,0.0,0,0.0,0,0.0,0,0.0,0,0.0,0,0.0,0,0.0,,,,,,0,0,,,,,latent,4,forward,0,0.0
bart,time,42,formal,N_h0,trajectory,,,2,32,32,0,0.0,0,0.0,0,0.0,0,0.0,0,0.0,0,0.0,0,0.0,,,,,,0,0,,,,,latent,5,forward,0,0.0
bart,time,42,formal,N_h0,trajectory,,,2,32,32,32,1.0,32,1.0,32,1.0,32,1.0,32,1.0,32,1.0,32,1.0,,,,,,32,32,1.0,,,,decode_reencode,1,forward,32,1.0
bart,time,42,formal,N_h0,trajectory,,,2,32,32,0,0.0,0,0.0,32,1.0,0,0.0,32,1.0,20,0.625,32,1.0,,,,,,32,0,0.0,,,,decode_reencode,2,forward,0,0.0
bart,time,42,formal,N_h0,trajectory,,,2,32,32,0,0.0,0,0.0,32,1.0,0,0.0,32,1.0,20,0.625,32,1.0,,,,,,0,0,,,,,decode_reencode,3,forward,0,0.0
bart,time,42,formal,N_h0,trajectory,,,2,32,32,0,0.0,0,0.0,32,1.0,0,0.0,32,1.0,20,0.625,32,1.0,,,,,,0,0,,,,,decode_reencode,4,forward,0,0.0
bart,time,42,formal,N_h0,trajectory,,,2,32,32,0,0.0,0,0.0,32,1.0,0,0.0,32,1.0,20,0.625,32,1.0,,,,,,0,0,,,,,decode_reencode,5,forward,0,0.0
bart,time,42,formal,N_h0,trajectory,,,2,32,32,32,1.0,32,1.0,32,1.0,32,1.0,32,1.0,32,1.0,32,1.0,,,,,,32,32,1.0,,,,gold_reencode,1,forward,32,1.0
bart,time,42,formal,N_h0,trajectory,,,2,32,32,0,0.0,0,0.0,32,1.0,0,0.0,32,1.0,20,0.625,32,1.0,,,,,,32,0,0.0,,,,gold_reencode,2,forward,0,0.0
bart,time,42,formal,N_h0,trajectory,,,2,32,32,0,0.0,0,0.0,32,1.0,0,0.0,32,1.0,32,1.0,32,1.0,,,,,,0,0,,,,,gold_reencode,3,forward,0,0.0
bart,time,42,formal,N_h0,trajectory,,,2,32,32,0,0.0,0,0.0,32,1.0,0,0.0,32,1.0,32,1.0,32,1.0,,,,,,0,0,,,,,gold_reencode,4,forward,0,0.0
bart,time,42,formal,N_h0,trajectory,,,2,32,32,9,0.28125,9,0.28125,32,1.0,9,0.28125,32,1.0,32,1.0,32,1.0,,,,,,0,0,,,,,gold_reencode,5,forward,0,0.0
bart,time,42,formal,N_h0,trajectory,,,2,32,32,12,0.375,12,0.375,32,1.0,12,0.375,32,1.0,32,1.0,32,1.0,,,,,,32,12,0.375,,,,latent,1,reverse,12,0.375
bart,time,42,formal,N_h0,trajectory,,,2,32,32,0,0.0,0,0.0,0,0.0,0,0.0,0,0.0,0,0.0,32,1.0,,,,,,12,0,0.0,,,,latent,2,reverse,0,0.0
bart,time,42,formal,N_h0,trajectory,,,2,32,32,0,0.0,0,0.0,0,0.0,0,0.0,0,0.0,0,0.0,32,1.0,,,,,,0,0,,,,,latent,3,reverse,0,0.0
bart,time,42,formal,N_h0,trajectory,,,2,32,32,0,0.0,0,0.0,0,0.0,0,0.0,0,0.0,0,0.0,30,0.9375,,,,,,0,0,,,,,latent,4,reverse,0,0.0
bart,time,42,formal,N_h0,trajectory,,,2,32,32,0,0.0,0,0.0,0,0.0,0,0.0,0,0.0,0,0.0,19,0.59375,,,,,,0,0,,,,,latent,5,reverse,0,0.0
bart,time,42,formal,N_h0,trajectory,,,2,32,32,12,0.375,12,0.375,32,1.0,12,0.375,32,1.0,32,1.0,32,1.0,,,,,,32,12,0.375,,,,decode_reencode,1,reverse,12,0.375
bart,time,42,formal,N_h0,trajectory,,,2,32,32,0,0.0,0,0.0,32,1.0,0,0.0,32,1.0,32,1.0,32,1.0,,,,,,12,0,0.0,,,,decode_reencode,2,reverse,0,0.0
bart,time,42,formal,N_h0,trajectory,,,2,32,32,0,0.0,0,0.0,32,1.0,0,0.0,32,1.0,32,1.0,32,1.0,,,,,,0,0,,,,,decode_reencode,3,reverse,0,0.0
bart,time,42,formal,N_h0,trajectory,,,2,32,32,0,0.0,0,0.0,32,1.0,0,0.0,32,1.0,32,1.0,32,1.0,,,,,,0,0,,,,,decode_reencode,4,reverse,0,0.0
bart,time,42,formal,N_h0,trajectory,,,2,32,32,0,0.0,0,0.0,32,1.0,0,0.0,32,1.0,32,1.0,32,1.0,,,,,,0,0,,,,,decode_reencode,5,reverse,0,0.0
bart,time,42,formal,N_h0,trajectory,,,2,32,32,12,0.375,12,0.375,32,1.0,12,0.375,32,1.0,32,1.0,32,1.0,,,,,,32,12,0.375,,,,gold_reencode,1,reverse,12,0.375
bart,time,42,formal,N_h0,trajectory,,,2,32,32,0,0.0,0,0.0,32,1.0,0,0.0,32,1.0,32,1.0,32,1.0,,,,,,12,0,0.0,,,,gold_reencode,2,reverse,0,0.0
bart,time,42,formal,N_h0,trajectory,,,2,32,32,0,0.0,0,0.0,32,1.0,0,0.0,32,1.0,32,1.0,32,1.0,,,,,,0,0,,,,,gold_reencode,3,reverse,0,0.0
bart,time,42,formal,N_h0,trajectory,,,2,32,32,0,0.0,0,0.0,32,1.0,0,0.0,32,1.0,32,1.0,32,1.0,,,,,,0,0,,,,,gold_reencode,4,reverse,0,0.0
bart,time,42,formal,N_h0,trajectory,,,2,32,32,0,0.0,0,0.0,32,1.0,0,0.0,32,1.0,32,1.0,32,1.0,,,,,,0,0,,,,,gold_reencode,5,reverse,0,0.0
bart,time,42,formal,N_h0,trajectory,,,2,32,32,0,0.0,0,0.0,32,1.0,0,0.0,32,1.0,32,1.0,32,1.0,,,,,,32,0,0.0,,,,latent,1,inverse,0,0.0
bart,time,42,formal,N_h0,trajectory,,,2,32,32,0,0.0,0,0.0,1,0.03125,0,0.0,1,0.03125,0,0.0,32,1.0,,,,,,0,0,,,,,latent,2,inverse,0,0.0
bart,time,42,formal,N_h0,trajectory,,,2,32,32,0,0.0,0,0.0,0,0.0,0,0.0,0,0.0,0,0.0,32,1.0,,,,,,0,0,,,,,latent,3,inverse,0,0.0
bart,time,42,formal,N_h0,trajectory,,,2,32,32,0,0.0,0,0.0,0,0.0,0,0.0,0,0.0,0,0.0,0,0.0,,,,,,0,0,,,,,latent,4,inverse,0,0.0
bart,time,42,formal,N_h0,trajectory,,,2,32,32,0,0.0,0,0.0,0,0.0,0,0.0,0,0.0,0,0.0,0,0.0,,,,,,0,0,,,,,latent,5,inverse,0,0.0
bart,time,42,formal,N_h0,trajectory,,,2,32,32,0,0.0,0,0.0,32,1.0,0,0.0,32,1.0,32,1.0,32,1.0,,,,,,32,0,0.0,,,,decode_reencode,1,inverse,0,0.0
bart,time,42,formal,N_h0,trajectory,,,2,32,32,32,1.0,32,1.0,32,1.0,32,1.0,32,1.0,32,1.0,32,1.0,,,,,,0,0,,,,,decode_reencode,2,inverse,0,0.0
bart,time,42,formal,N_h0,trajectory,,,2,32,32,0,0.0,0,0.0,32,1.0,0,0.0,32,1.0,32,1.0,32,1.0,,,,,,32,0,0.0,,,,decode_reencode,3,inverse,0,0.0
bart,time,42,formal,N_h0,trajectory,,,2,32,32,32,1.0,32,1.0,32,1.0,32,1.0,32,1.0,32,1.0,32,1.0,,,,,,0,0,,,,,decode_reencode,4,inverse,0,0.0
bart,time,42,formal,N_h0,trajectory,,,2,32,32,0,0.0,0,0.0,32,1.0,0,0.0,32,1.0,32,1.0,32,1.0,,,,,,32,0,0.0,,,,decode_reencode,5,inverse,0,0.0
bart,time,42,formal,N_h0,trajectory,,,2,32,32,0,0.0,0,0.0,32,1.0,0,0.0,32,1.0,32,1.0,32,1.0,,,,,,32,0,0.0,,,,gold_reencode,1,inverse,0,0.0
bart,time,42,formal,N_h0,trajectory,,,2,32,32,0,0.0,0,0.0,32,1.0,0,0.0,32,1.0,32,1.0,32,1.0,,,,,,0,0,,,,,gold_reencode,2,inverse,0,0.0
bart,time,42,formal,N_h0,trajectory,,,2,32,32,0,0.0,0,0.0,32,1.0,0,0.0,32,1.0,32,1.0,32,1.0,,,,,,0,0,,,,,gold_reencode,3,inverse,0,0.0
bart,time,42,formal,N_h0,trajectory,,,2,32,32,0,0.0,0,0.0,32,1.0,0,0.0,32,1.0,32,1.0,32,1.0,,,,,,0,0,,,,,gold_reencode,4,inverse,0,0.0
bart,time,42,formal,N_h0,trajectory,,,2,32,32,0,0.0,0,0.0,32,1.0,0,0.0,32,1.0,32,1.0,32,1.0,,,,,,0,0,,,,,gold_reencode,5,inverse,0,0.0
bart,time,42,formal,N_h1,atomic,plus,-2,3,32,32,32,1.0,32,1.0,32,1.0,32,1.0,32,1.0,32,1.0,32,1.0,,,,,,,,,,,,,,,,
bart,time,42,formal,N_h1,atomic,plus,-1,3,32,32,32,1.0,32,1.0,32,1.0,32,1.0,32,1.0,32,1.0,32,1.0,,,,,,,,,,,,,,,,
bart,time,42,formal,N_h1,atomic,plus,0,3,32,32,32,1.0,32,1.0,32,1.0,32,1.0,32,1.0,32,1.0,32,1.0,,,,,,,,,,,,,,,,
bart,time,42,formal,N_h1,atomic,plus,1,3,32,32,32,1.0,32,1.0,32,1.0,32,1.0,32,1.0,32,1.0,32,1.0,,,,,,,,,,,,,,,,
bart,time,42,formal,N_h1,atomic,plus,2,3,32,32,32,1.0,32,1.0,32,1.0,32,1.0,32,1.0,32,1.0,32,1.0,,,,,,,,,,,,,,,,
bart,time,42,formal,N_h1,atomic,plus,3,3,32,32,32,1.0,32,1.0,32,1.0,32,1.0,32,1.0,32,1.0,32,1.0,,,,,,,,,,,,,,,,
bart,time,42,formal,N_h1,atomic,plus,-2,4,32,32,32,1.0,32,1.0,32,1.0,32,1.0,32,1.0,32,1.0,32,1.0,,,,,,,,,,,,,,,,
bart,time,42,formal,N_h1,atomic,plus,-1,4,32,32,0,0.0,0,0.0,0,0.0,0,0.0,32,1.0,0,0.0,32,1.0,,,,,,,,,,,,,,,,
bart,time,42,formal,N_h1,atomic,plus,0,4,32,32,32,1.0,32,1.0,32,1.0,32,1.0,32,1.0,32,1.0,32,1.0,,,,,,,,,,,,,,,,
bart,time,42,formal,N_h1,atomic,plus,1,4,32,32,32,1.0,32,1.0,32,1.0,32,1.0,32,1.0,32,1.0,32,1.0,,,,,,,,,,,,,,,,
bart,time,42,formal,N_h1,atomic,plus,2,4,32,32,26,0.8125,32,1.0,26,0.8125,26,0.8125,32,1.0,32,1.0,32,1.0,,,,,,,,,,,,,,,,
bart,time,42,formal,N_h1,atomic,plus,3,4,32,32,26,0.8125,32,1.0,26,0.8125,26,0.8125,32,1.0,32,1.0,32,1.0,,,,,,,,,,,,,,,,
bart,time,42,formal,N_h1,atomic,plus,-2,5,32,32,0,0.0,1,0.03125,0,0.0,0,0.0,32,1.0,32,1.0,32,1.0,,,,,,,,,,,,,,,,
bart,time,42,formal,N_h1,atomic,plus,-1,5,32,32,0,0.0,31,0.96875,0,0.0,0,0.0,32,1.0,32,1.0,32,1.0,,,,,,,,,,,,,,,,
bart,time,42,formal,N_h1,atomic,plus,0,5,32,32,0,0.0,23,0.71875,0,0.0,0,0.0,32,1.0,32,1.0,32,1.0,,,,,,,,,,,,,,,,
bart,time,42,formal,N_h1,atomic,plus,1,5,32,32,0,0.0,32,1.0,0,0.0,0,0.0,32,1.0,32,1.0,32,1.0,,,,,,,,,,,,,,,,
bart,time,42,formal,N_h1,atomic,plus,2,5,32,32,0,0.0,32,1.0,0,0.0,0,0.0,32,1.0,32,1.0,32,1.0,,,,,,,,,,,,,,,,
bart,time,42,formal,N_h1,atomic,plus,3,5,32,32,0,0.0,32,1.0,0,0.0,0,0.0,32,1.0,32,1.0,32,1.0,,,,,,,,,,,,,,,,
bart,time,42,formal,N_h1,atomic,minus,-3,3,32,32,32,1.0,32,1.0,32,1.0,32,1.0,32,1.0,32,1.0,32,1.0,,,,,,,,,,,,,,,,
bart,time,42,formal,N_h1,atomic,minus,-2,3,32,32,32,1.0,32,1.0,32,1.0,32,1.0,32,1.0,32,1.0,32,1.0,,,,,,,,,,,,,,,,
bart,time,42,formal,N_h1,atomic,minus,-1,3,32,32,32,1.0,32,1.0,32,1.0,32,1.0,32,1.0,32,1.0,32,1.0,,,,,,,,,,,,,,,,
bart,time,42,formal,N_h1,atomic,minus,0,3,32,32,32,1.0,32,1.0,32,1.0,32,1.0,32,1.0,32,1.0,32,1.0,,,,,,,,,,,,,,,,
bart,time,42,formal,N_h1,atomic,minus,1,3,32,32,32,1.0,32,1.0,32,1.0,32,1.0,32,1.0,32,1.0,32,1.0,,,,,,,,,,,,,,,,
bart,time,42,formal,N_h1,atomic,minus,2,3,32,32,32,1.0,32,1.0,32,1.0,32,1.0,32,1.0,32,1.0,32,1.0,,,,,,,,,,,,,,,,
bart,time,42,formal,N_h1,atomic,minus,-3,4,32,32,30,0.9375,32,1.0,30,0.9375,30,0.9375,32,1.0,32,1.0,32,1.0,,,,,,,,,,,,,,,,
bart,time,42,formal,N_h1,atomic,minus,-2,4,32,32,28,0.875,32,1.0,28,0.875,28,0.875,32,1.0,32,1.0,32,1.0,,,,,,,,,,,,,,,,
bart,time,42,formal,N_h1,atomic,minus,-1,4,32,32,22,0.6875,32,1.0,22,0.6875,22,0.6875,32,1.0,32,1.0,32,1.0,,,,,,,,,,,,,,,,
bart,time,42,formal,N_h1,atomic,minus,0,4,32,32,15,0.46875,32,1.0,15,0.46875,15,0.46875,32,1.0,32,1.0,32,1.0,,,,,,,,,,,,,,,,
bart,time,42,formal,N_h1,atomic,minus,1,4,32,32,24,0.75,32,1.0,24,0.75,24,0.75,32,1.0,32,1.0,32,1.0,,,,,,,,,,,,,,,,
bart,time,42,formal,N_h1,atomic,minus,2,4,32,32,2,0.0625,32,1.0,2,0.0625,2,0.0625,32,1.0,32,1.0,32,1.0,,,,,,,,,,,,,,,,
bart,time,42,formal,N_h1,atomic,minus,-3,5,32,32,0,0.0,32,1.0,0,0.0,0,0.0,32,1.0,32,1.0,32,1.0,,,,,,,,,,,,,,,,
bart,time,42,formal,N_h1,atomic,minus,-2,5,32,32,0,0.0,32,1.0,0,0.0,0,0.0,32,1.0,32,1.0,32,1.0,,,,,,,,,,,,,,,,
bart,time,42,formal,N_h1,atomic,minus,-1,5,32,32,0,0.0,32,1.0,0,0.0,0,0.0,32,1.0,32,1.0,32,1.0,,,,,,,,,,,,,,,,
bart,time,42,formal,N_h1,atomic,minus,0,5,32,32,0,0.0,32,1.0,0,0.0,0,0.0,32,1.0,32,1.0,32,1.0,,,,,,,,,,,,,,,,
bart,time,42,formal,N_h1,atomic,minus,1,5,32,32,0,0.0,32,1.0,0,0.0,0,0.0,32,1.0,32,1.0,32,1.0,,,,,,,,,,,,,,,,
bart,time,42,formal,N_h1,atomic,minus,2,5,32,32,0,0.0,32,1.0,0,0.0,0,0.0,32,1.0,32,1.0,32,1.0,,,,,,,,,,,,,,,,
bart,time,42,formal,N_h1,atomic,plus,-2,0,32,32,32,1.0,32,1.0,32,1.0,32,1.0,32,1.0,32,1.0,32,1.0,,,,,,,,,,,,,,,,
bart,time,42,formal,N_h1,atomic,plus,-1,0,32,32,32,1.0,32,1.0,32,1.0,32,1.0,32,1.0,32,1.0,32,1.0,,,,,,,,,,,,,,,,
bart,time,42,formal,N_h1,atomic,plus,0,0,32,32,32,1.0,32,1.0,32,1.0,32,1.0,32,1.0,32,1.0,32,1.0,,,,,,,,,,,,,,,,
bart,time,42,formal,N_h1,atomic,plus,1,0,32,32,32,1.0,32,1.0,32,1.0,32,1.0,32,1.0,32,1.0,32,1.0,,,,,,,,,,,,,,,,
bart,time,42,formal,N_h1,atomic,plus,2,0,32,32,32,1.0,32,1.0,32,1.0,32,1.0,32,1.0,32,1.0,32,1.0,,,,,,,,,,,,,,,,
bart,time,42,formal,N_h1,atomic,plus,3,0,32,32,32,1.0,32,1.0,32,1.0,32,1.0,32,1.0,32,1.0,32,1.0,,,,,,,,,,,,,,,,
bart,time,42,formal,N_h1,atomic,plus,-2,1,32,32,32,1.0,32,1.0,32,1.0,32,1.0,32,1.0,32,1.0,32,1.0,,,,,,,,,,,,,,,,
bart,time,42,formal,N_h1,atomic,plus,-1,1,32,32,32,1.0,32,1.0,32,1.0,32,1.0,32,1.0,32,1.0,32,1.0,,,,,,,,,,,,,,,,
bart,time,42,formal,N_h1,atomic,plus,0,1,32,32,32,1.0,32,1.0,32,1.0,32,1.0,32,1.0,32,1.0,32,1.0,,,,,,,,,,,,,,,,
bart,time,42,formal,N_h1,atomic,plus,1,1,32,32,32,1.0,32,1.0,32,1.0,32,1.0,32,1.0,32,1.0,32,1.0,,,,,,,,,,,,,,,,
bart,time,42,formal,N_h1,atomic,plus,2,1,32,32,32,1.0,32,1.0,32,1.0,32,1.0,32,1.0,32,1.0,32,1.0,,,,,,,,,,,,,,,,
bart,time,42,formal,N_h1,atomic,plus,3,1,32,32,32,1.0,32,1.0,32,1.0,32,1.0,32,1.0,32,1.0,32,1.0,,,,,,,,,,,,,,,,
bart,time,42,formal,N_h1,atomic,minus,-3,0,32,32,32,1.0,32,1.0,32,1.0,32,1.0,32,1.0,32,1.0,32,1.0,,,,,,,,,,,,,,,,
bart,time,42,formal,N_h1,atomic,minus,-2,0,32,32,32,1.0,32,1.0,32,1.0,32,1.0,32,1.0,32,1.0,32,1.0,,,,,,,,,,,,,,,,
bart,time,42,formal,N_h1,atomic,minus,-1,0,32,32,32,1.0,32,1.0,32,1.0,32,1.0,32,1.0,32,1.0,32,1.0,,,,,,,,,,,,,,,,
bart,time,42,formal,N_h1,atomic,minus,0,0,32,32,32,1.0,32,1.0,32,1.0,32,1.0,32,1.0,32,1.0,32,1.0,,,,,,,,,,,,,,,,
bart,time,42,formal,N_h1,atomic,minus,1,0,32,32,32,1.0,32,1.0,32,1.0,32,1.0,32,1.0,32,1.0,32,1.0,,,,,,,,,,,,,,,,
bart,time,42,formal,N_h1,atomic,minus,2,0,32,32,32,1.0,32,1.0,32,1.0,32,1.0,32,1.0,32,1.0,32,1.0,,,,,,,,,,,,,,,,
bart,time,42,formal,N_h1,atomic,minus,-3,1,32,32,32,1.0,32,1.0,32,1.0,32,1.0,32,1.0,32,1.0,32,1.0,,,,,,,,,,,,,,,,
bart,time,42,formal,N_h1,atomic,minus,-2,1,32,32,32,1.0,32,1.0,32,1.0,32,1.0,32,1.0,32,1.0,32,1.0,,,,,,,,,,,,,,,,
bart,time,42,formal,N_h1,atomic,minus,-1,1,32,32,32,1.0,32,1.0,32,1.0,32,1.0,32,1.0,32,1.0,32,1.0,,,,,,,,,,,,,,,,
bart,time,42,formal,N_h1,atomic,minus,0,1,32,32,32,1.0,32,1.0,32,1.0,32,1.0,32,1.0,32,1.0,32,1.0,,,,,,,,,,,,,,,,
bart,time,42,formal,N_h1,atomic,minus,1,1,32,32,32,1.0,32,1.0,32,1.0,32,1.0,32,1.0,32,1.0,32,1.0,,,,,,,,,,,,,,,,
bart,time,42,formal,N_h1,atomic,minus,2,1,32,32,32,1.0,32,1.0,32,1.0,32,1.0,32,1.0,32,1.0,32,1.0,,,,,,,,,,,,,,,,
bart,time,42,formal,N_h1,atomic,plus,-2,2,32,32,26,0.8125,26,0.8125,32,1.0,26,0.8125,32,1.0,26,0.8125,32,1.0,,,,,,,,,,,,,,,,
bart,time,42,formal,N_h1,atomic,plus,-1,2,32,32,0,0.0,0,0.0,32,1.0,0,0.0,32,1.0,32,1.0,32,1.0,,,,,,,,,,,,,,,,
bart,time,42,formal,N_h1,atomic,plus,0,2,32,32,0,0.0,0,0.0,32,1.0,0,0.0,32,1.0,32,1.0,32,1.0,,,,,,,,,,,,,,,,
bart,time,42,formal,N_h1,atomic,plus,1,2,32,32,0,0.0,0,0.0,32,1.0,0,0.0,32,1.0,32,1.0,32,1.0,,,,,,,,,,,,,,,,
bart,time,42,formal,N_h1,atomic,plus,2,2,32,32,0,0.0,0,0.0,32,1.0,0,0.0,32,1.0,32,1.0,32,1.0,,,,,,,,,,,,,,,,
bart,time,42,formal,N_h1,atomic,plus,3,2,32,32,32,1.0,32,1.0,32,1.0,32,1.0,32,1.0,32,1.0,32,1.0,,,,,,,,,,,,,,,,
bart,time,42,formal,N_h1,atomic,minus,-3,2,32,32,2,0.0625,2,0.0625,32,1.0,2,0.0625,32,1.0,27,0.84375,32,1.0,,,,,,,,,,,,,,,,
bart,time,42,formal,N_h1,atomic,minus,-2,2,32,32,0,0.0,0,0.0,32,1.0,0,0.0,32,1.0,32,1.0,32,1.0,,,,,,,,,,,,,,,,
bart,time,42,formal,N_h1,atomic,minus,-1,2,32,32,0,0.0,0,0.0,32,1.0,0,0.0,32,1.0,32,1.0,32,1.0,,,,,,,,,,,,,,,,
bart,time,42,formal,N_h1,atomic,minus,0,2,32,32,0,0.0,0,0.0,32,1.0,0,0.0,32,1.0,32,1.0,32,1.0,,,,,,,,,,,,,,,,
bart,time,42,formal,N_h1,atomic,minus,1,2,32,32,0,0.0,0,0.0,32,1.0,0,0.0,32,1.0,32,1.0,32,1.0,,,,,,,,,,,,,,,,
bart,time,42,formal,N_h1,atomic,minus,2,2,32,32,32,1.0,32,1.0,32,1.0,32,1.0,32,1.0,32,1.0,32,1.0,,,,,,,,,,,,,,,,
bart,time,42,formal,N_h1,source_matrix,plus,-2,0,32,32,0,0.0,0,0.0,0,0.0,0,0.0,0,0.0,0,0.0,32,1.0,1,P,True,32,1.0,32,0,0.0,32,0,0.0,,,,,
bart,time,42,formal,N_h1,source_matrix,plus,-1,0,32,32,0,0.0,0,0.0,0,0.0,0,0.0,0,0.0,0,0.0,32,1.0,1,P,False,32,1.0,32,0,0.0,32,0,0.0,,,,,
bart,time,42,formal,N_h1,source_matrix,plus,0,0,32,32,0,0.0,0,0.0,0,0.0,0,0.0,0,0.0,0,0.0,32,1.0,1,P,False,32,1.0,32,0,0.0,32,0,0.0,,,,,
bart,time,42,formal,N_h1,source_matrix,plus,1,0,32,32,0,0.0,0,0.0,0,0.0,0,0.0,0,0.0,0,0.0,32,1.0,1,P,False,32,1.0,32,0,0.0,32,0,0.0,,,,,
bart,time,42,formal,N_h1,source_matrix,plus,2,0,32,32,0,0.0,0,0.0,0,0.0,0,0.0,0,0.0,0,0.0,31,0.96875,1,P,False,32,1.0,32,0,0.0,32,0,0.0,,,,,
bart,time,42,formal,N_h1,source_matrix,plus,3,0,32,32,0,0.0,0,0.0,0,0.0,0,0.0,0,0.0,0,0.0,32,1.0,1,P,False,32,1.0,32,0,0.0,32,0,0.0,,,,,
bart,time,42,formal,N_h1,source_matrix,minus,-3,0,32,32,0,0.0,0,0.0,0,0.0,0,0.0,0,0.0,0,0.0,32,1.0,1,P,False,32,1.0,32,0,0.0,32,0,0.0,,,,,
bart,time,42,formal,N_h1,source_matrix,minus,-2,0,32,32,0,0.0,0,0.0,0,0.0,0,0.0,0,0.0,0,0.0,32,1.0,1,P,True,32,1.0,32,0,0.0,32,0,0.0,,,,,
bart,time,42,formal,N_h1,source_matrix,minus,-1,0,32,32,0,0.0,0,0.0,0,0.0,0,0.0,0,0.0,0,0.0,32,1.0,1,P,False,32,1.0,32,0,0.0,32,0,0.0,,,,,
bart,time,42,formal,N_h1,source_matrix,minus,0,0,32,32,0,0.0,0,0.0,0,0.0,0,0.0,0,0.0,0,0.0,32,1.0,1,P,False,32,1.0,32,0,0.0,32,0,0.0,,,,,
bart,time,42,formal,N_h1,source_matrix,minus,1,0,32,32,0,0.0,0,0.0,0,0.0,0,0.0,0,0.0,0,0.0,32,1.0,1,P,False,32,1.0,32,0,0.0,32,0,0.0,,,,,
bart,time,42,formal,N_h1,source_matrix,minus,2,0,32,32,0,0.0,0,0.0,0,0.0,0,0.0,0,0.0,0,0.0,32,1.0,1,P,False,32,1.0,32,0,0.0,32,0,0.0,,,,,
bart,time,42,formal,N_h1,source_matrix,plus,-2,0,32,32,0,0.0,0,0.0,0,0.0,0,0.0,0,0.0,0,0.0,32,1.0,1,Q,True,32,1.0,32,0,0.0,32,0,0.0,,,,,
bart,time,42,formal,N_h1,source_matrix,plus,-1,0,32,32,0,0.0,0,0.0,0,0.0,0,0.0,0,0.0,0,0.0,32,1.0,1,Q,False,32,1.0,32,0,0.0,32,0,0.0,,,,,
bart,time,42,formal,N_h1,source_matrix,plus,0,0,32,32,0,0.0,0,0.0,0,0.0,0,0.0,0,0.0,0,0.0,32,1.0,1,Q,False,32,1.0,32,0,0.0,32,0,0.0,,,,,
bart,time,42,formal,N_h1,source_matrix,plus,1,0,32,32,0,0.0,0,0.0,0,0.0,0,0.0,0,0.0,0,0.0,32,1.0,1,Q,False,32,1.0,32,0,0.0,32,0,0.0,,,,,
bart,time,42,formal,N_h1,source_matrix,plus,2,0,32,32,0,0.0,0,0.0,0,0.0,0,0.0,0,0.0,0,0.0,32,1.0,1,Q,False,32,1.0,32,0,0.0,32,0,0.0,,,,,
bart,time,42,formal,N_h1,source_matrix,plus,3,0,32,32,0,0.0,0,0.0,0,0.0,0,0.0,0,0.0,0,0.0,32,1.0,1,Q,False,32,1.0,32,0,0.0,32,0,0.0,,,,,
bart,time,42,formal,N_h1,source_matrix,minus,-3,0,32,32,0,0.0,0,0.0,0,0.0,0,0.0,0,0.0,0,0.0,32,1.0,1,Q,False,32,1.0,32,0,0.0,32,0,0.0,,,,,
bart,time,42,formal,N_h1,source_matrix,minus,-2,0,32,32,0,0.0,0,0.0,0,0.0,0,0.0,0,0.0,0,0.0,32,1.0,1,Q,True,32,1.0,32,0,0.0,32,0,0.0,,,,,
bart,time,42,formal,N_h1,source_matrix,minus,-1,0,32,32,0,0.0,0,0.0,0,0.0,0,0.0,0,0.0,0,0.0,32,1.0,1,Q,False,32,1.0,32,0,0.0,32,0,0.0,,,,,
bart,time,42,formal,N_h1,source_matrix,minus,0,0,32,32,0,0.0,0,0.0,0,0.0,0,0.0,0,0.0,0,0.0,32,1.0,1,Q,False,32,1.0,32,0,0.0,32,0,0.0,,,,,
bart,time,42,formal,N_h1,source_matrix,minus,1,0,32,32,0,0.0,0,0.0,0,0.0,0,0.0,0,0.0,0,0.0,32,1.0,1,Q,False,32,1.0,32,0,0.0,32,0,0.0,,,,,
bart,time,42,formal,N_h1,source_matrix,minus,2,0,32,32,0,0.0,0,0.0,0,0.0,0,0.0,0,0.0,0,0.0,32,1.0,1,Q,False,32,1.0,32,0,0.0,32,0,0.0,,,,,
bart,time,42,formal,N_h1,source_matrix,plus,-2,0,32,32,0,0.0,0,0.0,0,0.0,0,0.0,0,0.0,0,0.0,32,1.0,1,U,True,32,1.0,32,0,0.0,32,0,0.0,,,,,
bart,time,42,formal,N_h1,source_matrix,plus,-1,0,32,32,0,0.0,0,0.0,0,0.0,0,0.0,0,0.0,0,0.0,32,1.0,1,U,False,32,1.0,32,0,0.0,32,0,0.0,,,,,
bart,time,42,formal,N_h1,source_matrix,plus,0,0,32,32,0,0.0,0,0.0,0,0.0,0,0.0,0,0.0,0,0.0,32,1.0,1,U,False,32,1.0,32,0,0.0,32,0,0.0,,,,,
bart,time,42,formal,N_h1,source_matrix,plus,1,0,32,32,0,0.0,0,0.0,0,0.0,0,0.0,0,0.0,0,0.0,30,0.9375,1,U,False,32,1.0,32,0,0.0,32,0,0.0,,,,,
bart,time,42,formal,N_h1,source_matrix,plus,2,0,32,32,0,0.0,0,0.0,0,0.0,0,0.0,0,0.0,0,0.0,29,0.90625,1,U,False,32,1.0,32,0,0.0,32,0,0.0,,,,,
bart,time,42,formal,N_h1,source_matrix,plus,3,0,32,32,0,0.0,0,0.0,0,0.0,0,0.0,0,0.0,0,0.0,32,1.0,1,U,False,32,1.0,32,0,0.0,32,0,0.0,,,,,
bart,time,42,formal,N_h1,source_matrix,minus,-3,0,32,32,0,0.0,0,0.0,0,0.0,0,0.0,0,0.0,0,0.0,32,1.0,1,U,False,32,1.0,32,0,0.0,32,0,0.0,,,,,
bart,time,42,formal,N_h1,source_matrix,minus,-2,0,32,32,0,0.0,0,0.0,0,0.0,0,0.0,0,0.0,0,0.0,32,1.0,1,U,True,32,1.0,32,0,0.0,32,0,0.0,,,,,
bart,time,42,formal,N_h1,source_matrix,minus,-1,0,32,32,0,0.0,0,0.0,0,0.0,0,0.0,0,0.0,0,0.0,32,1.0,1,U,False,32,1.0,32,0,0.0,32,0,0.0,,,,,
bart,time,42,formal,N_h1,source_matrix,minus,0,0,32,32,0,0.0,0,0.0,0,0.0,0,0.0,0,0.0,0,0.0,32,1.0,1,U,False,32,1.0,32,0,0.0,32,0,0.0,,,,,
bart,time,42,formal,N_h1,source_matrix,minus,1,0,32,32,0,0.0,0,0.0,0,0.0,0,0.0,0,0.0,0,0.0,32,1.0,1,U,False,32,1.0,32,0,0.0,32,0,0.0,,,,,
bart,time,42,formal,N_h1,source_matrix,minus,2,0,32,32,0,0.0,0,0.0,0,0.0,0,0.0,0,0.0,0,0.0,32,1.0,1,U,False,32,1.0,32,0,0.0,32,0,0.0,,,,,
bart,time,42,formal,N_h1,source_matrix,plus,-2,2,32,32,0,0.0,0,0.0,0,0.0,0,0.0,0,0.0,0,0.0,32,1.0,1,P,True,0,0.0,0,0,,0,0,,,,,,
bart,time,42,formal,N_h1,source_matrix,plus,-1,2,32,32,0,0.0,0,0.0,0,0.0,0,0.0,0,0.0,0,0.0,32,1.0,1,P,False,0,0.0,0,0,,0,0,,,,,,
bart,time,42,formal,N_h1,source_matrix,plus,0,2,32,32,0,0.0,0,0.0,0,0.0,0,0.0,0,0.0,0,0.0,32,1.0,1,P,False,0,0.0,0,0,,0,0,,,,,,
bart,time,42,formal,N_h1,source_matrix,plus,1,2,32,32,0,0.0,0,0.0,0,0.0,0,0.0,0,0.0,0,0.0,32,1.0,1,P,False,0,0.0,0,0,,0,0,,,,,,
bart,time,42,formal,N_h1,source_matrix,plus,2,2,32,32,0,0.0,0,0.0,0,0.0,0,0.0,0,0.0,0,0.0,32,1.0,1,P,False,32,1.0,32,0,0.0,32,0,0.0,,,,,
bart,time,42,formal,N_h1,source_matrix,plus,3,2,32,32,0,0.0,0,0.0,0,0.0,0,0.0,0,0.0,0,0.0,32,1.0,1,P,False,32,1.0,32,0,0.0,32,0,0.0,,,,,
bart,time,42,formal,N_h1,source_matrix,minus,-3,2,32,32,0,0.0,0,0.0,0,0.0,0,0.0,0,0.0,0,0.0,32,1.0,1,P,False,0,0.0,0,0,,0,0,,,,,,
bart,time,42,formal,N_h1,source_matrix,minus,-2,2,32,32,0,0.0,0,0.0,0,0.0,0,0.0,0,0.0,0,0.0,32,1.0,1,P,True,0,0.0,0,0,,0,0,,,,,,
bart,time,42,formal,N_h1,source_matrix,minus,-1,2,32,32,0,0.0,0,0.0,0,0.0,0,0.0,0,0.0,0,0.0,32,1.0,1,P,False,0,0.0,0,0,,0,0,,,,,,
bart,time,42,formal,N_h1,source_matrix,minus,0,2,32,32,0,0.0,0,0.0,0,0.0,0,0.0,0,0.0,0,0.0,32,1.0,1,P,False,0,0.0,0,0,,0,0,,,,,,
bart,time,42,formal,N_h1,source_matrix,minus,1,2,32,32,0,0.0,0,0.0,0,0.0,0,0.0,0,0.0,0,0.0,32,1.0,1,P,False,0,0.0,0,0,,0,0,,,,,,
bart,time,42,formal,N_h1,source_matrix,minus,2,2,32,32,0,0.0,0,0.0,0,0.0,0,0.0,0,0.0,0,0.0,32,1.0,1,P,False,32,1.0,32,0,0.0,32,0,0.0,,,,,
bart,time,42,formal,N_h1,source_matrix,plus,-2,2,32,32,0,0.0,0,0.0,0,0.0,0,0.0,0,0.0,0,0.0,32,1.0,1,Q,True,0,0.0,0,0,,0,0,,,,,,
bart,time,42,formal,N_h1,source_matrix,plus,-1,2,32,32,0,0.0,0,0.0,0,0.0,0,0.0,0,0.0,0,0.0,32,1.0,1,Q,False,0,0.0,0,0,,0,0,,,,,,
bart,time,42,formal,N_h1,source_matrix,plus,0,2,32,32,0,0.0,0,0.0,0,0.0,0,0.0,0,0.0,0,0.0,32,1.0,1,Q,False,0,0.0,0,0,,0,0,,,,,,
bart,time,42,formal,N_h1,source_matrix,plus,1,2,32,32,0,0.0,0,0.0,0,0.0,0,0.0,0,0.0,0,0.0,32,1.0,1,Q,False,0,0.0,0,0,,0,0,,,,,,
bart,time,42,formal,N_h1,source_matrix,plus,2,2,32,32,0,0.0,0,0.0,0,0.0,0,0.0,0,0.0,0,0.0,32,1.0,1,Q,False,32,1.0,32,0,0.0,32,0,0.0,,,,,
bart,time,42,formal,N_h1,source_matrix,plus,3,2,32,32,0,0.0,0,0.0,2,0.0625,0,0.0,2,0.0625,1,0.03125,32,1.0,1,Q,False,32,1.0,32,0,0.0,32,0,0.0,,,,,
bart,time,42,formal,N_h1,source_matrix,minus,-3,2,32,32,0,0.0,0,0.0,0,0.0,0,0.0,0,0.0,0,0.0,32,1.0,1,Q,False,3,0.09375,3,0,0.0,0,0,,,,,,
bart,time,42,formal,N_h1,source_matrix,minus,-2,2,32,32,0,0.0,0,0.0,0,0.0,0,0.0,0,0.0,0,0.0,32,1.0,1,Q,True,0,0.0,0,0,,0,0,,,,,,
bart,time,42,formal,N_h1,source_matrix,minus,-1,2,32,32,0,0.0,0,0.0,0,0.0,0,0.0,0,0.0,0,0.0,32,1.0,1,Q,False,0,0.0,0,0,,0,0,,,,,,
bart,time,42,formal,N_h1,source_matrix,minus,0,2,32,32,0,0.0,0,0.0,0,0.0,0,0.0,0,0.0,0,0.0,32,1.0,1,Q,False,0,0.0,0,0,,0,0,,,,,,
bart,time,42,formal,N_h1,source_matrix,minus,1,2,32,32,0,0.0,0,0.0,0,0.0,0,0.0,0,0.0,0,0.0,32,1.0,1,Q,False,0,0.0,0,0,,0,0,,,,,,
bart,time,42,formal,N_h1,source_matrix,minus,2,2,32,32,0,0.0,0,0.0,0,0.0,0,0.0,0,0.0,0,0.0,32,1.0,1,Q,False,32,1.0,32,0,0.0,32,0,0.0,,,,,
bart,time,42,formal,N_h1,source_matrix,plus,-2,2,32,32,0,0.0,0,0.0,0,0.0,0,0.0,0,0.0,0,0.0,32,1.0,1,U,True,0,0.0,0,0,,0,0,,,,,,
bart,time,42,formal,N_h1,source_matrix,plus,-1,2,32,32,0,0.0,0,0.0,0,0.0,0,0.0,0,0.0,0,0.0,32,1.0,1,U,False,0,0.0,0,0,,0,0,,,,,,
bart,time,42,formal,N_h1,source_matrix,plus,0,2,32,32,0,0.0,0,0.0,0,0.0,0,0.0,0,0.0,0,0.0,32,1.0,1,U,False,0,0.0,0,0,,0,0,,,,,,
bart,time,42,formal,N_h1,source_matrix,plus,1,2,32,32,0,0.0,0,0.0,0,0.0,0,0.0,0,0.0,0,0.0,32,1.0,1,U,False,0,0.0,0,0,,0,0,,,,,,
bart,time,42,formal,N_h1,source_matrix,plus,2,2,32,32,0,0.0,0,0.0,0,0.0,0,0.0,0,0.0,0,0.0,30,0.9375,1,U,False,32,1.0,32,0,0.0,32,0,0.0,,,,,
bart,time,42,formal,N_h1,source_matrix,plus,3,2,32,32,0,0.0,0,0.0,0,0.0,0,0.0,0,0.0,0,0.0,32,1.0,1,U,False,32,1.0,32,0,0.0,32,0,0.0,,,,,
bart,time,42,formal,N_h1,source_matrix,minus,-3,2,32,32,0,0.0,0,0.0,0,0.0,0,0.0,0,0.0,0,0.0,32,1.0,1,U,False,32,1.0,32,0,0.0,0,0,,,,,,
bart,time,42,formal,N_h1,source_matrix,minus,-2,2,32,32,0,0.0,0,0.0,0,0.0,0,0.0,0,0.0,0,0.0,32,1.0,1,U,True,0,0.0,0,0,,0,0,,,,,,
bart,time,42,formal,N_h1,source_matrix,minus,-1,2,32,32,0,0.0,0,0.0,0,0.0,0,0.0,0,0.0,0,0.0,32,1.0,1,U,False,0,0.0,0,0,,0,0,,,,,,
bart,time,42,formal,N_h1,source_matrix,minus,0,2,32,32,0,0.0,0,0.0,0,0.0,0,0.0,0,0.0,0,0.0,32,1.0,1,U,False,0,0.0,0,0,,0,0,,,,,,
bart,time,42,formal,N_h1,source_matrix,minus,1,2,32,32,0,0.0,0,0.0,0,0.0,0,0.0,0,0.0,0,0.0,32,1.0,1,U,False,0,0.0,0,0,,0,0,,,,,,
bart,time,42,formal,N_h1,source_matrix,minus,2,2,32,32,0,0.0,0,0.0,0,0.0,0,0.0,0,0.0,0,0.0,32,1.0,1,U,False,32,1.0,32,0,0.0,32,0,0.0,,,,,
bart,time,42,formal,N_h1,trajectory,,,0,32,32,32,1.0,32,1.0,32,1.0,32,1.0,32,1.0,32,1.0,32,1.0,,,,,,32,32,1.0,,,,latent,1,forward,32,1.0
bart,time,42,formal,N_h1,trajectory,,,0,32,32,0,0.0,0,0.0,0,0.0,0,0.0,0,0.0,0,0.0,30,0.9375,,,,,,32,0,0.0,,,,latent,2,forward,0,0.0
bart,time,42,formal,N_h1,trajectory,,,0,32,32,0,0.0,0,0.0,0,0.0,0,0.0,0,0.0,0,0.0,0,0.0,,,,,,0,0,,,,,latent,3,forward,0,0.0
bart,time,42,formal,N_h1,trajectory,,,0,32,32,0,0.0,0,0.0,0,0.0,0,0.0,0,0.0,0,0.0,0,0.0,,,,,,0,0,,,,,latent,4,forward,0,0.0
bart,time,42,formal,N_h1,trajectory,,,0,32,32,0,0.0,0,0.0,0,0.0,0,0.0,0,0.0,0,0.0,0,0.0,,,,,,0,0,,,,,latent,5,forward,0,0.0
bart,time,42,formal,N_h1,trajectory,,,0,32,32,32,1.0,32,1.0,32,1.0,32,1.0,32,1.0,32,1.0,32,1.0,,,,,,32,32,1.0,,,,decode_reencode,1,forward,32,1.0
bart,time,42,formal,N_h1,trajectory,,,0,32,32,32,1.0,32,1.0,32,1.0,32,1.0,32,1.0,32,1.0,32,1.0,,,,,,32,32,1.0,,,,decode_reencode,2,forward,32,1.0
bart,time,42,formal,N_h1,trajectory,,,0,32,32,32,1.0,32,1.0,32,1.0,32,1.0,32,1.0,32,1.0,32,1.0,,,,,,32,32,1.0,,,,decode_reencode,3,forward,32,1.0
bart,time,42,formal,N_h1,trajectory,,,0,32,32,32,1.0,32,1.0,32,1.0,32,1.0,32,1.0,32,1.0,32,1.0,,,,,,32,32,1.0,,,,decode_reencode,4,forward,32,1.0
bart,time,42,formal,N_h1,trajectory,,,0,32,32,32,1.0,32,1.0,32,1.0,32,1.0,32,1.0,32,1.0,32,1.0,,,,,,32,32,1.0,,,,decode_reencode,5,forward,32,1.0
bart,time,42,formal,N_h1,trajectory,,,0,32,32,32,1.0,32,1.0,32,1.0,32,1.0,32,1.0,32,1.0,32,1.0,,,,,,32,32,1.0,,,,gold_reencode,1,forward,32,1.0
bart,time,42,formal,N_h1,trajectory,,,0,32,32,32,1.0,32,1.0,32,1.0,32,1.0,32,1.0,32,1.0,32,1.0,,,,,,32,32,1.0,,,,gold_reencode,2,forward,32,1.0
bart,time,42,formal,N_h1,trajectory,,,0,32,32,32,1.0,32,1.0,32,1.0,32,1.0,32,1.0,32,1.0,32,1.0,,,,,,32,32,1.0,,,,gold_reencode,3,forward,32,1.0
bart,time,42,formal,N_h1,trajectory,,,0,32,32,32,1.0,32,1.0,32,1.0,32,1.0,32,1.0,32,1.0,32,1.0,,,,,,32,32,1.0,,,,gold_reencode,4,forward,32,1.0
bart,time,42,formal,N_h1,trajectory,,,0,32,32,32,1.0,32,1.0,32,1.0,32,1.0,32,1.0,32,1.0,32,1.0,,,,,,32,32,1.0,,,,gold_reencode,5,forward,32,1.0
bart,time,42,formal,N_h1,trajectory,,,0,32,32,32,1.0,32,1.0,32,1.0,32,1.0,32,1.0,32,1.0,32,1.0,,,,,,32,32,1.0,,,,latent,1,reverse,32,1.0
bart,time,42,formal,N_h1,trajectory,,,0,32,32,0,0.0,0,0.0,0,0.0,0,0.0,0,0.0,0,0.0,11,0.34375,,,,,,32,0,0.0,,,,latent,2,reverse,0,0.0
bart,time,42,formal,N_h1,trajectory,,,0,32,32,0,0.0,0,0.0,0,0.0,0,0.0,0,0.0,0,0.0,1,0.03125,,,,,,0,0,,,,,latent,3,reverse,0,0.0
bart,time,42,formal,N_h1,trajectory,,,0,32,32,0,0.0,0,0.0,0,0.0,0,0.0,0,0.0,0,0.0,0,0.0,,,,,,0,0,,,,,latent,4,reverse,0,0.0
bart,time,42,formal,N_h1,trajectory,,,0,32,32,0,0.0,0,0.0,0,0.0,0,0.0,0,0.0,0,0.0,0,0.0,,,,,,0,0,,,,,latent,5,reverse,0,0.0
bart,time,42,formal,N_h1,trajectory,,,0,32,32,32,1.0,32,1.0,32,1.0,32,1.0,32,1.0,32,1.0,32,1.0,,,,,,32,32,1.0,,,,decode_reencode,1,reverse,32,1.0
bart,time,42,formal,N_h1,trajectory,,,0,32,32,32,1.0,32,1.0,32,1.0,32,1.0,32,1.0,32,1.0,32,1.0,,,,,,32,32,1.0,,,,decode_reencode,2,reverse,32,1.0
bart,time,42,formal,N_h1,trajectory,,,0,32,32,32,1.0,32,1.0,32,1.0,32,1.0,32,1.0,32,1.0,32,1.0,,,,,,32,32,1.0,,,,decode_reencode,3,reverse,32,1.0
bart,time,42,formal,N_h1,trajectory,,,0,32,32,32,1.0,32,1.0,32,1.0,32,1.0,32,1.0,32,1.0,32,1.0,,,,,,32,32,1.0,,,,decode_reencode,4,reverse,32,1.0
bart,time,42,formal,N_h1,trajectory,,,0,32,32,32,1.0,32,1.0,32,1.0,32,1.0,32,1.0,32,1.0,32,1.0,,,,,,32,32,1.0,,,,decode_reencode,5,reverse,32,1.0
bart,time,42,formal,N_h1,trajectory,,,0,32,32,32,1.0,32,1.0,32,1.0,32,1.0,32,1.0,32,1.0,32,1.0,,,,,,32,32,1.0,,,,gold_reencode,1,reverse,32,1.0
bart,time,42,formal,N_h1,trajectory,,,0,32,32,32,1.0,32,1.0,32,1.0,32,1.0,32,1.0,32,1.0,32,1.0,,,,,,32,32,1.0,,,,gold_reencode,2,reverse,32,1.0
bart,time,42,formal,N_h1,trajectory,,,0,32,32,32,1.0,32,1.0,32,1.0,32,1.0,32,1.0,32,1.0,32,1.0,,,,,,32,32,1.0,,,,gold_reencode,3,reverse,32,1.0
bart,time,42,formal,N_h1,trajectory,,,0,32,32,32,1.0,32,1.0,32,1.0,32,1.0,32,1.0,32,1.0,32,1.0,,,,,,32,32,1.0,,,,gold_reencode,4,reverse,32,1.0
bart,time,42,formal,N_h1,trajectory,,,0,32,32,32,1.0,32,1.0,32,1.0,32,1.0,32,1.0,32,1.0,32,1.0,,,,,,32,32,1.0,,,,gold_reencode,5,reverse,32,1.0
bart,time,42,formal,N_h1,trajectory,,,0,32,32,32,1.0,32,1.0,32,1.0,32,1.0,32,1.0,32,1.0,32,1.0,,,,,,32,32,1.0,,,,latent,1,inverse,32,1.0
bart,time,42,formal,N_h1,trajectory,,,0,32,32,0,0.0,0,0.0,0,0.0,0,0.0,0,0.0,0,0.0,32,1.0,,,,,,32,0,0.0,,,,latent,2,inverse,0,0.0
bart,time,42,formal,N_h1,trajectory,,,0,32,32,0,0.0,0,0.0,0,0.0,0,0.0,0,0.0,0,0.0,24,0.75,,,,,,0,0,,,,,latent,3,inverse,0,0.0
bart,time,42,formal,N_h1,trajectory,,,0,32,32,0,0.0,0,0.0,0,0.0,0,0.0,0,0.0,0,0.0,1,0.03125,,,,,,0,0,,,,,latent,4,inverse,0,0.0
bart,time,42,formal,N_h1,trajectory,,,0,32,32,0,0.0,0,0.0,0,0.0,0,0.0,0,0.0,0,0.0,0,0.0,,,,,,0,0,,,,,latent,5,inverse,0,0.0
bart,time,42,formal,N_h1,trajectory,,,0,32,32,32,1.0,32,1.0,32,1.0,32,1.0,32,1.0,32,1.0,32,1.0,,,,,,32,32,1.0,,,,decode_reencode,1,inverse,32,1.0
bart,time,42,formal,N_h1,trajectory,,,0,32,32,32,1.0,32,1.0,32,1.0,32,1.0,32,1.0,32,1.0,32,1.0,,,,,,32,32,1.0,,,,decode_reencode,2,inverse,32,1.0
bart,time,42,formal,N_h1,trajectory,,,0,32,32,32,1.0,32,1.0,32,1.0,32,1.0,32,1.0,32,1.0,32,1.0,,,,,,32,32,1.0,,,,decode_reencode,3,inverse,32,1.0
bart,time,42,formal,N_h1,trajectory,,,0,32,32,32,1.0,32,1.0,32,1.0,32,1.0,32,1.0,32,1.0,32,1.0,,,,,,32,32,1.0,,,,decode_reencode,4,inverse,32,1.0
bart,time,42,formal,N_h1,trajectory,,,0,32,32,32,1.0,32,1.0,32,1.0,32,1.0,32,1.0,32,1.0,32,1.0,,,,,,32,32,1.0,,,,decode_reencode,5,inverse,32,1.0
bart,time,42,formal,N_h1,trajectory,,,0,32,32,32,1.0,32,1.0,32,1.0,32,1.0,32,1.0,32,1.0,32,1.0,,,,,,32,32,1.0,,,,gold_reencode,1,inverse,32,1.0
bart,time,42,formal,N_h1,trajectory,,,0,32,32,32,1.0,32,1.0,32,1.0,32,1.0,32,1.0,32,1.0,32,1.0,,,,,,32,32,1.0,,,,gold_reencode,2,inverse,32,1.0
bart,time,42,formal,N_h1,trajectory,,,0,32,32,32,1.0,32,1.0,32,1.0,32,1.0,32,1.0,32,1.0,32,1.0,,,,,,32,32,1.0,,,,gold_reencode,3,inverse,32,1.0
bart,time,42,formal,N_h1,trajectory,,,0,32,32,32,1.0,32,1.0,32,1.0,32,1.0,32,1.0,32,1.0,32,1.0,,,,,,32,32,1.0,,,,gold_reencode,4,inverse,32,1.0
bart,time,42,formal,N_h1,trajectory,,,0,32,32,32,1.0,32,1.0,32,1.0,32,1.0,32,1.0,32,1.0,32,1.0,,,,,,32,32,1.0,,,,gold_reencode,5,inverse,32,1.0
bart,time,42,formal,N_h1,trajectory,,,2,32,32,32,1.0,32,1.0,32,1.0,32,1.0,32,1.0,32,1.0,32,1.0,,,,,,32,32,1.0,,,,latent,1,forward,32,1.0
bart,time,42,formal,N_h1,trajectory,,,2,32,32,0,0.0,0,0.0,0,0.0,0,0.0,0,0.0,0,0.0,30,0.9375,,,,,,32,0,0.0,,,,latent,2,forward,0,0.0
bart,time,42,formal,N_h1,trajectory,,,2,32,32,0,0.0,0,0.0,0,0.0,0,0.0,0,0.0,0,0.0,0,0.0,,,,,,0,0,,,,,latent,3,forward,0,0.0
bart,time,42,formal,N_h1,trajectory,,,2,32,32,0,0.0,0,0.0,0,0.0,0,0.0,0,0.0,0,0.0,0,0.0,,,,,,0,0,,,,,latent,4,forward,0,0.0
bart,time,42,formal,N_h1,trajectory,,,2,32,32,0,0.0,0,0.0,0,0.0,0,0.0,0,0.0,0,0.0,0,0.0,,,,,,0,0,,,,,latent,5,forward,0,0.0
bart,time,42,formal,N_h1,trajectory,,,2,32,32,32,1.0,32,1.0,32,1.0,32,1.0,32,1.0,32,1.0,32,1.0,,,,,,32,32,1.0,,,,decode_reencode,1,forward,32,1.0
bart,time,42,formal,N_h1,trajectory,,,2,32,32,0,0.0,0,0.0,32,1.0,0,0.0,32,1.0,32,1.0,32,1.0,,,,,,32,0,0.0,,,,decode_reencode,2,forward,0,0.0
bart,time,42,formal,N_h1,trajectory,,,2,32,32,0,0.0,0,0.0,32,1.0,0,0.0,32,1.0,32,1.0,32,1.0,,,,,,0,0,,,,,decode_reencode,3,forward,0,0.0
bart,time,42,formal,N_h1,trajectory,,,2,32,32,0,0.0,0,0.0,32,1.0,0,0.0,32,1.0,32,1.0,32,1.0,,,,,,0,0,,,,,decode_reencode,4,forward,0,0.0
bart,time,42,formal,N_h1,trajectory,,,2,32,32,0,0.0,0,0.0,32,1.0,0,0.0,32,1.0,32,1.0,32,1.0,,,,,,0,0,,,,,decode_reencode,5,forward,0,0.0
bart,time,42,formal,N_h1,trajectory,,,2,32,32,32,1.0,32,1.0,32,1.0,32,1.0,32,1.0,32,1.0,32,1.0,,,,,,32,32,1.0,,,,gold_reencode,1,forward,32,1.0
bart,time,42,formal,N_h1,trajectory,,,2,32,32,0,0.0,0,0.0,32,1.0,0,0.0,32,1.0,32,1.0,32,1.0,,,,,,32,0,0.0,,,,gold_reencode,2,forward,0,0.0
bart,time,42,formal,N_h1,trajectory,,,2,32,32,0,0.0,0,0.0,32,1.0,0,0.0,32,1.0,32,1.0,32,1.0,,,,,,0,0,,,,,gold_reencode,3,forward,0,0.0
bart,time,42,formal,N_h1,trajectory,,,2,32,32,0,0.0,0,0.0,32,1.0,0,0.0,32,1.0,32,1.0,32,1.0,,,,,,0,0,,,,,gold_reencode,4,forward,0,0.0
bart,time,42,formal,N_h1,trajectory,,,2,32,32,0,0.0,0,0.0,32,1.0,0,0.0,32,1.0,32,1.0,32,1.0,,,,,,0,0,,,,,gold_reencode,5,forward,0,0.0
bart,time,42,formal,N_h1,trajectory,,,2,32,32,2,0.0625,2,0.0625,32,1.0,2,0.0625,32,1.0,27,0.84375,32,1.0,,,,,,32,2,0.0625,,,,latent,1,reverse,2,0.0625
bart,time,42,formal,N_h1,trajectory,,,2,32,32,0,0.0,0,0.0,0,0.0,0,0.0,0,0.0,0,0.0,14,0.4375,,,,,,2,0,0.0,,,,latent,2,reverse,0,0.0
bart,time,42,formal,N_h1,trajectory,,,2,32,32,0,0.0,0,0.0,0,0.0,0,0.0,0,0.0,0,0.0,18,0.5625,,,,,,0,0,,,,,latent,3,reverse,0,0.0
bart,time,42,formal,N_h1,trajectory,,,2,32,32,0,0.0,0,0.0,0,0.0,0,0.0,0,0.0,0,0.0,0,0.0,,,,,,0,0,,,,,latent,4,reverse,0,0.0
bart,time,42,formal,N_h1,trajectory,,,2,32,32,0,0.0,0,0.0,0,0.0,0,0.0,0,0.0,0,0.0,0,0.0,,,,,,0,0,,,,,latent,5,reverse,0,0.0
bart,time,42,formal,N_h1,trajectory,,,2,32,32,2,0.0625,2,0.0625,32,1.0,2,0.0625,32,1.0,27,0.84375,32,1.0,,,,,,32,2,0.0625,,,,decode_reencode,1,reverse,2,0.0625
bart,time,42,formal,N_h1,trajectory,,,2,32,32,0,0.0,0,0.0,32,1.0,0,0.0,32,1.0,27,0.84375,32,1.0,,,,,,2,0,0.0,,,,decode_reencode,2,reverse,0,0.0
bart,time,42,formal,N_h1,trajectory,,,2,32,32,0,0.0,0,0.0,32,1.0,0,0.0,32,1.0,27,0.84375,32,1.0,,,,,,0,0,,,,,decode_reencode,3,reverse,0,0.0
bart,time,42,formal,N_h1,trajectory,,,2,32,32,0,0.0,0,0.0,32,1.0,0,0.0,32,1.0,27,0.84375,32,1.0,,,,,,0,0,,,,,decode_reencode,4,reverse,0,0.0
bart,time,42,formal,N_h1,trajectory,,,2,32,32,0,0.0,0,0.0,32,1.0,0,0.0,32,1.0,27,0.84375,32,1.0,,,,,,0,0,,,,,decode_reencode,5,reverse,0,0.0
bart,time,42,formal,N_h1,trajectory,,,2,32,32,2,0.0625,2,0.0625,32,1.0,2,0.0625,32,1.0,27,0.84375,32,1.0,,,,,,32,2,0.0625,,,,gold_reencode,1,reverse,2,0.0625
bart,time,42,formal,N_h1,trajectory,,,2,32,32,0,0.0,0,0.0,32,1.0,0,0.0,32,1.0,32,1.0,32,1.0,,,,,,2,0,0.0,,,,gold_reencode,2,reverse,0,0.0
bart,time,42,formal,N_h1,trajectory,,,2,32,32,0,0.0,0,0.0,32,1.0,0,0.0,32,1.0,32,1.0,32,1.0,,,,,,0,0,,,,,gold_reencode,3,reverse,0,0.0
bart,time,42,formal,N_h1,trajectory,,,2,32,32,0,0.0,0,0.0,32,1.0,0,0.0,32,1.0,32,1.0,32,1.0,,,,,,0,0,,,,,gold_reencode,4,reverse,0,0.0
bart,time,42,formal,N_h1,trajectory,,,2,32,32,0,0.0,0,0.0,32,1.0,0,0.0,32,1.0,32,1.0,32,1.0,,,,,,0,0,,,,,gold_reencode,5,reverse,0,0.0
bart,time,42,formal,N_h1,trajectory,,,2,32,32,0,0.0,0,0.0,32,1.0,0,0.0,32,1.0,32,1.0,32,1.0,,,,,,32,0,0.0,,,,latent,1,inverse,0,0.0
bart,time,42,formal,N_h1,trajectory,,,2,32,32,0,0.0,0,0.0,0,0.0,0,0.0,0,0.0,0,0.0,32,1.0,,,,,,0,0,,,,,latent,2,inverse,0,0.0
bart,time,42,formal,N_h1,trajectory,,,2,32,32,0,0.0,0,0.0,0,0.0,0,0.0,0,0.0,0,0.0,30,0.9375,,,,,,0,0,,,,,latent,3,inverse,0,0.0
bart,time,42,formal,N_h1,trajectory,,,2,32,32,0,0.0,0,0.0,0,0.0,0,0.0,0,0.0,0,0.0,0,0.0,,,,,,0,0,,,,,latent,4,inverse,0,0.0
bart,time,42,formal,N_h1,trajectory,,,2,32,32,0,0.0,0,0.0,0,0.0,0,0.0,0,0.0,0,0.0,0,0.0,,,,,,0,0,,,,,latent,5,inverse,0,0.0
bart,time,42,formal,N_h1,trajectory,,,2,32,32,0,0.0,0,0.0,32,1.0,0,0.0,32,1.0,32,1.0,32,1.0,,,,,,32,0,0.0,,,,decode_reencode,1,inverse,0,0.0
bart,time,42,formal,N_h1,trajectory,,,2,32,32,32,1.0,32,1.0,32,1.0,32,1.0,32,1.0,32,1.0,32,1.0,,,,,,0,0,,,,,decode_reencode,2,inverse,0,0.0
bart,time,42,formal,N_h1,trajectory,,,2,32,32,0,0.0,0,0.0,32,1.0,0,0.0,32,1.0,32,1.0,32,1.0,,,,,,32,0,0.0,,,,decode_reencode,3,inverse,0,0.0
bart,time,42,formal,N_h1,trajectory,,,2,32,32,32,1.0,32,1.0,32,1.0,32,1.0,32,1.0,32,1.0,32,1.0,,,,,,0,0,,,,,decode_reencode,4,inverse,0,0.0
bart,time,42,formal,N_h1,trajectory,,,2,32,32,0,0.0,0,0.0,32,1.0,0,0.0,32,1.0,32,1.0,32,1.0,,,,,,32,0,0.0,,,,decode_reencode,5,inverse,0,0.0
bart,time,42,formal,N_h1,trajectory,,,2,32,32,0,0.0,0,0.0,32,1.0,0,0.0,32,1.0,32,1.0,32,1.0,,,,,,32,0,0.0,,,,gold_reencode,1,inverse,0,0.0
bart,time,42,formal,N_h1,trajectory,,,2,32,32,0,0.0,0,0.0,32,1.0,0,0.0,32,1.0,32,1.0,32,1.0,,,,,,0,0,,,,,gold_reencode,2,inverse,0,0.0
bart,time,42,formal,N_h1,trajectory,,,2,32,32,0,0.0,0,0.0,32,1.0,0,0.0,32,1.0,32,1.0,32,1.0,,,,,,0,0,,,,,gold_reencode,3,inverse,0,0.0
bart,time,42,formal,N_h1,trajectory,,,2,32,32,0,0.0,0,0.0,32,1.0,0,0.0,32,1.0,32,1.0,32,1.0,,,,,,0,0,,,,,gold_reencode,4,inverse,0,0.0
bart,time,42,formal,N_h1,trajectory,,,2,32,32,0,0.0,0,0.0,32,1.0,0,0.0,32,1.0,32,1.0,32,1.0,,,,,,0,0,,,,,gold_reencode,5,inverse,0,0.0
bart,time,42,formal,S_h1,atomic,plus,-2,3,32,32,32,1.0,32,1.0,32,1.0,32,1.0,32,1.0,32,1.0,32,1.0,,,,,,,,,,,,,,,,
bart,time,42,formal,S_h1,atomic,plus,-1,3,32,32,32,1.0,32,1.0,32,1.0,32,1.0,32,1.0,32,1.0,32,1.0,,,,,,,,,,,,,,,,
bart,time,42,formal,S_h1,atomic,plus,0,3,32,32,32,1.0,32,1.0,32,1.0,32,1.0,32,1.0,32,1.0,32,1.0,,,,,,,,,,,,,,,,
bart,time,42,formal,S_h1,atomic,plus,1,3,32,32,32,1.0,32,1.0,32,1.0,32,1.0,32,1.0,32,1.0,32,1.0,,,,,,,,,,,,,,,,
bart,time,42,formal,S_h1,atomic,plus,2,3,32,32,32,1.0,32,1.0,32,1.0,32,1.0,32,1.0,32,1.0,32,1.0,,,,,,,,,,,,,,,,
bart,time,42,formal,S_h1,atomic,plus,3,3,32,32,32,1.0,32,1.0,32,1.0,32,1.0,32,1.0,32,1.0,32,1.0,,,,,,,,,,,,,,,,
bart,time,42,formal,S_h1,atomic,plus,-2,4,32,32,32,1.0,32,1.0,32,1.0,32,1.0,32,1.0,32,1.0,32,1.0,,,,,,,,,,,,,,,,
bart,time,42,formal,S_h1,atomic,plus,-1,4,32,32,3,0.09375,3,0.09375,3,0.09375,3,0.09375,32,1.0,3,0.09375,32,1.0,,,,,,,,,,,,,,,,
bart,time,42,formal,S_h1,atomic,plus,0,4,32,32,32,1.0,32,1.0,32,1.0,32,1.0,32,1.0,32,1.0,32,1.0,,,,,,,,,,,,,,,,
bart,time,42,formal,S_h1,atomic,plus,1,4,32,32,32,1.0,32,1.0,32,1.0,32,1.0,32,1.0,32,1.0,32,1.0,,,,,,,,,,,,,,,,
bart,time,42,formal,S_h1,atomic,plus,2,4,32,32,32,1.0,32,1.0,32,1.0,32,1.0,32,1.0,32,1.0,32,1.0,,,,,,,,,,,,,,,,
bart,time,42,formal,S_h1,atomic,plus,3,4,32,32,32,1.0,32,1.0,32,1.0,32,1.0,32,1.0,32,1.0,32,1.0,,,,,,,,,,,,,,,,
bart,time,42,formal,S_h1,atomic,plus,-2,5,32,32,0,0.0,32,1.0,0,0.0,0,0.0,32,1.0,32,1.0,32,1.0,,,,,,,,,,,,,,,,
bart,time,42,formal,S_h1,atomic,plus,-1,5,32,32,0,0.0,32,1.0,0,0.0,0,0.0,32,1.0,32,1.0,32,1.0,,,,,,,,,,,,,,,,
bart,time,42,formal,S_h1,atomic,plus,0,5,32,32,0,0.0,32,1.0,0,0.0,0,0.0,32,1.0,32,1.0,32,1.0,,,,,,,,,,,,,,,,
bart,time,42,formal,S_h1,atomic,plus,1,5,32,32,0,0.0,32,1.0,0,0.0,0,0.0,32,1.0,32,1.0,32,1.0,,,,,,,,,,,,,,,,
bart,time,42,formal,S_h1,atomic,plus,2,5,32,32,0,0.0,32,1.0,0,0.0,0,0.0,32,1.0,32,1.0,32,1.0,,,,,,,,,,,,,,,,
bart,time,42,formal,S_h1,atomic,plus,3,5,32,32,0,0.0,32,1.0,0,0.0,0,0.0,32,1.0,32,1.0,32,1.0,,,,,,,,,,,,,,,,
bart,time,42,formal,S_h1,atomic,minus,-3,3,32,32,32,1.0,32,1.0,32,1.0,32,1.0,32,1.0,32,1.0,32,1.0,,,,,,,,,,,,,,,,
bart,time,42,formal,S_h1,atomic,minus,-2,3,32,32,32,1.0,32,1.0,32,1.0,32,1.0,32,1.0,32,1.0,32,1.0,,,,,,,,,,,,,,,,
bart,time,42,formal,S_h1,atomic,minus,-1,3,32,32,32,1.0,32,1.0,32,1.0,32,1.0,32,1.0,32,1.0,32,1.0,,,,,,,,,,,,,,,,
bart,time,42,formal,S_h1,atomic,minus,0,3,32,32,32,1.0,32,1.0,32,1.0,32,1.0,32,1.0,32,1.0,32,1.0,,,,,,,,,,,,,,,,
bart,time,42,formal,S_h1,atomic,minus,1,3,32,32,32,1.0,32,1.0,32,1.0,32,1.0,32,1.0,32,1.0,32,1.0,,,,,,,,,,,,,,,,
bart,time,42,formal,S_h1,atomic,minus,2,3,32,32,32,1.0,32,1.0,32,1.0,32,1.0,32,1.0,32,1.0,32,1.0,,,,,,,,,,,,,,,,
bart,time,42,formal,S_h1,atomic,minus,-3,4,32,32,32,1.0,32,1.0,32,1.0,32,1.0,32,1.0,32,1.0,32,1.0,,,,,,,,,,,,,,,,
bart,time,42,formal,S_h1,atomic,minus,-2,4,32,32,32,1.0,32,1.0,32,1.0,32,1.0,32,1.0,32,1.0,32,1.0,,,,,,,,,,,,,,,,
bart,time,42,formal,S_h1,atomic,minus,-1,4,32,32,0,0.0,32,1.0,0,0.0,0,0.0,32,1.0,32,1.0,32,1.0,,,,,,,,,,,,,,,,
bart,time,42,formal,S_h1,atomic,minus,0,4,32,32,0,0.0,32,1.0,0,0.0,0,0.0,32,1.0,32,1.0,32,1.0,,,,,,,,,,,,,,,,
bart,time,42,formal,S_h1,atomic,minus,1,4,32,32,5,0.15625,32,1.0,5,0.15625,5,0.15625,32,1.0,32,1.0,32,1.0,,,,,,,,,,,,,,,,
bart,time,42,formal,S_h1,atomic,minus,2,4,32,32,4,0.125,32,1.0,4,0.125,4,0.125,32,1.0,32,1.0,32,1.0,,,,,,,,,,,,,,,,
bart,time,42,formal,S_h1,atomic,minus,-3,5,32,32,0,0.0,32,1.0,0,0.0,0,0.0,32,1.0,32,1.0,32,1.0,,,,,,,,,,,,,,,,
bart,time,42,formal,S_h1,atomic,minus,-2,5,32,32,0,0.0,32,1.0,0,0.0,0,0.0,32,1.0,32,1.0,32,1.0,,,,,,,,,,,,,,,,
bart,time,42,formal,S_h1,atomic,minus,-1,5,32,32,0,0.0,32,1.0,0,0.0,0,0.0,32,1.0,32,1.0,32,1.0,,,,,,,,,,,,,,,,
bart,time,42,formal,S_h1,atomic,minus,0,5,32,32,0,0.0,32,1.0,0,0.0,0,0.0,32,1.0,32,1.0,32,1.0,,,,,,,,,,,,,,,,
bart,time,42,formal,S_h1,atomic,minus,1,5,32,32,0,0.0,32,1.0,0,0.0,0,0.0,32,1.0,32,1.0,32,1.0,,,,,,,,,,,,,,,,
bart,time,42,formal,S_h1,atomic,minus,2,5,32,32,0,0.0,32,1.0,0,0.0,0,0.0,32,1.0,32,1.0,32,1.0,,,,,,,,,,,,,,,,
bart,time,42,formal,S_h1,atomic,plus,-2,0,32,32,32,1.0,32,1.0,32,1.0,32,1.0,32,1.0,32,1.0,32,1.0,,,,,,,,,,,,,,,,
bart,time,42,formal,S_h1,atomic,plus,-1,0,32,32,32,1.0,32,1.0,32,1.0,32,1.0,32,1.0,32,1.0,32,1.0,,,,,,,,,,,,,,,,
bart,time,42,formal,S_h1,atomic,plus,0,0,32,32,32,1.0,32,1.0,32,1.0,32,1.0,32,1.0,32,1.0,32,1.0,,,,,,,,,,,,,,,,
bart,time,42,formal,S_h1,atomic,plus,1,0,32,32,32,1.0,32,1.0,32,1.0,32,1.0,32,1.0,32,1.0,32,1.0,,,,,,,,,,,,,,,,
bart,time,42,formal,S_h1,atomic,plus,2,0,32,32,32,1.0,32,1.0,32,1.0,32,1.0,32,1.0,32,1.0,32,1.0,,,,,,,,,,,,,,,,
bart,time,42,formal,S_h1,atomic,plus,3,0,32,32,32,1.0,32,1.0,32,1.0,32,1.0,32,1.0,32,1.0,32,1.0,,,,,,,,,,,,,,,,
bart,time,42,formal,S_h1,atomic,plus,-2,1,32,32,32,1.0,32,1.0,32,1.0,32,1.0,32,1.0,32,1.0,32,1.0,,,,,,,,,,,,,,,,
bart,time,42,formal,S_h1,atomic,plus,-1,1,32,32,32,1.0,32,1.0,32,1.0,32,1.0,32,1.0,32,1.0,32,1.0,,,,,,,,,,,,,,,,
bart,time,42,formal,S_h1,atomic,plus,0,1,32,32,32,1.0,32,1.0,32,1.0,32,1.0,32,1.0,32,1.0,32,1.0,,,,,,,,,,,,,,,,
bart,time,42,formal,S_h1,atomic,plus,1,1,32,32,32,1.0,32,1.0,32,1.0,32,1.0,32,1.0,32,1.0,32,1.0,,,,,,,,,,,,,,,,
bart,time,42,formal,S_h1,atomic,plus,2,1,32,32,32,1.0,32,1.0,32,1.0,32,1.0,32,1.0,32,1.0,32,1.0,,,,,,,,,,,,,,,,
bart,time,42,formal,S_h1,atomic,plus,3,1,32,32,32,1.0,32,1.0,32,1.0,32,1.0,32,1.0,32,1.0,32,1.0,,,,,,,,,,,,,,,,
bart,time,42,formal,S_h1,atomic,minus,-3,0,32,32,32,1.0,32,1.0,32,1.0,32,1.0,32,1.0,32,1.0,32,1.0,,,,,,,,,,,,,,,,
bart,time,42,formal,S_h1,atomic,minus,-2,0,32,32,32,1.0,32,1.0,32,1.0,32,1.0,32,1.0,32,1.0,32,1.0,,,,,,,,,,,,,,,,
bart,time,42,formal,S_h1,atomic,minus,-1,0,32,32,32,1.0,32,1.0,32,1.0,32,1.0,32,1.0,32,1.0,32,1.0,,,,,,,,,,,,,,,,
bart,time,42,formal,S_h1,atomic,minus,0,0,32,32,32,1.0,32,1.0,32,1.0,32,1.0,32,1.0,32,1.0,32,1.0,,,,,,,,,,,,,,,,
bart,time,42,formal,S_h1,atomic,minus,1,0,32,32,32,1.0,32,1.0,32,1.0,32,1.0,32,1.0,32,1.0,32,1.0,,,,,,,,,,,,,,,,
bart,time,42,formal,S_h1,atomic,minus,2,0,32,32,32,1.0,32,1.0,32,1.0,32,1.0,32,1.0,32,1.0,32,1.0,,,,,,,,,,,,,,,,
bart,time,42,formal,S_h1,atomic,minus,-3,1,32,32,32,1.0,32,1.0,32,1.0,32,1.0,32,1.0,32,1.0,32,1.0,,,,,,,,,,,,,,,,
bart,time,42,formal,S_h1,atomic,minus,-2,1,32,32,32,1.0,32,1.0,32,1.0,32,1.0,32,1.0,32,1.0,32,1.0,,,,,,,,,,,,,,,,
bart,time,42,formal,S_h1,atomic,minus,-1,1,32,32,32,1.0,32,1.0,32,1.0,32,1.0,32,1.0,32,1.0,32,1.0,,,,,,,,,,,,,,,,
bart,time,42,formal,S_h1,atomic,minus,0,1,32,32,32,1.0,32,1.0,32,1.0,32,1.0,32,1.0,32,1.0,32,1.0,,,,,,,,,,,,,,,,
bart,time,42,formal,S_h1,atomic,minus,1,1,32,32,32,1.0,32,1.0,32,1.0,32,1.0,32,1.0,32,1.0,32,1.0,,,,,,,,,,,,,,,,
bart,time,42,formal,S_h1,atomic,minus,2,1,32,32,32,1.0,32,1.0,32,1.0,32,1.0,32,1.0,32,1.0,32,1.0,,,,,,,,,,,,,,,,
bart,time,42,formal,S_h1,atomic,plus,-2,2,32,32,0,0.0,0,0.0,32,1.0,0,0.0,32,1.0,0,0.0,32,1.0,,,,,,,,,,,,,,,,
bart,time,42,formal,S_h1,atomic,plus,-1,2,32,32,0,0.0,0,0.0,32,1.0,0,0.0,32,1.0,0,0.0,32,1.0,,,,,,,,,,,,,,,,
bart,time,42,formal,S_h1,atomic,plus,0,2,32,32,0,0.0,0,0.0,32,1.0,0,0.0,32,1.0,32,1.0,32,1.0,,,,,,,,,,,,,,,,
bart,time,42,formal,S_h1,atomic,plus,1,2,32,32,0,0.0,0,0.0,32,1.0,0,0.0,32,1.0,32,1.0,32,1.0,,,,,,,,,,,,,,,,
bart,time,42,formal,S_h1,atomic,plus,2,2,32,32,0,0.0,0,0.0,32,1.0,0,0.0,32,1.0,32,1.0,32,1.0,,,,,,,,,,,,,,,,
bart,time,42,formal,S_h1,atomic,plus,3,2,32,32,32,1.0,32,1.0,32,1.0,32,1.0,32,1.0,32,1.0,32,1.0,,,,,,,,,,,,,,,,
bart,time,42,formal,S_h1,atomic,minus,-3,2,32,32,0,0.0,0,0.0,32,1.0,0,0.0,32,1.0,27,0.84375,32,1.0,,,,,,,,,,,,,,,,
bart,time,42,formal,S_h1,atomic,minus,-2,2,32,32,0,0.0,0,0.0,32,1.0,0,0.0,32,1.0,29,0.90625,32,1.0,,,,,,,,,,,,,,,,
bart,time,42,formal,S_h1,atomic,minus,-1,2,32,32,0,0.0,0,0.0,32,1.0,0,0.0,32,1.0,29,0.90625,32,1.0,,,,,,,,,,,,,,,,
bart,time,42,formal,S_h1,atomic,minus,0,2,32,32,0,0.0,0,0.0,32,1.0,0,0.0,32,1.0,32,1.0,32,1.0,,,,,,,,,,,,,,,,
bart,time,42,formal,S_h1,atomic,minus,1,2,32,32,0,0.0,0,0.0,32,1.0,0,0.0,32,1.0,30,0.9375,32,1.0,,,,,,,,,,,,,,,,
bart,time,42,formal,S_h1,atomic,minus,2,2,32,32,31,0.96875,31,0.96875,32,1.0,31,0.96875,32,1.0,31,0.96875,32,1.0,,,,,,,,,,,,,,,,
bart,time,42,formal,S_h1,source_matrix,plus,-2,0,32,32,32,1.0,32,1.0,32,1.0,32,1.0,32,1.0,32,1.0,32,1.0,1,P,True,32,1.0,32,32,1.0,32,32,1.0,,,,,
bart,time,42,formal,S_h1,source_matrix,plus,-1,0,32,32,0,0.0,0,0.0,32,1.0,0,0.0,32,1.0,32,1.0,32,1.0,1,P,False,32,1.0,32,0,0.0,32,0,0.0,,,,,
bart,time,42,formal,S_h1,source_matrix,plus,0,0,32,32,32,1.0,32,1.0,32,1.0,32,1.0,32,1.0,32,1.0,32,1.0,1,P,False,32,1.0,32,32,1.0,32,32,1.0,,,,,
bart,time,42,formal,S_h1,source_matrix,plus,1,0,32,32,0,0.0,0,0.0,28,0.875,0,0.0,28,0.875,28,0.875,32,1.0,1,P,False,32,1.0,32,0,0.0,32,0,0.0,,,,,
bart,time,42,formal,S_h1,source_matrix,plus,2,0,32,32,26,0.8125,26,0.8125,26,0.8125,26,0.8125,26,0.8125,26,0.8125,32,1.0,1,P,False,32,1.0,32,26,0.8125,32,26,0.8125,,,,,
bart,time,42,formal,S_h1,source_matrix,plus,3,0,32,32,0,0.0,0,0.0,32,1.0,0,0.0,32,1.0,32,1.0,32,1.0,1,P,False,32,1.0,32,0,0.0,32,0,0.0,,,,,
bart,time,42,formal,S_h1,source_matrix,minus,-3,0,32,32,0,0.0,0,0.0,32,1.0,0,0.0,32,1.0,32,1.0,32,1.0,1,P,False,32,1.0,32,0,0.0,32,0,0.0,,,,,
bart,time,42,formal,S_h1,source_matrix,minus,-2,0,32,32,0,0.0,0,0.0,32,1.0,0,0.0,32,1.0,32,1.0,32,1.0,1,P,True,32,1.0,32,0,0.0,32,0,0.0,,,,,
bart,time,42,formal,S_h1,source_matrix,minus,-1,0,32,32,0,0.0,0,0.0,32,1.0,0,0.0,32,1.0,32,1.0,32,1.0,1,P,False,32,1.0,32,0,0.0,32,0,0.0,,,,,
bart,time,42,formal,S_h1,source_matrix,minus,0,0,32,32,32,1.0,32,1.0,32,1.0,32,1.0,32,1.0,32,1.0,32,1.0,1,P,False,32,1.0,32,32,1.0,32,32,1.0,,,,,
bart,time,42,formal,S_h1,source_matrix,minus,1,0,32,32,0,0.0,0,0.0,32,1.0,0,0.0,32,1.0,32,1.0,32,1.0,1,P,False,32,1.0,32,0,0.0,32,0,0.0,,,,,
bart,time,42,formal,S_h1,source_matrix,minus,2,0,32,32,28,0.875,28,0.875,32,1.0,28,0.875,32,1.0,32,1.0,32,1.0,1,P,False,32,1.0,32,28,0.875,32,28,0.875,,,,,
bart,time,42,formal,S_h1,source_matrix,plus,-2,0,32,32,32,1.0,32,1.0,32,1.0,32,1.0,32,1.0,32,1.0,32,1.0,1,Q,True,32,1.0,32,32,1.0,32,32,1.0,,,,,
bart,time,42,formal,S_h1,source_matrix,plus,-1,0,32,32,0,0.0,0,0.0,32,1.0,0,0.0,32,1.0,32,1.0,32,1.0,1,Q,False,32,1.0,32,0,0.0,32,0,0.0,,,,,
bart,time,42,formal,S_h1,source_matrix,plus,0,0,32,32,32,1.0,32,1.0,32,1.0,32,1.0,32,1.0,32,1.0,32,1.0,1,Q,False,32,1.0,32,32,1.0,32,32,1.0,,,,,
bart,time,42,formal,S_h1,source_matrix,plus,1,0,32,32,0,0.0,0,0.0,31,0.96875,0,0.0,31,0.96875,31,0.96875,32,1.0,1,Q,False,32,1.0,32,0,0.0,32,0,0.0,,,,,
bart,time,42,formal,S_h1,source_matrix,plus,2,0,32,32,28,0.875,28,0.875,28,0.875,28,0.875,28,0.875,28,0.875,32,1.0,1,Q,False,32,1.0,32,28,0.875,32,28,0.875,,,,,
bart,time,42,formal,S_h1,source_matrix,plus,3,0,32,32,0,0.0,0,0.0,32,1.0,0,0.0,32,1.0,32,1.0,32,1.0,1,Q,False,32,1.0,32,0,0.0,32,0,0.0,,,,,
bart,time,42,formal,S_h1,source_matrix,minus,-3,0,32,32,0,0.0,0,0.0,32,1.0,0,0.0,32,1.0,32,1.0,32,1.0,1,Q,False,32,1.0,32,0,0.0,32,0,0.0,,,,,
bart,time,42,formal,S_h1,source_matrix,minus,-2,0,32,32,0,0.0,0,0.0,32,1.0,0,0.0,32,1.0,32,1.0,32,1.0,1,Q,True,32,1.0,32,0,0.0,32,0,0.0,,,,,
bart,time,42,formal,S_h1,source_matrix,minus,-1,0,32,32,0,0.0,0,0.0,32,1.0,0,0.0,32,1.0,32,1.0,32,1.0,1,Q,False,32,1.0,32,0,0.0,32,0,0.0,,,,,
bart,time,42,formal,S_h1,source_matrix,minus,0,0,32,32,32,1.0,32,1.0,32,1.0,32,1.0,32,1.0,32,1.0,32,1.0,1,Q,False,32,1.0,32,32,1.0,32,32,1.0,,,,,
bart,time,42,formal,S_h1,source_matrix,minus,1,0,32,32,0,0.0,0,0.0,32,1.0,0,0.0,32,1.0,32,1.0,32,1.0,1,Q,False,32,1.0,32,0,0.0,32,0,0.0,,,,,
bart,time,42,formal,S_h1,source_matrix,minus,2,0,32,32,25,0.78125,25,0.78125,32,1.0,25,0.78125,32,1.0,32,1.0,32,1.0,1,Q,False,32,1.0,32,25,0.78125,32,25,0.78125,,,,,
bart,time,42,formal,S_h1,source_matrix,plus,-2,0,32,32,15,0.46875,15,0.46875,15,0.46875,15,0.46875,15,0.46875,15,0.46875,32,1.0,1,U,True,32,1.0,32,15,0.46875,32,15,0.46875,,,,,
bart,time,42,formal,S_h1,source_matrix,plus,-1,0,32,32,0,0.0,0,0.0,32,1.0,0,0.0,32,1.0,32,1.0,32,1.0,1,U,False,32,1.0,32,0,0.0,32,0,0.0,,,,,
bart,time,42,formal,S_h1,source_matrix,plus,0,0,32,32,32,1.0,32,1.0,32,1.0,32,1.0,32,1.0,32,1.0,32,1.0,1,U,False,32,1.0,32,32,1.0,32,32,1.0,,,,,
bart,time,42,formal,S_h1,source_matrix,plus,1,0,32,32,0,0.0,0,0.0,32,1.0,0,0.0,32,1.0,32,1.0,32,1.0,1,U,False,32,1.0,32,0,0.0,32,0,0.0,,,,,
bart,time,42,formal,S_h1,source_matrix,plus,2,0,32,32,31,0.96875,31,0.96875,32,1.0,31,0.96875,32,1.0,32,1.0,32,1.0,1,U,False,32,1.0,32,31,0.96875,32,31,0.96875,,,,,
bart,time,42,formal,S_h1,source_matrix,plus,3,0,32,32,0,0.0,0,0.0,31,0.96875,0,0.0,31,0.96875,31,0.96875,32,1.0,1,U,False,32,1.0,32,0,0.0,32,0,0.0,,,,,
bart,time,42,formal,S_h1,source_matrix,minus,-3,0,32,32,0,0.0,0,0.0,29,0.90625,0,0.0,29,0.90625,29,0.90625,32,1.0,1,U,False,32,1.0,32,0,0.0,32,0,0.0,,,,,
bart,time,42,formal,S_h1,source_matrix,minus,-2,0,32,32,0,0.0,0,0.0,32,1.0,0,0.0,32,1.0,32,1.0,32,1.0,1,U,True,32,1.0,32,0,0.0,32,0,0.0,,,,,
bart,time,42,formal,S_h1,source_matrix,minus,-1,0,32,32,0,0.0,0,0.0,32,1.0,0,0.0,32,1.0,32,1.0,32,1.0,1,U,False,32,1.0,32,0,0.0,32,0,0.0,,,,,
bart,time,42,formal,S_h1,source_matrix,minus,0,0,32,32,32,1.0,32,1.0,32,1.0,32,1.0,32,1.0,32,1.0,32,1.0,1,U,False,32,1.0,32,32,1.0,32,32,1.0,,,,,
bart,time,42,formal,S_h1,source_matrix,minus,1,0,32,32,0,0.0,0,0.0,25,0.78125,0,0.0,25,0.78125,23,0.71875,32,1.0,1,U,False,32,1.0,32,0,0.0,32,0,0.0,,,,,
bart,time,42,formal,S_h1,source_matrix,minus,2,0,32,32,23,0.71875,23,0.71875,26,0.8125,23,0.71875,26,0.8125,26,0.8125,32,1.0,1,U,False,32,1.0,32,23,0.71875,32,23,0.71875,,,,,
bart,time,42,formal,S_h1,source_matrix,plus,-2,2,32,32,5,0.15625,5,0.15625,31,0.96875,5,0.15625,31,0.96875,5,0.15625,32,1.0,1,P,True,0,0.0,0,0,,0,0,,,,,,
bart,time,42,formal,S_h1,source_matrix,plus,-1,2,32,32,0,0.0,0,0.0,32,1.0,0,0.0,32,1.0,0,0.0,32,1.0,1,P,False,0,0.0,0,0,,0,0,,,,,,
bart,time,42,formal,S_h1,source_matrix,plus,0,2,32,32,0,0.0,0,0.0,31,0.96875,0,0.0,31,0.96875,29,0.90625,32,1.0,1,P,False,0,0.0,0,0,,0,0,,,,,,
bart,time,42,formal,S_h1,source_matrix,plus,1,2,32,32,0,0.0,0,0.0,30,0.9375,0,0.0,30,0.9375,30,0.9375,32,1.0,1,P,False,0,0.0,0,0,,0,0,,,,,,
bart,time,42,formal,S_h1,source_matrix,plus,2,2,32,32,0,0.0,0,0.0,32,1.0,0,0.0,32,1.0,28,0.875,32,1.0,1,P,False,32,1.0,32,0,0.0,32,0,0.0,,,,,
bart,time,42,formal,S_h1,source_matrix,plus,3,2,32,32,0,0.0,0,0.0,28,0.875,0,0.0,28,0.875,21,0.65625,32,1.0,1,P,False,32,1.0,32,0,0.0,32,0,0.0,,,,,
bart,time,42,formal,S_h1,source_matrix,minus,-3,2,32,32,0,0.0,0,0.0,27,0.84375,0,0.0,28,0.875,4,0.125,32,1.0,1,P,False,0,0.0,0,0,,0,0,,,,,,
bart,time,42,formal,S_h1,source_matrix,minus,-2,2,32,32,0,0.0,0,0.0,26,0.8125,0,0.0,26,0.8125,0,0.0,32,1.0,1,P,True,0,0.0,0,0,,0,0,,,,,,
bart,time,42,formal,S_h1,source_matrix,minus,-1,2,32,32,0,0.0,0,0.0,32,1.0,0,0.0,32,1.0,1,0.03125,32,1.0,1,P,False,0,0.0,0,0,,0,0,,,,,,
bart,time,42,formal,S_h1,source_matrix,minus,0,2,32,32,0,0.0,0,0.0,18,0.5625,0,0.0,18,0.5625,13,0.40625,32,1.0,1,P,False,0,0.0,0,0,,0,0,,,,,,
bart,time,42,formal,S_h1,source_matrix,minus,1,2,32,32,0,0.0,0,0.0,21,0.65625,0,0.0,21,0.65625,17,0.53125,32,1.0,1,P,False,0,0.0,0,0,,0,0,,,,,,
bart,time,42,formal,S_h1,source_matrix,minus,2,2,32,32,7,0.21875,7,0.21875,11,0.34375,7,0.21875,11,0.34375,7,0.21875,32,1.0,1,P,False,32,1.0,32,7,0.21875,32,7,0.21875,,,,,
bart,time,42,formal,S_h1,source_matrix,plus,-2,2,32,32,20,0.625,20,0.625,27,0.84375,20,0.625,27,0.84375,20,0.625,32,1.0,1,Q,True,0,0.0,0,0,,0,0,,,,,,
bart,time,42,formal,S_h1,source_matrix,plus,-1,2,32,32,0,0.0,0,0.0,32,1.0,0,0.0,32,1.0,0,0.0,32,1.0,1,Q,False,0,0.0,0,0,,0,0,,,,,,
bart,time,42,formal,S_h1,source_matrix,plus,0,2,32,32,0,0.0,0,0.0,30,0.9375,0,0.0,30,0.9375,28,0.875,32,1.0,1,Q,False,0,0.0,0,0,,0,0,,,,,,
bart,time,42,formal,S_h1,source_matrix,plus,1,2,32,32,0,0.0,0,0.0,30,0.9375,0,0.0,30,0.9375,29,0.90625,32,1.0,1,Q,False,0,0.0,0,0,,0,0,,,,,,
bart,time,42,formal,S_h1,source_matrix,plus,2,2,32,32,0,0.0,0,0.0,32,1.0,0,0.0,32,1.0,25,0.78125,32,1.0,1,Q,False,32,1.0,32,0,0.0,32,0,0.0,,,,,
bart,time,42,formal,S_h1,source_matrix,plus,3,2,32,32,0,0.0,0,0.0,28,0.875,0,0.0,28,0.875,22,0.6875,32,1.0,1,Q,False,32,1.0,32,0,0.0,32,0,0.0,,,,,
bart,time,42,formal,S_h1,source_matrix,minus,-3,2,32,32,0,0.0,0,0.0,27,0.84375,0,0.0,27,0.84375,1,0.03125,32,1.0,1,Q,False,3,0.09375,3,0,0.0,0,0,,,,,,
bart,time,42,formal,S_h1,source_matrix,minus,-2,2,32,32,0,0.0,0,0.0,25,0.78125,0,0.0,25,0.78125,0,0.0,32,1.0,1,Q,True,0,0.0,0,0,,0,0,,,,,,
bart,time,42,formal,S_h1,source_matrix,minus,-1,2,32,32,0,0.0,0,0.0,32,1.0,0,0.0,32,1.0,11,0.34375,32,1.0,1,Q,False,0,0.0,0,0,,0,0,,,,,,
bart,time,42,formal,S_h1,source_matrix,minus,0,2,32,32,0,0.0,0,0.0,20,0.625,0,0.0,20,0.625,10,0.3125,32,1.0,1,Q,False,0,0.0,0,0,,0,0,,,,,,
bart,time,42,formal,S_h1,source_matrix,minus,1,2,32,32,0,0.0,0,0.0,20,0.625,0,0.0,20,0.625,15,0.46875,32,1.0,1,Q,False,0,0.0,0,0,,0,0,,,,,,
bart,time,42,formal,S_h1,source_matrix,minus,2,2,32,32,7,0.21875,7,0.21875,13,0.40625,7,0.21875,13,0.40625,7,0.21875,32,1.0,1,Q,False,32,1.0,32,7,0.21875,32,7,0.21875,,,,,
bart,time,42,formal,S_h1,source_matrix,plus,-2,2,32,32,11,0.34375,11,0.34375,25,0.78125,11,0.34375,25,0.78125,11,0.34375,32,1.0,1,U,True,0,0.0,0,0,,0,0,,,,,,
bart,time,42,formal,S_h1,source_matrix,plus,-1,2,32,32,0,0.0,0,0.0,32,1.0,0,0.0,32,1.0,4,0.125,32,1.0,1,U,False,0,0.0,0,0,,0,0,,,,,,
bart,time,42,formal,S_h1,source_matrix,plus,0,2,32,32,0,0.0,0,0.0,28,0.875,0,0.0,28,0.875,16,0.5,32,1.0,1,U,False,0,0.0,0,0,,0,0,,,,,,
bart,time,42,formal,S_h1,source_matrix,plus,1,2,32,32,0,0.0,0,0.0,30,0.9375,0,0.0,30,0.9375,17,0.53125,32,1.0,1,U,False,0,0.0,0,0,,0,0,,,,,,
bart,time,42,formal,S_h1,source_matrix,plus,2,2,32,32,0,0.0,0,0.0,24,0.75,0,0.0,24,0.75,11,0.34375,32,1.0,1,U,False,32,1.0,32,0,0.0,32,0,0.0,,,,,
bart,time,42,formal,S_h1,source_matrix,plus,3,2,32,32,0,0.0,0,0.0,27,0.84375,0,0.0,27,0.84375,26,0.8125,32,1.0,1,U,False,32,1.0,32,0,0.0,32,0,0.0,,,,,
bart,time,42,formal,S_h1,source_matrix,minus,-3,2,32,32,0,0.0,0,0.0,7,0.21875,0,0.0,7,0.21875,7,0.21875,32,1.0,1,U,False,32,1.0,32,0,0.0,0,0,,,,,,
bart,time,42,formal,S_h1,source_matrix,minus,-2,2,32,32,0,0.0,0,0.0,7,0.21875,0,0.0,7,0.21875,7,0.21875,32,1.0,1,U,True,0,0.0,0,0,,0,0,,,,,,
bart,time,42,formal,S_h1,source_matrix,minus,-1,2,32,32,0,0.0,0,0.0,3,0.09375,0,0.0,3,0.09375,3,0.09375,32,1.0,1,U,False,0,0.0,0,0,,0,0,,,,,,
bart,time,42,formal,S_h1,source_matrix,minus,0,2,32,32,0,0.0,0,0.0,10,0.3125,0,0.0,10,0.3125,7,0.21875,32,1.0,1,U,False,0,0.0,0,0,,0,0,,,,,,
bart,time,42,formal,S_h1,source_matrix,minus,1,2,32,32,0,0.0,0,0.0,8,0.25,0,0.0,8,0.25,7,0.21875,32,1.0,1,U,False,0,0.0,0,0,,0,0,,,,,,
bart,time,42,formal,S_h1,source_matrix,minus,2,2,32,32,1,0.03125,1,0.03125,4,0.125,1,0.03125,4,0.125,1,0.03125,32,1.0,1,U,False,32,1.0,32,1,0.03125,32,1,0.03125,,,,,
bart,time,42,formal,S_h1,trajectory,,,0,32,32,32,1.0,32,1.0,32,1.0,32,1.0,32,1.0,32,1.0,32,1.0,,,,,,32,32,1.0,,,,latent,1,forward,32,1.0
bart,time,42,formal,S_h1,trajectory,,,0,32,32,27,0.84375,27,0.84375,27,0.84375,27,0.84375,27,0.84375,27,0.84375,32,1.0,,,,,,32,27,0.84375,,,,latent,2,forward,27,0.84375
bart,time,42,formal,S_h1,trajectory,,,0,32,32,0,0.0,0,0.0,0,0.0,0,0.0,0,0.0,0,0.0,32,1.0,,,,,,27,0,0.0,,,,latent,3,forward,0,0.0
bart,time,42,formal,S_h1,trajectory,,,0,32,32,0,0.0,0,0.0,0,0.0,0,0.0,0,0.0,0,0.0,32,1.0,,,,,,0,0,,,,,latent,4,forward,0,0.0
bart,time,42,formal,S_h1,trajectory,,,0,32,32,0,0.0,0,0.0,0,0.0,0,0.0,0,0.0,0,0.0,30,0.9375,,,,,,0,0,,,,,latent,5,forward,0,0.0
bart,time,42,formal,S_h1,trajectory,,,0,32,32,32,1.0,32,1.0,32,1.0,32,1.0,32,1.0,32,1.0,32,1.0,,,,,,32,32,1.0,,,,decode_reencode,1,forward,32,1.0
bart,time,42,formal,S_h1,trajectory,,,0,32,32,32,1.0,32,1.0,32,1.0,32,1.0,32,1.0,32,1.0,32,1.0,,,,,,32,32,1.0,,,,decode_reencode,2,forward,32,1.0
bart,time,42,formal,S_h1,trajectory,,,0,32,32,32,1.0,32,1.0,32,1.0,32,1.0,32,1.0,32,1.0,32,1.0,,,,,,32,32,1.0,,,,decode_reencode,3,forward,32,1.0
bart,time,42,formal,S_h1,trajectory,,,0,32,32,32,1.0,32,1.0,32,1.0,32,1.0,32,1.0,32,1.0,32,1.0,,,,,,32,32,1.0,,,,decode_reencode,4,forward,32,1.0
bart,time,42,formal,S_h1,trajectory,,,0,32,32,32,1.0,32,1.0,32,1.0,32,1.0,32,1.0,32,1.0,32,1.0,,,,,,32,32,1.0,,,,decode_reencode,5,forward,32,1.0
bart,time,42,formal,S_h1,trajectory,,,0,32,32,32,1.0,32,1.0,32,1.0,32,1.0,32,1.0,32,1.0,32,1.0,,,,,,32,32,1.0,,,,gold_reencode,1,forward,32,1.0
bart,time,42,formal,S_h1,trajectory,,,0,32,32,32,1.0,32,1.0,32,1.0,32,1.0,32,1.0,32,1.0,32,1.0,,,,,,32,32,1.0,,,,gold_reencode,2,forward,32,1.0
bart,time,42,formal,S_h1,trajectory,,,0,32,32,32,1.0,32,1.0,32,1.0,32,1.0,32,1.0,32,1.0,32,1.0,,,,,,32,32,1.0,,,,gold_reencode,3,forward,32,1.0
bart,time,42,formal,S_h1,trajectory,,,0,32,32,32,1.0,32,1.0,32,1.0,32,1.0,32,1.0,32,1.0,32,1.0,,,,,,32,32,1.0,,,,gold_reencode,4,forward,32,1.0
bart,time,42,formal,S_h1,trajectory,,,0,32,32,32,1.0,32,1.0,32,1.0,32,1.0,32,1.0,32,1.0,32,1.0,,,,,,32,32,1.0,,,,gold_reencode,5,forward,32,1.0
bart,time,42,formal,S_h1,trajectory,,,0,32,32,32,1.0,32,1.0,32,1.0,32,1.0,32,1.0,32,1.0,32,1.0,,,,,,32,32,1.0,,,,latent,1,reverse,32,1.0
bart,time,42,formal,S_h1,trajectory,,,0,32,32,0,0.0,0,0.0,0,0.0,0,0.0,0,0.0,0,0.0,32,1.0,,,,,,32,0,0.0,,,,latent,2,reverse,0,0.0
bart,time,42,formal,S_h1,trajectory,,,0,32,32,0,0.0,0,0.0,0,0.0,0,0.0,0,0.0,0,0.0,32,1.0,,,,,,0,0,,,,,latent,3,reverse,0,0.0
bart,time,42,formal,S_h1,trajectory,,,0,32,32,0,0.0,0,0.0,0,0.0,0,0.0,0,0.0,0,0.0,32,1.0,,,,,,0,0,,,,,latent,4,reverse,0,0.0
bart,time,42,formal,S_h1,trajectory,,,0,32,32,0,0.0,0,0.0,0,0.0,0,0.0,0,0.0,0,0.0,31,0.96875,,,,,,0,0,,,,,latent,5,reverse,0,0.0
bart,time,42,formal,S_h1,trajectory,,,0,32,32,32,1.0,32,1.0,32,1.0,32,1.0,32,1.0,32,1.0,32,1.0,,,,,,32,32,1.0,,,,decode_reencode,1,reverse,32,1.0
bart,time,42,formal,S_h1,trajectory,,,0,32,32,32,1.0,32,1.0,32,1.0,32,1.0,32,1.0,32,1.0,32,1.0,,,,,,32,32,1.0,,,,decode_reencode,2,reverse,32,1.0
bart,time,42,formal,S_h1,trajectory,,,0,32,32,32,1.0,32,1.0,32,1.0,32,1.0,32,1.0,32,1.0,32,1.0,,,,,,32,32,1.0,,,,decode_reencode,3,reverse,32,1.0
bart,time,42,formal,S_h1,trajectory,,,0,32,32,32,1.0,32,1.0,32,1.0,32,1.0,32,1.0,32,1.0,32,1.0,,,,,,32,32,1.0,,,,decode_reencode,4,reverse,32,1.0
bart,time,42,formal,S_h1,trajectory,,,0,32,32,32,1.0,32,1.0,32,1.0,32,1.0,32,1.0,32,1.0,32,1.0,,,,,,32,32,1.0,,,,decode_reencode,5,reverse,32,1.0
bart,time,42,formal,S_h1,trajectory,,,0,32,32,32,1.0,32,1.0,32,1.0,32,1.0,32,1.0,32,1.0,32,1.0,,,,,,32,32,1.0,,,,gold_reencode,1,reverse,32,1.0
bart,time,42,formal,S_h1,trajectory,,,0,32,32,32,1.0,32,1.0,32,1.0,32,1.0,32,1.0,32,1.0,32,1.0,,,,,,32,32,1.0,,,,gold_reencode,2,reverse,32,1.0
bart,time,42,formal,S_h1,trajectory,,,0,32,32,32,1.0,32,1.0,32,1.0,32,1.0,32,1.0,32,1.0,32,1.0,,,,,,32,32,1.0,,,,gold_reencode,3,reverse,32,1.0
bart,time,42,formal,S_h1,trajectory,,,0,32,32,32,1.0,32,1.0,32,1.0,32,1.0,32,1.0,32,1.0,32,1.0,,,,,,32,32,1.0,,,,gold_reencode,4,reverse,32,1.0
bart,time,42,formal,S_h1,trajectory,,,0,32,32,32,1.0,32,1.0,32,1.0,32,1.0,32,1.0,32,1.0,32,1.0,,,,,,32,32,1.0,,,,gold_reencode,5,reverse,32,1.0
bart,time,42,formal,S_h1,trajectory,,,0,32,32,32,1.0,32,1.0,32,1.0,32,1.0,32,1.0,32,1.0,32,1.0,,,,,,32,32,1.0,,,,latent,1,inverse,32,1.0
bart,time,42,formal,S_h1,trajectory,,,0,32,32,0,0.0,0,0.0,32,1.0,0,0.0,32,1.0,32,1.0,32,1.0,,,,,,32,0,0.0,,,,latent,2,inverse,0,0.0
bart,time,42,formal,S_h1,trajectory,,,0,32,32,14,0.4375,14,0.4375,14,0.4375,14,0.4375,14,0.4375,14,0.4375,32,1.0,,,,,,0,0,,,,,latent,3,inverse,0,0.0
bart,time,42,formal,S_h1,trajectory,,,0,32,32,0,0.0,0,0.0,0,0.0,0,0.0,0,0.0,0,0.0,32,1.0,,,,,,14,0,0.0,,,,latent,4,inverse,0,0.0
bart,time,42,formal,S_h1,trajectory,,,0,32,32,0,0.0,0,0.0,0,0.0,0,0.0,0,0.0,0,0.0,32,1.0,,,,,,0,0,,,,,latent,5,inverse,0,0.0
bart,time,42,formal,S_h1,trajectory,,,0,32,32,32,1.0,32,1.0,32,1.0,32,1.0,32,1.0,32,1.0,32,1.0,,,,,,32,32,1.0,,,,decode_reencode,1,inverse,32,1.0
bart,time,42,formal,S_h1,trajectory,,,0,32,32,32,1.0,32,1.0,32,1.0,32,1.0,32,1.0,32,1.0,32,1.0,,,,,,32,32,1.0,,,,decode_reencode,2,inverse,32,1.0
bart,time,42,formal,S_h1,trajectory,,,0,32,32,32,1.0,32,1.0,32,1.0,32,1.0,32,1.0,32,1.0,32,1.0,,,,,,32,32,1.0,,,,decode_reencode,3,inverse,32,1.0
bart,time,42,formal,S_h1,trajectory,,,0,32,32,32,1.0,32,1.0,32,1.0,32,1.0,32,1.0,32,1.0,32,1.0,,,,,,32,32,1.0,,,,decode_reencode,4,inverse,32,1.0
bart,time,42,formal,S_h1,trajectory,,,0,32,32,32,1.0,32,1.0,32,1.0,32,1.0,32,1.0,32,1.0,32,1.0,,,,,,32,32,1.0,,,,decode_reencode,5,inverse,32,1.0
bart,time,42,formal,S_h1,trajectory,,,0,32,32,32,1.0,32,1.0,32,1.0,32,1.0,32,1.0,32,1.0,32,1.0,,,,,,32,32,1.0,,,,gold_reencode,1,inverse,32,1.0
bart,time,42,formal,S_h1,trajectory,,,0,32,32,32,1.0,32,1.0,32,1.0,32,1.0,32,1.0,32,1.0,32,1.0,,,,,,32,32,1.0,,,,gold_reencode,2,inverse,32,1.0
bart,time,42,formal,S_h1,trajectory,,,0,32,32,32,1.0,32,1.0,32,1.0,32,1.0,32,1.0,32,1.0,32,1.0,,,,,,32,32,1.0,,,,gold_reencode,3,inverse,32,1.0
bart,time,42,formal,S_h1,trajectory,,,0,32,32,32,1.0,32,1.0,32,1.0,32,1.0,32,1.0,32,1.0,32,1.0,,,,,,32,32,1.0,,,,gold_reencode,4,inverse,32,1.0
bart,time,42,formal,S_h1,trajectory,,,0,32,32,32,1.0,32,1.0,32,1.0,32,1.0,32,1.0,32,1.0,32,1.0,,,,,,32,32,1.0,,,,gold_reencode,5,inverse,32,1.0
bart,time,42,formal,S_h1,trajectory,,,2,32,32,32,1.0,32,1.0,32,1.0,32,1.0,32,1.0,32,1.0,32,1.0,,,,,,32,32,1.0,,,,latent,1,forward,32,1.0
bart,time,42,formal,S_h1,trajectory,,,2,32,32,0,0.0,0,0.0,32,1.0,0,0.0,32,1.0,19,0.59375,32,1.0,,,,,,32,0,0.0,,,,latent,2,forward,0,0.0
bart,time,42,formal,S_h1,trajectory,,,2,32,32,0,0.0,0,0.0,11,0.34375,0,0.0,11,0.34375,2,0.0625,32,1.0,,,,,,0,0,,,,,latent,3,forward,0,0.0
bart,time,42,formal,S_h1,trajectory,,,2,32,32,0,0.0,0,0.0,0,0.0,0,0.0,0,0.0,0,0.0,32,1.0,,,,,,0,0,,,,,latent,4,forward,0,0.0
bart,time,42,formal,S_h1,trajectory,,,2,32,32,0,0.0,0,0.0,0,0.0,0,0.0,0,0.0,0,0.0,32,1.0,,,,,,0,0,,,,,latent,5,forward,0,0.0
bart,time,42,formal,S_h1,trajectory,,,2,32,32,32,1.0,32,1.0,32,1.0,32,1.0,32,1.0,32,1.0,32,1.0,,,,,,32,32,1.0,,,,decode_reencode,1,forward,32,1.0
bart,time,42,formal,S_h1,trajectory,,,2,32,32,0,0.0,0,0.0,32,1.0,0,0.0,32,1.0,32,1.0,32,1.0,,,,,,32,0,0.0,,,,decode_reencode,2,forward,0,0.0
bart,time,42,formal,S_h1,trajectory,,,2,32,32,0,0.0,0,0.0,32,1.0,0,0.0,32,1.0,32,1.0,32,1.0,,,,,,0,0,,,,,decode_reencode,3,forward,0,0.0
bart,time,42,formal,S_h1,trajectory,,,2,32,32,0,0.0,0,0.0,32,1.0,0,0.0,32,1.0,32,1.0,32,1.0,,,,,,0,0,,,,,decode_reencode,4,forward,0,0.0
bart,time,42,formal,S_h1,trajectory,,,2,32,32,0,0.0,0,0.0,32,1.0,0,0.0,32,1.0,32,1.0,32,1.0,,,,,,0,0,,,,,decode_reencode,5,forward,0,0.0
bart,time,42,formal,S_h1,trajectory,,,2,32,32,32,1.0,32,1.0,32,1.0,32,1.0,32,1.0,32,1.0,32,1.0,,,,,,32,32,1.0,,,,gold_reencode,1,forward,32,1.0
bart,time,42,formal,S_h1,trajectory,,,2,32,32,0,0.0,0,0.0,32,1.0,0,0.0,32,1.0,32,1.0,32,1.0,,,,,,32,0,0.0,,,,gold_reencode,2,forward,0,0.0
bart,time,42,formal,S_h1,trajectory,,,2,32,32,0,0.0,0,0.0,32,1.0,0,0.0,32,1.0,32,1.0,32,1.0,,,,,,0,0,,,,,gold_reencode,3,forward,0,0.0
bart,time,42,formal,S_h1,trajectory,,,2,32,32,0,0.0,0,0.0,32,1.0,0,0.0,32,1.0,32,1.0,32,1.0,,,,,,0,0,,,,,gold_reencode,4,forward,0,0.0
bart,time,42,formal,S_h1,trajectory,,,2,32,32,0,0.0,0,0.0,32,1.0,0,0.0,32,1.0,0,0.0,32,1.0,,,,,,0,0,,,,,gold_reencode,5,forward,0,0.0
bart,time,42,formal,S_h1,trajectory,,,2,32,32,0,0.0,0,0.0,32,1.0,0,0.0,32,1.0,27,0.84375,32,1.0,,,,,,32,0,0.0,,,,latent,1,reverse,0,0.0
bart,time,42,formal,S_h1,trajectory,,,2,32,32,0,0.0,0,0.0,20,0.625,0,0.0,20,0.625,20,0.625,32,1.0,,,,,,0,0,,,,,latent,2,reverse,0,0.0
bart,time,42,formal,S_h1,trajectory,,,2,32,32,0,0.0,0,0.0,0,0.0,0,0.0,0,0.0,0,0.0,32,1.0,,,,,,0,0,,,,,latent,3,reverse,0,0.0
bart,time,42,formal,S_h1,trajectory,,,2,32,32,0,0.0,0,0.0,0,0.0,0,0.0,0,0.0,0,0.0,32,1.0,,,,,,0,0,,,,,latent,4,reverse,0,0.0
bart,time,42,formal,S_h1,trajectory,,,2,32,32,0,0.0,0,0.0,0,0.0,0,0.0,0,0.0,0,0.0,32,1.0,,,,,,0,0,,,,,latent,5,reverse,0,0.0
bart,time,42,formal,S_h1,trajectory,,,2,32,32,0,0.0,0,0.0,32,1.0,0,0.0,32,1.0,27,0.84375,32,1.0,,,,,,32,0,0.0,,,,decode_reencode,1,reverse,0,0.0
bart,time,42,formal,S_h1,trajectory,,,2,32,32,0,0.0,0,0.0,32,1.0,0,0.0,32,1.0,27,0.84375,32,1.0,,,,,,0,0,,,,,decode_reencode,2,reverse,0,0.0
bart,time,42,formal,S_h1,trajectory,,,2,32,32,0,0.0,0,0.0,32,1.0,0,0.0,32,1.0,27,0.84375,32,1.0,,,,,,0,0,,,,,decode_reencode,3,reverse,0,0.0
bart,time,42,formal,S_h1,trajectory,,,2,32,32,0,0.0,0,0.0,32,1.0,0,0.0,32,1.0,27,0.84375,32,1.0,,,,,,0,0,,,,,decode_reencode,4,reverse,0,0.0
bart,time,42,formal,S_h1,trajectory,,,2,32,32,0,0.0,0,0.0,32,1.0,0,0.0,32,1.0,27,0.84375,32,1.0,,,,,,0,0,,,,,decode_reencode,5,reverse,0,0.0
bart,time,42,formal,S_h1,trajectory,,,2,32,32,0,0.0,0,0.0,32,1.0,0,0.0,32,1.0,27,0.84375,32,1.0,,,,,,32,0,0.0,,,,gold_reencode,1,reverse,0,0.0
bart,time,42,formal,S_h1,trajectory,,,2,32,32,0,0.0,0,0.0,32,1.0,0,0.0,32,1.0,29,0.90625,32,1.0,,,,,,0,0,,,,,gold_reencode,2,reverse,0,0.0
bart,time,42,formal,S_h1,trajectory,,,2,32,32,0,0.0,0,0.0,32,1.0,0,0.0,32,1.0,29,0.90625,32,1.0,,,,,,0,0,,,,,gold_reencode,3,reverse,0,0.0
bart,time,42,formal,S_h1,trajectory,,,2,32,32,0,0.0,0,0.0,32,1.0,0,0.0,32,1.0,32,1.0,32,1.0,,,,,,0,0,,,,,gold_reencode,4,reverse,0,0.0
bart,time,42,formal,S_h1,trajectory,,,2,32,32,0,0.0,0,0.0,32,1.0,0,0.0,32,1.0,30,0.9375,32,1.0,,,,,,0,0,,,,,gold_reencode,5,reverse,0,0.0
bart,time,42,formal,S_h1,trajectory,,,2,32,32,0,0.0,0,0.0,32,1.0,0,0.0,32,1.0,32,1.0,32,1.0,,,,,,32,0,0.0,,,,latent,1,inverse,0,0.0
bart,time,42,formal,S_h1,trajectory,,,2,32,32,1,0.03125,1,0.03125,32,1.0,1,0.03125,32,1.0,32,1.0,32,1.0,,,,,,0,0,,,,,latent,2,inverse,0,0.0
bart,time,42,formal,S_h1,trajectory,,,2,32,32,0,0.0,0,0.0,12,0.375,0,0.0,12,0.375,0,0.0,32,1.0,,,,,,1,0,0.0,,,,latent,3,inverse,0,0.0
bart,time,42,formal,S_h1,trajectory,,,2,32,32,0,0.0,0,0.0,0,0.0,0,0.0,0,0.0,0,0.0,32,1.0,,,,,,0,0,,,,,latent,4,inverse,0,0.0
bart,time,42,formal,S_h1,trajectory,,,2,32,32,0,0.0,0,0.0,0,0.0,0,0.0,0,0.0,0,0.0,32,1.0,,,,,,0,0,,,,,latent,5,inverse,0,0.0
bart,time,42,formal,S_h1,trajectory,,,2,32,32,0,0.0,0,0.0,32,1.0,0,0.0,32,1.0,32,1.0,32,1.0,,,,,,32,0,0.0,,,,decode_reencode,1,inverse,0,0.0
bart,time,42,formal,S_h1,trajectory,,,2,32,32,32,1.0,32,1.0,32,1.0,32,1.0,32,1.0,32,1.0,32,1.0,,,,,,0,0,,,,,decode_reencode,2,inverse,0,0.0
bart,time,42,formal,S_h1,trajectory,,,2,32,32,0,0.0,0,0.0,32,1.0,0,0.0,32,1.0,32,1.0,32,1.0,,,,,,32,0,0.0,,,,decode_reencode,3,inverse,0,0.0
bart,time,42,formal,S_h1,trajectory,,,2,32,32,32,1.0,32,1.0,32,1.0,32,1.0,32,1.0,32,1.0,32,1.0,,,,,,0,0,,,,,decode_reencode,4,inverse,0,0.0
bart,time,42,formal,S_h1,trajectory,,,2,32,32,0,0.0,0,0.0,32,1.0,0,0.0,32,1.0,32,1.0,32,1.0,,,,,,32,0,0.0,,,,decode_reencode,5,inverse,0,0.0
bart,time,42,formal,S_h1,trajectory,,,2,32,32,0,0.0,0,0.0,32,1.0,0,0.0,32,1.0,32,1.0,32,1.0,,,,,,32,0,0.0,,,,gold_reencode,1,inverse,0,0.0
bart,time,42,formal,S_h1,trajectory,,,2,32,32,0,0.0,0,0.0,32,1.0,0,0.0,32,1.0,29,0.90625,32,1.0,,,,,,0,0,,,,,gold_reencode,2,inverse,0,0.0
bart,time,42,formal,S_h1,trajectory,,,2,32,32,0,0.0,0,0.0,32,1.0,0,0.0,32,1.0,32,1.0,32,1.0,,,,,,0,0,,,,,gold_reencode,3,inverse,0,0.0
bart,time,42,formal,S_h1,trajectory,,,2,32,32,0,0.0,0,0.0,32,1.0,0,0.0,32,1.0,29,0.90625,32,1.0,,,,,,0,0,,,,,gold_reencode,4,inverse,0,0.0
bart,time,42,formal,S_h1,trajectory,,,2,32,32,0,0.0,0,0.0,32,1.0,0,0.0,32,1.0,32,1.0,32,1.0,,,,,,0,0,,,,,gold_reencode,5,inverse,0,0.0
bart,time,43,formal,P,atomic,plus,-2,3,32,32,30,0.9375,30,0.9375,32,1.0,30,0.9375,32,1.0,30,0.9375,32,1.0,,,,,,,,,,,,,,,,
bart,time,43,formal,P,atomic,plus,-1,3,32,32,32,1.0,32,1.0,32,1.0,32,1.0,32,1.0,32,1.0,32,1.0,,,,,,,,,,,,,,,,
bart,time,43,formal,P,atomic,plus,0,3,32,32,32,1.0,32,1.0,32,1.0,32,1.0,32,1.0,32,1.0,32,1.0,,,,,,,,,,,,,,,,
bart,time,43,formal,P,atomic,plus,1,3,32,32,32,1.0,32,1.0,32,1.0,32,1.0,32,1.0,32,1.0,32,1.0,,,,,,,,,,,,,,,,
bart,time,43,formal,P,atomic,plus,2,3,32,32,32,1.0,32,1.0,32,1.0,32,1.0,32,1.0,32,1.0,32,1.0,,,,,,,,,,,,,,,,
bart,time,43,formal,P,atomic,plus,3,3,32,32,32,1.0,32,1.0,32,1.0,32,1.0,32,1.0,32,1.0,32,1.0,,,,,,,,,,,,,,,,
bart,time,43,formal,P,atomic,plus,-2,4,32,32,32,1.0,32,1.0,32,1.0,32,1.0,32,1.0,32,1.0,32,1.0,,,,,,,,,,,,,,,,
bart,time,43,formal,P,atomic,plus,-1,4,32,32,32,1.0,32,1.0,32,1.0,32,1.0,32,1.0,32,1.0,32,1.0,,,,,,,,,,,,,,,,
bart,time,43,formal,P,atomic,plus,0,4,32,32,32,1.0,32,1.0,32,1.0,32,1.0,32,1.0,32,1.0,32,1.0,,,,,,,,,,,,,,,,
bart,time,43,formal,P,atomic,plus,1,4,32,32,32,1.0,32,1.0,32,1.0,32,1.0,32,1.0,32,1.0,32,1.0,,,,,,,,,,,,,,,,
bart,time,43,formal,P,atomic,plus,2,4,32,32,32,1.0,32,1.0,32,1.0,32,1.0,32,1.0,32,1.0,32,1.0,,,,,,,,,,,,,,,,
bart,time,43,formal,P,atomic,plus,3,4,32,32,32,1.0,32,1.0,32,1.0,32,1.0,32,1.0,32,1.0,32,1.0,,,,,,,,,,,,,,,,
bart,time,43,formal,P,atomic,plus,-2,5,32,32,0,0.0,31,0.96875,0,0.0,0,0.0,32,1.0,32,1.0,32,1.0,,,,,,,,,,,,,,,,
bart,time,43,formal,P,atomic,plus,-1,5,32,32,0,0.0,32,1.0,0,0.0,0,0.0,32,1.0,32,1.0,32,1.0,,,,,,,,,,,,,,,,
bart,time,43,formal,P,atomic,plus,0,5,32,32,0,0.0,32,1.0,0,0.0,0,0.0,32,1.0,32,1.0,32,1.0,,,,,,,,,,,,,,,,
bart,time,43,formal,P,atomic,plus,1,5,32,32,0,0.0,32,1.0,0,0.0,0,0.0,32,1.0,32,1.0,32,1.0,,,,,,,,,,,,,,,,
bart,time,43,formal,P,atomic,plus,2,5,32,32,0,0.0,32,1.0,0,0.0,0,0.0,32,1.0,32,1.0,32,1.0,,,,,,,,,,,,,,,,
bart,time,43,formal,P,atomic,plus,3,5,32,32,0,0.0,32,1.0,0,0.0,0,0.0,32,1.0,32,1.0,32,1.0,,,,,,,,,,,,,,,,
bart,time,43,formal,P,atomic,minus,-3,3,32,32,32,1.0,32,1.0,32,1.0,32,1.0,32,1.0,32,1.0,32,1.0,,,,,,,,,,,,,,,,
bart,time,43,formal,P,atomic,minus,-2,3,32,32,32,1.0,32,1.0,32,1.0,32,1.0,32,1.0,32,1.0,32,1.0,,,,,,,,,,,,,,,,
bart,time,43,formal,P,atomic,minus,-1,3,32,32,32,1.0,32,1.0,32,1.0,32,1.0,32,1.0,32,1.0,32,1.0,,,,,,,,,,,,,,,,
bart,time,43,formal,P,atomic,minus,0,3,32,32,32,1.0,32,1.0,32,1.0,32,1.0,32,1.0,32,1.0,32,1.0,,,,,,,,,,,,,,,,
bart,time,43,formal,P,atomic,minus,1,3,32,32,32,1.0,32,1.0,32,1.0,32,1.0,32,1.0,32,1.0,32,1.0,,,,,,,,,,,,,,,,
bart,time,43,formal,P,atomic,minus,2,3,32,32,32,1.0,32,1.0,32,1.0,32,1.0,32,1.0,32,1.0,32,1.0,,,,,,,,,,,,,,,,
bart,time,43,formal,P,atomic,minus,-3,4,32,32,32,1.0,32,1.0,32,1.0,32,1.0,32,1.0,32,1.0,32,1.0,,,,,,,,,,,,,,,,
bart,time,43,formal,P,atomic,minus,-2,4,32,32,32,1.0,32,1.0,32,1.0,32,1.0,32,1.0,32,1.0,32,1.0,,,,,,,,,,,,,,,,
bart,time,43,formal,P,atomic,minus,-1,4,32,32,32,1.0,32,1.0,32,1.0,32,1.0,32,1.0,32,1.0,32,1.0,,,,,,,,,,,,,,,,
bart,time,43,formal,P,atomic,minus,0,4,32,32,32,1.0,32,1.0,32,1.0,32,1.0,32,1.0,32,1.0,32,1.0,,,,,,,,,,,,,,,,
bart,time,43,formal,P,atomic,minus,1,4,32,32,26,0.8125,26,0.8125,26,0.8125,26,0.8125,32,1.0,26,0.8125,32,1.0,,,,,,,,,,,,,,,,
bart,time,43,formal,P,atomic,minus,2,4,32,32,32,1.0,32,1.0,32,1.0,32,1.0,32,1.0,32,1.0,32,1.0,,,,,,,,,,,,,,,,
bart,time,43,formal,P,atomic,minus,-3,5,32,32,0,0.0,32,1.0,0,0.0,0,0.0,32,1.0,32,1.0,32,1.0,,,,,,,,,,,,,,,,
bart,time,43,formal,P,atomic,minus,-2,5,32,32,0,0.0,30,0.9375,0,0.0,0,0.0,30,0.9375,30,0.9375,32,1.0,,,,,,,,,,,,,,,,
bart,time,43,formal,P,atomic,minus,-1,5,32,32,0,0.0,31,0.96875,0,0.0,0,0.0,31,0.96875,31,0.96875,32,1.0,,,,,,,,,,,,,,,,
bart,time,43,formal,P,atomic,minus,0,5,32,32,0,0.0,25,0.78125,0,0.0,0,0.0,32,1.0,32,1.0,32,1.0,,,,,,,,,,,,,,,,
bart,time,43,formal,P,atomic,minus,1,5,32,32,0,0.0,19,0.59375,0,0.0,0,0.0,32,1.0,31,0.96875,32,1.0,,,,,,,,,,,,,,,,
bart,time,43,formal,P,atomic,minus,2,5,32,32,0,0.0,3,0.09375,0,0.0,0,0.0,32,1.0,3,0.09375,32,1.0,,,,,,,,,,,,,,,,
bart,time,43,formal,P,atomic,plus,-2,0,32,32,32,1.0,32,1.0,32,1.0,32,1.0,32,1.0,32,1.0,32,1.0,,,,,,,,,,,,,,,,
bart,time,43,formal,P,atomic,plus,-1,0,32,32,32,1.0,32,1.0,32,1.0,32,1.0,32,1.0,32,1.0,32,1.0,,,,,,,,,,,,,,,,
bart,time,43,formal,P,atomic,plus,0,0,32,32,32,1.0,32,1.0,32,1.0,32,1.0,32,1.0,32,1.0,32,1.0,,,,,,,,,,,,,,,,
bart,time,43,formal,P,atomic,plus,1,0,32,32,32,1.0,32,1.0,32,1.0,32,1.0,32,1.0,32,1.0,32,1.0,,,,,,,,,,,,,,,,
bart,time,43,formal,P,atomic,plus,2,0,32,32,32,1.0,32,1.0,32,1.0,32,1.0,32,1.0,32,1.0,32,1.0,,,,,,,,,,,,,,,,
bart,time,43,formal,P,atomic,plus,3,0,32,32,32,1.0,32,1.0,32,1.0,32,1.0,32,1.0,32,1.0,32,1.0,,,,,,,,,,,,,,,,
bart,time,43,formal,P,atomic,plus,-2,1,32,32,32,1.0,32,1.0,32,1.0,32,1.0,32,1.0,32,1.0,32,1.0,,,,,,,,,,,,,,,,
bart,time,43,formal,P,atomic,plus,-1,1,32,32,32,1.0,32,1.0,32,1.0,32,1.0,32,1.0,32,1.0,32,1.0,,,,,,,,,,,,,,,,
bart,time,43,formal,P,atomic,plus,0,1,32,32,32,1.0,32,1.0,32,1.0,32,1.0,32,1.0,32,1.0,32,1.0,,,,,,,,,,,,,,,,
bart,time,43,formal,P,atomic,plus,1,1,32,32,32,1.0,32,1.0,32,1.0,32,1.0,32,1.0,32,1.0,32,1.0,,,,,,,,,,,,,,,,
bart,time,43,formal,P,atomic,plus,2,1,32,32,32,1.0,32,1.0,32,1.0,32,1.0,32,1.0,32,1.0,32,1.0,,,,,,,,,,,,,,,,
bart,time,43,formal,P,atomic,plus,3,1,32,32,32,1.0,32,1.0,32,1.0,32,1.0,32,1.0,32,1.0,32,1.0,,,,,,,,,,,,,,,,
bart,time,43,formal,P,atomic,minus,-3,0,32,32,32,1.0,32,1.0,32,1.0,32,1.0,32,1.0,32,1.0,32,1.0,,,,,,,,,,,,,,,,
bart,time,43,formal,P,atomic,minus,-2,0,32,32,32,1.0,32,1.0,32,1.0,32,1.0,32,1.0,32,1.0,32,1.0,,,,,,,,,,,,,,,,
bart,time,43,formal,P,atomic,minus,-1,0,32,32,32,1.0,32,1.0,32,1.0,32,1.0,32,1.0,32,1.0,32,1.0,,,,,,,,,,,,,,,,
bart,time,43,formal,P,atomic,minus,0,0,32,32,32,1.0,32,1.0,32,1.0,32,1.0,32,1.0,32,1.0,32,1.0,,,,,,,,,,,,,,,,
bart,time,43,formal,P,atomic,minus,1,0,32,32,32,1.0,32,1.0,32,1.0,32,1.0,32,1.0,32,1.0,32,1.0,,,,,,,,,,,,,,,,
bart,time,43,formal,P,atomic,minus,2,0,32,32,32,1.0,32,1.0,32,1.0,32,1.0,32,1.0,32,1.0,32,1.0,,,,,,,,,,,,,,,,
bart,time,43,formal,P,atomic,minus,-3,1,32,32,32,1.0,32,1.0,32,1.0,32,1.0,32,1.0,32,1.0,32,1.0,,,,,,,,,,,,,,,,
bart,time,43,formal,P,atomic,minus,-2,1,32,32,32,1.0,32,1.0,32,1.0,32,1.0,32,1.0,32,1.0,32,1.0,,,,,,,,,,,,,,,,
bart,time,43,formal,P,atomic,minus,-1,1,32,32,32,1.0,32,1.0,32,1.0,32,1.0,32,1.0,32,1.0,32,1.0,,,,,,,,,,,,,,,,
bart,time,43,formal,P,atomic,minus,0,1,32,32,32,1.0,32,1.0,32,1.0,32,1.0,32,1.0,32,1.0,32,1.0,,,,,,,,,,,,,,,,
bart,time,43,formal,P,atomic,minus,1,1,32,32,32,1.0,32,1.0,32,1.0,32,1.0,32,1.0,32,1.0,32,1.0,,,,,,,,,,,,,,,,
bart,time,43,formal,P,atomic,minus,2,1,32,32,32,1.0,32,1.0,32,1.0,32,1.0,32,1.0,32,1.0,32,1.0,,,,,,,,,,,,,,,,
bart,time,43,formal,P,atomic,plus,-2,2,32,32,32,1.0,32,1.0,32,1.0,32,1.0,32,1.0,32,1.0,32,1.0,,,,,,,,,,,,,,,,
bart,time,43,formal,P,atomic,plus,-1,2,32,32,0,0.0,0,0.0,32,1.0,0,0.0,32,1.0,32,1.0,32,1.0,,,,,,,,,,,,,,,,
bart,time,43,formal,P,atomic,plus,0,2,32,32,0,0.0,0,0.0,32,1.0,0,0.0,32,1.0,32,1.0,32,1.0,,,,,,,,,,,,,,,,
bart,time,43,formal,P,atomic,plus,1,2,32,32,0,0.0,0,0.0,32,1.0,0,0.0,32,1.0,32,1.0,32,1.0,,,,,,,,,,,,,,,,
bart,time,43,formal,P,atomic,plus,2,2,32,32,0,0.0,0,0.0,32,1.0,0,0.0,32,1.0,32,1.0,32,1.0,,,,,,,,,,,,,,,,
bart,time,43,formal,P,atomic,plus,3,2,32,32,32,1.0,32,1.0,32,1.0,32,1.0,32,1.0,32,1.0,32,1.0,,,,,,,,,,,,,,,,
bart,time,43,formal,P,atomic,minus,-3,2,32,32,29,0.90625,29,0.90625,32,1.0,29,0.90625,32,1.0,29,0.90625,32,1.0,,,,,,,,,,,,,,,,
bart,time,43,formal,P,atomic,minus,-2,2,32,32,0,0.0,0,0.0,32,1.0,0,0.0,32,1.0,30,0.9375,32,1.0,,,,,,,,,,,,,,,,
bart,time,43,formal,P,atomic,minus,-1,2,32,32,0,0.0,0,0.0,32,1.0,0,0.0,32,1.0,30,0.9375,32,1.0,,,,,,,,,,,,,,,,
bart,time,43,formal,P,atomic,minus,0,2,32,32,0,0.0,0,0.0,32,1.0,0,0.0,32,1.0,32,1.0,32,1.0,,,,,,,,,,,,,,,,
bart,time,43,formal,P,atomic,minus,1,2,32,32,0,0.0,0,0.0,32,1.0,0,0.0,32,1.0,30,0.9375,32,1.0,,,,,,,,,,,,,,,,
bart,time,43,formal,P,atomic,minus,2,2,32,32,32,1.0,32,1.0,32,1.0,32,1.0,32,1.0,32,1.0,32,1.0,,,,,,,,,,,,,,,,
bart,time,43,formal,P,source_matrix,plus,-2,0,32,32,0,0.0,0,0.0,0,0.0,0,0.0,0,0.0,0,0.0,32,1.0,0,P,False,32,1.0,32,0,0.0,32,0,0.0,,,,,
bart,time,43,formal,P,source_matrix,plus,-1,0,32,32,0,0.0,0,0.0,0,0.0,0,0.0,0,0.0,0,0.0,32,1.0,0,P,False,32,1.0,32,0,0.0,32,0,0.0,,,,,
bart,time,43,formal,P,source_matrix,plus,0,0,32,32,0,0.0,0,0.0,0,0.0,0,0.0,0,0.0,0,0.0,32,1.0,0,P,False,32,1.0,32,0,0.0,32,0,0.0,,,,,
bart,time,43,formal,P,source_matrix,plus,1,0,32,32,0,0.0,0,0.0,0,0.0,0,0.0,0,0.0,0,0.0,30,0.9375,0,P,False,32,1.0,32,0,0.0,32,0,0.0,,,,,
bart,time,43,formal,P,source_matrix,plus,2,0,32,32,0,0.0,0,0.0,0,0.0,0,0.0,0,0.0,0,0.0,30,0.9375,0,P,True,32,1.0,32,0,0.0,32,0,0.0,,,,,
bart,time,43,formal,P,source_matrix,plus,3,0,32,32,0,0.0,0,0.0,0,0.0,0,0.0,0,0.0,0,0.0,32,1.0,0,P,False,32,1.0,32,0,0.0,32,0,0.0,,,,,
bart,time,43,formal,P,source_matrix,minus,-3,0,32,32,0,0.0,0,0.0,0,0.0,0,0.0,0,0.0,0,0.0,32,1.0,0,P,False,32,1.0,32,0,0.0,32,0,0.0,,,,,
bart,time,43,formal,P,source_matrix,minus,-2,0,32,32,0,0.0,0,0.0,0,0.0,0,0.0,0,0.0,0,0.0,32,1.0,0,P,False,32,1.0,32,0,0.0,32,0,0.0,,,,,
bart,time,43,formal,P,source_matrix,minus,-1,0,32,32,0,0.0,0,0.0,0,0.0,0,0.0,0,0.0,0,0.0,32,1.0,0,P,False,32,1.0,32,0,0.0,32,0,0.0,,,,,
bart,time,43,formal,P,source_matrix,minus,0,0,32,32,0,0.0,0,0.0,0,0.0,0,0.0,0,0.0,0,0.0,32,1.0,0,P,False,32,1.0,32,0,0.0,32,0,0.0,,,,,
bart,time,43,formal,P,source_matrix,minus,1,0,32,32,0,0.0,0,0.0,0,0.0,0,0.0,0,0.0,0,0.0,32,1.0,0,P,False,32,1.0,32,0,0.0,32,0,0.0,,,,,
bart,time,43,formal,P,source_matrix,minus,2,0,32,32,0,0.0,0,0.0,0,0.0,0,0.0,0,0.0,0,0.0,32,1.0,0,P,True,32,1.0,32,0,0.0,32,0,0.0,,,,,
bart,time,43,formal,P,source_matrix,plus,-2,0,32,32,0,0.0,0,0.0,0,0.0,0,0.0,0,0.0,0,0.0,32,1.0,0,Q,False,32,1.0,32,0,0.0,32,0,0.0,,,,,
bart,time,43,formal,P,source_matrix,plus,-1,0,32,32,0,0.0,0,0.0,0,0.0,0,0.0,0,0.0,0,0.0,32,1.0,0,Q,False,32,1.0,32,0,0.0,32,0,0.0,,,,,
bart,time,43,formal,P,source_matrix,plus,0,0,32,32,0,0.0,0,0.0,0,0.0,0,0.0,0,0.0,0,0.0,32,1.0,0,Q,False,32,1.0,32,0,0.0,32,0,0.0,,,,,
bart,time,43,formal,P,source_matrix,plus,1,0,32,32,0,0.0,0,0.0,0,0.0,0,0.0,0,0.0,0,0.0,30,0.9375,0,Q,False,32,1.0,32,0,0.0,32,0,0.0,,,,,
bart,time,43,formal,P,source_matrix,plus,2,0,32,32,0,0.0,0,0.0,0,0.0,0,0.0,0,0.0,0,0.0,31,0.96875,0,Q,True,32,1.0,32,0,0.0,32,0,0.0,,,,,
bart,time,43,formal,P,source_matrix,plus,3,0,32,32,0,0.0,0,0.0,0,0.0,0,0.0,0,0.0,0,0.0,32,1.0,0,Q,False,32,1.0,32,0,0.0,32,0,0.0,,,,,
bart,time,43,formal,P,source_matrix,minus,-3,0,32,32,0,0.0,0,0.0,0,0.0,0,0.0,0,0.0,0,0.0,32,1.0,0,Q,False,32,1.0,32,0,0.0,32,0,0.0,,,,,
bart,time,43,formal,P,source_matrix,minus,-2,0,32,32,0,0.0,0,0.0,0,0.0,0,0.0,0,0.0,0,0.0,32,1.0,0,Q,False,32,1.0,32,0,0.0,32,0,0.0,,,,,
bart,time,43,formal,P,source_matrix,minus,-1,0,32,32,0,0.0,0,0.0,0,0.0,0,0.0,0,0.0,0,0.0,32,1.0,0,Q,False,32,1.0,32,0,0.0,32,0,0.0,,,,,
bart,time,43,formal,P,source_matrix,minus,0,0,32,32,0,0.0,0,0.0,0,0.0,0,0.0,0,0.0,0,0.0,32,1.0,0,Q,False,32,1.0,32,0,0.0,32,0,0.0,,,,,
bart,time,43,formal,P,source_matrix,minus,1,0,32,32,0,0.0,0,0.0,0,0.0,0,0.0,0,0.0,0,0.0,31,0.96875,0,Q,False,32,1.0,32,0,0.0,32,0,0.0,,,,,
bart,time,43,formal,P,source_matrix,minus,2,0,32,32,0,0.0,0,0.0,0,0.0,0,0.0,0,0.0,0,0.0,31,0.96875,0,Q,True,32,1.0,32,0,0.0,32,0,0.0,,,,,
bart,time,43,formal,P,source_matrix,plus,-2,0,32,32,0,0.0,0,0.0,0,0.0,0,0.0,0,0.0,0,0.0,32,1.0,0,U,False,32,1.0,32,0,0.0,32,0,0.0,,,,,
bart,time,43,formal,P,source_matrix,plus,-1,0,32,32,0,0.0,0,0.0,0,0.0,0,0.0,0,0.0,0,0.0,32,1.0,0,U,False,32,1.0,32,0,0.0,32,0,0.0,,,,,
bart,time,43,formal,P,source_matrix,plus,0,0,32,32,0,0.0,0,0.0,0,0.0,0,0.0,0,0.0,0,0.0,32,1.0,0,U,False,32,1.0,32,0,0.0,32,0,0.0,,,,,
bart,time,43,formal,P,source_matrix,plus,1,0,32,32,0,0.0,0,0.0,0,0.0,0,0.0,0,0.0,0,0.0,32,1.0,0,U,False,32,1.0,32,0,0.0,32,0,0.0,,,,,
bart,time,43,formal,P,source_matrix,plus,2,0,32,32,0,0.0,0,0.0,0,0.0,0,0.0,0,0.0,0,0.0,32,1.0,0,U,True,32,1.0,32,0,0.0,32,0,0.0,,,,,
bart,time,43,formal,P,source_matrix,plus,3,0,32,32,0,0.0,0,0.0,0,0.0,0,0.0,0,0.0,0,0.0,32,1.0,0,U,False,32,1.0,32,0,0.0,32,0,0.0,,,,,
bart,time,43,formal,P,source_matrix,minus,-3,0,32,32,0,0.0,0,0.0,0,0.0,0,0.0,0,0.0,0,0.0,32,1.0,0,U,False,32,1.0,32,0,0.0,32,0,0.0,,,,,
bart,time,43,formal,P,source_matrix,minus,-2,0,32,32,0,0.0,0,0.0,0,0.0,0,0.0,0,0.0,0,0.0,32,1.0,0,U,False,32,1.0,32,0,0.0,32,0,0.0,,,,,
bart,time,43,formal,P,source_matrix,minus,-1,0,32,32,0,0.0,0,0.0,0,0.0,0,0.0,0,0.0,0,0.0,32,1.0,0,U,False,32,1.0,32,0,0.0,32,0,0.0,,,,,
bart,time,43,formal,P,source_matrix,minus,0,0,32,32,0,0.0,0,0.0,0,0.0,0,0.0,0,0.0,0,0.0,32,1.0,0,U,False,32,1.0,32,0,0.0,32,0,0.0,,,,,
bart,time,43,formal,P,source_matrix,minus,1,0,32,32,0,0.0,0,0.0,0,0.0,0,0.0,0,0.0,0,0.0,32,1.0,0,U,False,32,1.0,32,0,0.0,32,0,0.0,,,,,
bart,time,43,formal,P,source_matrix,minus,2,0,32,32,0,0.0,0,0.0,0,0.0,0,0.0,0,0.0,0,0.0,32,1.0,0,U,True,32,1.0,32,0,0.0,32,0,0.0,,,,,
bart,time,43,formal,P,source_matrix,plus,-2,2,32,32,0,0.0,0,0.0,0,0.0,0,0.0,0,0.0,0,0.0,32,1.0,0,P,False,0,0.0,0,0,,0,0,,,,,,
bart,time,43,formal,P,source_matrix,plus,-1,2,32,32,0,0.0,0,0.0,0,0.0,0,0.0,0,0.0,0,0.0,32,1.0,0,P,False,0,0.0,0,0,,0,0,,,,,,
bart,time,43,formal,P,source_matrix,plus,0,2,32,32,0,0.0,0,0.0,0,0.0,0,0.0,0,0.0,0,0.0,32,1.0,0,P,False,0,0.0,0,0,,0,0,,,,,,
bart,time,43,formal,P,source_matrix,plus,1,2,32,32,0,0.0,0,0.0,0,0.0,0,0.0,0,0.0,0,0.0,32,1.0,0,P,False,0,0.0,0,0,,0,0,,,,,,
bart,time,43,formal,P,source_matrix,plus,2,2,32,32,0,0.0,0,0.0,0,0.0,0,0.0,0,0.0,0,0.0,32,1.0,0,P,True,32,1.0,32,0,0.0,28,0,0.0,,,,,
bart,time,43,formal,P,source_matrix,plus,3,2,32,32,0,0.0,0,0.0,0,0.0,0,0.0,0,0.0,0,0.0,32,1.0,0,P,False,32,1.0,32,0,0.0,30,0,0.0,,,,,
bart,time,43,formal,P,source_matrix,minus,-3,2,32,32,0,0.0,0,0.0,0,0.0,0,0.0,0,0.0,0,0.0,32,1.0,0,P,False,32,1.0,32,0,0.0,30,0,0.0,,,,,
bart,time,43,formal,P,source_matrix,minus,-2,2,32,32,0,0.0,0,0.0,0,0.0,0,0.0,0,0.0,0,0.0,32,1.0,0,P,False,0,0.0,0,0,,0,0,,,,,,
bart,time,43,formal,P,source_matrix,minus,-1,2,32,32,0,0.0,0,0.0,0,0.0,0,0.0,0,0.0,0,0.0,32,1.0,0,P,False,0,0.0,0,0,,0,0,,,,,,
bart,time,43,formal,P,source_matrix,minus,0,2,32,32,0,0.0,0,0.0,0,0.0,0,0.0,0,0.0,0,0.0,32,1.0,0,P,False,0,0.0,0,0,,0,0,,,,,,
bart,time,43,formal,P,source_matrix,minus,1,2,32,32,0,0.0,0,0.0,0,0.0,0,0.0,0,0.0,0,0.0,32,1.0,0,P,False,0,0.0,0,0,,0,0,,,,,,
bart,time,43,formal,P,source_matrix,minus,2,2,32,32,0,0.0,0,0.0,0,0.0,0,0.0,0,0.0,0,0.0,32,1.0,0,P,True,32,1.0,32,0,0.0,28,0,0.0,,,,,
bart,time,43,formal,P,source_matrix,plus,-2,2,32,32,0,0.0,0,0.0,0,0.0,0,0.0,0,0.0,0,0.0,32,1.0,0,Q,False,0,0.0,0,0,,0,0,,,,,,
bart,time,43,formal,P,source_matrix,plus,-1,2,32,32,0,0.0,0,0.0,0,0.0,0,0.0,0,0.0,0,0.0,32,1.0,0,Q,False,0,0.0,0,0,,0,0,,,,,,
bart,time,43,formal,P,source_matrix,plus,0,2,32,32,0,0.0,0,0.0,0,0.0,0,0.0,0,0.0,0,0.0,32,1.0,0,Q,False,0,0.0,0,0,,0,0,,,,,,
bart,time,43,formal,P,source_matrix,plus,1,2,32,32,0,0.0,0,0.0,0,0.0,0,0.0,0,0.0,0,0.0,32,1.0,0,Q,False,0,0.0,0,0,,0,0,,,,,,
bart,time,43,formal,P,source_matrix,plus,2,2,32,32,0,0.0,0,0.0,0,0.0,0,0.0,0,0.0,0,0.0,32,1.0,0,Q,True,30,0.9375,30,0,0.0,28,0,0.0,,,,,
bart,time,43,formal,P,source_matrix,plus,3,2,32,32,0,0.0,0,0.0,0,0.0,0,0.0,0,0.0,0,0.0,32,1.0,0,Q,False,30,0.9375,30,0,0.0,30,0,0.0,,,,,
bart,time,43,formal,P,source_matrix,minus,-3,2,32,32,0,0.0,0,0.0,0,0.0,0,0.0,0,0.0,0,0.0,32,1.0,0,Q,False,32,1.0,32,0,0.0,30,0,0.0,,,,,
bart,time,43,formal,P,source_matrix,minus,-2,2,32,32,0,0.0,0,0.0,0,0.0,0,0.0,0,0.0,0,0.0,32,1.0,0,Q,False,0,0.0,0,0,,0,0,,,,,,
bart,time,43,formal,P,source_matrix,minus,-1,2,32,32,0,0.0,0,0.0,0,0.0,0,0.0,0,0.0,0,0.0,32,1.0,0,Q,False,0,0.0,0,0,,0,0,,,,,,
bart,time,43,formal,P,source_matrix,minus,0,2,32,32,0,0.0,0,0.0,0,0.0,0,0.0,0,0.0,0,0.0,32,1.0,0,Q,False,0,0.0,0,0,,0,0,,,,,,
bart,time,43,formal,P,source_matrix,minus,1,2,32,32,0,0.0,0,0.0,0,0.0,0,0.0,0,0.0,0,0.0,32,1.0,0,Q,False,0,0.0,0,0,,0,0,,,,,,
bart,time,43,formal,P,source_matrix,minus,2,2,32,32,0,0.0,0,0.0,0,0.0,0,0.0,0,0.0,0,0.0,32,1.0,0,Q,True,30,0.9375,30,0,0.0,28,0,0.0,,,,,
bart,time,43,formal,P,source_matrix,plus,-2,2,32,32,0,0.0,0,0.0,0,0.0,0,0.0,0,0.0,0,0.0,32,1.0,0,U,False,0,0.0,0,0,,0,0,,,,,,
bart,time,43,formal,P,source_matrix,plus,-1,2,32,32,0,0.0,0,0.0,0,0.0,0,0.0,0,0.0,0,0.0,32,1.0,0,U,False,0,0.0,0,0,,0,0,,,,,,
bart,time,43,formal,P,source_matrix,plus,0,2,32,32,0,0.0,0,0.0,0,0.0,0,0.0,0,0.0,0,0.0,32,1.0,0,U,False,0,0.0,0,0,,0,0,,,,,,
bart,time,43,formal,P,source_matrix,plus,1,2,32,32,0,0.0,0,0.0,0,0.0,0,0.0,0,0.0,0,0.0,32,1.0,0,U,False,0,0.0,0,0,,0,0,,,,,,
bart,time,43,formal,P,source_matrix,plus,2,2,32,32,0,0.0,0,0.0,0,0.0,0,0.0,0,0.0,0,0.0,32,1.0,0,U,True,30,0.9375,30,0,0.0,28,0,0.0,,,,,
bart,time,43,formal,P,source_matrix,plus,3,2,32,32,0,0.0,0,0.0,0,0.0,0,0.0,0,0.0,0,0.0,32,1.0,0,U,False,32,1.0,32,0,0.0,30,0,0.0,,,,,
bart,time,43,formal,P,source_matrix,minus,-3,2,32,32,0,0.0,0,0.0,0,0.0,0,0.0,0,0.0,0,0.0,32,1.0,0,U,False,30,0.9375,30,0,0.0,30,0,0.0,,,,,
bart,time,43,formal,P,source_matrix,minus,-2,2,32,32,0,0.0,0,0.0,0,0.0,0,0.0,0,0.0,0,0.0,32,1.0,0,U,False,0,0.0,0,0,,0,0,,,,,,
bart,time,43,formal,P,source_matrix,minus,-1,2,32,32,0,0.0,0,0.0,0,0.0,0,0.0,0,0.0,0,0.0,32,1.0,0,U,False,0,0.0,0,0,,0,0,,,,,,
bart,time,43,formal,P,source_matrix,minus,0,2,32,32,0,0.0,0,0.0,0,0.0,0,0.0,0,0.0,0,0.0,32,1.0,0,U,False,0,0.0,0,0,,0,0,,,,,,
bart,time,43,formal,P,source_matrix,minus,1,2,32,32,0,0.0,0,0.0,0,0.0,0,0.0,0,0.0,0,0.0,32,1.0,0,U,False,0,0.0,0,0,,0,0,,,,,,
bart,time,43,formal,P,source_matrix,minus,2,2,32,32,0,0.0,0,0.0,0,0.0,0,0.0,0,0.0,0,0.0,32,1.0,0,U,True,30,0.9375,30,0,0.0,28,0,0.0,,,,,
bart,time,43,formal,P,source_matrix,plus,-2,0,32,32,0,0.0,0,0.0,0,0.0,0,0.0,0,0.0,0,0.0,32,1.0,1,P,True,32,1.0,32,0,0.0,32,0,0.0,,,,,
bart,time,43,formal,P,source_matrix,plus,-1,0,32,32,0,0.0,0,0.0,0,0.0,0,0.0,0,0.0,0,0.0,32,1.0,1,P,False,32,1.0,32,0,0.0,32,0,0.0,,,,,
bart,time,43,formal,P,source_matrix,plus,0,0,32,32,0,0.0,0,0.0,0,0.0,0,0.0,0,0.0,0,0.0,32,1.0,1,P,False,32,1.0,32,0,0.0,32,0,0.0,,,,,
bart,time,43,formal,P,source_matrix,plus,1,0,32,32,0,0.0,0,0.0,0,0.0,0,0.0,0,0.0,0,0.0,30,0.9375,1,P,False,32,1.0,32,0,0.0,32,0,0.0,,,,,
bart,time,43,formal,P,source_matrix,plus,2,0,32,32,0,0.0,0,0.0,0,0.0,0,0.0,0,0.0,0,0.0,30,0.9375,1,P,False,32,1.0,32,0,0.0,32,0,0.0,,,,,
bart,time,43,formal,P,source_matrix,plus,3,0,32,32,0,0.0,0,0.0,0,0.0,0,0.0,0,0.0,0,0.0,32,1.0,1,P,False,32,1.0,32,0,0.0,32,0,0.0,,,,,
bart,time,43,formal,P,source_matrix,minus,-3,0,32,32,0,0.0,0,0.0,0,0.0,0,0.0,0,0.0,0,0.0,32,1.0,1,P,False,32,1.0,32,0,0.0,32,0,0.0,,,,,
bart,time,43,formal,P,source_matrix,minus,-2,0,32,32,0,0.0,0,0.0,0,0.0,0,0.0,0,0.0,0,0.0,32,1.0,1,P,True,32,1.0,32,0,0.0,32,0,0.0,,,,,
bart,time,43,formal,P,source_matrix,minus,-1,0,32,32,0,0.0,0,0.0,0,0.0,0,0.0,0,0.0,0,0.0,32,1.0,1,P,False,32,1.0,32,0,0.0,32,0,0.0,,,,,
bart,time,43,formal,P,source_matrix,minus,0,0,32,32,0,0.0,0,0.0,0,0.0,0,0.0,0,0.0,0,0.0,32,1.0,1,P,False,32,1.0,32,0,0.0,32,0,0.0,,,,,
bart,time,43,formal,P,source_matrix,minus,1,0,32,32,0,0.0,0,0.0,0,0.0,0,0.0,0,0.0,0,0.0,32,1.0,1,P,False,32,1.0,32,0,0.0,32,0,0.0,,,,,
bart,time,43,formal,P,source_matrix,minus,2,0,32,32,0,0.0,0,0.0,0,0.0,0,0.0,0,0.0,0,0.0,32,1.0,1,P,False,32,1.0,32,0,0.0,32,0,0.0,,,,,
bart,time,43,formal,P,source_matrix,plus,-2,0,32,32,0,0.0,0,0.0,0,0.0,0,0.0,0,0.0,0,0.0,32,1.0,1,Q,True,32,1.0,32,0,0.0,32,0,0.0,,,,,
bart,time,43,formal,P,source_matrix,plus,-1,0,32,32,0,0.0,0,0.0,0,0.0,0,0.0,0,0.0,0,0.0,32,1.0,1,Q,False,32,1.0,32,0,0.0,32,0,0.0,,,,,
bart,time,43,formal,P,source_matrix,plus,0,0,32,32,0,0.0,0,0.0,0,0.0,0,0.0,0,0.0,0,0.0,32,1.0,1,Q,False,32,1.0,32,0,0.0,32,0,0.0,,,,,
bart,time,43,formal,P,source_matrix,plus,1,0,32,32,0,0.0,0,0.0,0,0.0,0,0.0,0,0.0,0,0.0,30,0.9375,1,Q,False,32,1.0,32,0,0.0,32,0,0.0,,,,,
bart,time,43,formal,P,source_matrix,plus,2,0,32,32,0,0.0,0,0.0,0,0.0,0,0.0,0,0.0,0,0.0,31,0.96875,1,Q,False,32,1.0,32,0,0.0,32,0,0.0,,,,,
bart,time,43,formal,P,source_matrix,plus,3,0,32,32,0,0.0,0,0.0,0,0.0,0,0.0,0,0.0,0,0.0,32,1.0,1,Q,False,32,1.0,32,0,0.0,32,0,0.0,,,,,
bart,time,43,formal,P,source_matrix,minus,-3,0,32,32,0,0.0,0,0.0,0,0.0,0,0.0,0,0.0,0,0.0,32,1.0,1,Q,False,32,1.0,32,0,0.0,32,0,0.0,,,,,
bart,time,43,formal,P,source_matrix,minus,-2,0,32,32,0,0.0,0,0.0,0,0.0,0,0.0,0,0.0,0,0.0,32,1.0,1,Q,True,32,1.0,32,0,0.0,32,0,0.0,,,,,
bart,time,43,formal,P,source_matrix,minus,-1,0,32,32,0,0.0,0,0.0,0,0.0,0,0.0,0,0.0,0,0.0,32,1.0,1,Q,False,32,1.0,32,0,0.0,32,0,0.0,,,,,
bart,time,43,formal,P,source_matrix,minus,0,0,32,32,0,0.0,0,0.0,0,0.0,0,0.0,0,0.0,0,0.0,32,1.0,1,Q,False,32,1.0,32,0,0.0,32,0,0.0,,,,,
bart,time,43,formal,P,source_matrix,minus,1,0,32,32,0,0.0,0,0.0,0,0.0,0,0.0,0,0.0,0,0.0,31,0.96875,1,Q,False,32,1.0,32,0,0.0,32,0,0.0,,,,,
bart,time,43,formal,P,source_matrix,minus,2,0,32,32,0,0.0,0,0.0,0,0.0,0,0.0,0,0.0,0,0.0,31,0.96875,1,Q,False,32,1.0,32,0,0.0,32,0,0.0,,,,,
bart,time,43,formal,P,source_matrix,plus,-2,0,32,32,0,0.0,0,0.0,0,0.0,0,0.0,0,0.0,0,0.0,32,1.0,1,U,True,32,1.0,32,0,0.0,32,0,0.0,,,,,
bart,time,43,formal,P,source_matrix,plus,-1,0,32,32,0,0.0,0,0.0,0,0.0,0,0.0,0,0.0,0,0.0,32,1.0,1,U,False,32,1.0,32,0,0.0,32,0,0.0,,,,,
bart,time,43,formal,P,source_matrix,plus,0,0,32,32,0,0.0,0,0.0,0,0.0,0,0.0,0,0.0,0,0.0,32,1.0,1,U,False,32,1.0,32,0,0.0,32,0,0.0,,,,,
bart,time,43,formal,P,source_matrix,plus,1,0,32,32,0,0.0,0,0.0,0,0.0,0,0.0,0,0.0,0,0.0,32,1.0,1,U,False,32,1.0,32,0,0.0,32,0,0.0,,,,,
bart,time,43,formal,P,source_matrix,plus,2,0,32,32,0,0.0,0,0.0,0,0.0,0,0.0,0,0.0,0,0.0,32,1.0,1,U,False,32,1.0,32,0,0.0,32,0,0.0,,,,,
bart,time,43,formal,P,source_matrix,plus,3,0,32,32,0,0.0,0,0.0,0,0.0,0,0.0,0,0.0,0,0.0,32,1.0,1,U,False,32,1.0,32,0,0.0,32,0,0.0,,,,,
bart,time,43,formal,P,source_matrix,minus,-3,0,32,32,0,0.0,0,0.0,0,0.0,0,0.0,0,0.0,0,0.0,32,1.0,1,U,False,32,1.0,32,0,0.0,32,0,0.0,,,,,
bart,time,43,formal,P,source_matrix,minus,-2,0,32,32,0,0.0,0,0.0,0,0.0,0,0.0,0,0.0,0,0.0,32,1.0,1,U,True,32,1.0,32,0,0.0,32,0,0.0,,,,,
bart,time,43,formal,P,source_matrix,minus,-1,0,32,32,0,0.0,0,0.0,0,0.0,0,0.0,0,0.0,0,0.0,32,1.0,1,U,False,32,1.0,32,0,0.0,32,0,0.0,,,,,
bart,time,43,formal,P,source_matrix,minus,0,0,32,32,0,0.0,0,0.0,0,0.0,0,0.0,0,0.0,0,0.0,32,1.0,1,U,False,32,1.0,32,0,0.0,32,0,0.0,,,,,
bart,time,43,formal,P,source_matrix,minus,1,0,32,32,0,0.0,0,0.0,0,0.0,0,0.0,0,0.0,0,0.0,32,1.0,1,U,False,32,1.0,32,0,0.0,32,0,0.0,,,,,
bart,time,43,formal,P,source_matrix,minus,2,0,32,32,0,0.0,0,0.0,0,0.0,0,0.0,0,0.0,0,0.0,32,1.0,1,U,False,32,1.0,32,0,0.0,32,0,0.0,,,,,
bart,time,43,formal,P,source_matrix,plus,-2,2,32,32,0,0.0,0,0.0,0,0.0,0,0.0,0,0.0,0,0.0,32,1.0,1,P,True,0,0.0,0,0,,0,0,,,,,,
bart,time,43,formal,P,source_matrix,plus,-1,2,32,32,0,0.0,0,0.0,0,0.0,0,0.0,0,0.0,0,0.0,32,1.0,1,P,False,0,0.0,0,0,,0,0,,,,,,
bart,time,43,formal,P,source_matrix,plus,0,2,32,32,0,0.0,0,0.0,0,0.0,0,0.0,0,0.0,0,0.0,32,1.0,1,P,False,0,0.0,0,0,,0,0,,,,,,
bart,time,43,formal,P,source_matrix,plus,1,2,32,32,0,0.0,0,0.0,0,0.0,0,0.0,0,0.0,0,0.0,32,1.0,1,P,False,0,0.0,0,0,,0,0,,,,,,
bart,time,43,formal,P,source_matrix,plus,2,2,32,32,0,0.0,0,0.0,0,0.0,0,0.0,0,0.0,0,0.0,32,1.0,1,P,False,32,1.0,32,0,0.0,28,0,0.0,,,,,
bart,time,43,formal,P,source_matrix,plus,3,2,32,32,0,0.0,0,0.0,0,0.0,0,0.0,0,0.0,0,0.0,32,1.0,1,P,False,32,1.0,32,0,0.0,30,0,0.0,,,,,
bart,time,43,formal,P,source_matrix,minus,-3,2,32,32,0,0.0,0,0.0,0,0.0,0,0.0,0,0.0,0,0.0,32,1.0,1,P,False,32,1.0,32,0,0.0,30,0,0.0,,,,,
bart,time,43,formal,P,source_matrix,minus,-2,2,32,32,0,0.0,0,0.0,0,0.0,0,0.0,0,0.0,0,0.0,32,1.0,1,P,True,0,0.0,0,0,,0,0,,,,,,
bart,time,43,formal,P,source_matrix,minus,-1,2,32,32,0,0.0,0,0.0,0,0.0,0,0.0,0,0.0,0,0.0,32,1.0,1,P,False,0,0.0,0,0,,0,0,,,,,,
bart,time,43,formal,P,source_matrix,minus,0,2,32,32,0,0.0,0,0.0,0,0.0,0,0.0,0,0.0,0,0.0,32,1.0,1,P,False,0,0.0,0,0,,0,0,,,,,,
bart,time,43,formal,P,source_matrix,minus,1,2,32,32,0,0.0,0,0.0,0,0.0,0,0.0,0,0.0,0,0.0,32,1.0,1,P,False,0,0.0,0,0,,0,0,,,,,,
bart,time,43,formal,P,source_matrix,minus,2,2,32,32,0,0.0,0,0.0,0,0.0,0,0.0,0,0.0,0,0.0,32,1.0,1,P,False,32,1.0,32,0,0.0,28,0,0.0,,,,,
bart,time,43,formal,P,source_matrix,plus,-2,2,32,32,0,0.0,0,0.0,0,0.0,0,0.0,0,0.0,0,0.0,32,1.0,1,Q,True,0,0.0,0,0,,0,0,,,,,,
bart,time,43,formal,P,source_matrix,plus,-1,2,32,32,0,0.0,0,0.0,0,0.0,0,0.0,0,0.0,0,0.0,32,1.0,1,Q,False,0,0.0,0,0,,0,0,,,,,,
bart,time,43,formal,P,source_matrix,plus,0,2,32,32,0,0.0,0,0.0,0,0.0,0,0.0,0,0.0,0,0.0,32,1.0,1,Q,False,0,0.0,0,0,,0,0,,,,,,
bart,time,43,formal,P,source_matrix,plus,1,2,32,32,0,0.0,0,0.0,0,0.0,0,0.0,0,0.0,0,0.0,32,1.0,1,Q,False,0,0.0,0,0,,0,0,,,,,,
bart,time,43,formal,P,source_matrix,plus,2,2,32,32,0,0.0,0,0.0,0,0.0,0,0.0,0,0.0,0,0.0,32,1.0,1,Q,False,30,0.9375,30,0,0.0,28,0,0.0,,,,,
bart,time,43,formal,P,source_matrix,plus,3,2,32,32,0,0.0,0,0.0,0,0.0,0,0.0,0,0.0,0,0.0,32,1.0,1,Q,False,30,0.9375,30,0,0.0,30,0,0.0,,,,,
bart,time,43,formal,P,source_matrix,minus,-3,2,32,32,0,0.0,0,0.0,0,0.0,0,0.0,0,0.0,0,0.0,32,1.0,1,Q,False,32,1.0,32,0,0.0,30,0,0.0,,,,,
bart,time,43,formal,P,source_matrix,minus,-2,2,32,32,0,0.0,0,0.0,0,0.0,0,0.0,0,0.0,0,0.0,32,1.0,1,Q,True,0,0.0,0,0,,0,0,,,,,,
bart,time,43,formal,P,source_matrix,minus,-1,2,32,32,0,0.0,0,0.0,0,0.0,0,0.0,0,0.0,0,0.0,32,1.0,1,Q,False,0,0.0,0,0,,0,0,,,,,,
bart,time,43,formal,P,source_matrix,minus,0,2,32,32,0,0.0,0,0.0,0,0.0,0,0.0,0,0.0,0,0.0,32,1.0,1,Q,False,0,0.0,0,0,,0,0,,,,,,
bart,time,43,formal,P,source_matrix,minus,1,2,32,32,0,0.0,0,0.0,0,0.0,0,0.0,0,0.0,0,0.0,32,1.0,1,Q,False,0,0.0,0,0,,0,0,,,,,,
bart,time,43,formal,P,source_matrix,minus,2,2,32,32,0,0.0,0,0.0,0,0.0,0,0.0,0,0.0,0,0.0,32,1.0,1,Q,False,30,0.9375,30,0,0.0,28,0,0.0,,,,,
bart,time,43,formal,P,source_matrix,plus,-2,2,32,32,0,0.0,0,0.0,0,0.0,0,0.0,0,0.0,0,0.0,32,1.0,1,U,True,0,0.0,0,0,,0,0,,,,,,
bart,time,43,formal,P,source_matrix,plus,-1,2,32,32,0,0.0,0,0.0,0,0.0,0,0.0,0,0.0,0,0.0,32,1.0,1,U,False,0,0.0,0,0,,0,0,,,,,,
bart,time,43,formal,P,source_matrix,plus,0,2,32,32,0,0.0,0,0.0,0,0.0,0,0.0,0,0.0,0,0.0,32,1.0,1,U,False,0,0.0,0,0,,0,0,,,,,,
bart,time,43,formal,P,source_matrix,plus,1,2,32,32,0,0.0,0,0.0,0,0.0,0,0.0,0,0.0,0,0.0,32,1.0,1,U,False,0,0.0,0,0,,0,0,,,,,,
bart,time,43,formal,P,source_matrix,plus,2,2,32,32,0,0.0,0,0.0,0,0.0,0,0.0,0,0.0,0,0.0,32,1.0,1,U,False,30,0.9375,30,0,0.0,28,0,0.0,,,,,
bart,time,43,formal,P,source_matrix,plus,3,2,32,32,0,0.0,0,0.0,0,0.0,0,0.0,0,0.0,0,0.0,32,1.0,1,U,False,32,1.0,32,0,0.0,30,0,0.0,,,,,
bart,time,43,formal,P,source_matrix,minus,-3,2,32,32,0,0.0,0,0.0,0,0.0,0,0.0,0,0.0,0,0.0,32,1.0,1,U,False,30,0.9375,30,0,0.0,30,0,0.0,,,,,
bart,time,43,formal,P,source_matrix,minus,-2,2,32,32,0,0.0,0,0.0,0,0.0,0,0.0,0,0.0,0,0.0,32,1.0,1,U,True,0,0.0,0,0,,0,0,,,,,,
bart,time,43,formal,P,source_matrix,minus,-1,2,32,32,0,0.0,0,0.0,0,0.0,0,0.0,0,0.0,0,0.0,32,1.0,1,U,False,0,0.0,0,0,,0,0,,,,,,
bart,time,43,formal,P,source_matrix,minus,0,2,32,32,0,0.0,0,0.0,0,0.0,0,0.0,0,0.0,0,0.0,32,1.0,1,U,False,0,0.0,0,0,,0,0,,,,,,
bart,time,43,formal,P,source_matrix,minus,1,2,32,32,0,0.0,0,0.0,0,0.0,0,0.0,0,0.0,0,0.0,32,1.0,1,U,False,0,0.0,0,0,,0,0,,,,,,
bart,time,43,formal,P,source_matrix,minus,2,2,32,32,0,0.0,0,0.0,0,0.0,0,0.0,0,0.0,0,0.0,32,1.0,1,U,False,30,0.9375,30,0,0.0,28,0,0.0,,,,,
bart,time,43,formal,P,trajectory,,,0,32,32,32,1.0,32,1.0,32,1.0,32,1.0,32,1.0,32,1.0,32,1.0,,,,,,32,32,1.0,,,,latent,1,forward,32,1.0
bart,time,43,formal,P,trajectory,,,0,32,32,0,0.0,0,0.0,0,0.0,0,0.0,0,0.0,0,0.0,30,0.9375,,,,,,32,0,0.0,,,,latent,2,forward,0,0.0
bart,time,43,formal,P,trajectory,,,0,32,32,0,0.0,0,0.0,0,0.0,0,0.0,0,0.0,0,0.0,0,0.0,,,,,,0,0,,,,,latent,3,forward,0,0.0
bart,time,43,formal,P,trajectory,,,0,32,32,0,0.0,0,0.0,0,0.0,0,0.0,0,0.0,0,0.0,0,0.0,,,,,,0,0,,,,,latent,4,forward,0,0.0
bart,time,43,formal,P,trajectory,,,0,32,32,0,0.0,0,0.0,0,0.0,0,0.0,0,0.0,0,0.0,0,0.0,,,,,,0,0,,,,,latent,5,forward,0,0.0
bart,time,43,formal,P,trajectory,,,0,32,32,32,1.0,32,1.0,32,1.0,32,1.0,32,1.0,32,1.0,32,1.0,,,,,,32,32,1.0,,,,decode_reencode,1,forward,32,1.0
bart,time,43,formal,P,trajectory,,,0,32,32,32,1.0,32,1.0,32,1.0,32,1.0,32,1.0,32,1.0,32,1.0,,,,,,32,32,1.0,,,,decode_reencode,2,forward,32,1.0
bart,time,43,formal,P,trajectory,,,0,32,32,32,1.0,32,1.0,32,1.0,32,1.0,32,1.0,32,1.0,32,1.0,,,,,,32,32,1.0,,,,decode_reencode,3,forward,32,1.0
bart,time,43,formal,P,trajectory,,,0,32,32,32,1.0,32,1.0,32,1.0,32,1.0,32,1.0,32,1.0,32,1.0,,,,,,32,32,1.0,,,,decode_reencode,4,forward,32,1.0
bart,time,43,formal,P,trajectory,,,0,32,32,32,1.0,32,1.0,32,1.0,32,1.0,32,1.0,32,1.0,32,1.0,,,,,,32,32,1.0,,,,decode_reencode,5,forward,32,1.0
bart,time,43,formal,P,trajectory,,,0,32,32,32,1.0,32,1.0,32,1.0,32,1.0,32,1.0,32,1.0,32,1.0,,,,,,32,32,1.0,,,,gold_reencode,1,forward,32,1.0
bart,time,43,formal,P,trajectory,,,0,32,32,32,1.0,32,1.0,32,1.0,32,1.0,32,1.0,32,1.0,32,1.0,,,,,,32,32,1.0,,,,gold_reencode,2,forward,32,1.0
bart,time,43,formal,P,trajectory,,,0,32,32,32,1.0,32,1.0,32,1.0,32,1.0,32,1.0,32,1.0,32,1.0,,,,,,32,32,1.0,,,,gold_reencode,3,forward,32,1.0
bart,time,43,formal,P,trajectory,,,0,32,32,32,1.0,32,1.0,32,1.0,32,1.0,32,1.0,32,1.0,32,1.0,,,,,,32,32,1.0,,,,gold_reencode,4,forward,32,1.0
bart,time,43,formal,P,trajectory,,,0,32,32,32,1.0,32,1.0,32,1.0,32,1.0,32,1.0,32,1.0,32,1.0,,,,,,32,32,1.0,,,,gold_reencode,5,forward,32,1.0
bart,time,43,formal,P,trajectory,,,0,32,32,32,1.0,32,1.0,32,1.0,32,1.0,32,1.0,32,1.0,32,1.0,,,,,,32,32,1.0,,,,latent,1,reverse,32,1.0
bart,time,43,formal,P,trajectory,,,0,32,32,0,0.0,0,0.0,0,0.0,0,0.0,0,0.0,0,0.0,32,1.0,,,,,,32,0,0.0,,,,latent,2,reverse,0,0.0
bart,time,43,formal,P,trajectory,,,0,32,32,0,0.0,0,0.0,0,0.0,0,0.0,0,0.0,0,0.0,0,0.0,,,,,,0,0,,,,,latent,3,reverse,0,0.0
bart,time,43,formal,P,trajectory,,,0,32,32,0,0.0,0,0.0,0,0.0,0,0.0,0,0.0,0,0.0,0,0.0,,,,,,0,0,,,,,latent,4,reverse,0,0.0
bart,time,43,formal,P,trajectory,,,0,32,32,0,0.0,0,0.0,0,0.0,0,0.0,0,0.0,0,0.0,0,0.0,,,,,,0,0,,,,,latent,5,reverse,0,0.0
bart,time,43,formal,P,trajectory,,,0,32,32,32,1.0,32,1.0,32,1.0,32,1.0,32,1.0,32,1.0,32,1.0,,,,,,32,32,1.0,,,,decode_reencode,1,reverse,32,1.0
bart,time,43,formal,P,trajectory,,,0,32,32,32,1.0,32,1.0,32,1.0,32,1.0,32,1.0,32,1.0,32,1.0,,,,,,32,32,1.0,,,,decode_reencode,2,reverse,32,1.0
bart,time,43,formal,P,trajectory,,,0,32,32,32,1.0,32,1.0,32,1.0,32,1.0,32,1.0,32,1.0,32,1.0,,,,,,32,32,1.0,,,,decode_reencode,3,reverse,32,1.0
bart,time,43,formal,P,trajectory,,,0,32,32,32,1.0,32,1.0,32,1.0,32,1.0,32,1.0,32,1.0,32,1.0,,,,,,32,32,1.0,,,,decode_reencode,4,reverse,32,1.0
bart,time,43,formal,P,trajectory,,,0,32,32,32,1.0,32,1.0,32,1.0,32,1.0,32,1.0,32,1.0,32,1.0,,,,,,32,32,1.0,,,,decode_reencode,5,reverse,32,1.0
bart,time,43,formal,P,trajectory,,,0,32,32,32,1.0,32,1.0,32,1.0,32,1.0,32,1.0,32,1.0,32,1.0,,,,,,32,32,1.0,,,,gold_reencode,1,reverse,32,1.0
bart,time,43,formal,P,trajectory,,,0,32,32,32,1.0,32,1.0,32,1.0,32,1.0,32,1.0,32,1.0,32,1.0,,,,,,32,32,1.0,,,,gold_reencode,2,reverse,32,1.0
bart,time,43,formal,P,trajectory,,,0,32,32,32,1.0,32,1.0,32,1.0,32,1.0,32,1.0,32,1.0,32,1.0,,,,,,32,32,1.0,,,,gold_reencode,3,reverse,32,1.0
bart,time,43,formal,P,trajectory,,,0,32,32,32,1.0,32,1.0,32,1.0,32,1.0,32,1.0,32,1.0,32,1.0,,,,,,32,32,1.0,,,,gold_reencode,4,reverse,32,1.0
bart,time,43,formal,P,trajectory,,,0,32,32,32,1.0,32,1.0,32,1.0,32,1.0,32,1.0,32,1.0,32,1.0,,,,,,32,32,1.0,,,,gold_reencode,5,reverse,32,1.0
bart,time,43,formal,P,trajectory,,,0,32,32,32,1.0,32,1.0,32,1.0,32,1.0,32,1.0,32,1.0,32,1.0,,,,,,32,32,1.0,,,,latent,1,inverse,32,1.0
bart,time,43,formal,P,trajectory,,,0,32,32,0,0.0,0,0.0,0,0.0,0,0.0,0,0.0,0,0.0,32,1.0,,,,,,32,0,0.0,,,,latent,2,inverse,0,0.0
bart,time,43,formal,P,trajectory,,,0,32,32,0,0.0,0,0.0,0,0.0,0,0.0,0,0.0,0,0.0,16,0.5,,,,,,0,0,,,,,latent,3,inverse,0,0.0
bart,time,43,formal,P,trajectory,,,0,32,32,0,0.0,0,0.0,0,0.0,0,0.0,0,0.0,0,0.0,0,0.0,,,,,,0,0,,,,,latent,4,inverse,0,0.0
bart,time,43,formal,P,trajectory,,,0,32,32,0,0.0,0,0.0,0,0.0,0,0.0,0,0.0,0,0.0,0,0.0,,,,,,0,0,,,,,latent,5,inverse,0,0.0
bart,time,43,formal,P,trajectory,,,0,32,32,32,1.0,32,1.0,32,1.0,32,1.0,32,1.0,32,1.0,32,1.0,,,,,,32,32,1.0,,,,decode_reencode,1,inverse,32,1.0
bart,time,43,formal,P,trajectory,,,0,32,32,32,1.0,32,1.0,32,1.0,32,1.0,32,1.0,32,1.0,32,1.0,,,,,,32,32,1.0,,,,decode_reencode,2,inverse,32,1.0
bart,time,43,formal,P,trajectory,,,0,32,32,32,1.0,32,1.0,32,1.0,32,1.0,32,1.0,32,1.0,32,1.0,,,,,,32,32,1.0,,,,decode_reencode,3,inverse,32,1.0
bart,time,43,formal,P,trajectory,,,0,32,32,32,1.0,32,1.0,32,1.0,32,1.0,32,1.0,32,1.0,32,1.0,,,,,,32,32,1.0,,,,decode_reencode,4,inverse,32,1.0
bart,time,43,formal,P,trajectory,,,0,32,32,32,1.0,32,1.0,32,1.0,32,1.0,32,1.0,32,1.0,32,1.0,,,,,,32,32,1.0,,,,decode_reencode,5,inverse,32,1.0
bart,time,43,formal,P,trajectory,,,0,32,32,32,1.0,32,1.0,32,1.0,32,1.0,32,1.0,32,1.0,32,1.0,,,,,,32,32,1.0,,,,gold_reencode,1,inverse,32,1.0
bart,time,43,formal,P,trajectory,,,0,32,32,32,1.0,32,1.0,32,1.0,32,1.0,32,1.0,32,1.0,32,1.0,,,,,,32,32,1.0,,,,gold_reencode,2,inverse,32,1.0
bart,time,43,formal,P,trajectory,,,0,32,32,32,1.0,32,1.0,32,1.0,32,1.0,32,1.0,32,1.0,32,1.0,,,,,,32,32,1.0,,,,gold_reencode,3,inverse,32,1.0
bart,time,43,formal,P,trajectory,,,0,32,32,32,1.0,32,1.0,32,1.0,32,1.0,32,1.0,32,1.0,32,1.0,,,,,,32,32,1.0,,,,gold_reencode,4,inverse,32,1.0
bart,time,43,formal,P,trajectory,,,0,32,32,32,1.0,32,1.0,32,1.0,32,1.0,32,1.0,32,1.0,32,1.0,,,,,,32,32,1.0,,,,gold_reencode,5,inverse,32,1.0
bart,time,43,formal,P,trajectory,,,2,32,32,32,1.0,32,1.0,32,1.0,32,1.0,32,1.0,32,1.0,32,1.0,,,,,,32,32,1.0,,,,latent,1,forward,32,1.0
bart,time,43,formal,P,trajectory,,,2,32,32,0,0.0,0,0.0,0,0.0,0,0.0,0,0.0,0,0.0,32,1.0,,,,,,32,0,0.0,,,,latent,2,forward,0,0.0
bart,time,43,formal,P,trajectory,,,2,32,32,0,0.0,0,0.0,0,0.0,0,0.0,0,0.0,0,0.0,5,0.15625,,,,,,0,0,,,,,latent,3,forward,0,0.0
bart,time,43,formal,P,trajectory,,,2,32,32,0,0.0,0,0.0,0,0.0,0,0.0,0,0.0,0,0.0,0,0.0,,,,,,0,0,,,,,latent,4,forward,0,0.0
bart,time,43,formal,P,trajectory,,,2,32,32,0,0.0,0,0.0,0,0.0,0,0.0,0,0.0,0,0.0,0,0.0,,,,,,0,0,,,,,latent,5,forward,0,0.0
bart,time,43,formal,P,trajectory,,,2,32,32,32,1.0,32,1.0,32,1.0,32,1.0,32,1.0,32,1.0,32,1.0,,,,,,32,32,1.0,,,,decode_reencode,1,forward,32,1.0
bart,time,43,formal,P,trajectory,,,2,32,32,0,0.0,0,0.0,32,1.0,0,0.0,32,1.0,32,1.0,32,1.0,,,,,,32,0,0.0,,,,decode_reencode,2,forward,0,0.0
bart,time,43,formal,P,trajectory,,,2,32,32,0,0.0,0,0.0,32,1.0,0,0.0,32,1.0,32,1.0,32,1.0,,,,,,0,0,,,,,decode_reencode,3,forward,0,0.0
bart,time,43,formal,P,trajectory,,,2,32,32,0,0.0,0,0.0,32,1.0,0,0.0,32,1.0,32,1.0,32,1.0,,,,,,0,0,,,,,decode_reencode,4,forward,0,0.0
bart,time,43,formal,P,trajectory,,,2,32,32,0,0.0,0,0.0,32,1.0,0,0.0,32,1.0,32,1.0,32,1.0,,,,,,0,0,,,,,decode_reencode,5,forward,0,0.0
bart,time,43,formal,P,trajectory,,,2,32,32,32,1.0,32,1.0,32,1.0,32,1.0,32,1.0,32,1.0,32,1.0,,,,,,32,32,1.0,,,,gold_reencode,1,forward,32,1.0
bart,time,43,formal,P,trajectory,,,2,32,32,0,0.0,0,0.0,32,1.0,0,0.0,32,1.0,32,1.0,32,1.0,,,,,,32,0,0.0,,,,gold_reencode,2,forward,0,0.0
bart,time,43,formal,P,trajectory,,,2,32,32,0,0.0,0,0.0,32,1.0,0,0.0,32,1.0,32,1.0,32,1.0,,,,,,0,0,,,,,gold_reencode,3,forward,0,0.0
bart,time,43,formal,P,trajectory,,,2,32,32,0,0.0,0,0.0,32,1.0,0,0.0,32,1.0,32,1.0,32,1.0,,,,,,0,0,,,,,gold_reencode,4,forward,0,0.0
bart,time,43,formal,P,trajectory,,,2,32,32,0,0.0,0,0.0,32,1.0,0,0.0,32,1.0,32,1.0,32,1.0,,,,,,0,0,,,,,gold_reencode,5,forward,0,0.0
bart,time,43,formal,P,trajectory,,,2,32,32,29,0.90625,29,0.90625,32,1.0,29,0.90625,32,1.0,29,0.90625,32,1.0,,,,,,32,29,0.90625,,,,latent,1,reverse,29,0.90625
bart,time,43,formal,P,trajectory,,,2,32,32,0,0.0,0,0.0,0,0.0,0,0.0,0,0.0,0,0.0,32,1.0,,,,,,29,0,0.0,,,,latent,2,reverse,0,0.0
bart,time,43,formal,P,trajectory,,,2,32,32,0,0.0,0,0.0,0,0.0,0,0.0,0,0.0,0,0.0,9,0.28125,,,,,,0,0,,,,,latent,3,reverse,0,0.0
bart,time,43,formal,P,trajectory,,,2,32,32,0,0.0,0,0.0,0,0.0,0,0.0,0,0.0,0,0.0,0,0.0,,,,,,0,0,,,,,latent,4,reverse,0,0.0
bart,time,43,formal,P,trajectory,,,2,32,32,0,0.0,0,0.0,0,0.0,0,0.0,0,0.0,0,0.0,0,0.0,,,,,,0,0,,,,,latent,5,reverse,0,0.0
bart,time,43,formal,P,trajectory,,,2,32,32,29,0.90625,29,0.90625,32,1.0,29,0.90625,32,1.0,29,0.90625,32,1.0,,,,,,32,29,0.90625,,,,decode_reencode,1,reverse,29,0.90625
bart,time,43,formal,P,trajectory,,,2,32,32,0,0.0,0,0.0,32,1.0,0,0.0,32,1.0,29,0.90625,32,1.0,,,,,,29,0,0.0,,,,decode_reencode,2,reverse,0,0.0
bart,time,43,formal,P,trajectory,,,2,32,32,0,0.0,0,0.0,32,1.0,0,0.0,32,1.0,29,0.90625,32,1.0,,,,,,0,0,,,,,decode_reencode,3,reverse,0,0.0
bart,time,43,formal,P,trajectory,,,2,32,32,0,0.0,0,0.0,32,1.0,0,0.0,32,1.0,29,0.90625,32,1.0,,,,,,0,0,,,,,decode_reencode,4,reverse,0,0.0
bart,time,43,formal,P,trajectory,,,2,32,32,0,0.0,0,0.0,32,1.0,0,0.0,32,1.0,29,0.90625,32,1.0,,,,,,0,0,,,,,decode_reencode,5,reverse,0,0.0
bart,time,43,formal,P,trajectory,,,2,32,32,29,0.90625,29,0.90625,32,1.0,29,0.90625,32,1.0,29,0.90625,32,1.0,,,,,,32,29,0.90625,,,,gold_reencode,1,reverse,29,0.90625
bart,time,43,formal,P,trajectory,,,2,32,32,0,0.0,0,0.0,32,1.0,0,0.0,32,1.0,30,0.9375,32,1.0,,,,,,29,0,0.0,,,,gold_reencode,2,reverse,0,0.0
bart,time,43,formal,P,trajectory,,,2,32,32,0,0.0,0,0.0,32,1.0,0,0.0,32,1.0,30,0.9375,32,1.0,,,,,,0,0,,,,,gold_reencode,3,reverse,0,0.0
bart,time,43,formal,P,trajectory,,,2,32,32,0,0.0,0,0.0,32,1.0,0,0.0,32,1.0,32,1.0,32,1.0,,,,,,0,0,,,,,gold_reencode,4,reverse,0,0.0
bart,time,43,formal,P,trajectory,,,2,32,32,0,0.0,0,0.0,32,1.0,0,0.0,32,1.0,30,0.9375,32,1.0,,,,,,0,0,,,,,gold_reencode,5,reverse,0,0.0
bart,time,43,formal,P,trajectory,,,2,32,32,0,0.0,0,0.0,32,1.0,0,0.0,32,1.0,32,1.0,32,1.0,,,,,,32,0,0.0,,,,latent,1,inverse,0,0.0
bart,time,43,formal,P,trajectory,,,2,32,32,0,0.0,0,0.0,0,0.0,0,0.0,0,0.0,0,0.0,32,1.0,,,,,,0,0,,,,,latent,2,inverse,0,0.0
bart,time,43,formal,P,trajectory,,,2,32,32,0,0.0,0,0.0,0,0.0,0,0.0,0,0.0,0,0.0,19,0.59375,,,,,,0,0,,,,,latent,3,inverse,0,0.0
bart,time,43,formal,P,trajectory,,,2,32,32,0,0.0,0,0.0,0,0.0,0,0.0,0,0.0,0,0.0,0,0.0,,,,,,0,0,,,,,latent,4,inverse,0,0.0
bart,time,43,formal,P,trajectory,,,2,32,32,0,0.0,0,0.0,0,0.0,0,0.0,0,0.0,0,0.0,0,0.0,,,,,,0,0,,,,,latent,5,inverse,0,0.0
bart,time,43,formal,P,trajectory,,,2,32,32,0,0.0,0,0.0,32,1.0,0,0.0,32,1.0,32,1.0,32,1.0,,,,,,32,0,0.0,,,,decode_reencode,1,inverse,0,0.0
bart,time,43,formal,P,trajectory,,,2,32,32,32,1.0,32,1.0,32,1.0,32,1.0,32,1.0,32,1.0,32,1.0,,,,,,0,0,,,,,decode_reencode,2,inverse,0,0.0
bart,time,43,formal,P,trajectory,,,2,32,32,0,0.0,0,0.0,32,1.0,0,0.0,32,1.0,32,1.0,32,1.0,,,,,,32,0,0.0,,,,decode_reencode,3,inverse,0,0.0
bart,time,43,formal,P,trajectory,,,2,32,32,32,1.0,32,1.0,32,1.0,32,1.0,32,1.0,32,1.0,32,1.0,,,,,,0,0,,,,,decode_reencode,4,inverse,0,0.0
bart,time,43,formal,P,trajectory,,,2,32,32,0,0.0,0,0.0,32,1.0,0,0.0,32,1.0,32,1.0,32,1.0,,,,,,32,0,0.0,,,,decode_reencode,5,inverse,0,0.0
bart,time,43,formal,P,trajectory,,,2,32,32,0,0.0,0,0.0,32,1.0,0,0.0,32,1.0,32,1.0,32,1.0,,,,,,32,0,0.0,,,,gold_reencode,1,inverse,0,0.0
bart,time,43,formal,P,trajectory,,,2,32,32,0,0.0,0,0.0,32,1.0,0,0.0,32,1.0,30,0.9375,32,1.0,,,,,,0,0,,,,,gold_reencode,2,inverse,0,0.0
bart,time,43,formal,P,trajectory,,,2,32,32,0,0.0,0,0.0,32,1.0,0,0.0,32,1.0,32,1.0,32,1.0,,,,,,0,0,,,,,gold_reencode,3,inverse,0,0.0
bart,time,43,formal,P,trajectory,,,2,32,32,0,0.0,0,0.0,32,1.0,0,0.0,32,1.0,30,0.9375,32,1.0,,,,,,0,0,,,,,gold_reencode,4,inverse,0,0.0
bart,time,43,formal,P,trajectory,,,2,32,32,0,0.0,0,0.0,32,1.0,0,0.0,32,1.0,32,1.0,32,1.0,,,,,,0,0,,,,,gold_reencode,5,inverse,0,0.0
bart,time,43,formal,S_h0,atomic,plus,-2,3,32,32,32,1.0,32,1.0,32,1.0,32,1.0,32,1.0,32,1.0,32,1.0,,,,,,,,,,,,,,,,
bart,time,43,formal,S_h0,atomic,plus,-1,3,32,32,32,1.0,32,1.0,32,1.0,32,1.0,32,1.0,32,1.0,32,1.0,,,,,,,,,,,,,,,,
bart,time,43,formal,S_h0,atomic,plus,0,3,32,32,32,1.0,32,1.0,32,1.0,32,1.0,32,1.0,32,1.0,32,1.0,,,,,,,,,,,,,,,,
bart,time,43,formal,S_h0,atomic,plus,1,3,32,32,32,1.0,32,1.0,32,1.0,32,1.0,32,1.0,32,1.0,32,1.0,,,,,,,,,,,,,,,,
bart,time,43,formal,S_h0,atomic,plus,2,3,32,32,32,1.0,32,1.0,32,1.0,32,1.0,32,1.0,32,1.0,32,1.0,,,,,,,,,,,,,,,,
bart,time,43,formal,S_h0,atomic,plus,3,3,32,32,32,1.0,32,1.0,32,1.0,32,1.0,32,1.0,32,1.0,32,1.0,,,,,,,,,,,,,,,,
bart,time,43,formal,S_h0,atomic,plus,-2,4,32,32,32,1.0,32,1.0,32,1.0,32,1.0,32,1.0,32,1.0,32,1.0,,,,,,,,,,,,,,,,
bart,time,43,formal,S_h0,atomic,plus,-1,4,32,32,32,1.0,32,1.0,32,1.0,32,1.0,32,1.0,32,1.0,32,1.0,,,,,,,,,,,,,,,,
bart,time,43,formal,S_h0,atomic,plus,0,4,32,32,32,1.0,32,1.0,32,1.0,32,1.0,32,1.0,32,1.0,32,1.0,,,,,,,,,,,,,,,,
bart,time,43,formal,S_h0,atomic,plus,1,4,32,32,32,1.0,32,1.0,32,1.0,32,1.0,32,1.0,32,1.0,32,1.0,,,,,,,,,,,,,,,,
bart,time,43,formal,S_h0,atomic,plus,2,4,32,32,32,1.0,32,1.0,32,1.0,32,1.0,32,1.0,32,1.0,32,1.0,,,,,,,,,,,,,,,,
bart,time,43,formal,S_h0,atomic,plus,3,4,32,32,32,1.0,32,1.0,32,1.0,32,1.0,32,1.0,32,1.0,32,1.0,,,,,,,,,,,,,,,,
bart,time,43,formal,S_h0,atomic,plus,-2,5,32,32,0,0.0,32,1.0,0,0.0,0,0.0,32,1.0,32,1.0,32,1.0,,,,,,,,,,,,,,,,
bart,time,43,formal,S_h0,atomic,plus,-1,5,32,32,0,0.0,32,1.0,0,0.0,0,0.0,32,1.0,32,1.0,32,1.0,,,,,,,,,,,,,,,,
bart,time,43,formal,S_h0,atomic,plus,0,5,32,32,0,0.0,32,1.0,0,0.0,0,0.0,32,1.0,32,1.0,32,1.0,,,,,,,,,,,,,,,,
bart,time,43,formal,S_h0,atomic,plus,1,5,32,32,0,0.0,32,1.0,0,0.0,0,0.0,32,1.0,32,1.0,32,1.0,,,,,,,,,,,,,,,,
bart,time,43,formal,S_h0,atomic,plus,2,5,32,32,0,0.0,32,1.0,0,0.0,0,0.0,32,1.0,32,1.0,32,1.0,,,,,,,,,,,,,,,,
bart,time,43,formal,S_h0,atomic,plus,3,5,32,32,0,0.0,32,1.0,0,0.0,0,0.0,32,1.0,32,1.0,32,1.0,,,,,,,,,,,,,,,,
bart,time,43,formal,S_h0,atomic,minus,-3,3,32,32,32,1.0,32,1.0,32,1.0,32,1.0,32,1.0,32,1.0,32,1.0,,,,,,,,,,,,,,,,
bart,time,43,formal,S_h0,atomic,minus,-2,3,32,32,32,1.0,32,1.0,32,1.0,32,1.0,32,1.0,32,1.0,32,1.0,,,,,,,,,,,,,,,,
bart,time,43,formal,S_h0,atomic,minus,-1,3,32,32,32,1.0,32,1.0,32,1.0,32,1.0,32,1.0,32,1.0,32,1.0,,,,,,,,,,,,,,,,
bart,time,43,formal,S_h0,atomic,minus,0,3,32,32,32,1.0,32,1.0,32,1.0,32,1.0,32,1.0,32,1.0,32,1.0,,,,,,,,,,,,,,,,
bart,time,43,formal,S_h0,atomic,minus,1,3,32,32,32,1.0,32,1.0,32,1.0,32,1.0,32,1.0,32,1.0,32,1.0,,,,,,,,,,,,,,,,
bart,time,43,formal,S_h0,atomic,minus,2,3,32,32,32,1.0,32,1.0,32,1.0,32,1.0,32,1.0,32,1.0,32,1.0,,,,,,,,,,,,,,,,
bart,time,43,formal,S_h0,atomic,minus,-3,4,32,32,32,1.0,32,1.0,32,1.0,32,1.0,32,1.0,32,1.0,32,1.0,,,,,,,,,,,,,,,,
bart,time,43,formal,S_h0,atomic,minus,-2,4,32,32,32,1.0,32,1.0,32,1.0,32,1.0,32,1.0,32,1.0,32,1.0,,,,,,,,,,,,,,,,
bart,time,43,formal,S_h0,atomic,minus,-1,4,32,32,32,1.0,32,1.0,32,1.0,32,1.0,32,1.0,32,1.0,32,1.0,,,,,,,,,,,,,,,,
bart,time,43,formal,S_h0,atomic,minus,0,4,32,32,32,1.0,32,1.0,32,1.0,32,1.0,32,1.0,32,1.0,32,1.0,,,,,,,,,,,,,,,,
bart,time,43,formal,S_h0,atomic,minus,1,4,32,32,32,1.0,32,1.0,32,1.0,32,1.0,32,1.0,32,1.0,32,1.0,,,,,,,,,,,,,,,,
bart,time,43,formal,S_h0,atomic,minus,2,4,32,32,32,1.0,32,1.0,32,1.0,32,1.0,32,1.0,32,1.0,32,1.0,,,,,,,,,,,,,,,,
bart,time,43,formal,S_h0,atomic,minus,-3,5,32,32,0,0.0,32,1.0,0,0.0,0,0.0,32,1.0,32,1.0,32,1.0,,,,,,,,,,,,,,,,
bart,time,43,formal,S_h0,atomic,minus,-2,5,32,32,0,0.0,32,1.0,0,0.0,0,0.0,32,1.0,32,1.0,32,1.0,,,,,,,,,,,,,,,,
bart,time,43,formal,S_h0,atomic,minus,-1,5,32,32,0,0.0,32,1.0,0,0.0,0,0.0,32,1.0,32,1.0,32,1.0,,,,,,,,,,,,,,,,
bart,time,43,formal,S_h0,atomic,minus,0,5,32,32,0,0.0,32,1.0,0,0.0,0,0.0,32,1.0,32,1.0,32,1.0,,,,,,,,,,,,,,,,
bart,time,43,formal,S_h0,atomic,minus,1,5,32,32,0,0.0,1,0.03125,0,0.0,0,0.0,32,1.0,32,1.0,32,1.0,,,,,,,,,,,,,,,,
bart,time,43,formal,S_h0,atomic,minus,2,5,32,32,0,0.0,32,1.0,0,0.0,0,0.0,32,1.0,32,1.0,32,1.0,,,,,,,,,,,,,,,,
bart,time,43,formal,S_h0,atomic,plus,-2,0,32,32,32,1.0,32,1.0,32,1.0,32,1.0,32,1.0,32,1.0,32,1.0,,,,,,,,,,,,,,,,
bart,time,43,formal,S_h0,atomic,plus,-1,0,32,32,32,1.0,32,1.0,32,1.0,32,1.0,32,1.0,32,1.0,32,1.0,,,,,,,,,,,,,,,,
bart,time,43,formal,S_h0,atomic,plus,0,0,32,32,32,1.0,32,1.0,32,1.0,32,1.0,32,1.0,32,1.0,32,1.0,,,,,,,,,,,,,,,,
bart,time,43,formal,S_h0,atomic,plus,1,0,32,32,32,1.0,32,1.0,32,1.0,32,1.0,32,1.0,32,1.0,32,1.0,,,,,,,,,,,,,,,,
bart,time,43,formal,S_h0,atomic,plus,2,0,32,32,32,1.0,32,1.0,32,1.0,32,1.0,32,1.0,32,1.0,32,1.0,,,,,,,,,,,,,,,,
bart,time,43,formal,S_h0,atomic,plus,3,0,32,32,32,1.0,32,1.0,32,1.0,32,1.0,32,1.0,32,1.0,32,1.0,,,,,,,,,,,,,,,,
bart,time,43,formal,S_h0,atomic,plus,-2,1,32,32,32,1.0,32,1.0,32,1.0,32,1.0,32,1.0,32,1.0,32,1.0,,,,,,,,,,,,,,,,
bart,time,43,formal,S_h0,atomic,plus,-1,1,32,32,32,1.0,32,1.0,32,1.0,32,1.0,32,1.0,32,1.0,32,1.0,,,,,,,,,,,,,,,,
bart,time,43,formal,S_h0,atomic,plus,0,1,32,32,32,1.0,32,1.0,32,1.0,32,1.0,32,1.0,32,1.0,32,1.0,,,,,,,,,,,,,,,,
bart,time,43,formal,S_h0,atomic,plus,1,1,32,32,32,1.0,32,1.0,32,1.0,32,1.0,32,1.0,32,1.0,32,1.0,,,,,,,,,,,,,,,,
bart,time,43,formal,S_h0,atomic,plus,2,1,32,32,32,1.0,32,1.0,32,1.0,32,1.0,32,1.0,32,1.0,32,1.0,,,,,,,,,,,,,,,,
bart,time,43,formal,S_h0,atomic,plus,3,1,32,32,32,1.0,32,1.0,32,1.0,32,1.0,32,1.0,32,1.0,32,1.0,,,,,,,,,,,,,,,,
bart,time,43,formal,S_h0,atomic,minus,-3,0,32,32,32,1.0,32,1.0,32,1.0,32,1.0,32,1.0,32,1.0,32,1.0,,,,,,,,,,,,,,,,
bart,time,43,formal,S_h0,atomic,minus,-2,0,32,32,32,1.0,32,1.0,32,1.0,32,1.0,32,1.0,32,1.0,32,1.0,,,,,,,,,,,,,,,,
bart,time,43,formal,S_h0,atomic,minus,-1,0,32,32,32,1.0,32,1.0,32,1.0,32,1.0,32,1.0,32,1.0,32,1.0,,,,,,,,,,,,,,,,
bart,time,43,formal,S_h0,atomic,minus,0,0,32,32,32,1.0,32,1.0,32,1.0,32,1.0,32,1.0,32,1.0,32,1.0,,,,,,,,,,,,,,,,
bart,time,43,formal,S_h0,atomic,minus,1,0,32,32,32,1.0,32,1.0,32,1.0,32,1.0,32,1.0,32,1.0,32,1.0,,,,,,,,,,,,,,,,
bart,time,43,formal,S_h0,atomic,minus,2,0,32,32,32,1.0,32,1.0,32,1.0,32,1.0,32,1.0,32,1.0,32,1.0,,,,,,,,,,,,,,,,
bart,time,43,formal,S_h0,atomic,minus,-3,1,32,32,32,1.0,32,1.0,32,1.0,32,1.0,32,1.0,32,1.0,32,1.0,,,,,,,,,,,,,,,,
bart,time,43,formal,S_h0,atomic,minus,-2,1,32,32,32,1.0,32,1.0,32,1.0,32,1.0,32,1.0,32,1.0,32,1.0,,,,,,,,,,,,,,,,
bart,time,43,formal,S_h0,atomic,minus,-1,1,32,32,32,1.0,32,1.0,32,1.0,32,1.0,32,1.0,32,1.0,32,1.0,,,,,,,,,,,,,,,,
bart,time,43,formal,S_h0,atomic,minus,0,1,32,32,32,1.0,32,1.0,32,1.0,32,1.0,32,1.0,32,1.0,32,1.0,,,,,,,,,,,,,,,,
bart,time,43,formal,S_h0,atomic,minus,1,1,32,32,32,1.0,32,1.0,32,1.0,32,1.0,32,1.0,32,1.0,32,1.0,,,,,,,,,,,,,,,,
bart,time,43,formal,S_h0,atomic,minus,2,1,32,32,32,1.0,32,1.0,32,1.0,32,1.0,32,1.0,32,1.0,32,1.0,,,,,,,,,,,,,,,,
bart,time,43,formal,S_h0,atomic,plus,-2,2,32,32,20,0.625,20,0.625,32,1.0,20,0.625,32,1.0,20,0.625,32,1.0,,,,,,,,,,,,,,,,
bart,time,43,formal,S_h0,atomic,plus,-1,2,32,32,0,0.0,0,0.0,32,1.0,0,0.0,32,1.0,32,1.0,32,1.0,,,,,,,,,,,,,,,,
bart,time,43,formal,S_h0,atomic,plus,0,2,32,32,0,0.0,0,0.0,32,1.0,0,0.0,32,1.0,32,1.0,32,1.0,,,,,,,,,,,,,,,,
bart,time,43,formal,S_h0,atomic,plus,1,2,32,32,0,0.0,0,0.0,32,1.0,0,0.0,32,1.0,30,0.9375,32,1.0,,,,,,,,,,,,,,,,
bart,time,43,formal,S_h0,atomic,plus,2,2,32,32,0,0.0,0,0.0,32,1.0,0,0.0,32,1.0,32,1.0,32,1.0,,,,,,,,,,,,,,,,
bart,time,43,formal,S_h0,atomic,plus,3,2,32,32,32,1.0,32,1.0,32,1.0,32,1.0,32,1.0,32,1.0,32,1.0,,,,,,,,,,,,,,,,
bart,time,43,formal,S_h0,atomic,minus,-3,2,32,32,30,0.9375,30,0.9375,32,1.0,30,0.9375,32,1.0,30,0.9375,32,1.0,,,,,,,,,,,,,,,,
bart,time,43,formal,S_h0,atomic,minus,-2,2,32,32,0,0.0,0,0.0,32,1.0,0,0.0,32,1.0,32,1.0,32,1.0,,,,,,,,,,,,,,,,
bart,time,43,formal,S_h0,atomic,minus,-1,2,32,32,0,0.0,0,0.0,32,1.0,0,0.0,32,1.0,31,0.96875,32,1.0,,,,,,,,,,,,,,,,
bart,time,43,formal,S_h0,atomic,minus,0,2,32,32,0,0.0,0,0.0,32,1.0,0,0.0,32,1.0,32,1.0,32,1.0,,,,,,,,,,,,,,,,
bart,time,43,formal,S_h0,atomic,minus,1,2,32,32,0,0.0,0,0.0,32,1.0,0,0.0,32,1.0,32,1.0,32,1.0,,,,,,,,,,,,,,,,
bart,time,43,formal,S_h0,atomic,minus,2,2,32,32,32,1.0,32,1.0,32,1.0,32,1.0,32,1.0,32,1.0,32,1.0,,,,,,,,,,,,,,,,
bart,time,43,formal,S_h0,trajectory,,,0,32,32,32,1.0,32,1.0,32,1.0,32,1.0,32,1.0,32,1.0,32,1.0,,,,,,32,32,1.0,,,,latent,1,forward,32,1.0
bart,time,43,formal,S_h0,trajectory,,,0,32,32,32,1.0,32,1.0,32,1.0,32,1.0,32,1.0,32,1.0,32,1.0,,,,,,32,32,1.0,,,,latent,2,forward,32,1.0
bart,time,43,formal,S_h0,trajectory,,,0,32,32,0,0.0,0,0.0,6,0.1875,0,0.0,6,0.1875,6,0.1875,32,1.0,,,,,,32,0,0.0,,,,latent,3,forward,0,0.0
bart,time,43,formal,S_h0,trajectory,,,0,32,32,0,0.0,0,0.0,0,0.0,0,0.0,0,0.0,0,0.0,32,1.0,,,,,,0,0,,,,,latent,4,forward,0,0.0
bart,time,43,formal,S_h0,trajectory,,,0,32,32,0,0.0,0,0.0,0,0.0,0,0.0,0,0.0,0,0.0,0,0.0,,,,,,0,0,,,,,latent,5,forward,0,0.0
bart,time,43,formal,S_h0,trajectory,,,0,32,32,32,1.0,32,1.0,32,1.0,32,1.0,32,1.0,32,1.0,32,1.0,,,,,,32,32,1.0,,,,decode_reencode,1,forward,32,1.0
bart,time,43,formal,S_h0,trajectory,,,0,32,32,32,1.0,32,1.0,32,1.0,32,1.0,32,1.0,32,1.0,32,1.0,,,,,,32,32,1.0,,,,decode_reencode,2,forward,32,1.0
bart,time,43,formal,S_h0,trajectory,,,0,32,32,32,1.0,32,1.0,32,1.0,32,1.0,32,1.0,32,1.0,32,1.0,,,,,,32,32,1.0,,,,decode_reencode,3,forward,32,1.0
bart,time,43,formal,S_h0,trajectory,,,0,32,32,32,1.0,32,1.0,32,1.0,32,1.0,32,1.0,32,1.0,32,1.0,,,,,,32,32,1.0,,,,decode_reencode,4,forward,32,1.0
bart,time,43,formal,S_h0,trajectory,,,0,32,32,32,1.0,32,1.0,32,1.0,32,1.0,32,1.0,32,1.0,32,1.0,,,,,,32,32,1.0,,,,decode_reencode,5,forward,32,1.0
bart,time,43,formal,S_h0,trajectory,,,0,32,32,32,1.0,32,1.0,32,1.0,32,1.0,32,1.0,32,1.0,32,1.0,,,,,,32,32,1.0,,,,gold_reencode,1,forward,32,1.0
bart,time,43,formal,S_h0,trajectory,,,0,32,32,32,1.0,32,1.0,32,1.0,32,1.0,32,1.0,32,1.0,32,1.0,,,,,,32,32,1.0,,,,gold_reencode,2,forward,32,1.0
bart,time,43,formal,S_h0,trajectory,,,0,32,32,32,1.0,32,1.0,32,1.0,32,1.0,32,1.0,32,1.0,32,1.0,,,,,,32,32,1.0,,,,gold_reencode,3,forward,32,1.0
bart,time,43,formal,S_h0,trajectory,,,0,32,32,32,1.0,32,1.0,32,1.0,32,1.0,32,1.0,32,1.0,32,1.0,,,,,,32,32,1.0,,,,gold_reencode,4,forward,32,1.0
bart,time,43,formal,S_h0,trajectory,,,0,32,32,32,1.0,32,1.0,32,1.0,32,1.0,32,1.0,32,1.0,32,1.0,,,,,,32,32,1.0,,,,gold_reencode,5,forward,32,1.0
bart,time,43,formal,S_h0,trajectory,,,0,32,32,32,1.0,32,1.0,32,1.0,32,1.0,32,1.0,32,1.0,32,1.0,,,,,,32,32,1.0,,,,latent,1,reverse,32,1.0
bart,time,43,formal,S_h0,trajectory,,,0,32,32,0,0.0,0,0.0,0,0.0,0,0.0,0,0.0,0,0.0,32,1.0,,,,,,32,0,0.0,,,,latent,2,reverse,0,0.0
bart,time,43,formal,S_h0,trajectory,,,0,32,32,0,0.0,0,0.0,0,0.0,0,0.0,0,0.0,0,0.0,32,1.0,,,,,,0,0,,,,,latent,3,reverse,0,0.0
bart,time,43,formal,S_h0,trajectory,,,0,32,32,0,0.0,0,0.0,0,0.0,0,0.0,0,0.0,0,0.0,5,0.15625,,,,,,0,0,,,,,latent,4,reverse,0,0.0
bart,time,43,formal,S_h0,trajectory,,,0,32,32,0,0.0,0,0.0,0,0.0,0,0.0,0,0.0,0,0.0,0,0.0,,,,,,0,0,,,,,latent,5,reverse,0,0.0
bart,time,43,formal,S_h0,trajectory,,,0,32,32,32,1.0,32,1.0,32,1.0,32,1.0,32,1.0,32,1.0,32,1.0,,,,,,32,32,1.0,,,,decode_reencode,1,reverse,32,1.0
bart,time,43,formal,S_h0,trajectory,,,0,32,32,32,1.0,32,1.0,32,1.0,32,1.0,32,1.0,32,1.0,32,1.0,,,,,,32,32,1.0,,,,decode_reencode,2,reverse,32,1.0
bart,time,43,formal,S_h0,trajectory,,,0,32,32,32,1.0,32,1.0,32,1.0,32,1.0,32,1.0,32,1.0,32,1.0,,,,,,32,32,1.0,,,,decode_reencode,3,reverse,32,1.0
bart,time,43,formal,S_h0,trajectory,,,0,32,32,32,1.0,32,1.0,32,1.0,32,1.0,32,1.0,32,1.0,32,1.0,,,,,,32,32,1.0,,,,decode_reencode,4,reverse,32,1.0
bart,time,43,formal,S_h0,trajectory,,,0,32,32,32,1.0,32,1.0,32,1.0,32,1.0,32,1.0,32,1.0,32,1.0,,,,,,32,32,1.0,,,,decode_reencode,5,reverse,32,1.0
bart,time,43,formal,S_h0,trajectory,,,0,32,32,32,1.0,32,1.0,32,1.0,32,1.0,32,1.0,32,1.0,32,1.0,,,,,,32,32,1.0,,,,gold_reencode,1,reverse,32,1.0
bart,time,43,formal,S_h0,trajectory,,,0,32,32,32,1.0,32,1.0,32,1.0,32,1.0,32,1.0,32,1.0,32,1.0,,,,,,32,32,1.0,,,,gold_reencode,2,reverse,32,1.0
bart,time,43,formal,S_h0,trajectory,,,0,32,32,32,1.0,32,1.0,32,1.0,32,1.0,32,1.0,32,1.0,32,1.0,,,,,,32,32,1.0,,,,gold_reencode,3,reverse,32,1.0
bart,time,43,formal,S_h0,trajectory,,,0,32,32,32,1.0,32,1.0,32,1.0,32,1.0,32,1.0,32,1.0,32,1.0,,,,,,32,32,1.0,,,,gold_reencode,4,reverse,32,1.0
bart,time,43,formal,S_h0,trajectory,,,0,32,32,32,1.0,32,1.0,32,1.0,32,1.0,32,1.0,32,1.0,32,1.0,,,,,,32,32,1.0,,,,gold_reencode,5,reverse,32,1.0
bart,time,43,formal,S_h0,trajectory,,,0,32,32,32,1.0,32,1.0,32,1.0,32,1.0,32,1.0,32,1.0,32,1.0,,,,,,32,32,1.0,,,,latent,1,inverse,32,1.0
bart,time,43,formal,S_h0,trajectory,,,0,32,32,0,0.0,0,0.0,32,1.0,0,0.0,32,1.0,32,1.0,32,1.0,,,,,,32,0,0.0,,,,latent,2,inverse,0,0.0
bart,time,43,formal,S_h0,trajectory,,,0,32,32,32,1.0,32,1.0,32,1.0,32,1.0,32,1.0,32,1.0,32,1.0,,,,,,0,0,,,,,latent,3,inverse,0,0.0
bart,time,43,formal,S_h0,trajectory,,,0,32,32,0,0.0,0,0.0,0,0.0,0,0.0,0,0.0,0,0.0,32,1.0,,,,,,32,0,0.0,,,,latent,4,inverse,0,0.0
bart,time,43,formal,S_h0,trajectory,,,0,32,32,0,0.0,0,0.0,0,0.0,0,0.0,0,0.0,0,0.0,32,1.0,,,,,,0,0,,,,,latent,5,inverse,0,0.0
bart,time,43,formal,S_h0,trajectory,,,0,32,32,32,1.0,32,1.0,32,1.0,32,1.0,32,1.0,32,1.0,32,1.0,,,,,,32,32,1.0,,,,decode_reencode,1,inverse,32,1.0
bart,time,43,formal,S_h0,trajectory,,,0,32,32,32,1.0,32,1.0,32,1.0,32,1.0,32,1.0,32,1.0,32,1.0,,,,,,32,32,1.0,,,,decode_reencode,2,inverse,32,1.0
bart,time,43,formal,S_h0,trajectory,,,0,32,32,32,1.0,32,1.0,32,1.0,32,1.0,32,1.0,32,1.0,32,1.0,,,,,,32,32,1.0,,,,decode_reencode,3,inverse,32,1.0
bart,time,43,formal,S_h0,trajectory,,,0,32,32,32,1.0,32,1.0,32,1.0,32,1.0,32,1.0,32,1.0,32,1.0,,,,,,32,32,1.0,,,,decode_reencode,4,inverse,32,1.0
bart,time,43,formal,S_h0,trajectory,,,0,32,32,32,1.0,32,1.0,32,1.0,32,1.0,32,1.0,32,1.0,32,1.0,,,,,,32,32,1.0,,,,decode_reencode,5,inverse,32,1.0
bart,time,43,formal,S_h0,trajectory,,,0,32,32,32,1.0,32,1.0,32,1.0,32,1.0,32,1.0,32,1.0,32,1.0,,,,,,32,32,1.0,,,,gold_reencode,1,inverse,32,1.0
bart,time,43,formal,S_h0,trajectory,,,0,32,32,32,1.0,32,1.0,32,1.0,32,1.0,32,1.0,32,1.0,32,1.0,,,,,,32,32,1.0,,,,gold_reencode,2,inverse,32,1.0
bart,time,43,formal,S_h0,trajectory,,,0,32,32,32,1.0,32,1.0,32,1.0,32,1.0,32,1.0,32,1.0,32,1.0,,,,,,32,32,1.0,,,,gold_reencode,3,inverse,32,1.0
bart,time,43,formal,S_h0,trajectory,,,0,32,32,32,1.0,32,1.0,32,1.0,32,1.0,32,1.0,32,1.0,32,1.0,,,,,,32,32,1.0,,,,gold_reencode,4,inverse,32,1.0
bart,time,43,formal,S_h0,trajectory,,,0,32,32,32,1.0,32,1.0,32,1.0,32,1.0,32,1.0,32,1.0,32,1.0,,,,,,32,32,1.0,,,,gold_reencode,5,inverse,32,1.0
bart,time,43,formal,S_h0,trajectory,,,2,32,32,32,1.0,32,1.0,32,1.0,32,1.0,32,1.0,32,1.0,32,1.0,,,,,,32,32,1.0,,,,latent,1,forward,32,1.0
bart,time,43,formal,S_h0,trajectory,,,2,32,32,0,0.0,0,0.0,28,0.875,0,0.0,28,0.875,3,0.09375,32,1.0,,,,,,32,0,0.0,,,,latent,2,forward,0,0.0
bart,time,43,formal,S_h0,trajectory,,,2,32,32,0,0.0,0,0.0,1,0.03125,0,0.0,1,0.03125,0,0.0,32,1.0,,,,,,0,0,,,,,latent,3,forward,0,0.0
bart,time,43,formal,S_h0,trajectory,,,2,32,32,0,0.0,0,0.0,0,0.0,0,0.0,0,0.0,0,0.0,32,1.0,,,,,,0,0,,,,,latent,4,forward,0,0.0
bart,time,43,formal,S_h0,trajectory,,,2,32,32,0,0.0,0,0.0,0,0.0,0,0.0,0,0.0,0,0.0,7,0.21875,,,,,,0,0,,,,,latent,5,forward,0,0.0
bart,time,43,formal,S_h0,trajectory,,,2,32,32,32,1.0,32,1.0,32,1.0,32,1.0,32,1.0,32,1.0,32,1.0,,,,,,32,32,1.0,,,,decode_reencode,1,forward,32,1.0
bart,time,43,formal,S_h0,trajectory,,,2,32,32,0,0.0,0,0.0,32,1.0,0,0.0,32,1.0,32,1.0,32,1.0,,,,,,32,0,0.0,,,,decode_reencode,2,forward,0,0.0
bart,time,43,formal,S_h0,trajectory,,,2,32,32,0,0.0,0,0.0,32,1.0,0,0.0,32,1.0,32,1.0,32,1.0,,,,,,0,0,,,,,decode_reencode,3,forward,0,0.0
bart,time,43,formal,S_h0,trajectory,,,2,32,32,0,0.0,0,0.0,32,1.0,0,0.0,32,1.0,32,1.0,32,1.0,,,,,,0,0,,,,,decode_reencode,4,forward,0,0.0
bart,time,43,formal,S_h0,trajectory,,,2,32,32,0,0.0,0,0.0,32,1.0,0,0.0,32,1.0,32,1.0,32,1.0,,,,,,0,0,,,,,decode_reencode,5,forward,0,0.0
bart,time,43,formal,S_h0,trajectory,,,2,32,32,32,1.0,32,1.0,32,1.0,32,1.0,32,1.0,32,1.0,32,1.0,,,,,,32,32,1.0,,,,gold_reencode,1,forward,32,1.0
bart,time,43,formal,S_h0,trajectory,,,2,32,32,0,0.0,0,0.0,32,1.0,0,0.0,32,1.0,32,1.0,32,1.0,,,,,,32,0,0.0,,,,gold_reencode,2,forward,0,0.0
bart,time,43,formal,S_h0,trajectory,,,2,32,32,0,0.0,0,0.0,32,1.0,0,0.0,32,1.0,30,0.9375,32,1.0,,,,,,0,0,,,,,gold_reencode,3,forward,0,0.0
bart,time,43,formal,S_h0,trajectory,,,2,32,32,0,0.0,0,0.0,32,1.0,0,0.0,32,1.0,32,1.0,32,1.0,,,,,,0,0,,,,,gold_reencode,4,forward,0,0.0
bart,time,43,formal,S_h0,trajectory,,,2,32,32,0,0.0,0,0.0,32,1.0,0,0.0,32,1.0,32,1.0,32,1.0,,,,,,0,0,,,,,gold_reencode,5,forward,0,0.0
bart,time,43,formal,S_h0,trajectory,,,2,32,32,30,0.9375,30,0.9375,32,1.0,30,0.9375,32,1.0,30,0.9375,32,1.0,,,,,,32,30,0.9375,,,,latent,1,reverse,30,0.9375
bart,time,43,formal,S_h0,trajectory,,,2,32,32,0,0.0,0,0.0,3,0.09375,0,0.0,3,0.09375,0,0.0,32,1.0,,,,,,30,0,0.0,,,,latent,2,reverse,0,0.0
bart,time,43,formal,S_h0,trajectory,,,2,32,32,0,0.0,0,0.0,0,0.0,0,0.0,0,0.0,0,0.0,32,1.0,,,,,,0,0,,,,,latent,3,reverse,0,0.0
bart,time,43,formal,S_h0,trajectory,,,2,32,32,0,0.0,0,0.0,0,0.0,0,0.0,0,0.0,0,0.0,32,1.0,,,,,,0,0,,,,,latent,4,reverse,0,0.0
bart,time,43,formal,S_h0,trajectory,,,2,32,32,0,0.0,0,0.0,0,0.0,0,0.0,0,0.0,0,0.0,31,0.96875,,,,,,0,0,,,,,latent,5,reverse,0,0.0
bart,time,43,formal,S_h0,trajectory,,,2,32,32,30,0.9375,30,0.9375,32,1.0,30,0.9375,32,1.0,30,0.9375,32,1.0,,,,,,32,30,0.9375,,,,decode_reencode,1,reverse,30,0.9375
bart,time,43,formal,S_h0,trajectory,,,2,32,32,0,0.0,0,0.0,32,1.0,0,0.0,32,1.0,30,0.9375,32,1.0,,,,,,30,0,0.0,,,,decode_reencode,2,reverse,0,0.0
bart,time,43,formal,S_h0,trajectory,,,2,32,32,0,0.0,0,0.0,32,1.0,0,0.0,32,1.0,30,0.9375,32,1.0,,,,,,0,0,,,,,decode_reencode,3,reverse,0,0.0
bart,time,43,formal,S_h0,trajectory,,,2,32,32,0,0.0,0,0.0,32,1.0,0,0.0,32,1.0,30,0.9375,32,1.0,,,,,,0,0,,,,,decode_reencode,4,reverse,0,0.0
bart,time,43,formal,S_h0,trajectory,,,2,32,32,0,0.0,0,0.0,32,1.0,0,0.0,32,1.0,30,0.9375,32,1.0,,,,,,0,0,,,,,decode_reencode,5,reverse,0,0.0
bart,time,43,formal,S_h0,trajectory,,,2,32,32,30,0.9375,30,0.9375,32,1.0,30,0.9375,32,1.0,30,0.9375,32,1.0,,,,,,32,30,0.9375,,,,gold_reencode,1,reverse,30,0.9375
bart,time,43,formal,S_h0,trajectory,,,2,32,32,0,0.0,0,0.0,32,1.0,0,0.0,32,1.0,32,1.0,32,1.0,,,,,,30,0,0.0,,,,gold_reencode,2,reverse,0,0.0
bart,time,43,formal,S_h0,trajectory,,,2,32,32,0,0.0,0,0.0,32,1.0,0,0.0,32,1.0,31,0.96875,32,1.0,,,,,,0,0,,,,,gold_reencode,3,reverse,0,0.0
bart,time,43,formal,S_h0,trajectory,,,2,32,32,0,0.0,0,0.0,32,1.0,0,0.0,32,1.0,32,1.0,32,1.0,,,,,,0,0,,,,,gold_reencode,4,reverse,0,0.0
bart,time,43,formal,S_h0,trajectory,,,2,32,32,0,0.0,0,0.0,32,1.0,0,0.0,32,1.0,32,1.0,32,1.0,,,,,,0,0,,,,,gold_reencode,5,reverse,0,0.0
bart,time,43,formal,S_h0,trajectory,,,2,32,32,0,0.0,0,0.0,32,1.0,0,0.0,32,1.0,32,1.0,32,1.0,,,,,,32,0,0.0,,,,latent,1,inverse,0,0.0
bart,time,43,formal,S_h0,trajectory,,,2,32,32,0,0.0,0,0.0,32,1.0,0,0.0,32,1.0,32,1.0,32,1.0,,,,,,0,0,,,,,latent,2,inverse,0,0.0
bart,time,43,formal,S_h0,trajectory,,,2,32,32,32,1.0,32,1.0,32,1.0,32,1.0,32,1.0,32,1.0,32,1.0,,,,,,0,0,,,,,latent,3,inverse,0,0.0
bart,time,43,formal,S_h0,trajectory,,,2,32,32,0,0.0,0,0.0,0,0.0,0,0.0,0,0.0,0,0.0,32,1.0,,,,,,32,0,0.0,,,,latent,4,inverse,0,0.0
bart,time,43,formal,S_h0,trajectory,,,2,32,32,0,0.0,0,0.0,0,0.0,0,0.0,0,0.0,0,0.0,32,1.0,,,,,,0,0,,,,,latent,5,inverse,0,0.0
bart,time,43,formal,S_h0,trajectory,,,2,32,32,0,0.0,0,0.0,32,1.0,0,0.0,32,1.0,32,1.0,32,1.0,,,,,,32,0,0.0,,,,decode_reencode,1,inverse,0,0.0
bart,time,43,formal,S_h0,trajectory,,,2,32,32,32,1.0,32,1.0,32,1.0,32,1.0,32,1.0,32,1.0,32,1.0,,,,,,0,0,,,,,decode_reencode,2,inverse,0,0.0
bart,time,43,formal,S_h0,trajectory,,,2,32,32,0,0.0,0,0.0,32,1.0,0,0.0,32,1.0,32,1.0,32,1.0,,,,,,32,0,0.0,,,,decode_reencode,3,inverse,0,0.0
bart,time,43,formal,S_h0,trajectory,,,2,32,32,32,1.0,32,1.0,32,1.0,32,1.0,32,1.0,32,1.0,32,1.0,,,,,,0,0,,,,,decode_reencode,4,inverse,0,0.0
bart,time,43,formal,S_h0,trajectory,,,2,32,32,0,0.0,0,0.0,32,1.0,0,0.0,32,1.0,32,1.0,32,1.0,,,,,,32,0,0.0,,,,decode_reencode,5,inverse,0,0.0
bart,time,43,formal,S_h0,trajectory,,,2,32,32,0,0.0,0,0.0,32,1.0,0,0.0,32,1.0,32,1.0,32,1.0,,,,,,32,0,0.0,,,,gold_reencode,1,inverse,0,0.0
bart,time,43,formal,S_h0,trajectory,,,2,32,32,0,0.0,0,0.0,32,1.0,0,0.0,32,1.0,31,0.96875,32,1.0,,,,,,0,0,,,,,gold_reencode,2,inverse,0,0.0
bart,time,43,formal,S_h0,trajectory,,,2,32,32,0,0.0,0,0.0,32,1.0,0,0.0,32,1.0,32,1.0,32,1.0,,,,,,0,0,,,,,gold_reencode,3,inverse,0,0.0
bart,time,43,formal,S_h0,trajectory,,,2,32,32,0,0.0,0,0.0,32,1.0,0,0.0,32,1.0,31,0.96875,32,1.0,,,,,,0,0,,,,,gold_reencode,4,inverse,0,0.0
bart,time,43,formal,S_h0,trajectory,,,2,32,32,0,0.0,0,0.0,32,1.0,0,0.0,32,1.0,32,1.0,32,1.0,,,,,,0,0,,,,,gold_reencode,5,inverse,0,0.0
bart,time,43,formal,N_h0,atomic,plus,-2,3,32,32,32,1.0,32,1.0,32,1.0,32,1.0,32,1.0,32,1.0,32,1.0,,,,,,,,,,,,,,,,
bart,time,43,formal,N_h0,atomic,plus,-1,3,32,32,32,1.0,32,1.0,32,1.0,32,1.0,32,1.0,32,1.0,32,1.0,,,,,,,,,,,,,,,,
bart,time,43,formal,N_h0,atomic,plus,0,3,32,32,32,1.0,32,1.0,32,1.0,32,1.0,32,1.0,32,1.0,32,1.0,,,,,,,,,,,,,,,,
bart,time,43,formal,N_h0,atomic,plus,1,3,32,32,32,1.0,32,1.0,32,1.0,32,1.0,32,1.0,32,1.0,32,1.0,,,,,,,,,,,,,,,,
bart,time,43,formal,N_h0,atomic,plus,2,3,32,32,32,1.0,32,1.0,32,1.0,32,1.0,32,1.0,32,1.0,32,1.0,,,,,,,,,,,,,,,,
bart,time,43,formal,N_h0,atomic,plus,3,3,32,32,32,1.0,32,1.0,32,1.0,32,1.0,32,1.0,32,1.0,32,1.0,,,,,,,,,,,,,,,,
bart,time,43,formal,N_h0,atomic,plus,-2,4,32,32,32,1.0,32,1.0,32,1.0,32,1.0,32,1.0,32,1.0,32,1.0,,,,,,,,,,,,,,,,
bart,time,43,formal,N_h0,atomic,plus,-1,4,32,32,32,1.0,32,1.0,32,1.0,32,1.0,32,1.0,32,1.0,32,1.0,,,,,,,,,,,,,,,,
bart,time,43,formal,N_h0,atomic,plus,0,4,32,32,32,1.0,32,1.0,32,1.0,32,1.0,32,1.0,32,1.0,32,1.0,,,,,,,,,,,,,,,,
bart,time,43,formal,N_h0,atomic,plus,1,4,32,32,32,1.0,32,1.0,32,1.0,32,1.0,32,1.0,32,1.0,32,1.0,,,,,,,,,,,,,,,,
bart,time,43,formal,N_h0,atomic,plus,2,4,32,32,32,1.0,32,1.0,32,1.0,32,1.0,32,1.0,32,1.0,32,1.0,,,,,,,,,,,,,,,,
bart,time,43,formal,N_h0,atomic,plus,3,4,32,32,32,1.0,32,1.0,32,1.0,32,1.0,32,1.0,32,1.0,32,1.0,,,,,,,,,,,,,,,,
bart,time,43,formal,N_h0,atomic,plus,-2,5,32,32,0,0.0,32,1.0,0,0.0,0,0.0,32,1.0,32,1.0,32,1.0,,,,,,,,,,,,,,,,
bart,time,43,formal,N_h0,atomic,plus,-1,5,32,32,0,0.0,32,1.0,0,0.0,0,0.0,32,1.0,32,1.0,32,1.0,,,,,,,,,,,,,,,,
bart,time,43,formal,N_h0,atomic,plus,0,5,32,32,0,0.0,32,1.0,0,0.0,0,0.0,32,1.0,32,1.0,32,1.0,,,,,,,,,,,,,,,,
bart,time,43,formal,N_h0,atomic,plus,1,5,32,32,0,0.0,32,1.0,0,0.0,0,0.0,32,1.0,32,1.0,32,1.0,,,,,,,,,,,,,,,,
bart,time,43,formal,N_h0,atomic,plus,2,5,32,32,0,0.0,32,1.0,0,0.0,0,0.0,32,1.0,32,1.0,32,1.0,,,,,,,,,,,,,,,,
bart,time,43,formal,N_h0,atomic,plus,3,5,32,32,0,0.0,32,1.0,0,0.0,0,0.0,32,1.0,32,1.0,32,1.0,,,,,,,,,,,,,,,,
bart,time,43,formal,N_h0,atomic,minus,-3,3,32,32,32,1.0,32,1.0,32,1.0,32,1.0,32,1.0,32,1.0,32,1.0,,,,,,,,,,,,,,,,
bart,time,43,formal,N_h0,atomic,minus,-2,3,32,32,25,0.78125,25,0.78125,25,0.78125,25,0.78125,25,0.78125,25,0.78125,32,1.0,,,,,,,,,,,,,,,,
bart,time,43,formal,N_h0,atomic,minus,-1,3,32,32,32,1.0,32,1.0,32,1.0,32,1.0,32,1.0,32,1.0,32,1.0,,,,,,,,,,,,,,,,
bart,time,43,formal,N_h0,atomic,minus,0,3,32,32,32,1.0,32,1.0,32,1.0,32,1.0,32,1.0,32,1.0,32,1.0,,,,,,,,,,,,,,,,
bart,time,43,formal,N_h0,atomic,minus,1,3,32,32,32,1.0,32,1.0,32,1.0,32,1.0,32,1.0,32,1.0,32,1.0,,,,,,,,,,,,,,,,
bart,time,43,formal,N_h0,atomic,minus,2,3,32,32,32,1.0,32,1.0,32,1.0,32,1.0,32,1.0,32,1.0,32,1.0,,,,,,,,,,,,,,,,
bart,time,43,formal,N_h0,atomic,minus,-3,4,32,32,32,1.0,32,1.0,32,1.0,32,1.0,32,1.0,32,1.0,32,1.0,,,,,,,,,,,,,,,,
bart,time,43,formal,N_h0,atomic,minus,-2,4,32,32,32,1.0,32,1.0,32,1.0,32,1.0,32,1.0,32,1.0,32,1.0,,,,,,,,,,,,,,,,
bart,time,43,formal,N_h0,atomic,minus,-1,4,32,32,32,1.0,32,1.0,32,1.0,32,1.0,32,1.0,32,1.0,32,1.0,,,,,,,,,,,,,,,,
bart,time,43,formal,N_h0,atomic,minus,0,4,32,32,32,1.0,32,1.0,32,1.0,32,1.0,32,1.0,32,1.0,32,1.0,,,,,,,,,,,,,,,,
bart,time,43,formal,N_h0,atomic,minus,1,4,32,32,32,1.0,32,1.0,32,1.0,32,1.0,32,1.0,32,1.0,32,1.0,,,,,,,,,,,,,,,,
bart,time,43,formal,N_h0,atomic,minus,2,4,32,32,32,1.0,32,1.0,32,1.0,32,1.0,32,1.0,32,1.0,32,1.0,,,,,,,,,,,,,,,,
bart,time,43,formal,N_h0,atomic,minus,-3,5,32,32,0,0.0,32,1.0,0,0.0,0,0.0,32,1.0,32,1.0,32,1.0,,,,,,,,,,,,,,,,
bart,time,43,formal,N_h0,atomic,minus,-2,5,32,32,0,0.0,32,1.0,0,0.0,0,0.0,32,1.0,32,1.0,32,1.0,,,,,,,,,,,,,,,,
bart,time,43,formal,N_h0,atomic,minus,-1,5,32,32,0,0.0,32,1.0,0,0.0,0,0.0,32,1.0,32,1.0,32,1.0,,,,,,,,,,,,,,,,
bart,time,43,formal,N_h0,atomic,minus,0,5,32,32,0,0.0,32,1.0,0,0.0,0,0.0,32,1.0,32,1.0,32,1.0,,,,,,,,,,,,,,,,
bart,time,43,formal,N_h0,atomic,minus,1,5,32,32,0,0.0,30,0.9375,0,0.0,0,0.0,32,1.0,32,1.0,32,1.0,,,,,,,,,,,,,,,,
bart,time,43,formal,N_h0,atomic,minus,2,5,32,32,0,0.0,14,0.4375,0,0.0,0,0.0,32,1.0,14,0.4375,32,1.0,,,,,,,,,,,,,,,,
bart,time,43,formal,N_h0,atomic,plus,-2,0,32,32,32,1.0,32,1.0,32,1.0,32,1.0,32,1.0,32,1.0,32,1.0,,,,,,,,,,,,,,,,
bart,time,43,formal,N_h0,atomic,plus,-1,0,32,32,32,1.0,32,1.0,32,1.0,32,1.0,32,1.0,32,1.0,32,1.0,,,,,,,,,,,,,,,,
bart,time,43,formal,N_h0,atomic,plus,0,0,32,32,32,1.0,32,1.0,32,1.0,32,1.0,32,1.0,32,1.0,32,1.0,,,,,,,,,,,,,,,,
bart,time,43,formal,N_h0,atomic,plus,1,0,32,32,32,1.0,32,1.0,32,1.0,32,1.0,32,1.0,32,1.0,32,1.0,,,,,,,,,,,,,,,,
bart,time,43,formal,N_h0,atomic,plus,2,0,32,32,32,1.0,32,1.0,32,1.0,32,1.0,32,1.0,32,1.0,32,1.0,,,,,,,,,,,,,,,,
bart,time,43,formal,N_h0,atomic,plus,3,0,32,32,32,1.0,32,1.0,32,1.0,32,1.0,32,1.0,32,1.0,32,1.0,,,,,,,,,,,,,,,,
bart,time,43,formal,N_h0,atomic,plus,-2,1,32,32,32,1.0,32,1.0,32,1.0,32,1.0,32,1.0,32,1.0,32,1.0,,,,,,,,,,,,,,,,
bart,time,43,formal,N_h0,atomic,plus,-1,1,32,32,32,1.0,32,1.0,32,1.0,32,1.0,32,1.0,32,1.0,32,1.0,,,,,,,,,,,,,,,,
bart,time,43,formal,N_h0,atomic,plus,0,1,32,32,32,1.0,32,1.0,32,1.0,32,1.0,32,1.0,32,1.0,32,1.0,,,,,,,,,,,,,,,,
bart,time,43,formal,N_h0,atomic,plus,1,1,32,32,32,1.0,32,1.0,32,1.0,32,1.0,32,1.0,32,1.0,32,1.0,,,,,,,,,,,,,,,,
bart,time,43,formal,N_h0,atomic,plus,2,1,32,32,32,1.0,32,1.0,32,1.0,32,1.0,32,1.0,32,1.0,32,1.0,,,,,,,,,,,,,,,,
bart,time,43,formal,N_h0,atomic,plus,3,1,32,32,32,1.0,32,1.0,32,1.0,32,1.0,32,1.0,32,1.0,32,1.0,,,,,,,,,,,,,,,,
bart,time,43,formal,N_h0,atomic,minus,-3,0,32,32,32,1.0,32,1.0,32,1.0,32,1.0,32,1.0,32,1.0,32,1.0,,,,,,,,,,,,,,,,
bart,time,43,formal,N_h0,atomic,minus,-2,0,32,32,32,1.0,32,1.0,32,1.0,32,1.0,32,1.0,32,1.0,32,1.0,,,,,,,,,,,,,,,,
bart,time,43,formal,N_h0,atomic,minus,-1,0,32,32,32,1.0,32,1.0,32,1.0,32,1.0,32,1.0,32,1.0,32,1.0,,,,,,,,,,,,,,,,
bart,time,43,formal,N_h0,atomic,minus,0,0,32,32,32,1.0,32,1.0,32,1.0,32,1.0,32,1.0,32,1.0,32,1.0,,,,,,,,,,,,,,,,
bart,time,43,formal,N_h0,atomic,minus,1,0,32,32,32,1.0,32,1.0,32,1.0,32,1.0,32,1.0,32,1.0,32,1.0,,,,,,,,,,,,,,,,
bart,time,43,formal,N_h0,atomic,minus,2,0,32,32,32,1.0,32,1.0,32,1.0,32,1.0,32,1.0,32,1.0,32,1.0,,,,,,,,,,,,,,,,
bart,time,43,formal,N_h0,atomic,minus,-3,1,32,32,32,1.0,32,1.0,32,1.0,32,1.0,32,1.0,32,1.0,32,1.0,,,,,,,,,,,,,,,,
bart,time,43,formal,N_h0,atomic,minus,-2,1,32,32,32,1.0,32,1.0,32,1.0,32,1.0,32,1.0,32,1.0,32,1.0,,,,,,,,,,,,,,,,
bart,time,43,formal,N_h0,atomic,minus,-1,1,32,32,32,1.0,32,1.0,32,1.0,32,1.0,32,1.0,32,1.0,32,1.0,,,,,,,,,,,,,,,,
bart,time,43,formal,N_h0,atomic,minus,0,1,32,32,32,1.0,32,1.0,32,1.0,32,1.0,32,1.0,32,1.0,32,1.0,,,,,,,,,,,,,,,,
bart,time,43,formal,N_h0,atomic,minus,1,1,32,32,32,1.0,32,1.0,32,1.0,32,1.0,32,1.0,32,1.0,32,1.0,,,,,,,,,,,,,,,,
bart,time,43,formal,N_h0,atomic,minus,2,1,32,32,32,1.0,32,1.0,32,1.0,32,1.0,32,1.0,32,1.0,32,1.0,,,,,,,,,,,,,,,,
bart,time,43,formal,N_h0,atomic,plus,-2,2,32,32,32,1.0,32,1.0,32,1.0,32,1.0,32,1.0,32,1.0,32,1.0,,,,,,,,,,,,,,,,
bart,time,43,formal,N_h0,atomic,plus,-1,2,32,32,0,0.0,0,0.0,32,1.0,0,0.0,32,1.0,32,1.0,32,1.0,,,,,,,,,,,,,,,,
bart,time,43,formal,N_h0,atomic,plus,0,2,32,32,0,0.0,0,0.0,32,1.0,0,0.0,32,1.0,32,1.0,32,1.0,,,,,,,,,,,,,,,,
bart,time,43,formal,N_h0,atomic,plus,1,2,32,32,0,0.0,0,0.0,32,1.0,0,0.0,32,1.0,32,1.0,32,1.0,,,,,,,,,,,,,,,,
bart,time,43,formal,N_h0,atomic,plus,2,2,32,32,0,0.0,0,0.0,32,1.0,0,0.0,32,1.0,32,1.0,32,1.0,,,,,,,,,,,,,,,,
bart,time,43,formal,N_h0,atomic,plus,3,2,32,32,32,1.0,32,1.0,32,1.0,32,1.0,32,1.0,32,1.0,32,1.0,,,,,,,,,,,,,,,,
bart,time,43,formal,N_h0,atomic,minus,-3,2,32,32,27,0.84375,27,0.84375,32,1.0,27,0.84375,32,1.0,27,0.84375,32,1.0,,,,,,,,,,,,,,,,
bart,time,43,formal,N_h0,atomic,minus,-2,2,32,32,0,0.0,0,0.0,32,1.0,0,0.0,32,1.0,31,0.96875,32,1.0,,,,,,,,,,,,,,,,
bart,time,43,formal,N_h0,atomic,minus,-1,2,32,32,0,0.0,0,0.0,32,1.0,0,0.0,32,1.0,30,0.9375,32,1.0,,,,,,,,,,,,,,,,
bart,time,43,formal,N_h0,atomic,minus,0,2,32,32,0,0.0,0,0.0,32,1.0,0,0.0,32,1.0,32,1.0,32,1.0,,,,,,,,,,,,,,,,
bart,time,43,formal,N_h0,atomic,minus,1,2,32,32,0,0.0,0,0.0,32,1.0,0,0.0,32,1.0,32,1.0,32,1.0,,,,,,,,,,,,,,,,
bart,time,43,formal,N_h0,atomic,minus,2,2,32,32,32,1.0,32,1.0,32,1.0,32,1.0,32,1.0,32,1.0,32,1.0,,,,,,,,,,,,,,,,
bart,time,43,formal,N_h0,source_matrix,plus,-2,0,32,32,0,0.0,0,0.0,0,0.0,0,0.0,0,0.0,0,0.0,32,1.0,0,P,False,32,1.0,32,0,0.0,32,0,0.0,,,,,
bart,time,43,formal,N_h0,source_matrix,plus,-1,0,32,32,0,0.0,0,0.0,0,0.0,0,0.0,0,0.0,0,0.0,32,1.0,0,P,False,32,1.0,32,0,0.0,32,0,0.0,,,,,
bart,time,43,formal,N_h0,source_matrix,plus,0,0,32,32,0,0.0,0,0.0,0,0.0,0,0.0,0,0.0,0,0.0,32,1.0,0,P,False,32,1.0,32,0,0.0,32,0,0.0,,,,,
bart,time,43,formal,N_h0,source_matrix,plus,1,0,32,32,0,0.0,0,0.0,0,0.0,0,0.0,0,0.0,0,0.0,30,0.9375,0,P,False,32,1.0,32,0,0.0,32,0,0.0,,,,,
bart,time,43,formal,N_h0,source_matrix,plus,2,0,32,32,0,0.0,0,0.0,0,0.0,0,0.0,0,0.0,0,0.0,19,0.59375,0,P,True,32,1.0,32,0,0.0,32,0,0.0,,,,,
bart,time,43,formal,N_h0,source_matrix,plus,3,0,32,32,0,0.0,0,0.0,0,0.0,0,0.0,0,0.0,0,0.0,32,1.0,0,P,False,32,1.0,32,0,0.0,32,0,0.0,,,,,
bart,time,43,formal,N_h0,source_matrix,minus,-3,0,32,32,0,0.0,0,0.0,0,0.0,0,0.0,0,0.0,0,0.0,32,1.0,0,P,False,32,1.0,32,0,0.0,32,0,0.0,,,,,
bart,time,43,formal,N_h0,source_matrix,minus,-2,0,32,32,0,0.0,0,0.0,0,0.0,0,0.0,0,0.0,0,0.0,32,1.0,0,P,False,32,1.0,32,0,0.0,32,0,0.0,,,,,
bart,time,43,formal,N_h0,source_matrix,minus,-1,0,32,32,0,0.0,0,0.0,0,0.0,0,0.0,0,0.0,0,0.0,32,1.0,0,P,False,32,1.0,32,0,0.0,32,0,0.0,,,,,
bart,time,43,formal,N_h0,source_matrix,minus,0,0,32,32,0,0.0,0,0.0,0,0.0,0,0.0,0,0.0,0,0.0,32,1.0,0,P,False,32,1.0,32,0,0.0,32,0,0.0,,,,,
bart,time,43,formal,N_h0,source_matrix,minus,1,0,32,32,0,0.0,0,0.0,0,0.0,0,0.0,0,0.0,0,0.0,32,1.0,0,P,False,32,1.0,32,0,0.0,32,0,0.0,,,,,
bart,time,43,formal,N_h0,source_matrix,minus,2,0,32,32,0,0.0,0,0.0,0,0.0,0,0.0,0,0.0,0,0.0,32,1.0,0,P,True,32,1.0,32,0,0.0,32,0,0.0,,,,,
bart,time,43,formal,N_h0,source_matrix,plus,-2,0,32,32,0,0.0,0,0.0,0,0.0,0,0.0,0,0.0,0,0.0,32,1.0,0,Q,False,32,1.0,32,0,0.0,32,0,0.0,,,,,
bart,time,43,formal,N_h0,source_matrix,plus,-1,0,32,32,0,0.0,0,0.0,0,0.0,0,0.0,0,0.0,0,0.0,32,1.0,0,Q,False,32,1.0,32,0,0.0,32,0,0.0,,,,,
bart,time,43,formal,N_h0,source_matrix,plus,0,0,32,32,0,0.0,0,0.0,0,0.0,0,0.0,0,0.0,0,0.0,32,1.0,0,Q,False,32,1.0,32,0,0.0,32,0,0.0,,,,,
bart,time,43,formal,N_h0,source_matrix,plus,1,0,32,32,0,0.0,0,0.0,0,0.0,0,0.0,0,0.0,0,0.0,26,0.8125,0,Q,False,32,1.0,32,0,0.0,32,0,0.0,,,,,
bart,time,43,formal,N_h0,source_matrix,plus,2,0,32,32,0,0.0,0,0.0,0,0.0,0,0.0,0,0.0,0,0.0,23,0.71875,0,Q,True,32,1.0,32,0,0.0,32,0,0.0,,,,,
bart,time,43,formal,N_h0,source_matrix,plus,3,0,32,32,0,0.0,0,0.0,0,0.0,0,0.0,0,0.0,0,0.0,32,1.0,0,Q,False,32,1.0,32,0,0.0,32,0,0.0,,,,,
bart,time,43,formal,N_h0,source_matrix,minus,-3,0,32,32,0,0.0,0,0.0,0,0.0,0,0.0,0,0.0,0,0.0,32,1.0,0,Q,False,32,1.0,32,0,0.0,32,0,0.0,,,,,
bart,time,43,formal,N_h0,source_matrix,minus,-2,0,32,32,0,0.0,0,0.0,0,0.0,0,0.0,0,0.0,0,0.0,32,1.0,0,Q,False,32,1.0,32,0,0.0,32,0,0.0,,,,,
bart,time,43,formal,N_h0,source_matrix,minus,-1,0,32,32,0,0.0,0,0.0,0,0.0,0,0.0,0,0.0,0,0.0,32,1.0,0,Q,False,32,1.0,32,0,0.0,32,0,0.0,,,,,
bart,time,43,formal,N_h0,source_matrix,minus,0,0,32,32,0,0.0,0,0.0,0,0.0,0,0.0,0,0.0,0,0.0,32,1.0,0,Q,False,32,1.0,32,0,0.0,32,0,0.0,,,,,
bart,time,43,formal,N_h0,source_matrix,minus,1,0,32,32,0,0.0,0,0.0,0,0.0,0,0.0,0,0.0,0,0.0,32,1.0,0,Q,False,32,1.0,32,0,0.0,32,0,0.0,,,,,
bart,time,43,formal,N_h0,source_matrix,minus,2,0,32,32,0,0.0,0,0.0,0,0.0,0,0.0,0,0.0,0,0.0,32,1.0,0,Q,True,32,1.0,32,0,0.0,32,0,0.0,,,,,
bart,time,43,formal,N_h0,source_matrix,plus,-2,0,32,32,0,0.0,0,0.0,0,0.0,0,0.0,0,0.0,0,0.0,32,1.0,0,U,False,32,1.0,32,0,0.0,32,0,0.0,,,,,
bart,time,43,formal,N_h0,source_matrix,plus,-1,0,32,32,0,0.0,0,0.0,0,0.0,0,0.0,0,0.0,0,0.0,32,1.0,0,U,False,32,1.0,32,0,0.0,32,0,0.0,,,,,
bart,time,43,formal,N_h0,source_matrix,plus,0,0,32,32,0,0.0,0,0.0,0,0.0,0,0.0,0,0.0,0,0.0,32,1.0,0,U,False,32,1.0,32,0,0.0,32,0,0.0,,,,,
bart,time,43,formal,N_h0,source_matrix,plus,1,0,32,32,0,0.0,0,0.0,0,0.0,0,0.0,0,0.0,0,0.0,31,0.96875,0,U,False,32,1.0,32,0,0.0,32,0,0.0,,,,,
bart,time,43,formal,N_h0,source_matrix,plus,2,0,32,32,0,0.0,0,0.0,0,0.0,0,0.0,0,0.0,0,0.0,32,1.0,0,U,True,32,1.0,32,0,0.0,32,0,0.0,,,,,
bart,time,43,formal,N_h0,source_matrix,plus,3,0,32,32,2,0.0625,2,0.0625,2,0.0625,2,0.0625,2,0.0625,2,0.0625,32,1.0,0,U,False,32,1.0,32,2,0.0625,32,2,0.0625,,,,,
bart,time,43,formal,N_h0,source_matrix,minus,-3,0,32,32,0,0.0,0,0.0,0,0.0,0,0.0,0,0.0,0,0.0,32,1.0,0,U,False,32,1.0,32,0,0.0,32,0,0.0,,,,,
bart,time,43,formal,N_h0,source_matrix,minus,-2,0,32,32,0,0.0,0,0.0,5,0.15625,0,0.0,5,0.15625,4,0.125,32,1.0,0,U,False,32,1.0,32,0,0.0,32,0,0.0,,,,,
bart,time,43,formal,N_h0,source_matrix,minus,-1,0,32,32,0,0.0,0,0.0,0,0.0,0,0.0,0,0.0,0,0.0,32,1.0,0,U,False,32,1.0,32,0,0.0,32,0,0.0,,,,,
bart,time,43,formal,N_h0,source_matrix,minus,0,0,32,32,0,0.0,0,0.0,0,0.0,0,0.0,0,0.0,0,0.0,32,1.0,0,U,False,32,1.0,32,0,0.0,32,0,0.0,,,,,
bart,time,43,formal,N_h0,source_matrix,minus,1,0,32,32,0,0.0,0,0.0,0,0.0,0,0.0,0,0.0,0,0.0,32,1.0,0,U,False,32,1.0,32,0,0.0,32,0,0.0,,,,,
bart,time,43,formal,N_h0,source_matrix,minus,2,0,32,32,0,0.0,0,0.0,0,0.0,0,0.0,0,0.0,0,0.0,32,1.0,0,U,True,32,1.0,32,0,0.0,32,0,0.0,,,,,
bart,time,43,formal,N_h0,source_matrix,plus,-2,2,32,32,0,0.0,0,0.0,2,0.0625,0,0.0,3,0.09375,0,0.0,32,1.0,0,P,False,0,0.0,0,0,,0,0,,,,,,
bart,time,43,formal,N_h0,source_matrix,plus,-1,2,32,32,0,0.0,0,0.0,0,0.0,0,0.0,0,0.0,0,0.0,32,1.0,0,P,False,0,0.0,0,0,,0,0,,,,,,
bart,time,43,formal,N_h0,source_matrix,plus,0,2,32,32,0,0.0,0,0.0,0,0.0,0,0.0,0,0.0,0,0.0,32,1.0,0,P,False,0,0.0,0,0,,0,0,,,,,,
bart,time,43,formal,N_h0,source_matrix,plus,1,2,32,32,0,0.0,0,0.0,0,0.0,0,0.0,0,0.0,0,0.0,32,1.0,0,P,False,0,0.0,0,0,,0,0,,,,,,
bart,time,43,formal,N_h0,source_matrix,plus,2,2,32,32,0,0.0,0,0.0,0,0.0,0,0.0,0,0.0,0,0.0,32,1.0,0,P,True,32,1.0,32,0,0.0,28,0,0.0,,,,,
bart,time,43,formal,N_h0,source_matrix,plus,3,2,32,32,0,0.0,0,0.0,0,0.0,0,0.0,0,0.0,0,0.0,32,1.0,0,P,False,32,1.0,32,0,0.0,30,0,0.0,,,,,
bart,time,43,formal,N_h0,source_matrix,minus,-3,2,32,32,0,0.0,0,0.0,1,0.03125,0,0.0,1,0.03125,0,0.0,32,1.0,0,P,False,32,1.0,32,0,0.0,30,0,0.0,,,,,
bart,time,43,formal,N_h0,source_matrix,minus,-2,2,32,32,0,0.0,0,0.0,1,0.03125,0,0.0,1,0.03125,0,0.0,32,1.0,0,P,False,0,0.0,0,0,,0,0,,,,,,
bart,time,43,formal,N_h0,source_matrix,minus,-1,2,32,32,0,0.0,0,0.0,1,0.03125,0,0.0,1,0.03125,0,0.0,32,1.0,0,P,False,0,0.0,0,0,,0,0,,,,,,
bart,time,43,formal,N_h0,source_matrix,minus,0,2,32,32,0,0.0,0,0.0,1,0.03125,0,0.0,1,0.03125,0,0.0,32,1.0,0,P,False,0,0.0,0,0,,0,0,,,,,,
bart,time,43,formal,N_h0,source_matrix,minus,1,2,32,32,0,0.0,0,0.0,0,0.0,0,0.0,0,0.0,0,0.0,32,1.0,0,P,False,0,0.0,0,0,,0,0,,,,,,
bart,time,43,formal,N_h0,source_matrix,minus,2,2,32,32,0,0.0,0,0.0,0,0.0,0,0.0,0,0.0,0,0.0,32,1.0,0,P,True,32,1.0,32,0,0.0,28,0,0.0,,,,,
bart,time,43,formal,N_h0,source_matrix,plus,-2,2,32,32,0,0.0,0,0.0,0,0.0,0,0.0,0,0.0,0,0.0,32,1.0,0,Q,False,0,0.0,0,0,,0,0,,,,,,
bart,time,43,formal,N_h0,source_matrix,plus,-1,2,32,32,0,0.0,0,0.0,0,0.0,0,0.0,0,0.0,0,0.0,32,1.0,0,Q,False,0,0.0,0,0,,0,0,,,,,,
bart,time,43,formal,N_h0,source_matrix,plus,0,2,32,32,0,0.0,0,0.0,0,0.0,0,0.0,0,0.0,0,0.0,32,1.0,0,Q,False,0,0.0,0,0,,0,0,,,,,,
bart,time,43,formal,N_h0,source_matrix,plus,1,2,32,32,0,0.0,0,0.0,0,0.0,0,0.0,0,0.0,0,0.0,32,1.0,0,Q,False,0,0.0,0,0,,0,0,,,,,,
bart,time,43,formal,N_h0,source_matrix,plus,2,2,32,32,0,0.0,0,0.0,0,0.0,0,0.0,0,0.0,0,0.0,32,1.0,0,Q,True,30,0.9375,30,0,0.0,28,0,0.0,,,,,
bart,time,43,formal,N_h0,source_matrix,plus,3,2,32,32,0,0.0,0,0.0,0,0.0,0,0.0,0,0.0,0,0.0,32,1.0,0,Q,False,30,0.9375,30,0,0.0,30,0,0.0,,,,,
bart,time,43,formal,N_h0,source_matrix,minus,-3,2,32,32,0,0.0,0,0.0,0,0.0,0,0.0,0,0.0,0,0.0,32,1.0,0,Q,False,32,1.0,32,0,0.0,30,0,0.0,,,,,
bart,time,43,formal,N_h0,source_matrix,minus,-2,2,32,32,0,0.0,0,0.0,0,0.0,0,0.0,0,0.0,0,0.0,32,1.0,0,Q,False,0,0.0,0,0,,0,0,,,,,,
bart,time,43,formal,N_h0,source_matrix,minus,-1,2,32,32,0,0.0,0,0.0,0,0.0,0,0.0,0,0.0,0,0.0,32,1.0,0,Q,False,0,0.0,0,0,,0,0,,,,,,
bart,time,43,formal,N_h0,source_matrix,minus,0,2,32,32,0,0.0,0,0.0,0,0.0,0,0.0,0,0.0,0,0.0,32,1.0,0,Q,False,0,0.0,0,0,,0,0,,,,,,
bart,time,43,formal,N_h0,source_matrix,minus,1,2,32,32,0,0.0,0,0.0,0,0.0,0,0.0,0,0.0,0,0.0,32,1.0,0,Q,False,0,0.0,0,0,,0,0,,,,,,
bart,time,43,formal,N_h0,source_matrix,minus,2,2,32,32,0,0.0,0,0.0,0,0.0,0,0.0,0,0.0,0,0.0,32,1.0,0,Q,True,30,0.9375,30,0,0.0,28,0,0.0,,,,,
bart,time,43,formal,N_h0,source_matrix,plus,-2,2,32,32,0,0.0,0,0.0,0,0.0,0,0.0,0,0.0,0,0.0,32,1.0,0,U,False,0,0.0,0,0,,0,0,,,,,,
bart,time,43,formal,N_h0,source_matrix,plus,-1,2,32,32,0,0.0,0,0.0,0,0.0,0,0.0,0,0.0,0,0.0,32,1.0,0,U,False,0,0.0,0,0,,0,0,,,,,,
bart,time,43,formal,N_h0,source_matrix,plus,0,2,32,32,0,0.0,0,0.0,0,0.0,0,0.0,0,0.0,0,0.0,32,1.0,0,U,False,0,0.0,0,0,,0,0,,,,,,
bart,time,43,formal,N_h0,source_matrix,plus,1,2,32,32,0,0.0,0,0.0,0,0.0,0,0.0,0,0.0,0,0.0,32,1.0,0,U,False,0,0.0,0,0,,0,0,,,,,,
bart,time,43,formal,N_h0,source_matrix,plus,2,2,32,32,0,0.0,0,0.0,0,0.0,0,0.0,0,0.0,0,0.0,32,1.0,0,U,True,30,0.9375,30,0,0.0,28,0,0.0,,,,,
bart,time,43,formal,N_h0,source_matrix,plus,3,2,32,32,0,0.0,0,0.0,7,0.21875,0,0.0,7,0.21875,0,0.0,32,1.0,0,U,False,32,1.0,32,0,0.0,30,0,0.0,,,,,
bart,time,43,formal,N_h0,source_matrix,minus,-3,2,32,32,0,0.0,0,0.0,0,0.0,0,0.0,0,0.0,0,0.0,32,1.0,0,U,False,30,0.9375,30,0,0.0,30,0,0.0,,,,,
bart,time,43,formal,N_h0,source_matrix,minus,-2,2,32,32,0,0.0,0,0.0,0,0.0,0,0.0,0,0.0,0,0.0,32,1.0,0,U,False,0,0.0,0,0,,0,0,,,,,,
bart,time,43,formal,N_h0,source_matrix,minus,-1,2,32,32,0,0.0,0,0.0,0,0.0,0,0.0,0,0.0,0,0.0,32,1.0,0,U,False,0,0.0,0,0,,0,0,,,,,,
bart,time,43,formal,N_h0,source_matrix,minus,0,2,32,32,0,0.0,0,0.0,0,0.0,0,0.0,0,0.0,0,0.0,32,1.0,0,U,False,0,0.0,0,0,,0,0,,,,,,
bart,time,43,formal,N_h0,source_matrix,minus,1,2,32,32,0,0.0,0,0.0,0,0.0,0,0.0,0,0.0,0,0.0,32,1.0,0,U,False,0,0.0,0,0,,0,0,,,,,,
bart,time,43,formal,N_h0,source_matrix,minus,2,2,32,32,0,0.0,0,0.0,0,0.0,0,0.0,0,0.0,0,0.0,32,1.0,0,U,True,30,0.9375,30,0,0.0,28,0,0.0,,,,,
bart,time,43,formal,N_h0,trajectory,,,0,32,32,32,1.0,32,1.0,32,1.0,32,1.0,32,1.0,32,1.0,32,1.0,,,,,,32,32,1.0,,,,latent,1,forward,32,1.0
bart,time,43,formal,N_h0,trajectory,,,0,32,32,0,0.0,0,0.0,0,0.0,0,0.0,0,0.0,0,0.0,27,0.84375,,,,,,32,0,0.0,,,,latent,2,forward,0,0.0
bart,time,43,formal,N_h0,trajectory,,,0,32,32,0,0.0,0,0.0,0,0.0,0,0.0,0,0.0,0,0.0,0,0.0,,,,,,0,0,,,,,latent,3,forward,0,0.0
bart,time,43,formal,N_h0,trajectory,,,0,32,32,0,0.0,0,0.0,0,0.0,0,0.0,0,0.0,0,0.0,0,0.0,,,,,,0,0,,,,,latent,4,forward,0,0.0
bart,time,43,formal,N_h0,trajectory,,,0,32,32,0,0.0,0,0.0,0,0.0,0,0.0,0,0.0,0,0.0,0,0.0,,,,,,0,0,,,,,latent,5,forward,0,0.0
bart,time,43,formal,N_h0,trajectory,,,0,32,32,32,1.0,32,1.0,32,1.0,32,1.0,32,1.0,32,1.0,32,1.0,,,,,,32,32,1.0,,,,decode_reencode,1,forward,32,1.0
bart,time,43,formal,N_h0,trajectory,,,0,32,32,32,1.0,32,1.0,32,1.0,32,1.0,32,1.0,32,1.0,32,1.0,,,,,,32,32,1.0,,,,decode_reencode,2,forward,32,1.0
bart,time,43,formal,N_h0,trajectory,,,0,32,32,32,1.0,32,1.0,32,1.0,32,1.0,32,1.0,32,1.0,32,1.0,,,,,,32,32,1.0,,,,decode_reencode,3,forward,32,1.0
bart,time,43,formal,N_h0,trajectory,,,0,32,32,32,1.0,32,1.0,32,1.0,32,1.0,32,1.0,32,1.0,32,1.0,,,,,,32,32,1.0,,,,decode_reencode,4,forward,32,1.0
bart,time,43,formal,N_h0,trajectory,,,0,32,32,32,1.0,32,1.0,32,1.0,32,1.0,32,1.0,32,1.0,32,1.0,,,,,,32,32,1.0,,,,decode_reencode,5,forward,32,1.0
bart,time,43,formal,N_h0,trajectory,,,0,32,32,32,1.0,32,1.0,32,1.0,32,1.0,32,1.0,32,1.0,32,1.0,,,,,,32,32,1.0,,,,gold_reencode,1,forward,32,1.0
bart,time,43,formal,N_h0,trajectory,,,0,32,32,32,1.0,32,1.0,32,1.0,32,1.0,32,1.0,32,1.0,32,1.0,,,,,,32,32,1.0,,,,gold_reencode,2,forward,32,1.0
bart,time,43,formal,N_h0,trajectory,,,0,32,32,32,1.0,32,1.0,32,1.0,32,1.0,32,1.0,32,1.0,32,1.0,,,,,,32,32,1.0,,,,gold_reencode,3,forward,32,1.0
bart,time,43,formal,N_h0,trajectory,,,0,32,32,32,1.0,32,1.0,32,1.0,32,1.0,32,1.0,32,1.0,32,1.0,,,,,,32,32,1.0,,,,gold_reencode,4,forward,32,1.0
bart,time,43,formal,N_h0,trajectory,,,0,32,32,32,1.0,32,1.0,32,1.0,32,1.0,32,1.0,32,1.0,32,1.0,,,,,,32,32,1.0,,,,gold_reencode,5,forward,32,1.0
bart,time,43,formal,N_h0,trajectory,,,0,32,32,32,1.0,32,1.0,32,1.0,32,1.0,32,1.0,32,1.0,32,1.0,,,,,,32,32,1.0,,,,latent,1,reverse,32,1.0
bart,time,43,formal,N_h0,trajectory,,,0,32,32,0,0.0,0,0.0,0,0.0,0,0.0,0,0.0,0,0.0,32,1.0,,,,,,32,0,0.0,,,,latent,2,reverse,0,0.0
bart,time,43,formal,N_h0,trajectory,,,0,32,32,0,0.0,0,0.0,0,0.0,0,0.0,0,0.0,0,0.0,0,0.0,,,,,,0,0,,,,,latent,3,reverse,0,0.0
bart,time,43,formal,N_h0,trajectory,,,0,32,32,0,0.0,0,0.0,0,0.0,0,0.0,0,0.0,0,0.0,0,0.0,,,,,,0,0,,,,,latent,4,reverse,0,0.0
bart,time,43,formal,N_h0,trajectory,,,0,32,32,0,0.0,0,0.0,0,0.0,0,0.0,0,0.0,0,0.0,0,0.0,,,,,,0,0,,,,,latent,5,reverse,0,0.0
bart,time,43,formal,N_h0,trajectory,,,0,32,32,32,1.0,32,1.0,32,1.0,32,1.0,32,1.0,32,1.0,32,1.0,,,,,,32,32,1.0,,,,decode_reencode,1,reverse,32,1.0
bart,time,43,formal,N_h0,trajectory,,,0,32,32,32,1.0,32,1.0,32,1.0,32,1.0,32,1.0,32,1.0,32,1.0,,,,,,32,32,1.0,,,,decode_reencode,2,reverse,32,1.0
bart,time,43,formal,N_h0,trajectory,,,0,32,32,32,1.0,32,1.0,32,1.0,32,1.0,32,1.0,32,1.0,32,1.0,,,,,,32,32,1.0,,,,decode_reencode,3,reverse,32,1.0
bart,time,43,formal,N_h0,trajectory,,,0,32,32,32,1.0,32,1.0,32,1.0,32,1.0,32,1.0,32,1.0,32,1.0,,,,,,32,32,1.0,,,,decode_reencode,4,reverse,32,1.0
bart,time,43,formal,N_h0,trajectory,,,0,32,32,32,1.0,32,1.0,32,1.0,32,1.0,32,1.0,32,1.0,32,1.0,,,,,,32,32,1.0,,,,decode_reencode,5,reverse,32,1.0
bart,time,43,formal,N_h0,trajectory,,,0,32,32,32,1.0,32,1.0,32,1.0,32,1.0,32,1.0,32,1.0,32,1.0,,,,,,32,32,1.0,,,,gold_reencode,1,reverse,32,1.0
bart,time,43,formal,N_h0,trajectory,,,0,32,32,32,1.0,32,1.0,32,1.0,32,1.0,32,1.0,32,1.0,32,1.0,,,,,,32,32,1.0,,,,gold_reencode,2,reverse,32,1.0
bart,time,43,formal,N_h0,trajectory,,,0,32,32,32,1.0,32,1.0,32,1.0,32,1.0,32,1.0,32,1.0,32,1.0,,,,,,32,32,1.0,,,,gold_reencode,3,reverse,32,1.0
bart,time,43,formal,N_h0,trajectory,,,0,32,32,32,1.0,32,1.0,32,1.0,32,1.0,32,1.0,32,1.0,32,1.0,,,,,,32,32,1.0,,,,gold_reencode,4,reverse,32,1.0
bart,time,43,formal,N_h0,trajectory,,,0,32,32,32,1.0,32,1.0,32,1.0,32,1.0,32,1.0,32,1.0,32,1.0,,,,,,32,32,1.0,,,,gold_reencode,5,reverse,32,1.0
bart,time,43,formal,N_h0,trajectory,,,0,32,32,32,1.0,32,1.0,32,1.0,32,1.0,32,1.0,32,1.0,32,1.0,,,,,,32,32,1.0,,,,latent,1,inverse,32,1.0
bart,time,43,formal,N_h0,trajectory,,,0,32,32,0,0.0,0,0.0,0,0.0,0,0.0,0,0.0,0,0.0,32,1.0,,,,,,32,0,0.0,,,,latent,2,inverse,0,0.0
bart,time,43,formal,N_h0,trajectory,,,0,32,32,0,0.0,0,0.0,0,0.0,0,0.0,0,0.0,0,0.0,4,0.125,,,,,,0,0,,,,,latent,3,inverse,0,0.0
bart,time,43,formal,N_h0,trajectory,,,0,32,32,0,0.0,0,0.0,0,0.0,0,0.0,0,0.0,0,0.0,0,0.0,,,,,,0,0,,,,,latent,4,inverse,0,0.0
bart,time,43,formal,N_h0,trajectory,,,0,32,32,0,0.0,0,0.0,0,0.0,0,0.0,0,0.0,0,0.0,0,0.0,,,,,,0,0,,,,,latent,5,inverse,0,0.0
bart,time,43,formal,N_h0,trajectory,,,0,32,32,32,1.0,32,1.0,32,1.0,32,1.0,32,1.0,32,1.0,32,1.0,,,,,,32,32,1.0,,,,decode_reencode,1,inverse,32,1.0
bart,time,43,formal,N_h0,trajectory,,,0,32,32,32,1.0,32,1.0,32,1.0,32,1.0,32,1.0,32,1.0,32,1.0,,,,,,32,32,1.0,,,,decode_reencode,2,inverse,32,1.0
bart,time,43,formal,N_h0,trajectory,,,0,32,32,32,1.0,32,1.0,32,1.0,32,1.0,32,1.0,32,1.0,32,1.0,,,,,,32,32,1.0,,,,decode_reencode,3,inverse,32,1.0
bart,time,43,formal,N_h0,trajectory,,,0,32,32,32,1.0,32,1.0,32,1.0,32,1.0,32,1.0,32,1.0,32,1.0,,,,,,32,32,1.0,,,,decode_reencode,4,inverse,32,1.0
bart,time,43,formal,N_h0,trajectory,,,0,32,32,32,1.0,32,1.0,32,1.0,32,1.0,32,1.0,32,1.0,32,1.0,,,,,,32,32,1.0,,,,decode_reencode,5,inverse,32,1.0
bart,time,43,formal,N_h0,trajectory,,,0,32,32,32,1.0,32,1.0,32,1.0,32,1.0,32,1.0,32,1.0,32,1.0,,,,,,32,32,1.0,,,,gold_reencode,1,inverse,32,1.0
bart,time,43,formal,N_h0,trajectory,,,0,32,32,32,1.0,32,1.0,32,1.0,32,1.0,32,1.0,32,1.0,32,1.0,,,,,,32,32,1.0,,,,gold_reencode,2,inverse,32,1.0
bart,time,43,formal,N_h0,trajectory,,,0,32,32,32,1.0,32,1.0,32,1.0,32,1.0,32,1.0,32,1.0,32,1.0,,,,,,32,32,1.0,,,,gold_reencode,3,inverse,32,1.0
bart,time,43,formal,N_h0,trajectory,,,0,32,32,32,1.0,32,1.0,32,1.0,32,1.0,32,1.0,32,1.0,32,1.0,,,,,,32,32,1.0,,,,gold_reencode,4,inverse,32,1.0
bart,time,43,formal,N_h0,trajectory,,,0,32,32,32,1.0,32,1.0,32,1.0,32,1.0,32,1.0,32,1.0,32,1.0,,,,,,32,32,1.0,,,,gold_reencode,5,inverse,32,1.0
bart,time,43,formal,N_h0,trajectory,,,2,32,32,32,1.0,32,1.0,32,1.0,32,1.0,32,1.0,32,1.0,32,1.0,,,,,,32,32,1.0,,,,latent,1,forward,32,1.0
bart,time,43,formal,N_h0,trajectory,,,2,32,32,0,0.0,0,0.0,0,0.0,0,0.0,0,0.0,0,0.0,32,1.0,,,,,,32,0,0.0,,,,latent,2,forward,0,0.0
bart,time,43,formal,N_h0,trajectory,,,2,32,32,0,0.0,0,0.0,0,0.0,0,0.0,0,0.0,0,0.0,0,0.0,,,,,,0,0,,,,,latent,3,forward,0,0.0
bart,time,43,formal,N_h0,trajectory,,,2,32,32,0,0.0,0,0.0,0,0.0,0,0.0,0,0.0,0,0.0,0,0.0,,,,,,0,0,,,,,latent,4,forward,0,0.0
bart,time,43,formal,N_h0,trajectory,,,2,32,32,0,0.0,0,0.0,0,0.0,0,0.0,0,0.0,0,0.0,0,0.0,,,,,,0,0,,,,,latent,5,forward,0,0.0
bart,time,43,formal,N_h0,trajectory,,,2,32,32,32,1.0,32,1.0,32,1.0,32,1.0,32,1.0,32,1.0,32,1.0,,,,,,32,32,1.0,,,,decode_reencode,1,forward,32,1.0
bart,time,43,formal,N_h0,trajectory,,,2,32,32,0,0.0,0,0.0,32,1.0,0,0.0,32,1.0,32,1.0,32,1.0,,,,,,32,0,0.0,,,,decode_reencode,2,forward,0,0.0
bart,time,43,formal,N_h0,trajectory,,,2,32,32,0,0.0,0,0.0,32,1.0,0,0.0,32,1.0,32,1.0,32,1.0,,,,,,0,0,,,,,decode_reencode,3,forward,0,0.0
bart,time,43,formal,N_h0,trajectory,,,2,32,32,0,0.0,0,0.0,32,1.0,0,0.0,32,1.0,32,1.0,32,1.0,,,,,,0,0,,,,,decode_reencode,4,forward,0,0.0
bart,time,43,formal,N_h0,trajectory,,,2,32,32,0,0.0,0,0.0,32,1.0,0,0.0,32,1.0,32,1.0,32,1.0,,,,,,0,0,,,,,decode_reencode,5,forward,0,0.0
bart,time,43,formal,N_h0,trajectory,,,2,32,32,32,1.0,32,1.0,32,1.0,32,1.0,32,1.0,32,1.0,32,1.0,,,,,,32,32,1.0,,,,gold_reencode,1,forward,32,1.0
bart,time,43,formal,N_h0,trajectory,,,2,32,32,0,0.0,0,0.0,32,1.0,0,0.0,32,1.0,32,1.0,32,1.0,,,,,,32,0,0.0,,,,gold_reencode,2,forward,0,0.0
bart,time,43,formal,N_h0,trajectory,,,2,32,32,0,0.0,0,0.0,32,1.0,0,0.0,32,1.0,32,1.0,32,1.0,,,,,,0,0,,,,,gold_reencode,3,forward,0,0.0
bart,time,43,formal,N_h0,trajectory,,,2,32,32,0,0.0,0,0.0,32,1.0,0,0.0,32,1.0,32,1.0,32,1.0,,,,,,0,0,,,,,gold_reencode,4,forward,0,0.0
bart,time,43,formal,N_h0,trajectory,,,2,32,32,0,0.0,0,0.0,32,1.0,0,0.0,32,1.0,32,1.0,32,1.0,,,,,,0,0,,,,,gold_reencode,5,forward,0,0.0
bart,time,43,formal,N_h0,trajectory,,,2,32,32,27,0.84375,27,0.84375,32,1.0,27,0.84375,32,1.0,27,0.84375,32,1.0,,,,,,32,27,0.84375,,,,latent,1,reverse,27,0.84375
bart,time,43,formal,N_h0,trajectory,,,2,32,32,0,0.0,0,0.0,0,0.0,0,0.0,0,0.0,0,0.0,32,1.0,,,,,,27,0,0.0,,,,latent,2,reverse,0,0.0
bart,time,43,formal,N_h0,trajectory,,,2,32,32,0,0.0,0,0.0,0,0.0,0,0.0,0,0.0,0,0.0,0,0.0,,,,,,0,0,,,,,latent,3,reverse,0,0.0
bart,time,43,formal,N_h0,trajectory,,,2,32,32,0,0.0,0,0.0,0,0.0,0,0.0,0,0.0,0,0.0,0,0.0,,,,,,0,0,,,,,latent,4,reverse,0,0.0
bart,time,43,formal,N_h0,trajectory,,,2,32,32,0,0.0,0,0.0,0,0.0,0,0.0,0,0.0,0,0.0,0,0.0,,,,,,0,0,,,,,latent,5,reverse,0,0.0
bart,time,43,formal,N_h0,trajectory,,,2,32,32,27,0.84375,27,0.84375,32,1.0,27,0.84375,32,1.0,27,0.84375,32,1.0,,,,,,32,27,0.84375,,,,decode_reencode,1,reverse,27,0.84375
bart,time,43,formal,N_h0,trajectory,,,2,32,32,0,0.0,0,0.0,32,1.0,0,0.0,32,1.0,27,0.84375,32,1.0,,,,,,27,0,0.0,,,,decode_reencode,2,reverse,0,0.0
bart,time,43,formal,N_h0,trajectory,,,2,32,32,0,0.0,0,0.0,32,1.0,0,0.0,32,1.0,27,0.84375,32,1.0,,,,,,0,0,,,,,decode_reencode,3,reverse,0,0.0
bart,time,43,formal,N_h0,trajectory,,,2,32,32,0,0.0,0,0.0,32,1.0,0,0.0,32,1.0,27,0.84375,32,1.0,,,,,,0,0,,,,,decode_reencode,4,reverse,0,0.0
bart,time,43,formal,N_h0,trajectory,,,2,32,32,0,0.0,0,0.0,32,1.0,0,0.0,32,1.0,27,0.84375,32,1.0,,,,,,0,0,,,,,decode_reencode,5,reverse,0,0.0
bart,time,43,formal,N_h0,trajectory,,,2,32,32,27,0.84375,27,0.84375,32,1.0,27,0.84375,32,1.0,27,0.84375,32,1.0,,,,,,32,27,0.84375,,,,gold_reencode,1,reverse,27,0.84375
bart,time,43,formal,N_h0,trajectory,,,2,32,32,0,0.0,0,0.0,32,1.0,0,0.0,32,1.0,31,0.96875,32,1.0,,,,,,27,0,0.0,,,,gold_reencode,2,reverse,0,0.0
bart,time,43,formal,N_h0,trajectory,,,2,32,32,0,0.0,0,0.0,32,1.0,0,0.0,32,1.0,30,0.9375,32,1.0,,,,,,0,0,,,,,gold_reencode,3,reverse,0,0.0
bart,time,43,formal,N_h0,trajectory,,,2,32,32,0,0.0,0,0.0,32,1.0,0,0.0,32,1.0,32,1.0,32,1.0,,,,,,0,0,,,,,gold_reencode,4,reverse,0,0.0
bart,time,43,formal,N_h0,trajectory,,,2,32,32,0,0.0,0,0.0,32,1.0,0,0.0,32,1.0,32,1.0,32,1.0,,,,,,0,0,,,,,gold_reencode,5,reverse,0,0.0
bart,time,43,formal,N_h0,trajectory,,,2,32,32,0,0.0,0,0.0,32,1.0,0,0.0,32,1.0,32,1.0,32,1.0,,,,,,32,0,0.0,,,,latent,1,inverse,0,0.0
bart,time,43,formal,N_h0,trajectory,,,2,32,32,0,0.0,0,0.0,0,0.0,0,0.0,0,0.0,0,0.0,32,1.0,,,,,,0,0,,,,,latent,2,inverse,0,0.0
bart,time,43,formal,N_h0,trajectory,,,2,32,32,0,0.0,0,0.0,0,0.0,0,0.0,0,0.0,0,0.0,23,0.71875,,,,,,0,0,,,,,latent,3,inverse,0,0.0
bart,time,43,formal,N_h0,trajectory,,,2,32,32,0,0.0,0,0.0,0,0.0,0,0.0,0,0.0,0,0.0,0,0.0,,,,,,0,0,,,,,latent,4,inverse,0,0.0
bart,time,43,formal,N_h0,trajectory,,,2,32,32,0,0.0,0,0.0,0,0.0,0,0.0,0,0.0,0,0.0,0,0.0,,,,,,0,0,,,,,latent,5,inverse,0,0.0
bart,time,43,formal,N_h0,trajectory,,,2,32,32,0,0.0,0,0.0,32,1.0,0,0.0,32,1.0,32,1.0,32,1.0,,,,,,32,0,0.0,,,,decode_reencode,1,inverse,0,0.0
bart,time,43,formal,N_h0,trajectory,,,2,32,32,32,1.0,32,1.0,32,1.0,32,1.0,32,1.0,32,1.0,32,1.0,,,,,,0,0,,,,,decode_reencode,2,inverse,0,0.0
bart,time,43,formal,N_h0,trajectory,,,2,32,32,0,0.0,0,0.0,32,1.0,0,0.0,32,1.0,32,1.0,32,1.0,,,,,,32,0,0.0,,,,decode_reencode,3,inverse,0,0.0
bart,time,43,formal,N_h0,trajectory,,,2,32,32,32,1.0,32,1.0,32,1.0,32,1.0,32,1.0,32,1.0,32,1.0,,,,,,0,0,,,,,decode_reencode,4,inverse,0,0.0
bart,time,43,formal,N_h0,trajectory,,,2,32,32,0,0.0,0,0.0,32,1.0,0,0.0,32,1.0,32,1.0,32,1.0,,,,,,32,0,0.0,,,,decode_reencode,5,inverse,0,0.0
bart,time,43,formal,N_h0,trajectory,,,2,32,32,0,0.0,0,0.0,32,1.0,0,0.0,32,1.0,32,1.0,32,1.0,,,,,,32,0,0.0,,,,gold_reencode,1,inverse,0,0.0
bart,time,43,formal,N_h0,trajectory,,,2,32,32,0,0.0,0,0.0,32,1.0,0,0.0,32,1.0,30,0.9375,32,1.0,,,,,,0,0,,,,,gold_reencode,2,inverse,0,0.0
bart,time,43,formal,N_h0,trajectory,,,2,32,32,0,0.0,0,0.0,32,1.0,0,0.0,32,1.0,32,1.0,32,1.0,,,,,,0,0,,,,,gold_reencode,3,inverse,0,0.0
bart,time,43,formal,N_h0,trajectory,,,2,32,32,0,0.0,0,0.0,32,1.0,0,0.0,32,1.0,30,0.9375,32,1.0,,,,,,0,0,,,,,gold_reencode,4,inverse,0,0.0
bart,time,43,formal,N_h0,trajectory,,,2,32,32,0,0.0,0,0.0,32,1.0,0,0.0,32,1.0,32,1.0,32,1.0,,,,,,0,0,,,,,gold_reencode,5,inverse,0,0.0
