record_id,split,anchor,method,current_target,current_output,prefix_outputs,next_target,next_output,strict,human_current_label,human_next_label,human_reason
g11_iid_0043,iid,-1,M19,"Author: Carol. Record date: 2026-12-06. My plan to bring two sensors to Emma, with the event dated yesterday, is described in the record. This record does not establish that the event occurred.","Author: Carol. Record date: 2026-12-06. My plan to bring two sensors to Emma, with the event dated yesterday, is described in the record. This record does not establish that the event occurred.","[{""output"": ""Author: Carol. Record date: 2026-12-06. My plan to bring two sensors to Emma, with the event dated yesterday, is described in the record. This record does not establish that the event occurred."", ""frame"": {""view_date"": ""2026-12-12"", ""perspective"": ""first""}, ""target_text"": ""Author: Carol. Record date: 2026-12-06. My plan to bring two sensors to Emma, with the event dated yesterday, is described in the record. This record does not establish that the event occurred.""}]","Author: Carol. Record date: 2026-12-06. My plan to bring two sensors to Emma, with the event dated two days ago, is described in the record. This record does not establish that the event occurred.","Author: Carol. Record date: 2026-12-06. My plan to bring two sensors to Emma, with the event dated two days ago, is described in the record. This record does not establish that the event occurred.",True,,,
g11_iid_0043,iid,-1,M08,"Author: Carol. Record date: 2026-12-06. My plan to bring two sensors to Emma, with the event dated yesterday, is described in the record. This record does not establish that the event occurred.","Author: Carol. Record date: 2026-12-06. My plan to bring two sensors to Emma, with the event dated yesterday, is described in the record. This record does not establish that the event occurred.","[{""output"": ""Author: Carol. Record date: 2026-12-06. My plan to bring two sensors to Emma, with the event dated yesterday, is described in the record. This record does not establish that the event occurred."", ""frame"": {""view_date"": ""2026-12-12"", ""perspective"": ""first""}, ""target_text"": ""Author: Carol. Record date: 2026-12-06. My plan to bring two sensors to Emma, with the event dated yesterday, is described in the record. This record does not establish that the event occurred.""}]","Author: Carol. Record date: 2026-12-06. My plan to bring two sensors to Emma, with the event dated two days ago, is described in the record. This record does not establish that the event occurred.","Author: Carol. Record date: 2026-12-06. My plan to bring two sensors to Emma, with the event dated two days ago, is described in the record. This record does not establish that the event occurred.",True,,,
g11_iid_0043,iid,-1,M09,"Author: Carol. Record date: 2026-12-06. My plan to bring two sensors to Emma, with the event dated yesterday, is described in the record. This record does not establish that the event occurred.","Author: Carol. Record date: 2026-12-06. My plan to bring two sensors to Emma, with the event dated yesterday, is described in the record. This record does not establish that the event occurred.","[{""output"": ""Author: Carol. Record date: 2026-12-06. My plan to bring two sensors to Emma, with the event dated today, is described in the record. This record does not establish that the event occurred."", ""frame"": {""view_date"": ""2026-12-11"", ""perspective"": ""first""}, ""target_text"": ""Author: Carol. Record date: 2026-12-06. My plan to bring two sensors to Emma, with the event dated today, is described in the record. This record does not establish that the event occurred.""}, {""output"": ""Author: Carol. Record date: 2026-12-06. My plan to bring two sensors to Emma, with the event dated yesterday, is described in the record. This record does not establish that the event occurred."", ""frame"": {""view_date"": ""2026-12-12"", ""perspective"": ""first""}, ""target_text"": ""Author: Carol. Record date: 2026-12-06. My plan to bring two sensors to Emma, with the event dated yesterday, is described in the record. This record does not establish that the event occurred.""}]","Author: Carol. Record date: 2026-12-06. My plan to bring two sensors to Emma, with the event dated two days ago, is described in the record. This record does not establish that the event occurred.","Author: Carol. Record date: 2026-12-06. My plan to bring two sensors to Emma, with the event dated yesterday, is described today. This record does not establish that the event occurred.",True,,,
g11_iid_0043,iid,-2,M19,"Author: Carol. Record date: 2026-12-06. My plan to bring two sensors to Emma, with the event dated two days ago, is described in the record. This record does not establish that the event occurred.","Author: Carol. Record date: 2026-12-06. My plan to bring two sensors to Emma, with the event dated two days ago, is described in the record. This record does not establish that the event occurred.","[{""output"": ""Author: Carol. Record date: 2026-12-06. My plan to bring two sensors to Emma, with the event dated two days ago, is described in the record. This record does not establish that the event occurred."", ""frame"": {""view_date"": ""2026-12-13"", ""perspective"": ""first""}, ""target_text"": ""Author: Carol. Record date: 2026-12-06. My plan to bring two sensors to Emma, with the event dated two days ago, is described in the record. This record does not establish that the event occurred.""}]","Author: Carol. Record date: 2026-12-06. My plan to bring two sensors to Emma, with the event dated three days ago, is described in the record. This record does not establish that the event occurred.","Author: Carol. Record date: 2026-12-06. My plan to bring two sensors to Emma, with the event dated three days ago, is described in the record. This record does not establish that the event occurred.",True,,,
g11_iid_0043,iid,-2,M08,"Author: Carol. Record date: 2026-12-06. My plan to bring two sensors to Emma, with the event dated two days ago, is described in the record. This record does not establish that the event occurred.","Author: Carol. Record date: 2026-12-06. My plan to bring two sensors to Emma, with the event dated two days ago, is described in the record. This record does not establish that the event occurred.","[{""output"": ""Author: Carol. Record date: 2026-12-06. My plan to bring two sensors to Emma, with the event dated two days ago, is described in the record. This record does not establish that the event occurred."", ""frame"": {""view_date"": ""2026-12-13"", ""perspective"": ""first""}, ""target_text"": ""Author: Carol. Record date: 2026-12-06. My plan to bring two sensors to Emma, with the event dated two days ago, is described in the record. This record does not establish that the event occurred.""}]","Author: Carol. Record date: 2026-12-06. My plan to bring two sensors to Emma, with the event dated three days ago, is described in the record. This record does not establish that the event occurred.","Author: Carol. Record date: 2026-12-06. My plan to bring two sensors to Emma, with the event dated three days ago, is described in the record. This record does not establish that the event occurred.",True,,,
g11_iid_0043,iid,-2,M09,"Author: Carol. Record date: 2026-12-06. My plan to bring two sensors to Emma, with the event dated two days ago, is described in the record. This record does not establish that the event occurred.","Author: Carol. Record date: 2026-12-06. My plan to bring two sensors to Emma, with the event dated two days ago, is described in the record. This record does not establish that the event occurred.","[{""output"": ""Author: Carol. Record date: 2026-12-06. My plan to bring two sensors to Emma, with the event dated yesterday, is described in the record. This record does not establish that the event occurred."", ""frame"": {""view_date"": ""2026-12-12"", ""perspective"": ""first""}, ""target_text"": ""Author: Carol. Record date: 2026-12-06. My plan to bring two sensors to Emma, with the event dated yesterday, is described in the record. This record does not establish that the event occurred.""}, {""output"": ""Author: Carol. Record date: 2026-12-06. My plan to bring two sensors to Emma, with the event dated two days ago, is described in the record. This record does not establish that the event occurred."", ""frame"": {""view_date"": ""2026-12-13"", ""perspective"": ""first""}, ""target_text"": ""Author: Carol. Record date: 2026-12-06. My plan to bring two sensors to Emma, with the event dated two days ago, is described in the record. This record does not establish that the event occurred.""}]","Author: Carol. Record date: 2026-12-06. My plan to bring two sensors to Emma, with the event dated three days ago, is described in the record. This record does not establish that the event occurred.","Author: Carol. Record date: 2026-12-06. My plan to bring two sensors to Emma, with the event dated two days ago, is described three days ago. This record does not establish that the event occurred.",True,,,
g11_iid_0043,iid,-1,M12,"Author: Carol. Record date: 2026-12-06. My plan to bring two sensors to Emma, with the event dated yesterday, is described in the record. This record does not establish that the event occurred.",,,"Author: Carol. Record date: 2026-12-06. My plan to bring two sensors to Emma, with the event dated two days ago, is described in the record. This record does not establish that the event occurred.","Author: Carol. Record date: 2026-12-06. My plan to bring two sensors to Emma, with the event dated two days ago, is described in the record. This record does not establish that the event occurred.",True,,,
g11_iid_0043,iid,-1,M20,"Author: Carol. Record date: 2026-12-06. My plan to bring two sensors to Emma, with the event dated yesterday, is described in the record. This record does not establish that the event occurred.",,,"Author: Carol. Record date: 2026-12-06. My plan to bring two sensors to Emma, with the event dated two days ago, is described in the record. This record does not establish that the event occurred.","Author: Carol. Record date: 2026-12-06. My plan to bring two sensors to Emma, with the event dated yesterday, is described today. This record does not establish that the event occurred.",True,,,
g11_iid_0043,iid,-1,M13,"Author: Carol. Record date: 2026-12-06. My plan to bring two sensors to Emma, with the event dated yesterday, is described in the record. This record does not establish that the event occurred.",,,"Author: Carol. Record date: 2026-12-06. My plan to bring two sensors to Emma, with the event dated two days ago, is described in the record. This record does not establish that the event occurred.","Author: three days ago. Record three days three days days. My plan three days two days ago, is two days three leads ago, are three days. This record does not establish three days old three days today does not recon that the event occurred three",True,,,
g11_iid_0043,iid,-1,M03,"Author: Carol. Record date: 2026-12-06. My plan to bring two sensors to Emma, with the event dated yesterday, is described in the record. This record does not establish that the event occurred.",,,"Author: Carol. Record date: 2026-12-06. My plan to bring two sensors to Emma, with the event dated two days ago, is described in the record. This record does not establish that the event occurred.","Author: Carol. Record date: 2026-12-06. My plan to bring two sensors to Emma, with the event dated yesterday, is described in the record. This record does not establish that the event occurred.",True,,,
g11_iid_0043,iid,-1,M07,"Author: Carol. Record date: 2026-12-06. My plan to bring two sensors to Emma, with the event dated yesterday, is described in the record. This record does not establish that the event occurred.","Author: Carol. Record date: 2026-12-06. My plan to bring two sensors to Emma, with the event dated yesterday, is described in the record. This record does not establish that the event occurred.","[{""output"": ""Author: Carol. Record date: 2026-12-06. My plan to bring two sensors to Emma, with the event dated yesterday, is described in the record. This record does not establish that the event occurred."", ""frame"": {""view_date"": ""2026-12-12"", ""perspective"": ""first""}, ""target_text"": ""Author: Carol. Record date: 2026-12-06. My plan to bring two sensors to Emma, with the event dated yesterday, is described in the record. This record does not establish that the event occurred.""}]","Author: Carol. Record date: 2026-12-06. My plan to bring two sensors to Emma, with the event dated two days ago, is described in the record. This record does not establish that the event occurred.","Author: Carol. Record date: 2026-12-06. My plan to bring two sensors to Emma, with the event dated two days ago, is described in the record. This record does not establish that the event occurred.",True,,,
g11_iid_0043,iid,-1,M17,"Author: Carol. Record date: 2026-12-06. My plan to bring two sensors to Emma, with the event dated yesterday, is described in the record. This record does not establish that the event occurred.","Author: Carol. Record date: 2026-12-06. My plan to bring two sensors to Emma, with the event dated yesterday, is described in the record. This record does not establish that the event occurred.","[{""output"": ""Author: Carol. Record date: 2026-12-06. My plan to bring two sensors to Emma, with the event dated yesterday, is described in the record. This record does not establish that the event occurred."", ""frame"": {""view_date"": ""2026-12-12"", ""perspective"": ""first""}, ""target_text"": ""Author: Carol. Record date: 2026-12-06. My plan to bring two sensors to Emma, with the event dated yesterday, is described in the record. This record does not establish that the event occurred.""}]","Author: Carol. Record date: 2026-12-06. My plan to bring two sensors to Emma, with the event dated two days ago, is described in the record. This record does not establish that the event occurred.","Author: Carol. Record date: 2026-12-06. My plan to bring two sensors to Emma, with the event dated two days ago, is described in the record. This record does not establish that the event occurred.",True,,,
g11_iid_0043,iid,-1,M01,"Author: Carol. Record date: 2026-12-06. My plan to bring two sensors to Emma, with the event dated yesterday, is described in the record. This record does not establish that the event occurred.","Author: Carol. Record date: 2026-12-06. My plan to bring two sensors to Emma, with the event dated yesterday, is described in the record. This record does not establish that the event occurred.","[{""output"": ""Author: Carol. Record date: 2026-12-06. My plan to bring two sensors to Emma, with the event dated today, is described in the record. This record does not establish that the event occurred."", ""frame"": {""view_date"": ""2026-12-11"", ""perspective"": ""first""}, ""target_text"": ""Author: Carol. Record date: 2026-12-06. My plan to bring two sensors to Emma, with the event dated today, is described in the record. This record does not establish that the event occurred.""}, {""output"": ""Author: Carol. Record date: 2026-12-06. My plan to bring two sensors to Emma, with the event dated yesterday, is described in the record. This record does not establish that the event occurred."", ""frame"": {""view_date"": ""2026-12-12"", ""perspective"": ""first""}, ""target_text"": ""Author: Carol. Record date: 2026-12-06. My plan to bring two sensors to Emma, with the event dated yesterday, is described in the record. This record does not establish that the event occurred.""}]","Author: Carol. Record date: 2026-12-06. My plan to bring two sensors to Emma, with the event dated two days ago, is described in the record. This record does not establish that the event occurred.","Author: Carol. Record date: 2026-12-06. My plan to bring two sensors to Emma, with the event dated yesterday, is described in the record. This record does not establish that the event occurred.",True,,,
g11_iid_0043,iid,-2,M07,"Author: Carol. Record date: 2026-12-06. My plan to bring two sensors to Emma, with the event dated two days ago, is described in the record. This record does not establish that the event occurred.","Author: Carol. Record date: 2026-12-06. My plan to bring two sensors to Emma, with the event dated two days ago, is described in the record. This record does not establish that the event occurred.","[{""output"": ""Author: Carol. Record date: 2026-12-06. My plan to bring two sensors to Emma, with the event dated two days ago, is described in the record. This record does not establish that the event occurred."", ""frame"": {""view_date"": ""2026-12-13"", ""perspective"": ""first""}, ""target_text"": ""Author: Carol. Record date: 2026-12-06. My plan to bring two sensors to Emma, with the event dated two days ago, is described in the record. This record does not establish that the event occurred.""}]","Author: Carol. Record date: 2026-12-06. My plan to bring two sensors to Emma, with the event dated three days ago, is described in the record. This record does not establish that the event occurred.","Author: Carol. Record date: 2026-12-06. My plan to bring two sensors to Emma, with the event dated three days ago, is described in the record. This record does not establish that the event occurred.",True,,,
g11_iid_0043,iid,-2,M17,"Author: Carol. Record date: 2026-12-06. My plan to bring two sensors to Emma, with the event dated two days ago, is described in the record. This record does not establish that the event occurred.","Author: Carol. Record date: 2026-12-06. My plan to bring two sensors to Emma, with the event dated two days ago, is described in the record. This record does not establish that the event occurred.","[{""output"": ""Author: Carol. Record date: 2026-12-06. My plan to bring two sensors to Emma, with the event dated two days ago, is described in the record. This record does not establish that the event occurred."", ""frame"": {""view_date"": ""2026-12-13"", ""perspective"": ""first""}, ""target_text"": ""Author: Carol. Record date: 2026-12-06. My plan to bring two sensors to Emma, with the event dated two days ago, is described in the record. This record does not establish that the event occurred.""}]","Author: Carol. Record date: 2026-12-06. My plan to bring two sensors to Emma, with the event dated three days ago, is described in the record. This record does not establish that the event occurred.","Author: Carol. Record date: 2026-12-06. My plan to bring two sensors to Emma, with the event dated three days ago, is described in the record. This record does not establish that the event occurred.",True,,,
g11_iid_0043,iid,-2,M01,"Author: Carol. Record date: 2026-12-06. My plan to bring two sensors to Emma, with the event dated two days ago, is described in the record. This record does not establish that the event occurred.","Author: Carol. Record date: 2026-12-06. My plan to bring two sensors to Emma, with the event dated two days ago, is described in the record. This record does not establish that the event occurred.","[{""output"": ""Author: Carol. Record date: 2026-12-06. My plan to bring two sensors to Emma, with the event dated yesterday, is described in the record. This record does not establish that the event occurred."", ""frame"": {""view_date"": ""2026-12-12"", ""perspective"": ""first""}, ""target_text"": ""Author: Carol. Record date: 2026-12-06. My plan to bring two sensors to Emma, with the event dated yesterday, is described in the record. This record does not establish that the event occurred.""}, {""output"": ""Author: Carol. Record date: 2026-12-06. My plan to bring two sensors to Emma, with the event dated two days ago, is described in the record. This record does not establish that the event occurred."", ""frame"": {""view_date"": ""2026-12-13"", ""perspective"": ""first""}, ""target_text"": ""Author: Carol. Record date: 2026-12-06. My plan to bring two sensors to Emma, with the event dated two days ago, is described in the record. This record does not establish that the event occurred.""}]","Author: Carol. Record date: 2026-12-06. My plan to bring two sensors to Emma, with the event dated three days ago, is described in the record. This record does not establish that the event occurred.","Author: Carol. Record date: 2026-12-06. My plan to bring two sensors to Emma, with the event dated two days ago, is described in the record. This record does not establish that the event occurred.",True,,,
g11_iid_0043,iid,-1,M15,"Author: Carol. Record date: 2026-12-06. My plan to bring two sensors to Emma, with the event dated yesterday, is described in the record. This record does not establish that the event occurred.",,,"Author: Carol. Record date: 2026-12-06. My plan to bring two sensors to Emma, with the event dated two days ago, is described in the record. This record does not establish that the event occurred.","Author: Carol. Record date: 2026-12-06. My plan to bring two sensors to Emma, with the event dated two days ago, is described in the record. This record does not establish that the event occurred.",True,,,
g11_iid_0043,iid,-1,M21,"Author: Carol. Record date: 2026-12-06. My plan to bring two sensors to Emma, with the event dated yesterday, is described in the record. This record does not establish that the event occurred.",,,"Author: Carol. Record date: 2026-12-06. My plan to bring two sensors to Emma, with the event dated two days ago, is described in the record. This record does not establish that the event occurred.","Author: Carol. Record date: 2026-12-06. My plan to bring two sensors to Emma, with the event dated yesterday, is described in the record. This record does not establish that the event occurred.",True,,,
g11_iid_0043,iid,-1,M16,"Author: Carol. Record date: 2026-12-06. My plan to bring two sensors to Emma, with the event dated yesterday, is described in the record. This record does not establish that the event occurred.",,,"Author: Carol. Record date: 2026-12-06. My plan to bring two sensors to Emma, with the event dated two days ago, is described in the record. This record does not establish that the event occurred.",Author: Carol. My four days four daysD days. four four four daysToday four four of four days:\,True,,,
g11_iid_0043,iid,-1,M02,"Author: Carol. Record date: 2026-12-06. My plan to bring two sensors to Emma, with the event dated yesterday, is described in the record. This record does not establish that the event occurred.",,,"Author: Carol. Record date: 2026-12-06. My plan to bring two sensors to Emma, with the event dated two days ago, is described in the record. This record does not establish that the event occurred.","Author: Carol. Record date: 2026-12-06. My plan to bring two sensors to Emma, with the event dated yesterday, is described in the record. This record does not establish that the event occurred.",True,,,
g11_iid_0043,iid,-1,M06,"Author: Carol. Record date: 2026-12-06. My plan to bring two sensors to Emma, with the event dated yesterday, is described in the record. This record does not establish that the event occurred.","Author: Carol. Record date: 2026-12-06. My plan to bring two sensors to Emma, with the event dated yesterday, is described in the record. This record does not establish that the event occurred.","[{""output"": ""Author: Carol. Record date: 2026-12-06. My plan to bring two sensors to Emma, with the event dated yesterday, is described in the record. This record does not establish that the event occurred."", ""frame"": {""view_date"": ""2026-12-12"", ""perspective"": ""first""}, ""target_text"": ""Author: Carol. Record date: 2026-12-06. My plan to bring two sensors to Emma, with the event dated yesterday, is described in the record. This record does not establish that the event occurred.""}]","Author: Carol. Record date: 2026-12-06. My plan to bring two sensors to Emma, with the event dated two days ago, is described in the record. This record does not establish that the event occurred.","Author: Carol. Record date: 2026-12-06. My plan to bring two sensors to Emma, with the event dated two days ago, is described in the record. This record does not establish that the event occurred.",True,,,
g11_iid_0043,iid,-1,M05,"Author: Carol. Record date: 2026-12-06. My plan to bring two sensors to Emma, with the event dated yesterday, is described in the record. This record does not establish that the event occurred.","Author: Carol. Record date: 2026-12-06. My plan to bring two sensors to Emma, with the event dated yesterday, is described in the record. This record does not establish that the event occurred.","[{""output"": ""Author: Carol. Record date: 2026-12-06. My plan to bring two sensors to Emma, with the event dated yesterday, is described in the record. This record does not establish that the event occurred."", ""frame"": {""view_date"": ""2026-12-12"", ""perspective"": ""first""}, ""target_text"": ""Author: Carol. Record date: 2026-12-06. My plan to bring two sensors to Emma, with the event dated yesterday, is described in the record. This record does not establish that the event occurred.""}]","Author: Carol. Record date: 2026-12-06. My plan to bring two sensors to Emma, with the event dated two days ago, is described in the record. This record does not establish that the event occurred.","Author: Carol. Record date: 2026-12-06. My plan to bring two sensors to Emma, with the event dated two days ago, is described in the record. This record does not establish that the event occurred.",True,,,
g11_iid_0043,iid,-1,M10,"Author: Carol. Record date: 2026-12-06. My plan to bring two sensors to Emma, with the event dated yesterday, is described in the record. This record does not establish that the event occurred.","Author: Carol. Record date: 2026-12-06. My plan to bring two sensors to Emma, with the event dated yesterday, is described in the record. This record does not establish that the event occurred.","[{""output"": ""Author: Carol. Record date: 2026-12-06. My plan to bring two sensors to Emma, with the event dated today, is described in the record. This record does not establish that the event occurred."", ""frame"": {""view_date"": ""2026-12-11"", ""perspective"": ""first""}, ""target_text"": ""Author: Carol. Record date: 2026-12-06. My plan to bring two sensors to Emma, with the event dated today, is described in the record. This record does not establish that the event occurred.""}, {""output"": ""Author: Carol. Record date: 2026-12-06. My plan to bring two sensors to Emma, with the event dated yesterday, is described in the record. This record does not establish that the event occurred."", ""frame"": {""view_date"": ""2026-12-12"", ""perspective"": ""first""}, ""target_text"": ""Author: Carol. Record date: 2026-12-06. My plan to bring two sensors to Emma, with the event dated yesterday, is described in the record. This record does not establish that the event occurred.""}]","Author: Carol. Record date: 2026-12-06. My plan to bring two sensors to Emma, with the event dated two days ago, is described in the record. This record does not establish that the event occurred.","Author: Carol. Record date: 2026-12-06. My plan to bring two sensors to Emma, with the event dated three days ago, is described in the record. This record does not establish that the event occurred.",True,,,
g11_iid_0043,iid,-2,M06,"Author: Carol. Record date: 2026-12-06. My plan to bring two sensors to Emma, with the event dated two days ago, is described in the record. This record does not establish that the event occurred.","Author: Carol. Record date: 2026-12-06. My plan to bring two sensors to Emma, with the event dated two days ago, is described in the record. This record does not establish that the event occurred.","[{""output"": ""Author: Carol. Record date: 2026-12-06. My plan to bring two sensors to Emma, with the event dated two days ago, is described in the record. This record does not establish that the event occurred."", ""frame"": {""view_date"": ""2026-12-13"", ""perspective"": ""first""}, ""target_text"": ""Author: Carol. Record date: 2026-12-06. My plan to bring two sensors to Emma, with the event dated two days ago, is described in the record. This record does not establish that the event occurred.""}]","Author: Carol. Record date: 2026-12-06. My plan to bring two sensors to Emma, with the event dated three days ago, is described in the record. This record does not establish that the event occurred.","Author: Carol. Record date: 2026-12-06. My plan to bring two sensors to Emma, with the event dated three days ago, is described in the record. This record does not establish that the event occurred.",True,,,
g11_iid_0043,iid,-2,M05,"Author: Carol. Record date: 2026-12-06. My plan to bring two sensors to Emma, with the event dated two days ago, is described in the record. This record does not establish that the event occurred.","Author: Carol. Record date: 2026-12-06. My plan to bring two sensors to Emma, with the event dated two days ago, is described in the record. This record does not establish that the event occurred.","[{""output"": ""Author: Carol. Record date: 2026-12-06. My plan to bring two sensors to Emma, with the event dated two days ago, is described in the record. This record does not establish that the event occurred."", ""frame"": {""view_date"": ""2026-12-13"", ""perspective"": ""first""}, ""target_text"": ""Author: Carol. Record date: 2026-12-06. My plan to bring two sensors to Emma, with the event dated two days ago, is described in the record. This record does not establish that the event occurred.""}]","Author: Carol. Record date: 2026-12-06. My plan to bring two sensors to Emma, with the event dated three days ago, is described in the record. This record does not establish that the event occurred.","Author: Carol. Record date: 2026-12-06. My plan to bring two sensors to Emma, with the event dated three days ago, is described in the record. This record does not establish that the event occurred.",True,,,
g11_iid_0043,iid,-2,M10,"Author: Carol. Record date: 2026-12-06. My plan to bring two sensors to Emma, with the event dated two days ago, is described in the record. This record does not establish that the event occurred.","Author: Carol. Record date: 2026-12-06. My plan to bring two sensors to Emma, with the event dated two days ago, is described in the record. This record does not establish that the event occurred.","[{""output"": ""Author: Carol. Record date: 2026-12-06. My plan to bring two sensors to Emma, with the event dated yesterday, is described in the record. This record does not establish that the event occurred."", ""frame"": {""view_date"": ""2026-12-12"", ""perspective"": ""first""}, ""target_text"": ""Author: Carol. Record date: 2026-12-06. My plan to bring two sensors to Emma, with the event dated yesterday, is described in the record. This record does not establish that the event occurred.""}, {""output"": ""Author: Carol. Record date: 2026-12-06. My plan to bring two sensors to Emma, with the event dated two days ago, is described in the record. This record does not establish that the event occurred."", ""frame"": {""view_date"": ""2026-12-13"", ""perspective"": ""first""}, ""target_text"": ""Author: Carol. Record date: 2026-12-06. My plan to bring two sensors to Emma, with the event dated two days ago, is described in the record. This record does not establish that the event occurred.""}]","Author: Carol. Record date: 2026-12-06. My plan to bring two sensors to Emma, with the event dated three days ago, is described in the record. This record does not establish that the event occurred.","Author: Carol. Record date: 2026-12-06. My plan to bring two sensors to Emma, with the event dated two days ago, is described in the record. This record does not establish that the event occurred.",True,,,
g11_iid_0043,iid,-1,M04,"Author: Carol. Record date: 2026-12-06. My plan to bring two sensors to Emma, with the event dated yesterday, is described in the record. This record does not establish that the event occurred.",,,"Author: Carol. Record date: 2026-12-06. My plan to bring two sensors to Emma, with the event dated two days ago, is described in the record. This record does not establish that the event occurred.","Author: Carol. Record date: 2026-12-06. My plan to bring two sensors to Emma, with the event dated two days ago, is described in the record. This record does not establish that the event occurred.",True,,,
g11_iid_0043,iid,-1,M11,"Author: Carol. Record date: 2026-12-06. My plan to bring two sensors to Emma, with the event dated yesterday, is described in the record. This record does not establish that the event occurred.",,,"Author: Carol. Record date: 2026-12-06. My plan to bring two sensors to Emma, with the event dated two days ago, is described in the record. This record does not establish that the event occurred.","Author: Carol. Record date: 2026-12-06. My plan to bring two sensors to Emma, with the event dated three days ago, is described in the record. This record does not establish that the event occurred.",True,,,
g11_iid_0043,iid,-1,M18,"Author: Carol. Record date: 2026-12-06. My plan to bring two sensors to Emma, with the event dated yesterday, is described in the record. This record does not establish that the event occurred.",,,"Author: Carol. Record date: 2026-12-06. My plan to bring two sensors to Emma, with the event dated two days ago, is described in the record. This record does not establish that the event occurred.","3-4-06. My view four days two days two four days days days four days four event days days, four days three days four three days days. These days days three event days four events? days three three days event days event event days view four event.",True,,,
g11_iid_0043,iid,-1,M14,"Author: Carol. Record date: 2026-12-06. My plan to bring two sensors to Emma, with the event dated yesterday, is described in the record. This record does not establish that the event occurred.",,,"Author: Carol. Record date: 2026-12-06. My plan to bring two sensors to Emma, with the event dated two days ago, is described in the record. This record does not establish that the event occurred.","Author: Carol. Record date: 2026-12-06. My plan to bring two sensors to Emma, with the event dated yesterday, is described in the record. This record does not establish that the event occurred.",True,,,
g11_iid_0032,iid,-1,M19,"Author: Bob. Record date: 2026-11-16. The record describes my plan to not bring eight books to David, with the event dated yesterday. This record does not establish that the event occurred.","Author: Bob. Record date: 2026-11-16. The record describes my plan to not bring eight books to David, with the event dated yesterday. This record does not establish that the event occurred.","[{""output"": ""Author: Bob. Record date: 2026-11-16. The record describes my plan to not bring eight books to David, with the event dated yesterday. This record does not establish that the event occurred."", ""frame"": {""view_date"": ""2026-11-22"", ""perspective"": ""first""}, ""target_text"": ""Author: Bob. Record date: 2026-11-16. The record describes my plan to not bring eight books to David, with the event dated yesterday. This record does not establish that the event occurred.""}]","Author: Bob. Record date: 2026-11-16. The record describes my plan to not bring eight books to David, with the event dated two days ago. This record does not establish that the event occurred.","Author: Bob. Record date: 2026-11-16. The record describes my plan to not bring eight books to David, with the event dated two days ago. This record does not establish that the event occurred.",True,,,
g11_iid_0032,iid,-1,M08,"Author: Bob. Record date: 2026-11-16. The record describes my plan to not bring eight books to David, with the event dated yesterday. This record does not establish that the event occurred.","Author: Bob. Record date: 2026-11-16. The record describes my plan to not bring eight books to David, with the event dated yesterday. This record does not establish that the event occurred.","[{""output"": ""Author: Bob. Record date: 2026-11-16. The record describes my plan to not bring eight books to David, with the event dated yesterday. This record does not establish that the event occurred."", ""frame"": {""view_date"": ""2026-11-22"", ""perspective"": ""first""}, ""target_text"": ""Author: Bob. Record date: 2026-11-16. The record describes my plan to not bring eight books to David, with the event dated yesterday. This record does not establish that the event occurred.""}]","Author: Bob. Record date: 2026-11-16. The record describes my plan to not bring eight books to David, with the event dated two days ago. This record does not establish that the event occurred.","Author: Bob. Record date: 2026-11-16. The record describes my plan to not bring eight books to David, with the event dated two days ago. This record does not establish that the event occurred.",True,,,
g11_iid_0032,iid,-1,M09,"Author: Bob. Record date: 2026-11-16. The record describes my plan to not bring eight books to David, with the event dated yesterday. This record does not establish that the event occurred.","Author: Bob. Record date: 2026-11-16. The record describes my plan to not bring eight books to David, with the event dated yesterday. This record does not establish that the event occurred.","[{""output"": ""Author: Bob. Record date: 2026-11-16. The record describes my plan to not bring eight books to David, with the event dated today. This record does not establish that the event occurred."", ""frame"": {""view_date"": ""2026-11-21"", ""perspective"": ""first""}, ""target_text"": ""Author: Bob. Record date: 2026-11-16. The record describes my plan to not bring eight books to David, with the event dated today. This record does not establish that the event occurred.""}, {""output"": ""Author: Bob. Record date: 2026-11-16. The record describes my plan to not bring eight books to David, with the event dated yesterday. This record does not establish that the event occurred."", ""frame"": {""view_date"": ""2026-11-22"", ""perspective"": ""first""}, ""target_text"": ""Author: Bob. Record date: 2026-11-16. The record describes my plan to not bring eight books to David, with the event dated yesterday. This record does not establish that the event occurred.""}]","Author: Bob. Record date: 2026-11-16. The record describes my plan to not bring eight books to David, with the event dated two days ago. This record does not establish that the event occurred.","Author: Bob. Record date: 2026-11-16. The record describes my plan to not bring eight books to David, with the event dated two days ago. This record does not establish that the event occurred.",True,,,
g11_iid_0032,iid,-2,M19,"Author: Bob. Record date: 2026-11-16. The record describes my plan to not bring eight books to David, with the event dated two days ago. This record does not establish that the event occurred.","Author: Bob. Record date: 2026-11-16. The record describes my plan to not bring eight books to David, with the event dated two days ago. This record does not establish that the event occurred.","[{""output"": ""Author: Bob. Record date: 2026-11-16. The record describes my plan to not bring eight books to David, with the event dated two days ago. This record does not establish that the event occurred."", ""frame"": {""view_date"": ""2026-11-23"", ""perspective"": ""first""}, ""target_text"": ""Author: Bob. Record date: 2026-11-16. The record describes my plan to not bring eight books to David, with the event dated two days ago. This record does not establish that the event occurred.""}]","Author: Bob. Record date: 2026-11-16. The record describes my plan to not bring eight books to David, with the event dated three days ago. This record does not establish that the event occurred.","Author: Bob. Record date: 2026-11-16. The record describes my plan to not bring eight books to David, with the event dated three days ago. This record does not establish that the event occurred.",True,,,
g11_iid_0032,iid,-2,M08,"Author: Bob. Record date: 2026-11-16. The record describes my plan to not bring eight books to David, with the event dated two days ago. This record does not establish that the event occurred.","Author: Bob. Record date: 2026-11-16. The record describes my plan to not bring eight books to David, with the event dated two days ago. This record does not establish that the event occurred.","[{""output"": ""Author: Bob. Record date: 2026-11-16. The record describes my plan to not bring eight books to David, with the event dated two days ago. This record does not establish that the event occurred."", ""frame"": {""view_date"": ""2026-11-23"", ""perspective"": ""first""}, ""target_text"": ""Author: Bob. Record date: 2026-11-16. The record describes my plan to not bring eight books to David, with the event dated two days ago. This record does not establish that the event occurred.""}]","Author: Bob. Record date: 2026-11-16. The record describes my plan to not bring eight books to David, with the event dated three days ago. This record does not establish that the event occurred.","Author: Bob. Record date: 2026-11-16. The record describes my plan to not bring eight books to David, with the event dated three days ago. This record does not establish that the event occurred.",True,,,
g11_iid_0032,iid,-2,M09,"Author: Bob. Record date: 2026-11-16. The record describes my plan to not bring eight books to David, with the event dated two days ago. This record does not establish that the event occurred.","Author: Bob. Record date: 2026-11-16. The record describes my plan to not bring eight books to David, with the event dated two days ago. This record does not establish that the event occurred.","[{""output"": ""Author: Bob. Record date: 2026-11-16. The record describes my plan to not bring eight books to David, with the event dated yesterday. This record does not establish that the event occurred."", ""frame"": {""view_date"": ""2026-11-22"", ""perspective"": ""first""}, ""target_text"": ""Author: Bob. Record date: 2026-11-16. The record describes my plan to not bring eight books to David, with the event dated yesterday. This record does not establish that the event occurred.""}, {""output"": ""Author: Bob. Record date: 2026-11-16. The record describes my plan to not bring eight books to David, with the event dated two days ago. This record does not establish that the event occurred."", ""frame"": {""view_date"": ""2026-11-23"", ""perspective"": ""first""}, ""target_text"": ""Author: Bob. Record date: 2026-11-16. The record describes my plan to not bring eight books to David, with the event dated two days ago. This record does not establish that the event occurred.""}]","Author: Bob. Record date: 2026-11-16. The record describes my plan to not bring eight books to David, with the event dated three days ago. This record does not establish that the event occurred.","Author: Bob. Record date: 2026-11-16. The record describes three days ago. The note describes my plan to not bring eight books to David, with the event dated two days ago three days. This record does not establish that the event occurred.",True,,,
g11_iid_0032,iid,-1,M12,"Author: Bob. Record date: 2026-11-16. The record describes my plan to not bring eight books to David, with the event dated yesterday. This record does not establish that the event occurred.",,,"Author: Bob. Record date: 2026-11-16. The record describes my plan to not bring eight books to David, with the event dated two days ago. This record does not establish that the event occurred.","Author: Bob. Record date: 2026-11-16. The record describes my plan to not bring eight books to David, with the event dated two days ago. This record does not establish that the event occurred.",True,,,
g11_iid_0032,iid,-1,M20,"Author: Bob. Record date: 2026-11-16. The record describes my plan to not bring eight books to David, with the event dated yesterday. This record does not establish that the event occurred.",,,"Author: Bob. Record date: 2026-11-16. The record describes my plan to not bring eight books to David, with the event dated two days ago. This record does not establish that the event occurred.","Author: Bob. Record date: 2026-11-16. The record describes my plan to not bring eight books to David, with the event dated two days ago. This record does not establish that the event occurred.",True,,,
g11_iid_0032,iid,-1,M13,"Author: Bob. Record date: 2026-11-16. The record describes my plan to not bring eight books to David, with the event dated yesterday. This record does not establish that the event occurred.",,,"Author: Bob. Record date: 2026-11-16. The record describes my plan to not bring eight books to David, with the event dated two days ago. This record does not establish that the event occurred.",Author: two days three days ago. Record date three days three three days days. This record three days two days days three times does not define two days ago,True,,,
g11_iid_0032,iid,-1,M03,"Author: Bob. Record date: 2026-11-16. The record describes my plan to not bring eight books to David, with the event dated yesterday. This record does not establish that the event occurred.",,,"Author: Bob. Record date: 2026-11-16. The record describes my plan to not bring eight books to David, with the event dated two days ago. This record does not establish that the event occurred.","Author: Bob. Record date: 2026-11-16. The record describes my plan to not bring eight books to David, with the event dated yesterday. This record does not establish that the event occurred.",True,,,
g11_iid_0032,iid,-1,M07,"Author: Bob. Record date: 2026-11-16. The record describes my plan to not bring eight books to David, with the event dated yesterday. This record does not establish that the event occurred.","Author: Bob. Record date: 2026-11-16. The record describes my plan to not bring eight books to David, with the event dated yesterday. This record does not establish that the event occurred.","[{""output"": ""Author: Bob. Record date: 2026-11-16. The record describes my plan to not bring eight books to David, with the event dated yesterday. This record does not establish that the event occurred."", ""frame"": {""view_date"": ""2026-11-22"", ""perspective"": ""first""}, ""target_text"": ""Author: Bob. Record date: 2026-11-16. The record describes my plan to not bring eight books to David, with the event dated yesterday. This record does not establish that the event occurred.""}]","Author: Bob. Record date: 2026-11-16. The record describes my plan to not bring eight books to David, with the event dated two days ago. This record does not establish that the event occurred.","Author: Bob. Record date: 2026-11-16. The record describes my plan to not bring eight books to David, with the event dated two days ago. This record does not establish that the event occurred.",True,,,
g11_iid_0032,iid,-1,M17,"Author: Bob. Record date: 2026-11-16. The record describes my plan to not bring eight books to David, with the event dated yesterday. This record does not establish that the event occurred.","Author: Bob. Record date: 2026-11-16. The record describes my plan to not bring eight books to David, with the event dated yesterday. This record does not establish that the event occurred.","[{""output"": ""Author: Bob. Record date: 2026-11-16. The record describes my plan to not bring eight books to David, with the event dated yesterday. This record does not establish that the event occurred."", ""frame"": {""view_date"": ""2026-11-22"", ""perspective"": ""first""}, ""target_text"": ""Author: Bob. Record date: 2026-11-16. The record describes my plan to not bring eight books to David, with the event dated yesterday. This record does not establish that the event occurred.""}]","Author: Bob. Record date: 2026-11-16. The record describes my plan to not bring eight books to David, with the event dated two days ago. This record does not establish that the event occurred.","Author: Bob. Record date: 2026-11-16. The record describes my plan to not bring eight books to David, with the event dated two days ago. This record does not establish that the event occurred.",True,,,
g11_iid_0032,iid,-1,M01,"Author: Bob. Record date: 2026-11-16. The record describes my plan to not bring eight books to David, with the event dated yesterday. This record does not establish that the event occurred.","Author: Bob. Record date: 2026-11-16. The record describes my plan to not bring eight books to David, with the event dated yesterday. This record does not establish that the event occurred.","[{""output"": ""Author: Bob. Record date: 2026-11-16. The record describes my plan to not bring eight books to David, with the event dated today. This record does not establish that the event occurred."", ""frame"": {""view_date"": ""2026-11-21"", ""perspective"": ""first""}, ""target_text"": ""Author: Bob. Record date: 2026-11-16. The record describes my plan to not bring eight books to David, with the event dated today. This record does not establish that the event occurred.""}, {""output"": ""Author: Bob. Record date: 2026-11-16. The record describes my plan to not bring eight books to David, with the event dated yesterday. This record does not establish that the event occurred."", ""frame"": {""view_date"": ""2026-11-22"", ""perspective"": ""first""}, ""target_text"": ""Author: Bob. Record date: 2026-11-16. The record describes my plan to not bring eight books to David, with the event dated yesterday. This record does not establish that the event occurred.""}]","Author: Bob. Record date: 2026-11-16. The record describes my plan to not bring eight books to David, with the event dated two days ago. This record does not establish that the event occurred.","Author: Bob. Record date: 2026-11-16. The record describes my plan to not bring eight books to David, with the event dated three days ago. This record does not establish that the event occurred.",True,,,
g11_iid_0032,iid,-2,M07,"Author: Bob. Record date: 2026-11-16. The record describes my plan to not bring eight books to David, with the event dated two days ago. This record does not establish that the event occurred.","Author: Bob. Record date: 2026-11-16. The record describes my plan to not bring eight books to David, with the event dated two days ago. This record does not establish that the event occurred.","[{""output"": ""Author: Bob. Record date: 2026-11-16. The record describes my plan to not bring eight books to David, with the event dated two days ago. This record does not establish that the event occurred."", ""frame"": {""view_date"": ""2026-11-23"", ""perspective"": ""first""}, ""target_text"": ""Author: Bob. Record date: 2026-11-16. The record describes my plan to not bring eight books to David, with the event dated two days ago. This record does not establish that the event occurred.""}]","Author: Bob. Record date: 2026-11-16. The record describes my plan to not bring eight books to David, with the event dated three days ago. This record does not establish that the event occurred.","Author: Bob. Record date: 2026-11-16. The record describes my plan to not bring eight books to David, with the event dated three days ago. This record does not establish that the event occurred.",True,,,
g11_iid_0032,iid,-2,M17,"Author: Bob. Record date: 2026-11-16. The record describes my plan to not bring eight books to David, with the event dated two days ago. This record does not establish that the event occurred.","Author: Bob. Record date: 2026-11-16. The record describes my plan to not bring eight books to David, with the event dated two days ago. This record does not establish that the event occurred.","[{""output"": ""Author: Bob. Record date: 2026-11-16. The record describes my plan to not bring eight books to David, with the event dated two days ago. This record does not establish that the event occurred."", ""frame"": {""view_date"": ""2026-11-23"", ""perspective"": ""first""}, ""target_text"": ""Author: Bob. Record date: 2026-11-16. The record describes my plan to not bring eight books to David, with the event dated two days ago. This record does not establish that the event occurred.""}]","Author: Bob. Record date: 2026-11-16. The record describes my plan to not bring eight books to David, with the event dated three days ago. This record does not establish that the event occurred.","Author: Bob. Record date: 2026-11-16. The record describes my plan to not bring eight books to David, with the event dated three days ago. This record does not establish that the event occurred.",True,,,
g11_iid_0032,iid,-2,M01,"Author: Bob. Record date: 2026-11-16. The record describes my plan to not bring eight books to David, with the event dated two days ago. This record does not establish that the event occurred.","Author: Bob. Record date: 2026-11-16. The record describes my plan to not bring eight books to David, with the event dated two days ago. This record does not establish that the event occurred.","[{""output"": ""Author: Bob. Record date: 2026-11-16. The record describes my plan to not bring eight books to David, with the event dated yesterday. This record does not establish that the event occurred."", ""frame"": {""view_date"": ""2026-11-22"", ""perspective"": ""first""}, ""target_text"": ""Author: Bob. Record date: 2026-11-16. The record describes my plan to not bring eight books to David, with the event dated yesterday. This record does not establish that the event occurred.""}, {""output"": ""Author: Bob. Record date: 2026-11-16. The record describes my plan to not bring eight books to David, with the event dated two days ago. This record does not establish that the event occurred."", ""frame"": {""view_date"": ""2026-11-23"", ""perspective"": ""first""}, ""target_text"": ""Author: Bob. Record date: 2026-11-16. The record describes my plan to not bring eight books to David, with the event dated two days ago. This record does not establish that the event occurred.""}]","Author: Bob. Record date: 2026-11-16. The record describes my plan to not bring eight books to David, with the event dated three days ago. This record does not establish that the event occurred.","Author: Bob. Record date: 2026-11-16. The record describes my plan to not bring eight books to David, with the event dated two days ago. This record does not establish that the event occurred.",True,,,
g11_iid_0032,iid,-1,M15,"Author: Bob. Record date: 2026-11-16. The record describes my plan to not bring eight books to David, with the event dated yesterday. This record does not establish that the event occurred.",,,"Author: Bob. Record date: 2026-11-16. The record describes my plan to not bring eight books to David, with the event dated two days ago. This record does not establish that the event occurred.","Author: Bob. Record date: 2026-11-16. The record describes my plan to not bring eight books to David, with the event dated two days ago. This record does not establish that the event occurred.",True,,,
g11_iid_0032,iid,-1,M21,"Author: Bob. Record date: 2026-11-16. The record describes my plan to not bring eight books to David, with the event dated yesterday. This record does not establish that the event occurred.",,,"Author: Bob. Record date: 2026-11-16. The record describes my plan to not bring eight books to David, with the event dated two days ago. This record does not establish that the event occurred.","Author: Bob. Record date: 2026-11-16. The record describes my plan to not bring eight books to David, with the event dated three days ago. This record does not establish that the event occurred.",True,,,
g11_iid_0032,iid,-1,M16,"Author: Bob. Record date: 2026-11-16. The record describes my plan to not bring eight books to David, with the event dated yesterday. This record does not establish that the event occurred.",,,"Author: Bob. Record date: 2026-11-16. The record describes my plan to not bring eight books to David, with the event dated two days ago. This record does not establish that the event occurred.",Author four days. These days days four daysD daysDD four daysToday. four four four daysYesterday four. This record does four days:\,True,,,
g11_iid_0032,iid,-1,M02,"Author: Bob. Record date: 2026-11-16. The record describes my plan to not bring eight books to David, with the event dated yesterday. This record does not establish that the event occurred.",,,"Author: Bob. Record date: 2026-11-16. The record describes my plan to not bring eight books to David, with the event dated two days ago. This record does not establish that the event occurred.","Author: Bob. Record date: 2026-11-16. The record describes my plan to not bring eight books to David, with the event dated yesterday. This record does not establish that the event occurred.",True,,,
g11_iid_0032,iid,-1,M06,"Author: Bob. Record date: 2026-11-16. The record describes my plan to not bring eight books to David, with the event dated yesterday. This record does not establish that the event occurred.","Author: Bob. Record date: 2026-11-16. The record describes my plan to not bring eight books to David, with the event dated yesterday. This record does not establish that the event occurred.","[{""output"": ""Author: Bob. Record date: 2026-11-16. The record describes my plan to not bring eight books to David, with the event dated yesterday. This record does not establish that the event occurred."", ""frame"": {""view_date"": ""2026-11-22"", ""perspective"": ""first""}, ""target_text"": ""Author: Bob. Record date: 2026-11-16. The record describes my plan to not bring eight books to David, with the event dated yesterday. This record does not establish that the event occurred.""}]","Author: Bob. Record date: 2026-11-16. The record describes my plan to not bring eight books to David, with the event dated two days ago. This record does not establish that the event occurred.","Author: Bob. Record date: 2026-11-16. The record describes my plan to not bring eight books to David, with the event dated two days ago. This record does not establish that the event occurred.",True,,,
g11_iid_0032,iid,-1,M05,"Author: Bob. Record date: 2026-11-16. The record describes my plan to not bring eight books to David, with the event dated yesterday. This record does not establish that the event occurred.","Author: Bob. Record date: 2026-11-16. The record describes my plan to not bring eight books to David, with the event dated yesterday. This record does not establish that the event occurred.","[{""output"": ""Author: Bob. Record date: 2026-11-16. The record describes my plan to not bring eight books to David, with the event dated yesterday. This record does not establish that the event occurred."", ""frame"": {""view_date"": ""2026-11-22"", ""perspective"": ""first""}, ""target_text"": ""Author: Bob. Record date: 2026-11-16. The record describes my plan to not bring eight books to David, with the event dated yesterday. This record does not establish that the event occurred.""}]","Author: Bob. Record date: 2026-11-16. The record describes my plan to not bring eight books to David, with the event dated two days ago. This record does not establish that the event occurred.","Author: Bob. Record date: 2026-11-16. The record describes my plan to not bring eight books to David, with the event dated two days ago. This record does not establish that the event occurred.",True,,,
g11_iid_0032,iid,-1,M10,"Author: Bob. Record date: 2026-11-16. The record describes my plan to not bring eight books to David, with the event dated yesterday. This record does not establish that the event occurred.","Author: Bob. Record date: 2026-11-16. The record describes my plan to not bring eight books to David, with the event dated yesterday. This record does not establish that the event occurred.","[{""output"": ""Author: Bob. Record date: 2026-11-16. The record describes my plan to not bring eight books to David, with the event dated today. This record does not establish that the event occurred."", ""frame"": {""view_date"": ""2026-11-21"", ""perspective"": ""first""}, ""target_text"": ""Author: Bob. Record date: 2026-11-16. The record describes my plan to not bring eight books to David, with the event dated today. This record does not establish that the event occurred.""}, {""output"": ""Author: Bob. Record date: 2026-11-16. The record describes my plan to not bring eight books to David, with the event dated yesterday. This record does not establish that the event occurred."", ""frame"": {""view_date"": ""2026-11-22"", ""perspective"": ""first""}, ""target_text"": ""Author: Bob. Record date: 2026-11-16. The record describes my plan to not bring eight books to David, with the event dated yesterday. This record does not establish that the event occurred.""}]","Author: Bob. Record date: 2026-11-16. The record describes my plan to not bring eight books to David, with the event dated two days ago. This record does not establish that the event occurred.","Author: Bob. Record date: 2026-11-16. The record describes my plan to not bring eight books to David, with the event dated three days ago. This record does not establish that the event occurred.",True,,,
g11_iid_0032,iid,-2,M06,"Author: Bob. Record date: 2026-11-16. The record describes my plan to not bring eight books to David, with the event dated two days ago. This record does not establish that the event occurred.","Author: Bob. Record date: 2026-11-16. The record describes my plan to not bring eight books to David, with the event dated two days ago. This record does not establish that the event occurred.","[{""output"": ""Author: Bob. Record date: 2026-11-16. The record describes my plan to not bring eight books to David, with the event dated two days ago. This record does not establish that the event occurred."", ""frame"": {""view_date"": ""2026-11-23"", ""perspective"": ""first""}, ""target_text"": ""Author: Bob. Record date: 2026-11-16. The record describes my plan to not bring eight books to David, with the event dated two days ago. This record does not establish that the event occurred.""}]","Author: Bob. Record date: 2026-11-16. The record describes my plan to not bring eight books to David, with the event dated three days ago. This record does not establish that the event occurred.","Author: Bob. Record date: 2026-11-16. The record describes my plan to not bring eight books to David, with the event dated three days ago. This record does not establish that the event occurred.",True,,,
g11_iid_0032,iid,-2,M05,"Author: Bob. Record date: 2026-11-16. The record describes my plan to not bring eight books to David, with the event dated two days ago. This record does not establish that the event occurred.","Author: Bob. Record date: 2026-11-16. The record describes my plan to not bring eight books to David, with the event dated two days ago. This record does not establish that the event occurred.","[{""output"": ""Author: Bob. Record date: 2026-11-16. The record describes my plan to not bring eight books to David, with the event dated two days ago. This record does not establish that the event occurred."", ""frame"": {""view_date"": ""2026-11-23"", ""perspective"": ""first""}, ""target_text"": ""Author: Bob. Record date: 2026-11-16. The record describes my plan to not bring eight books to David, with the event dated two days ago. This record does not establish that the event occurred.""}]","Author: Bob. Record date: 2026-11-16. The record describes my plan to not bring eight books to David, with the event dated three days ago. This record does not establish that the event occurred.","Author: Bob. Record date: 2026-11-16. The record describes my plan to not bring eight books to David, with the event dated three days ago. This record does not establish that the event occurred.",True,,,
g11_iid_0032,iid,-2,M10,"Author: Bob. Record date: 2026-11-16. The record describes my plan to not bring eight books to David, with the event dated two days ago. This record does not establish that the event occurred.","Author: Bob. Record date: 2026-11-16. The record describes my plan to not bring eight books to David, with the event dated two days ago. This record does not establish that the event occurred.","[{""output"": ""Author: Bob. Record date: 2026-11-16. The record describes my plan to not bring eight books to David, with the event dated yesterday. This record does not establish that the event occurred."", ""frame"": {""view_date"": ""2026-11-22"", ""perspective"": ""first""}, ""target_text"": ""Author: Bob. Record date: 2026-11-16. The record describes my plan to not bring eight books to David, with the event dated yesterday. This record does not establish that the event occurred.""}, {""output"": ""Author: Bob. Record date: 2026-11-16. The record describes my plan to not bring eight books to David, with the event dated two days ago. This record does not establish that the event occurred."", ""frame"": {""view_date"": ""2026-11-23"", ""perspective"": ""first""}, ""target_text"": ""Author: Bob. Record date: 2026-11-16. The record describes my plan to not bring eight books to David, with the event dated two days ago. This record does not establish that the event occurred.""}]","Author: Bob. Record date: 2026-11-16. The record describes my plan to not bring eight books to David, with the event dated three days ago. This record does not establish that the event occurred.","Author: Bob. Record date: 2026-11-16. The record describes my plan to not bring eight books to David, with the event dated two days ago. This record does not establish that the event occurred.",True,,,
g11_iid_0032,iid,-1,M04,"Author: Bob. Record date: 2026-11-16. The record describes my plan to not bring eight books to David, with the event dated yesterday. This record does not establish that the event occurred.",,,"Author: Bob. Record date: 2026-11-16. The record describes my plan to not bring eight books to David, with the event dated two days ago. This record does not establish that the event occurred.","Author: Bob. Record date: 2026-11-16. The record describes my plan to not bring eight books to David, with the event dated two days ago. This record does not establish that the event occurred.",True,,,
g11_iid_0032,iid,-1,M11,"Author: Bob. Record date: 2026-11-16. The record describes my plan to not bring eight books to David, with the event dated yesterday. This record does not establish that the event occurred.",,,"Author: Bob. Record date: 2026-11-16. The record describes my plan to not bring eight books to David, with the event dated two days ago. This record does not establish that the event occurred.","Author: Bob. Record date: 2026-11-16. The record describes my plan to not bring eight books to David, with the event dated three days ago. This record does not establish that the event occurred.",True,,,
g11_iid_0032,iid,-1,M18,"Author: Bob. Record date: 2026-11-16. The record describes my plan to not bring eight books to David, with the event dated yesterday. This record does not establish that the event occurred.",,,"Author: Bob. Record date: 2026-11-16. The record describes my plan to not bring eight books to David, with the event dated two days ago. This record does not establish that the event occurred.", 3-4-16. These tomorrow tomorrow tomorrow.,True,,,
g11_iid_0032,iid,-1,M14,"Author: Bob. Record date: 2026-11-16. The record describes my plan to not bring eight books to David, with the event dated yesterday. This record does not establish that the event occurred.",,,"Author: Bob. Record date: 2026-11-16. The record describes my plan to not bring eight books to David, with the event dated two days ago. This record does not establish that the event occurred.","Author: Bob. Record date: 2026-11-16. The record describes my plan to not bring eight books to David, with the event dated yesterday. This record does not establish that the event occurred.",True,,,
g11_iid_0058,iid,-1,M19,"Author: David. Record date: 2026-11-17. According to the record, my plan to not deliver four books to Henry concerns an event dated yesterday. This record does not establish that the event occurred.","Author: David. Record date: 2026-11-17. According to the record, my plan to not deliver four books to Henry concerns an event dated yesterday. This record does not establish that the event occurred.","[{""output"": ""Author: David. Record date: 2026-11-17. According to the record, my plan to not deliver four books to Henry concerns an event dated yesterday. This record does not establish that the event occurred."", ""frame"": {""view_date"": ""2026-11-23"", ""perspective"": ""first""}, ""target_text"": ""Author: David. Record date: 2026-11-17. According to the record, my plan to not deliver four books to Henry concerns an event dated yesterday. This record does not establish that the event occurred.""}]","Author: David. Record date: 2026-11-17. According to the record, my plan to not deliver four books to Henry concerns an event dated two days ago. This record does not establish that the event occurred.","Author: David. Record date: 2026-11-17. According to the record, my plan to not deliver four books to Henry concerns an event dated two days ago. This record does not establish that the event occurred.",True,,,
g11_iid_0058,iid,-1,M08,"Author: David. Record date: 2026-11-17. According to the record, my plan to not deliver four books to Henry concerns an event dated yesterday. This record does not establish that the event occurred.","Author: David. Record date: 2026-11-17. According to the record, my plan to not deliver four books to Henry concerns an event dated yesterday. This record does not establish that the event occurred.","[{""output"": ""Author: David. Record date: 2026-11-17. According to the record, my plan to not deliver four books to Henry concerns an event dated yesterday. This record does not establish that the event occurred."", ""frame"": {""view_date"": ""2026-11-23"", ""perspective"": ""first""}, ""target_text"": ""Author: David. Record date: 2026-11-17. According to the record, my plan to not deliver four books to Henry concerns an event dated yesterday. This record does not establish that the event occurred.""}]","Author: David. Record date: 2026-11-17. According to the record, my plan to not deliver four books to Henry concerns an event dated two days ago. This record does not establish that the event occurred.","Author: David. Record date: 2026-11-17. According to the record, my plan to not deliver four books to Henry concerns an event dated two days ago. This record does not establish that the event occurred.",True,,,
g11_iid_0058,iid,-1,M09,"Author: David. Record date: 2026-11-17. According to the record, my plan to not deliver four books to Henry concerns an event dated yesterday. This record does not establish that the event occurred.","Author: David. Record date: 2026-11-17. According to the record, my plan to not deliver four books to Henry concerns an event dated yesterday. This record does not establish that the event occurred.","[{""output"": ""Author: David. Record date: 2026-11-17. According to the record, my plan to not deliver four books to Henry concerns an event dated today. This record does not establish that the event occurred."", ""frame"": {""view_date"": ""2026-11-22"", ""perspective"": ""first""}, ""target_text"": ""Author: David. Record date: 2026-11-17. According to the record, my plan to not deliver four books to Henry concerns an event dated today. This record does not establish that the event occurred.""}, {""output"": ""Author: David. Record date: 2026-11-17. According to the record, my plan to not deliver four books to Henry concerns an event dated yesterday. This record does not establish that the event occurred."", ""frame"": {""view_date"": ""2026-11-23"", ""perspective"": ""first""}, ""target_text"": ""Author: David. Record date: 2026-11-17. According to the record, my plan to not deliver four books to Henry concerns an event dated yesterday. This record does not establish that the event occurred.""}]","Author: David. Record date: 2026-11-17. According to the record, my plan to not deliver four books to Henry concerns an event dated two days ago. This record does not establish that the event occurred.","Author: David. Record date: 2026-11-17. According to the record, my plan to not deliver four books to Henry concerns an event dated two days ago. This record does not establish that the event occurred.",True,,,
g11_iid_0058,iid,-2,M19,"Author: David. Record date: 2026-11-17. According to the record, my plan to not deliver four books to Henry concerns an event dated two days ago. This record does not establish that the event occurred.","Author: David. Record date: 2026-11-17. According to the record, my plan to not deliver four books to Henry concerns an event dated two days ago. This record does not establish that the event occurred.","[{""output"": ""Author: David. Record date: 2026-11-17. According to the record, my plan to not deliver four books to Henry concerns an event dated two days ago. This record does not establish that the event occurred."", ""frame"": {""view_date"": ""2026-11-24"", ""perspective"": ""first""}, ""target_text"": ""Author: David. Record date: 2026-11-17. According to the record, my plan to not deliver four books to Henry concerns an event dated two days ago. This record does not establish that the event occurred.""}]","Author: David. Record date: 2026-11-17. According to the record, my plan to not deliver four books to Henry concerns an event dated three days ago. This record does not establish that the event occurred.","Author: David. Record date: 2026-11-17. According to the record, my plan to not deliver four books to Henry concerns an event dated three days ago. This record does not establish that the event occurred.",True,,,
g11_iid_0058,iid,-2,M08,"Author: David. Record date: 2026-11-17. According to the record, my plan to not deliver four books to Henry concerns an event dated two days ago. This record does not establish that the event occurred.","Author: David. Record date: 2026-11-17. According to the record, my plan to not deliver four books to Henry concerns an event dated two days ago. This record does not establish that the event occurred.","[{""output"": ""Author: David. Record date: 2026-11-17. According to the record, my plan to not deliver four books to Henry concerns an event dated two days ago. This record does not establish that the event occurred."", ""frame"": {""view_date"": ""2026-11-24"", ""perspective"": ""first""}, ""target_text"": ""Author: David. Record date: 2026-11-17. According to the record, my plan to not deliver four books to Henry concerns an event dated two days ago. This record does not establish that the event occurred.""}]","Author: David. Record date: 2026-11-17. According to the record, my plan to not deliver four books to Henry concerns an event dated three days ago. This record does not establish that the event occurred.","Author: David. Record date: 2026-11-17. According to the record, my plan to not deliver four books to Henry concerns an event dated three days ago. This record does not establish that the event occurred.",True,,,
g11_iid_0058,iid,-2,M09,"Author: David. Record date: 2026-11-17. According to the record, my plan to not deliver four books to Henry concerns an event dated two days ago. This record does not establish that the event occurred.","Author: David. Record date: 2026-11-17. According to the record, my plan to not deliver four books to Henry concerns an event dated two days ago. This record does not establish that the event occurred.","[{""output"": ""Author: David. Record date: 2026-11-17. According to the record, my plan to not deliver four books to Henry concerns an event dated yesterday. This record does not establish that the event occurred."", ""frame"": {""view_date"": ""2026-11-23"", ""perspective"": ""first""}, ""target_text"": ""Author: David. Record date: 2026-11-17. According to the record, my plan to not deliver four books to Henry concerns an event dated yesterday. This record does not establish that the event occurred.""}, {""output"": ""Author: David. Record date: 2026-11-17. According to the record, my plan to not deliver four books to Henry concerns an event dated two days ago. This record does not establish that the event occurred."", ""frame"": {""view_date"": ""2026-11-24"", ""perspective"": ""first""}, ""target_text"": ""Author: David. Record date: 2026-11-17. According to the record, my plan to not deliver four books to Henry concerns an event dated two days ago. This record does not establish that the event occurred.""}]","Author: David. Record date: 2026-11-17. According to the record, my plan to not deliver four books to Henry concerns an event dated three days ago. This record does not establish that the event occurred.","Author: David. Record date: 2026-11-17. According to the record, my plan to not deliver four books to Henry concerns an event dated two days ago. This record does not establish that the event occurred.",True,,,
g11_iid_0058,iid,-1,M12,"Author: David. Record date: 2026-11-17. According to the record, my plan to not deliver four books to Henry concerns an event dated yesterday. This record does not establish that the event occurred.",,,"Author: David. Record date: 2026-11-17. According to the record, my plan to not deliver four books to Henry concerns an event dated two days ago. This record does not establish that the event occurred.","Author: David. Record date: 2026-11-17. According to the record, my plan to not deliver four books to Henry concerns an event dated two days ago. This record does not establish that the event occurred.",True,,,
g11_iid_0058,iid,-1,M20,"Author: David. Record date: 2026-11-17. According to the record, my plan to not deliver four books to Henry concerns an event dated yesterday. This record does not establish that the event occurred.",,,"Author: David. Record date: 2026-11-17. According to the record, my plan to not deliver four books to Henry concerns an event dated two days ago. This record does not establish that the event occurred.","Author: David. Record date: 2026-11-17. According to the record, my plan to not deliver four books to Henry concerns an event dated two days ago. This record does not establish that the event occurred.",True,,,
g11_iid_0058,iid,-1,M13,"Author: David. Record date: 2026-11-17. According to the record, my plan to not deliver four books to Henry concerns an event dated yesterday. This record does not establish that the event occurred.",,,"Author: David. Record date: 2026-11-17. According to the record, my plan to not deliver four books to Henry concerns an event dated two days ago. This record does not establish that the event occurred.",Author: three days ago. Record date three days three days days ago,True,,,
g11_iid_0058,iid,-1,M03,"Author: David. Record date: 2026-11-17. According to the record, my plan to not deliver four books to Henry concerns an event dated yesterday. This record does not establish that the event occurred.",,,"Author: David. Record date: 2026-11-17. According to the record, my plan to not deliver four books to Henry concerns an event dated two days ago. This record does not establish that the event occurred.","Author: David. Record date: 2026-11-17. According to the record, my plan to not deliver four books to Henry concerns an event dated yesterday. This record does not establish that the event occurred.",True,,,
g11_iid_0058,iid,-1,M07,"Author: David. Record date: 2026-11-17. According to the record, my plan to not deliver four books to Henry concerns an event dated yesterday. This record does not establish that the event occurred.","Author: David. Record date: 2026-11-17. According to the record, my plan to not deliver four books to Henry concerns an event dated yesterday. This record does not establish that the event occurred.","[{""output"": ""Author: David. Record date: 2026-11-17. According to the record, my plan to not deliver four books to Henry concerns an event dated yesterday. This record does not establish that the event occurred."", ""frame"": {""view_date"": ""2026-11-23"", ""perspective"": ""first""}, ""target_text"": ""Author: David. Record date: 2026-11-17. According to the record, my plan to not deliver four books to Henry concerns an event dated yesterday. This record does not establish that the event occurred.""}]","Author: David. Record date: 2026-11-17. According to the record, my plan to not deliver four books to Henry concerns an event dated two days ago. This record does not establish that the event occurred.","Author: David. Record date: 2026-11-17. According to the record, my plan to not deliver four books to Henry concerns an event dated two days ago. This record does not establish that the event occurred.",True,,,
g11_iid_0058,iid,-1,M17,"Author: David. Record date: 2026-11-17. According to the record, my plan to not deliver four books to Henry concerns an event dated yesterday. This record does not establish that the event occurred.","Author: David. Record date: 2026-11-17. According to the record, my plan to not deliver four books to Henry concerns an event dated yesterday. This record does not establish that the event occurred.","[{""output"": ""Author: David. Record date: 2026-11-17. According to the record, my plan to not deliver four books to Henry concerns an event dated yesterday. This record does not establish that the event occurred."", ""frame"": {""view_date"": ""2026-11-23"", ""perspective"": ""first""}, ""target_text"": ""Author: David. Record date: 2026-11-17. According to the record, my plan to not deliver four books to Henry concerns an event dated yesterday. This record does not establish that the event occurred.""}]","Author: David. Record date: 2026-11-17. According to the record, my plan to not deliver four books to Henry concerns an event dated two days ago. This record does not establish that the event occurred.","Author: David. Record date: 2026-11-17. According to the record, my plan to not deliver four books to Henry concerns an event dated two days ago. This record does not establish that the event occurred.",True,,,
g11_iid_0058,iid,-1,M01,"Author: David. Record date: 2026-11-17. According to the record, my plan to not deliver four books to Henry concerns an event dated yesterday. This record does not establish that the event occurred.","Author: David. Record date: 2026-11-17. According to the record, my plan to not deliver four books to Henry concerns an event dated yesterday. This record does not establish that the event occurred.","[{""output"": ""Author: David. Record date: 2026-11-17. According to the record, my plan to not deliver four books to Henry concerns an event dated today. This record does not establish that the event occurred."", ""frame"": {""view_date"": ""2026-11-22"", ""perspective"": ""first""}, ""target_text"": ""Author: David. Record date: 2026-11-17. According to the record, my plan to not deliver four books to Henry concerns an event dated today. This record does not establish that the event occurred.""}, {""output"": ""Author: David. Record date: 2026-11-17. According to the record, my plan to not deliver four books to Henry concerns an event dated yesterday. This record does not establish that the event occurred."", ""frame"": {""view_date"": ""2026-11-23"", ""perspective"": ""first""}, ""target_text"": ""Author: David. Record date: 2026-11-17. According to the record, my plan to not deliver four books to Henry concerns an event dated yesterday. This record does not establish that the event occurred.""}]","Author: David. Record date: 2026-11-17. According to the record, my plan to not deliver four books to Henry concerns an event dated two days ago. This record does not establish that the event occurred.","Author: David. Record date: 2026-11-17. According to the record, my plan to not deliver four books to Henry concerns an event dated three days ago. This record does not establish that the event occurred.",True,,,
g11_iid_0058,iid,-2,M07,"Author: David. Record date: 2026-11-17. According to the record, my plan to not deliver four books to Henry concerns an event dated two days ago. This record does not establish that the event occurred.","Author: David. Record date: 2026-11-17. According to the record, my plan to not deliver four books to Henry concerns an event dated two days ago. This record does not establish that the event occurred.","[{""output"": ""Author: David. Record date: 2026-11-17. According to the record, my plan to not deliver four books to Henry concerns an event dated two days ago. This record does not establish that the event occurred."", ""frame"": {""view_date"": ""2026-11-24"", ""perspective"": ""first""}, ""target_text"": ""Author: David. Record date: 2026-11-17. According to the record, my plan to not deliver four books to Henry concerns an event dated two days ago. This record does not establish that the event occurred.""}]","Author: David. Record date: 2026-11-17. According to the record, my plan to not deliver four books to Henry concerns an event dated three days ago. This record does not establish that the event occurred.","Author: David. Record date: 2026-11-17. According to the record, my plan to not deliver four books to Henry concerns an event dated three days ago. This record does not establish that the event occurred.",True,,,
g11_iid_0058,iid,-2,M17,"Author: David. Record date: 2026-11-17. According to the record, my plan to not deliver four books to Henry concerns an event dated two days ago. This record does not establish that the event occurred.","Author: David. Record date: 2026-11-17. According to the record, my plan to not deliver four books to Henry concerns an event dated two days ago. This record does not establish that the event occurred.","[{""output"": ""Author: David. Record date: 2026-11-17. According to the record, my plan to not deliver four books to Henry concerns an event dated two days ago. This record does not establish that the event occurred."", ""frame"": {""view_date"": ""2026-11-24"", ""perspective"": ""first""}, ""target_text"": ""Author: David. Record date: 2026-11-17. According to the record, my plan to not deliver four books to Henry concerns an event dated two days ago. This record does not establish that the event occurred.""}]","Author: David. Record date: 2026-11-17. According to the record, my plan to not deliver four books to Henry concerns an event dated three days ago. This record does not establish that the event occurred.","Author: David. Record date: 2026-11-17. According to the record, my plan to not deliver four books to Henry concerns an event dated three days ago. This record does not establish that the event occurred.",True,,,
g11_iid_0058,iid,-2,M01,"Author: David. Record date: 2026-11-17. According to the record, my plan to not deliver four books to Henry concerns an event dated two days ago. This record does not establish that the event occurred.","Author: David. Record date: 2026-11-17. According to the record, my plan to not deliver four books to Henry concerns an event dated two days ago. This record does not establish that the event occurred.","[{""output"": ""Author: David. Record date: 2026-11-17. According to the record, my plan to not deliver four books to Henry concerns an event dated yesterday. This record does not establish that the event occurred."", ""frame"": {""view_date"": ""2026-11-23"", ""perspective"": ""first""}, ""target_text"": ""Author: David. Record date: 2026-11-17. According to the record, my plan to not deliver four books to Henry concerns an event dated yesterday. This record does not establish that the event occurred.""}, {""output"": ""Author: David. Record date: 2026-11-17. According to the record, my plan to not deliver four books to Henry concerns an event dated two days ago. This record does not establish that the event occurred."", ""frame"": {""view_date"": ""2026-11-24"", ""perspective"": ""first""}, ""target_text"": ""Author: David. Record date: 2026-11-17. According to the record, my plan to not deliver four books to Henry concerns an event dated two days ago. This record does not establish that the event occurred.""}]","Author: David. Record date: 2026-11-17. According to the record, my plan to not deliver four books to Henry concerns an event dated three days ago. This record does not establish that the event occurred.","Author: David. Record date: 2026-11-17. According to the record, my plan to not deliver four books to Henry concerns an event dated two days ago. This record does not establish that the event occurred.",True,,,
g11_iid_0058,iid,-1,M15,"Author: David. Record date: 2026-11-17. According to the record, my plan to not deliver four books to Henry concerns an event dated yesterday. This record does not establish that the event occurred.",,,"Author: David. Record date: 2026-11-17. According to the record, my plan to not deliver four books to Henry concerns an event dated two days ago. This record does not establish that the event occurred.","Author: David. Record date: 2026-11-17. According to the record, my plan to not deliver four books to Henry concerns an event dated two days ago. This record does not establish that the event occurred.",True,,,
g11_iid_0058,iid,-1,M21,"Author: David. Record date: 2026-11-17. According to the record, my plan to not deliver four books to Henry concerns an event dated yesterday. This record does not establish that the event occurred.",,,"Author: David. Record date: 2026-11-17. According to the record, my plan to not deliver four books to Henry concerns an event dated two days ago. This record does not establish that the event occurred.","Author: David. Record date: 2026-11-17. According to the record, my plan to not deliver four books to Henry concerns an event dated three days ago. This record does not establish that the event occurred.",True,,,
g11_iid_0058,iid,-1,M16,"Author: David. Record date: 2026-11-17. According to the record, my plan to not deliver four books to Henry concerns an event dated yesterday. This record does not establish that the event occurred.",,,"Author: David. Record date: 2026-11-17. According to the record, my plan to not deliver four books to Henry concerns an event dated two days ago. This record does not establish that the event occurred.",Author four days. Print three. According four daysToday four days,True,,,
g11_iid_0058,iid,-1,M02,"Author: David. Record date: 2026-11-17. According to the record, my plan to not deliver four books to Henry concerns an event dated yesterday. This record does not establish that the event occurred.",,,"Author: David. Record date: 2026-11-17. According to the record, my plan to not deliver four books to Henry concerns an event dated two days ago. This record does not establish that the event occurred.","Author: David. Record date: 2026-11-17. According to the record, my plan to not deliver four books to Henry concerns an event dated yesterday. This record does not establish that the event occurred.",True,,,
g11_iid_0058,iid,-1,M06,"Author: David. Record date: 2026-11-17. According to the record, my plan to not deliver four books to Henry concerns an event dated yesterday. This record does not establish that the event occurred.","Author: David. Record date: 2026-11-17. According to the record, my plan to not deliver four books to Henry concerns an event dated yesterday. This record does not establish that the event occurred.","[{""output"": ""Author: David. Record date: 2026-11-17. According to the record, my plan to not deliver four books to Henry concerns an event dated yesterday. This record does not establish that the event occurred."", ""frame"": {""view_date"": ""2026-11-23"", ""perspective"": ""first""}, ""target_text"": ""Author: David. Record date: 2026-11-17. According to the record, my plan to not deliver four books to Henry concerns an event dated yesterday. This record does not establish that the event occurred.""}]","Author: David. Record date: 2026-11-17. According to the record, my plan to not deliver four books to Henry concerns an event dated two days ago. This record does not establish that the event occurred.","Author: David. Record date: 2026-11-17. According to the record, my plan to not deliver four books to Henry concerns an event dated two days ago. This record does not establish that the event occurred.",True,,,
g11_iid_0058,iid,-1,M05,"Author: David. Record date: 2026-11-17. According to the record, my plan to not deliver four books to Henry concerns an event dated yesterday. This record does not establish that the event occurred.","Author: David. Record date: 2026-11-17. According to the record, my plan to not deliver four books to Henry concerns an event dated yesterday. This record does not establish that the event occurred.","[{""output"": ""Author: David. Record date: 2026-11-17. According to the record, my plan to not deliver four books to Henry concerns an event dated yesterday. This record does not establish that the event occurred."", ""frame"": {""view_date"": ""2026-11-23"", ""perspective"": ""first""}, ""target_text"": ""Author: David. Record date: 2026-11-17. According to the record, my plan to not deliver four books to Henry concerns an event dated yesterday. This record does not establish that the event occurred.""}]","Author: David. Record date: 2026-11-17. According to the record, my plan to not deliver four books to Henry concerns an event dated two days ago. This record does not establish that the event occurred.","Author: David. Record date: 2026-11-17. According to the record, my plan to not deliver four books to Henry concerns an event dated two days ago. This record does not establish that the event occurred.",True,,,
g11_iid_0058,iid,-1,M10,"Author: David. Record date: 2026-11-17. According to the record, my plan to not deliver four books to Henry concerns an event dated yesterday. This record does not establish that the event occurred.","Author: David. Record date: 2026-11-17. According to the record, my plan to not deliver four books to Henry concerns an event dated yesterday. This record does not establish that the event occurred.","[{""output"": ""Author: David. Record date: 2026-11-17. According to the record, my plan to not deliver four books to Henry concerns an event dated today. This record does not establish that the event occurred."", ""frame"": {""view_date"": ""2026-11-22"", ""perspective"": ""first""}, ""target_text"": ""Author: David. Record date: 2026-11-17. According to the record, my plan to not deliver four books to Henry concerns an event dated today. This record does not establish that the event occurred.""}, {""output"": ""Author: David. Record date: 2026-11-17. According to the record, my plan to not deliver four books to Henry concerns an event dated yesterday. This record does not establish that the event occurred."", ""frame"": {""view_date"": ""2026-11-23"", ""perspective"": ""first""}, ""target_text"": ""Author: David. Record date: 2026-11-17. According to the record, my plan to not deliver four books to Henry concerns an event dated yesterday. This record does not establish that the event occurred.""}]","Author: David. Record date: 2026-11-17. According to the record, my plan to not deliver four books to Henry concerns an event dated two days ago. This record does not establish that the event occurred.","Author: David. Record date: 2026-11-17. According to the record, my plan to not deliver four books to Henry concerns an event dated three days ago. This record does not establish that the event occurred.",True,,,
g11_iid_0058,iid,-2,M06,"Author: David. Record date: 2026-11-17. According to the record, my plan to not deliver four books to Henry concerns an event dated two days ago. This record does not establish that the event occurred.","Author: David. Record date: 2026-11-17. According to the record, my plan to not deliver four books to Henry concerns an event dated two days ago. This record does not establish that the event occurred.","[{""output"": ""Author: David. Record date: 2026-11-17. According to the record, my plan to not deliver four books to Henry concerns an event dated two days ago. This record does not establish that the event occurred."", ""frame"": {""view_date"": ""2026-11-24"", ""perspective"": ""first""}, ""target_text"": ""Author: David. Record date: 2026-11-17. According to the record, my plan to not deliver four books to Henry concerns an event dated two days ago. This record does not establish that the event occurred.""}]","Author: David. Record date: 2026-11-17. According to the record, my plan to not deliver four books to Henry concerns an event dated three days ago. This record does not establish that the event occurred.","Author: David. Record date: 2026-11-17. According to the record, my plan to not deliver four books to Henry concerns an event dated three days ago. This record does not establish that the event occurred.",True,,,
g11_iid_0058,iid,-2,M05,"Author: David. Record date: 2026-11-17. According to the record, my plan to not deliver four books to Henry concerns an event dated two days ago. This record does not establish that the event occurred.","Author: David. Record date: 2026-11-17. According to the record, my plan to not deliver four books to Henry concerns an event dated two days ago. This record does not establish that the event occurred.","[{""output"": ""Author: David. Record date: 2026-11-17. According to the record, my plan to not deliver four books to Henry concerns an event dated two days ago. This record does not establish that the event occurred."", ""frame"": {""view_date"": ""2026-11-24"", ""perspective"": ""first""}, ""target_text"": ""Author: David. Record date: 2026-11-17. According to the record, my plan to not deliver four books to Henry concerns an event dated two days ago. This record does not establish that the event occurred.""}]","Author: David. Record date: 2026-11-17. According to the record, my plan to not deliver four books to Henry concerns an event dated three days ago. This record does not establish that the event occurred.","Author: David. Record date: 2026-11-17. According to the record, my plan to not deliver four books to Henry concerns an event dated three days ago. This record does not establish that the event occurred.",True,,,
g11_iid_0058,iid,-2,M10,"Author: David. Record date: 2026-11-17. According to the record, my plan to not deliver four books to Henry concerns an event dated two days ago. This record does not establish that the event occurred.","Author: David. Record date: 2026-11-17. According to the record, my plan to not deliver four books to Henry concerns an event dated two days ago. This record does not establish that the event occurred.","[{""output"": ""Author: David. Record date: 2026-11-17. According to the record, my plan to not deliver four books to Henry concerns an event dated yesterday. This record does not establish that the event occurred."", ""frame"": {""view_date"": ""2026-11-23"", ""perspective"": ""first""}, ""target_text"": ""Author: David. Record date: 2026-11-17. According to the record, my plan to not deliver four books to Henry concerns an event dated yesterday. This record does not establish that the event occurred.""}, {""output"": ""Author: David. Record date: 2026-11-17. According to the record, my plan to not deliver four books to Henry concerns an event dated two days ago. This record does not establish that the event occurred."", ""frame"": {""view_date"": ""2026-11-24"", ""perspective"": ""first""}, ""target_text"": ""Author: David. Record date: 2026-11-17. According to the record, my plan to not deliver four books to Henry concerns an event dated two days ago. This record does not establish that the event occurred.""}]","Author: David. Record date: 2026-11-17. According to the record, my plan to not deliver four books to Henry concerns an event dated three days ago. This record does not establish that the event occurred.","Author: David. Record date: 2026-11-17. According to the record, my plan to not deliver four books to Henry concerns an event dated two days ago. This record does not establish that the event occurred.",True,,,
g11_iid_0058,iid,-1,M04,"Author: David. Record date: 2026-11-17. According to the record, my plan to not deliver four books to Henry concerns an event dated yesterday. This record does not establish that the event occurred.",,,"Author: David. Record date: 2026-11-17. According to the record, my plan to not deliver four books to Henry concerns an event dated two days ago. This record does not establish that the event occurred.","Author: David. Record date: 2026-11-17. According to the record, my plan to not deliver four books to Henry concerns an event dated two days ago. This record does not establish that the event occurred.",True,,,
g11_iid_0058,iid,-1,M11,"Author: David. Record date: 2026-11-17. According to the record, my plan to not deliver four books to Henry concerns an event dated yesterday. This record does not establish that the event occurred.",,,"Author: David. Record date: 2026-11-17. According to the record, my plan to not deliver four books to Henry concerns an event dated two days ago. This record does not establish that the event occurred.","Author: David. Record date: 2026-11-17. According to the record, my plan to not deliver four books to Henry concerns an event dated three days ago. This record does not establish that the event occurred.",True,,,
g11_iid_0058,iid,-1,M18,"Author: David. Record date: 2026-11-17. According to the record, my plan to not deliver four books to Henry concerns an event dated yesterday. This record does not establish that the event occurred.",,,"Author: David. Record date: 2026-11-17. According to the record, my plan to not deliver four books to Henry concerns an event dated two days ago. This record does not establish that the event occurred.", 3-4-4. Print four days three four days two days three days. This three four four days. four days four three days four days days. 4 three days three three days days three? four days 3 days three event four days 4 four days ago four days ...,True,,,
g11_iid_0058,iid,-1,M14,"Author: David. Record date: 2026-11-17. According to the record, my plan to not deliver four books to Henry concerns an event dated yesterday. This record does not establish that the event occurred.",,,"Author: David. Record date: 2026-11-17. According to the record, my plan to not deliver four books to Henry concerns an event dated two days ago. This record does not establish that the event occurred.","Author: David. Record date: 2026-11-17. According to the record, my plan to not deliver four books to Henry concerns an event dated yesterday. This record does not establish that the event occurred.",True,,,
g11_iid_0020,iid,-1,M19,"Author: David. Record date: 2026-11-08. The record contains an account of my plan to not give two books to Carol, with the event dated yesterday. This record does not establish that the event occurred.","Author: David. Record date: 2026-11-08. The record contains an account of my plan to not give two books to Carol, with the event dated yesterday. This record does not establish that the event occurred.","[{""output"": ""Author: David. Record date: 2026-11-08. The record contains an account of my plan to not give two books to Carol, with the event dated yesterday. This record does not establish that the event occurred."", ""frame"": {""view_date"": ""2026-11-14"", ""perspective"": ""first""}, ""target_text"": ""Author: David. Record date: 2026-11-08. The record contains an account of my plan to not give two books to Carol, with the event dated yesterday. This record does not establish that the event occurred.""}]","Author: David. Record date: 2026-11-08. The record contains an account of my plan to not give two books to Carol, with the event dated two days ago. This record does not establish that the event occurred.","Author: David. Record date: 2026-11-08. The record contains an account of my plan to not give two books to Carol, with the event dated two days ago. This record does not establish that the event occurred.",True,,,
g11_iid_0020,iid,-1,M08,"Author: David. Record date: 2026-11-08. The record contains an account of my plan to not give two books to Carol, with the event dated yesterday. This record does not establish that the event occurred.","Author: David. Record date: 2026-11-08. The record contains an account of my plan to not give two books to Carol, with the event dated yesterday. This record does not establish that the event occurred.","[{""output"": ""Author: David. Record date: 2026-11-08. The record contains an account of my plan to not give two books to Carol, with the event dated yesterday. This record does not establish that the event occurred."", ""frame"": {""view_date"": ""2026-11-14"", ""perspective"": ""first""}, ""target_text"": ""Author: David. Record date: 2026-11-08. The record contains an account of my plan to not give two books to Carol, with the event dated yesterday. This record does not establish that the event occurred.""}]","Author: David. Record date: 2026-11-08. The record contains an account of my plan to not give two books to Carol, with the event dated two days ago. This record does not establish that the event occurred.","Author: David. Record date: 2026-11-08. The record contains an account of my plan to not give two books to Carol, with the event dated two days ago. This record does not establish that the event occurred.",True,,,
g11_iid_0020,iid,-1,M09,"Author: David. Record date: 2026-11-08. The record contains an account of my plan to not give two books to Carol, with the event dated yesterday. This record does not establish that the event occurred.","Author: David. Record date: 2026-11-08. The record contains an account of my plan to not give two books to Carol, with the event dated yesterday. This record does not establish that the event occurred.","[{""output"": ""Author: David. Record date: 2026-11-08. The record contains an account of my plan to not give two books to Carol, with the event dated today. This record does not establish that the event occurred."", ""frame"": {""view_date"": ""2026-11-13"", ""perspective"": ""first""}, ""target_text"": ""Author: David. Record date: 2026-11-08. The record contains an account of my plan to not give two books to Carol, with the event dated today. This record does not establish that the event occurred.""}, {""output"": ""Author: David. Record date: 2026-11-08. The record contains an account of my plan to not give two books to Carol, with the event dated yesterday. This record does not establish that the event occurred."", ""frame"": {""view_date"": ""2026-11-14"", ""perspective"": ""first""}, ""target_text"": ""Author: David. Record date: 2026-11-08. The record contains an account of my plan to not give two books to Carol, with the event dated yesterday. This record does not establish that the event occurred.""}]","Author: David. Record date: 2026-11-08. The record contains an account of my plan to not give two books to Carol, with the event dated two days ago. This record does not establish that the event occurred.","Author: David. Record date: 2026-11-08. The record contains three days ago. The note contains an account of my plan to not give two books to Carol, with the event dated two days ago,. This record does not establish that the event occurred.",True,,,
g11_iid_0020,iid,-2,M19,"Author: David. Record date: 2026-11-08. The record contains an account of my plan to not give two books to Carol, with the event dated two days ago. This record does not establish that the event occurred.","Author: David. Record date: 2026-11-08. The record contains an account of my plan to not give two books to Carol, with the event dated two days ago. This record does not establish that the event occurred.","[{""output"": ""Author: David. Record date: 2026-11-08. The record contains an account of my plan to not give two books to Carol, with the event dated two days ago. This record does not establish that the event occurred."", ""frame"": {""view_date"": ""2026-11-15"", ""perspective"": ""first""}, ""target_text"": ""Author: David. Record date: 2026-11-08. The record contains an account of my plan to not give two books to Carol, with the event dated two days ago. This record does not establish that the event occurred.""}]","Author: David. Record date: 2026-11-08. The record contains an account of my plan to not give two books to Carol, with the event dated three days ago. This record does not establish that the event occurred.","Author: David. Record date: 2026-11-08. The record contains an account of my plan to not give two books to Carol, with the event dated three days ago. This record does not establish that the event occurred.",True,,,
g11_iid_0020,iid,-2,M08,"Author: David. Record date: 2026-11-08. The record contains an account of my plan to not give two books to Carol, with the event dated two days ago. This record does not establish that the event occurred.","Author: David. Record date: 2026-11-08. The record contains an account of my plan to not give two books to Carol, with the event dated two days ago. This record does not establish that the event occurred.","[{""output"": ""Author: David. Record date: 2026-11-08. The record contains an account of my plan to not give two books to Carol, with the event dated two days ago. This record does not establish that the event occurred."", ""frame"": {""view_date"": ""2026-11-15"", ""perspective"": ""first""}, ""target_text"": ""Author: David. Record date: 2026-11-08. The record contains an account of my plan to not give two books to Carol, with the event dated two days ago. This record does not establish that the event occurred.""}]","Author: David. Record date: 2026-11-08. The record contains an account of my plan to not give two books to Carol, with the event dated three days ago. This record does not establish that the event occurred.","Author: David. Record date: 2026-11-08. The record contains an account of my plan to not give two books to Carol, with the event dated three days ago. This record does not establish that the event occurred.",True,,,
g11_iid_0020,iid,-2,M09,"Author: David. Record date: 2026-11-08. The record contains an account of my plan to not give two books to Carol, with the event dated two days ago. This record does not establish that the event occurred.","Author: David. Record date: 2026-11-08. The record contains an account of my plan to not give two books to Carol, with the event dated two days ago. This record does not establish that the event occurred.","[{""output"": ""Author: David. Record date: 2026-11-08. The record contains an account of my plan to not give two books to Carol, with the event dated yesterday. This record does not establish that the event occurred."", ""frame"": {""view_date"": ""2026-11-14"", ""perspective"": ""first""}, ""target_text"": ""Author: David. Record date: 2026-11-08. The record contains an account of my plan to not give two books to Carol, with the event dated yesterday. This record does not establish that the event occurred.""}, {""output"": ""Author: David. Record date: 2026-11-08. The record contains an account of my plan to not give two books to Carol, with the event dated two days ago. This record does not establish that the event occurred."", ""frame"": {""view_date"": ""2026-11-15"", ""perspective"": ""first""}, ""target_text"": ""Author: David. Record date: 2026-11-08. The record contains an account of my plan to not give two books to Carol, with the event dated two days ago. This record does not establish that the event occurred.""}]","Author: David. Record date: 2026-11-08. The record contains an account of my plan to not give two books to Carol, with the event dated three days ago. This record does not establish that the event occurred.",Author: David. Record date: 2026-11-08. The record contains three days ago. The old three days old news today. These record does not establish that the event three days days ago four days ago three days three days four days three ago four. This record doesnot establish,True,,,
g11_iid_0020,iid,-1,M12,"Author: David. Record date: 2026-11-08. The record contains an account of my plan to not give two books to Carol, with the event dated yesterday. This record does not establish that the event occurred.",,,"Author: David. Record date: 2026-11-08. The record contains an account of my plan to not give two books to Carol, with the event dated two days ago. This record does not establish that the event occurred.","Author: David. Record date: 2026-11-08. The record contains an account of my plan to not give two books to Carol, with the event dated two days ago. This record does not establish that the event occurred.",True,,,
g11_iid_0020,iid,-1,M20,"Author: David. Record date: 2026-11-08. The record contains an account of my plan to not give two books to Carol, with the event dated yesterday. This record does not establish that the event occurred.",,,"Author: David. Record date: 2026-11-08. The record contains an account of my plan to not give two books to Carol, with the event dated two days ago. This record does not establish that the event occurred.","Author: David. Record date: 2026-11-08. The record contains three days ago. The note contains an account of my plan to not give two books to Carol, with the event dated two days ago,. This record does not establish that the event occurred.",True,,,
g11_iid_0020,iid,-1,M13,"Author: David. Record date: 2026-11-08. The record contains an account of my plan to not give two books to Carol, with the event dated yesterday. This record does not establish that the event occurred.",,,"Author: David. Record date: 2026-11-08. The record contains an account of my plan to not give two books to Carol, with the event dated two days ago. This record does not establish that the event occurred.",Author: three days two days. Record date two days three days ago. This record three days sorts three days today. This track two days sorts two days ago three days days. This note three three days does not establish three days' ago.' This record does not indicate three days three three-,True,,,
g11_iid_0020,iid,-1,M03,"Author: David. Record date: 2026-11-08. The record contains an account of my plan to not give two books to Carol, with the event dated yesterday. This record does not establish that the event occurred.",,,"Author: David. Record date: 2026-11-08. The record contains an account of my plan to not give two books to Carol, with the event dated two days ago. This record does not establish that the event occurred.","Author: David. Record date: 2026-11-08. The record contains an account of my plan to not give two books to Carol, with the event dated yesterday. This record does not establish that the event occurred.",True,,,
g11_iid_0020,iid,-1,M07,"Author: David. Record date: 2026-11-08. The record contains an account of my plan to not give two books to Carol, with the event dated yesterday. This record does not establish that the event occurred.","Author: David. Record date: 2026-11-08. The record contains an account of my plan to not give two books to Carol, with the event dated yesterday. This record does not establish that the event occurred.","[{""output"": ""Author: David. Record date: 2026-11-08. The record contains an account of my plan to not give two books to Carol, with the event dated yesterday. This record does not establish that the event occurred."", ""frame"": {""view_date"": ""2026-11-14"", ""perspective"": ""first""}, ""target_text"": ""Author: David. Record date: 2026-11-08. The record contains an account of my plan to not give two books to Carol, with the event dated yesterday. This record does not establish that the event occurred.""}]","Author: David. Record date: 2026-11-08. The record contains an account of my plan to not give two books to Carol, with the event dated two days ago. This record does not establish that the event occurred.","Author: David. Record date: 2026-11-08. The record contains an account of my plan to not give two books to Carol, with the event dated two days ago. This record does not establish that the event occurred.",True,,,
g11_iid_0020,iid,-1,M17,"Author: David. Record date: 2026-11-08. The record contains an account of my plan to not give two books to Carol, with the event dated yesterday. This record does not establish that the event occurred.","Author: David. Record date: 2026-11-08. The record contains an account of my plan to not give two books to Carol, with the event dated yesterday. This record does not establish that the event occurred.","[{""output"": ""Author: David. Record date: 2026-11-08. The record contains an account of my plan to not give two books to Carol, with the event dated yesterday. This record does not establish that the event occurred."", ""frame"": {""view_date"": ""2026-11-14"", ""perspective"": ""first""}, ""target_text"": ""Author: David. Record date: 2026-11-08. The record contains an account of my plan to not give two books to Carol, with the event dated yesterday. This record does not establish that the event occurred.""}]","Author: David. Record date: 2026-11-08. The record contains an account of my plan to not give two books to Carol, with the event dated two days ago. This record does not establish that the event occurred.","Author: David. Record date: 2026-11-08. The record contains an account of my plan to not give two books to Carol, with the event dated two days ago. This record does not establish that the event occurred.",True,,,
g11_iid_0020,iid,-1,M01,"Author: David. Record date: 2026-11-08. The record contains an account of my plan to not give two books to Carol, with the event dated yesterday. This record does not establish that the event occurred.","Author: David. Record date: 2026-11-08. The record contains an account of my plan to not give two books to Carol, with the event dated yesterday. This record does not establish that the event occurred.","[{""output"": ""Author: David. Record date: 2026-11-08. The record contains an account of my plan to not give two books to Carol, with the event dated today. This record does not establish that the event occurred."", ""frame"": {""view_date"": ""2026-11-13"", ""perspective"": ""first""}, ""target_text"": ""Author: David. Record date: 2026-11-08. The record contains an account of my plan to not give two books to Carol, with the event dated today. This record does not establish that the event occurred.""}, {""output"": ""Author: David. Record date: 2026-11-08. The record contains an account of my plan to not give two books to Carol, with the event dated yesterday. This record does not establish that the event occurred."", ""frame"": {""view_date"": ""2026-11-14"", ""perspective"": ""first""}, ""target_text"": ""Author: David. Record date: 2026-11-08. The record contains an account of my plan to not give two books to Carol, with the event dated yesterday. This record does not establish that the event occurred.""}]","Author: David. Record date: 2026-11-08. The record contains an account of my plan to not give two books to Carol, with the event dated two days ago. This record does not establish that the event occurred.","Author: David. Record date: 2026-11-08. The record contains an account of my plan to not give two books to Carol, with the event dated three days ago. This record does not establish that the event occurred.",True,,,
g11_iid_0020,iid,-2,M07,"Author: David. Record date: 2026-11-08. The record contains an account of my plan to not give two books to Carol, with the event dated two days ago. This record does not establish that the event occurred.","Author: David. Record date: 2026-11-08. The record contains an account of my plan to not give two books to Carol, with the event dated two days ago. This record does not establish that the event occurred.","[{""output"": ""Author: David. Record date: 2026-11-08. The record contains an account of my plan to not give two books to Carol, with the event dated two days ago. This record does not establish that the event occurred."", ""frame"": {""view_date"": ""2026-11-15"", ""perspective"": ""first""}, ""target_text"": ""Author: David. Record date: 2026-11-08. The record contains an account of my plan to not give two books to Carol, with the event dated two days ago. This record does not establish that the event occurred.""}]","Author: David. Record date: 2026-11-08. The record contains an account of my plan to not give two books to Carol, with the event dated three days ago. This record does not establish that the event occurred.","Author: David. Record date: 2026-11-08. The record contains an account of my plan to not give two books to Carol, with the event dated three days ago. This record does not establish that the event occurred.",True,,,
g11_iid_0020,iid,-2,M17,"Author: David. Record date: 2026-11-08. The record contains an account of my plan to not give two books to Carol, with the event dated two days ago. This record does not establish that the event occurred.","Author: David. Record date: 2026-11-08. The record contains an account of my plan to not give two books to Carol, with the event dated two days ago. This record does not establish that the event occurred.","[{""output"": ""Author: David. Record date: 2026-11-08. The record contains an account of my plan to not give two books to Carol, with the event dated two days ago. This record does not establish that the event occurred."", ""frame"": {""view_date"": ""2026-11-15"", ""perspective"": ""first""}, ""target_text"": ""Author: David. Record date: 2026-11-08. The record contains an account of my plan to not give two books to Carol, with the event dated two days ago. This record does not establish that the event occurred.""}]","Author: David. Record date: 2026-11-08. The record contains an account of my plan to not give two books to Carol, with the event dated three days ago. This record does not establish that the event occurred.","Author: David. Record date: 2026-11-08. The record contains an account of my plan to not give two books to Carol, with the event dated three days ago. This record does not establish that the event occurred.",True,,,
g11_iid_0020,iid,-2,M01,"Author: David. Record date: 2026-11-08. The record contains an account of my plan to not give two books to Carol, with the event dated two days ago. This record does not establish that the event occurred.","Author: David. Record date: 2026-11-08. The record contains an account of my plan to not give two books to Carol, with the event dated two days ago. This record does not establish that the event occurred.","[{""output"": ""Author: David. Record date: 2026-11-08. The record contains an account of my plan to not give two books to Carol, with the event dated yesterday. This record does not establish that the event occurred."", ""frame"": {""view_date"": ""2026-11-14"", ""perspective"": ""first""}, ""target_text"": ""Author: David. Record date: 2026-11-08. The record contains an account of my plan to not give two books to Carol, with the event dated yesterday. This record does not establish that the event occurred.""}, {""output"": ""Author: David. Record date: 2026-11-08. The record contains an account of my plan to not give two books to Carol, with the event dated two days ago. This record does not establish that the event occurred."", ""frame"": {""view_date"": ""2026-11-15"", ""perspective"": ""first""}, ""target_text"": ""Author: David. Record date: 2026-11-08. The record contains an account of my plan to not give two books to Carol, with the event dated two days ago. This record does not establish that the event occurred.""}]","Author: David. Record date: 2026-11-08. The record contains an account of my plan to not give two books to Carol, with the event dated three days ago. This record does not establish that the event occurred.","Author: David. Record date: 2026-11-08. The record contains an account of my plan to not give two books to Carol, with the event dated two days ago. This record does not establish that the event occurred.",True,,,
g11_iid_0020,iid,-1,M15,"Author: David. Record date: 2026-11-08. The record contains an account of my plan to not give two books to Carol, with the event dated yesterday. This record does not establish that the event occurred.",,,"Author: David. Record date: 2026-11-08. The record contains an account of my plan to not give two books to Carol, with the event dated two days ago. This record does not establish that the event occurred.","Author: David. Record date: 2026-11-08. The record contains an account of my plan to not give two books to Carol, with the event dated two days ago. This record does not establish that the event occurred.",True,,,
g11_iid_0020,iid,-1,M21,"Author: David. Record date: 2026-11-08. The record contains an account of my plan to not give two books to Carol, with the event dated yesterday. This record does not establish that the event occurred.",,,"Author: David. Record date: 2026-11-08. The record contains an account of my plan to not give two books to Carol, with the event dated two days ago. This record does not establish that the event occurred.","Author: David. Record date: 2026-11-08. The record contains an account of my plan to not give two books to Carol, with the event dated three days ago. This record does not establish that the event occurred.",True,,,
g11_iid_0020,iid,-1,M16,"Author: David. Record date: 2026-11-08. The record contains an account of my plan to not give two books to Carol, with the event dated yesterday. This record does not establish that the event occurred.",,,"Author: David. Record date: 2026-11-08. The record contains an account of my plan to not give two books to Carol, with the event dated two days ago. This record does not establish that the event occurred.",Author: David. The record four,True,,,
g11_iid_0020,iid,-1,M02,"Author: David. Record date: 2026-11-08. The record contains an account of my plan to not give two books to Carol, with the event dated yesterday. This record does not establish that the event occurred.",,,"Author: David. Record date: 2026-11-08. The record contains an account of my plan to not give two books to Carol, with the event dated two days ago. This record does not establish that the event occurred.","Author: David. Record date: 2026-11-08. The record contains an account of my plan to not give two books to Carol, with the event dated yesterday. This record does not establish that the event occurred.",True,,,
g11_iid_0020,iid,-1,M06,"Author: David. Record date: 2026-11-08. The record contains an account of my plan to not give two books to Carol, with the event dated yesterday. This record does not establish that the event occurred.","Author: David. Record date: 2026-11-08. The record contains an account of my plan to not give two books to Carol, with the event dated yesterday. This record does not establish that the event occurred.","[{""output"": ""Author: David. Record date: 2026-11-08. The record contains an account of my plan to not give two books to Carol, with the event dated yesterday. This record does not establish that the event occurred."", ""frame"": {""view_date"": ""2026-11-14"", ""perspective"": ""first""}, ""target_text"": ""Author: David. Record date: 2026-11-08. The record contains an account of my plan to not give two books to Carol, with the event dated yesterday. This record does not establish that the event occurred.""}]","Author: David. Record date: 2026-11-08. The record contains an account of my plan to not give two books to Carol, with the event dated two days ago. This record does not establish that the event occurred.","Author: David. Record date: 2026-11-08. The record contains an account of my plan to not give two books to Carol, with the event dated two days ago. This record does not establish that the event occurred.",True,,,
g11_iid_0020,iid,-1,M05,"Author: David. Record date: 2026-11-08. The record contains an account of my plan to not give two books to Carol, with the event dated yesterday. This record does not establish that the event occurred.","Author: David. Record date: 2026-11-08. The record contains an account of my plan to not give two books to Carol, with the event dated yesterday. This record does not establish that the event occurred.","[{""output"": ""Author: David. Record date: 2026-11-08. The record contains an account of my plan to not give two books to Carol, with the event dated yesterday. This record does not establish that the event occurred."", ""frame"": {""view_date"": ""2026-11-14"", ""perspective"": ""first""}, ""target_text"": ""Author: David. Record date: 2026-11-08. The record contains an account of my plan to not give two books to Carol, with the event dated yesterday. This record does not establish that the event occurred.""}]","Author: David. Record date: 2026-11-08. The record contains an account of my plan to not give two books to Carol, with the event dated two days ago. This record does not establish that the event occurred.","Author: David. Record date: 2026-11-08. The record contains an account of my plan to not give two books to Carol, with the event dated two days ago. This record does not establish that the event occurred.",True,,,
g11_iid_0020,iid,-1,M10,"Author: David. Record date: 2026-11-08. The record contains an account of my plan to not give two books to Carol, with the event dated yesterday. This record does not establish that the event occurred.","Author: David. Record date: 2026-11-08. The record contains an account of my plan to not give two books to Carol, with the event dated yesterday. This record does not establish that the event occurred.","[{""output"": ""Author: David. Record date: 2026-11-08. The record contains an account of my plan to not give two books to Carol, with the event dated today. This record does not establish that the event occurred."", ""frame"": {""view_date"": ""2026-11-13"", ""perspective"": ""first""}, ""target_text"": ""Author: David. Record date: 2026-11-08. The record contains an account of my plan to not give two books to Carol, with the event dated today. This record does not establish that the event occurred.""}, {""output"": ""Author: David. Record date: 2026-11-08. The record contains an account of my plan to not give two books to Carol, with the event dated yesterday. This record does not establish that the event occurred."", ""frame"": {""view_date"": ""2026-11-14"", ""perspective"": ""first""}, ""target_text"": ""Author: David. Record date: 2026-11-08. The record contains an account of my plan to not give two books to Carol, with the event dated yesterday. This record does not establish that the event occurred.""}]","Author: David. Record date: 2026-11-08. The record contains an account of my plan to not give two books to Carol, with the event dated two days ago. This record does not establish that the event occurred.","Author: David. Record date: 2026-11-08. The record contains an account of my plan to not give three books to Carol, with the event dated three days ago. This record does not establish that the event occurred.",True,,,
g11_iid_0020,iid,-2,M06,"Author: David. Record date: 2026-11-08. The record contains an account of my plan to not give two books to Carol, with the event dated two days ago. This record does not establish that the event occurred.","Author: David. Record date: 2026-11-08. The record contains an account of my plan to not give two books to Carol, with the event dated two days ago. This record does not establish that the event occurred.","[{""output"": ""Author: David. Record date: 2026-11-08. The record contains an account of my plan to not give two books to Carol, with the event dated two days ago. This record does not establish that the event occurred."", ""frame"": {""view_date"": ""2026-11-15"", ""perspective"": ""first""}, ""target_text"": ""Author: David. Record date: 2026-11-08. The record contains an account of my plan to not give two books to Carol, with the event dated two days ago. This record does not establish that the event occurred.""}]","Author: David. Record date: 2026-11-08. The record contains an account of my plan to not give two books to Carol, with the event dated three days ago. This record does not establish that the event occurred.","Author: David. Record date: 2026-11-08. The record contains an account of my plan to not give two books to Carol, with the event dated three days ago. This record does not establish that the event occurred.",True,,,
g11_iid_0020,iid,-2,M05,"Author: David. Record date: 2026-11-08. The record contains an account of my plan to not give two books to Carol, with the event dated two days ago. This record does not establish that the event occurred.","Author: David. Record date: 2026-11-08. The record contains an account of my plan to not give two books to Carol, with the event dated two days ago. This record does not establish that the event occurred.","[{""output"": ""Author: David. Record date: 2026-11-08. The record contains an account of my plan to not give two books to Carol, with the event dated two days ago. This record does not establish that the event occurred."", ""frame"": {""view_date"": ""2026-11-15"", ""perspective"": ""first""}, ""target_text"": ""Author: David. Record date: 2026-11-08. The record contains an account of my plan to not give two books to Carol, with the event dated two days ago. This record does not establish that the event occurred.""}]","Author: David. Record date: 2026-11-08. The record contains an account of my plan to not give two books to Carol, with the event dated three days ago. This record does not establish that the event occurred.","Author: David. Record date: 2026-11-08. The record contains an account of my plan to not give two books to Carol, with the event dated three days ago. This record does not establish that the event occurred.",True,,,
g11_iid_0020,iid,-2,M10,"Author: David. Record date: 2026-11-08. The record contains an account of my plan to not give two books to Carol, with the event dated two days ago. This record does not establish that the event occurred.","Author: David. Record date: 2026-11-08. The record contains an account of my plan to not give two books to Carol, with the event dated two days ago. This record does not establish that the event occurred.","[{""output"": ""Author: David. Record date: 2026-11-08. The record contains an account of my plan to not give two books to Carol, with the event dated yesterday. This record does not establish that the event occurred."", ""frame"": {""view_date"": ""2026-11-14"", ""perspective"": ""first""}, ""target_text"": ""Author: David. Record date: 2026-11-08. The record contains an account of my plan to not give two books to Carol, with the event dated yesterday. This record does not establish that the event occurred.""}, {""output"": ""Author: David. Record date: 2026-11-08. The record contains an account of my plan to not give two books to Carol, with the event dated two days ago. This record does not establish that the event occurred."", ""frame"": {""view_date"": ""2026-11-15"", ""perspective"": ""first""}, ""target_text"": ""Author: David. Record date: 2026-11-08. The record contains an account of my plan to not give two books to Carol, with the event dated two days ago. This record does not establish that the event occurred.""}]","Author: David. Record date: 2026-11-08. The record contains an account of my plan to not give two books to Carol, with the event dated three days ago. This record does not establish that the event occurred.","Author: David. Record date: 2026-11-08. The record contains an account of my plan to not give three books to Carol, with the event dated two days ago. This record does not establish that the event occurred.",True,,,
g11_iid_0020,iid,-1,M04,"Author: David. Record date: 2026-11-08. The record contains an account of my plan to not give two books to Carol, with the event dated yesterday. This record does not establish that the event occurred.",,,"Author: David. Record date: 2026-11-08. The record contains an account of my plan to not give two books to Carol, with the event dated two days ago. This record does not establish that the event occurred.","Author: David. Record date: 2026-11-08. The record contains an account of my plan to not give two books to Carol, with the event dated two days ago. This record does not establish that the event occurred.",True,,,
g11_iid_0020,iid,-1,M11,"Author: David. Record date: 2026-11-08. The record contains an account of my plan to not give two books to Carol, with the event dated yesterday. This record does not establish that the event occurred.",,,"Author: David. Record date: 2026-11-08. The record contains an account of my plan to not give two books to Carol, with the event dated two days ago. This record does not establish that the event occurred.","Author: David. Record date: 2026-11-08. The record contains an account of my plan to not give three books to Carol, with the event dated three days ago. This record does not establish that the event occurred.",True,,,
g11_iid_0020,iid,-1,M18,"Author: David. Record date: 2026-11-08. The record contains an account of my plan to not give two books to Carol, with the event dated yesterday. This record does not establish that the event occurred.",,,"Author: David. Record date: 2026-11-08. The record contains an account of my plan to not give two books to Carol, with the event dated two days ago. This record does not establish that the event occurred.",3-4-08. The record four four days two days two four days.,True,,,
g11_iid_0020,iid,-1,M14,"Author: David. Record date: 2026-11-08. The record contains an account of my plan to not give two books to Carol, with the event dated yesterday. This record does not establish that the event occurred.",,,"Author: David. Record date: 2026-11-08. The record contains an account of my plan to not give two books to Carol, with the event dated two days ago. This record does not establish that the event occurred.","Author: David. Record date: 2026-11-08. The record contains an account of my plan to not give two books to Carol, with the event dated yesterday. This record does not establish that the event occurred.",True,,,
g11_iid_0005,iid,-1,M19,"Author: Carol. Record date: 2026-10-28. In the record, my plan to send eight parcels to Alice has an event date of yesterday. This record does not establish that the event occurred.","Author: Carol. Record date: 2026-10-28. In the record, my plan to send eight parcels to Alice has an event date of yesterday. This record does not establish that the event occurred.","[{""output"": ""Author: Carol. Record date: 2026-10-28. In the record, my plan to send eight parcels to Alice has an event date of yesterday. This record does not establish that the event occurred."", ""frame"": {""view_date"": ""2026-11-03"", ""perspective"": ""first""}, ""target_text"": ""Author: Carol. Record date: 2026-10-28. In the record, my plan to send eight parcels to Alice has an event date of yesterday. This record does not establish that the event occurred.""}]","Author: Carol. Record date: 2026-10-28. In the record, my plan to send eight parcels to Alice has an event date of two days ago. This record does not establish that the event occurred.","Author: Carol. Record date: 2026-10-28. In the record, my plan to send eight parcels to Alice has an event date of two days ago. This record does not establish that the event occurred.",True,,,
g11_iid_0005,iid,-1,M08,"Author: Carol. Record date: 2026-10-28. In the record, my plan to send eight parcels to Alice has an event date of yesterday. This record does not establish that the event occurred.","Author: Carol. Record date: 2026-10-28. In the record, my plan to send eight parcels to Alice has an event date of yesterday. This record does not establish that the event occurred.","[{""output"": ""Author: Carol. Record date: 2026-10-28. In the record, my plan to send eight parcels to Alice has an event date of yesterday. This record does not establish that the event occurred."", ""frame"": {""view_date"": ""2026-11-03"", ""perspective"": ""first""}, ""target_text"": ""Author: Carol. Record date: 2026-10-28. In the record, my plan to send eight parcels to Alice has an event date of yesterday. This record does not establish that the event occurred.""}]","Author: Carol. Record date: 2026-10-28. In the record, my plan to send eight parcels to Alice has an event date of two days ago. This record does not establish that the event occurred.","Author: Carol. Record date: 2026-10-28. In the record, my plan to send eight parcels to Alice has an event date of two days ago. This record does not establish that the event occurred.",True,,,
g11_iid_0005,iid,-1,M09,"Author: Carol. Record date: 2026-10-28. In the record, my plan to send eight parcels to Alice has an event date of yesterday. This record does not establish that the event occurred.","Author: Carol. Record date: 2026-10-28. In the record, my plan to send eight parcels to Alice has an event date of yesterday. This record does not establish that the event occurred.","[{""output"": ""Author: Carol. Record date: 2026-10-28. In the record, my plan to send eight parcels to Alice has an event date of today. This record does not establish that the event occurred."", ""frame"": {""view_date"": ""2026-11-02"", ""perspective"": ""first""}, ""target_text"": ""Author: Carol. Record date: 2026-10-28. In the record, my plan to send eight parcels to Alice has an event date of today. This record does not establish that the event occurred.""}, {""output"": ""Author: Carol. Record date: 2026-10-28. In the record, my plan to send eight parcels to Alice has an event date of yesterday. This record does not establish that the event occurred."", ""frame"": {""view_date"": ""2026-11-03"", ""perspective"": ""first""}, ""target_text"": ""Author: Carol. Record date: 2026-10-28. In the record, my plan to send eight parcels to Alice has an event date of yesterday. This record does not establish that the event occurred.""}]","Author: Carol. Record date: 2026-10-28. In the record, my plan to send eight parcels to Alice has an event date of two days ago. This record does not establish that the event occurred.","Author: Carol. Record date: 2026-10-28. In the record, my plan to send eight parcels to three days ago has an event date of three days. This record does not establish that the event occurred.",True,,,
g11_iid_0005,iid,-2,M19,"Author: Carol. Record date: 2026-10-28. In the record, my plan to send eight parcels to Alice has an event date of two days ago. This record does not establish that the event occurred.","Author: Carol. Record date: 2026-10-28. In the record, my plan to send eight parcels to Alice has an event date of two days ago. This record does not establish that the event occurred.","[{""output"": ""Author: Carol. Record date: 2026-10-28. In the record, my plan to send eight parcels to Alice has an event date of two days ago. This record does not establish that the event occurred."", ""frame"": {""view_date"": ""2026-11-04"", ""perspective"": ""first""}, ""target_text"": ""Author: Carol. Record date: 2026-10-28. In the record, my plan to send eight parcels to Alice has an event date of two days ago. This record does not establish that the event occurred.""}]","Author: Carol. Record date: 2026-10-28. In the record, my plan to send eight parcels to Alice has an event date of three days ago. This record does not establish that the event occurred.","Author: Carol. Record date: 2026-10-28. In the record, my plan to send eight parcels to Alice has an event date of three days ago. This record does not establish that the event occurred.",True,,,
g11_iid_0005,iid,-2,M08,"Author: Carol. Record date: 2026-10-28. In the record, my plan to send eight parcels to Alice has an event date of two days ago. This record does not establish that the event occurred.","Author: Carol. Record date: 2026-10-28. In the record, my plan to send eight parcels to Alice has an event date of two days ago. This record does not establish that the event occurred.","[{""output"": ""Author: Carol. Record date: 2026-10-28. In the record, my plan to send eight parcels to Alice has an event date of two days ago. This record does not establish that the event occurred."", ""frame"": {""view_date"": ""2026-11-04"", ""perspective"": ""first""}, ""target_text"": ""Author: Carol. Record date: 2026-10-28. In the record, my plan to send eight parcels to Alice has an event date of two days ago. This record does not establish that the event occurred.""}]","Author: Carol. Record date: 2026-10-28. In the record, my plan to send eight parcels to Alice has an event date of three days ago. This record does not establish that the event occurred.","Author: Carol. Record date: 2026-10-28. In the record, my plan to send eight parcels to Alice has an event date of three days ago. This record does not establish that the event occurred.",True,,,
g11_iid_0005,iid,-2,M09,"Author: Carol. Record date: 2026-10-28. In the record, my plan to send eight parcels to Alice has an event date of two days ago. This record does not establish that the event occurred.","Author: Carol. Record date: 2026-10-28. In the record, my plan to send eight parcels to Alice has an event date of two days ago. This record does not establish that the event occurred.","[{""output"": ""Author: Carol. Record date: 2026-10-28. In the record, my plan to send eight parcels to Alice has an event date of yesterday. This record does not establish that the event occurred."", ""frame"": {""view_date"": ""2026-11-03"", ""perspective"": ""first""}, ""target_text"": ""Author: Carol. Record date: 2026-10-28. In the record, my plan to send eight parcels to Alice has an event date of yesterday. This record does not establish that the event occurred.""}, {""output"": ""Author: Carol. Record date: 2026-10-28. In the record, my plan to send eight parcels to Alice has an event date of two days ago. This record does not establish that the event occurred."", ""frame"": {""view_date"": ""2026-11-04"", ""perspective"": ""first""}, ""target_text"": ""Author: Carol. Record date: 2026-10-28. In the record, my plan to send eight parcels to Alice has an event date of two days ago. This record does not establish that the event occurred.""}]","Author: Carol. Record date: 2026-10-28. In the record, my plan to send eight parcels to Alice has an event date of three days ago. This record does not establish that the event occurred.","Author: Carol. Record date: 2026-10-28. In the record, my plan to send eight parcels to three days ago has an event date three days. This record does not establish that the event occurred.",True,,,
g11_iid_0005,iid,-1,M12,"Author: Carol. Record date: 2026-10-28. In the record, my plan to send eight parcels to Alice has an event date of yesterday. This record does not establish that the event occurred.",,,"Author: Carol. Record date: 2026-10-28. In the record, my plan to send eight parcels to Alice has an event date of two days ago. This record does not establish that the event occurred.","Author: Carol. Record date: 2026-10-28. In the record, my plan to send eight parcels to Alice has an event date of two days ago. This record does not establish that the event occurred.",True,,,
g11_iid_0005,iid,-1,M20,"Author: Carol. Record date: 2026-10-28. In the record, my plan to send eight parcels to Alice has an event date of yesterday. This record does not establish that the event occurred.",,,"Author: Carol. Record date: 2026-10-28. In the record, my plan to send eight parcels to Alice has an event date of two days ago. This record does not establish that the event occurred.","Author: Carol. Record date: 2026-10-28. In the record, my plan to send eight parcels to three days ago has an event date of three days. This record does not establish that the event occurred.",True,,,
g11_iid_0005,iid,-1,M13,"Author: Carol. Record date: 2026-10-28. In the record, my plan to send eight parcels to Alice has an event date of yesterday. This record does not establish that the event occurred.",,,"Author: Carol. Record date: 2026-10-28. In the record, my plan to send eight parcels to Alice has an event date of two days ago. This record does not establish that the event occurred.","Author: three days ago. Record date three days days ago? In three days, my plan three days three days old. In three files ago three days today. This record does not establish that the three days",True,,,
g11_iid_0005,iid,-1,M03,"Author: Carol. Record date: 2026-10-28. In the record, my plan to send eight parcels to Alice has an event date of yesterday. This record does not establish that the event occurred.",,,"Author: Carol. Record date: 2026-10-28. In the record, my plan to send eight parcels to Alice has an event date of two days ago. This record does not establish that the event occurred.","Author: Carol. Record date: 2026-10-28. In the record, my plan to send eight parcels to Alice has an event date of yesterday. This record does not establish that the event occurred.",True,,,
g11_iid_0005,iid,-1,M07,"Author: Carol. Record date: 2026-10-28. In the record, my plan to send eight parcels to Alice has an event date of yesterday. This record does not establish that the event occurred.","Author: Carol. Record date: 2026-10-28. In the record, my plan to send eight parcels to Alice has an event date of yesterday. This record does not establish that the event occurred.","[{""output"": ""Author: Carol. Record date: 2026-10-28. In the record, my plan to send eight parcels to Alice has an event date of yesterday. This record does not establish that the event occurred."", ""frame"": {""view_date"": ""2026-11-03"", ""perspective"": ""first""}, ""target_text"": ""Author: Carol. Record date: 2026-10-28. In the record, my plan to send eight parcels to Alice has an event date of yesterday. This record does not establish that the event occurred.""}]","Author: Carol. Record date: 2026-10-28. In the record, my plan to send eight parcels to Alice has an event date of two days ago. This record does not establish that the event occurred.","Author: Carol. Record date: 2026-10-28. In the record, my plan to send eight parcels to Alice has an event date of two days ago. This record does not establish that the event occurred.",True,,,
g11_iid_0005,iid,-1,M17,"Author: Carol. Record date: 2026-10-28. In the record, my plan to send eight parcels to Alice has an event date of yesterday. This record does not establish that the event occurred.","Author: Carol. Record date: 2026-10-28. In the record, my plan to send eight parcels to Alice has an event date of yesterday. This record does not establish that the event occurred.","[{""output"": ""Author: Carol. Record date: 2026-10-28. In the record, my plan to send eight parcels to Alice has an event date of yesterday. This record does not establish that the event occurred."", ""frame"": {""view_date"": ""2026-11-03"", ""perspective"": ""first""}, ""target_text"": ""Author: Carol. Record date: 2026-10-28. In the record, my plan to send eight parcels to Alice has an event date of yesterday. This record does not establish that the event occurred.""}]","Author: Carol. Record date: 2026-10-28. In the record, my plan to send eight parcels to Alice has an event date of two days ago. This record does not establish that the event occurred.","Author: Carol. Record date: 2026-10-28. In the record, my plan to send eight parcels to Alice has an event date of two days ago. This record does not establish that the event occurred.",True,,,
g11_iid_0005,iid,-1,M01,"Author: Carol. Record date: 2026-10-28. In the record, my plan to send eight parcels to Alice has an event date of yesterday. This record does not establish that the event occurred.","Author: Carol. Record date: 2026-10-28. In the record, my plan to send eight parcels to Alice has an event date of yesterday. This record does not establish that the event occurred.","[{""output"": ""Author: Carol. Record date: 2026-10-28. In the record, my plan to send eight parcels to Alice has an event date of today. This record does not establish that the event occurred."", ""frame"": {""view_date"": ""2026-11-02"", ""perspective"": ""first""}, ""target_text"": ""Author: Carol. Record date: 2026-10-28. In the record, my plan to send eight parcels to Alice has an event date of today. This record does not establish that the event occurred.""}, {""output"": ""Author: Carol. Record date: 2026-10-28. In the record, my plan to send eight parcels to Alice has an event date of yesterday. This record does not establish that the event occurred."", ""frame"": {""view_date"": ""2026-11-03"", ""perspective"": ""first""}, ""target_text"": ""Author: Carol. Record date: 2026-10-28. In the record, my plan to send eight parcels to Alice has an event date of yesterday. This record does not establish that the event occurred.""}]","Author: Carol. Record date: 2026-10-28. In the record, my plan to send eight parcels to Alice has an event date of two days ago. This record does not establish that the event occurred.","Author: Carol. Record date: 2026-10-28. In the record, my plan to send eight parcels to Alice has an event date of three days ago. This record does not establish that the event occurred.",True,,,
g11_iid_0005,iid,-2,M07,"Author: Carol. Record date: 2026-10-28. In the record, my plan to send eight parcels to Alice has an event date of two days ago. This record does not establish that the event occurred.","Author: Carol. Record date: 2026-10-28. In the record, my plan to send eight parcels to Alice has an event date of two days ago. This record does not establish that the event occurred.","[{""output"": ""Author: Carol. Record date: 2026-10-28. In the record, my plan to send eight parcels to Alice has an event date of two days ago. This record does not establish that the event occurred."", ""frame"": {""view_date"": ""2026-11-04"", ""perspective"": ""first""}, ""target_text"": ""Author: Carol. Record date: 2026-10-28. In the record, my plan to send eight parcels to Alice has an event date of two days ago. This record does not establish that the event occurred.""}]","Author: Carol. Record date: 2026-10-28. In the record, my plan to send eight parcels to Alice has an event date of three days ago. This record does not establish that the event occurred.","Author: Carol. Record date: 2026-10-28. In the record, my plan to send eight parcels to Alice has an event date of three days ago. This record does not establish that the event occurred.",True,,,
g11_iid_0005,iid,-2,M17,"Author: Carol. Record date: 2026-10-28. In the record, my plan to send eight parcels to Alice has an event date of two days ago. This record does not establish that the event occurred.","Author: Carol. Record date: 2026-10-28. In the record, my plan to send eight parcels to Alice has an event date of two days ago. This record does not establish that the event occurred.","[{""output"": ""Author: Carol. Record date: 2026-10-28. In the record, my plan to send eight parcels to Alice has an event date of two days ago. This record does not establish that the event occurred."", ""frame"": {""view_date"": ""2026-11-04"", ""perspective"": ""first""}, ""target_text"": ""Author: Carol. Record date: 2026-10-28. In the record, my plan to send eight parcels to Alice has an event date of two days ago. This record does not establish that the event occurred.""}]","Author: Carol. Record date: 2026-10-28. In the record, my plan to send eight parcels to Alice has an event date of three days ago. This record does not establish that the event occurred.","Author: Carol. Record date: 2026-10-28. In the record, my plan to send eight parcels to Alice has an event date of three days ago. This record does not establish that the event occurred.",True,,,
g11_iid_0005,iid,-2,M01,"Author: Carol. Record date: 2026-10-28. In the record, my plan to send eight parcels to Alice has an event date of two days ago. This record does not establish that the event occurred.","Author: Carol. Record date: 2026-10-28. In the record, my plan to send eight parcels to Alice has an event date of two days ago. This record does not establish that the event occurred.","[{""output"": ""Author: Carol. Record date: 2026-10-28. In the record, my plan to send eight parcels to Alice has an event date of yesterday. This record does not establish that the event occurred."", ""frame"": {""view_date"": ""2026-11-03"", ""perspective"": ""first""}, ""target_text"": ""Author: Carol. Record date: 2026-10-28. In the record, my plan to send eight parcels to Alice has an event date of yesterday. This record does not establish that the event occurred.""}, {""output"": ""Author: Carol. Record date: 2026-10-28. In the record, my plan to send eight parcels to Alice has an event date of two days ago. This record does not establish that the event occurred."", ""frame"": {""view_date"": ""2026-11-04"", ""perspective"": ""first""}, ""target_text"": ""Author: Carol. Record date: 2026-10-28. In the record, my plan to send eight parcels to Alice has an event date of two days ago. This record does not establish that the event occurred.""}]","Author: Carol. Record date: 2026-10-28. In the record, my plan to send eight parcels to Alice has an event date of three days ago. This record does not establish that the event occurred.","Author: Carol. Record date: 2026-10-28. In the record, my plan to send eight parcels to Alice has an event date of three days ago. This record does not establish that the event occurred.",True,,,
g11_iid_0005,iid,-1,M15,"Author: Carol. Record date: 2026-10-28. In the record, my plan to send eight parcels to Alice has an event date of yesterday. This record does not establish that the event occurred.",,,"Author: Carol. Record date: 2026-10-28. In the record, my plan to send eight parcels to Alice has an event date of two days ago. This record does not establish that the event occurred.","Author: Carol. Record date: 2026-10-28. In the record, my plan to send eight parcels to Alice has an event date of two days ago. This record does not establish that the event occurred.",True,,,
g11_iid_0005,iid,-1,M21,"Author: Carol. Record date: 2026-10-28. In the record, my plan to send eight parcels to Alice has an event date of yesterday. This record does not establish that the event occurred.",,,"Author: Carol. Record date: 2026-10-28. In the record, my plan to send eight parcels to Alice has an event date of two days ago. This record does not establish that the event occurred.","Author: Carol. Record date: 2026-10-28. In the record, my plan to send eight parcels to Alice has an event date of three days ago. This record does not establish that the event occurred.",True,,,
g11_iid_0005,iid,-1,M16,"Author: Carol. Record date: 2026-10-28. In the record, my plan to send eight parcels to Alice has an event date of yesterday. This record does not establish that the event occurred.",,,"Author: Carol. Record date: 2026-10-28. In the record, my plan to send eight parcels to Alice has an event date of two days ago. This record does not establish that the event occurred.",Four days four days days. In four. This record does not four four days ago,True,,,
g11_iid_0005,iid,-1,M02,"Author: Carol. Record date: 2026-10-28. In the record, my plan to send eight parcels to Alice has an event date of yesterday. This record does not establish that the event occurred.",,,"Author: Carol. Record date: 2026-10-28. In the record, my plan to send eight parcels to Alice has an event date of two days ago. This record does not establish that the event occurred.","Author: Carol. Record date: 2026-10-28. In the record, my plan to send eight parcels to Alice has an event date of yesterday. This record does not establish that the event occurred.",True,,,
g11_iid_0005,iid,-1,M06,"Author: Carol. Record date: 2026-10-28. In the record, my plan to send eight parcels to Alice has an event date of yesterday. This record does not establish that the event occurred.","Author: Carol. Record date: 2026-10-28. In the record, my plan to send eight parcels to Alice has an event date of yesterday. This record does not establish that the event occurred.","[{""output"": ""Author: Carol. Record date: 2026-10-28. In the record, my plan to send eight parcels to Alice has an event date of yesterday. This record does not establish that the event occurred."", ""frame"": {""view_date"": ""2026-11-03"", ""perspective"": ""first""}, ""target_text"": ""Author: Carol. Record date: 2026-10-28. In the record, my plan to send eight parcels to Alice has an event date of yesterday. This record does not establish that the event occurred.""}]","Author: Carol. Record date: 2026-10-28. In the record, my plan to send eight parcels to Alice has an event date of two days ago. This record does not establish that the event occurred.","Author: Carol. Record date: 2026-10-28. In the record, my plan to send eight parcels to Alice has an event date of two days ago. This record does not establish that the event occurred.",True,,,
g11_iid_0005,iid,-1,M05,"Author: Carol. Record date: 2026-10-28. In the record, my plan to send eight parcels to Alice has an event date of yesterday. This record does not establish that the event occurred.","Author: Carol. Record date: 2026-10-28. In the record, my plan to send eight parcels to Alice has an event date of yesterday. This record does not establish that the event occurred.","[{""output"": ""Author: Carol. Record date: 2026-10-28. In the record, my plan to send eight parcels to Alice has an event date of yesterday. This record does not establish that the event occurred."", ""frame"": {""view_date"": ""2026-11-03"", ""perspective"": ""first""}, ""target_text"": ""Author: Carol. Record date: 2026-10-28. In the record, my plan to send eight parcels to Alice has an event date of yesterday. This record does not establish that the event occurred.""}]","Author: Carol. Record date: 2026-10-28. In the record, my plan to send eight parcels to Alice has an event date of two days ago. This record does not establish that the event occurred.","Author: Carol. Record date: 2026-10-28. In the record, my plan to send eight parcels to Alice has an event date of two days ago. This record does not establish that the event occurred.",True,,,
g11_iid_0005,iid,-1,M10,"Author: Carol. Record date: 2026-10-28. In the record, my plan to send eight parcels to Alice has an event date of yesterday. This record does not establish that the event occurred.","Author: Carol. Record date: 2026-10-28. In the record, my plan to send eight parcels to Alice has an event date of yesterday. This record does not establish that the event occurred.","[{""output"": ""Author: Carol. Record date: 2026-10-28. In the record, my plan to send eight parcels to Alice has an event date of today. This record does not establish that the event occurred."", ""frame"": {""view_date"": ""2026-11-02"", ""perspective"": ""first""}, ""target_text"": ""Author: Carol. Record date: 2026-10-28. In the record, my plan to send eight parcels to Alice has an event date of today. This record does not establish that the event occurred.""}, {""output"": ""Author: Carol. Record date: 2026-10-28. In the record, my plan to send eight parcels to Alice has an event date of yesterday. This record does not establish that the event occurred."", ""frame"": {""view_date"": ""2026-11-03"", ""perspective"": ""first""}, ""target_text"": ""Author: Carol. Record date: 2026-10-28. In the record, my plan to send eight parcels to Alice has an event date of yesterday. This record does not establish that the event occurred.""}]","Author: Carol. Record date: 2026-10-28. In the record, my plan to send eight parcels to Alice has an event date of two days ago. This record does not establish that the event occurred.","Author: Carol. Record date: 2026-10-28. In the record, my plan to send eight parcels to Alice has an event date of three days ago. This record does not establish that the event occurred.",True,,,
g11_iid_0005,iid,-2,M06,"Author: Carol. Record date: 2026-10-28. In the record, my plan to send eight parcels to Alice has an event date of two days ago. This record does not establish that the event occurred.","Author: Carol. Record date: 2026-10-28. In the record, my plan to send eight parcels to Alice has an event date of two days ago. This record does not establish that the event occurred.","[{""output"": ""Author: Carol. Record date: 2026-10-28. In the record, my plan to send eight parcels to Alice has an event date of two days ago. This record does not establish that the event occurred."", ""frame"": {""view_date"": ""2026-11-04"", ""perspective"": ""first""}, ""target_text"": ""Author: Carol. Record date: 2026-10-28. In the record, my plan to send eight parcels to Alice has an event date of two days ago. This record does not establish that the event occurred.""}]","Author: Carol. Record date: 2026-10-28. In the record, my plan to send eight parcels to Alice has an event date of three days ago. This record does not establish that the event occurred.","Author: Carol. Record date: 2026-10-28. In the record, my plan to send eight parcels to Alice has an event date of three days ago. This record does not establish that the event occurred.",True,,,
g11_iid_0005,iid,-2,M05,"Author: Carol. Record date: 2026-10-28. In the record, my plan to send eight parcels to Alice has an event date of two days ago. This record does not establish that the event occurred.","Author: Carol. Record date: 2026-10-28. In the record, my plan to send eight parcels to Alice has an event date of two days ago. This record does not establish that the event occurred.","[{""output"": ""Author: Carol. Record date: 2026-10-28. In the record, my plan to send eight parcels to Alice has an event date of two days ago. This record does not establish that the event occurred."", ""frame"": {""view_date"": ""2026-11-04"", ""perspective"": ""first""}, ""target_text"": ""Author: Carol. Record date: 2026-10-28. In the record, my plan to send eight parcels to Alice has an event date of two days ago. This record does not establish that the event occurred.""}]","Author: Carol. Record date: 2026-10-28. In the record, my plan to send eight parcels to Alice has an event date of three days ago. This record does not establish that the event occurred.","Author: Carol. Record date: 2026-10-28. In the record, my plan to send eight parcels to Alice has an event date of three days ago. This record does not establish that the event occurred.",True,,,
g11_iid_0005,iid,-2,M10,"Author: Carol. Record date: 2026-10-28. In the record, my plan to send eight parcels to Alice has an event date of two days ago. This record does not establish that the event occurred.","Author: Carol. Record date: 2026-10-28. In the record, my plan to send eight parcels to Alice has an event date of two days ago. This record does not establish that the event occurred.","[{""output"": ""Author: Carol. Record date: 2026-10-28. In the record, my plan to send eight parcels to Alice has an event date of yesterday. This record does not establish that the event occurred."", ""frame"": {""view_date"": ""2026-11-03"", ""perspective"": ""first""}, ""target_text"": ""Author: Carol. Record date: 2026-10-28. In the record, my plan to send eight parcels to Alice has an event date of yesterday. This record does not establish that the event occurred.""}, {""output"": ""Author: Carol. Record date: 2026-10-28. In the record, my plan to send eight parcels to Alice has an event date of two days ago. This record does not establish that the event occurred."", ""frame"": {""view_date"": ""2026-11-04"", ""perspective"": ""first""}, ""target_text"": ""Author: Carol. Record date: 2026-10-28. In the record, my plan to send eight parcels to Alice has an event date of two days ago. This record does not establish that the event occurred.""}]","Author: Carol. Record date: 2026-10-28. In the record, my plan to send eight parcels to Alice has an event date of three days ago. This record does not establish that the event occurred.","Author: Carol. Record date: 2026-10-28. In the record, my plan to send eight parcels to Alice has an event date of three days ago. This record does not establish that the event occurred.",True,,,
g11_iid_0005,iid,-1,M04,"Author: Carol. Record date: 2026-10-28. In the record, my plan to send eight parcels to Alice has an event date of yesterday. This record does not establish that the event occurred.",,,"Author: Carol. Record date: 2026-10-28. In the record, my plan to send eight parcels to Alice has an event date of two days ago. This record does not establish that the event occurred.","Author: Carol. Record date: 2026-10-28. In the record, my plan to send eight parcels to Alice has an event date of two days ago. This record does not establish that the event occurred.",True,,,
g11_iid_0005,iid,-1,M11,"Author: Carol. Record date: 2026-10-28. In the record, my plan to send eight parcels to Alice has an event date of yesterday. This record does not establish that the event occurred.",,,"Author: Carol. Record date: 2026-10-28. In the record, my plan to send eight parcels to Alice has an event date of two days ago. This record does not establish that the event occurred.","Author: Carol. Record date: 2026-10-28. In the record, my plan to send eight parcels to Alice has an event date of three days ago. This record does not establish that the event occurred.",True,,,
g11_iid_0005,iid,-1,M18,"Author: Carol. Record date: 2026-10-28. In the record, my plan to send eight parcels to Alice has an event date of yesterday. This record does not establish that the event occurred.",,,"Author: Carol. Record date: 2026-10-28. In the record, my plan to send eight parcels to Alice has an event date of two days ago. This record does not establish that the event occurred."," 3-4-4. In the record, these four days two days. This three days four",True,,,
g11_iid_0005,iid,-1,M14,"Author: Carol. Record date: 2026-10-28. In the record, my plan to send eight parcels to Alice has an event date of yesterday. This record does not establish that the event occurred.",,,"Author: Carol. Record date: 2026-10-28. In the record, my plan to send eight parcels to Alice has an event date of two days ago. This record does not establish that the event occurred.","Author: Carol. Record date: 2026-10-28. In the record, my plan to send eight parcels to Alice has an event date of yesterday. This record does not establish that the event occurred.",True,,,
g11_template_ood_0043,template_ood,-1,M19,Author: Alice. Record date: 2026-11-28. The event date assigned in the record to my plan to deliver two books to Bob is yesterday. This record does not establish that the event occurred.,Author: Alice. Record date: 2026-11-28. The event date assigned in the record to my plan to deliver two books to Bob is yesterday. This record does not establish that the event occurred.,"[{""output"": ""Author: Alice. Record date: 2026-11-28. The event date assigned in the record to my plan to deliver two books to Bob is yesterday. This record does not establish that the event occurred."", ""frame"": {""view_date"": ""2026-12-04"", ""perspective"": ""first""}, ""target_text"": ""Author: Alice. Record date: 2026-11-28. The event date assigned in the record to my plan to deliver two books to Bob is yesterday. This record does not establish that the event occurred.""}]",Author: Alice. Record date: 2026-11-28. The event date assigned in the record to my plan to deliver two books to Bob is two days ago. This record does not establish that the event occurred.,Author: Alice. Record date: 2026-11-28. The event date assigned in the record to my plan to deliver two books to Bob is two days ago. This record does not establish that the event occurred.,False,,,
g11_template_ood_0043,template_ood,-1,M08,Author: Alice. Record date: 2026-11-28. The event date assigned in the record to my plan to deliver two books to Bob is yesterday. This record does not establish that the event occurred.,Author: Alice. Record date: 2026-11-28. The event date assigned in the record to my plan to deliver two books to Bob is today. This record does not establish that the event occurred.,"[{""output"": ""Author: Alice. Record date: 2026-11-28. The event date assigned in the record to my plan to deliver two books to Bob is today. This record does not establish that the event occurred."", ""frame"": {""view_date"": ""2026-12-04"", ""perspective"": ""first""}, ""target_text"": ""Author: Alice. Record date: 2026-11-28. The event date assigned in the record to my plan to deliver two books to Bob is yesterday. This record does not establish that the event occurred.""}]",Author: Alice. Record date: 2026-11-28. The event date assigned in the record to my plan to deliver two books to Bob is two days ago. This record does not establish that the event occurred.,Author: Alice. Record date: 2026-11-28. The event date assigned in the record to my plan to deliver two books to Bob is today. This record does not establish that the event occurred.,False,,,
g11_template_ood_0043,template_ood,-1,M09,Author: Alice. Record date: 2026-11-28. The event date assigned in the record to my plan to deliver two books to Bob is yesterday. This record does not establish that the event occurred.,Author: Alice. Record date: 2026-11-28. The event date assigned in the record to my plan to deliver two books to Bob is today. This record does not establish that the event occurred.,"[{""output"": ""Author: Alice. Record date: 2026-11-28. The event date assigned in the record to my plan to deliver two books to Bob is today. This record does not establish that the event occurred."", ""frame"": {""view_date"": ""2026-12-03"", ""perspective"": ""first""}, ""target_text"": ""Author: Alice. Record date: 2026-11-28. The event date assigned in the record to my plan to deliver two books to Bob is today. This record does not establish that the event occurred.""}, {""output"": ""Author: Alice. Record date: 2026-11-28. The event date assigned in the record to my plan to deliver two books to Bob is today. This record does not establish that the event occurred."", ""frame"": {""view_date"": ""2026-12-04"", ""perspective"": ""first""}, ""target_text"": ""Author: Alice. Record date: 2026-11-28. The event date assigned in the record to my plan to deliver two books to Bob is yesterday. This record does not establish that the event occurred.""}]",Author: Alice. Record date: 2026-11-28. The event date assigned in the record to my plan to deliver two books to Bob is two days ago. This record does not establish that the event occurred.,Author: Alice. Record date: 2026-11-28. The event date assigned in the record to my plan to deliver two books to Bob is three days ago. This record does not establish that the event occurred.,False,,,
g11_template_ood_0043,template_ood,-2,M19,Author: Alice. Record date: 2026-11-28. The event date assigned in the record to my plan to deliver two books to Bob is two days ago. This record does not establish that the event occurred.,Author: Alice. Record date: 2026-11-28. The event date assigned in the record to my plan to deliver two books to Bob is two days ago. This record does not establish that the event occurred.,"[{""output"": ""Author: Alice. Record date: 2026-11-28. The event date assigned in the record to my plan to deliver two books to Bob is two days ago. This record does not establish that the event occurred."", ""frame"": {""view_date"": ""2026-12-05"", ""perspective"": ""first""}, ""target_text"": ""Author: Alice. Record date: 2026-11-28. The event date assigned in the record to my plan to deliver two books to Bob is two days ago. This record does not establish that the event occurred.""}]",Author: Alice. Record date: 2026-11-28. The event date assigned in the record to my plan to deliver two books to Bob is three days ago. This record does not establish that the event occurred.,Author: Alice. Record date: 2026-11-28. The event date assigned in the record to my plan to deliver two books to Bob is two days ago. This record does not establish that the event occurred.,False,,,
g11_template_ood_0043,template_ood,-2,M08,Author: Alice. Record date: 2026-11-28. The event date assigned in the record to my plan to deliver two books to Bob is two days ago. This record does not establish that the event occurred.,Author: Alice. Record date: 2026-11-28. The event date assigned in the record to my plan to deliver two books to Bob is two days ago. This record does not establish that the event occurred.,"[{""output"": ""Author: Alice. Record date: 2026-11-28. The event date assigned in the record to my plan to deliver two books to Bob is two days ago. This record does not establish that the event occurred."", ""frame"": {""view_date"": ""2026-12-05"", ""perspective"": ""first""}, ""target_text"": ""Author: Alice. Record date: 2026-11-28. The event date assigned in the record to my plan to deliver two books to Bob is two days ago. This record does not establish that the event occurred.""}]",Author: Alice. Record date: 2026-11-28. The event date assigned in the record to my plan to deliver two books to Bob is three days ago. This record does not establish that the event occurred.,Author: Alice. Record date: 2026-11-28. The event date assigned in the record to my plan to deliver two books to Bob is three days ago. This record does not establish that the event occurred.,False,,,
g11_template_ood_0043,template_ood,-2,M09,Author: Alice. Record date: 2026-11-28. The event date assigned in the record to my plan to deliver two books to Bob is two days ago. This record does not establish that the event occurred.,Author: Alice. Record date: 2026-11-28. The event date assigned in the record to my plan to deliver two books to Bob is today. This record does not establish that the event occurred.,"[{""output"": ""Author: Alice. Record date: 2026-11-28. The event date assigned in the record to my plan to deliver two books to Bob is today. This record does not establish that the event occurred."", ""frame"": {""view_date"": ""2026-12-04"", ""perspective"": ""first""}, ""target_text"": ""Author: Alice. Record date: 2026-11-28. The event date assigned in the record to my plan to deliver two books to Bob is yesterday. This record does not establish that the event occurred.""}, {""output"": ""Author: Alice. Record date: 2026-11-28. The event date assigned in the record to my plan to deliver two books to Bob is today. This record does not establish that the event occurred."", ""frame"": {""view_date"": ""2026-12-05"", ""perspective"": ""first""}, ""target_text"": ""Author: Alice. Record date: 2026-11-28. The event date assigned in the record to my plan to deliver two books to Bob is two days ago. This record does not establish that the event occurred.""}]",Author: Alice. Record date: 2026-11-28. The event date assigned in the record to my plan to deliver two books to Bob is three days ago. This record does not establish that the event occurred.,Author: Alice. Record date: 2026-11-28. The event date assigned in the record to my plan to deliver two books to three days ago. This record does not establish that the event occurred.,False,,,
g11_template_ood_0043,template_ood,-1,M07,Author: Alice. Record date: 2026-11-28. The event date assigned in the record to my plan to deliver two books to Bob is yesterday. This record does not establish that the event occurred.,Author: Alice. Record date: 2026-11-28. The event date assigned in the record to my plan to deliver two books to Bob is yesterday. This record does not establish that the event occurred.,"[{""output"": ""Author: Alice. Record date: 2026-11-28. The event date assigned in the record to my plan to deliver two books to Bob is yesterday. This record does not establish that the event occurred."", ""frame"": {""view_date"": ""2026-12-04"", ""perspective"": ""first""}, ""target_text"": ""Author: Alice. Record date: 2026-11-28. The event date assigned in the record to my plan to deliver two books to Bob is yesterday. This record does not establish that the event occurred.""}]",Author: Alice. Record date: 2026-11-28. The event date assigned in the record to my plan to deliver two books to Bob is two days ago. This record does not establish that the event occurred.,Author: Alice. Record date: 2026-11-28. The event date assigned in the record to my plan to deliver two books to Bob is today. This record does not establish that the event occurred.,False,,,
g11_template_ood_0043,template_ood,-1,M17,Author: Alice. Record date: 2026-11-28. The event date assigned in the record to my plan to deliver two books to Bob is yesterday. This record does not establish that the event occurred.,Author: Alice. Record date: 2026-11-28. The event date assigned in the record to my plan to deliver two books to Bob is today. This record does not establish that the event occurred.,"[{""output"": ""Author: Alice. Record date: 2026-11-28. The event date assigned in the record to my plan to deliver two books to Bob is today. This record does not establish that the event occurred."", ""frame"": {""view_date"": ""2026-12-04"", ""perspective"": ""first""}, ""target_text"": ""Author: Alice. Record date: 2026-11-28. The event date assigned in the record to my plan to deliver two books to Bob is yesterday. This record does not establish that the event occurred.""}]",Author: Alice. Record date: 2026-11-28. The event date assigned in the record to my plan to deliver two books to Bob is two days ago. This record does not establish that the event occurred.,Author: Alice. Record date: 2026-11-28. The event date assigned in the record to my plan to deliver two books to Bob is yesterday. This record does not establish that the event occurred.,False,,,
g11_template_ood_0043,template_ood,-1,M01,Author: Alice. Record date: 2026-11-28. The event date assigned in the record to my plan to deliver two books to Bob is yesterday. This record does not establish that the event occurred.,Author: Alice. Record date: 2026-11-28. The event date assigned in the record to my plan to deliver two books to Bob is today. This record does not establish that the event occurred.,"[{""output"": ""Author: Alice. Record date: 2026-11-28. The event date assigned in the record to my plan to deliver two books to Bob is today. This record does not establish that the event occurred."", ""frame"": {""view_date"": ""2026-12-03"", ""perspective"": ""first""}, ""target_text"": ""Author: Alice. Record date: 2026-11-28. The event date assigned in the record to my plan to deliver two books to Bob is today. This record does not establish that the event occurred.""}, {""output"": ""Author: Alice. Record date: 2026-11-28. The event date assigned in the record to my plan to deliver two books to Bob is today. This record does not establish that the event occurred."", ""frame"": {""view_date"": ""2026-12-04"", ""perspective"": ""first""}, ""target_text"": ""Author: Alice. Record date: 2026-11-28. The event date assigned in the record to my plan to deliver two books to Bob is yesterday. This record does not establish that the event occurred.""}]",Author: Alice. Record date: 2026-11-28. The event date assigned in the record to my plan to deliver two books to Bob is two days ago. This record does not establish that the event occurred.,Author: Alice. Record date: 2026-11-28. The event date assigned in the record to my plan to deliver two books to Bob is four days ago. This record does not establish that the event occurred.,False,,,
g11_template_ood_0043,template_ood,-2,M07,Author: Alice. Record date: 2026-11-28. The event date assigned in the record to my plan to deliver two books to Bob is two days ago. This record does not establish that the event occurred.,Author: Alice. Record date: 2026-11-28. The event date assigned in the record to my plan to deliver two books to Bob is two days ago. This record does not establish that the event occurred.,"[{""output"": ""Author: Alice. Record date: 2026-11-28. The event date assigned in the record to my plan to deliver two books to Bob is two days ago. This record does not establish that the event occurred."", ""frame"": {""view_date"": ""2026-12-05"", ""perspective"": ""first""}, ""target_text"": ""Author: Alice. Record date: 2026-11-28. The event date assigned in the record to my plan to deliver two books to Bob is two days ago. This record does not establish that the event occurred.""}]",Author: Alice. Record date: 2026-11-28. The event date assigned in the record to my plan to deliver two books to Bob is three days ago. This record does not establish that the event occurred.,Author: Alice. Record date: 2026-11-28. The event date assigned in the record to my plan to deliver two books to Bob is three days ago. This record does not establish that the event occurred.,False,,,
g11_template_ood_0043,template_ood,-2,M17,Author: Alice. Record date: 2026-11-28. The event date assigned in the record to my plan to deliver two books to Bob is two days ago. This record does not establish that the event occurred.,Author: Alice. Record date: 2026-11-28. The event date assigned in the record to my plan to deliver two books to Bob is today. This record does not establish that the event occurred.,"[{""output"": ""Author: Alice. Record date: 2026-11-28. The event date assigned in the record to my plan to deliver two books to Bob is today. This record does not establish that the event occurred."", ""frame"": {""view_date"": ""2026-12-05"", ""perspective"": ""first""}, ""target_text"": ""Author: Alice. Record date: 2026-11-28. The event date assigned in the record to my plan to deliver two books to Bob is two days ago. This record does not establish that the event occurred.""}]",Author: Alice. Record date: 2026-11-28. The event date assigned in the record to my plan to deliver two books to Bob is three days ago. This record does not establish that the event occurred.,Author: Alice. Record date: 2026-11-28. The event date assigned in the record to my plan to deliver two books to Bob is three days ago. This record does not establish that the event occurred.,False,,,
g11_template_ood_0043,template_ood,-2,M01,Author: Alice. Record date: 2026-11-28. The event date assigned in the record to my plan to deliver two books to Bob is two days ago. This record does not establish that the event occurred.,Author: Alice. Record date: 2026-11-28. The event date assigned in the record to my plan to deliver two books to Bob is yesterday. This record does not establish that the event occurred.,"[{""output"": ""Author: Alice. Record date: 2026-11-28. The event date assigned in the record to my plan to deliver two books to Bob is today. This record does not establish that the event occurred."", ""frame"": {""view_date"": ""2026-12-04"", ""perspective"": ""first""}, ""target_text"": ""Author: Alice. Record date: 2026-11-28. The event date assigned in the record to my plan to deliver two books to Bob is yesterday. This record does not establish that the event occurred.""}, {""output"": ""Author: Alice. Record date: 2026-11-28. The event date assigned in the record to my plan to deliver two books to Bob is yesterday. This record does not establish that the event occurred."", ""frame"": {""view_date"": ""2026-12-05"", ""perspective"": ""first""}, ""target_text"": ""Author: Alice. Record date: 2026-11-28. The event date assigned in the record to my plan to deliver two books to Bob is two days ago. This record does not establish that the event occurred.""}]",Author: Alice. Record date: 2026-11-28. The event date assigned in the record to my plan to deliver two books to Bob is three days ago. This record does not establish that the event occurred.,Author: Alice. Record date: 2026-11-28. The event date assigned in the record to my plan to deliver two books to Bob is three days ago. This record does not establish that the event occurred.,False,,,
g11_template_ood_0043,template_ood,-1,M06,Author: Alice. Record date: 2026-11-28. The event date assigned in the record to my plan to deliver two books to Bob is yesterday. This record does not establish that the event occurred.,Author: Alice. Record date: 2026-11-28. The event date assigned in the record to my plan to deliver two books to Bob is yesterday. This record does not establish that the event occurred.,"[{""output"": ""Author: Alice. Record date: 2026-11-28. The event date assigned in the record to my plan to deliver two books to Bob is yesterday. This record does not establish that the event occurred."", ""frame"": {""view_date"": ""2026-12-04"", ""perspective"": ""first""}, ""target_text"": ""Author: Alice. Record date: 2026-11-28. The event date assigned in the record to my plan to deliver two books to Bob is yesterday. This record does not establish that the event occurred.""}]",Author: Alice. Record date: 2026-11-28. The event date assigned in the record to my plan to deliver two books to Bob is two days ago. This record does not establish that the event occurred.,Author: Alice. Record date: 2026-11-28. The event date assigned in the record to my plan to deliver two books to Bob is today. This record does not establish that the event occurred.,False,,,
g11_template_ood_0043,template_ood,-1,M05,Author: Alice. Record date: 2026-11-28. The event date assigned in the record to my plan to deliver two books to Bob is yesterday. This record does not establish that the event occurred.,Author: Alice. Record date: 2026-11-28. The event date assigned in the record to my plan to deliver two books to Bob is yesterday. This record does not establish that the event occurred.,"[{""output"": ""Author: Alice. Record date: 2026-11-28. The event date assigned in the record to my plan to deliver two books to Bob is yesterday. This record does not establish that the event occurred."", ""frame"": {""view_date"": ""2026-12-04"", ""perspective"": ""first""}, ""target_text"": ""Author: Alice. Record date: 2026-11-28. The event date assigned in the record to my plan to deliver two books to Bob is yesterday. This record does not establish that the event occurred.""}]",Author: Alice. Record date: 2026-11-28. The event date assigned in the record to my plan to deliver two books to Bob is two days ago. This record does not establish that the event occurred.,Author: Alice. Record date: 2026-11-28. The event date assigned in the record to my plan to deliver two books to Bob is two days ago. This record does not establish that the event occurred.,False,,,
g11_template_ood_0043,template_ood,-1,M10,Author: Alice. Record date: 2026-11-28. The event date assigned in the record to my plan to deliver two books to Bob is yesterday. This record does not establish that the event occurred.,Author: Alice. Record date: 2026-11-28. The event date assigned in the record to my plan to deliver two books to Bob is today. This record does not establish that the event occurred.,"[{""output"": ""Author: Alice. Record date: 2026-11-28. The event date assigned in the record to my plan to deliver two books to Bob is today. This record does not establish that the event occurred."", ""frame"": {""view_date"": ""2026-12-03"", ""perspective"": ""first""}, ""target_text"": ""Author: Alice. Record date: 2026-11-28. The event date assigned in the record to my plan to deliver two books to Bob is today. This record does not establish that the event occurred.""}, {""output"": ""Author: Alice. Record date: 2026-11-28. The event date assigned in the record to my plan to deliver two books to Bob is today. This record does not establish that the event occurred."", ""frame"": {""view_date"": ""2026-12-04"", ""perspective"": ""first""}, ""target_text"": ""Author: Alice. Record date: 2026-11-28. The event date assigned in the record to my plan to deliver two books to Bob is yesterday. This record does not establish that the event occurred.""}]",Author: Alice. Record date: 2026-11-28. The event date assigned in the record to my plan to deliver two books to Bob is two days ago. This record does not establish that the event occurred.,Author: Alice. Record date: 2026-11-28. The event date assigned in the record to my plan to deliver two books to Bob is three days ago. This record does not establish that the event occurred.,False,,,
g11_template_ood_0043,template_ood,-2,M06,Author: Alice. Record date: 2026-11-28. The event date assigned in the record to my plan to deliver two books to Bob is two days ago. This record does not establish that the event occurred.,Author: Alice. Record date: 2026-11-28. The event date assigned in the record to my plan to deliver two books to Bob is two days ago. This record does not establish that the event occurred.,"[{""output"": ""Author: Alice. Record date: 2026-11-28. The event date assigned in the record to my plan to deliver two books to Bob is two days ago. This record does not establish that the event occurred."", ""frame"": {""view_date"": ""2026-12-05"", ""perspective"": ""first""}, ""target_text"": ""Author: Alice. Record date: 2026-11-28. The event date assigned in the record to my plan to deliver two books to Bob is two days ago. This record does not establish that the event occurred.""}]",Author: Alice. Record date: 2026-11-28. The event date assigned in the record to my plan to deliver two books to Bob is three days ago. This record does not establish that the event occurred.,Author: Alice. Record date: 2026-11-28. The event date assigned in the record to my plan to deliver two books to Bob is three days ago. This record does not establish that the event occurred.,False,,,
g11_template_ood_0043,template_ood,-2,M05,Author: Alice. Record date: 2026-11-28. The event date assigned in the record to my plan to deliver two books to Bob is two days ago. This record does not establish that the event occurred.,Author: Alice. Record date: 2026-11-28. The event date assigned in the record to my plan to deliver two books to Bob is today. This record does not establish that the event occurred.,"[{""output"": ""Author: Alice. Record date: 2026-11-28. The event date assigned in the record to my plan to deliver two books to Bob is today. This record does not establish that the event occurred."", ""frame"": {""view_date"": ""2026-12-05"", ""perspective"": ""first""}, ""target_text"": ""Author: Alice. Record date: 2026-11-28. The event date assigned in the record to my plan to deliver two books to Bob is two days ago. This record does not establish that the event occurred.""}]",Author: Alice. Record date: 2026-11-28. The event date assigned in the record to my plan to deliver two books to Bob is three days ago. This record does not establish that the event occurred.,Author: Alice. Record date: 2026-11-28. The event date assigned in the record to my plan to deliver two books to Bob is not present. This record does not establish that the event occurred.,False,,,
g11_template_ood_0043,template_ood,-2,M10,Author: Alice. Record date: 2026-11-28. The event date assigned in the record to my plan to deliver two books to Bob is two days ago. This record does not establish that the event occurred.,Author: Alice. Record date: 2026-11-28. The event date assigned in the record to my plan to deliver two books to Bob is two days ago. This record does not establish that the event occurred.,"[{""output"": ""Author: Alice. Record date: 2026-11-28. The event date assigned in the record to my plan to deliver two books to Bob is yesterday. This record does not establish that the event occurred."", ""frame"": {""view_date"": ""2026-12-04"", ""perspective"": ""first""}, ""target_text"": ""Author: Alice. Record date: 2026-11-28. The event date assigned in the record to my plan to deliver two books to Bob is yesterday. This record does not establish that the event occurred.""}, {""output"": ""Author: Alice. Record date: 2026-11-28. The event date assigned in the record to my plan to deliver two books to Bob is two days ago. This record does not establish that the event occurred."", ""frame"": {""view_date"": ""2026-12-05"", ""perspective"": ""first""}, ""target_text"": ""Author: Alice. Record date: 2026-11-28. The event date assigned in the record to my plan to deliver two books to Bob is two days ago. This record does not establish that the event occurred.""}]",Author: Alice. Record date: 2026-11-28. The event date assigned in the record to my plan to deliver two books to Bob is three days ago. This record does not establish that the event occurred.,Author: Alice. Record date: 2026-11-28. The event date assigned in the record to my plan to deliver two books to Bob is three days ago. This record does not establish that the event occurred.,False,,,
g11_template_ood_0032,template_ood,-1,M19,Author: Grace. Record date: 2026-10-27. What the record describes for an event dated yesterday is my plan to not give three books to David. This record does not establish that the event occurred.,Author: Grace. Record date: 2026-10-27. What the record describes for an event dated yesterday is my plan to not give three books to David. This record does not establish that the event occurred.,"[{""output"": ""Author: Grace. Record date: 2026-10-27. What the record describes for an event dated yesterday is my plan to not give three books to David. This record does not establish that the event occurred."", ""frame"": {""view_date"": ""2026-11-02"", ""perspective"": ""first""}, ""target_text"": ""Author: Grace. Record date: 2026-10-27. What the record describes for an event dated yesterday is my plan to not give three books to David. This record does not establish that the event occurred.""}]",Author: Grace. Record date: 2026-10-27. What the record describes for an event dated two days ago is my plan to not give three books to David. This record does not establish that the event occurred.,Author: Grace. Record date: 2026-10-27. What the record describes for an event dated two days ago is my plan to not give three books to David. This record does not establish that the event occurred.,True,,,
g11_template_ood_0032,template_ood,-1,M08,Author: Grace. Record date: 2026-10-27. What the record describes for an event dated yesterday is my plan to not give three books to David. This record does not establish that the event occurred.,Author: Grace. Record date: 2026-10-27. What the record describes for an event dated yesterday is my plan to not give three books to David. This record does not establish that the event occurred.,"[{""output"": ""Author: Grace. Record date: 2026-10-27. What the record describes for an event dated yesterday is my plan to not give three books to David. This record does not establish that the event occurred."", ""frame"": {""view_date"": ""2026-11-02"", ""perspective"": ""first""}, ""target_text"": ""Author: Grace. Record date: 2026-10-27. What the record describes for an event dated yesterday is my plan to not give three books to David. This record does not establish that the event occurred.""}]",Author: Grace. Record date: 2026-10-27. What the record describes for an event dated two days ago is my plan to not give three books to David. This record does not establish that the event occurred.,Author: Grace. Record date: 2026-10-27. What the record describes today is my plan to not give three books to David. This record does not establish that the event occurred.,True,,,
g11_template_ood_0032,template_ood,-1,M09,Author: Grace. Record date: 2026-10-27. What the record describes for an event dated yesterday is my plan to not give three books to David. This record does not establish that the event occurred.,Author: Grace. Record date: 2026-10-27. What the record describes for an event dated yesterday is my plan to not give three books to David. This record does not establish that the event occurred.,"[{""output"": ""Author: Grace. Record date: 2026-10-27. What the record describes for an event dated today is my plan to not give three books to David. This record does not establish that the event occurred."", ""frame"": {""view_date"": ""2026-11-01"", ""perspective"": ""first""}, ""target_text"": ""Author: Grace. Record date: 2026-10-27. What the record describes for an event dated today is my plan to not give three books to David. This record does not establish that the event occurred.""}, {""output"": ""Author: Grace. Record date: 2026-10-27. What the record describes for an event dated yesterday is my plan to not give three books to David. This record does not establish that the event occurred."", ""frame"": {""view_date"": ""2026-11-02"", ""perspective"": ""first""}, ""target_text"": ""Author: Grace. Record date: 2026-10-27. What the record describes for an event dated yesterday is my plan to not give three books to David. This record does not establish that the event occurred.""}]",Author: Grace. Record date: 2026-10-27. What the record describes for an event dated two days ago is my plan to not give three books to David. This record does not establish that the event occurred.,Author: Grace. Record date: 2026-10-27. What the record describes yesterday is my plan to not give three books to David. This record does not establish that the event occurred.,True,,,
g11_template_ood_0032,template_ood,-2,M19,Author: Grace. Record date: 2026-10-27. What the record describes for an event dated two days ago is my plan to not give three books to David. This record does not establish that the event occurred.,Author: Grace. Record date: 2026-10-27. What the record describes for an event dated two days ago is my plan to not give three books to David. This record does not establish that the event occurred.,"[{""output"": ""Author: Grace. Record date: 2026-10-27. What the record describes for an event dated two days ago is my plan to not give three books to David. This record does not establish that the event occurred."", ""frame"": {""view_date"": ""2026-11-03"", ""perspective"": ""first""}, ""target_text"": ""Author: Grace. Record date: 2026-10-27. What the record describes for an event dated two days ago is my plan to not give three books to David. This record does not establish that the event occurred.""}]",Author: Grace. Record date: 2026-10-27. What the record describes for an event dated three days ago is my plan to not give three books to David. This record does not establish that the event occurred.,Author: Grace. Record date: 2026-10-27. What the record describes for an event dated three days ago is my plan to not give three books to David. This record does not establish that the event occurred.,False,,,
g11_template_ood_0032,template_ood,-2,M08,Author: Grace. Record date: 2026-10-27. What the record describes for an event dated two days ago is my plan to not give three books to David. This record does not establish that the event occurred.,Author: Grace. Record date: 2026-10-27. What the record describes for an event dated two days ago is my plan to not give three books to David. This record does not establish that the event occurred.,"[{""output"": ""Author: Grace. Record date: 2026-10-27. What the record describes for an event dated two days ago is my plan to not give three books to David. This record does not establish that the event occurred."", ""frame"": {""view_date"": ""2026-11-03"", ""perspective"": ""first""}, ""target_text"": ""Author: Grace. Record date: 2026-10-27. What the record describes for an event dated two days ago is my plan to not give three books to David. This record does not establish that the event occurred.""}]",Author: Grace. Record date: 2026-10-27. What the record describes for an event dated three days ago is my plan to not give three books to David. This record does not establish that the event occurred.,Author: Grace. Record date: 2026-10-27. What the record describes for an event dated three days ago is my plan to not give three books to David. This record does not establish that the event occurred.,False,,,
g11_template_ood_0032,template_ood,-2,M09,Author: Grace. Record date: 2026-10-27. What the record describes for an event dated two days ago is my plan to not give three books to David. This record does not establish that the event occurred.,Author: Grace. Record date: 2026-10-27. What the record describes today is my plan to not give three books to David. This record does not establish that the event occurred.,"[{""output"": ""Author: Grace. Record date: 2026-10-27. What the record describes for an event dated yesterday is my plan to not give three books to David. This record does not establish that the event occurred."", ""frame"": {""view_date"": ""2026-11-02"", ""perspective"": ""first""}, ""target_text"": ""Author: Grace. Record date: 2026-10-27. What the record describes for an event dated yesterday is my plan to not give three books to David. This record does not establish that the event occurred.""}, {""output"": ""Author: Grace. Record date: 2026-10-27. What the record describes today is my plan to not give three books to David. This record does not establish that the event occurred."", ""frame"": {""view_date"": ""2026-11-03"", ""perspective"": ""first""}, ""target_text"": ""Author: Grace. Record date: 2026-10-27. What the record describes for an event dated two days ago is my plan to not give three books to David. This record does not establish that the event occurred.""}]",Author: Grace. Record date: 2026-10-27. What the record describes for an event dated three days ago is my plan to not give three books to David. This record does not establish that the event occurred.,Author: Grace. Record date: 2026-10-27. What the record says two days ago is my plan to not give three books to David. This record does not establish that the event occurred.,False,,,
g11_template_ood_0032,template_ood,-1,M12,Author: Grace. Record date: 2026-10-27. What the record describes for an event dated yesterday is my plan to not give three books to David. This record does not establish that the event occurred.,,,Author: Grace. Record date: 2026-10-27. What the record describes for an event dated two days ago is my plan to not give three books to David. This record does not establish that the event occurred.,Author: Grace. Record date: 2026-10-27. What the record describes for an event dated two days ago is my plan to not give three books to David. This record does not establish that the event occurred.,True,,,
g11_template_ood_0032,template_ood,-1,M20,Author: Grace. Record date: 2026-10-27. What the record describes for an event dated yesterday is my plan to not give three books to David. This record does not establish that the event occurred.,,,Author: Grace. Record date: 2026-10-27. What the record describes for an event dated two days ago is my plan to not give three books to David. This record does not establish that the event occurred.,Author: Grace. Record date: 2026-10-27. What the record describes yesterday is my plan to not give three books to David. This record does not establish that the event occurred.,True,,,
g11_template_ood_0032,template_ood,-1,M13,Author: Grace. Record date: 2026-10-27. What the record describes for an event dated yesterday is my plan to not give three books to David. This record does not establish that the event occurred.,,,Author: Grace. Record date: 2026-10-27. What the record describes for an event dated two days ago is my plan to not give three books to David. This record does not establish that the event occurred.,Author: three days two days ago. Record date two days three days ago is three days. This record three days three separate days. this record three three days does not establish three days days ago,True,,,
g11_template_ood_0032,template_ood,-1,M03,Author: Grace. Record date: 2026-10-27. What the record describes for an event dated yesterday is my plan to not give three books to David. This record does not establish that the event occurred.,,,Author: Grace. Record date: 2026-10-27. What the record describes for an event dated two days ago is my plan to not give three books to David. This record does not establish that the event occurred.,Author: Grace. Record date: 2026-10-27. What the record describes for an event dated yesterday is my plan to not give three books to David. This record does not establish that the event occurred.,True,,,
g11_template_ood_0032,template_ood,-1,M07,Author: Grace. Record date: 2026-10-27. What the record describes for an event dated yesterday is my plan to not give three books to David. This record does not establish that the event occurred.,Author: Grace. Record date: 2026-10-27. What the record describes for an event dated yesterday is my plan to not give three books to David. This record does not establish that the event occurred.,"[{""output"": ""Author: Grace. Record date: 2026-10-27. What the record describes for an event dated yesterday is my plan to not give three books to David. This record does not establish that the event occurred."", ""frame"": {""view_date"": ""2026-11-02"", ""perspective"": ""first""}, ""target_text"": ""Author: Grace. Record date: 2026-10-27. What the record describes for an event dated yesterday is my plan to not give three books to David. This record does not establish that the event occurred.""}]",Author: Grace. Record date: 2026-10-27. What the record describes for an event dated two days ago is my plan to not give three books to David. This record does not establish that the event occurred.,Author: Grace. Record date: 2026-10-27. What the record describes for an event dated two days ago is my plan to not give three books to David. This record does not establish that the event occurred.,True,,,
g11_template_ood_0032,template_ood,-1,M17,Author: Grace. Record date: 2026-10-27. What the record describes for an event dated yesterday is my plan to not give three books to David. This record does not establish that the event occurred.,Author: Grace. Record date: 2026-10-27. What the record describes for an event dated yesterday is my plan to not give three books to David. This record does not establish that the event occurred.,"[{""output"": ""Author: Grace. Record date: 2026-10-27. What the record describes for an event dated yesterday is my plan to not give three books to David. This record does not establish that the event occurred."", ""frame"": {""view_date"": ""2026-11-02"", ""perspective"": ""first""}, ""target_text"": ""Author: Grace. Record date: 2026-10-27. What the record describes for an event dated yesterday is my plan to not give three books to David. This record does not establish that the event occurred.""}]",Author: Grace. Record date: 2026-10-27. What the record describes for an event dated two days ago is my plan to not give three books to David. This record does not establish that the event occurred.,Author: Grace. Record date: 2026-10-27. What the record describes for an event dated two days ago is my plan to not give three books to David. This record does not establish that the event occurred.,True,,,
g11_template_ood_0032,template_ood,-1,M01,Author: Grace. Record date: 2026-10-27. What the record describes for an event dated yesterday is my plan to not give three books to David. This record does not establish that the event occurred.,Author: Grace. Record date: 2026-10-27. What the record describes for an event dated yesterday is my plan to not give three books to David. This record does not establish that the event occurred.,"[{""output"": ""Author: Grace. Record date: 2026-10-27. What the record describes for an event dated today is my plan to not give three books to David. This record does not establish that the event occurred."", ""frame"": {""view_date"": ""2026-11-01"", ""perspective"": ""first""}, ""target_text"": ""Author: Grace. Record date: 2026-10-27. What the record describes for an event dated today is my plan to not give three books to David. This record does not establish that the event occurred.""}, {""output"": ""Author: Grace. Record date: 2026-10-27. What the record describes for an event dated yesterday is my plan to not give three books to David. This record does not establish that the event occurred."", ""frame"": {""view_date"": ""2026-11-02"", ""perspective"": ""first""}, ""target_text"": ""Author: Grace. Record date: 2026-10-27. What the record describes for an event dated yesterday is my plan to not give three books to David. This record does not establish that the event occurred.""}]",Author: Grace. Record date: 2026-10-27. What the record describes for an event dated two days ago is my plan to not give three books to David. This record does not establish that the event occurred.,Author: Grace. Record date: 2026-10-27. What the record describes for an event dated three days ago is my plan to not give three books to David. This record does not establish that the event occurred.,True,,,
g11_template_ood_0032,template_ood,-2,M07,Author: Grace. Record date: 2026-10-27. What the record describes for an event dated two days ago is my plan to not give three books to David. This record does not establish that the event occurred.,Author: Grace. Record date: 2026-10-27. What the record describes for an event dated two days ago is my plan to not give three books to David. This record does not establish that the event occurred.,"[{""output"": ""Author: Grace. Record date: 2026-10-27. What the record describes for an event dated two days ago is my plan to not give three books to David. This record does not establish that the event occurred."", ""frame"": {""view_date"": ""2026-11-03"", ""perspective"": ""first""}, ""target_text"": ""Author: Grace. Record date: 2026-10-27. What the record describes for an event dated two days ago is my plan to not give three books to David. This record does not establish that the event occurred.""}]",Author: Grace. Record date: 2026-10-27. What the record describes for an event dated three days ago is my plan to not give three books to David. This record does not establish that the event occurred.,Author: Grace. Record date: 2026-10-27. What the record describes for an event dated three days ago is my plan to not give three books to David. This record does not establish that the event occurred.,True,,,
g11_template_ood_0032,template_ood,-2,M17,Author: Grace. Record date: 2026-10-27. What the record describes for an event dated two days ago is my plan to not give three books to David. This record does not establish that the event occurred.,Author: Grace. Record date: 2026-10-27. What the record describes for an event dated two days ago is my plan to not give three books to David. This record does not establish that the event occurred.,"[{""output"": ""Author: Grace. Record date: 2026-10-27. What the record describes for an event dated two days ago is my plan to not give three books to David. This record does not establish that the event occurred."", ""frame"": {""view_date"": ""2026-11-03"", ""perspective"": ""first""}, ""target_text"": ""Author: Grace. Record date: 2026-10-27. What the record describes for an event dated two days ago is my plan to not give three books to David. This record does not establish that the event occurred.""}]",Author: Grace. Record date: 2026-10-27. What the record describes for an event dated three days ago is my plan to not give three books to David. This record does not establish that the event occurred.,Author: Grace. Record date: 2026-10-27. What the record describes for an event dated three days ago is my plan to not give three books to David. This record does not establish that the event occurred.,True,,,
g11_template_ood_0032,template_ood,-2,M01,Author: Grace. Record date: 2026-10-27. What the record describes for an event dated two days ago is my plan to not give three books to David. This record does not establish that the event occurred.,Author: Grace. Record date: 2026-10-27. What the record describes for an event dated two days ago is my plan to not give three books to David. This record does not establish that the event occurred.,"[{""output"": ""Author: Grace. Record date: 2026-10-27. What the record describes for an event dated yesterday is my plan to not give three books to David. This record does not establish that the event occurred."", ""frame"": {""view_date"": ""2026-11-02"", ""perspective"": ""first""}, ""target_text"": ""Author: Grace. Record date: 2026-10-27. What the record describes for an event dated yesterday is my plan to not give three books to David. This record does not establish that the event occurred.""}, {""output"": ""Author: Grace. Record date: 2026-10-27. What the record describes for an event dated two days ago is my plan to not give three books to David. This record does not establish that the event occurred."", ""frame"": {""view_date"": ""2026-11-03"", ""perspective"": ""first""}, ""target_text"": ""Author: Grace. Record date: 2026-10-27. What the record describes for an event dated two days ago is my plan to not give three books to David. This record does not establish that the event occurred.""}]",Author: Grace. Record date: 2026-10-27. What the record describes for an event dated three days ago is my plan to not give three books to David. This record does not establish that the event occurred.,Author: Grace. Record date: 2026-10-27. What the record describes today describes for an event dated two days ago is my plan to not give three books to David. This record does not establish that the event occurred.,True,,,
g11_template_ood_0032,template_ood,-1,M15,Author: Grace. Record date: 2026-10-27. What the record describes for an event dated yesterday is my plan to not give three books to David. This record does not establish that the event occurred.,,,Author: Grace. Record date: 2026-10-27. What the record describes for an event dated two days ago is my plan to not give three books to David. This record does not establish that the event occurred.,Author: Grace. Record date: 2026-10-27. What the record describes for an event dated two days ago is my plan to not give three books to David. This record does not establish that the event occurred.,True,,,
g11_template_ood_0032,template_ood,-1,M21,Author: Grace. Record date: 2026-10-27. What the record describes for an event dated yesterday is my plan to not give three books to David. This record does not establish that the event occurred.,,,Author: Grace. Record date: 2026-10-27. What the record describes for an event dated two days ago is my plan to not give three books to David. This record does not establish that the event occurred.,Author: Grace. Record date: 2026-10-27. What the record describes for an event dated three days ago is my plan to not give three books to David. This record does not establish that the event occurred.,True,,,
g11_template_ood_0032,template_ood,-1,M16,Author: Grace. Record date: 2026-10-27. What the record describes for an event dated yesterday is my plan to not give three books to David. This record does not establish that the event occurred.,,,Author: Grace. Record date: 2026-10-27. What the record describes for an event dated two days ago is my plan to not give three books to David. This record does not establish that the event occurred.,Author four. Record date four days. These days is four daysD days says four daysToday is important. This record does four daysYesterday.,True,,,
g11_template_ood_0032,template_ood,-1,M02,Author: Grace. Record date: 2026-10-27. What the record describes for an event dated yesterday is my plan to not give three books to David. This record does not establish that the event occurred.,,,Author: Grace. Record date: 2026-10-27. What the record describes for an event dated two days ago is my plan to not give three books to David. This record does not establish that the event occurred.,Author: Grace. Record date: 2026-10-27. What the record describes for an event dated yesterday is my plan to not give three books to David. This record does not establish that the event occurred.,True,,,
g11_template_ood_0032,template_ood,-1,M06,Author: Grace. Record date: 2026-10-27. What the record describes for an event dated yesterday is my plan to not give three books to David. This record does not establish that the event occurred.,Author: Grace. Record date: 2026-10-27. What the record describes for an event dated yesterday is my plan to not give three books to David. This record does not establish that the event occurred.,"[{""output"": ""Author: Grace. Record date: 2026-10-27. What the record describes for an event dated yesterday is my plan to not give three books to David. This record does not establish that the event occurred."", ""frame"": {""view_date"": ""2026-11-02"", ""perspective"": ""first""}, ""target_text"": ""Author: Grace. Record date: 2026-10-27. What the record describes for an event dated yesterday is my plan to not give three books to David. This record does not establish that the event occurred.""}]",Author: Grace. Record date: 2026-10-27. What the record describes for an event dated two days ago is my plan to not give three books to David. This record does not establish that the event occurred.,Author: Grace. Record date: 2026-10-27. What the record describes for an event dated two days ago is my plan to not give three books to David. This record does not establish that the event occurred.,True,,,
g11_template_ood_0032,template_ood,-1,M05,Author: Grace. Record date: 2026-10-27. What the record describes for an event dated yesterday is my plan to not give three books to David. This record does not establish that the event occurred.,Author: Grace. Record date: 2026-10-27. What the record describes for an event dated yesterday is my plan to not give three books to David. This record does not establish that the event occurred.,"[{""output"": ""Author: Grace. Record date: 2026-10-27. What the record describes for an event dated yesterday is my plan to not give three books to David. This record does not establish that the event occurred."", ""frame"": {""view_date"": ""2026-11-02"", ""perspective"": ""first""}, ""target_text"": ""Author: Grace. Record date: 2026-10-27. What the record describes for an event dated yesterday is my plan to not give three books to David. This record does not establish that the event occurred.""}]",Author: Grace. Record date: 2026-10-27. What the record describes for an event dated two days ago is my plan to not give three books to David. This record does not establish that the event occurred.,Author: Grace. Record date: 2026-10-27. What the record describes for an event dated two days ago is my plan to not give three books to David. This record does not establish that the event occurred.,True,,,
g11_template_ood_0032,template_ood,-1,M10,Author: Grace. Record date: 2026-10-27. What the record describes for an event dated yesterday is my plan to not give three books to David. This record does not establish that the event occurred.,Author: Grace. Record date: 2026-10-27. What the record describes for an event dated yesterday is my plan to not give three books to David. This record does not establish that the event occurred.,"[{""output"": ""Author: Grace. Record date: 2026-10-27. What the record describes for an event dated today is my plan to not give three books to David. This record does not establish that the event occurred."", ""frame"": {""view_date"": ""2026-11-01"", ""perspective"": ""first""}, ""target_text"": ""Author: Grace. Record date: 2026-10-27. What the record describes for an event dated today is my plan to not give three books to David. This record does not establish that the event occurred.""}, {""output"": ""Author: Grace. Record date: 2026-10-27. What the record describes for an event dated yesterday is my plan to not give three books to David. This record does not establish that the event occurred."", ""frame"": {""view_date"": ""2026-11-02"", ""perspective"": ""first""}, ""target_text"": ""Author: Grace. Record date: 2026-10-27. What the record describes for an event dated yesterday is my plan to not give three books to David. This record does not establish that the event occurred.""}]",Author: Grace. Record date: 2026-10-27. What the record describes for an event dated two days ago is my plan to not give three books to David. This record does not establish that the event occurred.,Author: Grace. Record date: 2026-10-27. What the record describes for an event dated yesterday is my plan to not give three books to David. This record does not establish that the event occurred.,True,,,
g11_template_ood_0032,template_ood,-2,M06,Author: Grace. Record date: 2026-10-27. What the record describes for an event dated two days ago is my plan to not give three books to David. This record does not establish that the event occurred.,Author: Grace. Record date: 2026-10-27. What the record describes for an event dated two days ago is my plan to not give three books to David. This record does not establish that the event occurred.,"[{""output"": ""Author: Grace. Record date: 2026-10-27. What the record describes for an event dated two days ago is my plan to not give three books to David. This record does not establish that the event occurred."", ""frame"": {""view_date"": ""2026-11-03"", ""perspective"": ""first""}, ""target_text"": ""Author: Grace. Record date: 2026-10-27. What the record describes for an event dated two days ago is my plan to not give three books to David. This record does not establish that the event occurred.""}]",Author: Grace. Record date: 2026-10-27. What the record describes for an event dated three days ago is my plan to not give three books to David. This record does not establish that the event occurred.,Author: Grace. Record date: 2026-10-27. What the record describes for an event dated three days ago is my plan to not give three books to David. This record does not establish that the event occurred.,True,,,
g11_template_ood_0032,template_ood,-2,M05,Author: Grace. Record date: 2026-10-27. What the record describes for an event dated two days ago is my plan to not give three books to David. This record does not establish that the event occurred.,Author: Grace. Record date: 2026-10-27. What the record describes for an event dated two days ago is my plan to not give three books to David. This record does not establish that the event occurred.,"[{""output"": ""Author: Grace. Record date: 2026-10-27. What the record describes for an event dated two days ago is my plan to not give three books to David. This record does not establish that the event occurred."", ""frame"": {""view_date"": ""2026-11-03"", ""perspective"": ""first""}, ""target_text"": ""Author: Grace. Record date: 2026-10-27. What the record describes for an event dated two days ago is my plan to not give three books to David. This record does not establish that the event occurred.""}]",Author: Grace. Record date: 2026-10-27. What the record describes for an event dated three days ago is my plan to not give three books to David. This record does not establish that the event occurred.,Author: Grace. Record date: 2026-10-27. What the record describes for an event dated three days ago is my plan to not give three books to David. This record does not establish that the event occurred.,True,,,
g11_template_ood_0032,template_ood,-2,M10,Author: Grace. Record date: 2026-10-27. What the record describes for an event dated two days ago is my plan to not give three books to David. This record does not establish that the event occurred.,Author: Grace. Record date: 2026-10-27. What the record describes for an event dated two days ago is my plan to not give three books to David. This record does not establish that the event occurred.,"[{""output"": ""Author: Grace. Record date: 2026-10-27. What the record describes for an event dated yesterday is my plan to not give three books to David. This record does not establish that the event occurred."", ""frame"": {""view_date"": ""2026-11-02"", ""perspective"": ""first""}, ""target_text"": ""Author: Grace. Record date: 2026-10-27. What the record describes for an event dated yesterday is my plan to not give three books to David. This record does not establish that the event occurred.""}, {""output"": ""Author: Grace. Record date: 2026-10-27. What the record describes for an event dated two days ago is my plan to not give three books to David. This record does not establish that the event occurred."", ""frame"": {""view_date"": ""2026-11-03"", ""perspective"": ""first""}, ""target_text"": ""Author: Grace. Record date: 2026-10-27. What the record describes for an event dated two days ago is my plan to not give three books to David. This record does not establish that the event occurred.""}]",Author: Grace. Record date: 2026-10-27. What the record describes for an event dated three days ago is my plan to not give three books to David. This record does not establish that the event occurred.,Author: Grace. Record date: 2026-10-27. What the record describes for an event dated two days ago is my plan to not give three books to David. This record does not establish that the event occurred.,True,,,
g11_template_ood_0032,template_ood,-1,M04,Author: Grace. Record date: 2026-10-27. What the record describes for an event dated yesterday is my plan to not give three books to David. This record does not establish that the event occurred.,,,Author: Grace. Record date: 2026-10-27. What the record describes for an event dated two days ago is my plan to not give three books to David. This record does not establish that the event occurred.,Author: Grace. Record date: 2026-10-27. What the record describes for an event dated two days ago is my plan to not give three books to David. This record does not establish that the event occurred.,True,,,
g11_template_ood_0032,template_ood,-1,M11,Author: Grace. Record date: 2026-10-27. What the record describes for an event dated yesterday is my plan to not give three books to David. This record does not establish that the event occurred.,,,Author: Grace. Record date: 2026-10-27. What the record describes for an event dated two days ago is my plan to not give three books to David. This record does not establish that the event occurred.,Author: Grace. Record date: 2026-10-27. What the record describes for an event dated yesterday is my plan to not give three books to David. This record does not establish that the event occurred.,True,,,
g11_template_ood_0032,template_ood,-1,M18,Author: Grace. Record date: 2026-10-27. What the record describes for an event dated yesterday is my plan to not give three books to David. This record does not establish that the event occurred.,,,Author: Grace. Record date: 2026-10-27. What the record describes for an event dated two days ago is my plan to not give three books to David. This record does not establish that the event occurred., 3-4-27. These three days two days two three days three days days days three three days. These days days four days days. This record four days two four days three files four days 3 days,True,,,
g11_template_ood_0032,template_ood,-1,M14,Author: Grace. Record date: 2026-10-27. What the record describes for an event dated yesterday is my plan to not give three books to David. This record does not establish that the event occurred.,,,Author: Grace. Record date: 2026-10-27. What the record describes for an event dated two days ago is my plan to not give three books to David. This record does not establish that the event occurred.,Author: Grace. Record date: 2026-10-27. What the record describes for an event dated yesterday is my plan to not give three books to David. This record does not establish that the event occurred.,True,,,
g11_template_ood_0058,template_ood,-1,M19,"Author: David. Record date: 2026-10-01. As described in the record, my plan to not bring three parcels to Bob has the event dated yesterday. This record does not establish that the event occurred.","Author: David. Record date: 2026-10-01. As described in the record, my plan to not bring three parcels to Bob has the event dated yesterday. This record does not establish that the event occurred.","[{""output"": ""Author: David. Record date: 2026-10-01. As described in the record, my plan to not bring three parcels to Bob has the event dated yesterday. This record does not establish that the event occurred."", ""frame"": {""view_date"": ""2026-10-07"", ""perspective"": ""first""}, ""target_text"": ""Author: David. Record date: 2026-10-01. As described in the record, my plan to not bring three parcels to Bob has the event dated yesterday. This record does not establish that the event occurred.""}]","Author: David. Record date: 2026-10-01. As described in the record, my plan to not bring three parcels to Bob has the event dated two days ago. This record does not establish that the event occurred.","Author: David. Record date: 2026-10-01. As described in the record, my plan to not bring three parcels to Bob has the event dated two days ago. This record does not establish that the event occurred.",True,,,
g11_template_ood_0058,template_ood,-1,M08,"Author: David. Record date: 2026-10-01. As described in the record, my plan to not bring three parcels to Bob has the event dated yesterday. This record does not establish that the event occurred.","Author: David. Record date: 2026-10-01. As described in the record, my plan to not bring three parcels to Bob has the event dated yesterday. This record does not establish that the event occurred.","[{""output"": ""Author: David. Record date: 2026-10-01. As described in the record, my plan to not bring three parcels to Bob has the event dated yesterday. This record does not establish that the event occurred."", ""frame"": {""view_date"": ""2026-10-07"", ""perspective"": ""first""}, ""target_text"": ""Author: David. Record date: 2026-10-01. As described in the record, my plan to not bring three parcels to Bob has the event dated yesterday. This record does not establish that the event occurred.""}]","Author: David. Record date: 2026-10-01. As described in the record, my plan to not bring three parcels to Bob has the event dated two days ago. This record does not establish that the event occurred.","Author: David. Record date: 2026-10-01. As described in the record, my plan to not bring three parcels to Bob has the event dated two days ago. This record does not establish that the event occurred.",True,,,
g11_template_ood_0058,template_ood,-1,M09,"Author: David. Record date: 2026-10-01. As described in the record, my plan to not bring three parcels to Bob has the event dated yesterday. This record does not establish that the event occurred.","Author: David. Record date: 2026-10-01. As described in the record, my plan to not bring three parcels to Bob has the event dated yesterday. This record does not establish that the event occurred.","[{""output"": ""Author: David. Record date: 2026-10-01. As described in the record, my plan to not bring three parcels to Bob has the event dated today. This record does not establish that the event occurred."", ""frame"": {""view_date"": ""2026-10-06"", ""perspective"": ""first""}, ""target_text"": ""Author: David. Record date: 2026-10-01. As described in the record, my plan to not bring three parcels to Bob has the event dated today. This record does not establish that the event occurred.""}, {""output"": ""Author: David. Record date: 2026-10-01. As described in the record, my plan to not bring three parcels to Bob has the event dated yesterday. This record does not establish that the event occurred."", ""frame"": {""view_date"": ""2026-10-07"", ""perspective"": ""first""}, ""target_text"": ""Author: David. Record date: 2026-10-01. As described in the record, my plan to not bring three parcels to Bob has the event dated yesterday. This record does not establish that the event occurred.""}]","Author: David. Record date: 2026-10-01. As described in the record, my plan to not bring three parcels to Bob has the event dated two days ago. This record does not establish that the event occurred.","Author: David. Record date: 2026-10-01. As described in the record, my plan to not bring three parcels to Bob has the event dated two days ago. This record does not establish that the event occurred.",True,,,
g11_template_ood_0058,template_ood,-2,M19,"Author: David. Record date: 2026-10-01. As described in the record, my plan to not bring three parcels to Bob has the event dated two days ago. This record does not establish that the event occurred.","Author: David. Record date: 2026-10-01. As described in the record, my plan to not bring three parcels to Bob has the event dated two days ago. This record does not establish that the event occurred.","[{""output"": ""Author: David. Record date: 2026-10-01. As described in the record, my plan to not bring three parcels to Bob has the event dated two days ago. This record does not establish that the event occurred."", ""frame"": {""view_date"": ""2026-10-08"", ""perspective"": ""first""}, ""target_text"": ""Author: David. Record date: 2026-10-01. As described in the record, my plan to not bring three parcels to Bob has the event dated two days ago. This record does not establish that the event occurred.""}]","Author: David. Record date: 2026-10-01. As described in the record, my plan to not bring three parcels to Bob has the event dated three days ago. This record does not establish that the event occurred.","Author: David. Record date: 2026-10-01. As described in the record, my plan to not bring three parcels to Bob has the event dated three days ago. This record does not establish that the event occurred.",True,,,
g11_template_ood_0058,template_ood,-2,M08,"Author: David. Record date: 2026-10-01. As described in the record, my plan to not bring three parcels to Bob has the event dated two days ago. This record does not establish that the event occurred.","Author: David. Record date: 2026-10-01. As described in the record, my plan to not bring three parcels to Bob has the event dated two days ago. This record does not establish that the event occurred.","[{""output"": ""Author: David. Record date: 2026-10-01. As described in the record, my plan to not bring three parcels to Bob has the event dated two days ago. This record does not establish that the event occurred."", ""frame"": {""view_date"": ""2026-10-08"", ""perspective"": ""first""}, ""target_text"": ""Author: David. Record date: 2026-10-01. As described in the record, my plan to not bring three parcels to Bob has the event dated two days ago. This record does not establish that the event occurred.""}]","Author: David. Record date: 2026-10-01. As described in the record, my plan to not bring three parcels to Bob has the event dated three days ago. This record does not establish that the event occurred.","Author: David. Record date: 2026-10-01. As described in the record, my plan to not bring three parcels to Bob has the event dated three days ago. This record does not establish that the event occurred.",True,,,
g11_template_ood_0058,template_ood,-2,M09,"Author: David. Record date: 2026-10-01. As described in the record, my plan to not bring three parcels to Bob has the event dated two days ago. This record does not establish that the event occurred.","Author: David. Record date: 2026-10-01. As described in the record, my plan to not bring three parcels to Bob has the event dated two days ago. This record does not establish that the event occurred.","[{""output"": ""Author: David. Record date: 2026-10-01. As described in the record, my plan to not bring three parcels to Bob has the event dated yesterday. This record does not establish that the event occurred."", ""frame"": {""view_date"": ""2026-10-07"", ""perspective"": ""first""}, ""target_text"": ""Author: David. Record date: 2026-10-01. As described in the record, my plan to not bring three parcels to Bob has the event dated yesterday. This record does not establish that the event occurred.""}, {""output"": ""Author: David. Record date: 2026-10-01. As described in the record, my plan to not bring three parcels to Bob has the event dated two days ago. This record does not establish that the event occurred."", ""frame"": {""view_date"": ""2026-10-08"", ""perspective"": ""first""}, ""target_text"": ""Author: David. Record date: 2026-10-01. As described in the record, my plan to not bring three parcels to Bob has the event dated two days ago. This record does not establish that the event occurred.""}]","Author: David. Record date: 2026-10-01. As described in the record, my plan to not bring three parcels to Bob has the event dated three days ago. This record does not establish that the event occurred.","Author: David. Record date: 2026-10-01. As described three days ago, my plan to not bring three parcels to Bob has the three days old ago. This record does not establish that the event occurred three days",True,,,
g11_template_ood_0058,template_ood,-1,M12,"Author: David. Record date: 2026-10-01. As described in the record, my plan to not bring three parcels to Bob has the event dated yesterday. This record does not establish that the event occurred.",,,"Author: David. Record date: 2026-10-01. As described in the record, my plan to not bring three parcels to Bob has the event dated two days ago. This record does not establish that the event occurred.","Author: David. Record date: 2026-10-01. As described in the record, my plan to not bring three parcels to Bob has the event dated two days ago. This record does not establish that the event occurred.",True,,,
g11_template_ood_0058,template_ood,-1,M20,"Author: David. Record date: 2026-10-01. As described in the record, my plan to not bring three parcels to Bob has the event dated yesterday. This record does not establish that the event occurred.",,,"Author: David. Record date: 2026-10-01. As described in the record, my plan to not bring three parcels to Bob has the event dated two days ago. This record does not establish that the event occurred.","Author: David. Record date: 2026-10-01. As described in the record, my plan to not bring three parcels to Bob has the event dated two days ago. This record does not establish that the event occurred.",True,,,
g11_template_ood_0058,template_ood,-1,M13,"Author: David. Record date: 2026-10-01. As described in the record, my plan to not bring three parcels to Bob has the event dated yesterday. This record does not establish that the event occurred.",,,"Author: David. Record date: 2026-10-01. As described in the record, my plan to not bring three parcels to Bob has the event dated two days ago. This record does not establish that the event occurred.",Author: three days ago. Record date three days three days days ago,True,,,
g11_template_ood_0058,template_ood,-1,M03,"Author: David. Record date: 2026-10-01. As described in the record, my plan to not bring three parcels to Bob has the event dated yesterday. This record does not establish that the event occurred.",,,"Author: David. Record date: 2026-10-01. As described in the record, my plan to not bring three parcels to Bob has the event dated two days ago. This record does not establish that the event occurred.","Author: David. Record date: 2026-10-01. As described in the record, my plan to not bring three parcels to Bob has the event dated yesterday. This record does not establish that the event occurred.",True,,,
g11_template_ood_0058,template_ood,-1,M07,"Author: David. Record date: 2026-10-01. As described in the record, my plan to not bring three parcels to Bob has the event dated yesterday. This record does not establish that the event occurred.","Author: David. Record date: 2026-10-01. As described in the record, my plan to not bring three parcels to Bob has the event dated yesterday. This record does not establish that the event occurred.","[{""output"": ""Author: David. Record date: 2026-10-01. As described in the record, my plan to not bring three parcels to Bob has the event dated yesterday. This record does not establish that the event occurred."", ""frame"": {""view_date"": ""2026-10-07"", ""perspective"": ""first""}, ""target_text"": ""Author: David. Record date: 2026-10-01. As described in the record, my plan to not bring three parcels to Bob has the event dated yesterday. This record does not establish that the event occurred.""}]","Author: David. Record date: 2026-10-01. As described in the record, my plan to not bring three parcels to Bob has the event dated two days ago. This record does not establish that the event occurred.","Author: David. Record date: 2026-10-01. As described in the record, my plan to not bring three parcels to Bob has the event dated two days ago. This record does not establish that the event occurred.",True,,,
g11_template_ood_0058,template_ood,-1,M17,"Author: David. Record date: 2026-10-01. As described in the record, my plan to not bring three parcels to Bob has the event dated yesterday. This record does not establish that the event occurred.","Author: David. Record date: 2026-10-01. As described in the record, my plan to not bring three parcels to Bob has the event dated yesterday. This record does not establish that the event occurred.","[{""output"": ""Author: David. Record date: 2026-10-01. As described in the record, my plan to not bring three parcels to Bob has the event dated yesterday. This record does not establish that the event occurred."", ""frame"": {""view_date"": ""2026-10-07"", ""perspective"": ""first""}, ""target_text"": ""Author: David. Record date: 2026-10-01. As described in the record, my plan to not bring three parcels to Bob has the event dated yesterday. This record does not establish that the event occurred.""}]","Author: David. Record date: 2026-10-01. As described in the record, my plan to not bring three parcels to Bob has the event dated two days ago. This record does not establish that the event occurred.","Author: David. Record date: 2026-10-01. As described in the record, my plan to not bring three parcels to Bob has the event dated two days ago. This record does not establish that the event occurred.",True,,,
g11_template_ood_0058,template_ood,-1,M01,"Author: David. Record date: 2026-10-01. As described in the record, my plan to not bring three parcels to Bob has the event dated yesterday. This record does not establish that the event occurred.","Author: David. Record date: 2026-10-01. As described in the record, my plan to not bring three parcels to Bob has the event dated yesterday. This record does not establish that the event occurred.","[{""output"": ""Author: David. Record date: 2026-10-01. As described in the record, my plan to not bring three parcels to Bob has the event dated today. This record does not establish that the event occurred."", ""frame"": {""view_date"": ""2026-10-06"", ""perspective"": ""first""}, ""target_text"": ""Author: David. Record date: 2026-10-01. As described in the record, my plan to not bring three parcels to Bob has the event dated today. This record does not establish that the event occurred.""}, {""output"": ""Author: David. Record date: 2026-10-01. As described in the record, my plan to not bring three parcels to Bob has the event dated yesterday. This record does not establish that the event occurred."", ""frame"": {""view_date"": ""2026-10-07"", ""perspective"": ""first""}, ""target_text"": ""Author: David. Record date: 2026-10-01. As described in the record, my plan to not bring three parcels to Bob has the event dated yesterday. This record does not establish that the event occurred.""}]","Author: David. Record date: 2026-10-01. As described in the record, my plan to not bring three parcels to Bob has the event dated two days ago. This record does not establish that the event occurred.","Author: David. Record date: 2026-10-01. As described in the record, my plan to not bring three parcels to Bob has the event dated three days ago. This record does not establish that the event occurred.",True,,,
g11_template_ood_0058,template_ood,-2,M07,"Author: David. Record date: 2026-10-01. As described in the record, my plan to not bring three parcels to Bob has the event dated two days ago. This record does not establish that the event occurred.","Author: David. Record date: 2026-10-01. As described in the record, my plan to not bring three parcels to Bob has the event dated two days ago. This record does not establish that the event occurred.","[{""output"": ""Author: David. Record date: 2026-10-01. As described in the record, my plan to not bring three parcels to Bob has the event dated two days ago. This record does not establish that the event occurred."", ""frame"": {""view_date"": ""2026-10-08"", ""perspective"": ""first""}, ""target_text"": ""Author: David. Record date: 2026-10-01. As described in the record, my plan to not bring three parcels to Bob has the event dated two days ago. This record does not establish that the event occurred.""}]","Author: David. Record date: 2026-10-01. As described in the record, my plan to not bring three parcels to Bob has the event dated three days ago. This record does not establish that the event occurred.","Author: David. Record date: 2026-10-01. As described in the record, my plan to not bring three parcels to Bob has the event dated three days ago. This record does not establish that the event occurred.",True,,,
g11_template_ood_0058,template_ood,-2,M17,"Author: David. Record date: 2026-10-01. As described in the record, my plan to not bring three parcels to Bob has the event dated two days ago. This record does not establish that the event occurred.","Author: David. Record date: 2026-10-01. As described in the record, my plan to not bring three parcels to Bob has the event dated two days ago. This record does not establish that the event occurred.","[{""output"": ""Author: David. Record date: 2026-10-01. As described in the record, my plan to not bring three parcels to Bob has the event dated two days ago. This record does not establish that the event occurred."", ""frame"": {""view_date"": ""2026-10-08"", ""perspective"": ""first""}, ""target_text"": ""Author: David. Record date: 2026-10-01. As described in the record, my plan to not bring three parcels to Bob has the event dated two days ago. This record does not establish that the event occurred.""}]","Author: David. Record date: 2026-10-01. As described in the record, my plan to not bring three parcels to Bob has the event dated three days ago. This record does not establish that the event occurred.","Author: David. Record date: 2026-10-01. As described in the record, my plan to not bring three parcels to Bob has the event dated three days ago. This record does not establish that the event occurred.",True,,,
g11_template_ood_0058,template_ood,-2,M01,"Author: David. Record date: 2026-10-01. As described in the record, my plan to not bring three parcels to Bob has the event dated two days ago. This record does not establish that the event occurred.","Author: David. Record date: 2026-10-01. As described in the record, my plan to not bring three parcels to Bob has the event dated two days ago. This record does not establish that the event occurred.","[{""output"": ""Author: David. Record date: 2026-10-01. As described in the record, my plan to not bring three parcels to Bob has the event dated yesterday. This record does not establish that the event occurred."", ""frame"": {""view_date"": ""2026-10-07"", ""perspective"": ""first""}, ""target_text"": ""Author: David. Record date: 2026-10-01. As described in the record, my plan to not bring three parcels to Bob has the event dated yesterday. This record does not establish that the event occurred.""}, {""output"": ""Author: David. Record date: 2026-10-01. As described in the record, my plan to not bring three parcels to Bob has the event dated two days ago. This record does not establish that the event occurred."", ""frame"": {""view_date"": ""2026-10-08"", ""perspective"": ""first""}, ""target_text"": ""Author: David. Record date: 2026-10-01. As described in the record, my plan to not bring three parcels to Bob has the event dated two days ago. This record does not establish that the event occurred.""}]","Author: David. Record date: 2026-10-01. As described in the record, my plan to not bring three parcels to Bob has the event dated three days ago. This record does not establish that the event occurred.","Author: David. Record date: 2026-10-01. As described in the record, my plan to not bring three parcels to Bob has the event dated two days ago. This record does not establish that the event occurred.",True,,,
g11_template_ood_0058,template_ood,-1,M15,"Author: David. Record date: 2026-10-01. As described in the record, my plan to not bring three parcels to Bob has the event dated yesterday. This record does not establish that the event occurred.",,,"Author: David. Record date: 2026-10-01. As described in the record, my plan to not bring three parcels to Bob has the event dated two days ago. This record does not establish that the event occurred.","Author: David. Record date: 2026-10-01. As described in the record, my plan to not bring three parcels to Bob has the event dated two days ago. This record does not establish that the event occurred.",True,,,
g11_template_ood_0058,template_ood,-1,M21,"Author: David. Record date: 2026-10-01. As described in the record, my plan to not bring three parcels to Bob has the event dated yesterday. This record does not establish that the event occurred.",,,"Author: David. Record date: 2026-10-01. As described in the record, my plan to not bring three parcels to Bob has the event dated two days ago. This record does not establish that the event occurred.","Author: David. Record date: 2026-10-01. As described in the record, my plan to not bring three parcels to Bob has the event dated three days ago. This record does not establish that the event occurred.",True,,,
g11_template_ood_0058,template_ood,-1,M16,"Author: David. Record date: 2026-10-01. As described in the record, my plan to not bring three parcels to Bob has the event dated yesterday. This record does not establish that the event occurred.",,,"Author: David. Record date: 2026-10-01. As described in the record, my plan to not bring three parcels to Bob has the event dated two days ago. This record does not establish that the event occurred.",Author: David. Record date four four has four. four days,True,,,
g11_template_ood_0058,template_ood,-1,M02,"Author: David. Record date: 2026-10-01. As described in the record, my plan to not bring three parcels to Bob has the event dated yesterday. This record does not establish that the event occurred.",,,"Author: David. Record date: 2026-10-01. As described in the record, my plan to not bring three parcels to Bob has the event dated two days ago. This record does not establish that the event occurred.","Author: David. Record date: 2026-10-01. As described in the record, my plan to not bring three parcels to Bob has the event dated yesterday. This record does not establish that the event occurred.",True,,,
g11_template_ood_0058,template_ood,-1,M06,"Author: David. Record date: 2026-10-01. As described in the record, my plan to not bring three parcels to Bob has the event dated yesterday. This record does not establish that the event occurred.","Author: David. Record date: 2026-10-01. As described in the record, my plan to not bring three parcels to Bob has the event dated yesterday. This record does not establish that the event occurred.","[{""output"": ""Author: David. Record date: 2026-10-01. As described in the record, my plan to not bring three parcels to Bob has the event dated yesterday. This record does not establish that the event occurred."", ""frame"": {""view_date"": ""2026-10-07"", ""perspective"": ""first""}, ""target_text"": ""Author: David. Record date: 2026-10-01. As described in the record, my plan to not bring three parcels to Bob has the event dated yesterday. This record does not establish that the event occurred.""}]","Author: David. Record date: 2026-10-01. As described in the record, my plan to not bring three parcels to Bob has the event dated two days ago. This record does not establish that the event occurred.","Author: David. Record date: 2026-10-01. As described in the record, my plan to not bring three parcels to Bob has the event dated two days ago. This record does not establish that the event occurred.",True,,,
g11_template_ood_0058,template_ood,-1,M05,"Author: David. Record date: 2026-10-01. As described in the record, my plan to not bring three parcels to Bob has the event dated yesterday. This record does not establish that the event occurred.","Author: David. Record date: 2026-10-01. As described in the record, my plan to not bring three parcels to Bob has the event dated yesterday. This record does not establish that the event occurred.","[{""output"": ""Author: David. Record date: 2026-10-01. As described in the record, my plan to not bring three parcels to Bob has the event dated yesterday. This record does not establish that the event occurred."", ""frame"": {""view_date"": ""2026-10-07"", ""perspective"": ""first""}, ""target_text"": ""Author: David. Record date: 2026-10-01. As described in the record, my plan to not bring three parcels to Bob has the event dated yesterday. This record does not establish that the event occurred.""}]","Author: David. Record date: 2026-10-01. As described in the record, my plan to not bring three parcels to Bob has the event dated two days ago. This record does not establish that the event occurred.","Author: David. Record date: 2026-10-01. As described in the record, my plan to not bring three parcels to Bob has the event dated two days ago. This record does not establish that the event occurred.",True,,,
g11_template_ood_0058,template_ood,-1,M10,"Author: David. Record date: 2026-10-01. As described in the record, my plan to not bring three parcels to Bob has the event dated yesterday. This record does not establish that the event occurred.","Author: David. Record date: 2026-10-01. As described in the record, my plan to not bring three parcels to Bob has the event dated yesterday. This record does not establish that the event occurred.","[{""output"": ""Author: David. Record date: 2026-10-01. As described in the record, my plan to not bring three parcels to Bob has the event dated today. This record does not establish that the event occurred."", ""frame"": {""view_date"": ""2026-10-06"", ""perspective"": ""first""}, ""target_text"": ""Author: David. Record date: 2026-10-01. As described in the record, my plan to not bring three parcels to Bob has the event dated today. This record does not establish that the event occurred.""}, {""output"": ""Author: David. Record date: 2026-10-01. As described in the record, my plan to not bring three parcels to Bob has the event dated yesterday. This record does not establish that the event occurred."", ""frame"": {""view_date"": ""2026-10-07"", ""perspective"": ""first""}, ""target_text"": ""Author: David. Record date: 2026-10-01. As described in the record, my plan to not bring three parcels to Bob has the event dated yesterday. This record does not establish that the event occurred.""}]","Author: David. Record date: 2026-10-01. As described in the record, my plan to not bring three parcels to Bob has the event dated two days ago. This record does not establish that the event occurred.","Author: David. Record date: 2026-10-01. As described in the record, my plan to not bring three parcels to Bob has the event dated three days ago. This record does not establish that the event occurred.",True,,,
g11_template_ood_0058,template_ood,-2,M06,"Author: David. Record date: 2026-10-01. As described in the record, my plan to not bring three parcels to Bob has the event dated two days ago. This record does not establish that the event occurred.","Author: David. Record date: 2026-10-01. As described in the record, my plan to not bring three parcels to Bob has the event dated two days ago. This record does not establish that the event occurred.","[{""output"": ""Author: David. Record date: 2026-10-01. As described in the record, my plan to not bring three parcels to Bob has the event dated two days ago. This record does not establish that the event occurred."", ""frame"": {""view_date"": ""2026-10-08"", ""perspective"": ""first""}, ""target_text"": ""Author: David. Record date: 2026-10-01. As described in the record, my plan to not bring three parcels to Bob has the event dated two days ago. This record does not establish that the event occurred.""}]","Author: David. Record date: 2026-10-01. As described in the record, my plan to not bring three parcels to Bob has the event dated three days ago. This record does not establish that the event occurred.","Author: David. Record date: 2026-10-01. As described in the record, my plan to not bring three parcels to Bob has the event dated three days ago. This record does not establish that the event occurred.",True,,,
g11_template_ood_0058,template_ood,-2,M05,"Author: David. Record date: 2026-10-01. As described in the record, my plan to not bring three parcels to Bob has the event dated two days ago. This record does not establish that the event occurred.","Author: David. Record date: 2026-10-01. As described in the record, my plan to not bring three parcels to Bob has the event dated two days ago. This record does not establish that the event occurred.","[{""output"": ""Author: David. Record date: 2026-10-01. As described in the record, my plan to not bring three parcels to Bob has the event dated two days ago. This record does not establish that the event occurred."", ""frame"": {""view_date"": ""2026-10-08"", ""perspective"": ""first""}, ""target_text"": ""Author: David. Record date: 2026-10-01. As described in the record, my plan to not bring three parcels to Bob has the event dated two days ago. This record does not establish that the event occurred.""}]","Author: David. Record date: 2026-10-01. As described in the record, my plan to not bring three parcels to Bob has the event dated three days ago. This record does not establish that the event occurred.","Author: David. Record date: 2026-10-01. As described in the record, my plan to not bring three parcels to Bob has the event dated three days ago. This record does not establish that the event occurred.",True,,,
g11_template_ood_0058,template_ood,-2,M10,"Author: David. Record date: 2026-10-01. As described in the record, my plan to not bring three parcels to Bob has the event dated two days ago. This record does not establish that the event occurred.","Author: David. Record date: 2026-10-01. As described in the record, my plan to not bring three parcels to Bob has the event dated two days ago. This record does not establish that the event occurred.","[{""output"": ""Author: David. Record date: 2026-10-01. As described in the record, my plan to not bring three parcels to Bob has the event dated yesterday. This record does not establish that the event occurred."", ""frame"": {""view_date"": ""2026-10-07"", ""perspective"": ""first""}, ""target_text"": ""Author: David. Record date: 2026-10-01. As described in the record, my plan to not bring three parcels to Bob has the event dated yesterday. This record does not establish that the event occurred.""}, {""output"": ""Author: David. Record date: 2026-10-01. As described in the record, my plan to not bring three parcels to Bob has the event dated two days ago. This record does not establish that the event occurred."", ""frame"": {""view_date"": ""2026-10-08"", ""perspective"": ""first""}, ""target_text"": ""Author: David. Record date: 2026-10-01. As described in the record, my plan to not bring three parcels to Bob has the event dated two days ago. This record does not establish that the event occurred.""}]","Author: David. Record date: 2026-10-01. As described in the record, my plan to not bring three parcels to Bob has the event dated three days ago. This record does not establish that the event occurred.","Author: David. Record date: 2026-10-01. As described in the record, my plan to not bring three parcels to Bob has the event dated three days ago. This record does not establish that the event four days ago",True,,,
g11_template_ood_0058,template_ood,-1,M04,"Author: David. Record date: 2026-10-01. As described in the record, my plan to not bring three parcels to Bob has the event dated yesterday. This record does not establish that the event occurred.",,,"Author: David. Record date: 2026-10-01. As described in the record, my plan to not bring three parcels to Bob has the event dated two days ago. This record does not establish that the event occurred.","Author: David. Record date: 2026-10-01. As described in the record, my plan to not bring three parcels to Bob has the event dated two days ago. This record does not establish that the event occurred.",True,,,
g11_template_ood_0058,template_ood,-1,M11,"Author: David. Record date: 2026-10-01. As described in the record, my plan to not bring three parcels to Bob has the event dated yesterday. This record does not establish that the event occurred.",,,"Author: David. Record date: 2026-10-01. As described in the record, my plan to not bring three parcels to Bob has the event dated two days ago. This record does not establish that the event occurred.","Author: David. Record date: 2026-10-01. As described in the record, my plan to not bring three parcels to Bob has the event dated three days ago. This record does not establish that the event occurred.",True,,,
g11_template_ood_0058,template_ood,-1,M18,"Author: David. Record date: 2026-10-01. As described in the record, my plan to not bring three parcels to Bob has the event dated yesterday. This record does not establish that the event occurred.",,,"Author: David. Record date: 2026-10-01. As described in the record, my plan to not bring three parcels to Bob has the event dated two days ago. This record does not establish that the event occurred.", 3-4-3. These tomorrow tomorrow tomorrow.,True,,,
g11_template_ood_0058,template_ood,-1,M14,"Author: David. Record date: 2026-10-01. As described in the record, my plan to not bring three parcels to Bob has the event dated yesterday. This record does not establish that the event occurred.",,,"Author: David. Record date: 2026-10-01. As described in the record, my plan to not bring three parcels to Bob has the event dated two days ago. This record does not establish that the event occurred.","Author: David. Record date: 2026-10-01. As described in the record, my plan to not bring three parcels to Bob has the event dated yesterday. This record does not establish that the event occurred.",True,,,
g11_template_ood_0020,template_ood,-1,M19,Author: Carol. Record date: 2026-12-09. What the record describes for an event dated yesterday is my plan to not bring seven sensors to Emma. This record does not establish that the event occurred.,Author: Carol. Record date: 2026-12-09. What the record describes for an event dated yesterday is my plan to not bring seven sensors to Emma. This record does not establish that the event occurred.,"[{""output"": ""Author: Carol. Record date: 2026-12-09. What the record describes for an event dated yesterday is my plan to not bring seven sensors to Emma. This record does not establish that the event occurred."", ""frame"": {""view_date"": ""2026-12-15"", ""perspective"": ""first""}, ""target_text"": ""Author: Carol. Record date: 2026-12-09. What the record describes for an event dated yesterday is my plan to not bring seven sensors to Emma. This record does not establish that the event occurred.""}]",Author: Carol. Record date: 2026-12-09. What the record describes for an event dated two days ago is my plan to not bring seven sensors to Emma. This record does not establish that the event occurred.,Author: Carol. Record date: 2026-12-09. What the record describes for an event dated two days ago is my plan to not bring seven sensors to Emma. This record does not establish that the event occurred.,True,,,
g11_template_ood_0020,template_ood,-1,M08,Author: Carol. Record date: 2026-12-09. What the record describes for an event dated yesterday is my plan to not bring seven sensors to Emma. This record does not establish that the event occurred.,Author: Carol. Record date: 2026-12-09. What the record describes for an event dated yesterday is my plan to not bring seven sensors to Emma. This record does not establish that the event occurred.,"[{""output"": ""Author: Carol. Record date: 2026-12-09. What the record describes for an event dated yesterday is my plan to not bring seven sensors to Emma. This record does not establish that the event occurred."", ""frame"": {""view_date"": ""2026-12-15"", ""perspective"": ""first""}, ""target_text"": ""Author: Carol. Record date: 2026-12-09. What the record describes for an event dated yesterday is my plan to not bring seven sensors to Emma. This record does not establish that the event occurred.""}]",Author: Carol. Record date: 2026-12-09. What the record describes for an event dated two days ago is my plan to not bring seven sensors to Emma. This record does not establish that the event occurred.,Author: Carol. Record date: 2026-12-09. What the record describes for an event dated two days ago is my plan to not bring seven sensors to Emma. This record does not establish that the event occurred.,True,,,
g11_template_ood_0020,template_ood,-1,M09,Author: Carol. Record date: 2026-12-09. What the record describes for an event dated yesterday is my plan to not bring seven sensors to Emma. This record does not establish that the event occurred.,Author: Carol. Record date: 2026-12-09. What the record describes for an event dated yesterday is my plan to not bring seven sensors to Emma. This record does not establish that the event occurred.,"[{""output"": ""Author: Carol. Record date: 2026-12-09. What the record describes for an event dated today is my plan to not bring seven sensors to Emma. This record does not establish that the event occurred."", ""frame"": {""view_date"": ""2026-12-14"", ""perspective"": ""first""}, ""target_text"": ""Author: Carol. Record date: 2026-12-09. What the record describes for an event dated today is my plan to not bring seven sensors to Emma. This record does not establish that the event occurred.""}, {""output"": ""Author: Carol. Record date: 2026-12-09. What the record describes for an event dated yesterday is my plan to not bring seven sensors to Emma. This record does not establish that the event occurred."", ""frame"": {""view_date"": ""2026-12-15"", ""perspective"": ""first""}, ""target_text"": ""Author: Carol. Record date: 2026-12-09. What the record describes for an event dated yesterday is my plan to not bring seven sensors to Emma. This record does not establish that the event occurred.""}]",Author: Carol. Record date: 2026-12-09. What the record describes for an event dated two days ago is my plan to not bring seven sensors to Emma. This record does not establish that the event occurred.,Author: Carol. Record date: 2026-12-09. What the record describes yesterday is my plan to not bring seven sensors to Emma. This record does not establish that the event occurred.,True,,,
g11_template_ood_0020,template_ood,-2,M19,Author: Carol. Record date: 2026-12-09. What the record describes for an event dated two days ago is my plan to not bring seven sensors to Emma. This record does not establish that the event occurred.,Author: Carol. Record date: 2026-12-09. What the record describes for an event dated two days ago is my plan to not bring seven sensors to Emma. This record does not establish that the event occurred.,"[{""output"": ""Author: Carol. Record date: 2026-12-09. What the record describes for an event dated two days ago is my plan to not bring seven sensors to Emma. This record does not establish that the event occurred."", ""frame"": {""view_date"": ""2026-12-16"", ""perspective"": ""first""}, ""target_text"": ""Author: Carol. Record date: 2026-12-09. What the record describes for an event dated two days ago is my plan to not bring seven sensors to Emma. This record does not establish that the event occurred.""}]",Author: Carol. Record date: 2026-12-09. What the record describes for an event dated three days ago is my plan to not bring seven sensors to Emma. This record does not establish that the event occurred.,Author: Carol. Record date: 2026-12-09. What the record describes for an event dated three days ago is my plan to not bring seven sensors to Emma. This record does not establish that the event occurred.,True,,,
g11_template_ood_0020,template_ood,-2,M08,Author: Carol. Record date: 2026-12-09. What the record describes for an event dated two days ago is my plan to not bring seven sensors to Emma. This record does not establish that the event occurred.,Author: Carol. Record date: 2026-12-09. What the record describes for an event dated two days ago is my plan to not bring seven sensors to Emma. This record does not establish that the event occurred.,"[{""output"": ""Author: Carol. Record date: 2026-12-09. What the record describes for an event dated two days ago is my plan to not bring seven sensors to Emma. This record does not establish that the event occurred."", ""frame"": {""view_date"": ""2026-12-16"", ""perspective"": ""first""}, ""target_text"": ""Author: Carol. Record date: 2026-12-09. What the record describes for an event dated two days ago is my plan to not bring seven sensors to Emma. This record does not establish that the event occurred.""}]",Author: Carol. Record date: 2026-12-09. What the record describes for an event dated three days ago is my plan to not bring seven sensors to Emma. This record does not establish that the event occurred.,Author: Carol. Record date: 2026-12-09. What the record describes for an event dated three is my plan to not bring seven sensors to Emma. This record does not establish that the event occurred.,True,,,
g11_template_ood_0020,template_ood,-2,M09,Author: Carol. Record date: 2026-12-09. What the record describes for an event dated two days ago is my plan to not bring seven sensors to Emma. This record does not establish that the event occurred.,Author: Carol. Record date: 2026-12-09. What the record describes for an event dated two days ago is my plan to not bring seven sensors to Emma. This record does not establish that the event occurred.,"[{""output"": ""Author: Carol. Record date: 2026-12-09. What the record describes for an event dated yesterday is my plan to not bring seven sensors to Emma. This record does not establish that the event occurred."", ""frame"": {""view_date"": ""2026-12-15"", ""perspective"": ""first""}, ""target_text"": ""Author: Carol. Record date: 2026-12-09. What the record describes for an event dated yesterday is my plan to not bring seven sensors to Emma. This record does not establish that the event occurred.""}, {""output"": ""Author: Carol. Record date: 2026-12-09. What the record describes for an event dated two days ago is my plan to not bring seven sensors to Emma. This record does not establish that the event occurred."", ""frame"": {""view_date"": ""2026-12-16"", ""perspective"": ""first""}, ""target_text"": ""Author: Carol. Record date: 2026-12-09. What the record describes for an event dated two days ago is my plan to not bring seven sensors to Emma. This record does not establish that the event occurred.""}]",Author: Carol. Record date: 2026-12-09. What the record describes for an event dated three days ago is my plan to not bring seven sensors to Emma. This record does not establish that the event occurred.,Author: Carol. Record date: 2026-12-09. What the record says two days ago is my plan to not bring seven sensors to Emma. This record does not establish that the event occurred.,True,,,
g11_template_ood_0020,template_ood,-1,M12,Author: Carol. Record date: 2026-12-09. What the record describes for an event dated yesterday is my plan to not bring seven sensors to Emma. This record does not establish that the event occurred.,,,Author: Carol. Record date: 2026-12-09. What the record describes for an event dated two days ago is my plan to not bring seven sensors to Emma. This record does not establish that the event occurred.,Author: Carol. Record date: 2026-12-09. What the record describes for an event dated two days ago is my plan to not bring seven sensors to Emma. This record does not establish that the event occurred.,True,,,
g11_template_ood_0020,template_ood,-1,M20,Author: Carol. Record date: 2026-12-09. What the record describes for an event dated yesterday is my plan to not bring seven sensors to Emma. This record does not establish that the event occurred.,,,Author: Carol. Record date: 2026-12-09. What the record describes for an event dated two days ago is my plan to not bring seven sensors to Emma. This record does not establish that the event occurred.,Author: Carol. Record date: 2026-12-09. What the record describes yesterday is my plan to not bring seven sensors to Emma. This record does not establish that the event occurred.,True,,,
g11_template_ood_0020,template_ood,-1,M13,Author: Carol. Record date: 2026-12-09. What the record describes for an event dated yesterday is my plan to not bring seven sensors to Emma. This record does not establish that the event occurred.,,,Author: Carol. Record date: 2026-12-09. What the record describes for an event dated two days ago is my plan to not bring seven sensors to Emma. This record does not establish that the event occurred.,Author: three days two days ago. Record date two days three days ago is three days three today. These three days are two days two sensors to two days. This record three days does not establish three days days ago three days old three days.' This record does not recon that the event occurred,True,,,
g11_template_ood_0020,template_ood,-1,M03,Author: Carol. Record date: 2026-12-09. What the record describes for an event dated yesterday is my plan to not bring seven sensors to Emma. This record does not establish that the event occurred.,,,Author: Carol. Record date: 2026-12-09. What the record describes for an event dated two days ago is my plan to not bring seven sensors to Emma. This record does not establish that the event occurred.,Author: Carol. Record date: 2026-12-09. What the record describes for an event dated yesterday is my plan to not bring seven sensors to Emma. This record does not establish that the event occurred.,True,,,
g11_template_ood_0020,template_ood,-1,M07,Author: Carol. Record date: 2026-12-09. What the record describes for an event dated yesterday is my plan to not bring seven sensors to Emma. This record does not establish that the event occurred.,Author: Carol. Record date: 2026-12-09. What the record describes for an event dated yesterday is my plan to not bring seven sensors to Emma. This record does not establish that the event occurred.,"[{""output"": ""Author: Carol. Record date: 2026-12-09. What the record describes for an event dated yesterday is my plan to not bring seven sensors to Emma. This record does not establish that the event occurred."", ""frame"": {""view_date"": ""2026-12-15"", ""perspective"": ""first""}, ""target_text"": ""Author: Carol. Record date: 2026-12-09. What the record describes for an event dated yesterday is my plan to not bring seven sensors to Emma. This record does not establish that the event occurred.""}]",Author: Carol. Record date: 2026-12-09. What the record describes for an event dated two days ago is my plan to not bring seven sensors to Emma. This record does not establish that the event occurred.,Author: Carol. Record date: 2026-12-09. What the record describes for an event dated two days ago is my plan to not bring seven sensors to Emma. This record does not establish that the event occurred.,True,,,
g11_template_ood_0020,template_ood,-1,M17,Author: Carol. Record date: 2026-12-09. What the record describes for an event dated yesterday is my plan to not bring seven sensors to Emma. This record does not establish that the event occurred.,Author: Carol. Record date: 2026-12-09. What the record describes for an event dated yesterday is my plan to not bring seven sensors to Emma. This record does not establish that the event occurred.,"[{""output"": ""Author: Carol. Record date: 2026-12-09. What the record describes for an event dated yesterday is my plan to not bring seven sensors to Emma. This record does not establish that the event occurred."", ""frame"": {""view_date"": ""2026-12-15"", ""perspective"": ""first""}, ""target_text"": ""Author: Carol. Record date: 2026-12-09. What the record describes for an event dated yesterday is my plan to not bring seven sensors to Emma. This record does not establish that the event occurred.""}]",Author: Carol. Record date: 2026-12-09. What the record describes for an event dated two days ago is my plan to not bring seven sensors to Emma. This record does not establish that the event occurred.,Author: Carol. Record date: 2026-12-09. What the record describes for an event dated two days ago is my plan to not bring seven sensors to Emma. This record does not establish that the event occurred.,True,,,
g11_template_ood_0020,template_ood,-1,M01,Author: Carol. Record date: 2026-12-09. What the record describes for an event dated yesterday is my plan to not bring seven sensors to Emma. This record does not establish that the event occurred.,Author: Carol. Record date: 2026-12-09. What the record describes for an event dated yesterday is my plan to not bring seven sensors to Emma. This record does not establish that the event occurred.,"[{""output"": ""Author: Carol. Record date: 2026-12-09. What the record describes for an event dated today is my plan to not bring seven sensors to Emma. This record does not establish that the event occurred."", ""frame"": {""view_date"": ""2026-12-14"", ""perspective"": ""first""}, ""target_text"": ""Author: Carol. Record date: 2026-12-09. What the record describes for an event dated today is my plan to not bring seven sensors to Emma. This record does not establish that the event occurred.""}, {""output"": ""Author: Carol. Record date: 2026-12-09. What the record describes for an event dated yesterday is my plan to not bring seven sensors to Emma. This record does not establish that the event occurred."", ""frame"": {""view_date"": ""2026-12-15"", ""perspective"": ""first""}, ""target_text"": ""Author: Carol. Record date: 2026-12-09. What the record describes for an event dated yesterday is my plan to not bring seven sensors to Emma. This record does not establish that the event occurred.""}]",Author: Carol. Record date: 2026-12-09. What the record describes for an event dated two days ago is my plan to not bring seven sensors to Emma. This record does not establish that the event occurred.,Author: Carol. Record date: 2026-12-09. What the record describes for an event dated yesterday is my plan to not bring seven sensors to Emma. This record does not establish that the event occurred.,True,,,
g11_template_ood_0020,template_ood,-2,M07,Author: Carol. Record date: 2026-12-09. What the record describes for an event dated two days ago is my plan to not bring seven sensors to Emma. This record does not establish that the event occurred.,Author: Carol. Record date: 2026-12-09. What the record describes for an event dated two days ago is my plan to not bring seven sensors to Emma. This record does not establish that the event occurred.,"[{""output"": ""Author: Carol. Record date: 2026-12-09. What the record describes for an event dated two days ago is my plan to not bring seven sensors to Emma. This record does not establish that the event occurred."", ""frame"": {""view_date"": ""2026-12-16"", ""perspective"": ""first""}, ""target_text"": ""Author: Carol. Record date: 2026-12-09. What the record describes for an event dated two days ago is my plan to not bring seven sensors to Emma. This record does not establish that the event occurred.""}]",Author: Carol. Record date: 2026-12-09. What the record describes for an event dated three days ago is my plan to not bring seven sensors to Emma. This record does not establish that the event occurred.,Author: Carol. Record date: 2026-12-09. What the record describes for an event dated three days ago is my plan to not bring seven sensors to Emma. This record does not establish that the event occurred.,True,,,
g11_template_ood_0020,template_ood,-2,M17,Author: Carol. Record date: 2026-12-09. What the record describes for an event dated two days ago is my plan to not bring seven sensors to Emma. This record does not establish that the event occurred.,Author: Carol. Record date: 2026-12-09. What the record describes for an event dated two days ago is my plan to not bring seven sensors to Emma. This record does not establish that the event occurred.,"[{""output"": ""Author: Carol. Record date: 2026-12-09. What the record describes for an event dated two days ago is my plan to not bring seven sensors to Emma. This record does not establish that the event occurred."", ""frame"": {""view_date"": ""2026-12-16"", ""perspective"": ""first""}, ""target_text"": ""Author: Carol. Record date: 2026-12-09. What the record describes for an event dated two days ago is my plan to not bring seven sensors to Emma. This record does not establish that the event occurred.""}]",Author: Carol. Record date: 2026-12-09. What the record describes for an event dated three days ago is my plan to not bring seven sensors to Emma. This record does not establish that the event occurred.,Author: Carol. Record date: 2026-12-09. What the record describes for an event dated three days ago is my plan to not bring seven sensors to Emma. This record does not establish that the event occurred.,True,,,
g11_template_ood_0020,template_ood,-2,M01,Author: Carol. Record date: 2026-12-09. What the record describes for an event dated two days ago is my plan to not bring seven sensors to Emma. This record does not establish that the event occurred.,Author: Carol. Record date: 2026-12-09. What the record describes for an event dated two days ago is my plan to not bring seven sensors to Emma. This record does not establish that the event occurred.,"[{""output"": ""Author: Carol. Record date: 2026-12-09. What the record describes for an event dated yesterday is my plan to not bring seven sensors to Emma. This record does not establish that the event occurred."", ""frame"": {""view_date"": ""2026-12-15"", ""perspective"": ""first""}, ""target_text"": ""Author: Carol. Record date: 2026-12-09. What the record describes for an event dated yesterday is my plan to not bring seven sensors to Emma. This record does not establish that the event occurred.""}, {""output"": ""Author: Carol. Record date: 2026-12-09. What the record describes for an event dated two days ago is my plan to not bring seven sensors to Emma. This record does not establish that the event occurred."", ""frame"": {""view_date"": ""2026-12-16"", ""perspective"": ""first""}, ""target_text"": ""Author: Carol. Record date: 2026-12-09. What the record describes for an event dated two days ago is my plan to not bring seven sensors to Emma. This record does not establish that the event occurred.""}]",Author: Carol. Record date: 2026-12-09. What the record describes for an event dated three days ago is my plan to not bring seven sensors to Emma. This record does not establish that the event occurred.,Author: Carol. Record date: 2026-12-09. What the record describes for an event dated two days ago is my plan to not bring seven sensors to Emma. This record does not establish that the event occurred.,True,,,
g11_template_ood_0020,template_ood,-1,M15,Author: Carol. Record date: 2026-12-09. What the record describes for an event dated yesterday is my plan to not bring seven sensors to Emma. This record does not establish that the event occurred.,,,Author: Carol. Record date: 2026-12-09. What the record describes for an event dated two days ago is my plan to not bring seven sensors to Emma. This record does not establish that the event occurred.,Author: Carol. Record date: 2026-12-09. What the record describes for an event dated two days ago is my plan to not bring seven sensors to Emma. This record does not establish that the event occurred.,True,,,
g11_template_ood_0020,template_ood,-1,M21,Author: Carol. Record date: 2026-12-09. What the record describes for an event dated yesterday is my plan to not bring seven sensors to Emma. This record does not establish that the event occurred.,,,Author: Carol. Record date: 2026-12-09. What the record describes for an event dated two days ago is my plan to not bring seven sensors to Emma. This record does not establish that the event occurred.,Author: Carol. Record date: 2026-12-09. What the record describes for an event dated yesterday is my plan to not bring seven sensors to Emma. This record does not establish that the event occurred.,True,,,
g11_template_ood_0020,template_ood,-1,M16,Author: Carol. Record date: 2026-12-09. What the record describes for an event dated yesterday is my plan to not bring seven sensors to Emma. This record does not establish that the event occurred.,,,Author: Carol. Record date: 2026-12-09. What the record describes for an event dated two days ago is my plan to not bring seven sensors to Emma. This record does not establish that the event occurred.,Author,True,,,
g11_template_ood_0020,template_ood,-1,M02,Author: Carol. Record date: 2026-12-09. What the record describes for an event dated yesterday is my plan to not bring seven sensors to Emma. This record does not establish that the event occurred.,,,Author: Carol. Record date: 2026-12-09. What the record describes for an event dated two days ago is my plan to not bring seven sensors to Emma. This record does not establish that the event occurred.,Author: Carol. Record date: 2026-12-09. What the record describes for an event dated yesterday is my plan to not bring seven sensors to Emma. This record does not establish that the event occurred.,True,,,
g11_template_ood_0020,template_ood,-1,M06,Author: Carol. Record date: 2026-12-09. What the record describes for an event dated yesterday is my plan to not bring seven sensors to Emma. This record does not establish that the event occurred.,Author: Carol. Record date: 2026-12-09. What the record describes for an event dated yesterday is my plan to not bring seven sensors to Emma. This record does not establish that the event occurred.,"[{""output"": ""Author: Carol. Record date: 2026-12-09. What the record describes for an event dated yesterday is my plan to not bring seven sensors to Emma. This record does not establish that the event occurred."", ""frame"": {""view_date"": ""2026-12-15"", ""perspective"": ""first""}, ""target_text"": ""Author: Carol. Record date: 2026-12-09. What the record describes for an event dated yesterday is my plan to not bring seven sensors to Emma. This record does not establish that the event occurred.""}]",Author: Carol. Record date: 2026-12-09. What the record describes for an event dated two days ago is my plan to not bring seven sensors to Emma. This record does not establish that the event occurred.,Author: Carol. Record date: 2026-12-09. What the record describes for an event dated two days ago is my plan to not bring seven sensors to Emma. This record does not establish that the event occurred.,True,,,
g11_template_ood_0020,template_ood,-1,M05,Author: Carol. Record date: 2026-12-09. What the record describes for an event dated yesterday is my plan to not bring seven sensors to Emma. This record does not establish that the event occurred.,Author: Carol. Record date: 2026-12-09. What the record describes for an event dated yesterday is my plan to not bring seven sensors to Emma. This record does not establish that the event occurred.,"[{""output"": ""Author: Carol. Record date: 2026-12-09. What the record describes for an event dated yesterday is my plan to not bring seven sensors to Emma. This record does not establish that the event occurred."", ""frame"": {""view_date"": ""2026-12-15"", ""perspective"": ""first""}, ""target_text"": ""Author: Carol. Record date: 2026-12-09. What the record describes for an event dated yesterday is my plan to not bring seven sensors to Emma. This record does not establish that the event occurred.""}]",Author: Carol. Record date: 2026-12-09. What the record describes for an event dated two days ago is my plan to not bring seven sensors to Emma. This record does not establish that the event occurred.,Author: Carol. Record date: 2026-12-09. What the record describes for an event dated two days ago is my plan to not bring seven sensors to Emma. This record does not establish that the event occurred.,True,,,
g11_template_ood_0020,template_ood,-1,M10,Author: Carol. Record date: 2026-12-09. What the record describes for an event dated yesterday is my plan to not bring seven sensors to Emma. This record does not establish that the event occurred.,Author: Carol. Record date: 2026-12-09. What the record describes for an event dated yesterday is my plan to not bring seven sensors to Emma. This record does not establish that the event occurred.,"[{""output"": ""Author: Carol. Record date: 2026-12-09. What the record describes for an event dated today is my plan to not bring seven sensors to Emma. This record does not establish that the event occurred."", ""frame"": {""view_date"": ""2026-12-14"", ""perspective"": ""first""}, ""target_text"": ""Author: Carol. Record date: 2026-12-09. What the record describes for an event dated today is my plan to not bring seven sensors to Emma. This record does not establish that the event occurred.""}, {""output"": ""Author: Carol. Record date: 2026-12-09. What the record describes for an event dated yesterday is my plan to not bring seven sensors to Emma. This record does not establish that the event occurred."", ""frame"": {""view_date"": ""2026-12-15"", ""perspective"": ""first""}, ""target_text"": ""Author: Carol. Record date: 2026-12-09. What the record describes for an event dated yesterday is my plan to not bring seven sensors to Emma. This record does not establish that the event occurred.""}]",Author: Carol. Record date: 2026-12-09. What the record describes for an event dated two days ago is my plan to not bring seven sensors to Emma. This record does not establish that the event occurred.,Author: Carol. Record date: 2026-12-09. What the record describes for an event dated yesterday is my plan to not bring seven sensors to Emma. This record does not establish that the event occurred.,True,,,
g11_template_ood_0020,template_ood,-2,M06,Author: Carol. Record date: 2026-12-09. What the record describes for an event dated two days ago is my plan to not bring seven sensors to Emma. This record does not establish that the event occurred.,Author: Carol. Record date: 2026-12-09. What the record describes for an event dated two days ago is my plan to not bring seven sensors to Emma. This record does not establish that the event occurred.,"[{""output"": ""Author: Carol. Record date: 2026-12-09. What the record describes for an event dated two days ago is my plan to not bring seven sensors to Emma. This record does not establish that the event occurred."", ""frame"": {""view_date"": ""2026-12-16"", ""perspective"": ""first""}, ""target_text"": ""Author: Carol. Record date: 2026-12-09. What the record describes for an event dated two days ago is my plan to not bring seven sensors to Emma. This record does not establish that the event occurred.""}]",Author: Carol. Record date: 2026-12-09. What the record describes for an event dated three days ago is my plan to not bring seven sensors to Emma. This record does not establish that the event occurred.,Author: Carol. Record date: 2026-12-09. What the record describes for an event dated three days ago is my plan to not bring seven sensors to Emma. This record does not establish that the event occurred.,True,,,
g11_template_ood_0020,template_ood,-2,M05,Author: Carol. Record date: 2026-12-09. What the record describes for an event dated two days ago is my plan to not bring seven sensors to Emma. This record does not establish that the event occurred.,Author: Carol. Record date: 2026-12-09. What the record describes for an event dated two days ago is my plan to not bring seven sensors to Emma. This record does not establish that the event occurred.,"[{""output"": ""Author: Carol. Record date: 2026-12-09. What the record describes for an event dated two days ago is my plan to not bring seven sensors to Emma. This record does not establish that the event occurred."", ""frame"": {""view_date"": ""2026-12-16"", ""perspective"": ""first""}, ""target_text"": ""Author: Carol. Record date: 2026-12-09. What the record describes for an event dated two days ago is my plan to not bring seven sensors to Emma. This record does not establish that the event occurred.""}]",Author: Carol. Record date: 2026-12-09. What the record describes for an event dated three days ago is my plan to not bring seven sensors to Emma. This record does not establish that the event occurred.,Author: Carol. Record date: 2026-12-09. What the record describes for an event dated three days ago is my plan to not bring seven sensors to Emma. This record does not establish that the event occurred.,True,,,
g11_template_ood_0020,template_ood,-2,M10,Author: Carol. Record date: 2026-12-09. What the record describes for an event dated two days ago is my plan to not bring seven sensors to Emma. This record does not establish that the event occurred.,Author: Carol. Record date: 2026-12-09. What the record describes for an event dated two days ago is my plan to not bring seven sensors to Emma. This record does not establish that the event occurred.,"[{""output"": ""Author: Carol. Record date: 2026-12-09. What the record describes for an event dated yesterday is my plan to not bring seven sensors to Emma. This record does not establish that the event occurred."", ""frame"": {""view_date"": ""2026-12-15"", ""perspective"": ""first""}, ""target_text"": ""Author: Carol. Record date: 2026-12-09. What the record describes for an event dated yesterday is my plan to not bring seven sensors to Emma. This record does not establish that the event occurred.""}, {""output"": ""Author: Carol. Record date: 2026-12-09. What the record describes for an event dated two days ago is my plan to not bring seven sensors to Emma. This record does not establish that the event occurred."", ""frame"": {""view_date"": ""2026-12-16"", ""perspective"": ""first""}, ""target_text"": ""Author: Carol. Record date: 2026-12-09. What the record describes for an event dated two days ago is my plan to not bring seven sensors to Emma. This record does not establish that the event occurred.""}]",Author: Carol. Record date: 2026-12-09. What the record describes for an event dated three days ago is my plan to not bring seven sensors to Emma. This record does not establish that the event occurred.,Author: Carol. Record date: 2026-12-09. What the record describes for an event dated two days ago is my plan to not bring seven sensors to Emma. This record does not establish that the event occurred.,True,,,
g11_template_ood_0020,template_ood,-1,M04,Author: Carol. Record date: 2026-12-09. What the record describes for an event dated yesterday is my plan to not bring seven sensors to Emma. This record does not establish that the event occurred.,,,Author: Carol. Record date: 2026-12-09. What the record describes for an event dated two days ago is my plan to not bring seven sensors to Emma. This record does not establish that the event occurred.,Author: Carol. Record date: 2026-12-09. What the record describes for an event dated two days ago is my plan to not bring seven sensors to Emma. This record does not establish that the event occurred.,True,,,
g11_template_ood_0020,template_ood,-1,M11,Author: Carol. Record date: 2026-12-09. What the record describes for an event dated yesterday is my plan to not bring seven sensors to Emma. This record does not establish that the event occurred.,,,Author: Carol. Record date: 2026-12-09. What the record describes for an event dated two days ago is my plan to not bring seven sensors to Emma. This record does not establish that the event occurred.,Author: Carol. Record date: 2026-12-09. What the record describes for an event dated yesterday is my plan to not bring seven sensors to Emma. This record does not establish that the event occurred.,True,,,
g11_template_ood_0020,template_ood,-1,M18,Author: Carol. Record date: 2026-12-09. What the record describes for an event dated yesterday is my plan to not bring seven sensors to Emma. This record does not establish that the event occurred.,,,Author: Carol. Record date: 2026-12-09. What the record describes for an event dated two days ago is my plan to not bring seven sensors to Emma. This record does not establish that the event occurred., 3-4-09. This record four three days two days three days three three event three days 3 days three - three days days days. Print three days3 three days Two days three. This print 3 four days,True,,,
g11_template_ood_0020,template_ood,-1,M14,Author: Carol. Record date: 2026-12-09. What the record describes for an event dated yesterday is my plan to not bring seven sensors to Emma. This record does not establish that the event occurred.,,,Author: Carol. Record date: 2026-12-09. What the record describes for an event dated two days ago is my plan to not bring seven sensors to Emma. This record does not establish that the event occurred.,Author: Carol. Record date: 2026-12-09. What the record describes for an event dated yesterday is my plan to not bring seven sensors to Emma. This record does not establish that the event occurred.,True,,,
g11_template_ood_0005,template_ood,-1,M19,Author: Henry. Record date: 2026-12-12. It is my plan to give two sensors to Emma that the record describes for an event dated yesterday. This record does not establish that the event occurred.,Author: Henry. Record date: 2026-12-12. It is my plan to give two sensors to Emma that the record describes for an event dated yesterday. This record does not establish that the event occurred.,"[{""output"": ""Author: Henry. Record date: 2026-12-12. It is my plan to give two sensors to Emma that the record describes for an event dated yesterday. This record does not establish that the event occurred."", ""frame"": {""view_date"": ""2026-12-18"", ""perspective"": ""first""}, ""target_text"": ""Author: Henry. Record date: 2026-12-12. It is my plan to give two sensors to Emma that the record describes for an event dated yesterday. This record does not establish that the event occurred.""}]",Author: Henry. Record date: 2026-12-12. It is my plan to give two sensors to Emma that the record describes for an event dated two days ago. This record does not establish that the event occurred.,Author: Henry. Record date: 2026-12-12. It is my plan to give two sensors to Emma that the record describes for an event dated two days ago. This record does not establish that the event occurred.,False,,,
g11_template_ood_0005,template_ood,-1,M08,Author: Henry. Record date: 2026-12-12. It is my plan to give two sensors to Emma that the record describes for an event dated yesterday. This record does not establish that the event occurred.,Author: Henry. Record date: 2026-12-12. It is my plan to give two sensors to Emma that the record describes for an event dated yesterday. This record does not establish that the event occurred.,"[{""output"": ""Author: Henry. Record date: 2026-12-12. It is my plan to give two sensors to Emma that the record describes for an event dated yesterday. This record does not establish that the event occurred."", ""frame"": {""view_date"": ""2026-12-18"", ""perspective"": ""first""}, ""target_text"": ""Author: Henry. Record date: 2026-12-12. It is my plan to give two sensors to Emma that the record describes for an event dated yesterday. This record does not establish that the event occurred.""}]",Author: Henry. Record date: 2026-12-12. It is my plan to give two sensors to Emma that the record describes for an event dated two days ago. This record does not establish that the event occurred.,Author: Henry. Record date: 2026-12-12. It is my plan to give two sensors to Emma that the record describes yesterday. This record does not establish that the event occurred. This track does not indicate that the Event occurred.,False,,,
g11_template_ood_0005,template_ood,-1,M09,Author: Henry. Record date: 2026-12-12. It is my plan to give two sensors to Emma that the record describes for an event dated yesterday. This record does not establish that the event occurred.,Author: Henry. Record date: 2026-12-12. It is my plan to give two sensors to Emma that the record describes today. This record does not establish that the event occurred. This track does not indicate that the Event occurred.,"[{""output"": ""Author: Henry. Record date: 2026-12-12. It is my plan to give two sensors to Emma that the record describes for an event dated today. This record does not establish that the event occurred."", ""frame"": {""view_date"": ""2026-12-17"", ""perspective"": ""first""}, ""target_text"": ""Author: Henry. Record date: 2026-12-12. It is my plan to give two sensors to Emma that the record describes for an event dated today. This record does not establish that the event occurred.""}, {""output"": ""Author: Henry. Record date: 2026-12-12. It is my plan to give two sensors to Emma that the record describes today. This record does not establish that the event occurred. This track does not indicate that the Event occurred."", ""frame"": {""view_date"": ""2026-12-18"", ""perspective"": ""first""}, ""target_text"": ""Author: Henry. Record date: 2026-12-12. It is my plan to give two sensors to Emma that the record describes for an event dated yesterday. This record does not establish that the event occurred.""}]",Author: Henry. Record date: 2026-12-12. It is my plan to give two sensors to Emma that the record describes for an event dated two days ago. This record does not establish that the event occurred.,Author: Henry. Record date: 2026-12-12. It is my plan to give two sensors to Emma that the record describes yesterday. This record does not establish that the event occurred.,False,,,
g11_template_ood_0005,template_ood,-2,M19,Author: Henry. Record date: 2026-12-12. It is my plan to give two sensors to Emma that the record describes for an event dated two days ago. This record does not establish that the event occurred.,Author: Henry. Record date: 2026-12-12. It is my plan to give two sensors to Emma that the record describes for an event dated two days ago. This record does not establish that the event occurred.,"[{""output"": ""Author: Henry. Record date: 2026-12-12. It is my plan to give two sensors to Emma that the record describes for an event dated two days ago. This record does not establish that the event occurred."", ""frame"": {""view_date"": ""2026-12-19"", ""perspective"": ""first""}, ""target_text"": ""Author: Henry. Record date: 2026-12-12. It is my plan to give two sensors to Emma that the record describes for an event dated two days ago. This record does not establish that the event occurred.""}]",Author: Henry. Record date: 2026-12-12. It is my plan to give two sensors to Emma that the record describes for an event dated three days ago. This record does not establish that the event occurred.,Author: Henry. Record date: 2026-12-12. It is my plan to give two sensors to Emma that the record describes for an event dated three days ago. This record does not establish that the event occurred.,False,,,
g11_template_ood_0005,template_ood,-2,M08,Author: Henry. Record date: 2026-12-12. It is my plan to give two sensors to Emma that the record describes for an event dated two days ago. This record does not establish that the event occurred.,Author: Henry. Record date: 2026-12-12. It is my plan to give two sensors to Emma that the record describes for an event dated two days ago. This record does not establish that the event occurred.,"[{""output"": ""Author: Henry. Record date: 2026-12-12. It is my plan to give two sensors to Emma that the record describes for an event dated two days ago. This record does not establish that the event occurred."", ""frame"": {""view_date"": ""2026-12-19"", ""perspective"": ""first""}, ""target_text"": ""Author: Henry. Record date: 2026-12-12. It is my plan to give two sensors to Emma that the record describes for an event dated two days ago. This record does not establish that the event occurred.""}]",Author: Henry. Record date: 2026-12-12. It is my plan to give two sensors to Emma that the record describes for an event dated three days ago. This record does not establish that the event occurred.,Author: Henry. Record date: 2026-12-12. It is my plan to give two sensors to Emma that the record describes for an event dated three days ago. This record does not establish that the event occurred.,False,,,
g11_template_ood_0005,template_ood,-2,M09,Author: Henry. Record date: 2026-12-12. It is my plan to give two sensors to Emma that the record describes for an event dated two days ago. This record does not establish that the event occurred.,Author: Henry. Record date: 2026-12-12. It is my plan to give two sensors to Emma that the record describes yesterday. This record does not establish that the event occurred. This track does not indicate that the Event occurred.,"[{""output"": ""Author: Henry. Record date: 2026-12-12. It is my plan to give two sensors to Emma that the record describes for an event dated yesterday. This record does not establish that the event occurred."", ""frame"": {""view_date"": ""2026-12-18"", ""perspective"": ""first""}, ""target_text"": ""Author: Henry. Record date: 2026-12-12. It is my plan to give two sensors to Emma that the record describes for an event dated yesterday. This record does not establish that the event occurred.""}, {""output"": ""Author: Henry. Record date: 2026-12-12. It is my plan to give two sensors to Emma that the record describes yesterday. This record does not establish that the event occurred. This track does not indicate that the Event occurred."", ""frame"": {""view_date"": ""2026-12-19"", ""perspective"": ""first""}, ""target_text"": ""Author: Henry. Record date: 2026-12-12. It is my plan to give two sensors to Emma that the record describes for an event dated two days ago. This record does not establish that the event occurred.""}]",Author: Henry. Record date: 2026-12-12. It is my plan to give two sensors to Emma that the record describes for an event dated three days ago. This record does not establish that the event occurred.,Author: Henry. Record date: 2026-12-12. It is my plan to give two sensors to Emma that the three days ago three days old. This record does not establish that the event occurred.,False,,,
g11_template_ood_0005,template_ood,-1,M07,Author: Henry. Record date: 2026-12-12. It is my plan to give two sensors to Emma that the record describes for an event dated yesterday. This record does not establish that the event occurred.,Author: Henry. Record date: 2026-12-12. It is my plan to give two sensors to Emma that the record describes for an event dated yesterday. This record does not establish that the event occurred.,"[{""output"": ""Author: Henry. Record date: 2026-12-12. It is my plan to give two sensors to Emma that the record describes for an event dated yesterday. This record does not establish that the event occurred."", ""frame"": {""view_date"": ""2026-12-18"", ""perspective"": ""first""}, ""target_text"": ""Author: Henry. Record date: 2026-12-12. It is my plan to give two sensors to Emma that the record describes for an event dated yesterday. This record does not establish that the event occurred.""}]",Author: Henry. Record date: 2026-12-12. It is my plan to give two sensors to Emma that the record describes for an event dated two days ago. This record does not establish that the event occurred.,Author: Henry. Record date: 2026-12-12. It is my plan to give two sensors to Emma that the record describes for an event dated two days ago. This record does not establish that the event occurred.,True,,,
g11_template_ood_0005,template_ood,-1,M17,Author: Henry. Record date: 2026-12-12. It is my plan to give two sensors to Emma that the record describes for an event dated yesterday. This record does not establish that the event occurred.,Author: Henry. Record date: 2026-12-12. It is my plan to give two sensors to Emma that the record describes for an event dated yesterday. This record does not establish that the event occurred.,"[{""output"": ""Author: Henry. Record date: 2026-12-12. It is my plan to give two sensors to Emma that the record describes for an event dated yesterday. This record does not establish that the event occurred."", ""frame"": {""view_date"": ""2026-12-18"", ""perspective"": ""first""}, ""target_text"": ""Author: Henry. Record date: 2026-12-12. It is my plan to give two sensors to Emma that the record describes for an event dated yesterday. This record does not establish that the event occurred.""}]",Author: Henry. Record date: 2026-12-12. It is my plan to give two sensors to Emma that the record describes for an event dated two days ago. This record does not establish that the event occurred.,Author: Henry. Record date: 2026-12-12. It is my plan to give two sensors to Emma that the record describes for an event dated two days ago. This record does not establish that the event occurred.,True,,,
g11_template_ood_0005,template_ood,-1,M01,Author: Henry. Record date: 2026-12-12. It is my plan to give two sensors to Emma that the record describes for an event dated yesterday. This record does not establish that the event occurred.,Author: Henry. Record date: 2026-12-12. It is my plan to give two sensors to Emma that the record describes for an event dated yesterday. This record does not establish that the event occurred.,"[{""output"": ""Author: Henry. Record date: 2026-12-12. It is my plan to give two sensors to Emma that the record describes for an event dated today. This record does not establish that the event occurred."", ""frame"": {""view_date"": ""2026-12-17"", ""perspective"": ""first""}, ""target_text"": ""Author: Henry. Record date: 2026-12-12. It is my plan to give two sensors to Emma that the record describes for an event dated today. This record does not establish that the event occurred.""}, {""output"": ""Author: Henry. Record date: 2026-12-12. It is my plan to give two sensors to Emma that the record describes for an event dated yesterday. This record does not establish that the event occurred."", ""frame"": {""view_date"": ""2026-12-18"", ""perspective"": ""first""}, ""target_text"": ""Author: Henry. Record date: 2026-12-12. It is my plan to give two sensors to Emma that the record describes for an event dated yesterday. This record does not establish that the event occurred.""}]",Author: Henry. Record date: 2026-12-12. It is my plan to give two sensors to Emma that the record describes for an event dated two days ago. This record does not establish that the event occurred.,Author: Henry. Record date: 2026-12-12. It is my plan to give two sensors to Emma that the record describes for an event dated yesterday. This record does not establish that the event occurred.,True,,,
g11_template_ood_0005,template_ood,-2,M07,Author: Henry. Record date: 2026-12-12. It is my plan to give two sensors to Emma that the record describes for an event dated two days ago. This record does not establish that the event occurred.,Author: Henry. Record date: 2026-12-12. It is my plan to give two sensors to Emma that the record describes for an event dated two days ago. This record does not establish that the event occurred.,"[{""output"": ""Author: Henry. Record date: 2026-12-12. It is my plan to give two sensors to Emma that the record describes for an event dated two days ago. This record does not establish that the event occurred."", ""frame"": {""view_date"": ""2026-12-19"", ""perspective"": ""first""}, ""target_text"": ""Author: Henry. Record date: 2026-12-12. It is my plan to give two sensors to Emma that the record describes for an event dated two days ago. This record does not establish that the event occurred.""}]",Author: Henry. Record date: 2026-12-12. It is my plan to give two sensors to Emma that the record describes for an event dated three days ago. This record does not establish that the event occurred.,Author: Henry. Record date: 2026-12-12. It is my plan to give two sensors to Emma that the record describes for an event dated three days ago. This record does not establish that the event occurred.,True,,,
g11_template_ood_0005,template_ood,-2,M17,Author: Henry. Record date: 2026-12-12. It is my plan to give two sensors to Emma that the record describes for an event dated two days ago. This record does not establish that the event occurred.,Author: Henry. Record date: 2026-12-12. It is my plan to give two sensors to Emma that the record describes for an event dated two days ago. This record does not establish that the event occurred.,"[{""output"": ""Author: Henry. Record date: 2026-12-12. It is my plan to give two sensors to Emma that the record describes for an event dated two days ago. This record does not establish that the event occurred."", ""frame"": {""view_date"": ""2026-12-19"", ""perspective"": ""first""}, ""target_text"": ""Author: Henry. Record date: 2026-12-12. It is my plan to give two sensors to Emma that the record describes for an event dated two days ago. This record does not establish that the event occurred.""}]",Author: Henry. Record date: 2026-12-12. It is my plan to give two sensors to Emma that the record describes for an event dated three days ago. This record does not establish that the event occurred.,Author: Henry. Record date: 2026-12-12. It is my plan to give two sensors to Emma that the record describes for an event dated three days ago. This record does not establish that the event occurred.,True,,,
g11_template_ood_0005,template_ood,-2,M01,Author: Henry. Record date: 2026-12-12. It is my plan to give two sensors to Emma that the record describes for an event dated two days ago. This record does not establish that the event occurred.,Author: Henry. Record date: 2026-12-12. It is my plan to give two sensors to Emma that the record describes for an event dated two days ago. This record does not establish that the event occurred.,"[{""output"": ""Author: Henry. Record date: 2026-12-12. It is my plan to give two sensors to Emma that the record describes for an event dated yesterday. This record does not establish that the event occurred."", ""frame"": {""view_date"": ""2026-12-18"", ""perspective"": ""first""}, ""target_text"": ""Author: Henry. Record date: 2026-12-12. It is my plan to give two sensors to Emma that the record describes for an event dated yesterday. This record does not establish that the event occurred.""}, {""output"": ""Author: Henry. Record date: 2026-12-12. It is my plan to give two sensors to Emma that the record describes for an event dated two days ago. This record does not establish that the event occurred."", ""frame"": {""view_date"": ""2026-12-19"", ""perspective"": ""first""}, ""target_text"": ""Author: Henry. Record date: 2026-12-12. It is my plan to give two sensors to Emma that the record describes for an event dated two days ago. This record does not establish that the event occurred.""}]",Author: Henry. Record date: 2026-12-12. It is my plan to give two sensors to Emma that the record describes for an event dated three days ago. This record does not establish that the event occurred.,Author: Henry. Record date: 2026-12-12. It is my plan to give two sensors to Emma that the record describes today. This record does not establish that the event occurred.,True,,,
g11_template_ood_0005,template_ood,-1,M15,Author: Henry. Record date: 2026-12-12. It is my plan to give two sensors to Emma that the record describes for an event dated yesterday. This record does not establish that the event occurred.,,,Author: Henry. Record date: 2026-12-12. It is my plan to give two sensors to Emma that the record describes for an event dated two days ago. This record does not establish that the event occurred.,Author: Henry. Record date: 2026-12-12. It is my plan to give two sensors to Emma that the record describes for an event dated two days ago. This record does not establish that the event occurred.,True,,,
g11_template_ood_0005,template_ood,-1,M21,Author: Henry. Record date: 2026-12-12. It is my plan to give two sensors to Emma that the record describes for an event dated yesterday. This record does not establish that the event occurred.,,,Author: Henry. Record date: 2026-12-12. It is my plan to give two sensors to Emma that the record describes for an event dated two days ago. This record does not establish that the event occurred.,Author: Henry. Record date: 2026-12-12. It is my plan to give two sensors to Emma that the record describes for an event dated yesterday. This record does not establish that the event occurred.,True,,,
g11_template_ood_0005,template_ood,-1,M16,Author: Henry. Record date: 2026-12-12. It is my plan to give two sensors to Emma that the record describes for an event dated yesterday. This record does not establish that the event occurred.,,,Author: Henry. Record date: 2026-12-12. It is my plan to give two sensors to Emma that the record describes for an event dated two days ago. This record does not establish that the event occurred.,Author: Henry. Record date four days. It is my four daysToday days daysD is four days ago that four daysD four days:\,True,,,
g11_template_ood_0005,template_ood,-1,M02,Author: Henry. Record date: 2026-12-12. It is my plan to give two sensors to Emma that the record describes for an event dated yesterday. This record does not establish that the event occurred.,,,Author: Henry. Record date: 2026-12-12. It is my plan to give two sensors to Emma that the record describes for an event dated two days ago. This record does not establish that the event occurred.,Author: Henry. Record date: 2026-12-12. It is my plan to give two sensors to Emma that the record describes for an event dated 2026. This record does not establish that the event occurred.,True,,,
g11_template_ood_0005,template_ood,-1,M06,Author: Henry. Record date: 2026-12-12. It is my plan to give two sensors to Emma that the record describes for an event dated yesterday. This record does not establish that the event occurred.,Author: Henry. Record date: 2026-12-12. It is my plan to give two sensors to Emma that the record describes for an event dated yesterday. This record does not establish that the event occurred.,"[{""output"": ""Author: Henry. Record date: 2026-12-12. It is my plan to give two sensors to Emma that the record describes for an event dated yesterday. This record does not establish that the event occurred."", ""frame"": {""view_date"": ""2026-12-18"", ""perspective"": ""first""}, ""target_text"": ""Author: Henry. Record date: 2026-12-12. It is my plan to give two sensors to Emma that the record describes for an event dated yesterday. This record does not establish that the event occurred.""}]",Author: Henry. Record date: 2026-12-12. It is my plan to give two sensors to Emma that the record describes for an event dated two days ago. This record does not establish that the event occurred.,Author: Henry. Record date: 2026-12-12. It is my plan to give two sensors to Emma that the record describes for an event dated two days ago. This record does not establish that the event occurred.,True,,,
g11_template_ood_0005,template_ood,-1,M05,Author: Henry. Record date: 2026-12-12. It is my plan to give two sensors to Emma that the record describes for an event dated yesterday. This record does not establish that the event occurred.,Author: Henry. Record date: 2026-12-12. It is my plan to give two sensors to Emma that the record describes for an event dated yesterday. This record does not establish that the event occurred.,"[{""output"": ""Author: Henry. Record date: 2026-12-12. It is my plan to give two sensors to Emma that the record describes for an event dated yesterday. This record does not establish that the event occurred."", ""frame"": {""view_date"": ""2026-12-18"", ""perspective"": ""first""}, ""target_text"": ""Author: Henry. Record date: 2026-12-12. It is my plan to give two sensors to Emma that the record describes for an event dated yesterday. This record does not establish that the event occurred.""}]",Author: Henry. Record date: 2026-12-12. It is my plan to give two sensors to Emma that the record describes for an event dated two days ago. This record does not establish that the event occurred.,Author: Henry. Record date: 2026-12-12. It is my plan to give two sensors to Emma that the record describes for an event dated two days ago. This record does not establish that the event occurred.,True,,,
g11_template_ood_0005,template_ood,-1,M10,Author: Henry. Record date: 2026-12-12. It is my plan to give two sensors to Emma that the record describes for an event dated yesterday. This record does not establish that the event occurred.,Author: Henry. Record date: 2026-12-12. It is my plan to give two sensors to Emma that the record describes for an event dated yesterday. This record does not establish that the event occurred.,"[{""output"": ""Author: Henry. Record date: 2026-12-12. It is my plan to give two sensors to Emma that the record describes for an event dated today. This record does not establish that the event occurred."", ""frame"": {""view_date"": ""2026-12-17"", ""perspective"": ""first""}, ""target_text"": ""Author: Henry. Record date: 2026-12-12. It is my plan to give two sensors to Emma that the record describes for an event dated today. This record does not establish that the event occurred.""}, {""output"": ""Author: Henry. Record date: 2026-12-12. It is my plan to give two sensors to Emma that the record describes for an event dated yesterday. This record does not establish that the event occurred."", ""frame"": {""view_date"": ""2026-12-18"", ""perspective"": ""first""}, ""target_text"": ""Author: Henry. Record date: 2026-12-12. It is my plan to give two sensors to Emma that the record describes for an event dated yesterday. This record does not establish that the event occurred.""}]",Author: Henry. Record date: 2026-12-12. It is my plan to give two sensors to Emma that the record describes for an event dated two days ago. This record does not establish that the event occurred.,Author: Henry. Record date: 2026-12-12. It is my plan to give two sensors to Emma that the record describes for an event dated yesterday. This record does not establish that the event four days,True,,,
g11_template_ood_0005,template_ood,-2,M06,Author: Henry. Record date: 2026-12-12. It is my plan to give two sensors to Emma that the record describes for an event dated two days ago. This record does not establish that the event occurred.,Author: Henry. Record date: 2026-12-12. It is my plan to give two sensors to Emma that the record describes for an event dated two days ago. This record does not establish that the event occurred.,"[{""output"": ""Author: Henry. Record date: 2026-12-12. It is my plan to give two sensors to Emma that the record describes for an event dated two days ago. This record does not establish that the event occurred."", ""frame"": {""view_date"": ""2026-12-19"", ""perspective"": ""first""}, ""target_text"": ""Author: Henry. Record date: 2026-12-12. It is my plan to give two sensors to Emma that the record describes for an event dated two days ago. This record does not establish that the event occurred.""}]",Author: Henry. Record date: 2026-12-12. It is my plan to give two sensors to Emma that the record describes for an event dated three days ago. This record does not establish that the event occurred.,Author: Henry. Record date: 2026-12-12. It is my plan to give two sensors to Emma that the record describes for an event dated four days ago. This record does not establish that the event occurred.,True,,,
g11_template_ood_0005,template_ood,-2,M05,Author: Henry. Record date: 2026-12-12. It is my plan to give two sensors to Emma that the record describes for an event dated two days ago. This record does not establish that the event occurred.,Author: Henry. Record date: 2026-12-12. It is my plan to give two sensors to Emma that the record describes for an event dated two days ago. This record does not establish that the event occurred.,"[{""output"": ""Author: Henry. Record date: 2026-12-12. It is my plan to give two sensors to Emma that the record describes for an event dated two days ago. This record does not establish that the event occurred."", ""frame"": {""view_date"": ""2026-12-19"", ""perspective"": ""first""}, ""target_text"": ""Author: Henry. Record date: 2026-12-12. It is my plan to give two sensors to Emma that the record describes for an event dated two days ago. This record does not establish that the event occurred.""}]",Author: Henry. Record date: 2026-12-12. It is my plan to give two sensors to Emma that the record describes for an event dated three days ago. This record does not establish that the event occurred.,Author: Henry. Record date: 2026-12-12. It is my plan to give two sensors to Emma that the record describes for an event dated three days ago. This record does not establish that the event occurred.,True,,,
g11_template_ood_0005,template_ood,-2,M10,Author: Henry. Record date: 2026-12-12. It is my plan to give two sensors to Emma that the record describes for an event dated two days ago. This record does not establish that the event occurred.,Author: Henry. Record date: 2026-12-12. It is my plan to give two sensors to Emma that the record describes for an event dated two days ago. This record does not establish that the event occurred.,"[{""output"": ""Author: Henry. Record date: 2026-12-12. It is my plan to give two sensors to Emma that the record describes for an event dated yesterday. This record does not establish that the event occurred."", ""frame"": {""view_date"": ""2026-12-18"", ""perspective"": ""first""}, ""target_text"": ""Author: Henry. Record date: 2026-12-12. It is my plan to give two sensors to Emma that the record describes for an event dated yesterday. This record does not establish that the event occurred.""}, {""output"": ""Author: Henry. Record date: 2026-12-12. It is my plan to give two sensors to Emma that the record describes for an event dated two days ago. This record does not establish that the event occurred."", ""frame"": {""view_date"": ""2026-12-19"", ""perspective"": ""first""}, ""target_text"": ""Author: Henry. Record date: 2026-12-12. It is my plan to give two sensors to Emma that the record describes for an event dated two days ago. This record does not establish that the event occurred.""}]",Author: Henry. Record date: 2026-12-12. It is my plan to give two sensors to Emma that the record describes for an event dated three days ago. This record does not establish that the event occurred.,Author: Henry. Record date: 2026-12-12. It is my plan to give two sensors to Emma that the record describes for an event dated two days ago. This record does not establish that the event occurred.,True,,,
g11_template_ood_0005,template_ood,-1,M04,Author: Henry. Record date: 2026-12-12. It is my plan to give two sensors to Emma that the record describes for an event dated yesterday. This record does not establish that the event occurred.,,,Author: Henry. Record date: 2026-12-12. It is my plan to give two sensors to Emma that the record describes for an event dated two days ago. This record does not establish that the event occurred.,Author: Henry. Record date: 2026-12-12. It is my plan to give two sensors to Emma that the record describes for an event dated two days ago. This record does not establish that the event occurred.,True,,,
g11_template_ood_0005,template_ood,-1,M11,Author: Henry. Record date: 2026-12-12. It is my plan to give two sensors to Emma that the record describes for an event dated yesterday. This record does not establish that the event occurred.,,,Author: Henry. Record date: 2026-12-12. It is my plan to give two sensors to Emma that the record describes for an event dated two days ago. This record does not establish that the event occurred.,Author: Henry. Record date: 2026-12-12. It is my plan to give two sensors to Emma that the record describes for an event dated yesterday. This record does not establish that the event four days,True,,,
g11_template_ood_0005,template_ood,-1,M18,Author: Henry. Record date: 2026-12-12. It is my plan to give two sensors to Emma that the record describes for an event dated yesterday. This record does not establish that the event occurred.,,,Author: Henry. Record date: 2026-12-12. It is my plan to give two sensors to Emma that the record describes for an event dated two days ago. This record does not establish that the event occurred.,3-4-12. It is four days two days two four days days days. These days three days two files four days three three days three files. This event four three days,True,,,
g11_template_ood_0005,template_ood,-1,M14,Author: Henry. Record date: 2026-12-12. It is my plan to give two sensors to Emma that the record describes for an event dated yesterday. This record does not establish that the event occurred.,,,Author: Henry. Record date: 2026-12-12. It is my plan to give two sensors to Emma that the record describes for an event dated two days ago. This record does not establish that the event occurred.,Author: Henry. Record date: 2026-12-12. It is my plan to give two sensors to Emma that the record describes for an event dated 2026. This record does not establish that the event occurred.,True,,,
