backbone,split,world_id,step,next_failure,direction,radius_lower,radius_upper,radius_capped,censored,nonmonotonic_coarse,content_radius_coarse,content_nonmonotonic_coarse,content_radius_capped,content_fail_by_one,corridor_fail_by_half,corridor_fail_by_one,alpha_one_corridor_success,alpha_one_next_gold_success,samples
BART,train,v2_train_0000,1,False,editor_forward,1.875,2.0,2.0,False,False,,False,2.0,False,False,False,True,True,8
BART,train,v2_train_0000,1,False,editor_reverse,0.625,0.6875,0.6875,False,False,2.0,False,2.0,False,False,True,False,False,8
BART,train,v2_train_0000,1,False,radial_orthogonal_random,2.0,,2.0,True,False,,False,2.0,False,False,False,True,False,6
BART,train,v2_train_0000,1,False,toward_gold,2.0,,2.0,True,False,,False,2.0,False,False,False,True,False,6
BART,train,v2_train_0000,1,False,editor_orthogonal_random,2.0,,2.0,True,False,,False,2.0,False,False,False,True,False,6
BART,train,v2_train_0003,1,False,editor_forward,2.0,,2.0,True,False,,False,2.0,False,False,False,True,True,6
BART,train,v2_train_0003,1,False,editor_reverse,0.5,0.5625,0.5625,False,False,0.75,False,0.75,True,False,True,False,False,8
BART,train,v2_train_0003,1,False,radial_orthogonal_random,0.875,0.9375,0.9375,False,False,1.0,False,1.0,True,False,True,False,False,8
BART,train,v2_train_0003,1,False,toward_gold,2.0,,2.0,True,False,,False,2.0,False,False,False,True,False,6
BART,train,v2_train_0003,1,False,editor_orthogonal_random,1.625,1.75,1.75,False,False,2.0,False,2.0,False,False,False,True,False,8
BART,train,v2_train_0006,1,False,editor_forward,1.875,2.0,2.0,False,False,,False,2.0,False,False,False,True,True,8
BART,train,v2_train_0006,1,False,editor_reverse,0.625,0.6875,0.6875,False,False,2.0,False,2.0,False,False,True,False,False,8
BART,train,v2_train_0006,1,False,radial_orthogonal_random,1.75,1.875,1.875,False,False,2.0,False,2.0,False,False,False,True,False,8
BART,train,v2_train_0006,1,False,toward_gold,2.0,,2.0,True,False,,False,2.0,False,False,False,True,False,6
BART,train,v2_train_0006,1,False,editor_orthogonal_random,2.0,,2.0,True,False,,False,2.0,False,False,False,True,False,6
BART,train,v2_train_0009,1,False,editor_forward,1.875,2.0,2.0,False,False,,False,2.0,False,False,False,True,True,8
BART,train,v2_train_0009,1,False,editor_reverse,0.4375,0.5,0.5,False,False,2.0,False,2.0,False,True,True,False,False,8
BART,train,v2_train_0009,1,False,radial_orthogonal_random,2.0,,2.0,True,False,,False,2.0,False,False,False,True,False,6
BART,train,v2_train_0009,1,False,toward_gold,0.5,0.5625,0.5625,False,True,,False,2.0,False,False,True,True,False,8
BART,train,v2_train_0009,1,False,editor_orthogonal_random,1.625,1.75,1.75,False,False,,False,2.0,False,False,False,True,False,8
BART,train,v2_train_0012,1,False,editor_forward,1.5,1.625,1.625,False,False,,False,2.0,False,False,False,True,True,8
BART,train,v2_train_0012,1,False,editor_reverse,0.625,0.6875,0.6875,False,False,1.5,False,1.5,False,False,True,False,False,8
BART,train,v2_train_0012,1,False,radial_orthogonal_random,2.0,,2.0,True,False,,False,2.0,False,False,False,True,False,6
BART,train,v2_train_0012,1,False,toward_gold,2.0,,2.0,True,False,,False,2.0,False,False,False,True,False,6
BART,train,v2_train_0012,1,False,editor_orthogonal_random,2.0,,2.0,True,False,,False,2.0,False,False,False,True,False,6
BART,train,v2_train_0015,1,False,editor_forward,1.625,1.75,1.75,False,False,,False,2.0,False,False,False,True,True,8
BART,train,v2_train_0015,1,False,editor_reverse,0.625,0.6875,0.6875,False,False,2.0,False,2.0,False,False,True,False,False,8
BART,train,v2_train_0015,1,False,radial_orthogonal_random,1.125,1.25,1.25,False,False,,False,2.0,False,False,False,True,False,8
BART,train,v2_train_0015,1,False,toward_gold,0.3125,0.375,0.375,False,True,,False,2.0,False,True,True,True,False,8
BART,train,v2_train_0015,1,False,editor_orthogonal_random,2.0,,2.0,True,False,,False,2.0,False,False,False,True,False,6
BART,train,v2_train_0018,1,False,editor_forward,1.5,1.625,1.625,False,False,,False,2.0,False,False,False,True,True,8
BART,train,v2_train_0018,1,False,editor_reverse,0.5625,0.625,0.625,False,False,1.5,False,1.5,False,False,True,False,False,8
BART,train,v2_train_0018,1,False,radial_orthogonal_random,2.0,,2.0,True,False,,False,2.0,False,False,False,True,False,6
BART,train,v2_train_0018,1,False,toward_gold,2.0,,2.0,True,False,,False,2.0,False,False,False,True,False,6
BART,train,v2_train_0018,1,False,editor_orthogonal_random,2.0,,2.0,True,False,,False,2.0,False,False,False,True,False,6
BART,train,v2_train_0021,1,False,editor_forward,1.75,1.875,1.875,False,False,,False,2.0,False,False,False,True,True,8
BART,train,v2_train_0021,1,False,editor_reverse,0.5,0.5625,0.5625,False,False,2.0,False,2.0,False,False,True,False,False,8
BART,train,v2_train_0021,1,False,radial_orthogonal_random,1.875,2.0,2.0,False,False,2.0,False,2.0,False,False,False,True,False,8
BART,train,v2_train_0021,1,False,toward_gold,2.0,,2.0,True,False,,False,2.0,False,False,False,True,False,6
BART,train,v2_train_0021,1,False,editor_orthogonal_random,2.0,,2.0,True,False,,False,2.0,False,False,False,True,False,6
BART,train,v2_train_0000,2,False,editor_forward,1.375,1.5,1.5,False,False,1.5,False,1.5,False,False,False,True,True,8
BART,train,v2_train_0000,2,False,editor_reverse,0.5625,0.625,0.625,False,False,,False,2.0,False,False,True,False,False,8
BART,train,v2_train_0000,2,False,radial_orthogonal_random,1.75,1.875,1.875,False,False,,False,2.0,False,False,False,True,False,8
BART,train,v2_train_0000,2,False,toward_gold,2.0,,2.0,True,False,,False,2.0,False,False,False,True,False,6
BART,train,v2_train_0000,2,False,editor_orthogonal_random,1.625,1.75,1.75,False,False,2.0,False,2.0,False,False,False,True,False,8
BART,train,v2_train_0003,2,False,editor_forward,1.125,1.25,1.25,False,False,1.5,False,1.5,False,False,False,True,True,8
BART,train,v2_train_0003,2,False,editor_reverse,0.625,0.6875,0.6875,False,False,,False,2.0,False,False,True,False,False,8
BART,train,v2_train_0003,2,False,radial_orthogonal_random,2.0,,2.0,True,False,,False,2.0,False,False,False,True,False,6
BART,train,v2_train_0003,2,False,toward_gold,2.0,,2.0,True,False,,False,2.0,False,False,False,True,False,6
BART,train,v2_train_0003,2,False,editor_orthogonal_random,2.0,,2.0,True,False,,False,2.0,False,False,False,True,False,6
BART,train,v2_train_0006,2,False,editor_forward,1.125,1.25,1.25,False,False,1.5,False,1.5,False,False,False,True,True,8
BART,train,v2_train_0006,2,False,editor_reverse,0.625,0.6875,0.6875,False,False,,False,2.0,False,False,True,False,False,8
BART,train,v2_train_0006,2,False,radial_orthogonal_random,2.0,,2.0,True,False,,False,2.0,False,False,False,True,False,6
BART,train,v2_train_0006,2,False,toward_gold,2.0,,2.0,True,False,,False,2.0,False,False,False,True,False,6
BART,train,v2_train_0006,2,False,editor_orthogonal_random,2.0,,2.0,True,False,,False,2.0,False,False,False,True,False,6
BART,train,v2_train_0009,2,True,editor_forward,0.8125,0.875,0.875,False,False,1.0,False,1.0,True,False,True,False,False,8
BART,train,v2_train_0009,2,True,editor_reverse,0.5625,0.625,0.625,False,False,,False,2.0,False,False,True,False,False,8
BART,train,v2_train_0009,2,True,radial_orthogonal_random,2.0,,2.0,True,False,,False,2.0,False,False,False,True,False,6
BART,train,v2_train_0009,2,True,toward_gold,2.0,,2.0,True,False,,False,2.0,False,False,False,True,False,6
BART,train,v2_train_0009,2,True,editor_orthogonal_random,2.0,,2.0,True,False,,False,2.0,False,False,False,True,False,6
BART,train,v2_train_0012,2,False,editor_forward,1.0,1.125,1.125,False,False,1.5,False,1.5,False,False,False,True,True,8
BART,train,v2_train_0012,2,False,editor_reverse,0.75,0.8125,0.8125,False,False,,False,2.0,False,False,True,False,False,8
BART,train,v2_train_0012,2,False,radial_orthogonal_random,2.0,,2.0,True,False,,False,2.0,False,False,False,True,False,6
BART,train,v2_train_0012,2,False,toward_gold,2.0,,2.0,True,False,,False,2.0,False,False,False,True,False,6
BART,train,v2_train_0012,2,False,editor_orthogonal_random,2.0,,2.0,True,False,,False,2.0,False,False,False,True,False,6
BART,train,v2_train_0015,2,True,editor_forward,0.625,0.6875,0.6875,False,False,0.75,False,0.75,True,False,True,False,False,8
BART,train,v2_train_0015,2,True,editor_reverse,0.625,0.6875,0.6875,False,False,,False,2.0,False,False,True,False,False,8
BART,train,v2_train_0015,2,True,radial_orthogonal_random,1.5,1.625,1.625,False,False,2.0,False,2.0,False,False,False,True,False,8
BART,train,v2_train_0015,2,True,toward_gold,2.0,,2.0,True,False,,False,2.0,False,False,False,True,False,6
BART,train,v2_train_0015,2,True,editor_orthogonal_random,2.0,,2.0,True,False,,False,2.0,False,False,False,True,False,6
BART,train,v2_train_0018,2,False,editor_forward,1.0,1.125,1.125,False,False,1.5,False,1.5,False,False,False,True,True,8
BART,train,v2_train_0018,2,False,editor_reverse,0.75,0.8125,0.8125,False,False,,False,2.0,False,False,True,False,False,8
BART,train,v2_train_0018,2,False,radial_orthogonal_random,2.0,,2.0,True,False,,False,2.0,False,False,False,True,False,6
BART,train,v2_train_0018,2,False,toward_gold,2.0,,2.0,True,False,,False,2.0,False,False,False,True,False,6
BART,train,v2_train_0018,2,False,editor_orthogonal_random,2.0,,2.0,True,False,,False,2.0,False,False,False,True,False,6
BART,train,v2_train_0021,2,False,editor_forward,1.125,1.25,1.25,False,False,1.5,False,1.5,False,False,False,True,True,8
BART,train,v2_train_0021,2,False,editor_reverse,0.6875,0.75,0.75,False,False,,False,2.0,False,False,True,False,False,8
BART,train,v2_train_0021,2,False,radial_orthogonal_random,2.0,,2.0,True,False,,False,2.0,False,False,False,True,False,6
BART,train,v2_train_0021,2,False,toward_gold,2.0,,2.0,True,False,,False,2.0,False,False,False,True,False,6
BART,train,v2_train_0021,2,False,editor_orthogonal_random,2.0,,2.0,True,False,,False,2.0,False,False,False,True,False,6
BART,train,v2_train_0000,3,True,editor_forward,0.5,0.5625,0.5625,False,False,0.75,False,0.75,True,False,True,False,False,8
BART,train,v2_train_0000,3,True,editor_reverse,0.0,0.0625,0.0625,False,False,,False,2.0,False,True,True,False,False,8
BART,train,v2_train_0000,3,True,radial_orthogonal_random,1.25,1.375,1.375,False,False,1.5,False,1.5,False,False,False,True,False,8
BART,train,v2_train_0000,3,True,toward_gold,0.0625,0.125,0.125,False,False,2.0,False,2.0,False,True,True,False,False,8
BART,train,v2_train_0000,3,True,editor_orthogonal_random,0.5625,0.625,0.625,False,False,,False,2.0,False,False,True,False,False,8
BART,train,v2_train_0003,3,True,editor_forward,0.1875,0.25,0.25,False,False,0.25,False,0.25,True,True,True,False,False,8
BART,train,v2_train_0003,3,True,editor_reverse,0.3125,0.375,0.375,False,False,2.0,False,2.0,False,True,True,False,False,8
BART,train,v2_train_0003,3,True,radial_orthogonal_random,1.875,2.0,2.0,False,False,2.0,False,2.0,False,False,False,True,False,8
BART,train,v2_train_0003,3,True,toward_gold,0.875,0.9375,0.9375,False,False,,False,2.0,False,False,True,False,False,8
BART,train,v2_train_0003,3,True,editor_orthogonal_random,1.0,1.125,1.125,False,False,1.5,False,1.5,False,False,False,True,False,8
BART,train,v2_train_0006,3,True,editor_forward,0.125,0.1875,0.1875,False,False,0.25,False,0.25,True,True,True,False,False,8
BART,train,v2_train_0006,3,True,editor_reverse,0.1875,0.25,0.25,False,False,,False,2.0,False,True,True,False,False,8
BART,train,v2_train_0006,3,True,radial_orthogonal_random,1.875,2.0,2.0,False,False,2.0,False,2.0,False,False,False,True,False,8
BART,train,v2_train_0006,3,True,toward_gold,0.5,0.5625,0.5625,False,False,2.0,False,2.0,False,False,True,False,False,8
BART,train,v2_train_0006,3,True,editor_orthogonal_random,0.5,0.5625,0.5625,False,False,0.75,False,0.75,True,False,True,False,False,8
BART,train,v2_train_0012,3,True,editor_forward,0.0,0.0625,0.0625,False,False,0.25,False,0.25,True,True,True,False,False,8
BART,train,v2_train_0012,3,True,editor_reverse,0.3125,0.375,0.375,False,False,,False,2.0,False,True,True,False,False,8
BART,train,v2_train_0012,3,True,radial_orthogonal_random,1.375,1.5,1.5,False,False,,False,2.0,False,False,False,True,False,8
BART,train,v2_train_0012,3,True,toward_gold,1.625,1.75,1.75,False,False,2.0,False,2.0,False,False,False,True,False,8
BART,train,v2_train_0012,3,True,editor_orthogonal_random,0.0625,0.125,0.125,False,False,0.25,False,0.25,True,True,True,False,False,8
BART,train,v2_train_0018,3,True,editor_forward,0.0625,0.125,0.125,False,False,0.25,False,0.25,True,True,True,False,False,8
BART,train,v2_train_0018,3,True,editor_reverse,0.375,0.4375,0.4375,False,False,,False,2.0,False,True,True,False,False,8
BART,train,v2_train_0018,3,True,radial_orthogonal_random,0.625,0.6875,0.6875,False,False,0.75,False,0.75,True,False,True,False,False,8
BART,train,v2_train_0018,3,True,toward_gold,1.625,1.75,1.75,False,False,2.0,False,2.0,False,False,False,True,False,8
BART,train,v2_train_0018,3,True,editor_orthogonal_random,1.25,1.375,1.375,False,False,1.5,False,1.5,False,False,False,True,True,8
BART,train,v2_train_0021,3,True,editor_forward,0.25,0.3125,0.3125,False,False,0.5,False,0.5,True,True,True,False,False,8
BART,train,v2_train_0021,3,True,editor_reverse,0.375,0.4375,0.4375,False,False,1.5,False,1.5,False,True,True,False,False,8
BART,train,v2_train_0021,3,True,radial_orthogonal_random,2.0,,2.0,True,False,,False,2.0,False,False,False,True,False,6
BART,train,v2_train_0021,3,True,toward_gold,1.125,1.25,1.25,False,False,,False,2.0,False,False,False,True,False,8
BART,train,v2_train_0021,3,True,editor_orthogonal_random,0.9375,1.0,1.0,False,False,1.0,False,1.0,True,False,True,False,False,8
BART,train,v2_train_0024,1,False,editor_forward,1.875,2.0,2.0,False,False,,False,2.0,False,False,False,True,True,8
BART,train,v2_train_0024,1,False,editor_reverse,0.5,0.5625,0.5625,False,False,2.0,False,2.0,False,False,True,False,False,8
BART,train,v2_train_0024,1,False,radial_orthogonal_random,2.0,,2.0,True,False,,False,2.0,False,False,False,True,False,6
BART,train,v2_train_0024,1,False,toward_gold,2.0,,2.0,True,False,,False,2.0,False,False,False,True,False,6
BART,train,v2_train_0024,1,False,editor_orthogonal_random,1.75,1.875,1.875,False,False,2.0,False,2.0,False,False,False,True,False,8
BART,train,v2_train_0027,1,False,editor_forward,1.875,2.0,2.0,False,False,,False,2.0,False,False,False,True,True,8
BART,train,v2_train_0027,1,False,editor_reverse,0.5,0.5625,0.5625,False,False,1.5,False,1.5,False,False,True,False,False,8
BART,train,v2_train_0027,1,False,radial_orthogonal_random,2.0,,2.0,True,False,,False,2.0,False,False,False,True,False,6
BART,train,v2_train_0027,1,False,toward_gold,0.4375,0.5,0.5,False,True,,False,2.0,False,True,True,True,False,8
BART,train,v2_train_0027,1,False,editor_orthogonal_random,1.875,2.0,2.0,False,False,2.0,False,2.0,False,False,False,True,False,8
BART,train,v2_train_0030,1,False,editor_forward,2.0,,2.0,True,False,,False,2.0,False,False,False,True,True,6
BART,train,v2_train_0030,1,False,editor_reverse,0.5,0.5625,0.5625,False,False,2.0,False,2.0,False,False,True,False,False,8
BART,train,v2_train_0030,1,False,radial_orthogonal_random,1.75,1.875,1.875,False,False,2.0,False,2.0,False,False,False,True,False,8
BART,train,v2_train_0030,1,False,toward_gold,2.0,,2.0,True,False,,False,2.0,False,False,False,True,False,6
BART,train,v2_train_0030,1,False,editor_orthogonal_random,2.0,,2.0,True,False,,False,2.0,False,False,False,True,False,6
BART,train,v2_train_0033,1,False,editor_forward,1.625,1.75,1.75,False,False,2.0,False,2.0,False,False,False,True,True,8
BART,train,v2_train_0033,1,False,editor_reverse,0.375,0.4375,0.4375,False,False,2.0,False,2.0,False,True,True,False,False,8
BART,train,v2_train_0033,1,False,radial_orthogonal_random,1.25,1.375,1.375,False,False,,False,2.0,False,False,False,True,False,8
BART,train,v2_train_0033,1,False,toward_gold,0.375,0.4375,0.4375,False,True,,False,2.0,False,True,True,True,False,8
BART,train,v2_train_0033,1,False,editor_orthogonal_random,2.0,,2.0,True,False,,False,2.0,False,False,False,True,False,6
BART,train,v2_train_0036,1,False,editor_forward,1.75,1.875,1.875,False,False,,False,2.0,False,False,False,True,True,8
BART,train,v2_train_0036,1,False,editor_reverse,0.5,0.5625,0.5625,False,False,2.0,False,2.0,False,False,True,False,False,8
BART,train,v2_train_0036,1,False,radial_orthogonal_random,2.0,,2.0,True,False,,False,2.0,False,False,False,True,False,6
BART,train,v2_train_0036,1,False,toward_gold,1.875,2.0,2.0,False,False,2.0,False,2.0,False,False,False,True,False,8
BART,train,v2_train_0036,1,False,editor_orthogonal_random,2.0,,2.0,True,False,,False,2.0,False,False,False,True,False,6
BART,train,v2_train_0039,1,False,editor_forward,1.625,1.75,1.75,False,False,2.0,False,2.0,False,False,False,True,True,8
BART,train,v2_train_0039,1,False,editor_reverse,0.625,0.6875,0.6875,False,False,2.0,False,2.0,False,False,True,False,False,8
BART,train,v2_train_0039,1,False,radial_orthogonal_random,1.5,1.625,1.625,False,False,2.0,False,2.0,False,False,False,True,False,8
BART,train,v2_train_0039,1,False,toward_gold,0.375,0.4375,0.4375,False,True,,False,2.0,False,True,True,True,False,8
BART,train,v2_train_0039,1,False,editor_orthogonal_random,1.75,1.875,1.875,False,False,2.0,False,2.0,False,False,False,True,False,8
BART,train,v2_train_0042,1,False,editor_forward,1.625,1.75,1.75,False,False,,False,2.0,False,False,False,True,True,8
BART,train,v2_train_0042,1,False,editor_reverse,0.5,0.5625,0.5625,False,False,1.5,False,1.5,False,False,True,False,False,8
BART,train,v2_train_0042,1,False,radial_orthogonal_random,2.0,,2.0,True,False,,False,2.0,False,False,False,True,False,6
BART,train,v2_train_0042,1,False,toward_gold,2.0,,2.0,True,False,,False,2.0,False,False,False,True,False,6
BART,train,v2_train_0042,1,False,editor_orthogonal_random,2.0,,2.0,True,False,,False,2.0,False,False,False,True,False,6
BART,train,v2_train_0045,1,False,editor_forward,1.75,1.875,1.875,False,False,,False,2.0,False,False,False,True,True,8
BART,train,v2_train_0045,1,False,editor_reverse,0.5,0.5625,0.5625,False,False,2.0,False,2.0,False,False,True,False,False,8
BART,train,v2_train_0045,1,False,radial_orthogonal_random,2.0,,2.0,True,False,,False,2.0,False,False,False,True,False,6
BART,train,v2_train_0045,1,False,toward_gold,2.0,,2.0,True,False,,False,2.0,False,False,False,True,False,6
BART,train,v2_train_0045,1,False,editor_orthogonal_random,2.0,,2.0,True,False,,False,2.0,False,False,False,True,False,6
BART,train,v2_train_0024,2,False,editor_forward,1.375,1.5,1.5,False,False,1.5,False,1.5,False,False,False,True,True,8
BART,train,v2_train_0024,2,False,editor_reverse,0.6875,0.75,0.75,False,False,,False,2.0,False,False,True,False,False,8
BART,train,v2_train_0024,2,False,radial_orthogonal_random,2.0,,2.0,True,False,,False,2.0,False,False,False,True,False,6
BART,train,v2_train_0024,2,False,toward_gold,2.0,,2.0,True,False,,False,2.0,False,False,False,True,False,6
BART,train,v2_train_0024,2,False,editor_orthogonal_random,2.0,,2.0,True,False,,False,2.0,False,False,False,True,False,6
BART,train,v2_train_0027,2,False,editor_forward,1.25,1.375,1.375,False,False,1.5,False,1.5,False,False,False,True,True,8
BART,train,v2_train_0027,2,False,editor_reverse,0.6875,0.75,0.75,False,False,,False,2.0,False,False,True,False,False,8
BART,train,v2_train_0027,2,False,radial_orthogonal_random,2.0,,2.0,True,False,,False,2.0,False,False,False,True,False,6
BART,train,v2_train_0027,2,False,toward_gold,2.0,,2.0,True,False,,False,2.0,False,False,False,True,False,6
BART,train,v2_train_0027,2,False,editor_orthogonal_random,2.0,,2.0,True,False,,False,2.0,False,False,False,True,False,6
BART,train,v2_train_0030,2,False,editor_forward,1.375,1.5,1.5,False,False,1.5,False,1.5,False,False,False,True,True,8
BART,train,v2_train_0030,2,False,editor_reverse,0.6875,0.75,0.75,False,False,,False,2.0,False,False,True,False,False,8
BART,train,v2_train_0030,2,False,radial_orthogonal_random,2.0,,2.0,True,False,,False,2.0,False,False,False,True,False,6
BART,train,v2_train_0030,2,False,toward_gold,2.0,,2.0,True,False,,False,2.0,False,False,False,True,False,6
BART,train,v2_train_0030,2,False,editor_orthogonal_random,2.0,,2.0,True,False,,False,2.0,False,False,False,True,False,6
BART,train,v2_train_0033,2,True,editor_forward,0.4375,0.5,0.5,False,False,0.5,False,0.5,True,True,True,False,False,8
BART,train,v2_train_0033,2,True,editor_reverse,0.625,0.6875,0.6875,False,False,,False,2.0,False,False,True,False,False,8
BART,train,v2_train_0033,2,True,radial_orthogonal_random,2.0,,2.0,True,False,,False,2.0,False,False,False,True,False,6
BART,train,v2_train_0033,2,True,toward_gold,2.0,,2.0,True,False,,False,2.0,False,False,False,True,False,6
BART,train,v2_train_0033,2,True,editor_orthogonal_random,1.375,1.5,1.5,False,False,1.5,False,1.5,False,False,False,True,False,8
BART,train,v2_train_0036,2,False,editor_forward,1.0,1.125,1.125,False,False,1.5,False,1.5,False,False,False,True,True,8
BART,train,v2_train_0036,2,False,editor_reverse,0.6875,0.75,0.75,False,False,,False,2.0,False,False,True,False,False,8
BART,train,v2_train_0036,2,False,radial_orthogonal_random,1.75,1.875,1.875,False,False,,False,2.0,False,False,False,True,False,8
BART,train,v2_train_0036,2,False,toward_gold,2.0,,2.0,True,False,,False,2.0,False,False,False,True,False,6
BART,train,v2_train_0036,2,False,editor_orthogonal_random,1.875,2.0,2.0,False,False,2.0,False,2.0,False,False,False,True,False,8
BART,train,v2_train_0039,2,True,editor_forward,0.5,0.5625,0.5625,False,False,0.75,False,0.75,True,False,True,False,False,8
BART,train,v2_train_0039,2,True,editor_reverse,0.6875,0.75,0.75,False,False,,False,2.0,False,False,True,False,False,8
BART,train,v2_train_0039,2,True,radial_orthogonal_random,2.0,,2.0,True,False,,False,2.0,False,False,False,True,False,6
BART,train,v2_train_0039,2,True,toward_gold,2.0,,2.0,True,False,,False,2.0,False,False,False,True,False,6
BART,train,v2_train_0039,2,True,editor_orthogonal_random,1.875,2.0,2.0,False,False,2.0,False,2.0,False,False,False,True,False,8
BART,train,v2_train_0042,2,False,editor_forward,1.125,1.25,1.25,False,False,1.5,False,1.5,False,False,False,True,True,8
BART,train,v2_train_0042,2,False,editor_reverse,0.75,0.8125,0.8125,False,False,,False,2.0,False,False,True,False,False,8
BART,train,v2_train_0042,2,False,radial_orthogonal_random,2.0,,2.0,True,False,,False,2.0,False,False,False,True,False,6
BART,train,v2_train_0042,2,False,toward_gold,2.0,,2.0,True,False,,False,2.0,False,False,False,True,False,6
BART,train,v2_train_0042,2,False,editor_orthogonal_random,2.0,,2.0,True,False,,False,2.0,False,False,False,True,False,6
BART,train,v2_train_0045,2,False,editor_forward,1.125,1.25,1.25,False,False,1.5,False,1.5,False,False,False,True,True,8
BART,train,v2_train_0045,2,False,editor_reverse,0.6875,0.75,0.75,False,False,,False,2.0,False,False,True,False,False,8
BART,train,v2_train_0045,2,False,radial_orthogonal_random,1.75,1.875,1.875,False,False,2.0,False,2.0,False,False,False,True,False,8
BART,train,v2_train_0045,2,False,toward_gold,2.0,,2.0,True,False,,False,2.0,False,False,False,True,False,6
BART,train,v2_train_0045,2,False,editor_orthogonal_random,1.75,1.875,1.875,False,False,,False,2.0,False,False,False,True,False,8
BART,train,v2_train_0024,3,True,editor_forward,0.5,0.5625,0.5625,False,False,0.75,False,0.75,True,False,True,False,False,8
BART,train,v2_train_0024,3,True,editor_reverse,0.0625,0.125,0.125,False,False,,False,2.0,False,True,True,False,False,8
BART,train,v2_train_0024,3,True,radial_orthogonal_random,0.8125,0.875,0.875,False,False,2.0,False,2.0,False,False,True,False,False,8
BART,train,v2_train_0024,3,True,toward_gold,0.125,0.1875,0.1875,False,False,2.0,False,2.0,False,True,True,False,False,8
BART,train,v2_train_0024,3,True,editor_orthogonal_random,0.375,0.4375,0.4375,False,False,1.5,False,1.5,False,True,True,False,False,8
BART,train,v2_train_0027,3,True,editor_forward,0.3125,0.375,0.375,False,False,0.5,False,0.5,True,True,True,False,False,8
BART,train,v2_train_0027,3,True,editor_reverse,0.3125,0.375,0.375,False,False,2.0,False,2.0,False,True,True,False,False,8
BART,train,v2_train_0027,3,True,radial_orthogonal_random,1.25,1.375,1.375,False,False,1.5,False,1.5,False,False,False,True,False,8
BART,train,v2_train_0027,3,True,toward_gold,0.8125,0.875,0.875,False,False,,False,2.0,False,False,True,False,False,8
BART,train,v2_train_0027,3,True,editor_orthogonal_random,2.0,,2.0,True,False,,False,2.0,False,False,False,True,False,6
BART,train,v2_train_0030,3,True,editor_forward,0.5,0.5625,0.5625,False,False,0.75,False,0.75,True,False,True,False,False,8
BART,train,v2_train_0030,3,True,editor_reverse,0.0,0.0625,0.0625,False,False,,False,2.0,False,True,True,False,False,8
BART,train,v2_train_0030,3,True,radial_orthogonal_random,1.375,1.5,1.5,False,False,1.5,False,1.5,False,False,False,True,False,8
BART,train,v2_train_0030,3,True,toward_gold,0.0,0.0625,0.0625,False,True,,False,2.0,False,True,True,False,False,8
BART,train,v2_train_0030,3,True,editor_orthogonal_random,2.0,,2.0,True,False,,False,2.0,False,False,False,True,False,6
BART,train,v2_train_0036,3,True,editor_forward,0.0,0.0625,0.0625,False,False,0.25,False,0.25,True,True,True,False,False,8
BART,train,v2_train_0036,3,True,editor_reverse,0.0625,0.125,0.125,False,False,,False,2.0,False,True,True,False,False,8
BART,train,v2_train_0036,3,True,radial_orthogonal_random,2.0,,2.0,True,False,,False,2.0,False,False,False,True,False,6
BART,train,v2_train_0036,3,True,toward_gold,0.25,0.3125,0.3125,False,False,2.0,False,2.0,False,True,True,False,False,8
BART,train,v2_train_0036,3,True,editor_orthogonal_random,0.5,0.5625,0.5625,False,False,2.0,False,2.0,False,False,True,False,False,8
BART,train,v2_train_0042,3,True,editor_forward,0.125,0.1875,0.1875,False,False,0.25,False,0.25,True,True,True,False,False,8
BART,train,v2_train_0042,3,True,editor_reverse,0.3125,0.375,0.375,False,False,,False,2.0,False,True,True,False,False,8
BART,train,v2_train_0042,3,True,radial_orthogonal_random,2.0,,2.0,True,False,,False,2.0,False,False,False,True,False,6
BART,train,v2_train_0042,3,True,toward_gold,1.125,1.25,1.25,False,False,2.0,False,2.0,False,False,False,True,False,8
BART,train,v2_train_0042,3,True,editor_orthogonal_random,1.875,2.0,2.0,False,False,2.0,False,2.0,False,False,False,True,False,8
BART,train,v2_train_0045,3,True,editor_forward,0.3125,0.375,0.375,False,False,0.5,False,0.5,True,True,True,False,False,8
BART,train,v2_train_0045,3,True,editor_reverse,0.375,0.4375,0.4375,False,False,2.0,False,2.0,False,True,True,False,False,8
BART,train,v2_train_0045,3,True,radial_orthogonal_random,1.375,1.5,1.5,False,False,1.5,False,1.5,False,False,False,True,False,8
BART,train,v2_train_0045,3,True,toward_gold,1.125,1.25,1.25,False,False,,False,2.0,False,False,False,True,False,8
BART,train,v2_train_0045,3,True,editor_orthogonal_random,1.625,1.75,1.75,False,False,,False,2.0,False,False,False,True,False,8
BART,train,v2_train_0048,1,False,editor_forward,1.75,1.875,1.875,False,False,,False,2.0,False,False,False,True,True,8
BART,train,v2_train_0048,1,False,editor_reverse,0.5,0.5625,0.5625,False,False,2.0,False,2.0,False,False,True,False,False,8
BART,train,v2_train_0048,1,False,radial_orthogonal_random,2.0,,2.0,True,False,,False,2.0,False,False,False,True,False,6
BART,train,v2_train_0048,1,False,toward_gold,0.4375,0.5,0.5,False,True,,False,2.0,False,True,True,True,False,8
BART,train,v2_train_0048,1,False,editor_orthogonal_random,2.0,,2.0,True,False,,False,2.0,False,False,False,True,False,6
BART,train,v2_train_0051,1,False,editor_forward,1.875,2.0,2.0,False,False,,False,2.0,False,False,False,True,True,8
BART,train,v2_train_0051,1,False,editor_reverse,0.5,0.5625,0.5625,False,False,,False,2.0,False,False,True,False,False,8
BART,train,v2_train_0051,1,False,radial_orthogonal_random,1.625,1.75,1.75,False,False,2.0,False,2.0,False,False,False,True,False,8
BART,train,v2_train_0051,1,False,toward_gold,0.4375,0.5,0.5,False,True,,False,2.0,False,True,True,True,False,8
BART,train,v2_train_0051,1,False,editor_orthogonal_random,2.0,,2.0,True,False,,False,2.0,False,False,False,True,False,6
BART,train,v2_train_0054,1,False,editor_forward,1.875,2.0,2.0,False,False,,False,2.0,False,False,False,True,True,8
BART,train,v2_train_0054,1,False,editor_reverse,0.5,0.5625,0.5625,False,False,,False,2.0,False,False,True,False,False,8
BART,train,v2_train_0054,1,False,radial_orthogonal_random,2.0,,2.0,True,False,,False,2.0,False,False,False,True,False,6
BART,train,v2_train_0054,1,False,toward_gold,2.0,,2.0,True,False,,False,2.0,False,False,False,True,False,6
BART,train,v2_train_0054,1,False,editor_orthogonal_random,2.0,,2.0,True,False,,False,2.0,False,False,False,True,False,6
BART,train,v2_train_0057,1,False,editor_forward,2.0,,2.0,True,False,,False,2.0,False,False,False,True,True,6
BART,train,v2_train_0057,1,False,editor_reverse,0.4375,0.5,0.5,False,False,,False,2.0,False,True,True,False,False,8
BART,train,v2_train_0057,1,False,radial_orthogonal_random,1.75,1.875,1.875,False,False,2.0,False,2.0,False,False,False,True,False,8
BART,train,v2_train_0057,1,False,toward_gold,0.4375,0.5,0.5,False,True,,False,2.0,False,True,True,True,False,8
BART,train,v2_train_0057,1,False,editor_orthogonal_random,1.875,2.0,2.0,False,False,2.0,False,2.0,False,False,False,True,False,8
BART,train,v2_train_0060,1,False,editor_forward,1.625,1.75,1.75,False,False,2.0,False,2.0,False,False,False,True,True,8
BART,train,v2_train_0060,1,False,editor_reverse,0.5625,0.625,0.625,False,False,2.0,False,2.0,False,False,True,False,False,8
BART,train,v2_train_0060,1,False,radial_orthogonal_random,2.0,,2.0,True,False,,False,2.0,False,False,False,True,False,6
BART,train,v2_train_0060,1,False,toward_gold,2.0,,2.0,True,False,,False,2.0,False,False,False,True,False,6
BART,train,v2_train_0060,1,False,editor_orthogonal_random,2.0,,2.0,True,False,,False,2.0,False,False,False,True,False,6
BART,train,v2_train_0063,1,False,editor_forward,1.625,1.75,1.75,False,False,,False,2.0,False,False,False,True,True,8
BART,train,v2_train_0063,1,False,editor_reverse,0.6875,0.75,0.75,False,False,2.0,False,2.0,False,False,True,False,False,8
BART,train,v2_train_0063,1,False,radial_orthogonal_random,2.0,,2.0,True,False,,False,2.0,False,False,False,True,False,6
BART,train,v2_train_0063,1,False,toward_gold,0.375,0.4375,0.4375,False,True,,False,2.0,False,True,True,True,False,8
BART,train,v2_train_0063,1,False,editor_orthogonal_random,1.75,1.875,1.875,False,False,2.0,False,2.0,False,False,False,True,False,8
BART,train,v2_train_0066,1,False,editor_forward,1.75,1.875,1.875,False,False,,False,2.0,False,False,False,True,True,8
BART,train,v2_train_0066,1,False,editor_reverse,0.5,0.5625,0.5625,False,False,2.0,False,2.0,False,False,True,False,False,8
BART,train,v2_train_0066,1,False,radial_orthogonal_random,1.625,1.75,1.75,False,False,2.0,False,2.0,False,False,False,True,False,8
BART,train,v2_train_0066,1,False,toward_gold,0.5625,0.625,0.625,False,True,,False,2.0,False,False,True,True,False,8
BART,train,v2_train_0066,1,False,editor_orthogonal_random,1.375,1.5,1.5,False,False,1.5,False,1.5,False,False,False,True,False,8
BART,train,v2_train_0069,1,False,editor_forward,1.75,1.875,1.875,False,False,,False,2.0,False,False,False,True,True,8
BART,train,v2_train_0069,1,False,editor_reverse,0.5,0.5625,0.5625,False,False,1.5,False,1.5,False,False,True,False,False,8
BART,train,v2_train_0069,1,False,radial_orthogonal_random,2.0,,2.0,True,False,,False,2.0,False,False,False,True,False,6
BART,train,v2_train_0069,1,False,toward_gold,2.0,,2.0,True,False,,False,2.0,False,False,False,True,False,6
BART,train,v2_train_0069,1,False,editor_orthogonal_random,1.0,1.125,1.125,False,False,1.5,False,1.5,False,False,False,True,False,8
BART,train,v2_train_0048,2,False,editor_forward,1.125,1.25,1.25,False,False,1.5,False,1.5,False,False,False,True,True,8
BART,train,v2_train_0048,2,False,editor_reverse,0.625,0.6875,0.6875,False,False,,False,2.0,False,False,True,False,False,8
BART,train,v2_train_0048,2,False,radial_orthogonal_random,2.0,,2.0,True,False,,False,2.0,False,False,False,True,False,6
BART,train,v2_train_0048,2,False,toward_gold,2.0,,2.0,True,False,,False,2.0,False,False,False,True,False,6
BART,train,v2_train_0048,2,False,editor_orthogonal_random,1.875,2.0,2.0,False,False,,False,2.0,False,False,False,True,False,8
BART,train,v2_train_0051,2,False,editor_forward,1.0,1.125,1.125,False,False,1.5,False,1.5,False,False,False,True,True,8
BART,train,v2_train_0051,2,False,editor_reverse,0.5625,0.625,0.625,False,False,,False,2.0,False,False,True,False,False,8
BART,train,v2_train_0051,2,False,radial_orthogonal_random,2.0,,2.0,True,False,,False,2.0,False,False,False,True,False,6
BART,train,v2_train_0051,2,False,toward_gold,2.0,,2.0,True,False,,False,2.0,False,False,False,True,False,6
BART,train,v2_train_0051,2,False,editor_orthogonal_random,1.75,1.875,1.875,False,False,,False,2.0,False,False,False,True,False,8
BART,train,v2_train_0054,2,False,editor_forward,1.25,1.375,1.375,False,False,1.5,False,1.5,False,False,False,True,True,8
BART,train,v2_train_0054,2,False,editor_reverse,0.5625,0.625,0.625,False,False,,False,2.0,False,False,True,False,False,8
BART,train,v2_train_0054,2,False,radial_orthogonal_random,1.875,2.0,2.0,False,False,2.0,False,2.0,False,False,False,True,False,8
BART,train,v2_train_0054,2,False,toward_gold,2.0,,2.0,True,False,,False,2.0,False,False,False,True,False,6
BART,train,v2_train_0054,2,False,editor_orthogonal_random,1.375,1.5,1.5,False,False,1.5,False,1.5,False,False,False,True,False,8
BART,train,v2_train_0057,2,True,editor_forward,0.8125,0.875,0.875,False,False,1.0,False,1.0,True,False,True,False,False,8
BART,train,v2_train_0057,2,True,editor_reverse,0.625,0.6875,0.6875,False,False,,False,2.0,False,False,True,False,False,8
BART,train,v2_train_0057,2,True,radial_orthogonal_random,2.0,,2.0,True,False,,False,2.0,False,False,False,True,False,6
BART,train,v2_train_0057,2,True,toward_gold,2.0,,2.0,True,False,,False,2.0,False,False,False,True,False,6
BART,train,v2_train_0057,2,True,editor_orthogonal_random,1.375,1.5,1.5,False,False,,False,2.0,False,False,False,True,False,8
BART,train,v2_train_0060,2,True,editor_forward,0.875,0.9375,0.9375,False,False,1.0,False,1.0,True,False,True,False,False,8
BART,train,v2_train_0060,2,True,editor_reverse,0.875,0.9375,0.9375,False,False,,False,2.0,False,False,True,False,False,8
BART,train,v2_train_0060,2,True,radial_orthogonal_random,2.0,,2.0,True,False,,False,2.0,False,False,False,True,False,6
BART,train,v2_train_0060,2,True,toward_gold,2.0,,2.0,True,False,,False,2.0,False,False,False,True,False,6
BART,train,v2_train_0060,2,True,editor_orthogonal_random,2.0,,2.0,True,False,,False,2.0,False,False,False,True,False,6
BART,train,v2_train_0063,2,True,editor_forward,0.625,0.6875,0.6875,False,False,0.75,False,0.75,True,False,True,False,False,8
BART,train,v2_train_0063,2,True,editor_reverse,0.6875,0.75,0.75,False,False,,False,2.0,False,False,True,False,False,8
BART,train,v2_train_0063,2,True,radial_orthogonal_random,2.0,,2.0,True,False,,False,2.0,False,False,False,True,False,6
BART,train,v2_train_0063,2,True,toward_gold,2.0,,2.0,True,False,,False,2.0,False,False,False,True,False,6
BART,train,v2_train_0063,2,True,editor_orthogonal_random,1.75,1.875,1.875,False,False,,False,2.0,False,False,False,True,False,8
BART,train,v2_train_0066,2,False,editor_forward,1.125,1.25,1.25,False,False,1.5,False,1.5,False,False,False,True,True,8
BART,train,v2_train_0066,2,False,editor_reverse,0.75,0.8125,0.8125,False,False,,False,2.0,False,False,True,False,False,8
BART,train,v2_train_0066,2,False,radial_orthogonal_random,1.875,2.0,2.0,False,False,2.0,False,2.0,False,False,False,True,False,8
BART,train,v2_train_0066,2,False,toward_gold,2.0,,2.0,True,False,,False,2.0,False,False,False,True,False,6
BART,train,v2_train_0066,2,False,editor_orthogonal_random,2.0,,2.0,True,False,,False,2.0,False,False,False,True,False,6
BART,train,v2_train_0069,2,False,editor_forward,1.125,1.25,1.25,False,False,1.5,False,1.5,False,False,False,True,True,8
BART,train,v2_train_0069,2,False,editor_reverse,0.625,0.6875,0.6875,False,False,,False,2.0,False,False,True,False,False,8
BART,train,v2_train_0069,2,False,radial_orthogonal_random,2.0,,2.0,True,False,,False,2.0,False,False,False,True,False,6
BART,train,v2_train_0069,2,False,toward_gold,2.0,,2.0,True,False,,False,2.0,False,False,False,True,False,6
BART,train,v2_train_0069,2,False,editor_orthogonal_random,2.0,,2.0,True,False,,False,2.0,False,False,False,True,False,6
BART,train,v2_train_0048,3,True,editor_forward,0.1875,0.25,0.25,False,False,0.25,False,0.25,True,True,True,False,False,8
BART,train,v2_train_0048,3,True,editor_reverse,0.125,0.1875,0.1875,False,False,,False,2.0,False,True,True,False,False,8
BART,train,v2_train_0048,3,True,radial_orthogonal_random,0.1875,0.25,0.25,False,False,,False,2.0,False,True,True,False,False,8
BART,train,v2_train_0048,3,True,toward_gold,0.3125,0.375,0.375,False,False,2.0,False,2.0,False,True,True,False,False,8
BART,train,v2_train_0048,3,True,editor_orthogonal_random,2.0,,2.0,True,False,,False,2.0,False,False,False,True,False,6
BART,train,v2_train_0051,3,True,editor_forward,0.0,0.0625,0.0625,False,False,0.25,False,0.25,True,True,True,False,False,8
BART,train,v2_train_0051,3,True,editor_reverse,0.375,0.4375,0.4375,False,False,2.0,False,2.0,False,True,True,False,False,8
BART,train,v2_train_0051,3,True,radial_orthogonal_random,0.0625,0.125,0.125,False,False,0.25,False,0.25,True,True,True,False,False,8
BART,train,v2_train_0051,3,True,toward_gold,0.9375,1.0,1.0,False,False,,False,2.0,False,False,True,False,False,8
BART,train,v2_train_0051,3,True,editor_orthogonal_random,0.1875,0.25,0.25,False,False,0.25,False,0.25,True,True,True,False,False,8
BART,train,v2_train_0054,3,True,editor_forward,0.3125,0.375,0.375,False,False,0.5,False,0.5,True,True,True,False,False,8
BART,train,v2_train_0054,3,True,editor_reverse,0.0625,0.125,0.125,False,False,,False,2.0,False,True,True,False,False,8
BART,train,v2_train_0054,3,True,radial_orthogonal_random,1.5,1.625,1.625,False,False,2.0,False,2.0,False,False,False,True,False,8
BART,train,v2_train_0054,3,True,toward_gold,0.1875,0.25,0.25,False,True,,False,2.0,False,True,True,False,False,8
BART,train,v2_train_0054,3,True,editor_orthogonal_random,2.0,,2.0,True,False,,False,2.0,False,False,False,True,False,6
BART,train,v2_train_0066,3,True,editor_forward,0.125,0.1875,0.1875,False,False,0.25,False,0.25,True,True,True,False,False,8
BART,train,v2_train_0066,3,True,editor_reverse,0.0,0.0625,0.0625,False,False,,False,2.0,False,True,True,False,False,8
BART,train,v2_train_0066,3,True,radial_orthogonal_random,0.5,0.5625,0.5625,False,False,,False,2.0,False,False,True,False,False,8
BART,train,v2_train_0066,3,True,toward_gold,0.0625,0.125,0.125,False,False,2.0,False,2.0,False,True,True,False,False,8
BART,train,v2_train_0066,3,True,editor_orthogonal_random,2.0,,2.0,True,False,,False,2.0,False,False,False,True,False,6
BART,train,v2_train_0069,3,True,editor_forward,0.25,0.3125,0.3125,False,False,0.5,False,0.5,True,True,True,False,False,8
BART,train,v2_train_0069,3,True,editor_reverse,0.375,0.4375,0.4375,False,False,2.0,False,2.0,False,True,True,False,False,8
BART,train,v2_train_0069,3,True,radial_orthogonal_random,1.125,1.25,1.25,False,False,1.5,False,1.5,False,False,False,True,False,8
BART,train,v2_train_0069,3,True,toward_gold,1.375,1.5,1.5,False,False,,False,2.0,False,False,False,True,False,8
BART,train,v2_train_0069,3,True,editor_orthogonal_random,1.625,1.75,1.75,False,False,2.0,False,2.0,False,False,False,True,True,8
BART,dev,v2_dev_0000,1,False,editor_forward,1.625,1.75,1.75,False,False,,False,2.0,False,False,False,True,True,8
BART,dev,v2_dev_0000,1,False,editor_reverse,0.5,0.5625,0.5625,False,False,2.0,False,2.0,False,False,True,False,False,8
BART,dev,v2_dev_0000,1,False,radial_orthogonal_random,2.0,,2.0,True,False,,False,2.0,False,False,False,True,False,6
BART,dev,v2_dev_0000,1,False,toward_gold,2.0,,2.0,True,False,,False,2.0,False,False,False,True,False,6
BART,dev,v2_dev_0000,1,False,editor_orthogonal_random,2.0,,2.0,True,False,,False,2.0,False,False,False,True,False,6
BART,dev,v2_dev_0003,1,False,editor_forward,2.0,,2.0,True,False,,False,2.0,False,False,False,True,True,6
BART,dev,v2_dev_0003,1,False,editor_reverse,0.375,0.4375,0.4375,False,False,,False,2.0,False,True,True,False,False,8
BART,dev,v2_dev_0003,1,False,radial_orthogonal_random,1.875,2.0,2.0,False,False,2.0,False,2.0,False,False,False,True,False,8
BART,dev,v2_dev_0003,1,False,toward_gold,0.375,0.4375,0.4375,False,True,,False,2.0,False,True,True,True,False,8
BART,dev,v2_dev_0003,1,False,editor_orthogonal_random,2.0,,2.0,True,False,,False,2.0,False,False,False,True,False,6
BART,dev,v2_dev_0006,1,False,editor_forward,1.75,1.875,1.875,False,False,2.0,False,2.0,False,False,False,True,True,8
BART,dev,v2_dev_0006,1,False,editor_reverse,0.5625,0.625,0.625,False,False,1.5,False,1.5,False,False,True,False,False,8
BART,dev,v2_dev_0006,1,False,radial_orthogonal_random,1.5,1.625,1.625,False,False,2.0,False,2.0,False,False,False,True,False,8
BART,dev,v2_dev_0006,1,False,toward_gold,2.0,,2.0,True,False,,False,2.0,False,False,False,True,False,6
BART,dev,v2_dev_0006,1,False,editor_orthogonal_random,1.625,1.75,1.75,False,False,2.0,False,2.0,False,False,False,True,False,8
BART,dev,v2_dev_0009,1,False,editor_forward,2.0,,2.0,True,False,,False,2.0,False,False,False,True,True,6
BART,dev,v2_dev_0009,1,False,editor_reverse,0.375,0.4375,0.4375,False,False,,False,2.0,False,True,True,False,False,8
BART,dev,v2_dev_0009,1,False,radial_orthogonal_random,1.875,2.0,2.0,False,False,2.0,False,2.0,False,False,False,True,False,8
BART,dev,v2_dev_0009,1,False,toward_gold,0.4375,0.5,0.5,False,True,,False,2.0,False,True,True,True,False,8
BART,dev,v2_dev_0009,1,False,editor_orthogonal_random,2.0,,2.0,True,False,,False,2.0,False,False,False,True,False,6
BART,dev,v2_dev_0012,1,False,editor_forward,1.625,1.75,1.75,False,False,2.0,False,2.0,False,False,False,True,True,8
BART,dev,v2_dev_0012,1,False,editor_reverse,0.5625,0.625,0.625,False,False,2.0,False,2.0,False,False,True,False,False,8
BART,dev,v2_dev_0012,1,False,radial_orthogonal_random,2.0,,2.0,True,False,,False,2.0,False,False,False,True,True,6
BART,dev,v2_dev_0012,1,False,toward_gold,2.0,,2.0,True,False,,False,2.0,False,False,False,True,False,6
BART,dev,v2_dev_0012,1,False,editor_orthogonal_random,2.0,,2.0,True,False,,False,2.0,False,False,False,True,False,6
BART,dev,v2_dev_0015,1,False,editor_forward,1.625,1.75,1.75,False,False,,False,2.0,False,False,False,True,True,8
BART,dev,v2_dev_0015,1,False,editor_reverse,0.6875,0.75,0.75,False,False,2.0,False,2.0,False,False,True,False,False,8
BART,dev,v2_dev_0015,1,False,radial_orthogonal_random,1.75,1.875,1.875,False,False,2.0,False,2.0,False,False,False,True,False,8
BART,dev,v2_dev_0015,1,False,toward_gold,0.375,0.4375,0.4375,False,True,,False,2.0,False,True,True,True,False,8
BART,dev,v2_dev_0015,1,False,editor_orthogonal_random,2.0,,2.0,True,False,,False,2.0,False,False,False,True,True,6
BART,dev,v2_dev_0018,1,False,editor_forward,1.75,1.875,1.875,False,False,,False,2.0,False,False,False,True,True,8
BART,dev,v2_dev_0018,1,False,editor_reverse,0.5,0.5625,0.5625,False,False,2.0,False,2.0,False,False,True,False,False,8
BART,dev,v2_dev_0018,1,False,radial_orthogonal_random,2.0,,2.0,True,False,,False,2.0,False,False,False,True,False,6
BART,dev,v2_dev_0018,1,False,toward_gold,0.625,0.6875,0.6875,False,True,,False,2.0,False,False,True,True,False,8
BART,dev,v2_dev_0018,1,False,editor_orthogonal_random,2.0,,2.0,True,False,,False,2.0,False,False,False,True,False,6
BART,dev,v2_dev_0021,1,False,editor_forward,1.75,1.875,1.875,False,False,,False,2.0,False,False,False,True,True,8
BART,dev,v2_dev_0021,1,False,editor_reverse,0.625,0.6875,0.6875,False,False,2.0,False,2.0,False,False,True,False,False,8
BART,dev,v2_dev_0021,1,False,radial_orthogonal_random,2.0,,2.0,True,False,,False,2.0,False,False,False,True,False,6
BART,dev,v2_dev_0021,1,False,toward_gold,2.0,,2.0,True,False,,False,2.0,False,False,False,True,False,6
BART,dev,v2_dev_0021,1,False,editor_orthogonal_random,1.5,1.625,1.625,False,False,2.0,False,2.0,False,False,False,True,False,8
BART,dev,v2_dev_0000,2,False,editor_forward,1.125,1.25,1.25,False,False,1.5,False,1.5,False,False,False,True,True,8
BART,dev,v2_dev_0000,2,False,editor_reverse,0.75,0.8125,0.8125,False,False,,False,2.0,False,False,True,False,False,8
BART,dev,v2_dev_0000,2,False,radial_orthogonal_random,2.0,,2.0,True,False,,False,2.0,False,False,False,True,False,6
BART,dev,v2_dev_0000,2,False,toward_gold,2.0,,2.0,True,False,,False,2.0,False,False,False,True,False,6
BART,dev,v2_dev_0000,2,False,editor_orthogonal_random,1.5,1.625,1.625,False,False,,False,2.0,False,False,False,True,False,8
BART,dev,v2_dev_0003,2,False,editor_forward,1.25,1.375,1.375,False,False,1.5,False,1.5,False,False,False,True,True,8
BART,dev,v2_dev_0003,2,False,editor_reverse,0.625,0.6875,0.6875,False,False,,False,2.0,False,False,True,False,False,8
BART,dev,v2_dev_0003,2,False,radial_orthogonal_random,2.0,,2.0,True,False,,False,2.0,False,False,False,True,False,6
BART,dev,v2_dev_0003,2,False,toward_gold,2.0,,2.0,True,False,,False,2.0,False,False,False,True,False,6
BART,dev,v2_dev_0003,2,False,editor_orthogonal_random,2.0,,2.0,True,False,,False,2.0,False,False,False,True,False,6
BART,dev,v2_dev_0006,2,False,editor_forward,1.125,1.25,1.25,False,False,1.5,False,1.5,False,False,False,True,True,8
BART,dev,v2_dev_0006,2,False,editor_reverse,0.625,0.6875,0.6875,False,False,,False,2.0,False,False,True,False,False,8
BART,dev,v2_dev_0006,2,False,radial_orthogonal_random,2.0,,2.0,True,False,,False,2.0,False,False,False,True,False,6
BART,dev,v2_dev_0006,2,False,toward_gold,2.0,,2.0,True,False,,False,2.0,False,False,False,True,False,6
BART,dev,v2_dev_0006,2,False,editor_orthogonal_random,2.0,,2.0,True,False,,False,2.0,False,False,False,True,False,6
BART,dev,v2_dev_0009,2,True,editor_forward,0.8125,0.875,0.875,False,False,1.0,False,1.0,True,False,True,False,False,8
BART,dev,v2_dev_0009,2,True,editor_reverse,0.625,0.6875,0.6875,False,False,,False,2.0,False,False,True,False,False,8
BART,dev,v2_dev_0009,2,True,radial_orthogonal_random,2.0,,2.0,True,False,,False,2.0,False,False,False,True,False,6
BART,dev,v2_dev_0009,2,True,toward_gold,2.0,,2.0,True,False,,False,2.0,False,False,False,True,False,6
BART,dev,v2_dev_0009,2,True,editor_orthogonal_random,2.0,,2.0,True,False,,False,2.0,False,False,False,True,False,6
BART,dev,v2_dev_0012,2,True,editor_forward,0.9375,1.0,1.0,False,False,1.0,False,1.0,True,False,True,False,False,8
BART,dev,v2_dev_0012,2,True,editor_reverse,0.8125,0.875,0.875,False,False,,False,2.0,False,False,True,False,False,8
BART,dev,v2_dev_0012,2,True,radial_orthogonal_random,2.0,,2.0,True,False,,False,2.0,False,False,False,True,False,6
BART,dev,v2_dev_0012,2,True,toward_gold,2.0,,2.0,True,False,,False,2.0,False,False,False,True,False,6
BART,dev,v2_dev_0012,2,True,editor_orthogonal_random,2.0,,2.0,True,False,,False,2.0,False,False,False,True,False,6
BART,dev,v2_dev_0015,2,True,editor_forward,0.5625,0.625,0.625,False,False,0.75,False,0.75,True,False,True,False,False,8
BART,dev,v2_dev_0015,2,True,editor_reverse,0.75,0.8125,0.8125,False,False,,False,2.0,False,False,True,False,False,8
BART,dev,v2_dev_0015,2,True,radial_orthogonal_random,2.0,,2.0,True,False,,False,2.0,False,False,False,True,False,6
BART,dev,v2_dev_0015,2,True,toward_gold,2.0,,2.0,True,False,,False,2.0,False,False,False,True,False,6
BART,dev,v2_dev_0015,2,True,editor_orthogonal_random,1.5,1.625,1.625,False,False,2.0,False,2.0,False,False,False,True,False,8
BART,dev,v2_dev_0018,2,False,editor_forward,1.0,1.125,1.125,False,False,1.5,False,1.5,False,False,False,True,True,8
BART,dev,v2_dev_0018,2,False,editor_reverse,0.8125,0.875,0.875,False,False,,False,2.0,False,False,True,False,False,8
BART,dev,v2_dev_0018,2,False,radial_orthogonal_random,2.0,,2.0,True,False,,False,2.0,False,False,False,True,False,6
BART,dev,v2_dev_0018,2,False,toward_gold,2.0,,2.0,True,False,,False,2.0,False,False,False,True,False,6
BART,dev,v2_dev_0018,2,False,editor_orthogonal_random,2.0,,2.0,True,False,,False,2.0,False,False,False,True,False,6
BART,dev,v2_dev_0021,2,False,editor_forward,1.0,1.125,1.125,False,False,1.5,False,1.5,False,False,False,True,True,8
BART,dev,v2_dev_0021,2,False,editor_reverse,0.6875,0.75,0.75,False,False,,False,2.0,False,False,True,False,False,8
BART,dev,v2_dev_0021,2,False,radial_orthogonal_random,2.0,,2.0,True,False,,False,2.0,False,False,False,True,False,6
BART,dev,v2_dev_0021,2,False,toward_gold,2.0,,2.0,True,False,,False,2.0,False,False,False,True,False,6
BART,dev,v2_dev_0021,2,False,editor_orthogonal_random,2.0,,2.0,True,False,,False,2.0,False,False,False,True,False,6
BART,dev,v2_dev_0000,3,True,editor_forward,0.25,0.3125,0.3125,False,False,0.5,False,0.5,True,True,True,False,False,8
BART,dev,v2_dev_0000,3,True,editor_reverse,0.375,0.4375,0.4375,False,False,,False,2.0,False,True,True,False,False,8
BART,dev,v2_dev_0000,3,True,radial_orthogonal_random,1.75,1.875,1.875,False,False,2.0,False,2.0,False,False,False,True,False,8
BART,dev,v2_dev_0000,3,True,toward_gold,0.875,0.9375,0.9375,False,False,2.0,False,2.0,False,False,True,False,False,8
BART,dev,v2_dev_0000,3,True,editor_orthogonal_random,1.25,1.375,1.375,False,False,1.5,False,1.5,False,False,False,True,False,8
BART,dev,v2_dev_0003,3,True,editor_forward,0.375,0.4375,0.4375,False,False,0.5,False,0.5,True,True,True,False,False,8
BART,dev,v2_dev_0003,3,True,editor_reverse,0.25,0.3125,0.3125,False,False,,False,2.0,False,True,True,False,False,8
BART,dev,v2_dev_0003,3,True,radial_orthogonal_random,1.75,1.875,1.875,False,False,2.0,False,2.0,False,False,False,True,False,8
BART,dev,v2_dev_0003,3,True,toward_gold,0.625,0.6875,0.6875,False,False,,False,2.0,False,False,True,False,False,8
BART,dev,v2_dev_0003,3,True,editor_orthogonal_random,0.9375,1.0,1.0,False,False,2.0,False,2.0,False,False,True,False,False,8
BART,dev,v2_dev_0006,3,True,editor_forward,0.1875,0.25,0.25,False,False,0.25,False,0.25,True,True,True,False,False,8
BART,dev,v2_dev_0006,3,True,editor_reverse,0.125,0.1875,0.1875,False,False,,False,2.0,False,True,True,False,False,8
BART,dev,v2_dev_0006,3,True,radial_orthogonal_random,1.0,1.125,1.125,False,False,1.5,False,1.5,False,False,False,True,False,8
BART,dev,v2_dev_0006,3,True,toward_gold,0.375,0.4375,0.4375,False,False,2.0,False,2.0,False,True,True,False,False,8
BART,dev,v2_dev_0006,3,True,editor_orthogonal_random,0.25,0.3125,0.3125,False,False,1.5,False,1.5,False,True,True,False,False,8
BART,dev,v2_dev_0018,3,True,editor_forward,0.0625,0.125,0.125,False,False,0.25,False,0.25,True,True,True,False,False,8
BART,dev,v2_dev_0018,3,True,editor_reverse,0.25,0.3125,0.3125,False,False,,False,2.0,False,True,True,False,False,8
BART,dev,v2_dev_0018,3,True,radial_orthogonal_random,2.0,,2.0,True,False,,False,2.0,False,False,False,True,False,6
BART,dev,v2_dev_0018,3,True,toward_gold,0.5625,0.625,0.625,False,False,2.0,False,2.0,False,False,True,False,False,8
BART,dev,v2_dev_0018,3,True,editor_orthogonal_random,0.3125,0.375,0.375,False,False,0.5,False,0.5,True,True,True,False,False,8
BART,dev,v2_dev_0021,3,True,editor_forward,0.1875,0.25,0.25,False,False,0.25,False,0.25,True,True,True,False,False,8
BART,dev,v2_dev_0021,3,True,editor_reverse,0.375,0.4375,0.4375,False,False,1.5,False,1.5,False,True,True,False,False,8
BART,dev,v2_dev_0021,3,True,radial_orthogonal_random,1.125,1.25,1.25,False,False,2.0,False,2.0,False,False,False,True,False,8
BART,dev,v2_dev_0021,3,True,toward_gold,1.125,1.25,1.25,False,False,,False,2.0,False,False,False,True,False,8
BART,dev,v2_dev_0021,3,True,editor_orthogonal_random,0.75,0.8125,0.8125,False,False,1.0,False,1.0,True,False,True,False,False,8
BART,dev,v2_dev_0024,1,False,editor_forward,1.625,1.75,1.75,False,False,,False,2.0,False,False,False,True,True,8
BART,dev,v2_dev_0024,1,False,editor_reverse,0.5,0.5625,0.5625,False,False,2.0,False,2.0,False,False,True,False,False,8
BART,dev,v2_dev_0024,1,False,radial_orthogonal_random,2.0,,2.0,True,False,,False,2.0,False,False,False,True,False,6
BART,dev,v2_dev_0024,1,False,toward_gold,0.5625,0.625,0.625,False,True,,False,2.0,False,False,True,True,False,8
BART,dev,v2_dev_0024,1,False,editor_orthogonal_random,2.0,,2.0,True,False,,False,2.0,False,False,False,True,False,6
BART,dev,v2_dev_0027,1,False,editor_forward,2.0,,2.0,True,False,,False,2.0,False,False,False,True,True,6
BART,dev,v2_dev_0027,1,False,editor_reverse,0.4375,0.5,0.5,False,False,,False,2.0,False,True,True,False,False,8
BART,dev,v2_dev_0027,1,False,radial_orthogonal_random,2.0,,2.0,True,False,,False,2.0,False,False,False,True,False,6
BART,dev,v2_dev_0027,1,False,toward_gold,0.375,0.4375,0.4375,False,True,,False,2.0,False,True,True,True,False,8
BART,dev,v2_dev_0027,1,False,editor_orthogonal_random,2.0,,2.0,True,False,,False,2.0,False,False,False,True,False,6
BART,dev,v2_dev_0030,1,False,editor_forward,2.0,,2.0,True,False,,False,2.0,False,False,False,True,True,6
BART,dev,v2_dev_0030,1,False,editor_reverse,0.5,0.5625,0.5625,False,False,,False,2.0,False,False,True,False,False,8
BART,dev,v2_dev_0030,1,False,radial_orthogonal_random,1.875,2.0,2.0,False,False,,False,2.0,False,False,False,True,False,8
BART,dev,v2_dev_0030,1,False,toward_gold,2.0,,2.0,True,False,,False,2.0,False,False,False,True,False,6
BART,dev,v2_dev_0030,1,False,editor_orthogonal_random,2.0,,2.0,True,False,,False,2.0,False,False,False,True,False,6
BART,dev,v2_dev_0033,1,False,editor_forward,1.625,1.75,1.75,False,False,2.0,False,2.0,False,False,False,True,True,8
BART,dev,v2_dev_0033,1,False,editor_reverse,0.375,0.4375,0.4375,False,False,1.0,False,1.0,True,True,True,False,False,8
BART,dev,v2_dev_0033,1,False,radial_orthogonal_random,2.0,,2.0,True,False,,False,2.0,False,False,False,True,False,6
BART,dev,v2_dev_0033,1,False,toward_gold,0.375,0.4375,0.4375,False,True,,False,2.0,False,True,True,True,False,8
BART,dev,v2_dev_0033,1,False,editor_orthogonal_random,2.0,,2.0,True,False,,False,2.0,False,False,False,True,False,6
BART,dev,v2_dev_0024,2,False,editor_forward,1.375,1.5,1.5,False,False,1.5,False,1.5,False,False,False,True,True,8
BART,dev,v2_dev_0024,2,False,editor_reverse,0.5625,0.625,0.625,False,False,,False,2.0,False,False,True,False,False,8
BART,dev,v2_dev_0024,2,False,radial_orthogonal_random,2.0,,2.0,True,False,,False,2.0,False,False,False,True,False,6
BART,dev,v2_dev_0024,2,False,toward_gold,2.0,,2.0,True,False,,False,2.0,False,False,False,True,False,6
BART,dev,v2_dev_0024,2,False,editor_orthogonal_random,2.0,,2.0,True,False,,False,2.0,False,False,False,True,False,6
BART,dev,v2_dev_0027,2,False,editor_forward,1.5,1.625,1.625,False,False,2.0,False,2.0,False,False,False,True,True,8
BART,dev,v2_dev_0027,2,False,editor_reverse,0.625,0.6875,0.6875,False,False,,False,2.0,False,False,True,False,False,8
BART,dev,v2_dev_0027,2,False,radial_orthogonal_random,1.125,1.25,1.25,False,False,,False,2.0,False,False,False,True,False,8
BART,dev,v2_dev_0027,2,False,toward_gold,2.0,,2.0,True,False,,False,2.0,False,False,False,True,False,6
BART,dev,v2_dev_0027,2,False,editor_orthogonal_random,2.0,,2.0,True,False,,False,2.0,False,False,False,True,False,6
BART,dev,v2_dev_0030,2,True,editor_forward,1.375,1.5,1.5,False,False,1.5,False,1.5,False,False,False,True,False,8
BART,dev,v2_dev_0030,2,True,editor_reverse,0.6875,0.75,0.75,False,False,,False,2.0,False,False,True,False,False,8
BART,dev,v2_dev_0030,2,True,radial_orthogonal_random,2.0,,2.0,True,False,,False,2.0,False,False,False,True,False,6
BART,dev,v2_dev_0030,2,True,toward_gold,2.0,,2.0,True,False,,False,2.0,False,False,False,True,False,6
BART,dev,v2_dev_0030,2,True,editor_orthogonal_random,2.0,,2.0,True,False,,False,2.0,False,False,False,True,False,6
BART,dev,v2_dev_0033,2,True,editor_forward,0.5,0.5625,0.5625,False,False,0.75,False,0.75,True,False,True,False,False,8
BART,dev,v2_dev_0033,2,True,editor_reverse,0.5625,0.625,0.625,False,False,,False,2.0,False,False,True,False,False,8
BART,dev,v2_dev_0033,2,True,radial_orthogonal_random,0.75,0.8125,0.8125,False,False,1.0,False,1.0,True,False,True,False,False,8
BART,dev,v2_dev_0033,2,True,toward_gold,2.0,,2.0,True,False,,False,2.0,False,False,False,True,False,6
BART,dev,v2_dev_0033,2,True,editor_orthogonal_random,2.0,,2.0,True,False,,False,2.0,False,False,False,True,False,6
BART,dev,v2_dev_0024,3,True,editor_forward,0.4375,0.5,0.5,False,False,0.5,False,0.5,True,True,True,False,False,8
BART,dev,v2_dev_0024,3,True,editor_reverse,0.3125,0.375,0.375,False,False,,False,2.0,False,True,True,False,False,8
BART,dev,v2_dev_0024,3,True,radial_orthogonal_random,1.0,1.125,1.125,False,False,1.5,False,1.5,False,False,False,True,False,8
BART,dev,v2_dev_0024,3,True,toward_gold,1.0,1.125,1.125,False,True,,False,2.0,False,False,False,True,False,8
BART,dev,v2_dev_0024,3,True,editor_orthogonal_random,1.5,1.625,1.625,False,False,,False,2.0,False,False,False,True,False,8
BART,dev,v2_dev_0027,3,True,editor_forward,0.5,0.5625,0.5625,False,False,0.75,False,0.75,True,False,True,False,False,8
BART,dev,v2_dev_0027,3,True,editor_reverse,0.1875,0.25,0.25,False,False,,False,2.0,False,True,True,False,False,8
BART,dev,v2_dev_0027,3,True,radial_orthogonal_random,1.375,1.5,1.5,False,False,2.0,False,2.0,False,False,False,True,False,8
BART,dev,v2_dev_0027,3,True,toward_gold,0.4375,0.5,0.5,False,False,,False,2.0,False,True,True,False,False,8
BART,dev,v2_dev_0027,3,True,editor_orthogonal_random,1.5,1.625,1.625,False,False,2.0,False,2.0,False,False,False,True,False,8
BART,test_iid,v3_confirmation_test_iid_0000,1,False,editor_forward,1.75,1.875,1.875,False,False,,False,2.0,False,False,False,True,True,8
BART,test_iid,v3_confirmation_test_iid_0000,1,False,editor_reverse,0.5,0.5625,0.5625,False,False,2.0,False,2.0,False,False,True,False,False,8
BART,test_iid,v3_confirmation_test_iid_0000,1,False,radial_orthogonal_random,2.0,,2.0,True,False,,False,2.0,False,False,False,True,False,6
BART,test_iid,v3_confirmation_test_iid_0000,1,False,toward_gold,2.0,,2.0,True,False,,False,2.0,False,False,False,True,False,6
BART,test_iid,v3_confirmation_test_iid_0000,1,False,editor_orthogonal_random,2.0,,2.0,True,False,,False,2.0,False,False,False,True,False,6
BART,test_iid,v3_confirmation_test_iid_0002,1,False,editor_forward,1.625,1.75,1.75,False,False,,False,2.0,False,False,False,True,True,8
BART,test_iid,v3_confirmation_test_iid_0002,1,False,editor_reverse,0.5625,0.625,0.625,False,False,2.0,False,2.0,False,False,True,False,False,8
BART,test_iid,v3_confirmation_test_iid_0002,1,False,radial_orthogonal_random,2.0,,2.0,True,False,,False,2.0,False,False,False,True,False,6
BART,test_iid,v3_confirmation_test_iid_0002,1,False,toward_gold,1.875,2.0,2.0,False,False,2.0,False,2.0,False,False,False,True,False,8
BART,test_iid,v3_confirmation_test_iid_0002,1,False,editor_orthogonal_random,1.75,1.875,1.875,False,False,2.0,False,2.0,False,False,False,True,False,8
BART,test_iid,v3_confirmation_test_iid_0003,1,False,editor_forward,1.875,2.0,2.0,False,False,,False,2.0,False,False,False,True,True,8
BART,test_iid,v3_confirmation_test_iid_0003,1,False,editor_reverse,0.625,0.6875,0.6875,False,False,1.5,False,1.5,False,False,True,False,False,8
BART,test_iid,v3_confirmation_test_iid_0003,1,False,radial_orthogonal_random,1.5,1.625,1.625,False,False,2.0,False,2.0,False,False,False,True,False,8
BART,test_iid,v3_confirmation_test_iid_0003,1,False,toward_gold,0.5625,0.625,0.625,False,True,,False,2.0,False,False,True,True,False,8
BART,test_iid,v3_confirmation_test_iid_0003,1,False,editor_orthogonal_random,2.0,,2.0,True,False,,False,2.0,False,False,False,True,False,6
BART,test_iid,v3_confirmation_test_iid_0005,1,False,editor_forward,1.875,2.0,2.0,False,False,,False,2.0,False,False,False,True,True,8
BART,test_iid,v3_confirmation_test_iid_0005,1,False,editor_reverse,0.5625,0.625,0.625,False,False,,False,2.0,False,False,True,False,False,8
BART,test_iid,v3_confirmation_test_iid_0005,1,False,radial_orthogonal_random,2.0,,2.0,True,False,,False,2.0,False,False,False,True,False,6
BART,test_iid,v3_confirmation_test_iid_0005,1,False,toward_gold,0.5,0.5625,0.5625,False,True,,False,2.0,False,False,True,True,False,8
BART,test_iid,v3_confirmation_test_iid_0005,1,False,editor_orthogonal_random,1.625,1.75,1.75,False,False,2.0,False,2.0,False,False,False,True,False,8
BART,test_iid,v3_confirmation_test_iid_0006,1,False,editor_forward,1.875,2.0,2.0,False,False,,False,2.0,False,False,False,True,True,8
BART,test_iid,v3_confirmation_test_iid_0006,1,False,editor_reverse,0.5625,0.625,0.625,False,False,1.5,False,1.5,False,False,True,False,False,8
BART,test_iid,v3_confirmation_test_iid_0006,1,False,radial_orthogonal_random,2.0,,2.0,True,False,,False,2.0,False,False,False,True,False,6
BART,test_iid,v3_confirmation_test_iid_0006,1,False,toward_gold,2.0,,2.0,True,False,,False,2.0,False,False,False,True,False,6
BART,test_iid,v3_confirmation_test_iid_0006,1,False,editor_orthogonal_random,2.0,,2.0,True,False,,False,2.0,False,False,False,True,False,6
BART,test_iid,v3_confirmation_test_iid_0008,1,False,editor_forward,1.75,1.875,1.875,False,False,,False,2.0,False,False,False,True,True,8
BART,test_iid,v3_confirmation_test_iid_0008,1,False,editor_reverse,0.5625,0.625,0.625,False,False,2.0,False,2.0,False,False,True,False,False,8
BART,test_iid,v3_confirmation_test_iid_0008,1,False,radial_orthogonal_random,2.0,,2.0,True,False,,False,2.0,False,False,False,True,False,6
BART,test_iid,v3_confirmation_test_iid_0008,1,False,toward_gold,2.0,,2.0,True,False,,False,2.0,False,False,False,True,False,6
BART,test_iid,v3_confirmation_test_iid_0008,1,False,editor_orthogonal_random,2.0,,2.0,True,False,,False,2.0,False,False,False,True,False,6
BART,test_iid,v3_confirmation_test_iid_0009,1,False,editor_forward,1.875,2.0,2.0,False,False,2.0,False,2.0,False,False,False,True,True,8
BART,test_iid,v3_confirmation_test_iid_0009,1,False,editor_reverse,0.4375,0.5,0.5,False,False,1.5,False,1.5,False,True,True,False,False,8
BART,test_iid,v3_confirmation_test_iid_0009,1,False,radial_orthogonal_random,2.0,,2.0,True,False,,False,2.0,False,False,False,True,False,6
BART,test_iid,v3_confirmation_test_iid_0009,1,False,toward_gold,0.4375,0.5,0.5,False,True,,False,2.0,False,True,True,True,False,8
BART,test_iid,v3_confirmation_test_iid_0009,1,False,editor_orthogonal_random,2.0,,2.0,True,False,,False,2.0,False,False,False,True,False,6
BART,test_iid,v3_confirmation_test_iid_0011,1,False,editor_forward,1.875,2.0,2.0,False,False,2.0,False,2.0,False,False,False,True,True,8
BART,test_iid,v3_confirmation_test_iid_0011,1,False,editor_reverse,0.4375,0.5,0.5,False,False,,False,2.0,False,True,True,False,False,8
BART,test_iid,v3_confirmation_test_iid_0011,1,False,radial_orthogonal_random,2.0,,2.0,True,False,,False,2.0,False,False,False,True,False,6
BART,test_iid,v3_confirmation_test_iid_0011,1,False,toward_gold,0.375,0.4375,0.4375,False,True,,False,2.0,False,True,True,True,False,8
BART,test_iid,v3_confirmation_test_iid_0011,1,False,editor_orthogonal_random,1.625,1.75,1.75,False,False,2.0,False,2.0,False,False,False,True,False,8
BART,test_iid,v3_confirmation_test_iid_0000,2,False,editor_forward,1.25,1.375,1.375,False,False,1.5,False,1.5,False,False,False,True,True,8
BART,test_iid,v3_confirmation_test_iid_0000,2,False,editor_reverse,0.6875,0.75,0.75,False,False,,False,2.0,False,False,True,False,False,8
BART,test_iid,v3_confirmation_test_iid_0000,2,False,radial_orthogonal_random,2.0,,2.0,True,False,,False,2.0,False,False,False,True,False,6
BART,test_iid,v3_confirmation_test_iid_0000,2,False,toward_gold,2.0,,2.0,True,False,,False,2.0,False,False,False,True,False,6
BART,test_iid,v3_confirmation_test_iid_0000,2,False,editor_orthogonal_random,1.75,1.875,1.875,False,False,2.0,False,2.0,False,False,False,True,False,8
BART,test_iid,v3_confirmation_test_iid_0002,2,False,editor_forward,1.125,1.25,1.25,False,False,1.5,False,1.5,False,False,False,True,True,8
BART,test_iid,v3_confirmation_test_iid_0002,2,False,editor_reverse,0.625,0.6875,0.6875,False,False,,False,2.0,False,False,True,False,False,8
BART,test_iid,v3_confirmation_test_iid_0002,2,False,radial_orthogonal_random,2.0,,2.0,True,False,,False,2.0,False,False,False,True,False,6
BART,test_iid,v3_confirmation_test_iid_0002,2,False,toward_gold,2.0,,2.0,True,False,,False,2.0,False,False,False,True,False,6
BART,test_iid,v3_confirmation_test_iid_0002,2,False,editor_orthogonal_random,1.375,1.5,1.5,False,False,,False,2.0,False,False,False,True,False,8
BART,test_iid,v3_confirmation_test_iid_0003,2,False,editor_forward,1.25,1.375,1.375,False,False,1.5,False,1.5,False,False,False,True,True,8
BART,test_iid,v3_confirmation_test_iid_0003,2,False,editor_reverse,0.6875,0.75,0.75,False,False,,False,2.0,False,False,True,False,False,8
BART,test_iid,v3_confirmation_test_iid_0003,2,False,radial_orthogonal_random,1.75,1.875,1.875,False,False,,False,2.0,False,False,False,True,False,8
BART,test_iid,v3_confirmation_test_iid_0003,2,False,toward_gold,2.0,,2.0,True,False,,False,2.0,False,False,False,True,False,6
BART,test_iid,v3_confirmation_test_iid_0003,2,False,editor_orthogonal_random,2.0,,2.0,True,False,,False,2.0,False,False,False,True,False,6
BART,test_iid,v3_confirmation_test_iid_0005,2,False,editor_forward,1.5,1.625,1.625,False,False,2.0,False,2.0,False,False,False,True,True,8
BART,test_iid,v3_confirmation_test_iid_0005,2,False,editor_reverse,0.5625,0.625,0.625,False,False,,False,2.0,False,False,True,False,False,8
BART,test_iid,v3_confirmation_test_iid_0005,2,False,radial_orthogonal_random,2.0,,2.0,True,False,,False,2.0,False,False,False,True,False,6
BART,test_iid,v3_confirmation_test_iid_0005,2,False,toward_gold,2.0,,2.0,True,False,,False,2.0,False,False,False,True,False,6
BART,test_iid,v3_confirmation_test_iid_0005,2,False,editor_orthogonal_random,2.0,,2.0,True,False,,False,2.0,False,False,False,True,False,6
BART,test_iid,v3_confirmation_test_iid_0006,2,False,editor_forward,1.25,1.375,1.375,False,False,1.5,False,1.5,False,False,False,True,True,8
BART,test_iid,v3_confirmation_test_iid_0006,2,False,editor_reverse,0.625,0.6875,0.6875,False,False,,False,2.0,False,False,True,False,False,8
BART,test_iid,v3_confirmation_test_iid_0006,2,False,radial_orthogonal_random,2.0,,2.0,True,False,,False,2.0,False,False,False,True,False,6
BART,test_iid,v3_confirmation_test_iid_0006,2,False,toward_gold,2.0,,2.0,True,False,,False,2.0,False,False,False,True,False,6
BART,test_iid,v3_confirmation_test_iid_0006,2,False,editor_orthogonal_random,1.875,2.0,2.0,False,False,2.0,False,2.0,False,False,False,True,False,8
BART,test_iid,v3_confirmation_test_iid_0008,2,False,editor_forward,1.375,1.5,1.5,False,False,1.5,False,1.5,False,False,False,True,True,8
BART,test_iid,v3_confirmation_test_iid_0008,2,False,editor_reverse,0.5625,0.625,0.625,False,False,,False,2.0,False,False,True,False,False,8
BART,test_iid,v3_confirmation_test_iid_0008,2,False,radial_orthogonal_random,2.0,,2.0,True,False,,False,2.0,False,False,False,True,False,6
BART,test_iid,v3_confirmation_test_iid_0008,2,False,toward_gold,2.0,,2.0,True,False,,False,2.0,False,False,False,True,False,6
BART,test_iid,v3_confirmation_test_iid_0008,2,False,editor_orthogonal_random,2.0,,2.0,True,False,,False,2.0,False,False,False,True,False,6
BART,test_iid,v3_confirmation_test_iid_0009,2,True,editor_forward,0.6875,0.75,0.75,False,False,0.75,False,0.75,True,False,True,False,False,8
BART,test_iid,v3_confirmation_test_iid_0009,2,True,editor_reverse,0.5625,0.625,0.625,False,False,,False,2.0,False,False,True,False,False,8
BART,test_iid,v3_confirmation_test_iid_0009,2,True,radial_orthogonal_random,1.875,2.0,2.0,False,False,2.0,False,2.0,False,False,False,True,False,8
BART,test_iid,v3_confirmation_test_iid_0009,2,True,toward_gold,2.0,,2.0,True,False,,False,2.0,False,False,False,True,False,6
BART,test_iid,v3_confirmation_test_iid_0009,2,True,editor_orthogonal_random,1.5,1.625,1.625,False,False,2.0,False,2.0,False,False,False,True,False,8
BART,test_iid,v3_confirmation_test_iid_0011,2,True,editor_forward,0.6875,0.75,0.75,False,False,0.75,False,0.75,True,False,True,False,False,8
BART,test_iid,v3_confirmation_test_iid_0011,2,True,editor_reverse,0.5625,0.625,0.625,False,False,,False,2.0,False,False,True,False,False,8
BART,test_iid,v3_confirmation_test_iid_0011,2,True,radial_orthogonal_random,2.0,,2.0,True,False,,False,2.0,False,False,False,True,False,6
BART,test_iid,v3_confirmation_test_iid_0011,2,True,toward_gold,2.0,,2.0,True,False,,False,2.0,False,False,False,True,False,6
BART,test_iid,v3_confirmation_test_iid_0011,2,True,editor_orthogonal_random,2.0,,2.0,True,False,,False,2.0,False,False,False,True,False,6
BART,test_iid,v3_confirmation_test_iid_0000,3,True,editor_forward,0.4375,0.5,0.5,False,False,0.5,False,0.5,True,True,True,False,False,8
BART,test_iid,v3_confirmation_test_iid_0000,3,True,editor_reverse,0.125,0.1875,0.1875,False,False,,False,2.0,False,True,True,False,False,8
BART,test_iid,v3_confirmation_test_iid_0000,3,True,radial_orthogonal_random,1.5,1.625,1.625,False,False,,False,2.0,False,False,False,True,False,8
BART,test_iid,v3_confirmation_test_iid_0000,3,True,toward_gold,0.3125,0.375,0.375,False,False,2.0,False,2.0,False,True,True,False,False,8
BART,test_iid,v3_confirmation_test_iid_0000,3,True,editor_orthogonal_random,2.0,,2.0,True,False,,False,2.0,False,False,False,True,False,6
BART,test_iid,v3_confirmation_test_iid_0002,3,True,editor_forward,0.25,0.3125,0.3125,False,False,0.5,False,0.5,True,True,True,False,False,8
BART,test_iid,v3_confirmation_test_iid_0002,3,True,editor_reverse,0.1875,0.25,0.25,False,False,,False,2.0,False,True,True,False,False,8
BART,test_iid,v3_confirmation_test_iid_0002,3,True,radial_orthogonal_random,1.375,1.5,1.5,False,False,1.5,False,1.5,False,False,False,True,False,8
BART,test_iid,v3_confirmation_test_iid_0002,3,True,toward_gold,0.8125,0.875,0.875,False,True,,False,2.0,False,False,True,False,False,8
BART,test_iid,v3_confirmation_test_iid_0002,3,True,editor_orthogonal_random,1.625,1.75,1.75,False,False,2.0,False,2.0,False,False,False,True,False,8
BART,test_iid,v3_confirmation_test_iid_0003,3,True,editor_forward,0.3125,0.375,0.375,False,False,0.5,False,0.5,True,True,True,False,False,8
BART,test_iid,v3_confirmation_test_iid_0003,3,True,editor_reverse,0.25,0.3125,0.3125,False,False,,False,2.0,False,True,True,False,False,8
BART,test_iid,v3_confirmation_test_iid_0003,3,True,radial_orthogonal_random,1.125,1.25,1.25,False,False,2.0,False,2.0,False,False,False,True,False,8
BART,test_iid,v3_confirmation_test_iid_0003,3,True,toward_gold,0.625,0.6875,0.6875,False,False,,False,2.0,False,False,True,False,False,8
BART,test_iid,v3_confirmation_test_iid_0003,3,True,editor_orthogonal_random,0.8125,0.875,0.875,False,False,,False,2.0,False,False,True,False,False,8
BART,test_iid,v3_confirmation_test_iid_0005,3,True,editor_forward,0.5625,0.625,0.625,False,False,0.75,False,0.75,True,False,True,False,False,8
BART,test_iid,v3_confirmation_test_iid_0005,3,True,editor_reverse,0.25,0.3125,0.3125,False,False,,False,2.0,False,True,True,False,False,8
BART,test_iid,v3_confirmation_test_iid_0005,3,True,radial_orthogonal_random,2.0,,2.0,True,False,,False,2.0,False,False,False,True,False,6
BART,test_iid,v3_confirmation_test_iid_0005,3,True,toward_gold,0.6875,0.75,0.75,False,False,,False,2.0,False,False,True,False,False,8
BART,test_iid,v3_confirmation_test_iid_0005,3,True,editor_orthogonal_random,2.0,,2.0,True,False,,False,2.0,False,False,False,True,False,6
BART,test_iid,v3_confirmation_test_iid_0006,3,True,editor_forward,0.25,0.3125,0.3125,False,False,0.5,False,0.5,True,True,True,False,False,8
BART,test_iid,v3_confirmation_test_iid_0006,3,True,editor_reverse,0.0625,0.125,0.125,False,False,,False,2.0,False,True,True,False,False,8
BART,test_iid,v3_confirmation_test_iid_0006,3,True,radial_orthogonal_random,1.125,1.25,1.25,False,False,2.0,False,2.0,False,False,False,True,False,8
BART,test_iid,v3_confirmation_test_iid_0006,3,True,toward_gold,0.25,0.3125,0.3125,False,True,,False,2.0,False,True,True,False,False,8
BART,test_iid,v3_confirmation_test_iid_0006,3,True,editor_orthogonal_random,1.0,1.125,1.125,False,False,1.5,False,1.5,False,False,False,True,False,8
BART,test_iid,v3_confirmation_test_iid_0008,3,True,editor_forward,0.4375,0.5,0.5,False,False,0.5,False,0.5,True,True,True,False,False,8
BART,test_iid,v3_confirmation_test_iid_0008,3,True,editor_reverse,0.125,0.1875,0.1875,False,False,,False,2.0,False,True,True,False,False,8
BART,test_iid,v3_confirmation_test_iid_0008,3,True,radial_orthogonal_random,0.8125,0.875,0.875,False,False,,False,2.0,False,False,True,False,False,8
BART,test_iid,v3_confirmation_test_iid_0008,3,True,toward_gold,0.625,0.6875,0.6875,False,False,2.0,False,2.0,False,False,True,False,False,8
BART,test_iid,v3_confirmation_test_iid_0008,3,True,editor_orthogonal_random,2.0,,2.0,True,False,,False,2.0,False,False,False,True,False,6
BART,test_iid,v3_confirmation_test_iid_0012,1,False,editor_forward,1.875,2.0,2.0,False,False,2.0,False,2.0,False,False,False,True,True,8
BART,test_iid,v3_confirmation_test_iid_0012,1,False,editor_reverse,0.625,0.6875,0.6875,False,False,1.5,False,1.5,False,False,True,False,False,8
BART,test_iid,v3_confirmation_test_iid_0012,1,False,radial_orthogonal_random,1.75,1.875,1.875,False,False,2.0,False,2.0,False,False,False,True,False,8
BART,test_iid,v3_confirmation_test_iid_0012,1,False,toward_gold,2.0,,2.0,True,False,,False,2.0,False,False,False,True,False,6
BART,test_iid,v3_confirmation_test_iid_0012,1,False,editor_orthogonal_random,2.0,,2.0,True,False,,False,2.0,False,False,False,True,False,6
BART,test_iid,v3_confirmation_test_iid_0014,1,False,editor_forward,1.75,1.875,1.875,False,False,,False,2.0,False,False,False,True,True,8
BART,test_iid,v3_confirmation_test_iid_0014,1,False,editor_reverse,0.5625,0.625,0.625,False,False,2.0,False,2.0,False,False,True,False,False,8
BART,test_iid,v3_confirmation_test_iid_0014,1,False,radial_orthogonal_random,2.0,,2.0,True,False,,False,2.0,False,False,False,True,False,6
BART,test_iid,v3_confirmation_test_iid_0014,1,False,toward_gold,2.0,,2.0,True,False,,False,2.0,False,False,False,True,False,6
BART,test_iid,v3_confirmation_test_iid_0014,1,False,editor_orthogonal_random,1.5,1.625,1.625,False,False,2.0,False,2.0,False,False,False,True,False,8
BART,test_iid,v3_confirmation_test_iid_0015,1,False,editor_forward,1.625,1.75,1.75,False,False,2.0,False,2.0,False,False,False,True,True,8
BART,test_iid,v3_confirmation_test_iid_0015,1,False,editor_reverse,0.625,0.6875,0.6875,False,False,2.0,False,2.0,False,False,True,False,False,8
BART,test_iid,v3_confirmation_test_iid_0015,1,False,radial_orthogonal_random,1.75,1.875,1.875,False,False,2.0,False,2.0,False,False,False,True,False,8
BART,test_iid,v3_confirmation_test_iid_0015,1,False,toward_gold,0.375,0.4375,0.4375,False,True,,False,2.0,False,True,True,True,False,8
BART,test_iid,v3_confirmation_test_iid_0015,1,False,editor_orthogonal_random,2.0,,2.0,True,False,,False,2.0,False,False,False,True,False,6
BART,test_iid,v3_confirmation_test_iid_0017,1,False,editor_forward,1.875,2.0,2.0,False,False,2.0,False,2.0,False,False,False,True,True,8
BART,test_iid,v3_confirmation_test_iid_0017,1,False,editor_reverse,0.8125,0.875,0.875,False,False,2.0,False,2.0,False,False,True,False,False,8
BART,test_iid,v3_confirmation_test_iid_0017,1,False,radial_orthogonal_random,0.8125,0.875,0.875,False,False,1.0,False,1.0,True,False,True,False,False,8
BART,test_iid,v3_confirmation_test_iid_0017,1,False,toward_gold,0.375,0.4375,0.4375,False,True,,False,2.0,False,True,True,True,False,8
BART,test_iid,v3_confirmation_test_iid_0017,1,False,editor_orthogonal_random,0.75,0.8125,0.8125,False,False,1.0,False,1.0,True,False,True,False,False,8
BART,test_iid,v3_confirmation_test_iid_0018,1,False,editor_forward,1.75,1.875,1.875,False,False,,False,2.0,False,False,False,True,True,8
BART,test_iid,v3_confirmation_test_iid_0018,1,False,editor_reverse,0.5625,0.625,0.625,False,False,2.0,False,2.0,False,False,True,False,False,8
BART,test_iid,v3_confirmation_test_iid_0018,1,False,radial_orthogonal_random,1.625,1.75,1.75,False,False,2.0,False,2.0,False,False,False,True,False,8
BART,test_iid,v3_confirmation_test_iid_0018,1,False,toward_gold,2.0,,2.0,True,False,,False,2.0,False,False,False,True,False,6
BART,test_iid,v3_confirmation_test_iid_0018,1,False,editor_orthogonal_random,2.0,,2.0,True,False,,False,2.0,False,False,False,True,True,6
BART,test_iid,v3_confirmation_test_iid_0020,1,False,editor_forward,1.875,2.0,2.0,False,False,,False,2.0,False,False,False,True,True,8
BART,test_iid,v3_confirmation_test_iid_0020,1,False,editor_reverse,0.75,0.8125,0.8125,False,False,1.0,False,1.0,True,False,True,False,False,8
BART,test_iid,v3_confirmation_test_iid_0020,1,False,radial_orthogonal_random,2.0,,2.0,True,False,,False,2.0,False,False,False,True,False,6
BART,test_iid,v3_confirmation_test_iid_0020,1,False,toward_gold,2.0,,2.0,True,False,,False,2.0,False,False,False,True,False,6
BART,test_iid,v3_confirmation_test_iid_0020,1,False,editor_orthogonal_random,2.0,,2.0,True,False,,False,2.0,False,False,False,True,False,6
BART,test_iid,v3_confirmation_test_iid_0021,1,False,editor_forward,1.75,1.875,1.875,False,False,,False,2.0,False,False,False,True,True,8
BART,test_iid,v3_confirmation_test_iid_0021,1,False,editor_reverse,0.5,0.5625,0.5625,False,False,2.0,False,2.0,False,False,True,False,False,8
BART,test_iid,v3_confirmation_test_iid_0021,1,False,radial_orthogonal_random,2.0,,2.0,True,False,,False,2.0,False,False,False,True,False,6
BART,test_iid,v3_confirmation_test_iid_0021,1,False,toward_gold,2.0,,2.0,True,False,,False,2.0,False,False,False,True,False,6
BART,test_iid,v3_confirmation_test_iid_0021,1,False,editor_orthogonal_random,2.0,,2.0,True,False,,False,2.0,False,False,False,True,False,6
BART,test_iid,v3_confirmation_test_iid_0023,1,False,editor_forward,1.75,1.875,1.875,False,False,,False,2.0,False,False,False,True,True,8
BART,test_iid,v3_confirmation_test_iid_0023,1,False,editor_reverse,0.5,0.5625,0.5625,False,False,2.0,False,2.0,False,False,True,False,False,8
BART,test_iid,v3_confirmation_test_iid_0023,1,False,radial_orthogonal_random,1.5,1.625,1.625,False,False,2.0,False,2.0,False,False,False,True,False,8
BART,test_iid,v3_confirmation_test_iid_0023,1,False,toward_gold,2.0,,2.0,True,False,,False,2.0,False,False,False,True,False,6
BART,test_iid,v3_confirmation_test_iid_0023,1,False,editor_orthogonal_random,1.125,1.25,1.25,False,False,1.5,False,1.5,False,False,False,True,False,8
BART,test_iid,v3_confirmation_test_iid_0012,2,True,editor_forward,0.9375,1.0,1.0,False,False,1.0,False,1.0,True,False,True,False,False,8
BART,test_iid,v3_confirmation_test_iid_0012,2,True,editor_reverse,0.75,0.8125,0.8125,False,False,,False,2.0,False,False,True,False,False,8
BART,test_iid,v3_confirmation_test_iid_0012,2,True,radial_orthogonal_random,1.5,1.625,1.625,False,False,2.0,False,2.0,False,False,False,True,False,8
BART,test_iid,v3_confirmation_test_iid_0012,2,True,toward_gold,2.0,,2.0,True,False,,False,2.0,False,False,False,True,False,6
BART,test_iid,v3_confirmation_test_iid_0012,2,True,editor_orthogonal_random,2.0,,2.0,True,False,,False,2.0,False,False,False,True,False,6
BART,test_iid,v3_confirmation_test_iid_0014,2,False,editor_forward,1.0,1.125,1.125,False,False,1.5,False,1.5,False,False,False,True,True,8
BART,test_iid,v3_confirmation_test_iid_0014,2,False,editor_reverse,0.625,0.6875,0.6875,False,False,,False,2.0,False,False,True,False,False,8
BART,test_iid,v3_confirmation_test_iid_0014,2,False,radial_orthogonal_random,1.375,1.5,1.5,False,False,,False,2.0,False,False,False,True,False,8
BART,test_iid,v3_confirmation_test_iid_0014,2,False,toward_gold,2.0,,2.0,True,False,,False,2.0,False,False,False,True,False,6
BART,test_iid,v3_confirmation_test_iid_0014,2,False,editor_orthogonal_random,2.0,,2.0,True,False,,False,2.0,False,False,False,True,False,6
BART,test_iid,v3_confirmation_test_iid_0015,2,True,editor_forward,0.625,0.6875,0.6875,False,False,0.75,False,0.75,True,False,True,False,False,8
BART,test_iid,v3_confirmation_test_iid_0015,2,True,editor_reverse,0.6875,0.75,0.75,False,False,,False,2.0,False,False,True,False,False,8
BART,test_iid,v3_confirmation_test_iid_0015,2,True,radial_orthogonal_random,2.0,,2.0,True,False,,False,2.0,False,False,False,True,False,6
BART,test_iid,v3_confirmation_test_iid_0015,2,True,toward_gold,2.0,,2.0,True,False,,False,2.0,False,False,False,True,False,6
BART,test_iid,v3_confirmation_test_iid_0015,2,True,editor_orthogonal_random,2.0,,2.0,True,False,,False,2.0,False,False,False,True,False,6
BART,test_iid,v3_confirmation_test_iid_0017,2,True,editor_forward,0.6875,0.75,0.75,False,False,0.75,False,0.75,True,False,True,False,False,8
BART,test_iid,v3_confirmation_test_iid_0017,2,True,editor_reverse,0.625,0.6875,0.6875,False,False,,False,2.0,False,False,True,False,False,8
BART,test_iid,v3_confirmation_test_iid_0017,2,True,radial_orthogonal_random,1.875,2.0,2.0,False,False,,False,2.0,False,False,False,True,False,8
BART,test_iid,v3_confirmation_test_iid_0017,2,True,toward_gold,2.0,,2.0,True,False,,False,2.0,False,False,False,True,False,6
BART,test_iid,v3_confirmation_test_iid_0017,2,True,editor_orthogonal_random,1.75,1.875,1.875,False,False,2.0,False,2.0,False,False,False,True,False,8
BART,test_iid,v3_confirmation_test_iid_0018,2,False,editor_forward,1.125,1.25,1.25,False,False,1.5,False,1.5,False,False,False,True,True,8
BART,test_iid,v3_confirmation_test_iid_0018,2,False,editor_reverse,0.625,0.6875,0.6875,False,False,,False,2.0,False,False,True,False,False,8
BART,test_iid,v3_confirmation_test_iid_0018,2,False,radial_orthogonal_random,2.0,,2.0,True,False,,False,2.0,False,False,False,True,False,6
BART,test_iid,v3_confirmation_test_iid_0018,2,False,toward_gold,2.0,,2.0,True,False,,False,2.0,False,False,False,True,False,6
BART,test_iid,v3_confirmation_test_iid_0018,2,False,editor_orthogonal_random,2.0,,2.0,True,False,,False,2.0,False,False,False,True,False,6
BART,test_iid,v3_confirmation_test_iid_0020,2,True,editor_forward,1.25,1.375,1.375,False,False,1.5,False,1.5,False,False,False,True,False,8
BART,test_iid,v3_confirmation_test_iid_0020,2,True,editor_reverse,0.625,0.6875,0.6875,False,False,,False,2.0,False,False,True,False,False,8
BART,test_iid,v3_confirmation_test_iid_0020,2,True,radial_orthogonal_random,2.0,,2.0,True,False,,False,2.0,False,False,False,True,False,6
BART,test_iid,v3_confirmation_test_iid_0020,2,True,toward_gold,2.0,,2.0,True,False,,False,2.0,False,False,False,True,False,6
BART,test_iid,v3_confirmation_test_iid_0020,2,True,editor_orthogonal_random,1.75,1.875,1.875,False,False,2.0,False,2.0,False,False,False,True,False,8
BART,test_iid,v3_confirmation_test_iid_0021,2,False,editor_forward,1.125,1.25,1.25,False,False,1.5,False,1.5,False,False,False,True,True,8
BART,test_iid,v3_confirmation_test_iid_0021,2,False,editor_reverse,0.6875,0.75,0.75,False,False,,False,2.0,False,False,True,False,False,8
BART,test_iid,v3_confirmation_test_iid_0021,2,False,radial_orthogonal_random,1.625,1.75,1.75,False,False,2.0,False,2.0,False,False,False,True,False,8
BART,test_iid,v3_confirmation_test_iid_0021,2,False,toward_gold,2.0,,2.0,True,False,,False,2.0,False,False,False,True,False,6
BART,test_iid,v3_confirmation_test_iid_0021,2,False,editor_orthogonal_random,1.875,2.0,2.0,False,False,2.0,False,2.0,False,False,False,True,False,8
BART,test_iid,v3_confirmation_test_iid_0023,2,False,editor_forward,1.125,1.25,1.25,False,False,1.5,False,1.5,False,False,False,True,True,8
BART,test_iid,v3_confirmation_test_iid_0023,2,False,editor_reverse,0.625,0.6875,0.6875,False,False,,False,2.0,False,False,True,False,False,8
BART,test_iid,v3_confirmation_test_iid_0023,2,False,radial_orthogonal_random,2.0,,2.0,True,False,,False,2.0,False,False,False,True,False,6
BART,test_iid,v3_confirmation_test_iid_0023,2,False,toward_gold,2.0,,2.0,True,False,,False,2.0,False,False,False,True,False,6
BART,test_iid,v3_confirmation_test_iid_0023,2,False,editor_orthogonal_random,2.0,,2.0,True,False,,False,2.0,False,False,False,True,False,6
BART,test_iid,v3_confirmation_test_iid_0014,3,True,editor_forward,0.0,0.0625,0.0625,False,False,0.25,False,0.25,True,True,True,False,False,8
BART,test_iid,v3_confirmation_test_iid_0014,3,True,editor_reverse,0.1875,0.25,0.25,False,False,,False,2.0,False,True,True,False,False,8
BART,test_iid,v3_confirmation_test_iid_0014,3,True,radial_orthogonal_random,0.1875,0.25,0.25,False,False,0.25,False,0.25,True,True,True,False,False,8
BART,test_iid,v3_confirmation_test_iid_0014,3,True,toward_gold,0.375,0.4375,0.4375,False,False,2.0,False,2.0,False,True,True,False,False,8
BART,test_iid,v3_confirmation_test_iid_0014,3,True,editor_orthogonal_random,0.125,0.1875,0.1875,False,False,0.25,False,0.25,True,True,True,False,False,8
BART,test_iid,v3_confirmation_test_iid_0018,3,True,editor_forward,0.1875,0.25,0.25,False,False,0.25,False,0.25,True,True,True,False,False,8
BART,test_iid,v3_confirmation_test_iid_0018,3,True,editor_reverse,0.0,0.0625,0.0625,False,False,,False,2.0,False,True,True,False,False,8
BART,test_iid,v3_confirmation_test_iid_0018,3,True,radial_orthogonal_random,0.1875,0.25,0.25,False,False,1.0,False,1.0,True,True,True,False,False,8
BART,test_iid,v3_confirmation_test_iid_0018,3,True,toward_gold,0.1875,0.25,0.25,False,False,2.0,False,2.0,False,True,True,False,False,8
BART,test_iid,v3_confirmation_test_iid_0018,3,True,editor_orthogonal_random,1.625,1.75,1.75,False,False,,False,2.0,False,False,False,True,False,8
BART,test_iid,v3_confirmation_test_iid_0021,3,True,editor_forward,0.1875,0.25,0.25,False,False,0.25,False,0.25,True,True,True,False,False,8
BART,test_iid,v3_confirmation_test_iid_0021,3,True,editor_reverse,0.375,0.4375,0.4375,False,False,1.5,False,1.5,False,True,True,False,False,8
BART,test_iid,v3_confirmation_test_iid_0021,3,True,radial_orthogonal_random,1.0,1.125,1.125,False,False,1.5,False,1.5,False,False,False,True,True,8
BART,test_iid,v3_confirmation_test_iid_0021,3,True,toward_gold,1.125,1.25,1.25,False,False,,False,2.0,False,False,False,True,False,8
BART,test_iid,v3_confirmation_test_iid_0021,3,True,editor_orthogonal_random,1.75,1.875,1.875,False,False,2.0,False,2.0,False,False,False,True,False,8
BART,test_iid,v3_confirmation_test_iid_0023,3,True,editor_forward,0.1875,0.25,0.25,False,False,0.25,False,0.25,True,True,True,False,False,8
BART,test_iid,v3_confirmation_test_iid_0023,3,True,editor_reverse,0.375,0.4375,0.4375,False,False,1.5,False,1.5,False,True,True,False,False,8
BART,test_iid,v3_confirmation_test_iid_0023,3,True,radial_orthogonal_random,1.375,1.5,1.5,False,False,1.5,False,1.5,False,False,False,True,False,8
BART,test_iid,v3_confirmation_test_iid_0023,3,True,toward_gold,1.25,1.375,1.375,False,False,2.0,False,2.0,False,False,False,True,False,8
BART,test_iid,v3_confirmation_test_iid_0023,3,True,editor_orthogonal_random,0.625,0.6875,0.6875,False,False,0.75,False,0.75,True,False,True,False,False,8
BART,test_iid,v3_confirmation_test_iid_0024,1,False,editor_forward,1.625,1.75,1.75,False,False,,False,2.0,False,False,False,True,True,8
BART,test_iid,v3_confirmation_test_iid_0024,1,False,editor_reverse,0.5,0.5625,0.5625,False,False,2.0,False,2.0,False,False,True,False,False,8
BART,test_iid,v3_confirmation_test_iid_0024,1,False,radial_orthogonal_random,2.0,,2.0,True,False,,False,2.0,False,False,False,True,False,6
BART,test_iid,v3_confirmation_test_iid_0024,1,False,toward_gold,0.4375,0.5,0.5,False,True,,False,2.0,False,True,True,True,False,8
BART,test_iid,v3_confirmation_test_iid_0024,1,False,editor_orthogonal_random,2.0,,2.0,True,False,,False,2.0,False,False,False,True,True,6
BART,test_iid,v3_confirmation_test_iid_0026,1,False,editor_forward,1.75,1.875,1.875,False,False,,False,2.0,False,False,False,True,True,8
BART,test_iid,v3_confirmation_test_iid_0026,1,False,editor_reverse,0.5625,0.625,0.625,False,False,2.0,False,2.0,False,False,True,False,False,8
BART,test_iid,v3_confirmation_test_iid_0026,1,False,radial_orthogonal_random,2.0,,2.0,True,False,,False,2.0,False,False,False,True,False,6
BART,test_iid,v3_confirmation_test_iid_0026,1,False,toward_gold,1.875,2.0,2.0,False,False,2.0,False,2.0,False,False,False,True,False,8
BART,test_iid,v3_confirmation_test_iid_0026,1,False,editor_orthogonal_random,1.125,1.25,1.25,False,False,,False,2.0,False,False,False,True,False,8
BART,test_iid,v3_confirmation_test_iid_0027,1,False,editor_forward,2.0,,2.0,True,False,,False,2.0,False,False,False,True,True,6
BART,test_iid,v3_confirmation_test_iid_0027,1,False,editor_reverse,0.5,0.5625,0.5625,False,False,,False,2.0,False,False,True,False,False,8
BART,test_iid,v3_confirmation_test_iid_0027,1,False,radial_orthogonal_random,2.0,,2.0,True,False,,False,2.0,False,False,False,True,False,6
BART,test_iid,v3_confirmation_test_iid_0027,1,False,toward_gold,2.0,,2.0,True,False,,False,2.0,False,False,False,True,False,6
BART,test_iid,v3_confirmation_test_iid_0027,1,False,editor_orthogonal_random,2.0,,2.0,True,False,,False,2.0,False,False,False,True,False,6
BART,test_iid,v3_confirmation_test_iid_0029,1,False,editor_forward,1.875,2.0,2.0,False,False,,False,2.0,False,False,False,True,True,8
BART,test_iid,v3_confirmation_test_iid_0029,1,False,editor_reverse,0.5,0.5625,0.5625,False,False,,False,2.0,False,False,True,False,False,8
BART,test_iid,v3_confirmation_test_iid_0029,1,False,radial_orthogonal_random,1.75,1.875,1.875,False,False,2.0,False,2.0,False,False,False,True,False,8
BART,test_iid,v3_confirmation_test_iid_0029,1,False,toward_gold,2.0,,2.0,True,False,,False,2.0,False,False,False,True,False,6
BART,test_iid,v3_confirmation_test_iid_0029,1,False,editor_orthogonal_random,2.0,,2.0,True,False,,False,2.0,False,False,False,True,False,6
BART,test_iid,v3_confirmation_test_iid_0030,1,False,editor_forward,1.875,2.0,2.0,False,False,,False,2.0,False,False,False,True,True,8
BART,test_iid,v3_confirmation_test_iid_0030,1,False,editor_reverse,0.5,0.5625,0.5625,False,False,1.5,False,1.5,False,False,True,False,False,8
BART,test_iid,v3_confirmation_test_iid_0030,1,False,radial_orthogonal_random,1.75,1.875,1.875,False,False,2.0,False,2.0,False,False,False,True,False,8
BART,test_iid,v3_confirmation_test_iid_0030,1,False,toward_gold,0.625,0.6875,0.6875,False,True,,False,2.0,False,False,True,True,False,8
BART,test_iid,v3_confirmation_test_iid_0030,1,False,editor_orthogonal_random,2.0,,2.0,True,False,,False,2.0,False,False,False,True,False,6
BART,test_iid,v3_confirmation_test_iid_0032,1,False,editor_forward,1.875,2.0,2.0,False,False,,False,2.0,False,False,False,True,True,8
BART,test_iid,v3_confirmation_test_iid_0032,1,False,editor_reverse,0.5,0.5625,0.5625,False,False,2.0,False,2.0,False,False,True,False,False,8
BART,test_iid,v3_confirmation_test_iid_0032,1,False,radial_orthogonal_random,2.0,,2.0,True,False,,False,2.0,False,False,False,True,False,6
BART,test_iid,v3_confirmation_test_iid_0032,1,False,toward_gold,0.5,0.5625,0.5625,False,True,,False,2.0,False,False,True,True,False,8
BART,test_iid,v3_confirmation_test_iid_0032,1,False,editor_orthogonal_random,2.0,,2.0,True,False,,False,2.0,False,False,False,True,False,6
BART,test_iid,v3_confirmation_test_iid_0033,1,False,editor_forward,1.875,2.0,2.0,False,False,2.0,False,2.0,False,False,False,True,True,8
BART,test_iid,v3_confirmation_test_iid_0033,1,False,editor_reverse,0.3125,0.375,0.375,False,False,2.0,False,2.0,False,True,True,False,False,8
BART,test_iid,v3_confirmation_test_iid_0033,1,False,radial_orthogonal_random,1.625,1.75,1.75,False,False,2.0,False,2.0,False,False,False,True,False,8
BART,test_iid,v3_confirmation_test_iid_0033,1,False,toward_gold,0.3125,0.375,0.375,False,True,,False,2.0,False,True,True,True,False,8
BART,test_iid,v3_confirmation_test_iid_0033,1,False,editor_orthogonal_random,2.0,,2.0,True,False,,False,2.0,False,False,False,True,False,6
BART,test_iid,v3_confirmation_test_iid_0035,1,False,editor_forward,2.0,,2.0,True,False,,False,2.0,False,False,False,True,True,6
BART,test_iid,v3_confirmation_test_iid_0035,1,False,editor_reverse,0.375,0.4375,0.4375,False,False,2.0,False,2.0,False,True,True,False,False,8
BART,test_iid,v3_confirmation_test_iid_0035,1,False,radial_orthogonal_random,2.0,,2.0,True,False,,False,2.0,False,False,False,True,False,6
BART,test_iid,v3_confirmation_test_iid_0035,1,False,toward_gold,0.3125,0.375,0.375,False,True,,False,2.0,False,True,True,True,False,8
BART,test_iid,v3_confirmation_test_iid_0035,1,False,editor_orthogonal_random,1.625,1.75,1.75,False,False,2.0,False,2.0,False,False,False,True,False,8
BART,test_iid,v3_confirmation_test_iid_0024,2,False,editor_forward,1.375,1.5,1.5,False,False,1.5,False,1.5,False,False,False,True,True,8
BART,test_iid,v3_confirmation_test_iid_0024,2,False,editor_reverse,0.6875,0.75,0.75,False,False,,False,2.0,False,False,True,False,False,8
BART,test_iid,v3_confirmation_test_iid_0024,2,False,radial_orthogonal_random,1.375,1.5,1.5,False,False,,False,2.0,False,False,False,True,False,8
BART,test_iid,v3_confirmation_test_iid_0024,2,False,toward_gold,2.0,,2.0,True,False,,False,2.0,False,False,False,True,False,6
BART,test_iid,v3_confirmation_test_iid_0024,2,False,editor_orthogonal_random,2.0,,2.0,True,False,,False,2.0,False,False,False,True,False,6
BART,test_iid,v3_confirmation_test_iid_0026,2,True,editor_forward,0.9375,1.0,1.0,False,False,1.0,False,1.0,True,False,True,False,False,8
BART,test_iid,v3_confirmation_test_iid_0026,2,True,editor_reverse,0.5625,0.625,0.625,False,False,,False,2.0,False,False,True,False,False,8
BART,test_iid,v3_confirmation_test_iid_0026,2,True,radial_orthogonal_random,1.625,1.75,1.75,False,False,2.0,False,2.0,False,False,False,True,False,8
BART,test_iid,v3_confirmation_test_iid_0026,2,True,toward_gold,2.0,,2.0,True,False,,False,2.0,False,False,False,True,False,6
BART,test_iid,v3_confirmation_test_iid_0026,2,True,editor_orthogonal_random,2.0,,2.0,True,False,,False,2.0,False,False,False,True,False,6
BART,test_iid,v3_confirmation_test_iid_0027,2,False,editor_forward,1.375,1.5,1.5,False,False,1.5,False,1.5,False,False,False,True,True,8
BART,test_iid,v3_confirmation_test_iid_0027,2,False,editor_reverse,0.625,0.6875,0.6875,False,False,,False,2.0,False,False,True,False,False,8
BART,test_iid,v3_confirmation_test_iid_0027,2,False,radial_orthogonal_random,2.0,,2.0,True,False,,False,2.0,False,False,False,True,False,6
BART,test_iid,v3_confirmation_test_iid_0027,2,False,toward_gold,2.0,,2.0,True,False,,False,2.0,False,False,False,True,False,6
BART,test_iid,v3_confirmation_test_iid_0027,2,False,editor_orthogonal_random,1.75,1.875,1.875,False,False,,False,2.0,False,False,False,True,False,8
BART,test_iid,v3_confirmation_test_iid_0029,2,False,editor_forward,1.25,1.375,1.375,False,False,1.5,False,1.5,False,False,False,True,True,8
BART,test_iid,v3_confirmation_test_iid_0029,2,False,editor_reverse,0.5625,0.625,0.625,False,False,,False,2.0,False,False,True,False,False,8
BART,test_iid,v3_confirmation_test_iid_0029,2,False,radial_orthogonal_random,2.0,,2.0,True,False,,False,2.0,False,False,False,True,False,6
BART,test_iid,v3_confirmation_test_iid_0029,2,False,toward_gold,2.0,,2.0,True,False,,False,2.0,False,False,False,True,False,6
BART,test_iid,v3_confirmation_test_iid_0029,2,False,editor_orthogonal_random,2.0,,2.0,True,False,,False,2.0,False,False,False,True,False,6
BART,test_iid,v3_confirmation_test_iid_0030,2,False,editor_forward,1.375,1.5,1.5,False,False,1.5,False,1.5,False,False,False,True,True,8
BART,test_iid,v3_confirmation_test_iid_0030,2,False,editor_reverse,0.5625,0.625,0.625,False,False,,False,2.0,False,False,True,False,False,8
BART,test_iid,v3_confirmation_test_iid_0030,2,False,radial_orthogonal_random,2.0,,2.0,True,False,,False,2.0,False,False,False,True,False,6
BART,test_iid,v3_confirmation_test_iid_0030,2,False,toward_gold,2.0,,2.0,True,False,,False,2.0,False,False,False,True,False,6
BART,test_iid,v3_confirmation_test_iid_0030,2,False,editor_orthogonal_random,2.0,,2.0,True,False,,False,2.0,False,False,False,True,False,6
BART,test_iid,v3_confirmation_test_iid_0032,2,False,editor_forward,1.125,1.25,1.25,False,False,1.5,False,1.5,False,False,False,True,True,8
BART,test_iid,v3_confirmation_test_iid_0032,2,False,editor_reverse,0.3125,0.375,0.375,False,False,,False,2.0,False,True,True,False,False,8
BART,test_iid,v3_confirmation_test_iid_0032,2,False,radial_orthogonal_random,1.25,1.375,1.375,False,False,1.5,False,1.5,False,False,False,True,False,8
BART,test_iid,v3_confirmation_test_iid_0032,2,False,toward_gold,2.0,,2.0,True,False,,False,2.0,False,False,False,True,False,6
BART,test_iid,v3_confirmation_test_iid_0032,2,False,editor_orthogonal_random,1.125,1.25,1.25,False,False,,False,2.0,False,False,False,True,False,8
BART,test_iid,v3_confirmation_test_iid_0033,2,True,editor_forward,0.75,0.8125,0.8125,False,False,1.0,False,1.0,True,False,True,False,False,8
BART,test_iid,v3_confirmation_test_iid_0033,2,True,editor_reverse,0.625,0.6875,0.6875,False,False,,False,2.0,False,False,True,False,False,8
BART,test_iid,v3_confirmation_test_iid_0033,2,True,radial_orthogonal_random,2.0,,2.0,True,False,,False,2.0,False,False,False,True,False,6
BART,test_iid,v3_confirmation_test_iid_0033,2,True,toward_gold,2.0,,2.0,True,False,,False,2.0,False,False,False,True,False,6
BART,test_iid,v3_confirmation_test_iid_0033,2,True,editor_orthogonal_random,2.0,,2.0,True,False,,False,2.0,False,False,False,True,False,6
BART,test_iid,v3_confirmation_test_iid_0035,2,True,editor_forward,0.9375,1.0,1.0,False,False,1.0,False,1.0,True,False,True,False,False,8
BART,test_iid,v3_confirmation_test_iid_0035,2,True,editor_reverse,0.4375,0.5,0.5,False,False,,False,2.0,False,True,True,False,False,8
BART,test_iid,v3_confirmation_test_iid_0035,2,True,radial_orthogonal_random,1.875,2.0,2.0,False,False,2.0,False,2.0,False,False,False,True,False,8
BART,test_iid,v3_confirmation_test_iid_0035,2,True,toward_gold,2.0,,2.0,True,False,,False,2.0,False,False,False,True,False,6
BART,test_iid,v3_confirmation_test_iid_0035,2,True,editor_orthogonal_random,2.0,,2.0,True,False,,False,2.0,False,False,False,True,False,6
BART,test_iid,v3_confirmation_test_iid_0024,3,True,editor_forward,0.5,0.5625,0.5625,False,False,0.75,False,0.75,True,False,True,False,False,8
BART,test_iid,v3_confirmation_test_iid_0024,3,True,editor_reverse,0.3125,0.375,0.375,False,False,,False,2.0,False,True,True,False,False,8
BART,test_iid,v3_confirmation_test_iid_0024,3,True,radial_orthogonal_random,0.75,0.8125,0.8125,False,False,1.5,False,1.5,False,False,True,False,False,8
BART,test_iid,v3_confirmation_test_iid_0024,3,True,toward_gold,0.75,0.8125,0.8125,False,False,2.0,False,2.0,False,False,True,False,False,8
BART,test_iid,v3_confirmation_test_iid_0024,3,True,editor_orthogonal_random,0.625,0.6875,0.6875,False,False,,False,2.0,False,False,True,False,False,8
BART,test_iid,v3_confirmation_test_iid_0027,3,True,editor_forward,0.4375,0.5,0.5,False,False,0.5,False,0.5,True,True,True,False,False,8
BART,test_iid,v3_confirmation_test_iid_0027,3,True,editor_reverse,0.25,0.3125,0.3125,False,False,,False,2.0,False,True,True,False,False,8
BART,test_iid,v3_confirmation_test_iid_0027,3,True,radial_orthogonal_random,2.0,,2.0,True,False,,False,2.0,False,False,False,True,False,6
BART,test_iid,v3_confirmation_test_iid_0027,3,True,toward_gold,0.5625,0.625,0.625,False,False,,False,2.0,False,False,True,False,False,8
BART,test_iid,v3_confirmation_test_iid_0027,3,True,editor_orthogonal_random,1.0,1.125,1.125,False,False,1.5,False,1.5,False,False,False,True,False,8
BART,test_iid,v3_confirmation_test_iid_0029,3,True,editor_forward,0.3125,0.375,0.375,False,False,0.5,False,0.5,True,True,True,False,False,8
BART,test_iid,v3_confirmation_test_iid_0029,3,True,editor_reverse,0.3125,0.375,0.375,False,False,2.0,False,2.0,False,True,True,False,False,8
BART,test_iid,v3_confirmation_test_iid_0029,3,True,radial_orthogonal_random,1.625,1.75,1.75,False,False,2.0,False,2.0,False,False,False,True,False,8
BART,test_iid,v3_confirmation_test_iid_0029,3,True,toward_gold,1.0,1.125,1.125,False,False,2.0,False,2.0,False,False,False,True,False,8
BART,test_iid,v3_confirmation_test_iid_0029,3,True,editor_orthogonal_random,1.875,2.0,2.0,False,False,2.0,False,2.0,False,False,False,True,False,8
BART,test_iid,v3_confirmation_test_iid_0030,3,True,editor_forward,0.5,0.5625,0.5625,False,False,0.75,False,0.75,True,False,True,False,False,8
BART,test_iid,v3_confirmation_test_iid_0030,3,True,editor_reverse,0.0,0.0625,0.0625,False,False,,False,2.0,False,True,True,False,False,8
BART,test_iid,v3_confirmation_test_iid_0030,3,True,radial_orthogonal_random,1.375,1.5,1.5,False,False,2.0,False,2.0,False,False,False,True,False,8
BART,test_iid,v3_confirmation_test_iid_0030,3,True,toward_gold,0.125,0.1875,0.1875,False,False,2.0,False,2.0,False,True,True,False,False,8
BART,test_iid,v3_confirmation_test_iid_0030,3,True,editor_orthogonal_random,0.125,0.1875,0.1875,False,False,2.0,False,2.0,False,True,True,False,False,8
BART,test_iid,v3_confirmation_test_iid_0032,3,True,editor_forward,0.125,0.1875,0.1875,False,False,0.25,False,0.25,True,True,True,False,False,8
BART,test_iid,v3_confirmation_test_iid_0032,3,True,editor_reverse,0.0,0.0625,0.0625,False,False,,False,2.0,False,True,True,False,False,8
BART,test_iid,v3_confirmation_test_iid_0032,3,True,radial_orthogonal_random,0.3125,0.375,0.375,False,False,0.5,False,0.5,True,True,True,False,False,8
BART,test_iid,v3_confirmation_test_iid_0032,3,True,toward_gold,0.0,0.0625,0.0625,False,False,2.0,False,2.0,False,True,True,False,False,8
BART,test_iid,v3_confirmation_test_iid_0032,3,True,editor_orthogonal_random,0.0,0.0625,0.0625,False,False,2.0,False,2.0,False,True,True,False,False,8
BART,test_iid,v3_confirmation_test_iid_0036,1,False,editor_forward,1.875,2.0,2.0,False,False,2.0,False,2.0,False,False,False,True,True,8
BART,test_iid,v3_confirmation_test_iid_0036,1,False,editor_reverse,0.5,0.5625,0.5625,False,False,2.0,False,2.0,False,False,True,False,False,8
BART,test_iid,v3_confirmation_test_iid_0036,1,False,radial_orthogonal_random,2.0,,2.0,True,False,,False,2.0,False,False,False,True,False,6
BART,test_iid,v3_confirmation_test_iid_0036,1,False,toward_gold,2.0,,2.0,True,False,,False,2.0,False,False,False,True,False,6
BART,test_iid,v3_confirmation_test_iid_0036,1,False,editor_orthogonal_random,1.375,1.5,1.5,False,False,1.5,False,1.5,False,False,False,True,False,8
BART,test_iid,v3_confirmation_test_iid_0038,1,False,editor_forward,1.75,1.875,1.875,False,False,,False,2.0,False,False,False,True,True,8
BART,test_iid,v3_confirmation_test_iid_0038,1,False,editor_reverse,0.5,0.5625,0.5625,False,False,2.0,False,2.0,False,False,True,False,False,8
BART,test_iid,v3_confirmation_test_iid_0038,1,False,radial_orthogonal_random,1.625,1.75,1.75,False,False,2.0,False,2.0,False,False,False,True,False,8
BART,test_iid,v3_confirmation_test_iid_0038,1,False,toward_gold,0.5625,0.625,0.625,False,True,,False,2.0,False,False,True,True,False,8
BART,test_iid,v3_confirmation_test_iid_0038,1,False,editor_orthogonal_random,1.125,1.25,1.25,False,False,2.0,False,2.0,False,False,False,True,False,8
BART,test_iid,v3_confirmation_test_iid_0039,1,False,editor_forward,1.625,1.75,1.75,False,False,,False,2.0,False,False,False,True,True,8
BART,test_iid,v3_confirmation_test_iid_0039,1,False,editor_reverse,0.6875,0.75,0.75,False,False,2.0,False,2.0,False,False,True,False,False,8
BART,test_iid,v3_confirmation_test_iid_0039,1,False,radial_orthogonal_random,2.0,,2.0,True,False,,False,2.0,False,False,False,True,False,6
BART,test_iid,v3_confirmation_test_iid_0039,1,False,toward_gold,0.375,0.4375,0.4375,False,True,,False,2.0,False,True,True,True,False,8
BART,test_iid,v3_confirmation_test_iid_0039,1,False,editor_orthogonal_random,2.0,,2.0,True,False,,False,2.0,False,False,False,True,True,6
BART,test_iid,v3_confirmation_test_iid_0041,1,False,editor_forward,1.625,1.75,1.75,False,False,2.0,False,2.0,False,False,False,True,True,8
BART,test_iid,v3_confirmation_test_iid_0041,1,False,editor_reverse,0.6875,0.75,0.75,False,False,1.5,False,1.5,False,False,True,False,False,8
BART,test_iid,v3_confirmation_test_iid_0041,1,False,radial_orthogonal_random,2.0,,2.0,True,False,,False,2.0,False,False,False,True,False,6
BART,test_iid,v3_confirmation_test_iid_0041,1,False,toward_gold,0.3125,0.375,0.375,False,True,,False,2.0,False,True,True,True,False,8
BART,test_iid,v3_confirmation_test_iid_0041,1,False,editor_orthogonal_random,2.0,,2.0,True,False,,False,2.0,False,False,False,True,True,6
BART,test_iid,v3_confirmation_test_iid_0042,1,False,editor_forward,1.75,1.875,1.875,False,False,,False,2.0,False,False,False,True,True,8
BART,test_iid,v3_confirmation_test_iid_0042,1,False,editor_reverse,0.5625,0.625,0.625,False,False,2.0,False,2.0,False,False,True,False,False,8
BART,test_iid,v3_confirmation_test_iid_0042,1,False,radial_orthogonal_random,2.0,,2.0,True,False,,False,2.0,False,False,False,True,True,6
BART,test_iid,v3_confirmation_test_iid_0042,1,False,toward_gold,2.0,,2.0,True,False,,False,2.0,False,False,False,True,False,6
BART,test_iid,v3_confirmation_test_iid_0042,1,False,editor_orthogonal_random,1.625,1.75,1.75,False,False,2.0,False,2.0,False,False,False,True,False,8
BART,test_iid,v3_confirmation_test_iid_0044,1,False,editor_forward,1.75,1.875,1.875,False,False,,False,2.0,False,False,False,True,True,8
BART,test_iid,v3_confirmation_test_iid_0044,1,False,editor_reverse,0.5625,0.625,0.625,False,False,1.5,False,1.5,False,False,True,False,False,8
BART,test_iid,v3_confirmation_test_iid_0044,1,False,radial_orthogonal_random,1.75,1.875,1.875,False,False,,False,2.0,False,False,False,True,False,8
BART,test_iid,v3_confirmation_test_iid_0044,1,False,toward_gold,0.5625,0.625,0.625,False,True,,False,2.0,False,False,True,True,False,8
BART,test_iid,v3_confirmation_test_iid_0044,1,False,editor_orthogonal_random,1.625,1.75,1.75,False,False,2.0,False,2.0,False,False,False,True,False,8
BART,test_iid,v3_confirmation_test_iid_0045,1,False,editor_forward,1.75,1.875,1.875,False,False,,False,2.0,False,False,False,True,True,8
BART,test_iid,v3_confirmation_test_iid_0045,1,False,editor_reverse,0.5625,0.625,0.625,False,False,2.0,False,2.0,False,False,True,False,False,8
BART,test_iid,v3_confirmation_test_iid_0045,1,False,radial_orthogonal_random,2.0,,2.0,True,False,,False,2.0,False,False,False,True,False,6
BART,test_iid,v3_confirmation_test_iid_0045,1,False,toward_gold,2.0,,2.0,True,False,,False,2.0,False,False,False,True,False,6
BART,test_iid,v3_confirmation_test_iid_0045,1,False,editor_orthogonal_random,2.0,,2.0,True,False,,False,2.0,False,False,False,True,False,6
BART,test_iid,v3_confirmation_test_iid_0047,1,False,editor_forward,1.625,1.75,1.75,False,False,,False,2.0,False,False,False,True,True,8
BART,test_iid,v3_confirmation_test_iid_0047,1,False,editor_reverse,0.5625,0.625,0.625,False,False,2.0,False,2.0,False,False,True,False,False,8
BART,test_iid,v3_confirmation_test_iid_0047,1,False,radial_orthogonal_random,2.0,,2.0,True,False,,False,2.0,False,False,False,True,False,6
BART,test_iid,v3_confirmation_test_iid_0047,1,False,toward_gold,2.0,,2.0,True,False,,False,2.0,False,False,False,True,False,6
BART,test_iid,v3_confirmation_test_iid_0047,1,False,editor_orthogonal_random,2.0,,2.0,True,False,,False,2.0,False,False,False,True,False,6
BART,test_iid,v3_confirmation_test_iid_0036,2,True,editor_forward,0.9375,1.0,1.0,False,False,1.0,False,1.0,True,False,True,False,False,8
BART,test_iid,v3_confirmation_test_iid_0036,2,True,editor_reverse,0.75,0.8125,0.8125,False,False,,False,2.0,False,False,True,False,False,8
BART,test_iid,v3_confirmation_test_iid_0036,2,True,radial_orthogonal_random,1.875,2.0,2.0,False,False,2.0,False,2.0,False,False,False,True,False,8
BART,test_iid,v3_confirmation_test_iid_0036,2,True,toward_gold,2.0,,2.0,True,False,,False,2.0,False,False,False,True,False,6
BART,test_iid,v3_confirmation_test_iid_0036,2,True,editor_orthogonal_random,1.75,1.875,1.875,False,False,2.0,False,2.0,False,False,False,True,False,8
BART,test_iid,v3_confirmation_test_iid_0038,2,False,editor_forward,1.0,1.125,1.125,False,False,1.5,False,1.5,False,False,False,True,True,8
BART,test_iid,v3_confirmation_test_iid_0038,2,False,editor_reverse,0.625,0.6875,0.6875,False,False,,False,2.0,False,False,True,False,False,8
BART,test_iid,v3_confirmation_test_iid_0038,2,False,radial_orthogonal_random,2.0,,2.0,True,False,,False,2.0,False,False,False,True,False,6
BART,test_iid,v3_confirmation_test_iid_0038,2,False,toward_gold,2.0,,2.0,True,False,,False,2.0,False,False,False,True,False,6
BART,test_iid,v3_confirmation_test_iid_0038,2,False,editor_orthogonal_random,1.625,1.75,1.75,False,False,2.0,False,2.0,False,False,False,True,False,8
BART,test_iid,v3_confirmation_test_iid_0039,2,True,editor_forward,0.625,0.6875,0.6875,False,False,0.75,False,0.75,True,False,True,False,False,8
BART,test_iid,v3_confirmation_test_iid_0039,2,True,editor_reverse,0.6875,0.75,0.75,False,False,,False,2.0,False,False,True,False,False,8
BART,test_iid,v3_confirmation_test_iid_0039,2,True,radial_orthogonal_random,1.125,1.25,1.25,False,False,1.5,False,1.5,False,False,False,True,False,8
BART,test_iid,v3_confirmation_test_iid_0039,2,True,toward_gold,2.0,,2.0,True,False,,False,2.0,False,False,False,True,False,6
BART,test_iid,v3_confirmation_test_iid_0039,2,True,editor_orthogonal_random,2.0,,2.0,True,False,,False,2.0,False,False,False,True,False,6
BART,test_iid,v3_confirmation_test_iid_0041,2,True,editor_forward,0.5625,0.625,0.625,False,False,0.75,False,0.75,True,False,True,False,False,8
BART,test_iid,v3_confirmation_test_iid_0041,2,True,editor_reverse,0.6875,0.75,0.75,False,False,,False,2.0,False,False,True,False,False,8
BART,test_iid,v3_confirmation_test_iid_0041,2,True,radial_orthogonal_random,1.0,1.125,1.125,False,False,1.5,False,1.5,False,False,False,True,False,8
BART,test_iid,v3_confirmation_test_iid_0041,2,True,toward_gold,2.0,,2.0,True,False,,False,2.0,False,False,False,True,False,6
BART,test_iid,v3_confirmation_test_iid_0041,2,True,editor_orthogonal_random,2.0,,2.0,True,False,,False,2.0,False,False,False,True,False,6
BART,test_iid,v3_confirmation_test_iid_0042,2,False,editor_forward,1.125,1.25,1.25,False,False,1.5,False,1.5,False,False,False,True,True,8
BART,test_iid,v3_confirmation_test_iid_0042,2,False,editor_reverse,0.6875,0.75,0.75,False,False,,False,2.0,False,False,True,False,False,8
BART,test_iid,v3_confirmation_test_iid_0042,2,False,radial_orthogonal_random,2.0,,2.0,True,False,,False,2.0,False,False,False,True,False,6
BART,test_iid,v3_confirmation_test_iid_0042,2,False,toward_gold,2.0,,2.0,True,False,,False,2.0,False,False,False,True,False,6
BART,test_iid,v3_confirmation_test_iid_0042,2,False,editor_orthogonal_random,2.0,,2.0,True,False,,False,2.0,False,False,False,True,False,6
BART,test_iid,v3_confirmation_test_iid_0044,2,False,editor_forward,1.0,1.125,1.125,False,False,1.5,False,1.5,False,False,False,True,True,8
BART,test_iid,v3_confirmation_test_iid_0044,2,False,editor_reverse,0.5625,0.625,0.625,False,False,,False,2.0,False,False,True,False,False,8
BART,test_iid,v3_confirmation_test_iid_0044,2,False,radial_orthogonal_random,2.0,,2.0,True,False,,False,2.0,False,False,False,True,False,6
BART,test_iid,v3_confirmation_test_iid_0044,2,False,toward_gold,2.0,,2.0,True,False,,False,2.0,False,False,False,True,False,6
BART,test_iid,v3_confirmation_test_iid_0044,2,False,editor_orthogonal_random,2.0,,2.0,True,False,,False,2.0,False,False,False,True,False,6
BART,test_iid,v3_confirmation_test_iid_0045,2,False,editor_forward,1.125,1.25,1.25,False,False,1.5,False,1.5,False,False,False,True,True,8
BART,test_iid,v3_confirmation_test_iid_0045,2,False,editor_reverse,0.6875,0.75,0.75,False,False,,False,2.0,False,False,True,False,False,8
BART,test_iid,v3_confirmation_test_iid_0045,2,False,radial_orthogonal_random,2.0,,2.0,True,False,,False,2.0,False,False,False,True,False,6
BART,test_iid,v3_confirmation_test_iid_0045,2,False,toward_gold,2.0,,2.0,True,False,,False,2.0,False,False,False,True,False,6
BART,test_iid,v3_confirmation_test_iid_0045,2,False,editor_orthogonal_random,2.0,,2.0,True,False,,False,2.0,False,False,False,True,False,6
BART,test_iid,v3_confirmation_test_iid_0047,2,False,editor_forward,1.125,1.25,1.25,False,False,1.5,False,1.5,False,False,False,True,True,8
BART,test_iid,v3_confirmation_test_iid_0047,2,False,editor_reverse,0.625,0.6875,0.6875,False,False,,False,2.0,False,False,True,False,False,8
BART,test_iid,v3_confirmation_test_iid_0047,2,False,radial_orthogonal_random,2.0,,2.0,True,False,,False,2.0,False,False,False,True,False,6
BART,test_iid,v3_confirmation_test_iid_0047,2,False,toward_gold,2.0,,2.0,True,False,,False,2.0,False,False,False,True,False,6
BART,test_iid,v3_confirmation_test_iid_0047,2,False,editor_orthogonal_random,2.0,,2.0,True,False,,False,2.0,False,False,False,True,False,6
BART,test_iid,v3_confirmation_test_iid_0038,3,True,editor_forward,0.0625,0.125,0.125,False,False,0.25,False,0.25,True,True,True,False,False,8
BART,test_iid,v3_confirmation_test_iid_0038,3,True,editor_reverse,0.1875,0.25,0.25,False,False,,False,2.0,False,True,True,False,False,8
BART,test_iid,v3_confirmation_test_iid_0038,3,True,radial_orthogonal_random,0.5,0.5625,0.5625,False,False,0.75,False,0.75,True,False,True,False,False,8
BART,test_iid,v3_confirmation_test_iid_0038,3,True,toward_gold,0.5625,0.625,0.625,False,False,2.0,False,2.0,False,False,True,False,False,8
BART,test_iid,v3_confirmation_test_iid_0038,3,True,editor_orthogonal_random,1.625,1.75,1.75,False,False,2.0,False,2.0,False,False,False,True,False,8
BART,test_iid,v3_confirmation_test_iid_0042,3,True,editor_forward,0.25,0.3125,0.3125,False,False,0.5,False,0.5,True,True,True,False,False,8
BART,test_iid,v3_confirmation_test_iid_0042,3,True,editor_reverse,0.0625,0.125,0.125,False,False,,False,2.0,False,True,True,False,False,8
BART,test_iid,v3_confirmation_test_iid_0042,3,True,radial_orthogonal_random,1.625,1.75,1.75,False,False,2.0,False,2.0,False,False,False,True,False,8
BART,test_iid,v3_confirmation_test_iid_0042,3,True,toward_gold,0.4375,0.5,0.5,False,False,2.0,False,2.0,False,True,True,False,False,8
BART,test_iid,v3_confirmation_test_iid_0042,3,True,editor_orthogonal_random,1.125,1.25,1.25,False,False,1.5,False,1.5,False,False,False,True,False,8
BART,test_iid,v3_confirmation_test_iid_0044,3,True,editor_forward,0.0625,0.125,0.125,False,False,0.25,False,0.25,True,True,True,False,False,8
BART,test_iid,v3_confirmation_test_iid_0044,3,True,editor_reverse,0.0625,0.125,0.125,False,False,,False,2.0,False,True,True,False,False,8
BART,test_iid,v3_confirmation_test_iid_0044,3,True,radial_orthogonal_random,0.8125,0.875,0.875,False,False,1.5,False,1.5,False,False,True,False,False,8
BART,test_iid,v3_confirmation_test_iid_0044,3,True,toward_gold,0.1875,0.25,0.25,False,True,,False,2.0,False,True,True,False,False,8
BART,test_iid,v3_confirmation_test_iid_0044,3,True,editor_orthogonal_random,0.4375,0.5,0.5,False,False,0.5,False,0.5,True,True,True,False,False,8
BART,test_iid,v3_confirmation_test_iid_0045,3,True,editor_forward,0.25,0.3125,0.3125,False,False,0.5,False,0.5,True,True,True,False,False,8
BART,test_iid,v3_confirmation_test_iid_0045,3,True,editor_reverse,0.4375,0.5,0.5,False,False,2.0,False,2.0,False,True,True,False,False,8
BART,test_iid,v3_confirmation_test_iid_0045,3,True,radial_orthogonal_random,1.125,1.25,1.25,False,False,1.5,False,1.5,False,False,False,True,False,8
BART,test_iid,v3_confirmation_test_iid_0045,3,True,toward_gold,1.125,1.25,1.25,False,False,,False,2.0,False,False,False,True,False,8
BART,test_iid,v3_confirmation_test_iid_0045,3,True,editor_orthogonal_random,1.75,1.875,1.875,False,False,,False,2.0,False,False,False,True,False,8
BART,test_iid,v3_confirmation_test_iid_0047,3,True,editor_forward,0.1875,0.25,0.25,False,False,0.25,False,0.25,True,True,True,False,False,8
BART,test_iid,v3_confirmation_test_iid_0047,3,True,editor_reverse,0.375,0.4375,0.4375,False,False,2.0,False,2.0,False,True,True,False,False,8
BART,test_iid,v3_confirmation_test_iid_0047,3,True,radial_orthogonal_random,0.6875,0.75,0.75,False,False,1.5,False,1.5,False,False,True,False,False,8
BART,test_iid,v3_confirmation_test_iid_0047,3,True,toward_gold,1.125,1.25,1.25,False,False,,False,2.0,False,False,False,True,False,8
BART,test_iid,v3_confirmation_test_iid_0047,3,True,editor_orthogonal_random,0.625,0.6875,0.6875,False,False,0.75,False,0.75,True,False,True,False,False,8
BART,test_iid,v3_confirmation_test_iid_0048,1,False,editor_forward,1.625,1.75,1.75,False,False,,False,2.0,False,False,False,True,True,8
BART,test_iid,v3_confirmation_test_iid_0048,1,False,editor_reverse,0.5625,0.625,0.625,False,False,2.0,False,2.0,False,False,True,False,False,8
BART,test_iid,v3_confirmation_test_iid_0048,1,False,radial_orthogonal_random,2.0,,2.0,True,False,,False,2.0,False,False,False,True,False,6
BART,test_iid,v3_confirmation_test_iid_0048,1,False,toward_gold,2.0,,2.0,True,False,,False,2.0,False,False,False,True,False,6
BART,test_iid,v3_confirmation_test_iid_0048,1,False,editor_orthogonal_random,2.0,,2.0,True,False,,False,2.0,False,False,False,True,False,6
BART,test_iid,v3_confirmation_test_iid_0050,1,False,editor_forward,1.75,1.875,1.875,False,False,,False,2.0,False,False,False,True,True,8
BART,test_iid,v3_confirmation_test_iid_0050,1,False,editor_reverse,0.625,0.6875,0.6875,False,False,2.0,False,2.0,False,False,True,False,False,8
BART,test_iid,v3_confirmation_test_iid_0050,1,False,radial_orthogonal_random,2.0,,2.0,True,False,,False,2.0,False,False,False,True,False,6
BART,test_iid,v3_confirmation_test_iid_0050,1,False,toward_gold,2.0,,2.0,True,False,,False,2.0,False,False,False,True,False,6
BART,test_iid,v3_confirmation_test_iid_0050,1,False,editor_orthogonal_random,2.0,,2.0,True,False,,False,2.0,False,False,False,True,False,6
BART,test_iid,v3_confirmation_test_iid_0051,1,False,editor_forward,1.875,2.0,2.0,False,False,,False,2.0,False,False,False,True,True,8
BART,test_iid,v3_confirmation_test_iid_0051,1,False,editor_reverse,0.4375,0.5,0.5,False,False,2.0,False,2.0,False,True,True,False,False,8
BART,test_iid,v3_confirmation_test_iid_0051,1,False,radial_orthogonal_random,1.375,1.5,1.5,False,False,1.5,False,1.5,False,False,False,True,False,8
BART,test_iid,v3_confirmation_test_iid_0051,1,False,toward_gold,2.0,,2.0,True,False,,False,2.0,False,False,False,True,False,6
BART,test_iid,v3_confirmation_test_iid_0051,1,False,editor_orthogonal_random,1.625,1.75,1.75,False,False,,False,2.0,False,False,False,True,False,8
BART,test_iid,v3_confirmation_test_iid_0053,1,False,editor_forward,1.875,2.0,2.0,False,False,,False,2.0,False,False,False,True,True,8
BART,test_iid,v3_confirmation_test_iid_0053,1,False,editor_reverse,0.625,0.6875,0.6875,False,False,2.0,False,2.0,False,False,True,False,False,8
BART,test_iid,v3_confirmation_test_iid_0053,1,False,radial_orthogonal_random,1.875,2.0,2.0,False,False,2.0,False,2.0,False,False,False,True,False,8
BART,test_iid,v3_confirmation_test_iid_0053,1,False,toward_gold,2.0,,2.0,True,False,,False,2.0,False,False,False,True,False,6
BART,test_iid,v3_confirmation_test_iid_0053,1,False,editor_orthogonal_random,1.875,2.0,2.0,False,False,2.0,False,2.0,False,False,False,True,False,8
BART,test_iid,v3_confirmation_test_iid_0054,1,False,editor_forward,1.75,1.875,1.875,False,False,,False,2.0,False,False,False,True,True,8
BART,test_iid,v3_confirmation_test_iid_0054,1,False,editor_reverse,0.5625,0.625,0.625,False,False,,False,2.0,False,False,True,False,False,8
BART,test_iid,v3_confirmation_test_iid_0054,1,False,radial_orthogonal_random,2.0,,2.0,True,False,,False,2.0,False,False,False,True,False,6
BART,test_iid,v3_confirmation_test_iid_0054,1,False,toward_gold,2.0,,2.0,True,False,,False,2.0,False,False,False,True,False,6
BART,test_iid,v3_confirmation_test_iid_0054,1,False,editor_orthogonal_random,2.0,,2.0,True,False,,False,2.0,False,False,False,True,False,6
BART,test_iid,v3_confirmation_test_iid_0056,1,False,editor_forward,1.875,2.0,2.0,False,False,,False,2.0,False,False,False,True,True,8
BART,test_iid,v3_confirmation_test_iid_0056,1,False,editor_reverse,0.5625,0.625,0.625,False,False,1.5,False,1.5,False,False,True,False,False,8
BART,test_iid,v3_confirmation_test_iid_0056,1,False,radial_orthogonal_random,2.0,,2.0,True,False,,False,2.0,False,False,False,True,False,6
BART,test_iid,v3_confirmation_test_iid_0056,1,False,toward_gold,0.6875,0.75,0.75,False,True,,False,2.0,False,False,True,True,False,8
BART,test_iid,v3_confirmation_test_iid_0056,1,False,editor_orthogonal_random,2.0,,2.0,True,False,,False,2.0,False,False,False,True,False,6
BART,test_iid,v3_confirmation_test_iid_0057,1,False,editor_forward,2.0,,2.0,True,False,,False,2.0,False,False,False,True,True,6
BART,test_iid,v3_confirmation_test_iid_0057,1,False,editor_reverse,0.4375,0.5,0.5,False,False,,False,2.0,False,True,True,False,False,8
BART,test_iid,v3_confirmation_test_iid_0057,1,False,radial_orthogonal_random,1.75,1.875,1.875,False,False,2.0,False,2.0,False,False,False,True,False,8
BART,test_iid,v3_confirmation_test_iid_0057,1,False,toward_gold,0.375,0.4375,0.4375,False,True,,False,2.0,False,True,True,True,False,8
BART,test_iid,v3_confirmation_test_iid_0057,1,False,editor_orthogonal_random,1.75,1.875,1.875,False,False,2.0,False,2.0,False,False,False,True,False,8
BART,test_iid,v3_confirmation_test_iid_0059,1,False,editor_forward,1.875,2.0,2.0,False,False,,False,2.0,False,False,False,True,True,8
BART,test_iid,v3_confirmation_test_iid_0059,1,False,editor_reverse,0.5,0.5625,0.5625,False,False,2.0,False,2.0,False,False,True,False,False,8
BART,test_iid,v3_confirmation_test_iid_0059,1,False,radial_orthogonal_random,2.0,,2.0,True,False,,False,2.0,False,False,False,True,False,6
BART,test_iid,v3_confirmation_test_iid_0059,1,False,toward_gold,2.0,,2.0,True,False,,False,2.0,False,False,False,True,False,6
BART,test_iid,v3_confirmation_test_iid_0059,1,False,editor_orthogonal_random,2.0,,2.0,True,False,,False,2.0,False,False,False,True,False,6
BART,test_iid,v3_confirmation_test_iid_0048,2,False,editor_forward,1.125,1.25,1.25,False,False,1.5,False,1.5,False,False,False,True,True,8
BART,test_iid,v3_confirmation_test_iid_0048,2,False,editor_reverse,0.6875,0.75,0.75,False,False,,False,2.0,False,False,True,False,False,8
BART,test_iid,v3_confirmation_test_iid_0048,2,False,radial_orthogonal_random,2.0,,2.0,True,False,,False,2.0,False,False,False,True,False,6
BART,test_iid,v3_confirmation_test_iid_0048,2,False,toward_gold,2.0,,2.0,True,False,,False,2.0,False,False,False,True,False,6
BART,test_iid,v3_confirmation_test_iid_0048,2,False,editor_orthogonal_random,1.625,1.75,1.75,False,False,,False,2.0,False,False,False,True,False,8
BART,test_iid,v3_confirmation_test_iid_0050,2,False,editor_forward,1.375,1.5,1.5,False,False,1.5,False,1.5,False,False,False,True,True,8
BART,test_iid,v3_confirmation_test_iid_0050,2,False,editor_reverse,0.5625,0.625,0.625,False,False,,False,2.0,False,False,True,False,False,8
BART,test_iid,v3_confirmation_test_iid_0050,2,False,radial_orthogonal_random,2.0,,2.0,True,False,,False,2.0,False,False,False,True,False,6
BART,test_iid,v3_confirmation_test_iid_0050,2,False,toward_gold,2.0,,2.0,True,False,,False,2.0,False,False,False,True,False,6
BART,test_iid,v3_confirmation_test_iid_0050,2,False,editor_orthogonal_random,2.0,,2.0,True,False,,False,2.0,False,False,False,True,False,6
BART,test_iid,v3_confirmation_test_iid_0051,2,False,editor_forward,1.375,1.5,1.5,False,False,1.5,False,1.5,False,False,False,True,True,8
BART,test_iid,v3_confirmation_test_iid_0051,2,False,editor_reverse,0.625,0.6875,0.6875,False,False,,False,2.0,False,False,True,False,False,8
BART,test_iid,v3_confirmation_test_iid_0051,2,False,radial_orthogonal_random,2.0,,2.0,True,False,,False,2.0,False,False,False,True,False,6
BART,test_iid,v3_confirmation_test_iid_0051,2,False,toward_gold,2.0,,2.0,True,False,,False,2.0,False,False,False,True,False,6
BART,test_iid,v3_confirmation_test_iid_0051,2,False,editor_orthogonal_random,2.0,,2.0,True,False,,False,2.0,False,False,False,True,False,6
BART,test_iid,v3_confirmation_test_iid_0053,2,False,editor_forward,1.5,1.625,1.625,False,False,2.0,False,2.0,False,False,False,True,True,8
BART,test_iid,v3_confirmation_test_iid_0053,2,False,editor_reverse,0.5625,0.625,0.625,False,False,,False,2.0,False,False,True,False,False,8
BART,test_iid,v3_confirmation_test_iid_0053,2,False,radial_orthogonal_random,2.0,,2.0,True,False,,False,2.0,False,False,False,True,False,6
BART,test_iid,v3_confirmation_test_iid_0053,2,False,toward_gold,2.0,,2.0,True,False,,False,2.0,False,False,False,True,False,6
BART,test_iid,v3_confirmation_test_iid_0053,2,False,editor_orthogonal_random,1.875,2.0,2.0,False,False,2.0,False,2.0,False,False,False,True,False,8
BART,test_iid,v3_confirmation_test_iid_0054,2,False,editor_forward,1.375,1.5,1.5,False,False,2.0,False,2.0,False,False,False,True,True,8
BART,test_iid,v3_confirmation_test_iid_0054,2,False,editor_reverse,0.625,0.6875,0.6875,False,False,,False,2.0,False,False,True,False,False,8
BART,test_iid,v3_confirmation_test_iid_0054,2,False,radial_orthogonal_random,1.125,1.25,1.25,False,False,1.5,False,1.5,False,False,False,True,False,8
BART,test_iid,v3_confirmation_test_iid_0054,2,False,toward_gold,2.0,,2.0,True,False,,False,2.0,False,False,False,True,False,6
BART,test_iid,v3_confirmation_test_iid_0054,2,False,editor_orthogonal_random,2.0,,2.0,True,False,,False,2.0,False,False,False,True,False,6
BART,test_iid,v3_confirmation_test_iid_0056,2,True,editor_forward,1.125,1.25,1.25,False,False,1.5,False,1.5,False,False,False,True,False,8
BART,test_iid,v3_confirmation_test_iid_0056,2,True,editor_reverse,0.375,0.4375,0.4375,False,False,,False,2.0,False,True,True,False,False,8
BART,test_iid,v3_confirmation_test_iid_0056,2,True,radial_orthogonal_random,1.125,1.25,1.25,False,False,,False,2.0,False,False,False,True,False,8
BART,test_iid,v3_confirmation_test_iid_0056,2,True,toward_gold,2.0,,2.0,True,False,,False,2.0,False,False,False,True,False,6
BART,test_iid,v3_confirmation_test_iid_0056,2,True,editor_orthogonal_random,1.625,1.75,1.75,False,False,,False,2.0,False,False,False,True,False,8
BART,test_iid,v3_confirmation_test_iid_0057,2,True,editor_forward,0.8125,0.875,0.875,False,False,1.0,False,1.0,True,False,True,False,False,8
BART,test_iid,v3_confirmation_test_iid_0057,2,True,editor_reverse,0.6875,0.75,0.75,False,False,,False,2.0,False,False,True,False,False,8
BART,test_iid,v3_confirmation_test_iid_0057,2,True,radial_orthogonal_random,2.0,,2.0,True,False,,False,2.0,False,False,False,True,False,6
BART,test_iid,v3_confirmation_test_iid_0057,2,True,toward_gold,2.0,,2.0,True,False,,False,2.0,False,False,False,True,False,6
BART,test_iid,v3_confirmation_test_iid_0057,2,True,editor_orthogonal_random,1.25,1.375,1.375,False,False,,False,2.0,False,False,False,True,False,8
BART,test_iid,v3_confirmation_test_iid_0059,2,True,editor_forward,0.9375,1.0,1.0,False,False,1.0,False,1.0,True,False,True,False,False,8
BART,test_iid,v3_confirmation_test_iid_0059,2,True,editor_reverse,0.5,0.5625,0.5625,False,False,,False,2.0,False,False,True,False,False,8
BART,test_iid,v3_confirmation_test_iid_0059,2,True,radial_orthogonal_random,1.25,1.375,1.375,False,False,1.5,False,1.5,False,False,False,True,False,8
BART,test_iid,v3_confirmation_test_iid_0059,2,True,toward_gold,2.0,,2.0,True,False,,False,2.0,False,False,False,True,False,6
BART,test_iid,v3_confirmation_test_iid_0059,2,True,editor_orthogonal_random,1.625,1.75,1.75,False,False,2.0,False,2.0,False,False,False,True,False,8
BART,test_iid,v3_confirmation_test_iid_0048,3,True,editor_forward,0.25,0.3125,0.3125,False,False,0.5,False,0.5,True,True,True,False,False,8
BART,test_iid,v3_confirmation_test_iid_0048,3,True,editor_reverse,0.25,0.3125,0.3125,False,False,,False,2.0,False,True,True,False,False,8
BART,test_iid,v3_confirmation_test_iid_0048,3,True,radial_orthogonal_random,1.5,1.625,1.625,False,False,2.0,False,2.0,False,False,False,True,False,8
BART,test_iid,v3_confirmation_test_iid_0048,3,True,toward_gold,0.625,0.6875,0.6875,False,False,2.0,False,2.0,False,False,True,False,False,8
BART,test_iid,v3_confirmation_test_iid_0048,3,True,editor_orthogonal_random,0.8125,0.875,0.875,False,False,1.5,False,1.5,False,False,True,False,False,8
BART,test_iid,v3_confirmation_test_iid_0050,3,True,editor_forward,0.4375,0.5,0.5,False,False,0.5,False,0.5,True,True,True,False,False,8
BART,test_iid,v3_confirmation_test_iid_0050,3,True,editor_reverse,0.0625,0.125,0.125,False,False,,False,2.0,False,True,True,False,False,8
BART,test_iid,v3_confirmation_test_iid_0050,3,True,radial_orthogonal_random,1.125,1.25,1.25,False,False,1.5,False,1.5,False,False,False,True,False,8
BART,test_iid,v3_confirmation_test_iid_0050,3,True,toward_gold,0.25,0.3125,0.3125,False,False,2.0,False,2.0,False,True,True,False,False,8
BART,test_iid,v3_confirmation_test_iid_0050,3,True,editor_orthogonal_random,1.875,2.0,2.0,False,False,2.0,False,2.0,False,False,False,True,False,8
BART,test_iid,v3_confirmation_test_iid_0051,3,True,editor_forward,0.4375,0.5,0.5,False,False,0.5,False,0.5,True,True,True,False,False,8
BART,test_iid,v3_confirmation_test_iid_0051,3,True,editor_reverse,0.375,0.4375,0.4375,False,False,2.0,False,2.0,False,True,True,False,False,8
BART,test_iid,v3_confirmation_test_iid_0051,3,True,radial_orthogonal_random,1.375,1.5,1.5,False,False,1.5,False,1.5,False,False,False,True,False,8
BART,test_iid,v3_confirmation_test_iid_0051,3,True,toward_gold,1.0,1.125,1.125,False,False,,False,2.0,False,False,False,True,False,8
BART,test_iid,v3_confirmation_test_iid_0051,3,True,editor_orthogonal_random,1.25,1.375,1.375,False,False,2.0,False,2.0,False,False,False,True,False,8
BART,test_iid,v3_confirmation_test_iid_0053,3,True,editor_forward,0.5625,0.625,0.625,False,False,0.75,False,0.75,True,False,True,False,False,8
BART,test_iid,v3_confirmation_test_iid_0053,3,True,editor_reverse,0.3125,0.375,0.375,False,False,,False,2.0,False,True,True,False,False,8
BART,test_iid,v3_confirmation_test_iid_0053,3,True,radial_orthogonal_random,2.0,,2.0,True,False,,False,2.0,False,False,False,True,False,6
BART,test_iid,v3_confirmation_test_iid_0053,3,True,toward_gold,0.8125,0.875,0.875,False,False,,False,2.0,False,False,True,False,False,8
BART,test_iid,v3_confirmation_test_iid_0053,3,True,editor_orthogonal_random,2.0,,2.0,True,False,,False,2.0,False,False,False,True,True,6
BART,test_iid,v3_confirmation_test_iid_0054,3,True,editor_forward,0.5625,0.625,0.625,False,False,0.75,False,0.75,True,False,True,False,False,8
BART,test_iid,v3_confirmation_test_iid_0054,3,True,editor_reverse,0.1875,0.25,0.25,False,False,,False,2.0,False,True,True,False,False,8
BART,test_iid,v3_confirmation_test_iid_0054,3,True,radial_orthogonal_random,2.0,,2.0,True,False,,False,2.0,False,False,False,True,False,6
BART,test_iid,v3_confirmation_test_iid_0054,3,True,toward_gold,0.6875,0.75,0.75,False,True,,False,2.0,False,False,True,False,False,8
BART,test_iid,v3_confirmation_test_iid_0054,3,True,editor_orthogonal_random,1.25,1.375,1.375,False,False,1.5,False,1.5,False,False,False,True,False,8
BART,test_iid,v3_confirmation_test_iid_0060,1,False,editor_forward,1.5,1.625,1.625,False,False,2.0,False,2.0,False,False,False,True,True,8
BART,test_iid,v3_confirmation_test_iid_0060,1,False,editor_reverse,0.5,0.5625,0.5625,False,False,2.0,False,2.0,False,False,True,False,False,8
BART,test_iid,v3_confirmation_test_iid_0060,1,False,radial_orthogonal_random,2.0,,2.0,True,False,,False,2.0,False,False,False,True,False,6
BART,test_iid,v3_confirmation_test_iid_0060,1,False,toward_gold,2.0,,2.0,True,False,,False,2.0,False,False,False,True,False,6
BART,test_iid,v3_confirmation_test_iid_0060,1,False,editor_orthogonal_random,1.875,2.0,2.0,False,False,2.0,False,2.0,False,False,False,True,False,8
BART,test_iid,v3_confirmation_test_iid_0062,1,False,editor_forward,1.625,1.75,1.75,False,False,,False,2.0,False,False,False,True,True,8
BART,test_iid,v3_confirmation_test_iid_0062,1,False,editor_reverse,0.625,0.6875,0.6875,False,False,2.0,False,2.0,False,False,True,False,False,8
BART,test_iid,v3_confirmation_test_iid_0062,1,False,radial_orthogonal_random,2.0,,2.0,True,False,,False,2.0,False,False,False,True,False,6
BART,test_iid,v3_confirmation_test_iid_0062,1,False,toward_gold,2.0,,2.0,True,False,,False,2.0,False,False,False,True,False,6
BART,test_iid,v3_confirmation_test_iid_0062,1,False,editor_orthogonal_random,2.0,,2.0,True,False,,False,2.0,False,False,False,True,False,6
BART,test_iid,v3_confirmation_test_iid_0063,1,False,editor_forward,1.75,1.875,1.875,False,False,,False,2.0,False,False,False,True,True,8
BART,test_iid,v3_confirmation_test_iid_0063,1,False,editor_reverse,0.625,0.6875,0.6875,False,False,2.0,False,2.0,False,False,True,False,False,8
BART,test_iid,v3_confirmation_test_iid_0063,1,False,radial_orthogonal_random,1.0,1.125,1.125,False,False,1.5,False,1.5,False,False,False,True,True,8
BART,test_iid,v3_confirmation_test_iid_0063,1,False,toward_gold,0.3125,0.375,0.375,False,True,,False,2.0,False,True,True,True,False,8
BART,test_iid,v3_confirmation_test_iid_0063,1,False,editor_orthogonal_random,2.0,,2.0,True,False,,False,2.0,False,False,False,True,False,6
BART,test_iid,v3_confirmation_test_iid_0065,1,False,editor_forward,1.875,2.0,2.0,False,False,,False,2.0,False,False,False,True,True,8
BART,test_iid,v3_confirmation_test_iid_0065,1,False,editor_reverse,0.5625,0.625,0.625,False,False,2.0,False,2.0,False,False,True,False,False,8
BART,test_iid,v3_confirmation_test_iid_0065,1,False,radial_orthogonal_random,2.0,,2.0,True,False,,False,2.0,False,False,False,True,False,6
BART,test_iid,v3_confirmation_test_iid_0065,1,False,toward_gold,0.25,0.3125,0.3125,False,True,,False,2.0,False,True,True,True,False,8
BART,test_iid,v3_confirmation_test_iid_0065,1,False,editor_orthogonal_random,2.0,,2.0,True,False,,False,2.0,False,False,False,True,False,6
BART,test_iid,v3_confirmation_test_iid_0066,1,False,editor_forward,1.75,1.875,1.875,False,False,2.0,False,2.0,False,False,False,True,True,8
BART,test_iid,v3_confirmation_test_iid_0066,1,False,editor_reverse,0.4375,0.5,0.5,False,False,2.0,False,2.0,False,True,True,False,False,8
BART,test_iid,v3_confirmation_test_iid_0066,1,False,radial_orthogonal_random,2.0,,2.0,True,False,,False,2.0,False,False,False,True,False,6
BART,test_iid,v3_confirmation_test_iid_0066,1,False,toward_gold,0.4375,0.5,0.5,False,True,,False,2.0,False,True,True,True,False,8
BART,test_iid,v3_confirmation_test_iid_0066,1,False,editor_orthogonal_random,2.0,,2.0,True,False,,False,2.0,False,False,False,True,False,6
BART,test_iid,v3_confirmation_test_iid_0068,1,False,editor_forward,1.625,1.75,1.75,False,False,,False,2.0,False,False,False,True,True,8
BART,test_iid,v3_confirmation_test_iid_0068,1,False,editor_reverse,0.5625,0.625,0.625,False,False,2.0,False,2.0,False,False,True,False,False,8
BART,test_iid,v3_confirmation_test_iid_0068,1,False,radial_orthogonal_random,2.0,,2.0,True,False,,False,2.0,False,False,False,True,False,6
BART,test_iid,v3_confirmation_test_iid_0068,1,False,toward_gold,2.0,,2.0,True,False,,False,2.0,False,False,False,True,False,6
BART,test_iid,v3_confirmation_test_iid_0068,1,False,editor_orthogonal_random,1.5,1.625,1.625,False,False,2.0,False,2.0,False,False,False,True,False,8
BART,test_iid,v3_confirmation_test_iid_0069,1,False,editor_forward,1.625,1.75,1.75,False,False,,False,2.0,False,False,False,True,True,8
BART,test_iid,v3_confirmation_test_iid_0069,1,False,editor_reverse,0.5,0.5625,0.5625,False,False,2.0,False,2.0,False,False,True,False,False,8
BART,test_iid,v3_confirmation_test_iid_0069,1,False,radial_orthogonal_random,2.0,,2.0,True,False,,False,2.0,False,False,False,True,False,6
BART,test_iid,v3_confirmation_test_iid_0069,1,False,toward_gold,2.0,,2.0,True,False,,False,2.0,False,False,False,True,False,6
BART,test_iid,v3_confirmation_test_iid_0069,1,False,editor_orthogonal_random,2.0,,2.0,True,False,,False,2.0,False,False,False,True,False,6
BART,test_iid,v3_confirmation_test_iid_0071,1,False,editor_forward,1.75,1.875,1.875,False,False,,False,2.0,False,False,False,True,True,8
BART,test_iid,v3_confirmation_test_iid_0071,1,False,editor_reverse,0.5625,0.625,0.625,False,False,,False,2.0,False,False,True,False,False,8
BART,test_iid,v3_confirmation_test_iid_0071,1,False,radial_orthogonal_random,2.0,,2.0,True,False,,False,2.0,False,False,False,True,False,6
BART,test_iid,v3_confirmation_test_iid_0071,1,False,toward_gold,2.0,,2.0,True,False,,False,2.0,False,False,False,True,False,6
BART,test_iid,v3_confirmation_test_iid_0071,1,False,editor_orthogonal_random,2.0,,2.0,True,False,,False,2.0,False,False,False,True,False,6
BART,test_iid,v3_confirmation_test_iid_0060,2,True,editor_forward,0.875,0.9375,0.9375,False,False,1.0,False,1.0,True,False,True,False,False,8
BART,test_iid,v3_confirmation_test_iid_0060,2,True,editor_reverse,0.625,0.6875,0.6875,False,False,,False,2.0,False,False,True,False,False,8
BART,test_iid,v3_confirmation_test_iid_0060,2,True,radial_orthogonal_random,2.0,,2.0,True,False,,False,2.0,False,False,False,True,False,6
BART,test_iid,v3_confirmation_test_iid_0060,2,True,toward_gold,2.0,,2.0,True,False,,False,2.0,False,False,False,True,False,6
BART,test_iid,v3_confirmation_test_iid_0060,2,True,editor_orthogonal_random,1.25,1.375,1.375,False,False,1.5,False,1.5,False,False,False,True,False,8
BART,test_iid,v3_confirmation_test_iid_0062,2,False,editor_forward,1.125,1.25,1.25,False,False,1.5,False,1.5,False,False,False,True,True,8
BART,test_iid,v3_confirmation_test_iid_0062,2,False,editor_reverse,0.75,0.8125,0.8125,False,False,,False,2.0,False,False,True,False,False,8
BART,test_iid,v3_confirmation_test_iid_0062,2,False,radial_orthogonal_random,2.0,,2.0,True,False,,False,2.0,False,False,False,True,False,6
BART,test_iid,v3_confirmation_test_iid_0062,2,False,toward_gold,2.0,,2.0,True,False,,False,2.0,False,False,False,True,False,6
BART,test_iid,v3_confirmation_test_iid_0062,2,False,editor_orthogonal_random,2.0,,2.0,True,False,,False,2.0,False,False,False,True,False,6
BART,test_iid,v3_confirmation_test_iid_0063,2,True,editor_forward,0.625,0.6875,0.6875,False,False,0.75,False,0.75,True,False,True,False,False,8
BART,test_iid,v3_confirmation_test_iid_0063,2,True,editor_reverse,0.625,0.6875,0.6875,False,False,,False,2.0,False,False,True,False,False,8
BART,test_iid,v3_confirmation_test_iid_0063,2,True,radial_orthogonal_random,2.0,,2.0,True,False,,False,2.0,False,False,False,True,False,6
BART,test_iid,v3_confirmation_test_iid_0063,2,True,toward_gold,2.0,,2.0,True,False,,False,2.0,False,False,False,True,False,6
BART,test_iid,v3_confirmation_test_iid_0063,2,True,editor_orthogonal_random,1.125,1.25,1.25,False,False,1.5,False,1.5,False,False,False,True,False,8
BART,test_iid,v3_confirmation_test_iid_0065,2,True,editor_forward,0.75,0.8125,0.8125,False,False,1.0,False,1.0,True,False,True,False,False,8
BART,test_iid,v3_confirmation_test_iid_0065,2,True,editor_reverse,0.625,0.6875,0.6875,False,False,,False,2.0,False,False,True,False,False,8
BART,test_iid,v3_confirmation_test_iid_0065,2,True,radial_orthogonal_random,2.0,,2.0,True,False,,False,2.0,False,False,False,True,False,6
BART,test_iid,v3_confirmation_test_iid_0065,2,True,toward_gold,2.0,,2.0,True,False,,False,2.0,False,False,False,True,False,6
BART,test_iid,v3_confirmation_test_iid_0065,2,True,editor_orthogonal_random,2.0,,2.0,True,False,,False,2.0,False,False,False,True,False,6
BART,test_iid,v3_confirmation_test_iid_0066,2,True,editor_forward,0.8125,0.875,0.875,False,False,1.0,False,1.0,True,False,True,False,False,8
BART,test_iid,v3_confirmation_test_iid_0066,2,True,editor_reverse,0.75,0.8125,0.8125,False,False,,False,2.0,False,False,True,False,False,8
BART,test_iid,v3_confirmation_test_iid_0066,2,True,radial_orthogonal_random,2.0,,2.0,True,False,,False,2.0,False,False,False,True,False,6
BART,test_iid,v3_confirmation_test_iid_0066,2,True,toward_gold,2.0,,2.0,True,False,,False,2.0,False,False,False,True,False,6
BART,test_iid,v3_confirmation_test_iid_0066,2,True,editor_orthogonal_random,2.0,,2.0,True,False,,False,2.0,False,False,False,True,False,6
BART,test_iid,v3_confirmation_test_iid_0068,2,False,editor_forward,1.125,1.25,1.25,False,False,1.5,False,1.5,False,False,False,True,True,8
BART,test_iid,v3_confirmation_test_iid_0068,2,False,editor_reverse,0.625,0.6875,0.6875,False,False,,False,2.0,False,False,True,False,False,8
BART,test_iid,v3_confirmation_test_iid_0068,2,False,radial_orthogonal_random,2.0,,2.0,True,False,,False,2.0,False,False,False,True,False,6
BART,test_iid,v3_confirmation_test_iid_0068,2,False,toward_gold,2.0,,2.0,True,False,,False,2.0,False,False,False,True,False,6
BART,test_iid,v3_confirmation_test_iid_0068,2,False,editor_orthogonal_random,2.0,,2.0,True,False,,False,2.0,False,False,False,True,False,6
BART,test_iid,v3_confirmation_test_iid_0069,2,False,editor_forward,1.25,1.375,1.375,False,False,1.5,False,1.5,False,False,False,True,True,8
BART,test_iid,v3_confirmation_test_iid_0069,2,False,editor_reverse,0.75,0.8125,0.8125,False,False,,False,2.0,False,False,True,False,False,8
BART,test_iid,v3_confirmation_test_iid_0069,2,False,radial_orthogonal_random,2.0,,2.0,True,False,,False,2.0,False,False,False,True,False,6
BART,test_iid,v3_confirmation_test_iid_0069,2,False,toward_gold,2.0,,2.0,True,False,,False,2.0,False,False,False,True,False,6
BART,test_iid,v3_confirmation_test_iid_0069,2,False,editor_orthogonal_random,2.0,,2.0,True,False,,False,2.0,False,False,False,True,False,6
BART,test_iid,v3_confirmation_test_iid_0071,2,False,editor_forward,1.125,1.25,1.25,False,False,1.5,False,1.5,False,False,False,True,True,8
BART,test_iid,v3_confirmation_test_iid_0071,2,False,editor_reverse,0.5625,0.625,0.625,False,False,,False,2.0,False,False,True,False,False,8
BART,test_iid,v3_confirmation_test_iid_0071,2,False,radial_orthogonal_random,2.0,,2.0,True,False,,False,2.0,False,False,False,True,False,6
BART,test_iid,v3_confirmation_test_iid_0071,2,False,toward_gold,2.0,,2.0,True,False,,False,2.0,False,False,False,True,False,6
BART,test_iid,v3_confirmation_test_iid_0071,2,False,editor_orthogonal_random,2.0,,2.0,True,False,,False,2.0,False,False,False,True,False,6
BART,test_iid,v3_confirmation_test_iid_0062,3,True,editor_forward,0.125,0.1875,0.1875,False,False,0.25,False,0.25,True,True,True,False,False,8
BART,test_iid,v3_confirmation_test_iid_0062,3,True,editor_reverse,0.1875,0.25,0.25,False,False,,False,2.0,False,True,True,False,False,8
BART,test_iid,v3_confirmation_test_iid_0062,3,True,radial_orthogonal_random,1.5,1.625,1.625,False,False,2.0,False,2.0,False,False,False,True,False,8
BART,test_iid,v3_confirmation_test_iid_0062,3,True,toward_gold,1.0,1.125,1.125,False,False,2.0,False,2.0,False,False,False,True,False,8
BART,test_iid,v3_confirmation_test_iid_0062,3,True,editor_orthogonal_random,0.625,0.6875,0.6875,False,False,0.75,False,0.75,True,False,True,False,False,8
BART,test_iid,v3_confirmation_test_iid_0068,3,True,editor_forward,0.125,0.1875,0.1875,False,False,0.25,False,0.25,True,True,True,False,False,8
BART,test_iid,v3_confirmation_test_iid_0068,3,True,editor_reverse,0.125,0.1875,0.1875,False,False,,False,2.0,False,True,True,False,False,8
BART,test_iid,v3_confirmation_test_iid_0068,3,True,radial_orthogonal_random,1.125,1.25,1.25,False,False,,False,2.0,False,False,False,True,False,8
BART,test_iid,v3_confirmation_test_iid_0068,3,True,toward_gold,0.625,0.6875,0.6875,False,False,2.0,False,2.0,False,False,True,False,False,8
BART,test_iid,v3_confirmation_test_iid_0068,3,True,editor_orthogonal_random,1.75,1.875,1.875,False,False,2.0,False,2.0,False,False,False,True,False,8
BART,test_iid,v3_confirmation_test_iid_0069,3,True,editor_forward,0.25,0.3125,0.3125,False,False,0.5,False,0.5,True,True,True,False,False,8
BART,test_iid,v3_confirmation_test_iid_0069,3,True,editor_reverse,0.375,0.4375,0.4375,False,False,2.0,False,2.0,False,True,True,False,False,8
BART,test_iid,v3_confirmation_test_iid_0069,3,True,radial_orthogonal_random,0.6875,0.75,0.75,False,False,0.75,False,0.75,True,False,True,False,False,8
BART,test_iid,v3_confirmation_test_iid_0069,3,True,toward_gold,1.125,1.25,1.25,False,False,,False,2.0,False,False,False,True,False,8
BART,test_iid,v3_confirmation_test_iid_0069,3,True,editor_orthogonal_random,1.5,1.625,1.625,False,False,,False,2.0,False,False,False,True,False,8
BART,test_iid,v3_confirmation_test_iid_0071,3,True,editor_forward,0.25,0.3125,0.3125,False,False,0.5,False,0.5,True,True,True,False,False,8
BART,test_iid,v3_confirmation_test_iid_0071,3,True,editor_reverse,0.375,0.4375,0.4375,False,False,2.0,False,2.0,False,True,True,False,False,8
BART,test_iid,v3_confirmation_test_iid_0071,3,True,radial_orthogonal_random,0.6875,0.75,0.75,False,False,0.75,False,0.75,True,False,True,False,False,8
BART,test_iid,v3_confirmation_test_iid_0071,3,True,toward_gold,1.125,1.25,1.25,False,False,,False,2.0,False,False,False,True,False,8
BART,test_iid,v3_confirmation_test_iid_0071,3,True,editor_orthogonal_random,1.75,1.875,1.875,False,False,2.0,False,2.0,False,False,False,True,False,8
BART,test_iid,v3_confirmation_test_iid_0072,1,False,editor_forward,1.875,2.0,2.0,False,False,,False,2.0,False,False,False,True,True,8
BART,test_iid,v3_confirmation_test_iid_0072,1,False,editor_reverse,0.5,0.5625,0.5625,False,False,1.5,False,1.5,False,False,True,False,False,8
BART,test_iid,v3_confirmation_test_iid_0072,1,False,radial_orthogonal_random,2.0,,2.0,True,False,,False,2.0,False,False,False,True,False,6
BART,test_iid,v3_confirmation_test_iid_0072,1,False,toward_gold,0.4375,0.5,0.5,False,True,,False,2.0,False,True,True,True,False,8
BART,test_iid,v3_confirmation_test_iid_0072,1,False,editor_orthogonal_random,2.0,,2.0,True,False,,False,2.0,False,False,False,True,True,6
BART,test_iid,v3_confirmation_test_iid_0074,1,False,editor_forward,1.75,1.875,1.875,False,False,,False,2.0,False,False,False,True,True,8
BART,test_iid,v3_confirmation_test_iid_0074,1,False,editor_reverse,0.5625,0.625,0.625,False,False,2.0,False,2.0,False,False,True,False,False,8
BART,test_iid,v3_confirmation_test_iid_0074,1,False,radial_orthogonal_random,1.875,2.0,2.0,False,False,2.0,False,2.0,False,False,False,True,True,8
BART,test_iid,v3_confirmation_test_iid_0074,1,False,toward_gold,2.0,,2.0,True,False,,False,2.0,False,False,False,True,False,6
BART,test_iid,v3_confirmation_test_iid_0074,1,False,editor_orthogonal_random,1.625,1.75,1.75,False,False,2.0,False,2.0,False,False,False,True,False,8
BART,test_iid,v3_confirmation_test_iid_0075,1,False,editor_forward,2.0,,2.0,True,False,,False,2.0,False,False,False,True,True,6
BART,test_iid,v3_confirmation_test_iid_0075,1,False,editor_reverse,0.5625,0.625,0.625,False,False,2.0,False,2.0,False,False,True,False,False,8
BART,test_iid,v3_confirmation_test_iid_0075,1,False,radial_orthogonal_random,2.0,,2.0,True,False,,False,2.0,False,False,False,True,False,6
BART,test_iid,v3_confirmation_test_iid_0075,1,False,toward_gold,0.5,0.5625,0.5625,False,True,,False,2.0,False,False,True,True,False,8
BART,test_iid,v3_confirmation_test_iid_0075,1,False,editor_orthogonal_random,1.75,1.875,1.875,False,False,2.0,False,2.0,False,False,False,True,False,8
BART,test_iid,v3_confirmation_test_iid_0077,1,False,editor_forward,2.0,,2.0,True,False,,False,2.0,False,False,False,True,True,6
BART,test_iid,v3_confirmation_test_iid_0077,1,False,editor_reverse,0.4375,0.5,0.5,False,False,,False,2.0,False,True,True,False,False,8
BART,test_iid,v3_confirmation_test_iid_0077,1,False,radial_orthogonal_random,2.0,,2.0,True,False,,False,2.0,False,False,False,True,False,6
BART,test_iid,v3_confirmation_test_iid_0077,1,False,toward_gold,0.4375,0.5,0.5,False,True,,False,2.0,False,True,True,True,False,8
BART,test_iid,v3_confirmation_test_iid_0077,1,False,editor_orthogonal_random,2.0,,2.0,True,False,,False,2.0,False,False,False,True,False,6
BART,test_iid,v3_confirmation_test_iid_0078,1,False,editor_forward,2.0,,2.0,True,False,,False,2.0,False,False,False,True,True,6
BART,test_iid,v3_confirmation_test_iid_0078,1,False,editor_reverse,0.4375,0.5,0.5,False,False,1.5,False,1.5,False,True,True,False,False,8
BART,test_iid,v3_confirmation_test_iid_0078,1,False,radial_orthogonal_random,1.75,1.875,1.875,False,False,2.0,False,2.0,False,False,False,True,False,8
BART,test_iid,v3_confirmation_test_iid_0078,1,False,toward_gold,0.625,0.6875,0.6875,False,True,,False,2.0,False,False,True,True,False,8
BART,test_iid,v3_confirmation_test_iid_0078,1,False,editor_orthogonal_random,0.9375,1.0,1.0,False,False,1.0,False,1.0,True,False,True,False,False,8
BART,test_iid,v3_confirmation_test_iid_0072,2,False,editor_forward,1.375,1.5,1.5,False,False,1.5,False,1.5,False,False,False,True,True,8
BART,test_iid,v3_confirmation_test_iid_0072,2,False,editor_reverse,0.6875,0.75,0.75,False,False,,False,2.0,False,False,True,False,False,8
BART,test_iid,v3_confirmation_test_iid_0072,2,False,radial_orthogonal_random,2.0,,2.0,True,False,,False,2.0,False,False,False,True,False,6
BART,test_iid,v3_confirmation_test_iid_0072,2,False,toward_gold,2.0,,2.0,True,False,,False,2.0,False,False,False,True,False,6
BART,test_iid,v3_confirmation_test_iid_0072,2,False,editor_orthogonal_random,2.0,,2.0,True,False,,False,2.0,False,False,False,True,False,6
BART,test_iid,v3_confirmation_test_iid_0074,2,False,editor_forward,1.5,1.625,1.625,False,False,2.0,False,2.0,False,False,False,True,True,8
BART,test_iid,v3_confirmation_test_iid_0074,2,False,editor_reverse,0.6875,0.75,0.75,False,False,,False,2.0,False,False,True,False,False,8
BART,test_iid,v3_confirmation_test_iid_0074,2,False,radial_orthogonal_random,1.875,2.0,2.0,False,False,,False,2.0,False,False,False,True,False,8
BART,test_iid,v3_confirmation_test_iid_0074,2,False,toward_gold,2.0,,2.0,True,False,,False,2.0,False,False,False,True,False,6
BART,test_iid,v3_confirmation_test_iid_0074,2,False,editor_orthogonal_random,2.0,,2.0,True,False,,False,2.0,False,False,False,True,False,6
BART,test_iid,v3_confirmation_test_iid_0075,2,False,editor_forward,1.25,1.375,1.375,False,False,1.5,False,1.5,False,False,False,True,True,8
BART,test_iid,v3_confirmation_test_iid_0075,2,False,editor_reverse,0.625,0.6875,0.6875,False,False,,False,2.0,False,False,True,False,False,8
BART,test_iid,v3_confirmation_test_iid_0075,2,False,radial_orthogonal_random,1.875,2.0,2.0,False,False,2.0,False,2.0,False,False,False,True,False,8
BART,test_iid,v3_confirmation_test_iid_0075,2,False,toward_gold,2.0,,2.0,True,False,,False,2.0,False,False,False,True,False,6
BART,test_iid,v3_confirmation_test_iid_0075,2,False,editor_orthogonal_random,2.0,,2.0,True,False,,False,2.0,False,False,False,True,False,6
BART,test_iid,v3_confirmation_test_iid_0077,2,False,editor_forward,1.5,1.625,1.625,False,False,2.0,False,2.0,False,False,False,True,True,8
BART,test_iid,v3_confirmation_test_iid_0077,2,False,editor_reverse,0.5625,0.625,0.625,False,False,,False,2.0,False,False,True,False,False,8
BART,test_iid,v3_confirmation_test_iid_0077,2,False,radial_orthogonal_random,2.0,,2.0,True,False,,False,2.0,False,False,False,True,False,6
BART,test_iid,v3_confirmation_test_iid_0077,2,False,toward_gold,2.0,,2.0,True,False,,False,2.0,False,False,False,True,False,6
BART,test_iid,v3_confirmation_test_iid_0077,2,False,editor_orthogonal_random,2.0,,2.0,True,False,,False,2.0,False,False,False,True,False,6
BART,test_iid,v3_confirmation_test_iid_0078,2,True,editor_forward,1.375,1.5,1.5,False,False,1.5,False,1.5,False,False,False,True,False,8
BART,test_iid,v3_confirmation_test_iid_0078,2,True,editor_reverse,0.5625,0.625,0.625,False,False,,False,2.0,False,False,True,False,False,8
BART,test_iid,v3_confirmation_test_iid_0078,2,True,radial_orthogonal_random,2.0,,2.0,True,False,,False,2.0,False,False,False,True,False,6
BART,test_iid,v3_confirmation_test_iid_0078,2,True,toward_gold,2.0,,2.0,True,False,,False,2.0,False,False,False,True,False,6
BART,test_iid,v3_confirmation_test_iid_0078,2,True,editor_orthogonal_random,2.0,,2.0,True,False,,False,2.0,False,False,False,True,False,6
BART,test_iid,v3_confirmation_test_iid_0072,3,True,editor_forward,0.4375,0.5,0.5,False,False,0.5,False,0.5,True,True,True,False,False,8
BART,test_iid,v3_confirmation_test_iid_0072,3,True,editor_reverse,0.0625,0.125,0.125,False,False,,False,2.0,False,True,True,False,False,8
BART,test_iid,v3_confirmation_test_iid_0072,3,True,radial_orthogonal_random,0.375,0.4375,0.4375,False,False,,False,2.0,False,True,True,False,False,8
BART,test_iid,v3_confirmation_test_iid_0072,3,True,toward_gold,0.25,0.3125,0.3125,False,False,2.0,False,2.0,False,True,True,False,False,8
BART,test_iid,v3_confirmation_test_iid_0072,3,True,editor_orthogonal_random,1.75,1.875,1.875,False,False,2.0,False,2.0,False,False,False,True,False,8
BART,test_iid,v3_confirmation_test_iid_0074,3,True,editor_forward,0.5,0.5625,0.5625,False,False,0.75,False,0.75,True,False,True,False,False,8
BART,test_iid,v3_confirmation_test_iid_0074,3,True,editor_reverse,0.125,0.1875,0.1875,False,False,,False,2.0,False,True,True,False,False,8
BART,test_iid,v3_confirmation_test_iid_0074,3,True,radial_orthogonal_random,1.625,1.75,1.75,False,False,2.0,False,2.0,False,False,False,True,False,8
BART,test_iid,v3_confirmation_test_iid_0074,3,True,toward_gold,0.4375,0.5,0.5,False,True,,False,2.0,False,True,True,False,False,8
BART,test_iid,v3_confirmation_test_iid_0074,3,True,editor_orthogonal_random,1.75,1.875,1.875,False,False,2.0,False,2.0,False,False,False,True,False,8
BART,test_iid,v3_confirmation_test_iid_0075,3,True,editor_forward,0.4375,0.5,0.5,False,False,0.5,False,0.5,True,True,True,False,False,8
BART,test_iid,v3_confirmation_test_iid_0075,3,True,editor_reverse,0.3125,0.375,0.375,False,False,2.0,False,2.0,False,True,True,False,False,8
BART,test_iid,v3_confirmation_test_iid_0075,3,True,radial_orthogonal_random,1.0,1.125,1.125,False,False,1.5,False,1.5,False,False,False,True,False,8
BART,test_iid,v3_confirmation_test_iid_0075,3,True,toward_gold,0.75,0.8125,0.8125,False,False,,False,2.0,False,False,True,False,False,8
BART,test_iid,v3_confirmation_test_iid_0075,3,True,editor_orthogonal_random,1.125,1.25,1.25,False,False,1.5,False,1.5,False,False,False,True,False,8
BART,test_iid,v3_confirmation_test_iid_0077,3,True,editor_forward,0.5625,0.625,0.625,False,False,0.75,False,0.75,True,False,True,False,False,8
BART,test_iid,v3_confirmation_test_iid_0077,3,True,editor_reverse,0.25,0.3125,0.3125,False,False,,False,2.0,False,True,True,False,False,8
BART,test_iid,v3_confirmation_test_iid_0077,3,True,radial_orthogonal_random,2.0,,2.0,True,False,,False,2.0,False,False,False,True,False,6
BART,test_iid,v3_confirmation_test_iid_0077,3,True,toward_gold,0.625,0.6875,0.6875,False,False,2.0,False,2.0,False,False,True,False,False,8
BART,test_iid,v3_confirmation_test_iid_0077,3,True,editor_orthogonal_random,0.75,0.8125,0.8125,False,False,,False,2.0,False,False,True,False,False,8
BART,test_template_ood,v3_confirmation_test_template_ood_0000,1,False,editor_forward,1.5,1.625,1.625,False,False,2.0,False,2.0,False,False,False,True,True,8
BART,test_template_ood,v3_confirmation_test_template_ood_0000,1,False,editor_reverse,0.125,0.1875,0.1875,False,False,,False,2.0,False,True,True,False,False,8
BART,test_template_ood,v3_confirmation_test_template_ood_0000,1,False,radial_orthogonal_random,0.875,0.9375,0.9375,False,False,,False,2.0,False,False,True,False,False,8
BART,test_template_ood,v3_confirmation_test_template_ood_0000,1,False,toward_gold,0.0625,0.125,0.125,False,True,,False,2.0,False,True,True,True,False,8
BART,test_template_ood,v3_confirmation_test_template_ood_0000,1,False,editor_orthogonal_random,1.625,1.75,1.75,False,False,,False,2.0,False,False,False,True,False,8
BART,test_template_ood,v3_confirmation_test_template_ood_0002,1,False,editor_forward,1.625,1.75,1.75,False,False,2.0,False,2.0,False,False,False,True,True,8
BART,test_template_ood,v3_confirmation_test_template_ood_0002,1,False,editor_reverse,0.25,0.3125,0.3125,False,False,,False,2.0,False,True,True,False,False,8
BART,test_template_ood,v3_confirmation_test_template_ood_0002,1,False,radial_orthogonal_random,2.0,,2.0,True,False,,False,2.0,False,False,False,True,False,6
BART,test_template_ood,v3_confirmation_test_template_ood_0002,1,False,toward_gold,0.1875,0.25,0.25,False,True,,False,2.0,False,True,True,True,False,8
BART,test_template_ood,v3_confirmation_test_template_ood_0002,1,False,editor_orthogonal_random,2.0,,2.0,True,False,,False,2.0,False,False,False,True,False,6
BART,test_template_ood,v3_confirmation_test_template_ood_0003,1,False,editor_forward,1.125,1.25,1.25,False,False,1.5,False,1.5,False,False,False,True,True,8
BART,test_template_ood,v3_confirmation_test_template_ood_0003,1,False,editor_reverse,0.375,0.4375,0.4375,False,False,,False,2.0,False,True,True,False,False,8
BART,test_template_ood,v3_confirmation_test_template_ood_0003,1,False,radial_orthogonal_random,2.0,,2.0,True,False,,False,2.0,False,False,False,True,False,6
BART,test_template_ood,v3_confirmation_test_template_ood_0003,1,False,toward_gold,0.4375,0.5,0.5,False,True,,False,2.0,False,True,True,True,False,8
BART,test_template_ood,v3_confirmation_test_template_ood_0003,1,False,editor_orthogonal_random,2.0,,2.0,True,False,,False,2.0,False,False,False,True,False,6
BART,test_template_ood,v3_confirmation_test_template_ood_0005,1,False,editor_forward,1.25,1.375,1.375,False,False,1.5,False,1.5,False,False,False,True,True,8
BART,test_template_ood,v3_confirmation_test_template_ood_0005,1,False,editor_reverse,0.4375,0.5,0.5,False,False,,False,2.0,False,True,True,False,False,8
BART,test_template_ood,v3_confirmation_test_template_ood_0005,1,False,radial_orthogonal_random,1.625,1.75,1.75,False,False,2.0,False,2.0,False,False,False,True,False,8
BART,test_template_ood,v3_confirmation_test_template_ood_0005,1,False,toward_gold,2.0,,2.0,True,False,,False,2.0,False,False,False,True,False,6
BART,test_template_ood,v3_confirmation_test_template_ood_0005,1,False,editor_orthogonal_random,1.875,2.0,2.0,False,False,2.0,False,2.0,False,False,False,True,False,8
BART,test_template_ood,v3_confirmation_test_template_ood_0006,1,False,editor_forward,1.75,1.875,1.875,False,False,,False,2.0,False,False,False,True,True,8
BART,test_template_ood,v3_confirmation_test_template_ood_0006,1,False,editor_reverse,0.4375,0.5,0.5,False,False,2.0,False,2.0,False,True,True,False,False,8
BART,test_template_ood,v3_confirmation_test_template_ood_0006,1,False,radial_orthogonal_random,1.375,1.5,1.5,False,False,1.5,False,1.5,False,False,False,True,False,8
BART,test_template_ood,v3_confirmation_test_template_ood_0006,1,False,toward_gold,2.0,,2.0,True,False,,False,2.0,False,False,False,True,False,6
BART,test_template_ood,v3_confirmation_test_template_ood_0006,1,False,editor_orthogonal_random,2.0,,2.0,True,False,,False,2.0,False,False,False,True,False,6
BART,test_template_ood,v3_confirmation_test_template_ood_0008,1,False,editor_forward,1.875,2.0,2.0,False,False,,False,2.0,False,False,False,True,True,8
BART,test_template_ood,v3_confirmation_test_template_ood_0008,1,False,editor_reverse,0.4375,0.5,0.5,False,False,2.0,False,2.0,False,True,True,False,False,8
BART,test_template_ood,v3_confirmation_test_template_ood_0008,1,False,radial_orthogonal_random,2.0,,2.0,True,False,,False,2.0,False,False,False,True,False,6
BART,test_template_ood,v3_confirmation_test_template_ood_0008,1,False,toward_gold,2.0,,2.0,True,False,,False,2.0,False,False,False,True,False,6
BART,test_template_ood,v3_confirmation_test_template_ood_0008,1,False,editor_orthogonal_random,2.0,,2.0,True,False,,False,2.0,False,False,False,True,False,6
BART,test_template_ood,v3_confirmation_test_template_ood_0009,1,True,editor_forward,1.625,1.75,1.75,False,False,,False,2.0,False,False,False,True,False,8
BART,test_template_ood,v3_confirmation_test_template_ood_0009,1,True,editor_reverse,0.6875,0.75,0.75,False,False,,False,2.0,False,False,True,False,False,8
BART,test_template_ood,v3_confirmation_test_template_ood_0009,1,True,radial_orthogonal_random,1.75,1.875,1.875,False,False,2.0,False,2.0,False,False,False,True,False,8
BART,test_template_ood,v3_confirmation_test_template_ood_0009,1,True,toward_gold,0.3125,0.375,0.375,False,True,,False,2.0,False,True,True,True,False,8
BART,test_template_ood,v3_confirmation_test_template_ood_0009,1,True,editor_orthogonal_random,2.0,,2.0,True,False,,False,2.0,False,False,False,True,False,6
BART,test_template_ood,v3_confirmation_test_template_ood_0011,1,True,editor_forward,1.875,2.0,2.0,False,False,,False,2.0,False,False,False,True,False,8
BART,test_template_ood,v3_confirmation_test_template_ood_0011,1,True,editor_reverse,0.6875,0.75,0.75,False,False,,False,2.0,False,False,True,False,False,8
BART,test_template_ood,v3_confirmation_test_template_ood_0011,1,True,radial_orthogonal_random,2.0,,2.0,True,False,,False,2.0,False,False,False,True,False,6
BART,test_template_ood,v3_confirmation_test_template_ood_0011,1,True,toward_gold,0.375,0.4375,0.4375,False,True,,False,2.0,False,True,True,True,False,8
BART,test_template_ood,v3_confirmation_test_template_ood_0011,1,True,editor_orthogonal_random,2.0,,2.0,True,False,,False,2.0,False,False,False,True,False,6
BART,test_template_ood,v3_confirmation_test_template_ood_0000,2,True,editor_forward,0.4375,0.5,0.5,False,False,0.5,False,0.5,True,True,True,False,False,8
BART,test_template_ood,v3_confirmation_test_template_ood_0000,2,True,editor_reverse,0.4375,0.5,0.5,False,False,,False,2.0,False,True,True,False,False,8
BART,test_template_ood,v3_confirmation_test_template_ood_0000,2,True,radial_orthogonal_random,2.0,,2.0,True,False,,False,2.0,False,False,False,True,False,6
BART,test_template_ood,v3_confirmation_test_template_ood_0000,2,True,toward_gold,2.0,,2.0,True,False,,False,2.0,False,False,False,True,False,6
BART,test_template_ood,v3_confirmation_test_template_ood_0000,2,True,editor_orthogonal_random,2.0,,2.0,True,False,,False,2.0,False,False,False,True,False,6
BART,test_template_ood,v3_confirmation_test_template_ood_0002,2,True,editor_forward,0.5625,0.625,0.625,False,False,0.75,False,0.75,True,False,True,False,False,8
BART,test_template_ood,v3_confirmation_test_template_ood_0002,2,True,editor_reverse,0.375,0.4375,0.4375,False,False,,False,2.0,False,True,True,False,False,8
BART,test_template_ood,v3_confirmation_test_template_ood_0002,2,True,radial_orthogonal_random,2.0,,2.0,True,False,,False,2.0,False,False,False,True,False,6
BART,test_template_ood,v3_confirmation_test_template_ood_0002,2,True,toward_gold,2.0,,2.0,True,False,,False,2.0,False,False,False,True,False,6
BART,test_template_ood,v3_confirmation_test_template_ood_0002,2,True,editor_orthogonal_random,2.0,,2.0,True,False,,False,2.0,False,False,False,True,False,6
BART,test_template_ood,v3_confirmation_test_template_ood_0003,2,True,editor_forward,0.0625,0.125,0.125,False,False,0.25,False,0.25,True,True,True,False,False,8
BART,test_template_ood,v3_confirmation_test_template_ood_0003,2,True,editor_reverse,0.75,0.8125,0.8125,False,False,,False,2.0,False,False,True,False,False,8
BART,test_template_ood,v3_confirmation_test_template_ood_0003,2,True,radial_orthogonal_random,2.0,,2.0,True,False,,False,2.0,False,False,False,True,False,6
BART,test_template_ood,v3_confirmation_test_template_ood_0003,2,True,toward_gold,2.0,,2.0,True,False,,False,2.0,False,False,False,True,False,6
BART,test_template_ood,v3_confirmation_test_template_ood_0003,2,True,editor_orthogonal_random,2.0,,2.0,True,False,,False,2.0,False,False,False,True,False,6
BART,test_template_ood,v3_confirmation_test_template_ood_0005,2,True,editor_forward,0.1875,0.25,0.25,False,False,0.25,False,0.25,True,True,True,False,False,8
BART,test_template_ood,v3_confirmation_test_template_ood_0005,2,True,editor_reverse,0.625,0.6875,0.6875,False,False,,False,2.0,False,False,True,False,False,8
BART,test_template_ood,v3_confirmation_test_template_ood_0005,2,True,radial_orthogonal_random,2.0,,2.0,True,False,,False,2.0,False,False,False,True,False,6
BART,test_template_ood,v3_confirmation_test_template_ood_0005,2,True,toward_gold,2.0,,2.0,True,False,,False,2.0,False,False,False,True,False,6
BART,test_template_ood,v3_confirmation_test_template_ood_0005,2,True,editor_orthogonal_random,2.0,,2.0,True,False,,False,2.0,False,False,False,True,False,6
BART,test_template_ood,v3_confirmation_test_template_ood_0006,2,False,editor_forward,1.125,1.25,1.25,False,False,1.5,False,1.5,False,False,False,True,True,8
BART,test_template_ood,v3_confirmation_test_template_ood_0006,2,False,editor_reverse,0.5,0.5625,0.5625,False,False,,False,2.0,False,False,True,False,False,8
BART,test_template_ood,v3_confirmation_test_template_ood_0006,2,False,radial_orthogonal_random,2.0,,2.0,True,False,,False,2.0,False,False,False,True,False,6
BART,test_template_ood,v3_confirmation_test_template_ood_0006,2,False,toward_gold,2.0,,2.0,True,False,,False,2.0,False,False,False,True,False,6
BART,test_template_ood,v3_confirmation_test_template_ood_0006,2,False,editor_orthogonal_random,2.0,,2.0,True,False,,False,2.0,False,False,False,True,False,6
BART,test_template_ood,v3_confirmation_test_template_ood_0008,2,True,editor_forward,1.25,1.375,1.375,False,False,1.5,False,1.5,False,False,False,True,False,8
BART,test_template_ood,v3_confirmation_test_template_ood_0008,2,True,editor_reverse,0.3125,0.375,0.375,False,False,,False,2.0,False,True,True,False,False,8
BART,test_template_ood,v3_confirmation_test_template_ood_0008,2,True,radial_orthogonal_random,2.0,,2.0,True,False,,False,2.0,False,False,False,True,False,6
BART,test_template_ood,v3_confirmation_test_template_ood_0008,2,True,toward_gold,2.0,,2.0,True,False,,False,2.0,False,False,False,True,False,6
BART,test_template_ood,v3_confirmation_test_template_ood_0008,2,True,editor_orthogonal_random,1.625,1.75,1.75,False,False,2.0,False,2.0,False,False,False,True,False,8
BART,test_template_ood,v3_confirmation_test_template_ood_0006,3,True,editor_forward,0.1875,0.25,0.25,False,False,0.25,False,0.25,True,True,True,False,False,8
BART,test_template_ood,v3_confirmation_test_template_ood_0006,3,True,editor_reverse,0.125,0.1875,0.1875,False,False,,False,2.0,False,True,True,False,False,8
BART,test_template_ood,v3_confirmation_test_template_ood_0006,3,True,radial_orthogonal_random,1.125,1.25,1.25,False,False,1.5,False,1.5,False,False,False,True,True,8
BART,test_template_ood,v3_confirmation_test_template_ood_0006,3,True,toward_gold,0.3125,0.375,0.375,False,False,2.0,False,2.0,False,True,True,False,False,8
BART,test_template_ood,v3_confirmation_test_template_ood_0006,3,True,editor_orthogonal_random,1.375,1.5,1.5,False,False,1.5,False,1.5,False,False,False,True,False,8
BART,test_template_ood,v3_confirmation_test_template_ood_0012,1,False,editor_forward,1.375,1.5,1.5,False,False,1.5,False,1.5,False,False,False,True,True,8
BART,test_template_ood,v3_confirmation_test_template_ood_0012,1,False,editor_reverse,0.0625,0.125,0.125,False,False,2.0,False,2.0,False,True,True,False,False,8
BART,test_template_ood,v3_confirmation_test_template_ood_0012,1,False,radial_orthogonal_random,2.0,,2.0,True,False,,False,2.0,False,False,False,True,False,6
BART,test_template_ood,v3_confirmation_test_template_ood_0012,1,False,toward_gold,0.0625,0.125,0.125,False,True,,False,2.0,False,True,True,True,False,8
BART,test_template_ood,v3_confirmation_test_template_ood_0012,1,False,editor_orthogonal_random,0.4375,0.5,0.5,False,False,,False,2.0,False,True,True,False,False,8
BART,test_template_ood,v3_confirmation_test_template_ood_0014,1,False,editor_forward,1.5,1.625,1.625,False,False,2.0,False,2.0,False,False,False,True,True,8
BART,test_template_ood,v3_confirmation_test_template_ood_0014,1,False,editor_reverse,0.25,0.3125,0.3125,False,False,,False,2.0,False,True,True,False,False,8
BART,test_template_ood,v3_confirmation_test_template_ood_0014,1,False,radial_orthogonal_random,2.0,,2.0,True,False,,False,2.0,False,False,False,True,False,6
BART,test_template_ood,v3_confirmation_test_template_ood_0014,1,False,toward_gold,0.125,0.1875,0.1875,False,True,,False,2.0,False,True,True,True,False,8
BART,test_template_ood,v3_confirmation_test_template_ood_0014,1,False,editor_orthogonal_random,1.875,2.0,2.0,False,False,,False,2.0,False,False,False,True,False,8
BART,test_template_ood,v3_confirmation_test_template_ood_0015,1,False,editor_forward,1.0,1.125,1.125,False,False,1.5,False,1.5,False,False,False,True,True,8
BART,test_template_ood,v3_confirmation_test_template_ood_0015,1,False,editor_reverse,0.375,0.4375,0.4375,False,False,2.0,False,2.0,False,True,True,False,False,8
BART,test_template_ood,v3_confirmation_test_template_ood_0015,1,False,radial_orthogonal_random,2.0,,2.0,True,False,,False,2.0,False,False,False,True,False,6
BART,test_template_ood,v3_confirmation_test_template_ood_0015,1,False,toward_gold,2.0,,2.0,True,False,,False,2.0,False,False,False,True,False,6
BART,test_template_ood,v3_confirmation_test_template_ood_0015,1,False,editor_orthogonal_random,2.0,,2.0,True,False,,False,2.0,False,False,False,True,True,6
BART,test_template_ood,v3_confirmation_test_template_ood_0017,1,False,editor_forward,1.125,1.25,1.25,False,False,1.5,False,1.5,False,False,False,True,True,8
BART,test_template_ood,v3_confirmation_test_template_ood_0017,1,False,editor_reverse,0.5,0.5625,0.5625,False,False,,False,2.0,False,False,True,False,False,8
BART,test_template_ood,v3_confirmation_test_template_ood_0017,1,False,radial_orthogonal_random,1.375,1.5,1.5,False,False,1.5,False,1.5,False,False,False,True,False,8
BART,test_template_ood,v3_confirmation_test_template_ood_0017,1,False,toward_gold,2.0,,2.0,True,False,,False,2.0,False,False,False,True,False,6
BART,test_template_ood,v3_confirmation_test_template_ood_0017,1,False,editor_orthogonal_random,2.0,,2.0,True,False,,False,2.0,False,False,False,True,False,6
BART,test_template_ood,v3_confirmation_test_template_ood_0018,1,False,editor_forward,1.625,1.75,1.75,False,False,,False,2.0,False,False,False,True,True,8
BART,test_template_ood,v3_confirmation_test_template_ood_0018,1,False,editor_reverse,0.3125,0.375,0.375,False,False,2.0,False,2.0,False,True,True,False,False,8
BART,test_template_ood,v3_confirmation_test_template_ood_0018,1,False,radial_orthogonal_random,2.0,,2.0,True,False,,False,2.0,False,False,False,True,False,6
BART,test_template_ood,v3_confirmation_test_template_ood_0018,1,False,toward_gold,2.0,,2.0,True,False,,False,2.0,False,False,False,True,False,6
BART,test_template_ood,v3_confirmation_test_template_ood_0018,1,False,editor_orthogonal_random,2.0,,2.0,True,False,,False,2.0,False,False,False,True,False,6
BART,test_template_ood,v3_confirmation_test_template_ood_0020,1,False,editor_forward,1.875,2.0,2.0,False,False,,False,2.0,False,False,False,True,True,8
BART,test_template_ood,v3_confirmation_test_template_ood_0020,1,False,editor_reverse,0.4375,0.5,0.5,False,False,2.0,False,2.0,False,True,True,False,False,8
BART,test_template_ood,v3_confirmation_test_template_ood_0020,1,False,radial_orthogonal_random,1.5,1.625,1.625,False,False,2.0,False,2.0,False,False,False,True,False,8
BART,test_template_ood,v3_confirmation_test_template_ood_0020,1,False,toward_gold,2.0,,2.0,True,False,,False,2.0,False,False,False,True,False,6
BART,test_template_ood,v3_confirmation_test_template_ood_0020,1,False,editor_orthogonal_random,1.75,1.875,1.875,False,False,2.0,False,2.0,False,False,False,True,False,8
BART,test_template_ood,v3_confirmation_test_template_ood_0021,1,True,editor_forward,1.375,1.5,1.5,False,False,,False,2.0,False,False,False,True,False,8
BART,test_template_ood,v3_confirmation_test_template_ood_0021,1,True,editor_reverse,0.75,0.8125,0.8125,False,False,2.0,False,2.0,False,False,True,False,False,8
BART,test_template_ood,v3_confirmation_test_template_ood_0021,1,True,radial_orthogonal_random,2.0,,2.0,True,False,,False,2.0,False,False,False,True,False,6
BART,test_template_ood,v3_confirmation_test_template_ood_0021,1,True,toward_gold,0.3125,0.375,0.375,False,True,,False,2.0,False,True,True,True,False,8
BART,test_template_ood,v3_confirmation_test_template_ood_0021,1,True,editor_orthogonal_random,1.75,1.875,1.875,False,False,2.0,False,2.0,False,False,False,True,False,8
BART,test_template_ood,v3_confirmation_test_template_ood_0023,1,True,editor_forward,1.75,1.875,1.875,False,False,,False,2.0,False,False,False,True,False,8
BART,test_template_ood,v3_confirmation_test_template_ood_0023,1,True,editor_reverse,0.6875,0.75,0.75,False,False,,False,2.0,False,False,True,False,False,8
BART,test_template_ood,v3_confirmation_test_template_ood_0023,1,True,radial_orthogonal_random,2.0,,2.0,True,False,,False,2.0,False,False,False,True,False,6
BART,test_template_ood,v3_confirmation_test_template_ood_0023,1,True,toward_gold,0.4375,0.5,0.5,False,True,,False,2.0,False,True,True,True,False,8
BART,test_template_ood,v3_confirmation_test_template_ood_0023,1,True,editor_orthogonal_random,1.625,1.75,1.75,False,False,2.0,False,2.0,False,False,False,True,False,8
BART,test_template_ood,v3_confirmation_test_template_ood_0012,2,True,editor_forward,0.375,0.4375,0.4375,False,False,0.5,False,0.5,True,True,True,False,False,8
BART,test_template_ood,v3_confirmation_test_template_ood_0012,2,True,editor_reverse,0.375,0.4375,0.4375,False,False,,False,2.0,False,True,True,False,False,8
BART,test_template_ood,v3_confirmation_test_template_ood_0012,2,True,radial_orthogonal_random,2.0,,2.0,True,False,,False,2.0,False,False,False,True,False,6
BART,test_template_ood,v3_confirmation_test_template_ood_0012,2,True,toward_gold,2.0,,2.0,True,False,,False,2.0,False,False,False,True,False,6
BART,test_template_ood,v3_confirmation_test_template_ood_0012,2,True,editor_orthogonal_random,1.125,1.25,1.25,False,False,1.5,False,1.5,False,False,False,True,False,8
BART,test_template_ood,v3_confirmation_test_template_ood_0014,2,True,editor_forward,0.5,0.5625,0.5625,False,False,0.75,False,0.75,True,False,True,False,False,8
BART,test_template_ood,v3_confirmation_test_template_ood_0014,2,True,editor_reverse,0.375,0.4375,0.4375,False,False,,False,2.0,False,True,True,False,False,8
BART,test_template_ood,v3_confirmation_test_template_ood_0014,2,True,radial_orthogonal_random,2.0,,2.0,True,False,,False,2.0,False,False,False,True,False,6
BART,test_template_ood,v3_confirmation_test_template_ood_0014,2,True,toward_gold,2.0,,2.0,True,False,,False,2.0,False,False,False,True,False,6
BART,test_template_ood,v3_confirmation_test_template_ood_0014,2,True,editor_orthogonal_random,1.125,1.25,1.25,False,False,1.5,False,1.5,False,False,False,True,False,8
BART,test_template_ood,v3_confirmation_test_template_ood_0015,2,True,editor_forward,0.0,0.0625,0.0625,False,False,0.25,False,0.25,True,True,True,False,False,8
BART,test_template_ood,v3_confirmation_test_template_ood_0015,2,True,editor_reverse,0.6875,0.75,0.75,False,False,,False,2.0,False,False,True,False,False,8
BART,test_template_ood,v3_confirmation_test_template_ood_0015,2,True,radial_orthogonal_random,0.1875,0.25,0.25,False,False,0.25,False,0.25,True,True,True,False,False,8
BART,test_template_ood,v3_confirmation_test_template_ood_0015,2,True,toward_gold,2.0,,2.0,True,False,,False,2.0,False,False,False,True,False,6
BART,test_template_ood,v3_confirmation_test_template_ood_0015,2,True,editor_orthogonal_random,2.0,,2.0,True,False,,False,2.0,False,False,False,True,False,6
BART,test_template_ood,v3_confirmation_test_template_ood_0017,2,True,editor_forward,0.125,0.1875,0.1875,False,False,0.25,False,0.25,True,True,True,False,False,8
BART,test_template_ood,v3_confirmation_test_template_ood_0017,2,True,editor_reverse,0.6875,0.75,0.75,False,False,,False,2.0,False,False,True,False,False,8
BART,test_template_ood,v3_confirmation_test_template_ood_0017,2,True,radial_orthogonal_random,2.0,,2.0,True,False,,False,2.0,False,False,False,True,False,6
BART,test_template_ood,v3_confirmation_test_template_ood_0017,2,True,toward_gold,2.0,,2.0,True,False,,False,2.0,False,False,False,True,False,6
BART,test_template_ood,v3_confirmation_test_template_ood_0017,2,True,editor_orthogonal_random,0.5,0.5625,0.5625,False,False,0.75,False,0.75,True,False,True,False,False,8
BART,test_template_ood,v3_confirmation_test_template_ood_0018,2,False,editor_forward,1.125,1.25,1.25,False,False,1.5,False,1.5,False,False,False,True,True,8
BART,test_template_ood,v3_confirmation_test_template_ood_0018,2,False,editor_reverse,0.4375,0.5,0.5,False,False,,False,2.0,False,True,True,False,False,8
BART,test_template_ood,v3_confirmation_test_template_ood_0018,2,False,radial_orthogonal_random,2.0,,2.0,True,False,,False,2.0,False,False,False,True,False,6
BART,test_template_ood,v3_confirmation_test_template_ood_0018,2,False,toward_gold,2.0,,2.0,True,False,,False,2.0,False,False,False,True,False,6
BART,test_template_ood,v3_confirmation_test_template_ood_0018,2,False,editor_orthogonal_random,1.25,1.375,1.375,False,False,1.5,False,1.5,False,False,False,True,False,8
BART,test_template_ood,v3_confirmation_test_template_ood_0020,2,True,editor_forward,1.125,1.25,1.25,False,False,1.5,False,1.5,False,False,False,True,False,8
BART,test_template_ood,v3_confirmation_test_template_ood_0020,2,True,editor_reverse,0.3125,0.375,0.375,False,False,,False,2.0,False,True,True,False,False,8
BART,test_template_ood,v3_confirmation_test_template_ood_0020,2,True,radial_orthogonal_random,1.625,1.75,1.75,False,False,,False,2.0,False,False,False,True,False,8
BART,test_template_ood,v3_confirmation_test_template_ood_0020,2,True,toward_gold,2.0,,2.0,True,False,,False,2.0,False,False,False,True,False,6
BART,test_template_ood,v3_confirmation_test_template_ood_0020,2,True,editor_orthogonal_random,2.0,,2.0,True,False,,False,2.0,False,False,False,True,False,6
BART,test_template_ood,v3_confirmation_test_template_ood_0018,3,True,editor_forward,0.1875,0.25,0.25,False,False,0.25,False,0.25,True,True,True,False,False,8
BART,test_template_ood,v3_confirmation_test_template_ood_0018,3,True,editor_reverse,0.25,0.3125,0.3125,False,False,,False,2.0,False,True,True,False,False,8
BART,test_template_ood,v3_confirmation_test_template_ood_0018,3,True,radial_orthogonal_random,0.6875,0.75,0.75,False,False,0.75,False,0.75,True,False,True,False,False,8
BART,test_template_ood,v3_confirmation_test_template_ood_0018,3,True,toward_gold,0.875,0.9375,0.9375,False,True,2.0,False,2.0,False,False,True,False,False,8
BART,test_template_ood,v3_confirmation_test_template_ood_0018,3,True,editor_orthogonal_random,0.6875,0.75,0.75,False,False,0.75,False,0.75,True,False,True,False,False,8
BART,test_template_ood,v3_confirmation_test_template_ood_0024,1,False,editor_forward,1.375,1.5,1.5,False,False,1.5,False,1.5,False,False,False,True,True,8
BART,test_template_ood,v3_confirmation_test_template_ood_0024,1,False,editor_reverse,0.1875,0.25,0.25,False,False,2.0,False,2.0,False,True,True,False,False,8
BART,test_template_ood,v3_confirmation_test_template_ood_0024,1,False,radial_orthogonal_random,1.625,1.75,1.75,False,False,2.0,False,2.0,False,False,False,True,False,8
BART,test_template_ood,v3_confirmation_test_template_ood_0024,1,False,toward_gold,0.125,0.1875,0.1875,False,True,,False,2.0,False,True,True,True,False,8
BART,test_template_ood,v3_confirmation_test_template_ood_0024,1,False,editor_orthogonal_random,2.0,,2.0,True,False,,False,2.0,False,False,False,True,False,6
BART,test_template_ood,v3_confirmation_test_template_ood_0026,1,False,editor_forward,1.5,1.625,1.625,False,False,2.0,False,2.0,False,False,False,True,True,8
BART,test_template_ood,v3_confirmation_test_template_ood_0026,1,False,editor_reverse,0.1875,0.25,0.25,False,False,,False,2.0,False,True,True,False,False,8
BART,test_template_ood,v3_confirmation_test_template_ood_0026,1,False,radial_orthogonal_random,2.0,,2.0,True,False,,False,2.0,False,False,False,True,False,6
BART,test_template_ood,v3_confirmation_test_template_ood_0026,1,False,toward_gold,0.125,0.1875,0.1875,False,True,,False,2.0,False,True,True,True,False,8
BART,test_template_ood,v3_confirmation_test_template_ood_0026,1,False,editor_orthogonal_random,2.0,,2.0,True,False,,False,2.0,False,False,False,True,False,6
BART,test_template_ood,v3_confirmation_test_template_ood_0027,1,False,editor_forward,1.0,1.125,1.125,False,False,1.5,False,1.5,False,False,False,True,True,8
BART,test_template_ood,v3_confirmation_test_template_ood_0027,1,False,editor_reverse,0.375,0.4375,0.4375,False,False,,False,2.0,False,True,True,False,False,8
BART,test_template_ood,v3_confirmation_test_template_ood_0027,1,False,radial_orthogonal_random,2.0,,2.0,True,False,,False,2.0,False,False,False,True,False,6
BART,test_template_ood,v3_confirmation_test_template_ood_0027,1,False,toward_gold,0.5,0.5625,0.5625,False,True,,False,2.0,False,False,True,True,False,8
BART,test_template_ood,v3_confirmation_test_template_ood_0027,1,False,editor_orthogonal_random,1.375,1.5,1.5,False,False,1.5,False,1.5,False,False,False,True,False,8
BART,test_template_ood,v3_confirmation_test_template_ood_0029,1,False,editor_forward,1.25,1.375,1.375,False,False,1.5,False,1.5,False,False,False,True,True,8
BART,test_template_ood,v3_confirmation_test_template_ood_0029,1,False,editor_reverse,0.4375,0.5,0.5,False,False,,False,2.0,False,True,True,False,False,8
BART,test_template_ood,v3_confirmation_test_template_ood_0029,1,False,radial_orthogonal_random,2.0,,2.0,True,False,,False,2.0,False,False,False,True,False,6
BART,test_template_ood,v3_confirmation_test_template_ood_0029,1,False,toward_gold,2.0,,2.0,True,False,,False,2.0,False,False,False,True,False,6
BART,test_template_ood,v3_confirmation_test_template_ood_0029,1,False,editor_orthogonal_random,2.0,,2.0,True,False,,False,2.0,False,False,False,True,False,6
BART,test_template_ood,v3_confirmation_test_template_ood_0030,1,False,editor_forward,1.75,1.875,1.875,False,False,,False,2.0,False,False,False,True,True,8
BART,test_template_ood,v3_confirmation_test_template_ood_0030,1,False,editor_reverse,0.375,0.4375,0.4375,False,False,2.0,False,2.0,False,True,True,False,False,8
BART,test_template_ood,v3_confirmation_test_template_ood_0030,1,False,radial_orthogonal_random,1.5,1.625,1.625,False,False,,False,2.0,False,False,False,True,False,8
BART,test_template_ood,v3_confirmation_test_template_ood_0030,1,False,toward_gold,2.0,,2.0,True,False,,False,2.0,False,False,False,True,False,6
BART,test_template_ood,v3_confirmation_test_template_ood_0030,1,False,editor_orthogonal_random,2.0,,2.0,True,False,,False,2.0,False,False,False,True,False,6
BART,test_template_ood,v3_confirmation_test_template_ood_0032,1,False,editor_forward,1.75,1.875,1.875,False,False,,False,2.0,False,False,False,True,True,8
BART,test_template_ood,v3_confirmation_test_template_ood_0032,1,False,editor_reverse,0.5,0.5625,0.5625,False,False,2.0,False,2.0,False,False,True,False,False,8
BART,test_template_ood,v3_confirmation_test_template_ood_0032,1,False,radial_orthogonal_random,2.0,,2.0,True,False,,False,2.0,False,False,False,True,False,6
BART,test_template_ood,v3_confirmation_test_template_ood_0032,1,False,toward_gold,2.0,,2.0,True,False,,False,2.0,False,False,False,True,False,6
BART,test_template_ood,v3_confirmation_test_template_ood_0032,1,False,editor_orthogonal_random,1.875,2.0,2.0,False,False,2.0,False,2.0,False,False,False,True,False,8
BART,test_template_ood,v3_confirmation_test_template_ood_0033,1,True,editor_forward,1.5,1.625,1.625,False,False,,False,2.0,False,False,False,True,False,8
BART,test_template_ood,v3_confirmation_test_template_ood_0033,1,True,editor_reverse,1.0,1.125,1.125,False,False,2.0,False,2.0,False,False,False,True,False,8
BART,test_template_ood,v3_confirmation_test_template_ood_0033,1,True,radial_orthogonal_random,2.0,,2.0,True,False,,False,2.0,False,False,False,True,False,6
BART,test_template_ood,v3_confirmation_test_template_ood_0033,1,True,toward_gold,2.0,,2.0,True,False,,False,2.0,False,False,False,True,False,6
BART,test_template_ood,v3_confirmation_test_template_ood_0033,1,True,editor_orthogonal_random,2.0,,2.0,True,False,,False,2.0,False,False,False,True,False,6
BART,test_template_ood,v3_confirmation_test_template_ood_0035,1,True,editor_forward,1.625,1.75,1.75,False,False,2.0,False,2.0,False,False,False,True,False,8
BART,test_template_ood,v3_confirmation_test_template_ood_0035,1,True,editor_reverse,0.6875,0.75,0.75,False,False,2.0,False,2.0,False,False,True,False,False,8
BART,test_template_ood,v3_confirmation_test_template_ood_0035,1,True,radial_orthogonal_random,2.0,,2.0,True,False,,False,2.0,False,False,False,True,False,6
BART,test_template_ood,v3_confirmation_test_template_ood_0035,1,True,toward_gold,0.375,0.4375,0.4375,False,True,,False,2.0,False,True,True,True,False,8
BART,test_template_ood,v3_confirmation_test_template_ood_0035,1,True,editor_orthogonal_random,2.0,,2.0,True,False,,False,2.0,False,False,False,True,False,6
BART,test_template_ood,v3_confirmation_test_template_ood_0024,2,True,editor_forward,0.375,0.4375,0.4375,False,False,0.5,False,0.5,True,True,True,False,False,8
BART,test_template_ood,v3_confirmation_test_template_ood_0024,2,True,editor_reverse,0.375,0.4375,0.4375,False,False,,False,2.0,False,True,True,False,False,8
BART,test_template_ood,v3_confirmation_test_template_ood_0024,2,True,radial_orthogonal_random,2.0,,2.0,True,False,,False,2.0,False,False,False,True,False,6
BART,test_template_ood,v3_confirmation_test_template_ood_0024,2,True,toward_gold,0.9375,1.0,1.0,False,True,,False,2.0,False,False,True,False,False,8
BART,test_template_ood,v3_confirmation_test_template_ood_0024,2,True,editor_orthogonal_random,2.0,,2.0,True,False,,False,2.0,False,False,False,True,False,6
BART,test_template_ood,v3_confirmation_test_template_ood_0026,2,True,editor_forward,0.5,0.5625,0.5625,False,False,0.75,False,0.75,True,False,True,False,False,8
BART,test_template_ood,v3_confirmation_test_template_ood_0026,2,True,editor_reverse,0.4375,0.5,0.5,False,False,,False,2.0,False,True,True,False,False,8
BART,test_template_ood,v3_confirmation_test_template_ood_0026,2,True,radial_orthogonal_random,1.0,1.125,1.125,False,False,1.5,False,1.5,False,False,False,True,False,8
BART,test_template_ood,v3_confirmation_test_template_ood_0026,2,True,toward_gold,2.0,,2.0,True,False,,False,2.0,False,False,False,True,False,6
BART,test_template_ood,v3_confirmation_test_template_ood_0026,2,True,editor_orthogonal_random,2.0,,2.0,True,False,,False,2.0,False,False,False,True,False,6
BART,test_template_ood,v3_confirmation_test_template_ood_0027,2,True,editor_forward,0.0,0.0625,0.0625,False,False,0.25,False,0.25,True,True,True,False,False,8
BART,test_template_ood,v3_confirmation_test_template_ood_0027,2,True,editor_reverse,0.6875,0.75,0.75,False,False,,False,2.0,False,False,True,False,False,8
BART,test_template_ood,v3_confirmation_test_template_ood_0027,2,True,radial_orthogonal_random,0.1875,0.25,0.25,False,False,0.25,False,0.25,True,True,True,False,False,8
BART,test_template_ood,v3_confirmation_test_template_ood_0027,2,True,toward_gold,2.0,,2.0,True,False,,False,2.0,False,False,False,True,False,6
BART,test_template_ood,v3_confirmation_test_template_ood_0027,2,True,editor_orthogonal_random,2.0,,2.0,True,False,,False,2.0,False,False,False,True,False,6
BART,test_template_ood,v3_confirmation_test_template_ood_0029,2,True,editor_forward,0.25,0.3125,0.3125,False,False,0.5,False,0.5,True,True,True,False,False,8
BART,test_template_ood,v3_confirmation_test_template_ood_0029,2,True,editor_reverse,0.8125,0.875,0.875,False,False,,False,2.0,False,False,True,False,False,8
BART,test_template_ood,v3_confirmation_test_template_ood_0029,2,True,radial_orthogonal_random,2.0,,2.0,True,False,,False,2.0,False,False,False,True,False,6
BART,test_template_ood,v3_confirmation_test_template_ood_0029,2,True,toward_gold,2.0,,2.0,True,False,,False,2.0,False,False,False,True,False,6
BART,test_template_ood,v3_confirmation_test_template_ood_0029,2,True,editor_orthogonal_random,1.625,1.75,1.75,False,False,2.0,False,2.0,False,False,False,True,False,8
BART,test_template_ood,v3_confirmation_test_template_ood_0030,2,False,editor_forward,1.125,1.25,1.25,False,False,1.5,False,1.5,False,False,False,True,True,8
BART,test_template_ood,v3_confirmation_test_template_ood_0030,2,False,editor_reverse,0.5,0.5625,0.5625,False,False,,False,2.0,False,False,True,False,False,8
BART,test_template_ood,v3_confirmation_test_template_ood_0030,2,False,radial_orthogonal_random,2.0,,2.0,True,False,,False,2.0,False,False,False,True,False,6
BART,test_template_ood,v3_confirmation_test_template_ood_0030,2,False,toward_gold,2.0,,2.0,True,False,,False,2.0,False,False,False,True,False,6
BART,test_template_ood,v3_confirmation_test_template_ood_0030,2,False,editor_orthogonal_random,2.0,,2.0,True,False,,False,2.0,False,False,False,True,False,6
BART,test_template_ood,v3_confirmation_test_template_ood_0032,2,False,editor_forward,1.125,1.25,1.25,False,False,1.5,False,1.5,False,False,False,True,True,8
BART,test_template_ood,v3_confirmation_test_template_ood_0032,2,False,editor_reverse,0.375,0.4375,0.4375,False,False,,False,2.0,False,True,True,False,False,8
BART,test_template_ood,v3_confirmation_test_template_ood_0032,2,False,radial_orthogonal_random,1.875,2.0,2.0,False,False,2.0,False,2.0,False,False,False,True,False,8
BART,test_template_ood,v3_confirmation_test_template_ood_0032,2,False,toward_gold,2.0,,2.0,True,False,,False,2.0,False,False,False,True,False,6
BART,test_template_ood,v3_confirmation_test_template_ood_0032,2,False,editor_orthogonal_random,1.875,2.0,2.0,False,False,,False,2.0,False,False,False,True,False,8
BART,test_template_ood,v3_confirmation_test_template_ood_0030,3,True,editor_forward,0.1875,0.25,0.25,False,False,0.25,False,0.25,True,True,True,False,False,8
BART,test_template_ood,v3_confirmation_test_template_ood_0030,3,True,editor_reverse,0.1875,0.25,0.25,False,False,,False,2.0,False,True,True,False,False,8
BART,test_template_ood,v3_confirmation_test_template_ood_0030,3,True,radial_orthogonal_random,0.625,0.6875,0.6875,False,False,0.75,False,0.75,True,False,True,False,False,8
BART,test_template_ood,v3_confirmation_test_template_ood_0030,3,True,toward_gold,0.625,0.6875,0.6875,False,False,2.0,False,2.0,False,False,True,False,False,8
BART,test_template_ood,v3_confirmation_test_template_ood_0030,3,True,editor_orthogonal_random,1.625,1.75,1.75,False,False,2.0,False,2.0,False,False,False,True,False,8
BART,test_template_ood,v3_confirmation_test_template_ood_0032,3,True,editor_forward,0.1875,0.25,0.25,False,False,0.25,False,0.25,True,True,True,False,False,8
BART,test_template_ood,v3_confirmation_test_template_ood_0032,3,True,editor_reverse,0.125,0.1875,0.1875,False,False,,False,2.0,False,True,True,False,False,8
BART,test_template_ood,v3_confirmation_test_template_ood_0032,3,True,radial_orthogonal_random,1.75,1.875,1.875,False,False,,False,2.0,False,False,False,True,False,8
BART,test_template_ood,v3_confirmation_test_template_ood_0032,3,True,toward_gold,0.5,0.5625,0.5625,False,False,2.0,False,2.0,False,False,True,False,False,8
BART,test_template_ood,v3_confirmation_test_template_ood_0032,3,True,editor_orthogonal_random,1.5,1.625,1.625,False,False,2.0,False,2.0,False,False,False,True,False,8
BART,test_template_ood,v3_confirmation_test_template_ood_0036,1,False,editor_forward,1.625,1.75,1.75,False,False,2.0,False,2.0,False,False,False,True,True,8
BART,test_template_ood,v3_confirmation_test_template_ood_0036,1,False,editor_reverse,0.125,0.1875,0.1875,False,False,,False,2.0,False,True,True,False,False,8
BART,test_template_ood,v3_confirmation_test_template_ood_0036,1,False,radial_orthogonal_random,2.0,,2.0,True,False,,False,2.0,False,False,False,True,False,6
BART,test_template_ood,v3_confirmation_test_template_ood_0036,1,False,toward_gold,0.0625,0.125,0.125,False,True,,False,2.0,False,True,True,True,False,8
BART,test_template_ood,v3_confirmation_test_template_ood_0036,1,False,editor_orthogonal_random,2.0,,2.0,True,False,,False,2.0,False,False,False,True,False,6
BART,test_template_ood,v3_confirmation_test_template_ood_0038,1,False,editor_forward,1.625,1.75,1.75,False,False,2.0,False,2.0,False,False,False,True,True,8
BART,test_template_ood,v3_confirmation_test_template_ood_0038,1,False,editor_reverse,0.25,0.3125,0.3125,False,False,,False,2.0,False,True,True,False,False,8
BART,test_template_ood,v3_confirmation_test_template_ood_0038,1,False,radial_orthogonal_random,2.0,,2.0,True,False,,False,2.0,False,False,False,True,False,6
BART,test_template_ood,v3_confirmation_test_template_ood_0038,1,False,toward_gold,0.1875,0.25,0.25,False,True,,False,2.0,False,True,True,True,False,8
BART,test_template_ood,v3_confirmation_test_template_ood_0038,1,False,editor_orthogonal_random,2.0,,2.0,True,False,,False,2.0,False,False,False,True,False,6
BART,test_template_ood,v3_confirmation_test_template_ood_0039,1,False,editor_forward,1.125,1.25,1.25,False,False,1.5,False,1.5,False,False,False,True,True,8
BART,test_template_ood,v3_confirmation_test_template_ood_0039,1,False,editor_reverse,0.4375,0.5,0.5,False,False,2.0,False,2.0,False,True,True,False,False,8
BART,test_template_ood,v3_confirmation_test_template_ood_0039,1,False,radial_orthogonal_random,2.0,,2.0,True,False,,False,2.0,False,False,False,True,False,6
BART,test_template_ood,v3_confirmation_test_template_ood_0039,1,False,toward_gold,0.5,0.5625,0.5625,False,True,,False,2.0,False,False,True,True,False,8
BART,test_template_ood,v3_confirmation_test_template_ood_0039,1,False,editor_orthogonal_random,1.375,1.5,1.5,False,False,1.5,False,1.5,False,False,False,True,False,8
BART,test_template_ood,v3_confirmation_test_template_ood_0041,1,False,editor_forward,1.125,1.25,1.25,False,False,1.5,False,1.5,False,False,False,True,True,8
BART,test_template_ood,v3_confirmation_test_template_ood_0041,1,False,editor_reverse,0.4375,0.5,0.5,False,False,,False,2.0,False,True,True,False,False,8
BART,test_template_ood,v3_confirmation_test_template_ood_0041,1,False,radial_orthogonal_random,2.0,,2.0,True,False,,False,2.0,False,False,False,True,False,6
BART,test_template_ood,v3_confirmation_test_template_ood_0041,1,False,toward_gold,2.0,,2.0,True,False,,False,2.0,False,False,False,True,False,6
BART,test_template_ood,v3_confirmation_test_template_ood_0041,1,False,editor_orthogonal_random,2.0,,2.0,True,False,,False,2.0,False,False,False,True,False,6
BART,test_template_ood,v3_confirmation_test_template_ood_0042,1,False,editor_forward,1.75,1.875,1.875,False,False,,False,2.0,False,False,False,True,True,8
BART,test_template_ood,v3_confirmation_test_template_ood_0042,1,False,editor_reverse,0.4375,0.5,0.5,False,False,2.0,False,2.0,False,True,True,False,False,8
BART,test_template_ood,v3_confirmation_test_template_ood_0042,1,False,radial_orthogonal_random,2.0,,2.0,True,False,,False,2.0,False,False,False,True,False,6
BART,test_template_ood,v3_confirmation_test_template_ood_0042,1,False,toward_gold,2.0,,2.0,True,False,,False,2.0,False,False,False,True,False,6
BART,test_template_ood,v3_confirmation_test_template_ood_0042,1,False,editor_orthogonal_random,2.0,,2.0,True,False,,False,2.0,False,False,False,True,False,6
BART,test_template_ood,v3_confirmation_test_template_ood_0044,1,False,editor_forward,1.875,2.0,2.0,False,False,2.0,False,2.0,False,False,False,True,True,8
BART,test_template_ood,v3_confirmation_test_template_ood_0044,1,False,editor_reverse,0.3125,0.375,0.375,False,False,,False,2.0,False,True,True,False,False,8
BART,test_template_ood,v3_confirmation_test_template_ood_0044,1,False,radial_orthogonal_random,2.0,,2.0,True,False,,False,2.0,False,False,False,True,False,6
BART,test_template_ood,v3_confirmation_test_template_ood_0044,1,False,toward_gold,2.0,,2.0,True,False,,False,2.0,False,False,False,True,False,6
BART,test_template_ood,v3_confirmation_test_template_ood_0044,1,False,editor_orthogonal_random,2.0,,2.0,True,False,,False,2.0,False,False,False,True,False,6
BART,test_template_ood,v3_confirmation_test_template_ood_0045,1,True,editor_forward,1.5,1.625,1.625,False,False,,False,2.0,False,False,False,True,False,8
BART,test_template_ood,v3_confirmation_test_template_ood_0045,1,True,editor_reverse,0.5,0.5625,0.5625,False,False,1.5,False,1.5,False,False,True,False,False,8
BART,test_template_ood,v3_confirmation_test_template_ood_0045,1,True,radial_orthogonal_random,2.0,,2.0,True,False,,False,2.0,False,False,False,True,False,6
BART,test_template_ood,v3_confirmation_test_template_ood_0045,1,True,toward_gold,0.1875,0.25,0.25,False,True,,False,2.0,False,True,True,True,False,8
BART,test_template_ood,v3_confirmation_test_template_ood_0045,1,True,editor_orthogonal_random,2.0,,2.0,True,False,,False,2.0,False,False,False,True,False,6
BART,test_template_ood,v3_confirmation_test_template_ood_0047,1,True,editor_forward,1.625,1.75,1.75,False,False,2.0,False,2.0,False,False,False,True,False,8
BART,test_template_ood,v3_confirmation_test_template_ood_0047,1,True,editor_reverse,0.5625,0.625,0.625,False,False,,False,2.0,False,False,True,False,False,8
BART,test_template_ood,v3_confirmation_test_template_ood_0047,1,True,radial_orthogonal_random,2.0,,2.0,True,False,,False,2.0,False,False,False,True,False,6
BART,test_template_ood,v3_confirmation_test_template_ood_0047,1,True,toward_gold,0.25,0.3125,0.3125,False,True,,False,2.0,False,True,True,True,False,8
BART,test_template_ood,v3_confirmation_test_template_ood_0047,1,True,editor_orthogonal_random,1.875,2.0,2.0,False,False,2.0,False,2.0,False,False,False,True,False,8
BART,test_template_ood,v3_confirmation_test_template_ood_0036,2,True,editor_forward,0.5,0.5625,0.5625,False,False,0.75,False,0.75,True,False,True,False,False,8
BART,test_template_ood,v3_confirmation_test_template_ood_0036,2,True,editor_reverse,0.4375,0.5,0.5,False,False,,False,2.0,False,True,True,False,False,8
BART,test_template_ood,v3_confirmation_test_template_ood_0036,2,True,radial_orthogonal_random,2.0,,2.0,True,False,,False,2.0,False,False,False,True,False,6
BART,test_template_ood,v3_confirmation_test_template_ood_0036,2,True,toward_gold,2.0,,2.0,True,False,,False,2.0,False,False,False,True,False,6
BART,test_template_ood,v3_confirmation_test_template_ood_0036,2,True,editor_orthogonal_random,2.0,,2.0,True,False,,False,2.0,False,False,False,True,False,6
BART,test_template_ood,v3_confirmation_test_template_ood_0038,2,True,editor_forward,0.5625,0.625,0.625,False,False,0.75,False,0.75,True,False,True,False,False,8
BART,test_template_ood,v3_confirmation_test_template_ood_0038,2,True,editor_reverse,0.4375,0.5,0.5,False,False,,False,2.0,False,True,True,False,False,8
BART,test_template_ood,v3_confirmation_test_template_ood_0038,2,True,radial_orthogonal_random,2.0,,2.0,True,False,,False,2.0,False,False,False,True,False,6
BART,test_template_ood,v3_confirmation_test_template_ood_0038,2,True,toward_gold,2.0,,2.0,True,False,,False,2.0,False,False,False,True,False,6
BART,test_template_ood,v3_confirmation_test_template_ood_0038,2,True,editor_orthogonal_random,2.0,,2.0,True,False,,False,2.0,False,False,False,True,False,6
BART,test_template_ood,v3_confirmation_test_template_ood_0039,2,True,editor_forward,0.0625,0.125,0.125,False,False,0.25,False,0.25,True,True,True,False,False,8
BART,test_template_ood,v3_confirmation_test_template_ood_0039,2,True,editor_reverse,0.6875,0.75,0.75,False,False,,False,2.0,False,False,True,False,False,8
BART,test_template_ood,v3_confirmation_test_template_ood_0039,2,True,radial_orthogonal_random,2.0,,2.0,True,False,,False,2.0,False,False,False,True,False,6
BART,test_template_ood,v3_confirmation_test_template_ood_0039,2,True,toward_gold,2.0,,2.0,True,False,,False,2.0,False,False,False,True,False,6
BART,test_template_ood,v3_confirmation_test_template_ood_0039,2,True,editor_orthogonal_random,0.6875,0.75,0.75,False,False,0.75,False,0.75,True,False,True,False,False,8
BART,test_template_ood,v3_confirmation_test_template_ood_0041,2,True,editor_forward,0.125,0.1875,0.1875,False,False,0.25,False,0.25,True,True,True,False,False,8
BART,test_template_ood,v3_confirmation_test_template_ood_0041,2,True,editor_reverse,0.6875,0.75,0.75,False,False,,False,2.0,False,False,True,False,False,8
BART,test_template_ood,v3_confirmation_test_template_ood_0041,2,True,radial_orthogonal_random,2.0,,2.0,True,False,,False,2.0,False,False,False,True,False,6
BART,test_template_ood,v3_confirmation_test_template_ood_0041,2,True,toward_gold,2.0,,2.0,True,False,,False,2.0,False,False,False,True,False,6
BART,test_template_ood,v3_confirmation_test_template_ood_0041,2,True,editor_orthogonal_random,0.75,0.8125,0.8125,False,False,1.0,False,1.0,True,False,True,False,False,8
BART,test_template_ood,v3_confirmation_test_template_ood_0042,2,False,editor_forward,1.125,1.25,1.25,False,False,1.5,False,1.5,False,False,False,True,True,8
BART,test_template_ood,v3_confirmation_test_template_ood_0042,2,False,editor_reverse,0.5,0.5625,0.5625,False,False,,False,2.0,False,False,True,False,False,8
BART,test_template_ood,v3_confirmation_test_template_ood_0042,2,False,radial_orthogonal_random,2.0,,2.0,True,False,,False,2.0,False,False,False,True,False,6
BART,test_template_ood,v3_confirmation_test_template_ood_0042,2,False,toward_gold,2.0,,2.0,True,False,,False,2.0,False,False,False,True,False,6
BART,test_template_ood,v3_confirmation_test_template_ood_0042,2,False,editor_orthogonal_random,2.0,,2.0,True,False,,False,2.0,False,False,False,True,False,6
BART,test_template_ood,v3_confirmation_test_template_ood_0044,2,True,editor_forward,0.9375,1.0,1.0,False,False,1.0,False,1.0,True,False,True,False,False,8
BART,test_template_ood,v3_confirmation_test_template_ood_0044,2,True,editor_reverse,0.25,0.3125,0.3125,False,False,,False,2.0,False,True,True,False,False,8
BART,test_template_ood,v3_confirmation_test_template_ood_0044,2,True,radial_orthogonal_random,0.875,0.9375,0.9375,False,False,,False,2.0,False,False,True,False,False,8
BART,test_template_ood,v3_confirmation_test_template_ood_0044,2,True,toward_gold,2.0,,2.0,True,False,,False,2.0,False,False,False,True,False,6
BART,test_template_ood,v3_confirmation_test_template_ood_0044,2,True,editor_orthogonal_random,1.0,1.125,1.125,False,False,1.5,False,1.5,False,False,False,True,False,8
BART,test_template_ood,v3_confirmation_test_template_ood_0042,3,True,editor_forward,0.1875,0.25,0.25,False,False,0.25,False,0.25,True,True,True,False,False,8
BART,test_template_ood,v3_confirmation_test_template_ood_0042,3,True,editor_reverse,0.0625,0.125,0.125,False,False,,False,2.0,False,True,True,False,False,8
BART,test_template_ood,v3_confirmation_test_template_ood_0042,3,True,radial_orthogonal_random,2.0,,2.0,True,False,,False,2.0,False,False,False,True,False,6
BART,test_template_ood,v3_confirmation_test_template_ood_0042,3,True,toward_gold,0.25,0.3125,0.3125,False,False,1.5,False,1.5,False,True,True,False,False,8
BART,test_template_ood,v3_confirmation_test_template_ood_0042,3,True,editor_orthogonal_random,0.625,0.6875,0.6875,False,False,2.0,False,2.0,False,False,True,False,False,8
BART,test_template_ood,v3_confirmation_test_template_ood_0048,1,False,editor_forward,1.25,1.375,1.375,False,False,1.5,False,1.5,False,False,False,True,True,8
BART,test_template_ood,v3_confirmation_test_template_ood_0048,1,False,editor_reverse,0.25,0.3125,0.3125,False,False,,False,2.0,False,True,True,False,False,8
BART,test_template_ood,v3_confirmation_test_template_ood_0048,1,False,radial_orthogonal_random,1.625,1.75,1.75,False,False,,False,2.0,False,False,False,True,False,8
BART,test_template_ood,v3_confirmation_test_template_ood_0048,1,False,toward_gold,0.1875,0.25,0.25,False,True,,False,2.0,False,True,True,True,False,8
BART,test_template_ood,v3_confirmation_test_template_ood_0048,1,False,editor_orthogonal_random,1.25,1.375,1.375,False,False,1.5,False,1.5,False,False,False,True,False,8
BART,test_template_ood,v3_confirmation_test_template_ood_0050,1,False,editor_forward,1.625,1.75,1.75,False,False,2.0,False,2.0,False,False,False,True,True,8
BART,test_template_ood,v3_confirmation_test_template_ood_0050,1,False,editor_reverse,0.1875,0.25,0.25,False,False,,False,2.0,False,True,True,False,False,8
BART,test_template_ood,v3_confirmation_test_template_ood_0050,1,False,radial_orthogonal_random,1.875,2.0,2.0,False,False,2.0,False,2.0,False,False,False,True,False,8
BART,test_template_ood,v3_confirmation_test_template_ood_0050,1,False,toward_gold,0.125,0.1875,0.1875,False,True,,False,2.0,False,True,True,True,False,8
BART,test_template_ood,v3_confirmation_test_template_ood_0050,1,False,editor_orthogonal_random,0.9375,1.0,1.0,False,False,,False,2.0,False,False,True,False,False,8
BART,test_template_ood,v3_confirmation_test_template_ood_0051,1,False,editor_forward,1.125,1.25,1.25,False,False,1.5,False,1.5,False,False,False,True,True,8
BART,test_template_ood,v3_confirmation_test_template_ood_0051,1,False,editor_reverse,0.375,0.4375,0.4375,False,False,2.0,False,2.0,False,True,True,False,False,8
BART,test_template_ood,v3_confirmation_test_template_ood_0051,1,False,radial_orthogonal_random,1.875,2.0,2.0,False,False,2.0,False,2.0,False,False,False,True,False,8
BART,test_template_ood,v3_confirmation_test_template_ood_0051,1,False,toward_gold,0.5,0.5625,0.5625,False,True,,False,2.0,False,False,True,True,False,8
BART,test_template_ood,v3_confirmation_test_template_ood_0051,1,False,editor_orthogonal_random,2.0,,2.0,True,False,,False,2.0,False,False,False,True,False,6
BART,test_template_ood,v3_confirmation_test_template_ood_0053,1,False,editor_forward,1.375,1.5,1.5,False,False,1.5,False,1.5,False,False,False,True,True,8
BART,test_template_ood,v3_confirmation_test_template_ood_0053,1,False,editor_reverse,0.4375,0.5,0.5,False,False,,False,2.0,False,True,True,False,False,8
BART,test_template_ood,v3_confirmation_test_template_ood_0053,1,False,radial_orthogonal_random,1.25,1.375,1.375,False,False,1.5,False,1.5,False,False,False,True,False,8
BART,test_template_ood,v3_confirmation_test_template_ood_0053,1,False,toward_gold,2.0,,2.0,True,False,,False,2.0,False,False,False,True,False,6
BART,test_template_ood,v3_confirmation_test_template_ood_0053,1,False,editor_orthogonal_random,2.0,,2.0,True,False,,False,2.0,False,False,False,True,False,6
BART,test_template_ood,v3_confirmation_test_template_ood_0054,1,False,editor_forward,1.875,2.0,2.0,False,False,,False,2.0,False,False,False,True,True,8
BART,test_template_ood,v3_confirmation_test_template_ood_0054,1,False,editor_reverse,0.4375,0.5,0.5,False,False,2.0,False,2.0,False,True,True,False,False,8
BART,test_template_ood,v3_confirmation_test_template_ood_0054,1,False,radial_orthogonal_random,2.0,,2.0,True,False,,False,2.0,False,False,False,True,False,6
BART,test_template_ood,v3_confirmation_test_template_ood_0054,1,False,toward_gold,2.0,,2.0,True,False,,False,2.0,False,False,False,True,False,6
BART,test_template_ood,v3_confirmation_test_template_ood_0054,1,False,editor_orthogonal_random,1.875,2.0,2.0,False,False,,False,2.0,False,False,False,True,False,8
BART,test_template_ood,v3_confirmation_test_template_ood_0056,1,False,editor_forward,1.875,2.0,2.0,False,False,,False,2.0,False,False,False,True,True,8
BART,test_template_ood,v3_confirmation_test_template_ood_0056,1,False,editor_reverse,0.5,0.5625,0.5625,False,False,2.0,False,2.0,False,False,True,False,False,8
BART,test_template_ood,v3_confirmation_test_template_ood_0056,1,False,radial_orthogonal_random,1.875,2.0,2.0,False,False,2.0,False,2.0,False,False,False,True,False,8
BART,test_template_ood,v3_confirmation_test_template_ood_0056,1,False,toward_gold,2.0,,2.0,True,False,,False,2.0,False,False,False,True,False,6
BART,test_template_ood,v3_confirmation_test_template_ood_0056,1,False,editor_orthogonal_random,2.0,,2.0,True,False,,False,2.0,False,False,False,True,False,6
BART,test_template_ood,v3_confirmation_test_template_ood_0057,1,True,editor_forward,1.625,1.75,1.75,False,False,,False,2.0,False,False,False,True,False,8
BART,test_template_ood,v3_confirmation_test_template_ood_0057,1,True,editor_reverse,0.8125,0.875,0.875,False,False,2.0,False,2.0,False,False,True,False,False,8
BART,test_template_ood,v3_confirmation_test_template_ood_0057,1,True,radial_orthogonal_random,2.0,,2.0,True,False,,False,2.0,False,False,False,True,False,6
BART,test_template_ood,v3_confirmation_test_template_ood_0057,1,True,toward_gold,0.3125,0.375,0.375,False,True,,False,2.0,False,True,True,True,False,8
BART,test_template_ood,v3_confirmation_test_template_ood_0057,1,True,editor_orthogonal_random,2.0,,2.0,True,False,,False,2.0,False,False,False,True,False,6
BART,test_template_ood,v3_confirmation_test_template_ood_0059,1,True,editor_forward,1.75,1.875,1.875,False,False,2.0,False,2.0,False,False,False,True,False,8
BART,test_template_ood,v3_confirmation_test_template_ood_0059,1,True,editor_reverse,0.8125,0.875,0.875,False,False,,False,2.0,False,False,True,False,False,8
BART,test_template_ood,v3_confirmation_test_template_ood_0059,1,True,radial_orthogonal_random,2.0,,2.0,True,False,,False,2.0,False,False,False,True,False,6
BART,test_template_ood,v3_confirmation_test_template_ood_0059,1,True,toward_gold,2.0,,2.0,True,False,,False,2.0,False,False,False,True,False,6
BART,test_template_ood,v3_confirmation_test_template_ood_0059,1,True,editor_orthogonal_random,1.75,1.875,1.875,False,False,2.0,False,2.0,False,False,False,True,False,8
BART,test_template_ood,v3_confirmation_test_template_ood_0048,2,True,editor_forward,0.25,0.3125,0.3125,False,False,0.5,False,0.5,True,True,True,False,False,8
BART,test_template_ood,v3_confirmation_test_template_ood_0048,2,True,editor_reverse,0.5,0.5625,0.5625,False,False,,False,2.0,False,False,True,False,False,8
BART,test_template_ood,v3_confirmation_test_template_ood_0048,2,True,radial_orthogonal_random,2.0,,2.0,True,False,,False,2.0,False,False,False,True,False,6
BART,test_template_ood,v3_confirmation_test_template_ood_0048,2,True,toward_gold,2.0,,2.0,True,False,,False,2.0,False,False,False,True,False,6
BART,test_template_ood,v3_confirmation_test_template_ood_0048,2,True,editor_orthogonal_random,2.0,,2.0,True,False,,False,2.0,False,False,False,True,False,6
BART,test_template_ood,v3_confirmation_test_template_ood_0050,2,True,editor_forward,0.5625,0.625,0.625,False,False,0.75,False,0.75,True,False,True,False,False,8
BART,test_template_ood,v3_confirmation_test_template_ood_0050,2,True,editor_reverse,0.375,0.4375,0.4375,False,False,,False,2.0,False,True,True,False,False,8
BART,test_template_ood,v3_confirmation_test_template_ood_0050,2,True,radial_orthogonal_random,2.0,,2.0,True,False,,False,2.0,False,False,False,True,False,6
BART,test_template_ood,v3_confirmation_test_template_ood_0050,2,True,toward_gold,2.0,,2.0,True,False,,False,2.0,False,False,False,True,False,6
BART,test_template_ood,v3_confirmation_test_template_ood_0050,2,True,editor_orthogonal_random,2.0,,2.0,True,False,,False,2.0,False,False,False,True,False,6
BART,test_template_ood,v3_confirmation_test_template_ood_0051,2,True,editor_forward,0.0625,0.125,0.125,False,False,0.25,False,0.25,True,True,True,False,False,8
BART,test_template_ood,v3_confirmation_test_template_ood_0051,2,True,editor_reverse,0.75,0.8125,0.8125,False,False,,False,2.0,False,False,True,False,False,8
BART,test_template_ood,v3_confirmation_test_template_ood_0051,2,True,radial_orthogonal_random,0.4375,0.5,0.5,False,False,0.5,False,0.5,True,True,True,False,False,8
BART,test_template_ood,v3_confirmation_test_template_ood_0051,2,True,toward_gold,2.0,,2.0,True,False,,False,2.0,False,False,False,True,False,6
BART,test_template_ood,v3_confirmation_test_template_ood_0051,2,True,editor_orthogonal_random,2.0,,2.0,True,False,,False,2.0,False,False,False,True,False,6
BART,test_template_ood,v3_confirmation_test_template_ood_0053,2,True,editor_forward,0.25,0.3125,0.3125,False,False,0.5,False,0.5,True,True,True,False,False,8
BART,test_template_ood,v3_confirmation_test_template_ood_0053,2,True,editor_reverse,0.6875,0.75,0.75,False,False,,False,2.0,False,False,True,False,False,8
BART,test_template_ood,v3_confirmation_test_template_ood_0053,2,True,radial_orthogonal_random,2.0,,2.0,True,False,,False,2.0,False,False,False,True,False,6
BART,test_template_ood,v3_confirmation_test_template_ood_0053,2,True,toward_gold,2.0,,2.0,True,False,,False,2.0,False,False,False,True,False,6
BART,test_template_ood,v3_confirmation_test_template_ood_0053,2,True,editor_orthogonal_random,2.0,,2.0,True,False,,False,2.0,False,False,False,True,False,6
BART,test_template_ood,v3_confirmation_test_template_ood_0054,2,False,editor_forward,1.125,1.25,1.25,False,False,1.5,False,1.5,False,False,False,True,True,8
BART,test_template_ood,v3_confirmation_test_template_ood_0054,2,False,editor_reverse,0.4375,0.5,0.5,False,False,,False,2.0,False,True,True,False,False,8
BART,test_template_ood,v3_confirmation_test_template_ood_0054,2,False,radial_orthogonal_random,1.875,2.0,2.0,False,False,2.0,False,2.0,False,False,False,True,False,8
BART,test_template_ood,v3_confirmation_test_template_ood_0054,2,False,toward_gold,2.0,,2.0,True,False,,False,2.0,False,False,False,True,False,6
BART,test_template_ood,v3_confirmation_test_template_ood_0054,2,False,editor_orthogonal_random,1.5,1.625,1.625,False,False,,False,2.0,False,False,False,True,False,8
BART,test_template_ood,v3_confirmation_test_template_ood_0056,2,False,editor_forward,1.25,1.375,1.375,False,False,1.5,False,1.5,False,False,False,True,True,8
BART,test_template_ood,v3_confirmation_test_template_ood_0056,2,False,editor_reverse,0.3125,0.375,0.375,False,False,,False,2.0,False,True,True,False,False,8
BART,test_template_ood,v3_confirmation_test_template_ood_0056,2,False,radial_orthogonal_random,1.625,1.75,1.75,False,False,2.0,False,2.0,False,False,False,True,False,8
BART,test_template_ood,v3_confirmation_test_template_ood_0056,2,False,toward_gold,2.0,,2.0,True,False,,False,2.0,False,False,False,True,False,6
BART,test_template_ood,v3_confirmation_test_template_ood_0056,2,False,editor_orthogonal_random,1.5,1.625,1.625,False,False,,False,2.0,False,False,False,True,False,8
BART,test_template_ood,v3_confirmation_test_template_ood_0054,3,True,editor_forward,0.1875,0.25,0.25,False,False,0.25,False,0.25,True,True,True,False,False,8
BART,test_template_ood,v3_confirmation_test_template_ood_0054,3,True,editor_reverse,0.0625,0.125,0.125,False,False,,False,2.0,False,True,True,False,False,8
BART,test_template_ood,v3_confirmation_test_template_ood_0054,3,True,radial_orthogonal_random,1.5,1.625,1.625,False,False,2.0,False,2.0,False,False,False,True,False,8
BART,test_template_ood,v3_confirmation_test_template_ood_0054,3,True,toward_gold,0.125,0.1875,0.1875,False,False,2.0,False,2.0,False,True,True,False,False,8
BART,test_template_ood,v3_confirmation_test_template_ood_0054,3,True,editor_orthogonal_random,1.625,1.75,1.75,False,False,2.0,False,2.0,False,False,False,True,False,8
BART,test_template_ood,v3_confirmation_test_template_ood_0056,3,True,editor_forward,0.3125,0.375,0.375,False,False,0.5,False,0.5,True,True,True,False,False,8
BART,test_template_ood,v3_confirmation_test_template_ood_0056,3,True,editor_reverse,0.0625,0.125,0.125,False,False,,False,2.0,False,True,True,False,False,8
BART,test_template_ood,v3_confirmation_test_template_ood_0056,3,True,radial_orthogonal_random,0.5625,0.625,0.625,False,False,2.0,False,2.0,False,False,True,False,False,8
BART,test_template_ood,v3_confirmation_test_template_ood_0056,3,True,toward_gold,0.1875,0.25,0.25,False,False,1.5,False,1.5,False,True,True,False,False,8
BART,test_template_ood,v3_confirmation_test_template_ood_0056,3,True,editor_orthogonal_random,0.3125,0.375,0.375,False,False,1.5,False,1.5,False,True,True,False,False,8
BART,test_template_ood,v3_confirmation_test_template_ood_0060,1,False,editor_forward,1.5,1.625,1.625,False,False,2.0,False,2.0,False,False,False,True,True,8
BART,test_template_ood,v3_confirmation_test_template_ood_0060,1,False,editor_reverse,0.1875,0.25,0.25,False,False,,False,2.0,False,True,True,False,False,8
BART,test_template_ood,v3_confirmation_test_template_ood_0060,1,False,radial_orthogonal_random,1.75,1.875,1.875,False,False,,False,2.0,False,False,False,True,False,8
BART,test_template_ood,v3_confirmation_test_template_ood_0060,1,False,toward_gold,0.125,0.1875,0.1875,False,True,,False,2.0,False,True,True,True,False,8
BART,test_template_ood,v3_confirmation_test_template_ood_0060,1,False,editor_orthogonal_random,1.75,1.875,1.875,False,False,2.0,False,2.0,False,False,False,True,False,8
BART,test_template_ood,v3_confirmation_test_template_ood_0062,1,False,editor_forward,1.625,1.75,1.75,False,False,2.0,False,2.0,False,False,False,True,True,8
BART,test_template_ood,v3_confirmation_test_template_ood_0062,1,False,editor_reverse,0.25,0.3125,0.3125,False,False,2.0,False,2.0,False,True,True,False,False,8
BART,test_template_ood,v3_confirmation_test_template_ood_0062,1,False,radial_orthogonal_random,1.5,1.625,1.625,False,False,2.0,False,2.0,False,False,False,True,False,8
BART,test_template_ood,v3_confirmation_test_template_ood_0062,1,False,toward_gold,0.1875,0.25,0.25,False,True,,False,2.0,False,True,True,True,False,8
BART,test_template_ood,v3_confirmation_test_template_ood_0062,1,False,editor_orthogonal_random,1.375,1.5,1.5,False,False,2.0,False,2.0,False,False,False,True,False,8
BART,test_template_ood,v3_confirmation_test_template_ood_0063,1,False,editor_forward,1.125,1.25,1.25,False,False,1.5,False,1.5,False,False,False,True,True,8
BART,test_template_ood,v3_confirmation_test_template_ood_0063,1,False,editor_reverse,0.375,0.4375,0.4375,False,False,,False,2.0,False,True,True,False,False,8
BART,test_template_ood,v3_confirmation_test_template_ood_0063,1,False,radial_orthogonal_random,1.875,2.0,2.0,False,False,2.0,False,2.0,False,False,False,True,False,8
BART,test_template_ood,v3_confirmation_test_template_ood_0063,1,False,toward_gold,0.5,0.5625,0.5625,False,True,,False,2.0,False,False,True,True,False,8
BART,test_template_ood,v3_confirmation_test_template_ood_0063,1,False,editor_orthogonal_random,1.625,1.75,1.75,False,False,,False,2.0,False,False,False,True,False,8
BART,test_template_ood,v3_confirmation_test_template_ood_0065,1,False,editor_forward,1.25,1.375,1.375,False,False,1.5,False,1.5,False,False,False,True,True,8
BART,test_template_ood,v3_confirmation_test_template_ood_0065,1,False,editor_reverse,0.4375,0.5,0.5,False,False,,False,2.0,False,True,True,False,False,8
BART,test_template_ood,v3_confirmation_test_template_ood_0065,1,False,radial_orthogonal_random,2.0,,2.0,True,False,,False,2.0,False,False,False,True,False,6
BART,test_template_ood,v3_confirmation_test_template_ood_0065,1,False,toward_gold,2.0,,2.0,True,False,,False,2.0,False,False,False,True,False,6
BART,test_template_ood,v3_confirmation_test_template_ood_0065,1,False,editor_orthogonal_random,1.875,2.0,2.0,False,False,2.0,False,2.0,False,False,False,True,False,8
BART,test_template_ood,v3_confirmation_test_template_ood_0066,1,False,editor_forward,2.0,,2.0,True,False,,False,2.0,False,False,False,True,True,6
BART,test_template_ood,v3_confirmation_test_template_ood_0066,1,False,editor_reverse,0.3125,0.375,0.375,False,False,2.0,False,2.0,False,True,True,False,False,8
BART,test_template_ood,v3_confirmation_test_template_ood_0066,1,False,radial_orthogonal_random,2.0,,2.0,True,False,,False,2.0,False,False,False,True,False,6
BART,test_template_ood,v3_confirmation_test_template_ood_0066,1,False,toward_gold,2.0,,2.0,True,False,,False,2.0,False,False,False,True,False,6
BART,test_template_ood,v3_confirmation_test_template_ood_0066,1,False,editor_orthogonal_random,2.0,,2.0,True,False,,False,2.0,False,False,False,True,False,6
BART,test_template_ood,v3_confirmation_test_template_ood_0068,1,False,editor_forward,1.75,1.875,1.875,False,False,,False,2.0,False,False,False,True,True,8
BART,test_template_ood,v3_confirmation_test_template_ood_0068,1,False,editor_reverse,0.5,0.5625,0.5625,False,False,2.0,False,2.0,False,False,True,False,False,8
BART,test_template_ood,v3_confirmation_test_template_ood_0068,1,False,radial_orthogonal_random,2.0,,2.0,True,False,,False,2.0,False,False,False,True,False,6
BART,test_template_ood,v3_confirmation_test_template_ood_0068,1,False,toward_gold,2.0,,2.0,True,False,,False,2.0,False,False,False,True,False,6
BART,test_template_ood,v3_confirmation_test_template_ood_0068,1,False,editor_orthogonal_random,1.375,1.5,1.5,False,False,1.5,False,1.5,False,False,False,True,False,8
BART,test_template_ood,v3_confirmation_test_template_ood_0069,1,True,editor_forward,1.375,1.5,1.5,False,False,,False,2.0,False,False,False,True,False,8
BART,test_template_ood,v3_confirmation_test_template_ood_0069,1,True,editor_reverse,0.75,0.8125,0.8125,False,False,2.0,False,2.0,False,False,True,False,False,8
BART,test_template_ood,v3_confirmation_test_template_ood_0069,1,True,radial_orthogonal_random,2.0,,2.0,True,False,,False,2.0,False,False,False,True,False,6
BART,test_template_ood,v3_confirmation_test_template_ood_0069,1,True,toward_gold,0.3125,0.375,0.375,False,True,,False,2.0,False,True,True,True,False,8
BART,test_template_ood,v3_confirmation_test_template_ood_0069,1,True,editor_orthogonal_random,1.25,1.375,1.375,False,False,2.0,False,2.0,False,False,False,True,False,8
BART,test_template_ood,v3_confirmation_test_template_ood_0071,1,True,editor_forward,1.75,1.875,1.875,False,False,,False,2.0,False,False,False,True,False,8
BART,test_template_ood,v3_confirmation_test_template_ood_0071,1,True,editor_reverse,0.75,0.8125,0.8125,False,False,2.0,False,2.0,False,False,True,False,False,8
BART,test_template_ood,v3_confirmation_test_template_ood_0071,1,True,radial_orthogonal_random,2.0,,2.0,True,False,,False,2.0,False,False,False,True,False,6
BART,test_template_ood,v3_confirmation_test_template_ood_0071,1,True,toward_gold,0.4375,0.5,0.5,False,True,,False,2.0,False,True,True,True,False,8
BART,test_template_ood,v3_confirmation_test_template_ood_0071,1,True,editor_orthogonal_random,1.625,1.75,1.75,False,False,2.0,False,2.0,False,False,False,True,False,8
BART,test_template_ood,v3_confirmation_test_template_ood_0060,2,True,editor_forward,0.4375,0.5,0.5,False,False,0.5,False,0.5,True,True,True,False,False,8
BART,test_template_ood,v3_confirmation_test_template_ood_0060,2,True,editor_reverse,0.4375,0.5,0.5,False,False,,False,2.0,False,True,True,False,False,8
BART,test_template_ood,v3_confirmation_test_template_ood_0060,2,True,radial_orthogonal_random,1.625,1.75,1.75,False,False,2.0,False,2.0,False,False,False,True,False,8
BART,test_template_ood,v3_confirmation_test_template_ood_0060,2,True,toward_gold,2.0,,2.0,True,False,,False,2.0,False,False,False,True,False,6
BART,test_template_ood,v3_confirmation_test_template_ood_0060,2,True,editor_orthogonal_random,1.625,1.75,1.75,False,False,,False,2.0,False,False,False,True,False,8
BART,test_template_ood,v3_confirmation_test_template_ood_0062,2,True,editor_forward,0.5,0.5625,0.5625,False,False,0.75,False,0.75,True,False,True,False,False,8
BART,test_template_ood,v3_confirmation_test_template_ood_0062,2,True,editor_reverse,0.4375,0.5,0.5,False,False,,False,2.0,False,True,True,False,False,8
BART,test_template_ood,v3_confirmation_test_template_ood_0062,2,True,radial_orthogonal_random,1.375,1.5,1.5,False,False,1.5,False,1.5,False,False,False,True,False,8
BART,test_template_ood,v3_confirmation_test_template_ood_0062,2,True,toward_gold,2.0,,2.0,True,False,,False,2.0,False,False,False,True,False,6
BART,test_template_ood,v3_confirmation_test_template_ood_0062,2,True,editor_orthogonal_random,1.25,1.375,1.375,False,False,2.0,False,2.0,False,False,False,True,False,8
BART,test_template_ood,v3_confirmation_test_template_ood_0063,2,True,editor_forward,0.0625,0.125,0.125,False,False,0.25,False,0.25,True,True,True,False,False,8
BART,test_template_ood,v3_confirmation_test_template_ood_0063,2,True,editor_reverse,0.6875,0.75,0.75,False,False,,False,2.0,False,False,True,False,False,8
BART,test_template_ood,v3_confirmation_test_template_ood_0063,2,True,radial_orthogonal_random,0.4375,0.5,0.5,False,False,0.5,False,0.5,True,True,True,False,False,8
BART,test_template_ood,v3_confirmation_test_template_ood_0063,2,True,toward_gold,2.0,,2.0,True,False,,False,2.0,False,False,False,True,False,6
BART,test_template_ood,v3_confirmation_test_template_ood_0063,2,True,editor_orthogonal_random,0.375,0.4375,0.4375,False,False,0.5,False,0.5,True,True,True,False,False,8
BART,test_template_ood,v3_confirmation_test_template_ood_0065,2,True,editor_forward,0.1875,0.25,0.25,False,False,0.25,False,0.25,True,True,True,False,False,8
BART,test_template_ood,v3_confirmation_test_template_ood_0065,2,True,editor_reverse,0.625,0.6875,0.6875,False,False,,False,2.0,False,False,True,False,False,8
BART,test_template_ood,v3_confirmation_test_template_ood_0065,2,True,radial_orthogonal_random,2.0,,2.0,True,False,,False,2.0,False,False,False,True,False,6
BART,test_template_ood,v3_confirmation_test_template_ood_0065,2,True,toward_gold,2.0,,2.0,True,False,,False,2.0,False,False,False,True,False,6
BART,test_template_ood,v3_confirmation_test_template_ood_0065,2,True,editor_orthogonal_random,2.0,,2.0,True,False,,False,2.0,False,False,False,True,False,6
BART,test_template_ood,v3_confirmation_test_template_ood_0066,2,True,editor_forward,1.125,1.25,1.25,False,False,1.5,False,1.5,False,False,False,True,False,8
BART,test_template_ood,v3_confirmation_test_template_ood_0066,2,True,editor_reverse,0.375,0.4375,0.4375,False,False,,False,2.0,False,True,True,False,False,8
BART,test_template_ood,v3_confirmation_test_template_ood_0066,2,True,radial_orthogonal_random,1.375,1.5,1.5,False,False,1.5,False,1.5,False,False,False,True,False,8
BART,test_template_ood,v3_confirmation_test_template_ood_0066,2,True,toward_gold,2.0,,2.0,True,False,,False,2.0,False,False,False,True,False,6
BART,test_template_ood,v3_confirmation_test_template_ood_0066,2,True,editor_orthogonal_random,2.0,,2.0,True,False,,False,2.0,False,False,False,True,False,6
BART,test_template_ood,v3_confirmation_test_template_ood_0068,2,False,editor_forward,1.125,1.25,1.25,False,False,1.5,False,1.5,False,False,False,True,True,8
BART,test_template_ood,v3_confirmation_test_template_ood_0068,2,False,editor_reverse,0.5,0.5625,0.5625,False,False,,False,2.0,False,False,True,False,False,8
BART,test_template_ood,v3_confirmation_test_template_ood_0068,2,False,radial_orthogonal_random,2.0,,2.0,True,False,,False,2.0,False,False,False,True,False,6
BART,test_template_ood,v3_confirmation_test_template_ood_0068,2,False,toward_gold,2.0,,2.0,True,False,,False,2.0,False,False,False,True,False,6
BART,test_template_ood,v3_confirmation_test_template_ood_0068,2,False,editor_orthogonal_random,2.0,,2.0,True,False,,False,2.0,False,False,False,True,False,6
BART,test_template_ood,v3_confirmation_test_template_ood_0068,3,True,editor_forward,0.25,0.3125,0.3125,False,False,0.5,False,0.5,True,True,True,False,False,8
BART,test_template_ood,v3_confirmation_test_template_ood_0068,3,True,editor_reverse,0.0625,0.125,0.125,False,False,2.0,False,2.0,False,True,True,False,False,8
BART,test_template_ood,v3_confirmation_test_template_ood_0068,3,True,radial_orthogonal_random,0.6875,0.75,0.75,False,False,0.75,False,0.75,True,False,True,False,False,8
BART,test_template_ood,v3_confirmation_test_template_ood_0068,3,True,toward_gold,0.3125,0.375,0.375,False,False,1.5,False,1.5,False,True,True,False,False,8
BART,test_template_ood,v3_confirmation_test_template_ood_0068,3,True,editor_orthogonal_random,2.0,,2.0,True,False,,False,2.0,False,False,False,True,False,6
BART,test_template_ood,v3_confirmation_test_template_ood_0072,1,False,editor_forward,1.5,1.625,1.625,False,False,2.0,False,2.0,False,False,False,True,True,8
BART,test_template_ood,v3_confirmation_test_template_ood_0072,1,False,editor_reverse,0.0625,0.125,0.125,False,False,,False,2.0,False,True,True,False,False,8
BART,test_template_ood,v3_confirmation_test_template_ood_0072,1,False,radial_orthogonal_random,2.0,,2.0,True,False,,False,2.0,False,False,False,True,False,6
BART,test_template_ood,v3_confirmation_test_template_ood_0072,1,False,toward_gold,0.0625,0.125,0.125,False,True,,False,2.0,False,True,True,True,False,8
BART,test_template_ood,v3_confirmation_test_template_ood_0072,1,False,editor_orthogonal_random,1.875,2.0,2.0,False,False,2.0,False,2.0,False,False,False,True,False,8
BART,test_template_ood,v3_confirmation_test_template_ood_0074,1,False,editor_forward,1.625,1.75,1.75,False,False,2.0,False,2.0,False,False,False,True,True,8
BART,test_template_ood,v3_confirmation_test_template_ood_0074,1,False,editor_reverse,0.1875,0.25,0.25,False,False,,False,2.0,False,True,True,False,False,8
BART,test_template_ood,v3_confirmation_test_template_ood_0074,1,False,radial_orthogonal_random,1.375,1.5,1.5,False,False,2.0,False,2.0,False,False,False,True,False,8
BART,test_template_ood,v3_confirmation_test_template_ood_0074,1,False,toward_gold,0.125,0.1875,0.1875,False,True,,False,2.0,False,True,True,True,False,8
BART,test_template_ood,v3_confirmation_test_template_ood_0074,1,False,editor_orthogonal_random,1.25,1.375,1.375,False,False,2.0,False,2.0,False,False,False,True,False,8
BART,test_template_ood,v3_confirmation_test_template_ood_0075,1,False,editor_forward,1.375,1.5,1.5,False,False,1.5,False,1.5,False,False,False,True,True,8
BART,test_template_ood,v3_confirmation_test_template_ood_0075,1,False,editor_reverse,0.375,0.4375,0.4375,False,False,,False,2.0,False,True,True,False,False,8
BART,test_template_ood,v3_confirmation_test_template_ood_0075,1,False,radial_orthogonal_random,2.0,,2.0,True,False,,False,2.0,False,False,False,True,False,6
BART,test_template_ood,v3_confirmation_test_template_ood_0075,1,False,toward_gold,0.5,0.5625,0.5625,False,True,,False,2.0,False,False,True,True,False,8
BART,test_template_ood,v3_confirmation_test_template_ood_0075,1,False,editor_orthogonal_random,2.0,,2.0,True,False,,False,2.0,False,False,False,True,False,6
BART,test_template_ood,v3_confirmation_test_template_ood_0077,1,False,editor_forward,1.0,1.125,1.125,False,False,1.5,False,1.5,False,False,False,True,True,8
BART,test_template_ood,v3_confirmation_test_template_ood_0077,1,False,editor_reverse,0.4375,0.5,0.5,False,False,,False,2.0,False,True,True,False,False,8
BART,test_template_ood,v3_confirmation_test_template_ood_0077,1,False,radial_orthogonal_random,1.625,1.75,1.75,False,False,2.0,False,2.0,False,False,False,True,False,8
BART,test_template_ood,v3_confirmation_test_template_ood_0077,1,False,toward_gold,2.0,,2.0,True,False,,False,2.0,False,False,False,True,False,6
BART,test_template_ood,v3_confirmation_test_template_ood_0077,1,False,editor_orthogonal_random,1.875,2.0,2.0,False,False,2.0,False,2.0,False,False,False,True,False,8
BART,test_template_ood,v3_confirmation_test_template_ood_0078,1,False,editor_forward,1.875,2.0,2.0,False,False,,False,2.0,False,False,False,True,True,8
BART,test_template_ood,v3_confirmation_test_template_ood_0078,1,False,editor_reverse,0.375,0.4375,0.4375,False,False,2.0,False,2.0,False,True,True,False,False,8
BART,test_template_ood,v3_confirmation_test_template_ood_0078,1,False,radial_orthogonal_random,2.0,,2.0,True,False,,False,2.0,False,False,False,True,False,6
BART,test_template_ood,v3_confirmation_test_template_ood_0078,1,False,toward_gold,2.0,,2.0,True,False,,False,2.0,False,False,False,True,False,6
BART,test_template_ood,v3_confirmation_test_template_ood_0078,1,False,editor_orthogonal_random,2.0,,2.0,True,False,,False,2.0,False,False,False,True,False,6
BART,test_template_ood,v3_confirmation_test_template_ood_0072,2,True,editor_forward,0.4375,0.5,0.5,False,False,0.5,False,0.5,True,True,True,False,False,8
BART,test_template_ood,v3_confirmation_test_template_ood_0072,2,True,editor_reverse,0.375,0.4375,0.4375,False,False,,False,2.0,False,True,True,False,False,8
BART,test_template_ood,v3_confirmation_test_template_ood_0072,2,True,radial_orthogonal_random,2.0,,2.0,True,False,,False,2.0,False,False,False,True,False,6
BART,test_template_ood,v3_confirmation_test_template_ood_0072,2,True,toward_gold,2.0,,2.0,True,False,,False,2.0,False,False,False,True,False,6
BART,test_template_ood,v3_confirmation_test_template_ood_0072,2,True,editor_orthogonal_random,2.0,,2.0,True,False,,False,2.0,False,False,False,True,False,6
BART,test_template_ood,v3_confirmation_test_template_ood_0074,2,True,editor_forward,0.5,0.5625,0.5625,False,False,0.75,False,0.75,True,False,True,False,False,8
BART,test_template_ood,v3_confirmation_test_template_ood_0074,2,True,editor_reverse,0.375,0.4375,0.4375,False,False,,False,2.0,False,True,True,False,False,8
BART,test_template_ood,v3_confirmation_test_template_ood_0074,2,True,radial_orthogonal_random,2.0,,2.0,True,False,,False,2.0,False,False,False,True,False,6
BART,test_template_ood,v3_confirmation_test_template_ood_0074,2,True,toward_gold,2.0,,2.0,True,False,,False,2.0,False,False,False,True,False,6
BART,test_template_ood,v3_confirmation_test_template_ood_0074,2,True,editor_orthogonal_random,2.0,,2.0,True,False,,False,2.0,False,False,False,True,False,6
BART,test_template_ood,v3_confirmation_test_template_ood_0075,2,True,editor_forward,0.25,0.3125,0.3125,False,False,0.5,False,0.5,True,True,True,False,False,8
BART,test_template_ood,v3_confirmation_test_template_ood_0075,2,True,editor_reverse,0.625,0.6875,0.6875,False,False,,False,2.0,False,False,True,False,False,8
BART,test_template_ood,v3_confirmation_test_template_ood_0075,2,True,radial_orthogonal_random,2.0,,2.0,True,False,,False,2.0,False,False,False,True,False,6
BART,test_template_ood,v3_confirmation_test_template_ood_0075,2,True,toward_gold,2.0,,2.0,True,False,,False,2.0,False,False,False,True,False,6
BART,test_template_ood,v3_confirmation_test_template_ood_0075,2,True,editor_orthogonal_random,1.5,1.625,1.625,False,False,2.0,False,2.0,False,False,False,True,False,8
BART,test_template_ood,v3_confirmation_test_template_ood_0077,2,True,editor_forward,0.0625,0.125,0.125,False,False,0.25,False,0.25,True,True,True,False,False,8
BART,test_template_ood,v3_confirmation_test_template_ood_0077,2,True,editor_reverse,0.6875,0.75,0.75,False,False,,False,2.0,False,False,True,False,False,8
BART,test_template_ood,v3_confirmation_test_template_ood_0077,2,True,radial_orthogonal_random,1.375,1.5,1.5,False,False,1.5,False,1.5,False,False,False,True,False,8
BART,test_template_ood,v3_confirmation_test_template_ood_0077,2,True,toward_gold,2.0,,2.0,True,False,,False,2.0,False,False,False,True,False,6
BART,test_template_ood,v3_confirmation_test_template_ood_0077,2,True,editor_orthogonal_random,0.375,0.4375,0.4375,False,False,0.5,False,0.5,True,True,True,False,False,8
BART,test_template_ood,v3_confirmation_test_template_ood_0078,2,False,editor_forward,1.25,1.375,1.375,False,False,1.5,False,1.5,False,False,False,True,True,8
BART,test_template_ood,v3_confirmation_test_template_ood_0078,2,False,editor_reverse,0.375,0.4375,0.4375,False,False,,False,2.0,False,True,True,False,False,8
BART,test_template_ood,v3_confirmation_test_template_ood_0078,2,False,radial_orthogonal_random,2.0,,2.0,True,False,,False,2.0,False,False,False,True,False,6
BART,test_template_ood,v3_confirmation_test_template_ood_0078,2,False,toward_gold,2.0,,2.0,True,False,,False,2.0,False,False,False,True,False,6
BART,test_template_ood,v3_confirmation_test_template_ood_0078,2,False,editor_orthogonal_random,2.0,,2.0,True,False,,False,2.0,False,False,False,True,False,6
BART,test_template_ood,v3_confirmation_test_template_ood_0078,3,True,editor_forward,0.25,0.3125,0.3125,False,False,0.5,False,0.5,True,True,True,False,False,8
BART,test_template_ood,v3_confirmation_test_template_ood_0078,3,True,editor_reverse,0.0,0.0625,0.0625,False,False,,False,2.0,False,True,True,False,False,8
BART,test_template_ood,v3_confirmation_test_template_ood_0078,3,True,radial_orthogonal_random,0.4375,0.5,0.5,False,False,2.0,False,2.0,False,True,True,False,False,8
BART,test_template_ood,v3_confirmation_test_template_ood_0078,3,True,toward_gold,0.0625,0.125,0.125,False,False,2.0,False,2.0,False,True,True,False,False,8
BART,test_template_ood,v3_confirmation_test_template_ood_0078,3,True,editor_orthogonal_random,0.1875,0.25,0.25,False,False,,False,2.0,False,True,True,False,False,8
T5Gemma,train,v2_train_0000,1,False,editor_forward,1.125,1.25,1.25,False,True,1.5,True,1.5,False,False,False,True,True,8
T5Gemma,train,v2_train_0000,1,False,editor_reverse,0.75,0.8125,0.8125,False,False,1.5,False,1.5,False,False,True,False,False,8
T5Gemma,train,v2_train_0000,1,False,radial_orthogonal_random,2.0,,2.0,True,False,,False,2.0,False,False,False,True,False,6
T5Gemma,train,v2_train_0000,1,False,toward_gold,1.125,1.25,1.25,False,False,1.5,False,1.5,False,False,False,True,False,8
T5Gemma,train,v2_train_0000,1,False,editor_orthogonal_random,1.75,1.875,1.875,False,False,2.0,False,2.0,False,False,False,True,False,8
T5Gemma,train,v2_train_0003,1,False,editor_forward,1.0,1.125,1.125,False,True,1.5,True,1.5,False,False,False,True,True,8
T5Gemma,train,v2_train_0003,1,False,editor_reverse,0.8125,0.875,0.875,False,False,1.5,False,1.5,False,False,True,False,False,8
T5Gemma,train,v2_train_0003,1,False,radial_orthogonal_random,1.875,2.0,2.0,False,False,2.0,False,2.0,False,False,False,True,False,8
T5Gemma,train,v2_train_0003,1,False,toward_gold,1.125,1.25,1.25,False,False,1.5,False,1.5,False,False,False,True,False,8
T5Gemma,train,v2_train_0003,1,False,editor_orthogonal_random,2.0,,2.0,True,False,,False,2.0,False,False,False,True,False,6
T5Gemma,train,v2_train_0006,1,False,editor_forward,1.25,1.375,1.375,False,True,1.5,True,1.5,False,False,False,True,True,8
T5Gemma,train,v2_train_0006,1,False,editor_reverse,0.75,0.8125,0.8125,False,False,1.0,False,1.0,True,False,True,False,False,8
T5Gemma,train,v2_train_0006,1,False,radial_orthogonal_random,2.0,,2.0,True,False,,False,2.0,False,False,False,True,False,6
T5Gemma,train,v2_train_0006,1,False,toward_gold,1.0,1.125,1.125,False,False,1.5,False,1.5,False,False,False,True,False,8
T5Gemma,train,v2_train_0006,1,False,editor_orthogonal_random,2.0,,2.0,True,False,,False,2.0,False,False,False,True,False,6
T5Gemma,train,v2_train_0009,1,True,editor_forward,1.0,1.125,1.125,False,False,1.5,False,1.5,False,False,False,True,True,8
T5Gemma,train,v2_train_0009,1,True,editor_reverse,0.6875,0.75,0.75,False,False,1.5,False,1.5,False,False,True,False,False,8
T5Gemma,train,v2_train_0009,1,True,radial_orthogonal_random,2.0,,2.0,True,False,,False,2.0,False,False,False,True,False,6
T5Gemma,train,v2_train_0009,1,True,toward_gold,1.125,1.25,1.25,False,False,1.5,False,1.5,False,False,False,True,False,8
T5Gemma,train,v2_train_0009,1,True,editor_orthogonal_random,2.0,,2.0,True,False,,False,2.0,False,False,False,True,False,6
T5Gemma,train,v2_train_0012,1,False,editor_forward,1.125,1.25,1.25,False,True,1.5,True,1.5,False,False,False,True,True,8
T5Gemma,train,v2_train_0012,1,False,editor_reverse,0.6875,0.75,0.75,False,False,1.5,False,1.5,False,False,True,False,False,8
T5Gemma,train,v2_train_0012,1,False,radial_orthogonal_random,1.5,1.625,1.625,False,False,,False,2.0,False,False,False,True,False,8
T5Gemma,train,v2_train_0012,1,False,toward_gold,1.125,1.25,1.25,False,False,1.5,False,1.5,False,False,False,True,False,8
T5Gemma,train,v2_train_0012,1,False,editor_orthogonal_random,2.0,,2.0,True,False,,False,2.0,False,False,False,True,False,6
T5Gemma,train,v2_train_0015,1,False,editor_forward,1.125,1.25,1.25,False,True,1.5,True,1.5,False,False,False,True,True,8
T5Gemma,train,v2_train_0015,1,False,editor_reverse,0.6875,0.75,0.75,False,False,1.5,False,1.5,False,False,True,False,False,8
T5Gemma,train,v2_train_0015,1,False,radial_orthogonal_random,2.0,,2.0,True,False,,False,2.0,False,False,False,True,False,6
T5Gemma,train,v2_train_0015,1,False,toward_gold,1.125,1.25,1.25,False,False,1.5,False,1.5,False,False,False,True,False,8
T5Gemma,train,v2_train_0015,1,False,editor_orthogonal_random,2.0,,2.0,True,False,,False,2.0,False,False,False,True,False,6
T5Gemma,train,v2_train_0018,1,False,editor_forward,1.0,1.125,1.125,False,False,1.5,True,1.5,False,False,False,True,True,8
T5Gemma,train,v2_train_0018,1,False,editor_reverse,0.75,0.8125,0.8125,False,False,1.0,False,1.0,True,False,True,False,False,8
T5Gemma,train,v2_train_0018,1,False,radial_orthogonal_random,2.0,,2.0,True,False,,False,2.0,False,False,False,True,False,6
T5Gemma,train,v2_train_0018,1,False,toward_gold,0.9375,1.0,1.0,False,False,1.0,False,1.0,True,False,True,False,False,8
T5Gemma,train,v2_train_0018,1,False,editor_orthogonal_random,2.0,,2.0,True,False,,False,2.0,False,False,False,True,False,6
T5Gemma,train,v2_train_0021,1,False,editor_forward,1.125,1.25,1.25,False,False,1.5,False,1.5,False,False,False,True,True,8
T5Gemma,train,v2_train_0021,1,False,editor_reverse,0.6875,0.75,0.75,False,False,1.5,False,1.5,False,False,True,False,False,8
T5Gemma,train,v2_train_0021,1,False,radial_orthogonal_random,2.0,,2.0,True,False,,False,2.0,False,False,False,True,False,6
T5Gemma,train,v2_train_0021,1,False,toward_gold,0.3125,0.375,0.375,False,True,1.5,False,1.5,False,True,True,True,False,8
T5Gemma,train,v2_train_0021,1,False,editor_orthogonal_random,2.0,,2.0,True,False,,False,2.0,False,False,False,True,False,6
T5Gemma,train,v2_train_0000,2,True,editor_forward,0.0,0.0625,0.0625,False,True,0.25,True,0.25,True,True,True,True,False,8
T5Gemma,train,v2_train_0000,2,True,editor_reverse,0.4375,0.5,0.5,False,False,1.5,False,1.5,False,True,True,False,False,8
T5Gemma,train,v2_train_0000,2,True,radial_orthogonal_random,0.1875,0.25,0.25,False,True,0.25,True,0.25,True,True,True,True,False,8
T5Gemma,train,v2_train_0000,2,True,toward_gold,0.625,0.6875,0.6875,False,True,2.0,False,2.0,False,False,True,False,False,8
T5Gemma,train,v2_train_0000,2,True,editor_orthogonal_random,1.5,1.625,1.625,False,False,,False,2.0,False,False,False,True,False,8
T5Gemma,train,v2_train_0003,2,True,editor_forward,0.0,0.0625,0.0625,False,False,0.25,True,0.25,True,True,True,False,False,8
T5Gemma,train,v2_train_0003,2,True,editor_reverse,0.25,0.3125,0.3125,False,False,2.0,False,2.0,False,True,True,False,False,8
T5Gemma,train,v2_train_0003,2,True,radial_orthogonal_random,1.375,1.5,1.5,False,False,,False,2.0,False,False,False,True,False,8
T5Gemma,train,v2_train_0003,2,True,toward_gold,0.375,0.4375,0.4375,False,True,2.0,False,2.0,False,True,True,False,False,8
T5Gemma,train,v2_train_0003,2,True,editor_orthogonal_random,0.0625,0.125,0.125,False,True,0.25,True,0.25,True,True,True,False,False,8
T5Gemma,train,v2_train_0006,2,True,editor_forward,0.25,0.3125,0.3125,False,True,0.5,True,0.5,True,True,True,True,False,8
T5Gemma,train,v2_train_0006,2,True,editor_reverse,0.4375,0.5,0.5,False,False,2.0,False,2.0,False,True,True,False,False,8
T5Gemma,train,v2_train_0006,2,True,radial_orthogonal_random,0.4375,0.5,0.5,False,False,0.5,False,0.5,True,True,True,False,False,8
T5Gemma,train,v2_train_0006,2,True,toward_gold,0.4375,0.5,0.5,False,True,2.0,False,2.0,False,True,True,False,False,8
T5Gemma,train,v2_train_0006,2,True,editor_orthogonal_random,0.875,0.9375,0.9375,False,False,1.5,False,1.5,False,False,True,False,False,8
T5Gemma,train,v2_train_0012,2,True,editor_forward,0.125,0.1875,0.1875,False,True,0.25,True,0.25,True,True,True,True,False,8
T5Gemma,train,v2_train_0012,2,True,editor_reverse,0.375,0.4375,0.4375,False,False,1.5,False,1.5,False,True,True,False,False,8
T5Gemma,train,v2_train_0012,2,True,radial_orthogonal_random,1.375,1.5,1.5,False,False,1.5,False,1.5,False,False,False,True,False,8
T5Gemma,train,v2_train_0012,2,True,toward_gold,0.5625,0.625,0.625,False,True,2.0,False,2.0,False,False,True,False,False,8
T5Gemma,train,v2_train_0012,2,True,editor_orthogonal_random,0.1875,0.25,0.25,False,True,0.25,True,0.25,True,True,True,True,False,8
T5Gemma,train,v2_train_0015,2,True,editor_forward,0.0625,0.125,0.125,False,True,0.25,True,0.25,True,True,True,True,False,8
T5Gemma,train,v2_train_0015,2,True,editor_reverse,0.375,0.4375,0.4375,False,False,2.0,False,2.0,False,True,True,False,False,8
T5Gemma,train,v2_train_0015,2,True,radial_orthogonal_random,0.3125,0.375,0.375,False,False,0.5,False,0.5,True,True,True,False,False,8
T5Gemma,train,v2_train_0015,2,True,toward_gold,0.4375,0.5,0.5,False,True,2.0,False,2.0,False,True,True,False,False,8
T5Gemma,train,v2_train_0015,2,True,editor_orthogonal_random,1.375,1.5,1.5,False,False,1.5,False,1.5,False,False,False,True,False,8
T5Gemma,train,v2_train_0018,2,True,editor_forward,0.0,0.0625,0.0625,False,False,0.25,True,0.25,True,True,True,False,False,8
T5Gemma,train,v2_train_0018,2,True,editor_reverse,0.4375,0.5,0.5,False,False,1.5,False,1.5,False,True,True,False,False,8
T5Gemma,train,v2_train_0018,2,True,radial_orthogonal_random,1.5,1.625,1.625,False,False,,False,2.0,False,False,False,True,False,8
T5Gemma,train,v2_train_0018,2,True,toward_gold,0.75,0.8125,0.8125,False,True,2.0,False,2.0,False,False,True,False,False,8
T5Gemma,train,v2_train_0018,2,True,editor_orthogonal_random,1.625,1.75,1.75,False,False,2.0,False,2.0,False,False,False,True,False,8
T5Gemma,train,v2_train_0021,2,True,editor_forward,0.125,0.1875,0.1875,False,True,0.25,True,0.25,True,True,True,True,False,8
T5Gemma,train,v2_train_0021,2,True,editor_reverse,0.4375,0.5,0.5,False,False,2.0,False,2.0,False,True,True,False,False,8
T5Gemma,train,v2_train_0021,2,True,radial_orthogonal_random,0.5,0.5625,0.5625,False,False,0.75,False,0.75,True,False,True,False,False,8
T5Gemma,train,v2_train_0021,2,True,toward_gold,0.5625,0.625,0.625,False,True,2.0,False,2.0,False,False,True,False,False,8
T5Gemma,train,v2_train_0021,2,True,editor_orthogonal_random,0.125,0.1875,0.1875,False,False,0.25,False,0.25,True,True,True,False,False,8
T5Gemma,train,v2_train_0024,1,False,editor_forward,1.0,1.125,1.125,False,True,1.5,True,1.5,False,False,False,True,True,8
T5Gemma,train,v2_train_0024,1,False,editor_reverse,0.6875,0.75,0.75,False,False,1.0,False,1.0,True,False,True,False,False,8
T5Gemma,train,v2_train_0024,1,False,radial_orthogonal_random,2.0,,2.0,True,False,,False,2.0,False,False,False,True,False,6
T5Gemma,train,v2_train_0024,1,False,toward_gold,1.0,1.125,1.125,False,False,1.5,False,1.5,False,False,False,True,False,8
T5Gemma,train,v2_train_0024,1,False,editor_orthogonal_random,2.0,,2.0,True,False,,False,2.0,False,False,False,True,False,6
T5Gemma,train,v2_train_0027,1,False,editor_forward,1.0,1.125,1.125,False,True,1.5,True,1.5,False,False,False,True,True,8
T5Gemma,train,v2_train_0027,1,False,editor_reverse,0.8125,0.875,0.875,False,False,1.0,False,1.0,True,False,True,False,False,8
T5Gemma,train,v2_train_0027,1,False,radial_orthogonal_random,1.875,2.0,2.0,False,False,2.0,False,2.0,False,False,False,True,False,8
T5Gemma,train,v2_train_0027,1,False,toward_gold,1.0,1.125,1.125,False,False,1.5,False,1.5,False,False,False,True,False,8
T5Gemma,train,v2_train_0027,1,False,editor_orthogonal_random,2.0,,2.0,True,False,,False,2.0,False,False,False,True,False,6
T5Gemma,train,v2_train_0030,1,False,editor_forward,1.25,1.375,1.375,False,True,1.5,True,1.5,False,False,False,True,True,8
T5Gemma,train,v2_train_0030,1,False,editor_reverse,0.75,0.8125,0.8125,False,False,1.5,False,1.5,False,False,True,False,False,8
T5Gemma,train,v2_train_0030,1,False,radial_orthogonal_random,2.0,,2.0,True,False,,False,2.0,False,False,False,True,False,6
T5Gemma,train,v2_train_0030,1,False,toward_gold,1.125,1.25,1.25,False,False,1.5,False,1.5,False,False,False,True,False,8
T5Gemma,train,v2_train_0030,1,False,editor_orthogonal_random,2.0,,2.0,True,False,,False,2.0,False,False,False,True,False,6
T5Gemma,train,v2_train_0033,1,False,editor_forward,1.0,1.125,1.125,False,False,1.5,False,1.5,False,False,False,True,True,8
T5Gemma,train,v2_train_0033,1,False,editor_reverse,0.6875,0.75,0.75,False,False,1.5,False,1.5,False,False,True,False,False,8
T5Gemma,train,v2_train_0033,1,False,radial_orthogonal_random,2.0,,2.0,True,False,,False,2.0,False,False,False,True,False,6
T5Gemma,train,v2_train_0033,1,False,toward_gold,0.4375,0.5,0.5,False,True,1.5,False,1.5,False,True,True,True,False,8
T5Gemma,train,v2_train_0033,1,False,editor_orthogonal_random,2.0,,2.0,True,False,,False,2.0,False,False,False,True,False,6
T5Gemma,train,v2_train_0036,1,False,editor_forward,1.0,1.125,1.125,False,False,1.5,False,1.5,False,False,False,True,True,8
T5Gemma,train,v2_train_0036,1,False,editor_reverse,0.625,0.6875,0.6875,False,False,1.5,False,1.5,False,False,True,False,False,8
T5Gemma,train,v2_train_0036,1,False,radial_orthogonal_random,2.0,,2.0,True,False,,False,2.0,False,False,False,True,False,6
T5Gemma,train,v2_train_0036,1,False,toward_gold,0.25,0.3125,0.3125,False,True,1.5,False,1.5,False,True,True,True,False,8
T5Gemma,train,v2_train_0036,1,False,editor_orthogonal_random,1.375,1.5,1.5,False,False,,False,2.0,False,False,False,True,False,8
T5Gemma,train,v2_train_0039,1,False,editor_forward,1.0,1.125,1.125,False,False,1.5,False,1.5,False,False,False,True,True,8
T5Gemma,train,v2_train_0039,1,False,editor_reverse,0.6875,0.75,0.75,False,False,1.5,False,1.5,False,False,True,False,False,8
T5Gemma,train,v2_train_0039,1,False,radial_orthogonal_random,1.75,1.875,1.875,False,False,,False,2.0,False,False,False,True,False,8
T5Gemma,train,v2_train_0039,1,False,toward_gold,1.125,1.25,1.25,False,False,1.5,False,1.5,False,False,False,True,False,8
T5Gemma,train,v2_train_0039,1,False,editor_orthogonal_random,2.0,,2.0,True,False,,False,2.0,False,False,False,True,False,6
T5Gemma,train,v2_train_0042,1,True,editor_forward,0.9375,1.0,1.0,False,True,1.0,True,1.0,True,False,True,False,False,8
T5Gemma,train,v2_train_0042,1,True,editor_reverse,0.75,0.8125,0.8125,False,False,1.0,False,1.0,True,False,True,False,False,8
T5Gemma,train,v2_train_0042,1,True,radial_orthogonal_random,2.0,,2.0,True,False,,False,2.0,False,False,False,True,False,6
T5Gemma,train,v2_train_0042,1,True,toward_gold,0.9375,1.0,1.0,False,False,1.0,False,1.0,True,False,True,False,False,8
T5Gemma,train,v2_train_0042,1,True,editor_orthogonal_random,2.0,,2.0,True,False,,False,2.0,False,False,False,True,False,6
T5Gemma,train,v2_train_0045,1,False,editor_forward,1.25,1.375,1.375,False,True,1.5,True,1.5,False,False,False,True,True,8
T5Gemma,train,v2_train_0045,1,False,editor_reverse,0.6875,0.75,0.75,False,False,1.5,False,1.5,False,False,True,False,False,8
T5Gemma,train,v2_train_0045,1,False,radial_orthogonal_random,1.125,1.25,1.25,False,False,,False,2.0,False,False,False,True,False,8
T5Gemma,train,v2_train_0045,1,False,toward_gold,0.3125,0.375,0.375,False,True,1.5,False,1.5,False,True,True,True,False,8
T5Gemma,train,v2_train_0045,1,False,editor_orthogonal_random,2.0,,2.0,True,False,,False,2.0,False,False,False,True,False,6
T5Gemma,train,v2_train_0024,2,True,editor_forward,0.0,0.0625,0.0625,False,True,0.25,True,0.25,True,True,True,True,False,8
T5Gemma,train,v2_train_0024,2,True,editor_reverse,0.375,0.4375,0.4375,False,False,1.5,False,1.5,False,True,True,False,False,8
T5Gemma,train,v2_train_0024,2,True,radial_orthogonal_random,1.625,1.75,1.75,False,False,,False,2.0,False,False,False,True,False,8
T5Gemma,train,v2_train_0024,2,True,toward_gold,0.5,0.5625,0.5625,False,True,2.0,False,2.0,False,False,True,False,False,8
T5Gemma,train,v2_train_0024,2,True,editor_orthogonal_random,2.0,,2.0,True,False,,False,2.0,False,False,False,True,False,6
T5Gemma,train,v2_train_0027,2,True,editor_forward,0.0,0.0625,0.0625,False,False,0.25,True,0.25,True,True,True,False,False,8
T5Gemma,train,v2_train_0027,2,True,editor_reverse,0.375,0.4375,0.4375,False,False,2.0,False,2.0,False,True,True,False,False,8
T5Gemma,train,v2_train_0027,2,True,radial_orthogonal_random,0.4375,0.5,0.5,False,True,0.5,True,0.5,True,True,True,False,False,8
T5Gemma,train,v2_train_0027,2,True,toward_gold,0.5,0.5625,0.5625,False,True,2.0,False,2.0,False,False,True,False,False,8
T5Gemma,train,v2_train_0027,2,True,editor_orthogonal_random,1.125,1.25,1.25,False,False,1.5,False,1.5,False,False,False,True,False,8
T5Gemma,train,v2_train_0030,2,True,editor_forward,0.125,0.1875,0.1875,False,True,0.25,True,0.25,True,True,True,True,False,8
T5Gemma,train,v2_train_0030,2,True,editor_reverse,0.375,0.4375,0.4375,False,False,2.0,False,2.0,False,True,True,False,False,8
T5Gemma,train,v2_train_0030,2,True,radial_orthogonal_random,1.625,1.75,1.75,False,False,2.0,False,2.0,False,False,False,True,False,8
T5Gemma,train,v2_train_0030,2,True,toward_gold,0.375,0.4375,0.4375,False,True,2.0,False,2.0,False,True,True,False,False,8
T5Gemma,train,v2_train_0030,2,True,editor_orthogonal_random,0.5625,0.625,0.625,False,False,0.75,False,0.75,True,False,True,False,False,8
T5Gemma,train,v2_train_0033,2,True,editor_forward,0.0,0.0625,0.0625,False,False,0.25,False,0.25,True,True,True,False,False,8
T5Gemma,train,v2_train_0033,2,True,editor_reverse,0.3125,0.375,0.375,False,False,2.0,False,2.0,False,True,True,False,False,8
T5Gemma,train,v2_train_0033,2,True,radial_orthogonal_random,0.4375,0.5,0.5,False,True,0.5,True,0.5,True,True,True,False,False,8
T5Gemma,train,v2_train_0033,2,True,toward_gold,0.375,0.4375,0.4375,False,True,2.0,False,2.0,False,True,True,False,False,8
T5Gemma,train,v2_train_0033,2,True,editor_orthogonal_random,0.0625,0.125,0.125,False,False,0.25,False,0.25,True,True,True,False,False,8
T5Gemma,train,v2_train_0036,2,True,editor_forward,0.0,0.0625,0.0625,False,True,0.25,True,0.25,True,True,True,True,False,8
T5Gemma,train,v2_train_0036,2,True,editor_reverse,0.375,0.4375,0.4375,False,False,1.5,False,1.5,False,True,True,False,False,8
T5Gemma,train,v2_train_0036,2,True,radial_orthogonal_random,0.0625,0.125,0.125,False,False,0.25,False,0.25,True,True,True,False,False,8
T5Gemma,train,v2_train_0036,2,True,toward_gold,0.4375,0.5,0.5,False,True,2.0,False,2.0,False,True,True,False,False,8
T5Gemma,train,v2_train_0036,2,True,editor_orthogonal_random,0.125,0.1875,0.1875,False,False,0.25,False,0.25,True,True,True,False,False,8
T5Gemma,train,v2_train_0039,2,True,editor_forward,0.0625,0.125,0.125,False,True,0.25,True,0.25,True,True,True,True,False,8
T5Gemma,train,v2_train_0039,2,True,editor_reverse,0.375,0.4375,0.4375,False,False,2.0,False,2.0,False,True,True,False,False,8
T5Gemma,train,v2_train_0039,2,True,radial_orthogonal_random,1.25,1.375,1.375,False,False,1.5,False,1.5,False,False,False,True,False,8
T5Gemma,train,v2_train_0039,2,True,toward_gold,0.5,0.5625,0.5625,False,True,2.0,False,2.0,False,False,True,False,False,8
T5Gemma,train,v2_train_0039,2,True,editor_orthogonal_random,0.125,0.1875,0.1875,False,False,0.25,False,0.25,True,True,True,False,False,8
T5Gemma,train,v2_train_0045,2,True,editor_forward,0.1875,0.25,0.25,False,True,0.25,True,0.25,True,True,True,True,False,8
T5Gemma,train,v2_train_0045,2,True,editor_reverse,0.4375,0.5,0.5,False,False,2.0,False,2.0,False,True,True,False,False,8
T5Gemma,train,v2_train_0045,2,True,radial_orthogonal_random,0.625,0.6875,0.6875,False,True,0.75,True,0.75,True,False,True,False,False,8
T5Gemma,train,v2_train_0045,2,True,toward_gold,0.625,0.6875,0.6875,False,True,2.0,False,2.0,False,False,True,False,False,8
T5Gemma,train,v2_train_0045,2,True,editor_orthogonal_random,0.1875,0.25,0.25,False,False,0.25,False,0.25,True,True,True,False,False,8
T5Gemma,train,v2_train_0048,1,False,editor_forward,1.125,1.25,1.25,False,True,1.5,True,1.5,False,False,False,True,True,8
T5Gemma,train,v2_train_0048,1,False,editor_reverse,0.75,0.8125,0.8125,False,False,1.5,False,1.5,False,False,True,False,False,8
T5Gemma,train,v2_train_0048,1,False,radial_orthogonal_random,2.0,,2.0,True,False,,False,2.0,False,False,False,True,False,6
T5Gemma,train,v2_train_0048,1,False,toward_gold,1.125,1.25,1.25,False,False,1.5,False,1.5,False,False,False,True,False,8
T5Gemma,train,v2_train_0048,1,False,editor_orthogonal_random,2.0,,2.0,True,False,,False,2.0,False,False,False,True,False,6
T5Gemma,train,v2_train_0051,1,False,editor_forward,1.0,1.125,1.125,False,False,1.5,True,1.5,False,False,False,True,True,8
T5Gemma,train,v2_train_0051,1,False,editor_reverse,0.8125,0.875,0.875,False,False,1.0,False,1.0,True,False,True,False,False,8
T5Gemma,train,v2_train_0051,1,False,radial_orthogonal_random,2.0,,2.0,True,False,,False,2.0,False,False,False,True,False,6
T5Gemma,train,v2_train_0051,1,False,toward_gold,1.0,1.125,1.125,False,False,1.5,False,1.5,False,False,False,True,False,8
T5Gemma,train,v2_train_0051,1,False,editor_orthogonal_random,2.0,,2.0,True,False,,False,2.0,False,False,False,True,False,6
T5Gemma,train,v2_train_0054,1,False,editor_forward,2.0,,2.0,True,False,,False,2.0,False,False,False,True,True,6
T5Gemma,train,v2_train_0054,1,False,editor_reverse,0.75,0.8125,0.8125,False,False,1.5,False,1.5,False,False,True,False,False,8
T5Gemma,train,v2_train_0054,1,False,radial_orthogonal_random,2.0,,2.0,True,False,,False,2.0,False,False,False,True,False,6
T5Gemma,train,v2_train_0054,1,False,toward_gold,1.0,1.125,1.125,False,False,1.5,False,1.5,False,False,False,True,False,8
T5Gemma,train,v2_train_0054,1,False,editor_orthogonal_random,1.5,1.625,1.625,False,False,2.0,False,2.0,False,False,False,True,False,8
T5Gemma,train,v2_train_0057,1,False,editor_forward,1.0,1.125,1.125,False,False,1.5,True,1.5,False,False,False,True,True,8
T5Gemma,train,v2_train_0057,1,False,editor_reverse,0.6875,0.75,0.75,False,False,1.5,False,1.5,False,False,True,False,False,8
T5Gemma,train,v2_train_0057,1,False,radial_orthogonal_random,2.0,,2.0,True,False,,False,2.0,False,False,False,True,False,6
T5Gemma,train,v2_train_0057,1,False,toward_gold,1.125,1.25,1.25,False,False,1.5,False,1.5,False,False,False,True,False,8
T5Gemma,train,v2_train_0057,1,False,editor_orthogonal_random,2.0,,2.0,True,False,,False,2.0,False,False,False,True,False,6
T5Gemma,train,v2_train_0060,1,False,editor_forward,1.0,1.125,1.125,False,True,1.5,True,1.5,False,False,False,True,True,8
T5Gemma,train,v2_train_0060,1,False,editor_reverse,0.6875,0.75,0.75,False,False,1.5,False,1.5,False,False,True,False,False,8
T5Gemma,train,v2_train_0060,1,False,radial_orthogonal_random,1.75,1.875,1.875,False,False,2.0,False,2.0,False,False,False,True,False,8
T5Gemma,train,v2_train_0060,1,False,toward_gold,1.125,1.25,1.25,False,False,1.5,False,1.5,False,False,False,True,False,8
T5Gemma,train,v2_train_0060,1,False,editor_orthogonal_random,1.75,1.875,1.875,False,False,,False,2.0,False,False,False,True,False,8
T5Gemma,train,v2_train_0063,1,False,editor_forward,1.125,1.25,1.25,False,True,1.5,True,1.5,False,False,False,True,True,8
T5Gemma,train,v2_train_0063,1,False,editor_reverse,0.6875,0.75,0.75,False,False,1.5,False,1.5,False,False,True,False,False,8
T5Gemma,train,v2_train_0063,1,False,radial_orthogonal_random,2.0,,2.0,True,False,,False,2.0,False,False,False,True,False,6
T5Gemma,train,v2_train_0063,1,False,toward_gold,1.25,1.375,1.375,False,False,1.5,False,1.5,False,False,False,True,False,8
T5Gemma,train,v2_train_0063,1,False,editor_orthogonal_random,1.875,2.0,2.0,False,False,,False,2.0,False,False,False,True,False,8
T5Gemma,train,v2_train_0066,1,False,editor_forward,1.0,1.125,1.125,False,True,1.5,True,1.5,False,False,False,True,True,8
T5Gemma,train,v2_train_0066,1,False,editor_reverse,0.6875,0.75,0.75,False,False,1.5,False,1.5,False,False,True,False,False,8
T5Gemma,train,v2_train_0066,1,False,radial_orthogonal_random,1.875,2.0,2.0,False,False,2.0,False,2.0,False,False,False,True,False,8
T5Gemma,train,v2_train_0066,1,False,toward_gold,0.375,0.4375,0.4375,False,True,1.5,False,1.5,False,True,True,True,False,8
T5Gemma,train,v2_train_0066,1,False,editor_orthogonal_random,1.625,1.75,1.75,False,False,,False,2.0,False,False,False,True,False,8
T5Gemma,train,v2_train_0069,1,False,editor_forward,1.25,1.375,1.375,False,True,1.5,True,1.5,False,False,False,True,True,8
T5Gemma,train,v2_train_0069,1,False,editor_reverse,0.6875,0.75,0.75,False,False,1.5,False,1.5,False,False,True,False,False,8
T5Gemma,train,v2_train_0069,1,False,radial_orthogonal_random,2.0,,2.0,True,False,,False,2.0,False,False,False,True,False,6
T5Gemma,train,v2_train_0069,1,False,toward_gold,0.3125,0.375,0.375,False,True,1.5,False,1.5,False,True,True,True,False,8
T5Gemma,train,v2_train_0069,1,False,editor_orthogonal_random,2.0,,2.0,True,False,,False,2.0,False,False,False,True,False,6
T5Gemma,train,v2_train_0048,2,True,editor_forward,0.125,0.1875,0.1875,False,False,0.25,True,0.25,True,True,True,False,False,8
T5Gemma,train,v2_train_0048,2,True,editor_reverse,0.375,0.4375,0.4375,False,False,2.0,False,2.0,False,True,True,False,False,8
T5Gemma,train,v2_train_0048,2,True,radial_orthogonal_random,0.625,0.6875,0.6875,False,True,0.75,True,0.75,True,False,True,False,False,8
T5Gemma,train,v2_train_0048,2,True,toward_gold,0.6875,0.75,0.75,False,True,2.0,False,2.0,False,False,True,False,False,8
T5Gemma,train,v2_train_0048,2,True,editor_orthogonal_random,0.3125,0.375,0.375,False,False,0.5,False,0.5,True,True,True,False,False,8
T5Gemma,train,v2_train_0051,2,True,editor_forward,0.0,0.0625,0.0625,False,False,0.25,True,0.25,True,True,True,False,False,8
T5Gemma,train,v2_train_0051,2,True,editor_reverse,0.3125,0.375,0.375,False,False,2.0,False,2.0,False,True,True,False,False,8
T5Gemma,train,v2_train_0051,2,True,radial_orthogonal_random,0.9375,1.0,1.0,False,False,1.5,False,1.5,False,False,True,False,False,8
T5Gemma,train,v2_train_0051,2,True,toward_gold,0.4375,0.5,0.5,False,True,2.0,False,2.0,False,True,True,False,False,8
T5Gemma,train,v2_train_0051,2,True,editor_orthogonal_random,1.75,1.875,1.875,False,False,2.0,False,2.0,False,False,False,True,False,8
T5Gemma,train,v2_train_0054,2,True,editor_forward,0.8125,0.875,0.875,False,False,1.5,False,1.5,False,False,True,False,False,8
T5Gemma,train,v2_train_0054,2,True,editor_reverse,0.375,0.4375,0.4375,False,False,2.0,False,2.0,False,True,True,False,False,8
T5Gemma,train,v2_train_0054,2,True,radial_orthogonal_random,1.625,1.75,1.75,False,False,2.0,False,2.0,False,False,False,True,False,8
T5Gemma,train,v2_train_0054,2,True,toward_gold,1.625,1.75,1.75,False,False,2.0,False,2.0,False,False,False,True,True,8
T5Gemma,train,v2_train_0054,2,True,editor_orthogonal_random,1.375,1.5,1.5,False,False,1.5,False,1.5,False,False,False,True,False,8
T5Gemma,train,v2_train_0057,2,True,editor_forward,0.0,0.0625,0.0625,False,False,0.25,False,0.25,True,True,True,False,False,8
T5Gemma,train,v2_train_0057,2,True,editor_reverse,0.3125,0.375,0.375,False,False,2.0,False,2.0,False,True,True,False,False,8
T5Gemma,train,v2_train_0057,2,True,radial_orthogonal_random,0.0625,0.125,0.125,False,False,0.25,False,0.25,True,True,True,False,False,8
T5Gemma,train,v2_train_0057,2,True,toward_gold,0.5,0.5625,0.5625,False,True,2.0,False,2.0,False,False,True,False,False,8
T5Gemma,train,v2_train_0057,2,True,editor_orthogonal_random,0.0625,0.125,0.125,False,True,0.25,True,0.25,True,True,True,False,False,8
T5Gemma,train,v2_train_0060,2,True,editor_forward,0.0,0.0625,0.0625,False,True,0.25,True,0.25,True,True,True,True,False,8
T5Gemma,train,v2_train_0060,2,True,editor_reverse,0.375,0.4375,0.4375,False,False,2.0,False,2.0,False,True,True,False,False,8
T5Gemma,train,v2_train_0060,2,True,radial_orthogonal_random,1.875,2.0,2.0,False,False,2.0,False,2.0,False,False,False,True,False,8
T5Gemma,train,v2_train_0060,2,True,toward_gold,0.5,0.5625,0.5625,False,True,2.0,False,2.0,False,False,True,False,False,8
T5Gemma,train,v2_train_0060,2,True,editor_orthogonal_random,1.75,1.875,1.875,False,False,2.0,False,2.0,False,False,False,True,False,8
T5Gemma,train,v2_train_0063,2,True,editor_forward,0.0625,0.125,0.125,False,True,0.25,True,0.25,True,True,True,True,False,8
T5Gemma,train,v2_train_0063,2,True,editor_reverse,0.375,0.4375,0.4375,False,False,2.0,False,2.0,False,True,True,False,False,8
T5Gemma,train,v2_train_0063,2,True,radial_orthogonal_random,0.625,0.6875,0.6875,False,False,0.75,False,0.75,True,False,True,False,False,8
T5Gemma,train,v2_train_0063,2,True,toward_gold,0.5,0.5625,0.5625,False,True,2.0,False,2.0,False,False,True,False,False,8
T5Gemma,train,v2_train_0063,2,True,editor_orthogonal_random,1.875,2.0,2.0,False,False,2.0,False,2.0,False,False,False,True,False,8
T5Gemma,train,v2_train_0066,2,True,editor_forward,0.0,0.0625,0.0625,False,True,0.25,True,0.25,True,True,True,True,False,8
T5Gemma,train,v2_train_0066,2,True,editor_reverse,0.4375,0.5,0.5,False,False,1.5,False,1.5,False,True,True,False,False,8
T5Gemma,train,v2_train_0066,2,True,radial_orthogonal_random,1.875,2.0,2.0,False,False,2.0,False,2.0,False,False,False,True,False,8
T5Gemma,train,v2_train_0066,2,True,toward_gold,0.5625,0.625,0.625,False,True,2.0,False,2.0,False,False,True,False,False,8
T5Gemma,train,v2_train_0066,2,True,editor_orthogonal_random,0.125,0.1875,0.1875,False,False,0.25,False,0.25,True,True,True,False,False,8
T5Gemma,train,v2_train_0069,2,True,editor_forward,0.1875,0.25,0.25,False,True,0.25,True,0.25,True,True,True,True,False,8
T5Gemma,train,v2_train_0069,2,True,editor_reverse,0.4375,0.5,0.5,False,False,2.0,False,2.0,False,True,True,False,False,8
T5Gemma,train,v2_train_0069,2,True,radial_orthogonal_random,1.75,1.875,1.875,False,False,2.0,False,2.0,False,False,False,True,False,8
T5Gemma,train,v2_train_0069,2,True,toward_gold,0.625,0.6875,0.6875,False,True,2.0,False,2.0,False,False,True,False,False,8
T5Gemma,train,v2_train_0069,2,True,editor_orthogonal_random,0.5625,0.625,0.625,False,True,0.75,True,0.75,True,False,True,False,False,8
T5Gemma,dev,v2_dev_0000,1,False,editor_forward,1.0,1.125,1.125,False,False,1.5,True,1.5,False,False,False,True,True,8
T5Gemma,dev,v2_dev_0000,1,False,editor_reverse,0.75,0.8125,0.8125,False,False,1.0,False,1.0,True,False,True,False,False,8
T5Gemma,dev,v2_dev_0000,1,False,radial_orthogonal_random,2.0,,2.0,True,False,,False,2.0,False,False,False,True,False,6
T5Gemma,dev,v2_dev_0000,1,False,toward_gold,1.0,1.125,1.125,False,False,1.5,False,1.5,False,False,False,True,False,8
T5Gemma,dev,v2_dev_0000,1,False,editor_orthogonal_random,2.0,,2.0,True,False,,False,2.0,False,False,False,True,False,6
T5Gemma,dev,v2_dev_0003,1,False,editor_forward,0.9375,1.0,1.0,False,False,1.0,False,1.0,True,False,True,False,False,8
T5Gemma,dev,v2_dev_0003,1,False,editor_reverse,0.8125,0.875,0.875,False,False,1.5,False,1.5,False,False,True,False,False,8
T5Gemma,dev,v2_dev_0003,1,False,radial_orthogonal_random,2.0,,2.0,True,False,,False,2.0,False,False,False,True,False,6
T5Gemma,dev,v2_dev_0003,1,False,toward_gold,1.125,1.25,1.25,False,False,1.5,False,1.5,False,False,False,True,False,8
T5Gemma,dev,v2_dev_0003,1,False,editor_orthogonal_random,2.0,,2.0,True,False,,False,2.0,False,False,False,True,False,6
T5Gemma,dev,v2_dev_0006,1,False,editor_forward,1.125,1.25,1.25,False,False,1.5,True,1.5,False,False,False,True,True,8
T5Gemma,dev,v2_dev_0006,1,False,editor_reverse,0.75,0.8125,0.8125,False,False,1.0,False,1.0,True,False,True,False,False,8
T5Gemma,dev,v2_dev_0006,1,False,radial_orthogonal_random,2.0,,2.0,True,False,,False,2.0,False,False,False,True,False,6
T5Gemma,dev,v2_dev_0006,1,False,toward_gold,1.0,1.125,1.125,False,False,1.5,False,1.5,False,False,False,True,False,8
T5Gemma,dev,v2_dev_0006,1,False,editor_orthogonal_random,2.0,,2.0,True,False,,False,2.0,False,False,False,True,False,6
T5Gemma,dev,v2_dev_0009,1,False,editor_forward,1.0,1.125,1.125,False,False,1.5,False,1.5,False,False,False,True,True,8
T5Gemma,dev,v2_dev_0009,1,False,editor_reverse,0.6875,0.75,0.75,False,False,1.5,False,1.5,False,False,True,False,False,8
T5Gemma,dev,v2_dev_0009,1,False,radial_orthogonal_random,2.0,,2.0,True,False,,False,2.0,False,False,False,True,False,6
T5Gemma,dev,v2_dev_0009,1,False,toward_gold,1.25,1.375,1.375,False,False,1.5,False,1.5,False,False,False,True,False,8
T5Gemma,dev,v2_dev_0009,1,False,editor_orthogonal_random,2.0,,2.0,True,False,,False,2.0,False,False,False,True,False,6
T5Gemma,dev,v2_dev_0012,1,True,editor_forward,0.9375,1.0,1.0,False,True,1.0,True,1.0,True,False,True,False,False,8
T5Gemma,dev,v2_dev_0012,1,True,editor_reverse,0.75,0.8125,0.8125,False,False,1.5,False,1.5,False,False,True,False,False,8
T5Gemma,dev,v2_dev_0012,1,True,radial_orthogonal_random,2.0,,2.0,True,False,,False,2.0,False,False,False,True,False,6
T5Gemma,dev,v2_dev_0012,1,True,toward_gold,1.125,1.25,1.25,False,False,1.5,False,1.5,False,False,False,True,False,8
T5Gemma,dev,v2_dev_0012,1,True,editor_orthogonal_random,1.625,1.75,1.75,False,False,,False,2.0,False,False,False,True,False,8
T5Gemma,dev,v2_dev_0015,1,False,editor_forward,1.0,1.125,1.125,False,True,1.5,True,1.5,False,False,False,True,True,8
T5Gemma,dev,v2_dev_0015,1,False,editor_reverse,0.6875,0.75,0.75,False,False,1.5,False,1.5,False,False,True,False,False,8
T5Gemma,dev,v2_dev_0015,1,False,radial_orthogonal_random,2.0,,2.0,True,False,,False,2.0,False,False,False,True,False,6
T5Gemma,dev,v2_dev_0015,1,False,toward_gold,1.125,1.25,1.25,False,False,1.5,False,1.5,False,False,False,True,False,8
T5Gemma,dev,v2_dev_0015,1,False,editor_orthogonal_random,2.0,,2.0,True,False,,False,2.0,False,False,False,True,False,6
T5Gemma,dev,v2_dev_0018,1,False,editor_forward,1.0,1.125,1.125,False,True,1.5,True,1.5,False,False,False,True,True,8
T5Gemma,dev,v2_dev_0018,1,False,editor_reverse,0.75,0.8125,0.8125,False,False,1.0,False,1.0,True,False,True,False,False,8
T5Gemma,dev,v2_dev_0018,1,False,radial_orthogonal_random,1.5,1.625,1.625,False,False,,False,2.0,False,False,False,True,False,8
T5Gemma,dev,v2_dev_0018,1,False,toward_gold,0.9375,1.0,1.0,False,False,1.0,False,1.0,True,False,True,False,False,8
T5Gemma,dev,v2_dev_0018,1,False,editor_orthogonal_random,2.0,,2.0,True,False,,False,2.0,False,False,False,True,False,6
T5Gemma,dev,v2_dev_0021,1,False,editor_forward,1.125,1.25,1.25,False,False,1.5,False,1.5,False,False,False,True,True,8
T5Gemma,dev,v2_dev_0021,1,False,editor_reverse,0.6875,0.75,0.75,False,False,1.0,False,1.0,True,False,True,False,False,8
T5Gemma,dev,v2_dev_0021,1,False,radial_orthogonal_random,1.75,1.875,1.875,False,False,,False,2.0,False,False,False,True,False,8
T5Gemma,dev,v2_dev_0021,1,False,toward_gold,0.3125,0.375,0.375,False,True,1.5,False,1.5,False,True,True,True,False,8
T5Gemma,dev,v2_dev_0021,1,False,editor_orthogonal_random,2.0,,2.0,True,False,,False,2.0,False,False,False,True,False,6
T5Gemma,dev,v2_dev_0000,2,True,editor_forward,0.0625,0.125,0.125,False,False,0.25,True,0.25,True,True,True,False,False,8
T5Gemma,dev,v2_dev_0000,2,True,editor_reverse,0.375,0.4375,0.4375,False,False,1.5,False,1.5,False,True,True,False,False,8
T5Gemma,dev,v2_dev_0000,2,True,radial_orthogonal_random,1.625,1.75,1.75,False,False,2.0,False,2.0,False,False,False,True,False,8
T5Gemma,dev,v2_dev_0000,2,True,toward_gold,0.875,0.9375,0.9375,False,True,2.0,False,2.0,False,False,True,False,False,8
T5Gemma,dev,v2_dev_0000,2,True,editor_orthogonal_random,1.75,1.875,1.875,False,False,2.0,False,2.0,False,False,False,True,False,8
T5Gemma,dev,v2_dev_0003,2,True,editor_forward,0.0,0.0625,0.0625,False,False,0.25,True,0.25,True,True,True,False,False,8
T5Gemma,dev,v2_dev_0003,2,True,editor_reverse,0.375,0.4375,0.4375,False,False,2.0,False,2.0,False,True,True,False,False,8
T5Gemma,dev,v2_dev_0003,2,True,radial_orthogonal_random,0.75,0.8125,0.8125,False,False,1.5,True,1.5,False,False,True,False,False,8
T5Gemma,dev,v2_dev_0003,2,True,toward_gold,0.5,0.5625,0.5625,False,True,2.0,False,2.0,False,False,True,False,False,8
T5Gemma,dev,v2_dev_0003,2,True,editor_orthogonal_random,1.0,1.125,1.125,False,False,1.5,False,1.5,False,False,False,True,False,8
T5Gemma,dev,v2_dev_0006,2,True,editor_forward,0.1875,0.25,0.25,False,False,0.25,True,0.25,True,True,True,False,False,8
T5Gemma,dev,v2_dev_0006,2,True,editor_reverse,0.4375,0.5,0.5,False,False,2.0,False,2.0,False,True,True,False,False,8
T5Gemma,dev,v2_dev_0006,2,True,radial_orthogonal_random,2.0,,2.0,True,False,,False,2.0,False,False,False,True,False,6
T5Gemma,dev,v2_dev_0006,2,True,toward_gold,0.875,0.9375,0.9375,False,True,2.0,False,2.0,False,False,True,False,False,8
T5Gemma,dev,v2_dev_0006,2,True,editor_orthogonal_random,2.0,,2.0,True,False,,False,2.0,False,False,False,True,False,6
T5Gemma,dev,v2_dev_0009,2,True,editor_forward,0.0,0.0625,0.0625,False,False,0.25,False,0.25,True,True,True,False,False,8
T5Gemma,dev,v2_dev_0009,2,True,editor_reverse,0.375,0.4375,0.4375,False,False,2.0,False,2.0,False,True,True,False,False,8
T5Gemma,dev,v2_dev_0009,2,True,radial_orthogonal_random,0.125,0.1875,0.1875,False,False,0.25,False,0.25,True,True,True,False,False,8
T5Gemma,dev,v2_dev_0009,2,True,toward_gold,0.5625,0.625,0.625,False,True,2.0,False,2.0,False,False,True,False,False,8
T5Gemma,dev,v2_dev_0009,2,True,editor_orthogonal_random,0.0,0.0625,0.0625,False,True,0.25,True,0.25,True,True,True,False,False,8
T5Gemma,dev,v2_dev_0015,2,True,editor_forward,0.0,0.0625,0.0625,False,True,0.25,True,0.25,True,True,True,True,False,8
T5Gemma,dev,v2_dev_0015,2,True,editor_reverse,0.375,0.4375,0.4375,False,False,2.0,False,2.0,False,True,True,False,False,8
T5Gemma,dev,v2_dev_0015,2,True,radial_orthogonal_random,0.1875,0.25,0.25,False,False,0.25,False,0.25,True,True,True,False,False,8
T5Gemma,dev,v2_dev_0015,2,True,toward_gold,0.4375,0.5,0.5,False,True,2.0,False,2.0,False,True,True,False,False,8
T5Gemma,dev,v2_dev_0015,2,True,editor_orthogonal_random,0.5625,0.625,0.625,False,False,0.75,False,0.75,True,False,True,False,False,8
T5Gemma,dev,v2_dev_0018,2,True,editor_forward,0.0,0.0625,0.0625,False,True,0.25,True,0.25,True,True,True,True,False,8
T5Gemma,dev,v2_dev_0018,2,True,editor_reverse,0.4375,0.5,0.5,False,False,1.5,False,1.5,False,True,True,False,False,8
T5Gemma,dev,v2_dev_0018,2,True,radial_orthogonal_random,0.0625,0.125,0.125,False,True,0.25,True,0.25,True,True,True,True,False,8
T5Gemma,dev,v2_dev_0018,2,True,toward_gold,0.6875,0.75,0.75,False,True,2.0,False,2.0,False,False,True,False,False,8
T5Gemma,dev,v2_dev_0018,2,True,editor_orthogonal_random,1.75,1.875,1.875,False,False,2.0,False,2.0,False,False,False,True,False,8
T5Gemma,dev,v2_dev_0021,2,True,editor_forward,0.125,0.1875,0.1875,False,True,0.25,True,0.25,True,True,True,True,False,8
T5Gemma,dev,v2_dev_0021,2,True,editor_reverse,0.375,0.4375,0.4375,False,False,2.0,False,2.0,False,True,True,False,False,8
T5Gemma,dev,v2_dev_0021,2,True,radial_orthogonal_random,1.125,1.25,1.25,False,False,2.0,False,2.0,False,False,False,True,False,8
T5Gemma,dev,v2_dev_0021,2,True,toward_gold,0.5625,0.625,0.625,False,True,2.0,False,2.0,False,False,True,False,False,8
T5Gemma,dev,v2_dev_0021,2,True,editor_orthogonal_random,2.0,,2.0,True,False,,False,2.0,False,False,False,True,False,6
T5Gemma,dev,v2_dev_0024,1,False,editor_forward,1.125,1.25,1.25,False,False,1.5,True,1.5,False,False,False,True,True,8
T5Gemma,dev,v2_dev_0024,1,False,editor_reverse,0.75,0.8125,0.8125,False,False,1.5,False,1.5,False,False,True,False,False,8
T5Gemma,dev,v2_dev_0024,1,False,radial_orthogonal_random,2.0,,2.0,True,False,,False,2.0,False,False,False,True,False,6
T5Gemma,dev,v2_dev_0024,1,False,toward_gold,1.0,1.125,1.125,False,False,1.5,False,1.5,False,False,False,True,False,8
T5Gemma,dev,v2_dev_0024,1,False,editor_orthogonal_random,2.0,,2.0,True,False,,False,2.0,False,False,False,True,False,6
T5Gemma,dev,v2_dev_0027,1,False,editor_forward,1.0,1.125,1.125,False,True,1.5,True,1.5,False,False,False,True,True,8
T5Gemma,dev,v2_dev_0027,1,False,editor_reverse,0.8125,0.875,0.875,False,False,1.5,False,1.5,False,False,True,False,False,8
T5Gemma,dev,v2_dev_0027,1,False,radial_orthogonal_random,2.0,,2.0,True,False,,False,2.0,False,False,False,True,False,6
T5Gemma,dev,v2_dev_0027,1,False,toward_gold,1.25,1.375,1.375,False,False,1.5,False,1.5,False,False,False,True,False,8
T5Gemma,dev,v2_dev_0027,1,False,editor_orthogonal_random,2.0,,2.0,True,False,,False,2.0,False,False,False,True,False,6
T5Gemma,dev,v2_dev_0030,1,False,editor_forward,1.25,1.375,1.375,False,False,1.5,False,1.5,False,False,False,True,True,8
T5Gemma,dev,v2_dev_0030,1,False,editor_reverse,0.6875,0.75,0.75,False,False,1.5,False,1.5,False,False,True,False,False,8
T5Gemma,dev,v2_dev_0030,1,False,radial_orthogonal_random,2.0,,2.0,True,False,,False,2.0,False,False,False,True,False,6
T5Gemma,dev,v2_dev_0030,1,False,toward_gold,1.0,1.125,1.125,False,False,1.5,False,1.5,False,False,False,True,False,8
T5Gemma,dev,v2_dev_0030,1,False,editor_orthogonal_random,2.0,,2.0,True,False,,False,2.0,False,False,False,True,False,6
T5Gemma,dev,v2_dev_0033,1,False,editor_forward,1.0,1.125,1.125,False,False,1.5,False,1.5,False,False,False,True,True,8
T5Gemma,dev,v2_dev_0033,1,False,editor_reverse,0.6875,0.75,0.75,False,False,1.5,False,1.5,False,False,True,False,False,8
T5Gemma,dev,v2_dev_0033,1,False,radial_orthogonal_random,2.0,,2.0,True,False,,False,2.0,False,False,False,True,False,6
T5Gemma,dev,v2_dev_0033,1,False,toward_gold,0.4375,0.5,0.5,False,True,1.5,False,1.5,False,True,True,True,False,8
T5Gemma,dev,v2_dev_0033,1,False,editor_orthogonal_random,2.0,,2.0,True,False,,False,2.0,False,False,False,True,False,6
T5Gemma,dev,v2_dev_0024,2,True,editor_forward,0.0625,0.125,0.125,False,False,0.25,True,0.25,True,True,True,False,False,8
T5Gemma,dev,v2_dev_0024,2,True,editor_reverse,0.4375,0.5,0.5,False,False,1.5,False,1.5,False,True,True,False,False,8
T5Gemma,dev,v2_dev_0024,2,True,radial_orthogonal_random,1.5,1.625,1.625,False,False,,False,2.0,False,False,False,True,False,8
T5Gemma,dev,v2_dev_0024,2,True,toward_gold,0.6875,0.75,0.75,False,True,2.0,False,2.0,False,False,True,False,False,8
T5Gemma,dev,v2_dev_0024,2,True,editor_orthogonal_random,0.25,0.3125,0.3125,False,False,0.5,False,0.5,True,True,True,False,False,8
T5Gemma,dev,v2_dev_0027,2,True,editor_forward,0.0,0.0625,0.0625,False,True,0.25,True,0.25,True,True,True,True,False,8
T5Gemma,dev,v2_dev_0027,2,True,editor_reverse,0.375,0.4375,0.4375,False,False,2.0,False,2.0,False,True,True,False,False,8
T5Gemma,dev,v2_dev_0027,2,True,radial_orthogonal_random,0.0,0.0625,0.0625,False,False,0.25,False,0.25,True,True,True,False,False,8
T5Gemma,dev,v2_dev_0027,2,True,toward_gold,0.4375,0.5,0.5,False,True,2.0,False,2.0,False,True,True,False,False,8
T5Gemma,dev,v2_dev_0027,2,True,editor_orthogonal_random,2.0,,2.0,True,False,,False,2.0,False,False,False,True,False,6
T5Gemma,dev,v2_dev_0030,2,True,editor_forward,0.1875,0.25,0.25,False,False,0.25,False,0.25,True,True,True,False,False,8
T5Gemma,dev,v2_dev_0030,2,True,editor_reverse,0.375,0.4375,0.4375,False,False,2.0,False,2.0,False,True,True,False,False,8
T5Gemma,dev,v2_dev_0030,2,True,radial_orthogonal_random,1.875,2.0,2.0,False,False,2.0,False,2.0,False,False,False,True,False,8
T5Gemma,dev,v2_dev_0030,2,True,toward_gold,0.375,0.4375,0.4375,False,True,2.0,False,2.0,False,True,True,False,False,8
T5Gemma,dev,v2_dev_0030,2,True,editor_orthogonal_random,0.375,0.4375,0.4375,False,False,0.5,False,0.5,True,True,True,False,False,8
T5Gemma,dev,v2_dev_0033,2,True,editor_forward,0.0,0.0625,0.0625,False,False,0.25,False,0.25,True,True,True,False,False,8
T5Gemma,dev,v2_dev_0033,2,True,editor_reverse,0.3125,0.375,0.375,False,False,2.0,False,2.0,False,True,True,False,False,8
T5Gemma,dev,v2_dev_0033,2,True,radial_orthogonal_random,1.875,2.0,2.0,False,False,2.0,False,2.0,False,False,False,True,False,8
T5Gemma,dev,v2_dev_0033,2,True,toward_gold,0.3125,0.375,0.375,False,True,2.0,False,2.0,False,True,True,False,False,8
T5Gemma,dev,v2_dev_0033,2,True,editor_orthogonal_random,0.9375,1.0,1.0,False,False,1.5,False,1.5,False,False,True,False,False,8
T5Gemma,test_iid,v3_confirmation_test_iid_0000,1,False,editor_forward,1.0,1.125,1.125,False,True,1.5,True,1.5,False,False,False,True,True,8
T5Gemma,test_iid,v3_confirmation_test_iid_0000,1,False,editor_reverse,0.75,0.8125,0.8125,False,False,1.0,False,1.0,True,False,True,False,False,8
T5Gemma,test_iid,v3_confirmation_test_iid_0000,1,False,radial_orthogonal_random,1.75,1.875,1.875,False,False,,False,2.0,False,False,False,True,False,8
T5Gemma,test_iid,v3_confirmation_test_iid_0000,1,False,toward_gold,1.0,1.125,1.125,False,False,1.5,False,1.5,False,False,False,True,False,8
T5Gemma,test_iid,v3_confirmation_test_iid_0000,1,False,editor_orthogonal_random,1.625,1.75,1.75,False,False,,False,2.0,False,False,False,True,False,8
T5Gemma,test_iid,v3_confirmation_test_iid_0002,1,True,editor_forward,1.0,1.125,1.125,False,True,1.5,True,1.5,False,False,False,True,True,8
T5Gemma,test_iid,v3_confirmation_test_iid_0002,1,True,editor_reverse,0.6875,0.75,0.75,False,False,1.0,False,1.0,True,False,True,False,False,8
T5Gemma,test_iid,v3_confirmation_test_iid_0002,1,True,radial_orthogonal_random,2.0,,2.0,True,False,,False,2.0,False,False,False,True,False,6
T5Gemma,test_iid,v3_confirmation_test_iid_0002,1,True,toward_gold,1.0,1.125,1.125,False,False,1.5,False,1.5,False,False,False,True,False,8
T5Gemma,test_iid,v3_confirmation_test_iid_0002,1,True,editor_orthogonal_random,2.0,,2.0,True,False,,False,2.0,False,False,False,True,False,6
T5Gemma,test_iid,v3_confirmation_test_iid_0003,1,False,editor_forward,1.0,1.125,1.125,False,True,1.5,True,1.5,False,False,False,True,True,8
T5Gemma,test_iid,v3_confirmation_test_iid_0003,1,False,editor_reverse,0.8125,0.875,0.875,False,False,1.0,False,1.0,True,False,True,False,False,8
T5Gemma,test_iid,v3_confirmation_test_iid_0003,1,False,radial_orthogonal_random,2.0,,2.0,True,False,,False,2.0,False,False,False,True,False,6
T5Gemma,test_iid,v3_confirmation_test_iid_0003,1,False,toward_gold,1.0,1.125,1.125,False,False,1.5,False,1.5,False,False,False,True,False,8
T5Gemma,test_iid,v3_confirmation_test_iid_0003,1,False,editor_orthogonal_random,2.0,,2.0,True,False,,False,2.0,False,False,False,True,False,6
T5Gemma,test_iid,v3_confirmation_test_iid_0005,1,False,editor_forward,1.0,1.125,1.125,False,True,1.5,True,1.5,False,False,False,True,True,8
T5Gemma,test_iid,v3_confirmation_test_iid_0005,1,False,editor_reverse,0.8125,0.875,0.875,False,False,1.5,False,1.5,False,False,True,False,False,8
T5Gemma,test_iid,v3_confirmation_test_iid_0005,1,False,radial_orthogonal_random,2.0,,2.0,True,False,,False,2.0,False,False,False,True,False,6
T5Gemma,test_iid,v3_confirmation_test_iid_0005,1,False,toward_gold,1.125,1.25,1.25,False,False,1.5,False,1.5,False,False,False,True,False,8
T5Gemma,test_iid,v3_confirmation_test_iid_0005,1,False,editor_orthogonal_random,2.0,,2.0,True,False,,False,2.0,False,False,False,True,False,6
T5Gemma,test_iid,v3_confirmation_test_iid_0006,1,False,editor_forward,1.25,1.375,1.375,False,False,1.5,False,1.5,False,False,False,True,True,8
T5Gemma,test_iid,v3_confirmation_test_iid_0006,1,False,editor_reverse,0.75,0.8125,0.8125,False,False,1.5,False,1.5,False,False,True,False,False,8
T5Gemma,test_iid,v3_confirmation_test_iid_0006,1,False,radial_orthogonal_random,2.0,,2.0,True,False,,False,2.0,False,False,False,True,False,6
T5Gemma,test_iid,v3_confirmation_test_iid_0006,1,False,toward_gold,1.0,1.125,1.125,False,False,1.5,False,1.5,False,False,False,True,False,8
T5Gemma,test_iid,v3_confirmation_test_iid_0006,1,False,editor_orthogonal_random,2.0,,2.0,True,False,,False,2.0,False,False,False,True,False,6
T5Gemma,test_iid,v3_confirmation_test_iid_0008,1,False,editor_forward,1.25,1.375,1.375,False,False,1.5,True,1.5,False,False,False,True,True,8
T5Gemma,test_iid,v3_confirmation_test_iid_0008,1,False,editor_reverse,0.75,0.8125,0.8125,False,False,1.0,False,1.0,True,False,True,False,False,8
T5Gemma,test_iid,v3_confirmation_test_iid_0008,1,False,radial_orthogonal_random,1.625,1.75,1.75,False,False,2.0,False,2.0,False,False,False,True,False,8
T5Gemma,test_iid,v3_confirmation_test_iid_0008,1,False,toward_gold,1.0,1.125,1.125,False,False,1.5,False,1.5,False,False,False,True,False,8
T5Gemma,test_iid,v3_confirmation_test_iid_0008,1,False,editor_orthogonal_random,2.0,,2.0,True,False,,False,2.0,False,False,False,True,False,6
T5Gemma,test_iid,v3_confirmation_test_iid_0009,1,False,editor_forward,1.125,1.25,1.25,False,False,1.5,False,1.5,False,False,False,True,True,8
T5Gemma,test_iid,v3_confirmation_test_iid_0009,1,False,editor_reverse,0.6875,0.75,0.75,False,False,1.5,False,1.5,False,False,True,False,False,8
T5Gemma,test_iid,v3_confirmation_test_iid_0009,1,False,radial_orthogonal_random,2.0,,2.0,True,False,,False,2.0,False,False,False,True,False,6
T5Gemma,test_iid,v3_confirmation_test_iid_0009,1,False,toward_gold,0.4375,0.5,0.5,False,True,1.5,False,1.5,False,True,True,True,False,8
T5Gemma,test_iid,v3_confirmation_test_iid_0009,1,False,editor_orthogonal_random,1.125,1.25,1.25,False,False,,False,2.0,False,False,False,True,False,8
T5Gemma,test_iid,v3_confirmation_test_iid_0011,1,True,editor_forward,1.0,1.125,1.125,False,False,1.5,False,1.5,False,False,False,True,True,8
T5Gemma,test_iid,v3_confirmation_test_iid_0011,1,True,editor_reverse,0.6875,0.75,0.75,False,False,1.5,False,1.5,False,False,True,False,False,8
T5Gemma,test_iid,v3_confirmation_test_iid_0011,1,True,radial_orthogonal_random,2.0,,2.0,True,False,,False,2.0,False,False,False,True,False,6
T5Gemma,test_iid,v3_confirmation_test_iid_0011,1,True,toward_gold,1.25,1.375,1.375,False,False,1.5,False,1.5,False,False,False,True,False,8
T5Gemma,test_iid,v3_confirmation_test_iid_0011,1,True,editor_orthogonal_random,2.0,,2.0,True,False,,False,2.0,False,False,False,True,False,6
T5Gemma,test_iid,v3_confirmation_test_iid_0000,2,True,editor_forward,0.0,0.0625,0.0625,False,True,0.25,True,0.25,True,True,True,True,False,8
T5Gemma,test_iid,v3_confirmation_test_iid_0000,2,True,editor_reverse,0.4375,0.5,0.5,False,False,1.5,False,1.5,False,True,True,False,False,8
T5Gemma,test_iid,v3_confirmation_test_iid_0000,2,True,radial_orthogonal_random,2.0,,2.0,True,False,,False,2.0,False,False,False,True,False,6
T5Gemma,test_iid,v3_confirmation_test_iid_0000,2,True,toward_gold,0.5625,0.625,0.625,False,True,2.0,False,2.0,False,False,True,False,False,8
T5Gemma,test_iid,v3_confirmation_test_iid_0000,2,True,editor_orthogonal_random,0.0,0.0625,0.0625,False,False,0.25,False,0.25,True,True,True,False,False,8
T5Gemma,test_iid,v3_confirmation_test_iid_0003,2,True,editor_forward,0.0625,0.125,0.125,False,True,0.25,True,0.25,True,True,True,False,False,8
T5Gemma,test_iid,v3_confirmation_test_iid_0003,2,True,editor_reverse,0.375,0.4375,0.4375,False,False,2.0,False,2.0,False,True,True,False,False,8
T5Gemma,test_iid,v3_confirmation_test_iid_0003,2,True,radial_orthogonal_random,0.5625,0.625,0.625,False,True,0.75,True,0.75,True,False,True,False,False,8
T5Gemma,test_iid,v3_confirmation_test_iid_0003,2,True,toward_gold,0.5,0.5625,0.5625,False,True,2.0,False,2.0,False,False,True,False,False,8
T5Gemma,test_iid,v3_confirmation_test_iid_0003,2,True,editor_orthogonal_random,0.375,0.4375,0.4375,False,True,0.5,True,0.5,True,True,True,False,False,8
T5Gemma,test_iid,v3_confirmation_test_iid_0005,2,True,editor_forward,0.0625,0.125,0.125,False,True,0.25,True,0.25,True,True,True,True,False,8
T5Gemma,test_iid,v3_confirmation_test_iid_0005,2,True,editor_reverse,0.375,0.4375,0.4375,False,False,2.0,False,2.0,False,True,True,False,False,8
T5Gemma,test_iid,v3_confirmation_test_iid_0005,2,True,radial_orthogonal_random,0.8125,0.875,0.875,False,True,1.0,True,1.0,True,False,True,False,False,8
T5Gemma,test_iid,v3_confirmation_test_iid_0005,2,True,toward_gold,0.4375,0.5,0.5,False,True,2.0,False,2.0,False,True,True,False,False,8
T5Gemma,test_iid,v3_confirmation_test_iid_0005,2,True,editor_orthogonal_random,0.125,0.1875,0.1875,False,False,0.25,False,0.25,True,True,True,False,False,8
T5Gemma,test_iid,v3_confirmation_test_iid_0006,2,True,editor_forward,0.1875,0.25,0.25,False,True,0.25,True,0.25,True,True,True,True,False,8
T5Gemma,test_iid,v3_confirmation_test_iid_0006,2,True,editor_reverse,0.4375,0.5,0.5,False,False,2.0,False,2.0,False,True,True,False,False,8
T5Gemma,test_iid,v3_confirmation_test_iid_0006,2,True,radial_orthogonal_random,0.6875,0.75,0.75,False,False,0.75,False,0.75,True,False,True,False,False,8
T5Gemma,test_iid,v3_confirmation_test_iid_0006,2,True,toward_gold,0.4375,0.5,0.5,False,True,2.0,False,2.0,False,True,True,False,False,8
T5Gemma,test_iid,v3_confirmation_test_iid_0006,2,True,editor_orthogonal_random,2.0,,2.0,True,False,,False,2.0,False,False,False,True,False,6
T5Gemma,test_iid,v3_confirmation_test_iid_0008,2,True,editor_forward,0.25,0.3125,0.3125,False,False,0.5,True,0.5,True,True,True,False,False,8
T5Gemma,test_iid,v3_confirmation_test_iid_0008,2,True,editor_reverse,0.4375,0.5,0.5,False,False,2.0,False,2.0,False,True,True,False,False,8
T5Gemma,test_iid,v3_confirmation_test_iid_0008,2,True,radial_orthogonal_random,1.875,2.0,2.0,False,False,2.0,False,2.0,False,False,False,True,False,8
T5Gemma,test_iid,v3_confirmation_test_iid_0008,2,True,toward_gold,0.9375,1.0,1.0,False,True,2.0,False,2.0,False,False,True,False,False,8
T5Gemma,test_iid,v3_confirmation_test_iid_0008,2,True,editor_orthogonal_random,1.5,1.625,1.625,False,False,2.0,False,2.0,False,False,False,True,False,8
T5Gemma,test_iid,v3_confirmation_test_iid_0009,2,True,editor_forward,0.0625,0.125,0.125,False,False,0.25,False,0.25,True,True,True,False,False,8
T5Gemma,test_iid,v3_confirmation_test_iid_0009,2,True,editor_reverse,0.25,0.3125,0.3125,False,False,2.0,False,2.0,False,True,True,False,False,8
T5Gemma,test_iid,v3_confirmation_test_iid_0009,2,True,radial_orthogonal_random,0.8125,0.875,0.875,False,False,1.0,False,1.0,True,False,True,False,False,8
T5Gemma,test_iid,v3_confirmation_test_iid_0009,2,True,toward_gold,0.375,0.4375,0.4375,False,True,2.0,False,2.0,False,True,True,False,False,8
T5Gemma,test_iid,v3_confirmation_test_iid_0009,2,True,editor_orthogonal_random,0.625,0.6875,0.6875,False,False,0.75,True,0.75,True,False,True,False,False,8
T5Gemma,test_iid,v3_confirmation_test_iid_0012,1,True,editor_forward,0.9375,1.0,1.0,False,False,1.0,False,1.0,True,False,True,False,False,8
T5Gemma,test_iid,v3_confirmation_test_iid_0012,1,True,editor_reverse,0.6875,0.75,0.75,False,False,1.5,False,1.5,False,False,True,False,False,8
T5Gemma,test_iid,v3_confirmation_test_iid_0012,1,True,radial_orthogonal_random,2.0,,2.0,True,False,,False,2.0,False,False,False,True,False,6
T5Gemma,test_iid,v3_confirmation_test_iid_0012,1,True,toward_gold,0.375,0.4375,0.4375,False,True,1.5,False,1.5,False,True,True,True,False,8
T5Gemma,test_iid,v3_confirmation_test_iid_0012,1,True,editor_orthogonal_random,2.0,,2.0,True,False,,False,2.0,False,False,False,True,False,6
T5Gemma,test_iid,v3_confirmation_test_iid_0014,1,True,editor_forward,0.9375,1.0,1.0,False,False,1.0,False,1.0,True,False,True,False,False,8
T5Gemma,test_iid,v3_confirmation_test_iid_0014,1,True,editor_reverse,0.75,0.8125,0.8125,False,False,1.5,False,1.5,False,False,True,False,False,8
T5Gemma,test_iid,v3_confirmation_test_iid_0014,1,True,radial_orthogonal_random,2.0,,2.0,True,False,,False,2.0,False,False,False,True,False,6
T5Gemma,test_iid,v3_confirmation_test_iid_0014,1,True,toward_gold,1.125,1.25,1.25,False,False,1.5,False,1.5,False,False,False,True,False,8
T5Gemma,test_iid,v3_confirmation_test_iid_0014,1,True,editor_orthogonal_random,2.0,,2.0,True,False,,False,2.0,False,False,False,True,False,6
T5Gemma,test_iid,v3_confirmation_test_iid_0015,1,False,editor_forward,1.0,1.125,1.125,False,True,1.5,True,1.5,False,False,False,True,True,8
T5Gemma,test_iid,v3_confirmation_test_iid_0015,1,False,editor_reverse,0.6875,0.75,0.75,False,False,1.5,False,1.5,False,False,True,False,False,8
T5Gemma,test_iid,v3_confirmation_test_iid_0015,1,False,radial_orthogonal_random,1.5,1.625,1.625,False,False,,False,2.0,False,False,False,True,False,8
T5Gemma,test_iid,v3_confirmation_test_iid_0015,1,False,toward_gold,1.25,1.375,1.375,False,False,1.5,False,1.5,False,False,False,True,False,8
T5Gemma,test_iid,v3_confirmation_test_iid_0015,1,False,editor_orthogonal_random,2.0,,2.0,True,False,,False,2.0,False,False,False,True,False,6
T5Gemma,test_iid,v3_confirmation_test_iid_0017,1,False,editor_forward,1.0,1.125,1.125,False,True,1.5,True,1.5,False,False,False,True,True,8
T5Gemma,test_iid,v3_confirmation_test_iid_0017,1,False,editor_reverse,0.6875,0.75,0.75,False,False,1.5,False,1.5,False,False,True,False,False,8
T5Gemma,test_iid,v3_confirmation_test_iid_0017,1,False,radial_orthogonal_random,2.0,,2.0,True,False,,False,2.0,False,False,False,True,False,6
T5Gemma,test_iid,v3_confirmation_test_iid_0017,1,False,toward_gold,0.375,0.4375,0.4375,False,True,1.5,False,1.5,False,True,True,True,False,8
T5Gemma,test_iid,v3_confirmation_test_iid_0017,1,False,editor_orthogonal_random,2.0,,2.0,True,False,,False,2.0,False,False,False,True,False,6
T5Gemma,test_iid,v3_confirmation_test_iid_0018,1,False,editor_forward,1.0,1.125,1.125,False,True,1.5,True,1.5,False,False,False,True,True,8
T5Gemma,test_iid,v3_confirmation_test_iid_0018,1,False,editor_reverse,0.6875,0.75,0.75,False,False,1.5,False,1.5,False,False,True,False,False,8
T5Gemma,test_iid,v3_confirmation_test_iid_0018,1,False,radial_orthogonal_random,2.0,,2.0,True,False,,False,2.0,False,False,False,True,False,6
T5Gemma,test_iid,v3_confirmation_test_iid_0018,1,False,toward_gold,1.125,1.25,1.25,False,False,1.5,False,1.5,False,False,False,True,False,8
T5Gemma,test_iid,v3_confirmation_test_iid_0018,1,False,editor_orthogonal_random,1.875,2.0,2.0,False,False,2.0,False,2.0,False,False,False,True,False,8
T5Gemma,test_iid,v3_confirmation_test_iid_0020,1,True,editor_forward,0.875,0.9375,0.9375,False,True,1.0,True,1.0,True,False,True,False,False,8
T5Gemma,test_iid,v3_confirmation_test_iid_0020,1,True,editor_reverse,0.6875,0.75,0.75,False,False,1.5,False,1.5,False,False,True,False,False,8
T5Gemma,test_iid,v3_confirmation_test_iid_0020,1,True,radial_orthogonal_random,2.0,,2.0,True,False,,False,2.0,False,False,False,True,False,6
T5Gemma,test_iid,v3_confirmation_test_iid_0020,1,True,toward_gold,1.125,1.25,1.25,False,False,1.5,False,1.5,False,False,False,True,False,8
T5Gemma,test_iid,v3_confirmation_test_iid_0020,1,True,editor_orthogonal_random,1.75,1.875,1.875,False,False,2.0,False,2.0,False,False,False,True,False,8
T5Gemma,test_iid,v3_confirmation_test_iid_0021,1,False,editor_forward,1.125,1.25,1.25,False,False,1.5,False,1.5,False,False,False,True,True,8
T5Gemma,test_iid,v3_confirmation_test_iid_0021,1,False,editor_reverse,0.6875,0.75,0.75,False,False,1.5,False,1.5,False,False,True,False,False,8
T5Gemma,test_iid,v3_confirmation_test_iid_0021,1,False,radial_orthogonal_random,2.0,,2.0,True,False,,False,2.0,False,False,False,True,False,6
T5Gemma,test_iid,v3_confirmation_test_iid_0021,1,False,toward_gold,0.375,0.4375,0.4375,False,True,1.5,False,1.5,False,True,True,True,False,8
T5Gemma,test_iid,v3_confirmation_test_iid_0021,1,False,editor_orthogonal_random,2.0,,2.0,True,False,,False,2.0,False,False,False,True,False,6
T5Gemma,test_iid,v3_confirmation_test_iid_0023,1,False,editor_forward,1.25,1.375,1.375,False,False,1.5,False,1.5,False,False,False,True,True,8
T5Gemma,test_iid,v3_confirmation_test_iid_0023,1,False,editor_reverse,0.6875,0.75,0.75,False,False,1.5,False,1.5,False,False,True,False,False,8
T5Gemma,test_iid,v3_confirmation_test_iid_0023,1,False,radial_orthogonal_random,1.75,1.875,1.875,False,False,2.0,False,2.0,False,False,False,True,False,8
T5Gemma,test_iid,v3_confirmation_test_iid_0023,1,False,toward_gold,0.4375,0.5,0.5,False,True,1.5,False,1.5,False,True,True,True,False,8
T5Gemma,test_iid,v3_confirmation_test_iid_0023,1,False,editor_orthogonal_random,2.0,,2.0,True,False,,False,2.0,False,False,False,True,False,6
T5Gemma,test_iid,v3_confirmation_test_iid_0015,2,True,editor_forward,0.0,0.0625,0.0625,False,True,0.25,True,0.25,True,True,True,True,False,8
T5Gemma,test_iid,v3_confirmation_test_iid_0015,2,True,editor_reverse,0.375,0.4375,0.4375,False,False,2.0,False,2.0,False,True,True,False,False,8
T5Gemma,test_iid,v3_confirmation_test_iid_0015,2,True,radial_orthogonal_random,0.625,0.6875,0.6875,False,True,0.75,True,0.75,True,False,True,True,False,8
T5Gemma,test_iid,v3_confirmation_test_iid_0015,2,True,toward_gold,0.4375,0.5,0.5,False,True,2.0,False,2.0,False,True,True,False,False,8
T5Gemma,test_iid,v3_confirmation_test_iid_0015,2,True,editor_orthogonal_random,0.0625,0.125,0.125,False,False,0.25,False,0.25,True,True,True,False,False,8
T5Gemma,test_iid,v3_confirmation_test_iid_0017,2,True,editor_forward,0.0625,0.125,0.125,False,True,0.25,True,0.25,True,True,True,True,False,8
T5Gemma,test_iid,v3_confirmation_test_iid_0017,2,True,editor_reverse,0.4375,0.5,0.5,False,False,2.0,False,2.0,False,True,True,False,False,8
T5Gemma,test_iid,v3_confirmation_test_iid_0017,2,True,radial_orthogonal_random,1.875,2.0,2.0,False,False,2.0,False,2.0,False,False,False,True,False,8
T5Gemma,test_iid,v3_confirmation_test_iid_0017,2,True,toward_gold,0.4375,0.5,0.5,False,True,2.0,False,2.0,False,True,True,False,False,8
T5Gemma,test_iid,v3_confirmation_test_iid_0017,2,True,editor_orthogonal_random,0.8125,0.875,0.875,False,False,1.0,False,1.0,True,False,True,False,False,8
T5Gemma,test_iid,v3_confirmation_test_iid_0018,2,True,editor_forward,0.0,0.0625,0.0625,False,True,0.25,True,0.25,True,True,True,True,False,8
T5Gemma,test_iid,v3_confirmation_test_iid_0018,2,True,editor_reverse,0.4375,0.5,0.5,False,False,1.5,False,1.5,False,True,True,False,False,8
T5Gemma,test_iid,v3_confirmation_test_iid_0018,2,True,radial_orthogonal_random,1.875,2.0,2.0,False,False,2.0,False,2.0,False,False,False,True,False,8
T5Gemma,test_iid,v3_confirmation_test_iid_0018,2,True,toward_gold,0.5625,0.625,0.625,False,True,2.0,False,2.0,False,False,True,False,False,8
T5Gemma,test_iid,v3_confirmation_test_iid_0018,2,True,editor_orthogonal_random,1.0,1.125,1.125,False,False,1.5,False,1.5,False,False,False,True,False,8
T5Gemma,test_iid,v3_confirmation_test_iid_0021,2,True,editor_forward,0.125,0.1875,0.1875,False,True,0.25,True,0.25,True,True,True,True,False,8
T5Gemma,test_iid,v3_confirmation_test_iid_0021,2,True,editor_reverse,0.4375,0.5,0.5,False,False,2.0,False,2.0,False,True,True,False,False,8
T5Gemma,test_iid,v3_confirmation_test_iid_0021,2,True,radial_orthogonal_random,2.0,,2.0,True,False,,False,2.0,False,False,False,True,False,6
T5Gemma,test_iid,v3_confirmation_test_iid_0021,2,True,toward_gold,0.5625,0.625,0.625,False,True,2.0,False,2.0,False,False,True,False,False,8
T5Gemma,test_iid,v3_confirmation_test_iid_0021,2,True,editor_orthogonal_random,2.0,,2.0,True,False,,False,2.0,False,False,False,True,False,6
T5Gemma,test_iid,v3_confirmation_test_iid_0023,2,True,editor_forward,0.1875,0.25,0.25,False,True,0.25,True,0.25,True,True,True,True,False,8
T5Gemma,test_iid,v3_confirmation_test_iid_0023,2,True,editor_reverse,0.4375,0.5,0.5,False,False,2.0,False,2.0,False,True,True,False,False,8
T5Gemma,test_iid,v3_confirmation_test_iid_0023,2,True,radial_orthogonal_random,1.375,1.5,1.5,False,False,1.5,False,1.5,False,False,False,True,False,8
T5Gemma,test_iid,v3_confirmation_test_iid_0023,2,True,toward_gold,0.5,0.5625,0.5625,False,True,2.0,False,2.0,False,False,True,False,False,8
T5Gemma,test_iid,v3_confirmation_test_iid_0023,2,True,editor_orthogonal_random,2.0,,2.0,True,False,,False,2.0,False,False,False,True,False,6
T5Gemma,test_iid,v3_confirmation_test_iid_0024,1,False,editor_forward,1.0,1.125,1.125,False,True,1.5,True,1.5,False,False,False,True,True,8
T5Gemma,test_iid,v3_confirmation_test_iid_0024,1,False,editor_reverse,0.75,0.8125,0.8125,False,False,1.5,False,1.5,False,False,True,False,False,8
T5Gemma,test_iid,v3_confirmation_test_iid_0024,1,False,radial_orthogonal_random,1.75,1.875,1.875,False,False,,False,2.0,False,False,False,True,False,8
T5Gemma,test_iid,v3_confirmation_test_iid_0024,1,False,toward_gold,1.0,1.125,1.125,False,False,1.5,False,1.5,False,False,False,True,False,8
T5Gemma,test_iid,v3_confirmation_test_iid_0024,1,False,editor_orthogonal_random,1.5,1.625,1.625,False,False,,False,2.0,False,False,False,True,False,8
T5Gemma,test_iid,v3_confirmation_test_iid_0026,1,False,editor_forward,1.0,1.125,1.125,False,False,1.5,False,1.5,False,False,False,True,True,8
T5Gemma,test_iid,v3_confirmation_test_iid_0026,1,False,editor_reverse,0.75,0.8125,0.8125,False,False,1.5,False,1.5,False,False,True,False,False,8
T5Gemma,test_iid,v3_confirmation_test_iid_0026,1,False,radial_orthogonal_random,2.0,,2.0,True,False,,False,2.0,False,False,False,True,False,6
T5Gemma,test_iid,v3_confirmation_test_iid_0026,1,False,toward_gold,1.125,1.25,1.25,False,False,1.5,False,1.5,False,False,False,True,False,8
T5Gemma,test_iid,v3_confirmation_test_iid_0026,1,False,editor_orthogonal_random,2.0,,2.0,True,False,,False,2.0,False,False,False,True,False,6
T5Gemma,test_iid,v3_confirmation_test_iid_0027,1,False,editor_forward,1.0,1.125,1.125,False,True,1.5,True,1.5,False,False,False,True,True,8
T5Gemma,test_iid,v3_confirmation_test_iid_0027,1,False,editor_reverse,0.8125,0.875,0.875,False,False,1.5,False,1.5,False,False,True,False,False,8
T5Gemma,test_iid,v3_confirmation_test_iid_0027,1,False,radial_orthogonal_random,2.0,,2.0,True,False,,False,2.0,False,False,False,True,False,6
T5Gemma,test_iid,v3_confirmation_test_iid_0027,1,False,toward_gold,1.125,1.25,1.25,False,False,1.5,False,1.5,False,False,False,True,False,8
T5Gemma,test_iid,v3_confirmation_test_iid_0027,1,False,editor_orthogonal_random,2.0,,2.0,True,False,,False,2.0,False,False,False,True,False,6
T5Gemma,test_iid,v3_confirmation_test_iid_0029,1,False,editor_forward,1.0,1.125,1.125,False,True,1.5,True,1.5,False,False,False,True,True,8
T5Gemma,test_iid,v3_confirmation_test_iid_0029,1,False,editor_reverse,0.8125,0.875,0.875,False,False,1.0,False,1.0,True,False,True,False,False,8
T5Gemma,test_iid,v3_confirmation_test_iid_0029,1,False,radial_orthogonal_random,2.0,,2.0,True,False,,False,2.0,False,False,False,True,False,6
T5Gemma,test_iid,v3_confirmation_test_iid_0029,1,False,toward_gold,1.0,1.125,1.125,False,False,1.5,False,1.5,False,False,False,True,False,8
T5Gemma,test_iid,v3_confirmation_test_iid_0029,1,False,editor_orthogonal_random,2.0,,2.0,True,False,,False,2.0,False,False,False,True,False,6
T5Gemma,test_iid,v3_confirmation_test_iid_0030,1,False,editor_forward,1.25,1.375,1.375,False,False,1.5,True,1.5,False,False,False,True,True,8
T5Gemma,test_iid,v3_confirmation_test_iid_0030,1,False,editor_reverse,0.75,0.8125,0.8125,False,False,1.0,False,1.0,True,False,True,False,False,8
T5Gemma,test_iid,v3_confirmation_test_iid_0030,1,False,radial_orthogonal_random,2.0,,2.0,True,False,,False,2.0,False,False,False,True,False,6
T5Gemma,test_iid,v3_confirmation_test_iid_0030,1,False,toward_gold,1.125,1.25,1.25,False,False,1.5,False,1.5,False,False,False,True,False,8
T5Gemma,test_iid,v3_confirmation_test_iid_0030,1,False,editor_orthogonal_random,1.75,1.875,1.875,False,False,,False,2.0,False,False,False,True,False,8
T5Gemma,test_iid,v3_confirmation_test_iid_0032,1,False,editor_forward,1.25,1.375,1.375,False,True,1.5,True,1.5,False,False,False,True,True,8
T5Gemma,test_iid,v3_confirmation_test_iid_0032,1,False,editor_reverse,0.75,0.8125,0.8125,False,False,1.0,False,1.0,True,False,True,False,False,8
T5Gemma,test_iid,v3_confirmation_test_iid_0032,1,False,radial_orthogonal_random,2.0,,2.0,True,False,,False,2.0,False,False,False,True,False,6
T5Gemma,test_iid,v3_confirmation_test_iid_0032,1,False,toward_gold,0.875,0.9375,0.9375,False,False,1.0,False,1.0,True,False,True,False,False,8
T5Gemma,test_iid,v3_confirmation_test_iid_0032,1,False,editor_orthogonal_random,2.0,,2.0,True,False,,False,2.0,False,False,False,True,False,6
T5Gemma,test_iid,v3_confirmation_test_iid_0033,1,False,editor_forward,1.0,1.125,1.125,False,False,1.5,False,1.5,False,False,False,True,True,8
T5Gemma,test_iid,v3_confirmation_test_iid_0033,1,False,editor_reverse,0.6875,0.75,0.75,False,False,1.5,False,1.5,False,False,True,False,False,8
T5Gemma,test_iid,v3_confirmation_test_iid_0033,1,False,radial_orthogonal_random,2.0,,2.0,True,False,,False,2.0,False,False,False,True,False,6
T5Gemma,test_iid,v3_confirmation_test_iid_0033,1,False,toward_gold,1.25,1.375,1.375,False,False,1.5,False,1.5,False,False,False,True,False,8
T5Gemma,test_iid,v3_confirmation_test_iid_0033,1,False,editor_orthogonal_random,2.0,,2.0,True,False,,False,2.0,False,False,False,True,False,6
T5Gemma,test_iid,v3_confirmation_test_iid_0035,1,False,editor_forward,1.0,1.125,1.125,False,False,1.5,False,1.5,False,False,False,True,True,8
T5Gemma,test_iid,v3_confirmation_test_iid_0035,1,False,editor_reverse,0.6875,0.75,0.75,False,False,1.5,False,1.5,False,False,True,False,False,8
T5Gemma,test_iid,v3_confirmation_test_iid_0035,1,False,radial_orthogonal_random,1.5,1.625,1.625,False,False,2.0,False,2.0,False,False,False,True,False,8
T5Gemma,test_iid,v3_confirmation_test_iid_0035,1,False,toward_gold,1.375,1.5,1.5,False,False,1.5,False,1.5,False,False,False,True,False,8
T5Gemma,test_iid,v3_confirmation_test_iid_0035,1,False,editor_orthogonal_random,1.75,1.875,1.875,False,False,,False,2.0,False,False,False,True,False,8
T5Gemma,test_iid,v3_confirmation_test_iid_0024,2,True,editor_forward,0.0,0.0625,0.0625,False,True,0.25,True,0.25,True,True,True,True,False,8
T5Gemma,test_iid,v3_confirmation_test_iid_0024,2,True,editor_reverse,0.375,0.4375,0.4375,False,False,1.5,False,1.5,False,True,True,False,False,8
T5Gemma,test_iid,v3_confirmation_test_iid_0024,2,True,radial_orthogonal_random,1.875,2.0,2.0,False,False,2.0,False,2.0,False,False,False,True,False,8
T5Gemma,test_iid,v3_confirmation_test_iid_0024,2,True,toward_gold,0.5,0.5625,0.5625,False,True,2.0,False,2.0,False,False,True,False,False,8
T5Gemma,test_iid,v3_confirmation_test_iid_0024,2,True,editor_orthogonal_random,1.75,1.875,1.875,False,False,2.0,False,2.0,False,False,False,True,False,8
T5Gemma,test_iid,v3_confirmation_test_iid_0026,2,True,editor_forward,0.0,0.0625,0.0625,False,True,0.25,True,0.25,True,True,True,True,False,8
T5Gemma,test_iid,v3_confirmation_test_iid_0026,2,True,editor_reverse,0.375,0.4375,0.4375,False,False,2.0,False,2.0,False,True,True,False,False,8
T5Gemma,test_iid,v3_confirmation_test_iid_0026,2,True,radial_orthogonal_random,0.125,0.1875,0.1875,False,True,0.25,True,0.25,True,True,True,False,False,8
T5Gemma,test_iid,v3_confirmation_test_iid_0026,2,True,toward_gold,0.5,0.5625,0.5625,False,True,2.0,False,2.0,False,False,True,False,False,8
T5Gemma,test_iid,v3_confirmation_test_iid_0026,2,True,editor_orthogonal_random,0.0625,0.125,0.125,False,False,0.25,True,0.25,True,True,True,False,False,8
T5Gemma,test_iid,v3_confirmation_test_iid_0027,2,True,editor_forward,0.0625,0.125,0.125,False,False,0.25,True,0.25,True,True,True,False,False,8
T5Gemma,test_iid,v3_confirmation_test_iid_0027,2,True,editor_reverse,0.375,0.4375,0.4375,False,False,2.0,False,2.0,False,True,True,False,False,8
T5Gemma,test_iid,v3_confirmation_test_iid_0027,2,True,radial_orthogonal_random,0.1875,0.25,0.25,False,False,0.25,True,0.25,True,True,True,False,False,8
T5Gemma,test_iid,v3_confirmation_test_iid_0027,2,True,toward_gold,0.5,0.5625,0.5625,False,True,2.0,False,2.0,False,False,True,False,False,8
T5Gemma,test_iid,v3_confirmation_test_iid_0027,2,True,editor_orthogonal_random,0.375,0.4375,0.4375,False,False,0.5,False,0.5,True,True,True,False,False,8
T5Gemma,test_iid,v3_confirmation_test_iid_0029,2,True,editor_forward,0.0625,0.125,0.125,False,False,0.25,True,0.25,True,True,True,False,False,8
T5Gemma,test_iid,v3_confirmation_test_iid_0029,2,True,editor_reverse,0.3125,0.375,0.375,False,False,2.0,False,2.0,False,True,True,False,False,8
T5Gemma,test_iid,v3_confirmation_test_iid_0029,2,True,radial_orthogonal_random,1.625,1.75,1.75,False,False,2.0,False,2.0,False,False,False,True,False,8
T5Gemma,test_iid,v3_confirmation_test_iid_0029,2,True,toward_gold,0.3125,0.375,0.375,False,True,2.0,False,2.0,False,True,True,False,False,8
T5Gemma,test_iid,v3_confirmation_test_iid_0029,2,True,editor_orthogonal_random,0.25,0.3125,0.3125,False,False,0.5,False,0.5,True,True,True,False,False,8
T5Gemma,test_iid,v3_confirmation_test_iid_0030,2,True,editor_forward,0.3125,0.375,0.375,False,False,0.5,True,0.5,True,True,True,False,False,8
T5Gemma,test_iid,v3_confirmation_test_iid_0030,2,True,editor_reverse,0.4375,0.5,0.5,False,False,1.0,False,1.0,True,True,True,False,False,8
T5Gemma,test_iid,v3_confirmation_test_iid_0030,2,True,radial_orthogonal_random,1.75,1.875,1.875,False,False,2.0,False,2.0,False,False,False,True,False,8
T5Gemma,test_iid,v3_confirmation_test_iid_0030,2,True,toward_gold,0.875,0.9375,0.9375,False,True,2.0,False,2.0,False,False,True,False,False,8
T5Gemma,test_iid,v3_confirmation_test_iid_0030,2,True,editor_orthogonal_random,1.5,1.625,1.625,False,False,2.0,False,2.0,False,False,False,True,False,8
T5Gemma,test_iid,v3_confirmation_test_iid_0032,2,True,editor_forward,0.25,0.3125,0.3125,False,False,0.5,True,0.5,True,True,True,False,False,8
T5Gemma,test_iid,v3_confirmation_test_iid_0032,2,True,editor_reverse,0.375,0.4375,0.4375,False,False,2.0,False,2.0,False,True,True,False,False,8
T5Gemma,test_iid,v3_confirmation_test_iid_0032,2,True,radial_orthogonal_random,2.0,,2.0,True,False,,False,2.0,False,False,False,True,False,6
T5Gemma,test_iid,v3_confirmation_test_iid_0032,2,True,toward_gold,0.375,0.4375,0.4375,False,True,2.0,False,2.0,False,True,True,False,False,8
T5Gemma,test_iid,v3_confirmation_test_iid_0032,2,True,editor_orthogonal_random,1.75,1.875,1.875,False,False,2.0,False,2.0,False,False,False,True,False,8
T5Gemma,test_iid,v3_confirmation_test_iid_0033,2,True,editor_forward,0.0625,0.125,0.125,False,False,0.25,False,0.25,True,True,True,False,False,8
T5Gemma,test_iid,v3_confirmation_test_iid_0033,2,True,editor_reverse,0.3125,0.375,0.375,False,False,2.0,False,2.0,False,True,True,False,False,8
T5Gemma,test_iid,v3_confirmation_test_iid_0033,2,True,radial_orthogonal_random,2.0,,2.0,True,False,,False,2.0,False,False,False,True,False,6
T5Gemma,test_iid,v3_confirmation_test_iid_0033,2,True,toward_gold,0.4375,0.5,0.5,False,True,2.0,False,2.0,False,True,True,False,False,8
T5Gemma,test_iid,v3_confirmation_test_iid_0033,2,True,editor_orthogonal_random,0.0,0.0625,0.0625,False,False,0.25,False,0.25,True,True,True,False,False,8
T5Gemma,test_iid,v3_confirmation_test_iid_0035,2,True,editor_forward,0.0,0.0625,0.0625,False,False,0.25,False,0.25,True,True,True,False,False,8
T5Gemma,test_iid,v3_confirmation_test_iid_0035,2,True,editor_reverse,0.3125,0.375,0.375,False,False,2.0,False,2.0,False,True,True,False,False,8
T5Gemma,test_iid,v3_confirmation_test_iid_0035,2,True,radial_orthogonal_random,0.9375,1.0,1.0,False,False,1.0,True,1.0,True,False,True,False,False,8
T5Gemma,test_iid,v3_confirmation_test_iid_0035,2,True,toward_gold,0.375,0.4375,0.4375,False,True,2.0,False,2.0,False,True,True,False,False,8
T5Gemma,test_iid,v3_confirmation_test_iid_0035,2,True,editor_orthogonal_random,2.0,,2.0,True,False,,False,2.0,False,False,False,True,False,6
T5Gemma,test_iid,v3_confirmation_test_iid_0036,1,False,editor_forward,1.0,1.125,1.125,False,True,1.5,True,1.5,False,False,False,True,True,8
T5Gemma,test_iid,v3_confirmation_test_iid_0036,1,False,editor_reverse,0.6875,0.75,0.75,False,False,1.5,False,1.5,False,False,True,False,False,8
T5Gemma,test_iid,v3_confirmation_test_iid_0036,1,False,radial_orthogonal_random,2.0,,2.0,True,False,,False,2.0,False,False,False,True,False,6
T5Gemma,test_iid,v3_confirmation_test_iid_0036,1,False,toward_gold,0.25,0.3125,0.3125,False,True,1.5,False,1.5,False,True,True,True,False,8
T5Gemma,test_iid,v3_confirmation_test_iid_0036,1,False,editor_orthogonal_random,2.0,,2.0,True,False,,False,2.0,False,False,False,True,False,6
T5Gemma,test_iid,v3_confirmation_test_iid_0038,1,False,editor_forward,1.0,1.125,1.125,False,True,1.5,True,1.5,False,False,False,True,True,8
T5Gemma,test_iid,v3_confirmation_test_iid_0038,1,False,editor_reverse,0.75,0.8125,0.8125,False,False,1.0,False,1.0,True,False,True,False,False,8
T5Gemma,test_iid,v3_confirmation_test_iid_0038,1,False,radial_orthogonal_random,2.0,,2.0,True,False,,False,2.0,False,False,False,True,False,6
T5Gemma,test_iid,v3_confirmation_test_iid_0038,1,False,toward_gold,0.9375,1.0,1.0,False,False,1.0,False,1.0,True,False,True,False,False,8
T5Gemma,test_iid,v3_confirmation_test_iid_0038,1,False,editor_orthogonal_random,1.5,1.625,1.625,False,False,2.0,False,2.0,False,False,False,True,False,8
T5Gemma,test_iid,v3_confirmation_test_iid_0039,1,False,editor_forward,1.0,1.125,1.125,False,True,1.5,True,1.5,False,False,False,True,True,8
T5Gemma,test_iid,v3_confirmation_test_iid_0039,1,False,editor_reverse,0.6875,0.75,0.75,False,False,1.5,False,1.5,False,False,True,False,False,8
T5Gemma,test_iid,v3_confirmation_test_iid_0039,1,False,radial_orthogonal_random,0.9375,1.0,1.0,False,False,,False,2.0,False,False,True,False,False,8
T5Gemma,test_iid,v3_confirmation_test_iid_0039,1,False,toward_gold,1.125,1.25,1.25,False,False,1.5,False,1.5,False,False,False,True,False,8
T5Gemma,test_iid,v3_confirmation_test_iid_0039,1,False,editor_orthogonal_random,2.0,,2.0,True,False,,False,2.0,False,False,False,True,False,6
T5Gemma,test_iid,v3_confirmation_test_iid_0041,1,False,editor_forward,1.0,1.125,1.125,False,False,1.5,False,1.5,False,False,False,True,True,8
T5Gemma,test_iid,v3_confirmation_test_iid_0041,1,False,editor_reverse,0.6875,0.75,0.75,False,False,1.5,False,1.5,False,False,True,False,False,8
T5Gemma,test_iid,v3_confirmation_test_iid_0041,1,False,radial_orthogonal_random,2.0,,2.0,True,False,,False,2.0,False,False,False,True,False,6
T5Gemma,test_iid,v3_confirmation_test_iid_0041,1,False,toward_gold,1.25,1.375,1.375,False,False,1.5,False,1.5,False,False,False,True,False,8
T5Gemma,test_iid,v3_confirmation_test_iid_0041,1,False,editor_orthogonal_random,2.0,,2.0,True,False,,False,2.0,False,False,False,True,False,6
T5Gemma,test_iid,v3_confirmation_test_iid_0042,1,True,editor_forward,0.9375,1.0,1.0,False,True,1.0,True,1.0,True,False,True,False,False,8
T5Gemma,test_iid,v3_confirmation_test_iid_0042,1,True,editor_reverse,0.6875,0.75,0.75,False,False,1.5,False,1.5,False,False,True,False,False,8
T5Gemma,test_iid,v3_confirmation_test_iid_0042,1,True,radial_orthogonal_random,1.75,1.875,1.875,False,False,2.0,False,2.0,False,False,False,True,False,8
T5Gemma,test_iid,v3_confirmation_test_iid_0042,1,True,toward_gold,1.0,1.125,1.125,False,False,1.5,False,1.5,False,False,False,True,False,8
T5Gemma,test_iid,v3_confirmation_test_iid_0042,1,True,editor_orthogonal_random,2.0,,2.0,True,False,,False,2.0,False,False,False,True,False,6
T5Gemma,test_iid,v3_confirmation_test_iid_0044,1,True,editor_forward,0.9375,1.0,1.0,False,True,1.0,True,1.0,True,False,True,False,False,8
T5Gemma,test_iid,v3_confirmation_test_iid_0044,1,True,editor_reverse,0.75,0.8125,0.8125,False,False,1.5,False,1.5,False,False,True,False,False,8
T5Gemma,test_iid,v3_confirmation_test_iid_0044,1,True,radial_orthogonal_random,2.0,,2.0,True,False,,False,2.0,False,False,False,True,False,6
T5Gemma,test_iid,v3_confirmation_test_iid_0044,1,True,toward_gold,1.125,1.25,1.25,False,False,1.5,False,1.5,False,False,False,True,False,8
T5Gemma,test_iid,v3_confirmation_test_iid_0044,1,True,editor_orthogonal_random,2.0,,2.0,True,False,,False,2.0,False,False,False,True,False,6
T5Gemma,test_iid,v3_confirmation_test_iid_0045,1,False,editor_forward,1.125,1.25,1.25,False,False,1.5,False,1.5,False,False,False,True,True,8
T5Gemma,test_iid,v3_confirmation_test_iid_0045,1,False,editor_reverse,0.6875,0.75,0.75,False,False,1.5,False,1.5,False,False,True,False,False,8
T5Gemma,test_iid,v3_confirmation_test_iid_0045,1,False,radial_orthogonal_random,2.0,,2.0,True,False,,False,2.0,False,False,False,True,False,6
T5Gemma,test_iid,v3_confirmation_test_iid_0045,1,False,toward_gold,0.3125,0.375,0.375,False,True,1.5,False,1.5,False,True,True,True,False,8
T5Gemma,test_iid,v3_confirmation_test_iid_0045,1,False,editor_orthogonal_random,2.0,,2.0,True,False,,False,2.0,False,False,False,True,False,6
T5Gemma,test_iid,v3_confirmation_test_iid_0047,1,False,editor_forward,1.25,1.375,1.375,False,False,1.5,False,1.5,False,False,False,True,True,8
T5Gemma,test_iid,v3_confirmation_test_iid_0047,1,False,editor_reverse,0.6875,0.75,0.75,False,False,1.0,False,1.0,True,False,True,False,False,8
T5Gemma,test_iid,v3_confirmation_test_iid_0047,1,False,radial_orthogonal_random,2.0,,2.0,True,False,,False,2.0,False,False,False,True,False,6
T5Gemma,test_iid,v3_confirmation_test_iid_0047,1,False,toward_gold,1.0,1.125,1.125,False,False,1.5,False,1.5,False,False,False,True,False,8
T5Gemma,test_iid,v3_confirmation_test_iid_0047,1,False,editor_orthogonal_random,2.0,,2.0,True,False,,False,2.0,False,False,False,True,False,6
T5Gemma,test_iid,v3_confirmation_test_iid_0036,2,True,editor_forward,0.0,0.0625,0.0625,False,True,0.25,True,0.25,True,True,True,True,False,8
T5Gemma,test_iid,v3_confirmation_test_iid_0036,2,True,editor_reverse,0.375,0.4375,0.4375,False,False,1.5,False,1.5,False,True,True,False,False,8
T5Gemma,test_iid,v3_confirmation_test_iid_0036,2,True,radial_orthogonal_random,1.75,1.875,1.875,False,False,2.0,False,2.0,False,False,False,True,False,8
T5Gemma,test_iid,v3_confirmation_test_iid_0036,2,True,toward_gold,0.4375,0.5,0.5,False,True,2.0,False,2.0,False,True,True,False,False,8
T5Gemma,test_iid,v3_confirmation_test_iid_0036,2,True,editor_orthogonal_random,1.375,1.5,1.5,False,False,2.0,False,2.0,False,False,False,True,False,8
T5Gemma,test_iid,v3_confirmation_test_iid_0038,2,True,editor_forward,0.0,0.0625,0.0625,False,True,0.25,True,0.25,True,True,True,True,False,8
T5Gemma,test_iid,v3_confirmation_test_iid_0038,2,True,editor_reverse,0.375,0.4375,0.4375,False,False,2.0,False,2.0,False,True,True,False,False,8
T5Gemma,test_iid,v3_confirmation_test_iid_0038,2,True,radial_orthogonal_random,1.5,1.625,1.625,False,False,2.0,False,2.0,False,False,False,True,False,8
T5Gemma,test_iid,v3_confirmation_test_iid_0038,2,True,toward_gold,0.4375,0.5,0.5,False,True,2.0,False,2.0,False,True,True,False,False,8
T5Gemma,test_iid,v3_confirmation_test_iid_0038,2,True,editor_orthogonal_random,1.875,2.0,2.0,False,False,2.0,False,2.0,False,False,False,True,False,8
T5Gemma,test_iid,v3_confirmation_test_iid_0039,2,True,editor_forward,0.0625,0.125,0.125,False,True,0.25,True,0.25,True,True,True,False,False,8
T5Gemma,test_iid,v3_confirmation_test_iid_0039,2,True,editor_reverse,0.375,0.4375,0.4375,False,False,2.0,False,2.0,False,True,True,False,False,8
T5Gemma,test_iid,v3_confirmation_test_iid_0039,2,True,radial_orthogonal_random,2.0,,2.0,True,False,,False,2.0,False,False,False,True,False,6
T5Gemma,test_iid,v3_confirmation_test_iid_0039,2,True,toward_gold,0.5,0.5625,0.5625,False,True,2.0,False,2.0,False,False,True,False,False,8
T5Gemma,test_iid,v3_confirmation_test_iid_0039,2,True,editor_orthogonal_random,1.375,1.5,1.5,False,False,1.5,False,1.5,False,False,False,True,False,8
T5Gemma,test_iid,v3_confirmation_test_iid_0041,2,True,editor_forward,0.0,0.0625,0.0625,False,True,0.25,True,0.25,True,True,True,True,False,8
T5Gemma,test_iid,v3_confirmation_test_iid_0041,2,True,editor_reverse,0.375,0.4375,0.4375,False,False,2.0,False,2.0,False,True,True,False,False,8
T5Gemma,test_iid,v3_confirmation_test_iid_0041,2,True,radial_orthogonal_random,0.0625,0.125,0.125,False,True,0.25,True,0.25,True,True,True,True,False,8
T5Gemma,test_iid,v3_confirmation_test_iid_0041,2,True,toward_gold,0.4375,0.5,0.5,False,True,2.0,False,2.0,False,True,True,False,False,8
T5Gemma,test_iid,v3_confirmation_test_iid_0041,2,True,editor_orthogonal_random,1.125,1.25,1.25,False,False,1.5,False,1.5,False,False,False,True,False,8
T5Gemma,test_iid,v3_confirmation_test_iid_0045,2,True,editor_forward,0.125,0.1875,0.1875,False,True,0.25,True,0.25,True,True,True,True,False,8
T5Gemma,test_iid,v3_confirmation_test_iid_0045,2,True,editor_reverse,0.375,0.4375,0.4375,False,False,2.0,False,2.0,False,True,True,False,False,8
T5Gemma,test_iid,v3_confirmation_test_iid_0045,2,True,radial_orthogonal_random,1.625,1.75,1.75,False,False,2.0,False,2.0,False,False,False,True,False,8
T5Gemma,test_iid,v3_confirmation_test_iid_0045,2,True,toward_gold,0.5625,0.625,0.625,False,True,2.0,False,2.0,False,False,True,False,False,8
T5Gemma,test_iid,v3_confirmation_test_iid_0045,2,True,editor_orthogonal_random,1.375,1.5,1.5,False,False,1.5,False,1.5,False,False,False,True,False,8
T5Gemma,test_iid,v3_confirmation_test_iid_0047,2,True,editor_forward,0.1875,0.25,0.25,False,True,0.25,True,0.25,True,True,True,True,False,8
T5Gemma,test_iid,v3_confirmation_test_iid_0047,2,True,editor_reverse,0.4375,0.5,0.5,False,False,1.5,False,1.5,False,True,True,False,False,8
T5Gemma,test_iid,v3_confirmation_test_iid_0047,2,True,radial_orthogonal_random,2.0,,2.0,True,False,,False,2.0,False,False,False,True,False,6
T5Gemma,test_iid,v3_confirmation_test_iid_0047,2,True,toward_gold,0.5625,0.625,0.625,False,True,2.0,False,2.0,False,False,True,False,False,8
T5Gemma,test_iid,v3_confirmation_test_iid_0047,2,True,editor_orthogonal_random,1.625,1.75,1.75,False,False,2.0,False,2.0,False,False,False,True,False,8
T5Gemma,test_iid,v3_confirmation_test_iid_0048,1,False,editor_forward,1.125,1.25,1.25,False,True,1.5,True,1.5,False,False,False,True,True,8
T5Gemma,test_iid,v3_confirmation_test_iid_0048,1,False,editor_reverse,0.75,0.8125,0.8125,False,False,1.5,False,1.5,False,False,True,False,False,8
T5Gemma,test_iid,v3_confirmation_test_iid_0048,1,False,radial_orthogonal_random,2.0,,2.0,True,False,,False,2.0,False,False,False,True,False,6
T5Gemma,test_iid,v3_confirmation_test_iid_0048,1,False,toward_gold,1.125,1.25,1.25,False,False,1.5,False,1.5,False,False,False,True,False,8
T5Gemma,test_iid,v3_confirmation_test_iid_0048,1,False,editor_orthogonal_random,2.0,,2.0,True,False,,False,2.0,False,False,False,True,False,6
T5Gemma,test_iid,v3_confirmation_test_iid_0050,1,True,editor_forward,0.9375,1.0,1.0,False,False,1.0,False,1.0,True,False,True,False,False,8
T5Gemma,test_iid,v3_confirmation_test_iid_0050,1,True,editor_reverse,0.75,0.8125,0.8125,False,False,1.0,False,1.0,True,False,True,False,False,8
T5Gemma,test_iid,v3_confirmation_test_iid_0050,1,True,radial_orthogonal_random,2.0,,2.0,True,False,,False,2.0,False,False,False,True,False,6
T5Gemma,test_iid,v3_confirmation_test_iid_0050,1,True,toward_gold,0.9375,1.0,1.0,False,False,1.0,False,1.0,True,False,True,False,False,8
T5Gemma,test_iid,v3_confirmation_test_iid_0050,1,True,editor_orthogonal_random,2.0,,2.0,True,False,,False,2.0,False,False,False,True,False,6
T5Gemma,test_iid,v3_confirmation_test_iid_0051,1,True,editor_forward,0.9375,1.0,1.0,False,False,1.0,False,1.0,True,False,True,False,False,8
T5Gemma,test_iid,v3_confirmation_test_iid_0051,1,True,editor_reverse,0.8125,0.875,0.875,False,False,1.0,False,1.0,True,False,True,False,False,8
T5Gemma,test_iid,v3_confirmation_test_iid_0051,1,True,radial_orthogonal_random,2.0,,2.0,True,False,,False,2.0,False,False,False,True,False,6
T5Gemma,test_iid,v3_confirmation_test_iid_0051,1,True,toward_gold,1.0,1.125,1.125,False,False,1.5,False,1.5,False,False,False,True,False,8
T5Gemma,test_iid,v3_confirmation_test_iid_0051,1,True,editor_orthogonal_random,2.0,,2.0,True,False,,False,2.0,False,False,False,True,False,6
T5Gemma,test_iid,v3_confirmation_test_iid_0053,1,False,editor_forward,1.0,1.125,1.125,False,True,1.5,True,1.5,False,False,False,True,True,8
T5Gemma,test_iid,v3_confirmation_test_iid_0053,1,False,editor_reverse,0.8125,0.875,0.875,False,False,1.5,False,1.5,False,False,True,False,False,8
T5Gemma,test_iid,v3_confirmation_test_iid_0053,1,False,radial_orthogonal_random,2.0,,2.0,True,False,,False,2.0,False,False,False,True,False,6
T5Gemma,test_iid,v3_confirmation_test_iid_0053,1,False,toward_gold,1.25,1.375,1.375,False,False,1.5,False,1.5,False,False,False,True,False,8
T5Gemma,test_iid,v3_confirmation_test_iid_0053,1,False,editor_orthogonal_random,2.0,,2.0,True,False,,False,2.0,False,False,False,True,False,6
T5Gemma,test_iid,v3_confirmation_test_iid_0054,1,False,editor_forward,1.25,1.375,1.375,False,False,1.5,True,1.5,False,False,False,True,True,8
T5Gemma,test_iid,v3_confirmation_test_iid_0054,1,False,editor_reverse,0.75,0.8125,0.8125,False,False,1.5,False,1.5,False,False,True,False,False,8
T5Gemma,test_iid,v3_confirmation_test_iid_0054,1,False,radial_orthogonal_random,2.0,,2.0,True,False,,False,2.0,False,False,False,True,False,6
T5Gemma,test_iid,v3_confirmation_test_iid_0054,1,False,toward_gold,1.0,1.125,1.125,False,False,1.5,False,1.5,False,False,False,True,False,8
T5Gemma,test_iid,v3_confirmation_test_iid_0054,1,False,editor_orthogonal_random,2.0,,2.0,True,False,,False,2.0,False,False,False,True,False,6
T5Gemma,test_iid,v3_confirmation_test_iid_0056,1,False,editor_forward,1.125,1.25,1.25,False,False,1.5,False,1.5,False,False,False,True,True,8
T5Gemma,test_iid,v3_confirmation_test_iid_0056,1,False,editor_reverse,0.75,0.8125,0.8125,False,False,1.5,False,1.5,False,False,True,False,False,8
T5Gemma,test_iid,v3_confirmation_test_iid_0056,1,False,radial_orthogonal_random,2.0,,2.0,True,False,,False,2.0,False,False,False,True,True,6
T5Gemma,test_iid,v3_confirmation_test_iid_0056,1,False,toward_gold,1.125,1.25,1.25,False,False,1.5,False,1.5,False,False,False,True,False,8
T5Gemma,test_iid,v3_confirmation_test_iid_0056,1,False,editor_orthogonal_random,2.0,,2.0,True,False,,False,2.0,False,False,False,True,False,6
T5Gemma,test_iid,v3_confirmation_test_iid_0057,1,False,editor_forward,1.0,1.125,1.125,False,False,1.5,False,1.5,False,False,False,True,True,8
T5Gemma,test_iid,v3_confirmation_test_iid_0057,1,False,editor_reverse,0.6875,0.75,0.75,False,False,1.5,False,1.5,False,False,True,False,False,8
T5Gemma,test_iid,v3_confirmation_test_iid_0057,1,False,radial_orthogonal_random,1.375,1.5,1.5,False,False,2.0,False,2.0,False,False,False,True,False,8
T5Gemma,test_iid,v3_confirmation_test_iid_0057,1,False,toward_gold,0.375,0.4375,0.4375,False,True,1.5,False,1.5,False,True,True,True,False,8
T5Gemma,test_iid,v3_confirmation_test_iid_0057,1,False,editor_orthogonal_random,2.0,,2.0,True,False,,False,2.0,False,False,False,True,False,6
T5Gemma,test_iid,v3_confirmation_test_iid_0059,1,True,editor_forward,0.9375,1.0,1.0,False,False,1.0,False,1.0,True,False,True,False,False,8
T5Gemma,test_iid,v3_confirmation_test_iid_0059,1,True,editor_reverse,0.6875,0.75,0.75,False,False,1.5,False,1.5,False,False,True,False,False,8
T5Gemma,test_iid,v3_confirmation_test_iid_0059,1,True,radial_orthogonal_random,2.0,,2.0,True,False,,False,2.0,False,False,False,True,False,6
T5Gemma,test_iid,v3_confirmation_test_iid_0059,1,True,toward_gold,1.125,1.25,1.25,False,False,1.5,False,1.5,False,False,False,True,False,8
T5Gemma,test_iid,v3_confirmation_test_iid_0059,1,True,editor_orthogonal_random,2.0,,2.0,True,False,,False,2.0,False,False,False,True,False,6
T5Gemma,test_iid,v3_confirmation_test_iid_0048,2,True,editor_forward,0.0625,0.125,0.125,False,False,0.25,True,0.25,True,True,True,False,False,8
T5Gemma,test_iid,v3_confirmation_test_iid_0048,2,True,editor_reverse,0.4375,0.5,0.5,False,False,1.5,False,1.5,False,True,True,False,False,8
T5Gemma,test_iid,v3_confirmation_test_iid_0048,2,True,radial_orthogonal_random,0.1875,0.25,0.25,False,True,0.25,True,0.25,True,True,True,False,False,8
T5Gemma,test_iid,v3_confirmation_test_iid_0048,2,True,toward_gold,0.8125,0.875,0.875,False,True,2.0,False,2.0,False,False,True,False,False,8
T5Gemma,test_iid,v3_confirmation_test_iid_0048,2,True,editor_orthogonal_random,2.0,,2.0,True,False,,False,2.0,False,False,False,True,False,6
T5Gemma,test_iid,v3_confirmation_test_iid_0053,2,True,editor_forward,0.0625,0.125,0.125,False,True,0.25,True,0.25,True,True,True,True,False,8
T5Gemma,test_iid,v3_confirmation_test_iid_0053,2,True,editor_reverse,0.375,0.4375,0.4375,False,False,2.0,False,2.0,False,True,True,False,False,8
T5Gemma,test_iid,v3_confirmation_test_iid_0053,2,True,radial_orthogonal_random,0.1875,0.25,0.25,False,True,0.25,True,0.25,True,True,True,False,False,8
T5Gemma,test_iid,v3_confirmation_test_iid_0053,2,True,toward_gold,0.4375,0.5,0.5,False,True,2.0,False,2.0,False,True,True,False,False,8
T5Gemma,test_iid,v3_confirmation_test_iid_0053,2,True,editor_orthogonal_random,0.1875,0.25,0.25,False,False,0.25,False,0.25,True,True,True,False,False,8
T5Gemma,test_iid,v3_confirmation_test_iid_0054,2,True,editor_forward,0.25,0.3125,0.3125,False,False,0.5,True,0.5,True,True,True,False,False,8
T5Gemma,test_iid,v3_confirmation_test_iid_0054,2,True,editor_reverse,0.5,0.5625,0.5625,False,False,2.0,False,2.0,False,False,True,False,False,8
T5Gemma,test_iid,v3_confirmation_test_iid_0054,2,True,radial_orthogonal_random,0.4375,0.5,0.5,False,False,0.5,False,0.5,True,True,True,False,False,8
T5Gemma,test_iid,v3_confirmation_test_iid_0054,2,True,toward_gold,0.9375,1.0,1.0,False,True,2.0,False,2.0,False,False,True,False,False,8
T5Gemma,test_iid,v3_confirmation_test_iid_0054,2,True,editor_orthogonal_random,2.0,,2.0,True,False,,False,2.0,False,False,False,True,False,6
T5Gemma,test_iid,v3_confirmation_test_iid_0056,2,True,editor_forward,0.1875,0.25,0.25,False,True,0.25,True,0.25,True,True,True,True,False,8
T5Gemma,test_iid,v3_confirmation_test_iid_0056,2,True,editor_reverse,0.375,0.4375,0.4375,False,False,2.0,False,2.0,False,True,True,False,False,8
T5Gemma,test_iid,v3_confirmation_test_iid_0056,2,True,radial_orthogonal_random,2.0,,2.0,True,False,,False,2.0,False,False,False,True,False,6
T5Gemma,test_iid,v3_confirmation_test_iid_0056,2,True,toward_gold,0.4375,0.5,0.5,False,True,2.0,False,2.0,False,True,True,False,False,8
T5Gemma,test_iid,v3_confirmation_test_iid_0056,2,True,editor_orthogonal_random,2.0,,2.0,True,False,,False,2.0,False,False,False,True,False,6
T5Gemma,test_iid,v3_confirmation_test_iid_0057,2,True,editor_forward,0.0,0.0625,0.0625,False,False,0.25,False,0.25,True,True,True,False,False,8
T5Gemma,test_iid,v3_confirmation_test_iid_0057,2,True,editor_reverse,0.3125,0.375,0.375,False,False,2.0,False,2.0,False,True,True,False,False,8
T5Gemma,test_iid,v3_confirmation_test_iid_0057,2,True,radial_orthogonal_random,1.5,1.625,1.625,False,False,2.0,False,2.0,False,False,False,True,False,8
T5Gemma,test_iid,v3_confirmation_test_iid_0057,2,True,toward_gold,0.5,0.5625,0.5625,False,True,2.0,False,2.0,False,False,True,False,False,8
T5Gemma,test_iid,v3_confirmation_test_iid_0057,2,True,editor_orthogonal_random,0.125,0.1875,0.1875,False,True,0.25,True,0.25,True,True,True,True,False,8
T5Gemma,test_iid,v3_confirmation_test_iid_0060,1,False,editor_forward,1.0,1.125,1.125,False,True,1.5,True,1.5,False,False,False,True,True,8
T5Gemma,test_iid,v3_confirmation_test_iid_0060,1,False,editor_reverse,0.6875,0.75,0.75,False,False,1.0,False,1.0,True,False,True,False,False,8
T5Gemma,test_iid,v3_confirmation_test_iid_0060,1,False,radial_orthogonal_random,1.875,2.0,2.0,False,False,,False,2.0,False,False,False,True,False,8
T5Gemma,test_iid,v3_confirmation_test_iid_0060,1,False,toward_gold,0.9375,1.0,1.0,False,False,1.0,False,1.0,True,False,True,False,False,8
T5Gemma,test_iid,v3_confirmation_test_iid_0060,1,False,editor_orthogonal_random,2.0,,2.0,True,False,,False,2.0,False,False,False,True,False,6
T5Gemma,test_iid,v3_confirmation_test_iid_0062,1,False,editor_forward,1.0,1.125,1.125,False,True,1.5,True,1.5,False,False,False,True,True,8
T5Gemma,test_iid,v3_confirmation_test_iid_0062,1,False,editor_reverse,0.75,0.8125,0.8125,False,False,1.5,False,1.5,False,False,True,False,False,8
T5Gemma,test_iid,v3_confirmation_test_iid_0062,1,False,radial_orthogonal_random,2.0,,2.0,True,False,,False,2.0,False,False,False,True,False,6
T5Gemma,test_iid,v3_confirmation_test_iid_0062,1,False,toward_gold,1.125,1.25,1.25,False,False,1.5,False,1.5,False,False,False,True,False,8
T5Gemma,test_iid,v3_confirmation_test_iid_0062,1,False,editor_orthogonal_random,2.0,,2.0,True,False,,False,2.0,False,False,False,True,False,6
T5Gemma,test_iid,v3_confirmation_test_iid_0063,1,False,editor_forward,1.125,1.25,1.25,False,True,1.5,True,1.5,False,False,False,True,True,8
T5Gemma,test_iid,v3_confirmation_test_iid_0063,1,False,editor_reverse,0.6875,0.75,0.75,False,False,1.5,False,1.5,False,False,True,False,False,8
T5Gemma,test_iid,v3_confirmation_test_iid_0063,1,False,radial_orthogonal_random,2.0,,2.0,True,False,,False,2.0,False,False,False,True,False,6
T5Gemma,test_iid,v3_confirmation_test_iid_0063,1,False,toward_gold,1.25,1.375,1.375,False,False,1.5,False,1.5,False,False,False,True,False,8
T5Gemma,test_iid,v3_confirmation_test_iid_0063,1,False,editor_orthogonal_random,2.0,,2.0,True,False,,False,2.0,False,False,False,True,False,6
T5Gemma,test_iid,v3_confirmation_test_iid_0065,1,False,editor_forward,1.0,1.125,1.125,False,False,1.5,False,1.5,False,False,False,True,True,8
T5Gemma,test_iid,v3_confirmation_test_iid_0065,1,False,editor_reverse,0.625,0.6875,0.6875,False,False,1.5,False,1.5,False,False,True,False,False,8
T5Gemma,test_iid,v3_confirmation_test_iid_0065,1,False,radial_orthogonal_random,2.0,,2.0,True,False,,False,2.0,False,False,False,True,False,6
T5Gemma,test_iid,v3_confirmation_test_iid_0065,1,False,toward_gold,1.25,1.375,1.375,False,False,1.5,False,1.5,False,False,False,True,False,8
T5Gemma,test_iid,v3_confirmation_test_iid_0065,1,False,editor_orthogonal_random,2.0,,2.0,True,False,,False,2.0,False,False,False,True,False,6
T5Gemma,test_iid,v3_confirmation_test_iid_0066,1,False,editor_forward,0.9375,1.0,1.0,False,True,1.0,True,1.0,True,False,True,False,False,8
T5Gemma,test_iid,v3_confirmation_test_iid_0066,1,False,editor_reverse,0.75,0.8125,0.8125,False,False,1.0,False,1.0,True,False,True,False,False,8
T5Gemma,test_iid,v3_confirmation_test_iid_0066,1,False,radial_orthogonal_random,2.0,,2.0,True,False,,False,2.0,False,False,False,True,False,6
T5Gemma,test_iid,v3_confirmation_test_iid_0066,1,False,toward_gold,0.9375,1.0,1.0,False,False,1.0,False,1.0,True,False,True,False,False,8
T5Gemma,test_iid,v3_confirmation_test_iid_0066,1,False,editor_orthogonal_random,2.0,,2.0,True,False,,False,2.0,False,False,False,True,False,6
T5Gemma,test_iid,v3_confirmation_test_iid_0068,1,True,editor_forward,0.9375,1.0,1.0,False,True,1.0,True,1.0,True,False,True,False,False,8
T5Gemma,test_iid,v3_confirmation_test_iid_0068,1,True,editor_reverse,0.75,0.8125,0.8125,False,False,1.0,False,1.0,True,False,True,False,False,8
T5Gemma,test_iid,v3_confirmation_test_iid_0068,1,True,radial_orthogonal_random,2.0,,2.0,True,False,,False,2.0,False,False,False,True,False,6
T5Gemma,test_iid,v3_confirmation_test_iid_0068,1,True,toward_gold,1.0,1.125,1.125,False,False,1.5,False,1.5,False,False,False,True,False,8
T5Gemma,test_iid,v3_confirmation_test_iid_0068,1,True,editor_orthogonal_random,2.0,,2.0,True,False,,False,2.0,False,False,False,True,False,6
T5Gemma,test_iid,v3_confirmation_test_iid_0069,1,False,editor_forward,1.125,1.25,1.25,False,False,1.5,False,1.5,False,False,False,True,True,8
T5Gemma,test_iid,v3_confirmation_test_iid_0069,1,False,editor_reverse,0.625,0.6875,0.6875,False,False,1.5,False,1.5,False,False,True,False,False,8
T5Gemma,test_iid,v3_confirmation_test_iid_0069,1,False,radial_orthogonal_random,1.75,1.875,1.875,False,False,,False,2.0,False,False,False,True,False,8
T5Gemma,test_iid,v3_confirmation_test_iid_0069,1,False,toward_gold,0.375,0.4375,0.4375,False,True,1.5,False,1.5,False,True,True,True,False,8
T5Gemma,test_iid,v3_confirmation_test_iid_0069,1,False,editor_orthogonal_random,2.0,,2.0,True,False,,False,2.0,False,False,False,True,False,6
T5Gemma,test_iid,v3_confirmation_test_iid_0071,1,False,editor_forward,1.25,1.375,1.375,False,False,1.5,False,1.5,False,False,False,True,True,8
T5Gemma,test_iid,v3_confirmation_test_iid_0071,1,False,editor_reverse,0.6875,0.75,0.75,False,False,1.5,False,1.5,False,False,True,False,False,8
T5Gemma,test_iid,v3_confirmation_test_iid_0071,1,False,radial_orthogonal_random,2.0,,2.0,True,False,,False,2.0,False,False,False,True,False,6
T5Gemma,test_iid,v3_confirmation_test_iid_0071,1,False,toward_gold,0.25,0.3125,0.3125,False,True,1.5,False,1.5,False,True,True,True,False,8
T5Gemma,test_iid,v3_confirmation_test_iid_0071,1,False,editor_orthogonal_random,2.0,,2.0,True,False,,False,2.0,False,False,False,True,False,6
T5Gemma,test_iid,v3_confirmation_test_iid_0060,2,True,editor_forward,0.0,0.0625,0.0625,False,True,0.25,True,0.25,True,True,True,True,False,8
T5Gemma,test_iid,v3_confirmation_test_iid_0060,2,True,editor_reverse,0.375,0.4375,0.4375,False,False,2.0,False,2.0,False,True,True,False,False,8
T5Gemma,test_iid,v3_confirmation_test_iid_0060,2,True,radial_orthogonal_random,2.0,,2.0,True,False,,False,2.0,False,False,False,True,False,6
T5Gemma,test_iid,v3_confirmation_test_iid_0060,2,True,toward_gold,0.5,0.5625,0.5625,False,True,2.0,False,2.0,False,False,True,False,False,8
T5Gemma,test_iid,v3_confirmation_test_iid_0060,2,True,editor_orthogonal_random,0.1875,0.25,0.25,False,True,0.25,True,0.25,True,True,True,True,False,8
T5Gemma,test_iid,v3_confirmation_test_iid_0062,2,True,editor_forward,0.0,0.0625,0.0625,False,True,0.25,True,0.25,True,True,True,True,False,8
T5Gemma,test_iid,v3_confirmation_test_iid_0062,2,True,editor_reverse,0.375,0.4375,0.4375,False,False,2.0,False,2.0,False,True,True,False,False,8
T5Gemma,test_iid,v3_confirmation_test_iid_0062,2,True,radial_orthogonal_random,1.75,1.875,1.875,False,False,2.0,False,2.0,False,False,False,True,False,8
T5Gemma,test_iid,v3_confirmation_test_iid_0062,2,True,toward_gold,0.5625,0.625,0.625,False,True,2.0,False,2.0,False,False,True,False,False,8
T5Gemma,test_iid,v3_confirmation_test_iid_0062,2,True,editor_orthogonal_random,2.0,,2.0,True,False,,False,2.0,False,False,False,True,False,6
T5Gemma,test_iid,v3_confirmation_test_iid_0063,2,True,editor_forward,0.0625,0.125,0.125,False,True,0.25,True,0.25,True,True,True,True,False,8
T5Gemma,test_iid,v3_confirmation_test_iid_0063,2,True,editor_reverse,0.375,0.4375,0.4375,False,False,2.0,False,2.0,False,True,True,False,False,8
T5Gemma,test_iid,v3_confirmation_test_iid_0063,2,True,radial_orthogonal_random,1.375,1.5,1.5,False,False,2.0,False,2.0,False,False,False,True,False,8
T5Gemma,test_iid,v3_confirmation_test_iid_0063,2,True,toward_gold,0.4375,0.5,0.5,False,True,2.0,False,2.0,False,True,True,False,False,8
T5Gemma,test_iid,v3_confirmation_test_iid_0063,2,True,editor_orthogonal_random,1.5,1.625,1.625,False,False,2.0,False,2.0,False,False,False,True,False,8
T5Gemma,test_iid,v3_confirmation_test_iid_0065,2,True,editor_forward,0.0625,0.125,0.125,False,True,0.25,True,0.25,True,True,True,True,False,8
T5Gemma,test_iid,v3_confirmation_test_iid_0065,2,True,editor_reverse,0.4375,0.5,0.5,False,False,2.0,False,2.0,False,True,True,False,False,8
T5Gemma,test_iid,v3_confirmation_test_iid_0065,2,True,radial_orthogonal_random,1.625,1.75,1.75,False,False,,False,2.0,False,False,False,True,False,8
T5Gemma,test_iid,v3_confirmation_test_iid_0065,2,True,toward_gold,0.4375,0.5,0.5,False,True,2.0,False,2.0,False,True,True,False,False,8
T5Gemma,test_iid,v3_confirmation_test_iid_0065,2,True,editor_orthogonal_random,0.5,0.5625,0.5625,False,True,0.75,True,0.75,True,False,True,False,False,8
T5Gemma,test_iid,v3_confirmation_test_iid_0066,2,True,editor_forward,0.0,0.0625,0.0625,False,False,0.25,True,0.25,True,True,True,False,False,8
T5Gemma,test_iid,v3_confirmation_test_iid_0066,2,True,editor_reverse,0.375,0.4375,0.4375,False,False,2.0,False,2.0,False,True,True,False,False,8
T5Gemma,test_iid,v3_confirmation_test_iid_0066,2,True,radial_orthogonal_random,0.0,0.0625,0.0625,False,False,0.25,False,0.25,True,True,True,False,False,8
T5Gemma,test_iid,v3_confirmation_test_iid_0066,2,True,toward_gold,0.875,0.9375,0.9375,False,True,2.0,False,2.0,False,False,True,False,False,8
T5Gemma,test_iid,v3_confirmation_test_iid_0066,2,True,editor_orthogonal_random,0.0625,0.125,0.125,False,True,0.25,True,0.25,True,True,True,False,False,8
T5Gemma,test_iid,v3_confirmation_test_iid_0069,2,True,editor_forward,0.1875,0.25,0.25,False,False,0.25,False,0.25,True,True,True,False,False,8
T5Gemma,test_iid,v3_confirmation_test_iid_0069,2,True,editor_reverse,0.375,0.4375,0.4375,False,False,2.0,False,2.0,False,True,True,False,False,8
T5Gemma,test_iid,v3_confirmation_test_iid_0069,2,True,radial_orthogonal_random,1.75,1.875,1.875,False,False,2.0,False,2.0,False,False,False,True,False,8
T5Gemma,test_iid,v3_confirmation_test_iid_0069,2,True,toward_gold,0.625,0.6875,0.6875,False,True,2.0,False,2.0,False,False,True,False,False,8
T5Gemma,test_iid,v3_confirmation_test_iid_0069,2,True,editor_orthogonal_random,0.4375,0.5,0.5,False,False,0.5,False,0.5,True,True,True,False,False,8
T5Gemma,test_iid,v3_confirmation_test_iid_0071,2,True,editor_forward,0.1875,0.25,0.25,False,True,0.25,True,0.25,True,True,True,True,False,8
T5Gemma,test_iid,v3_confirmation_test_iid_0071,2,True,editor_reverse,0.4375,0.5,0.5,False,False,2.0,False,2.0,False,True,True,False,False,8
T5Gemma,test_iid,v3_confirmation_test_iid_0071,2,True,radial_orthogonal_random,2.0,,2.0,True,False,,False,2.0,False,False,False,True,False,6
T5Gemma,test_iid,v3_confirmation_test_iid_0071,2,True,toward_gold,0.5625,0.625,0.625,False,True,2.0,False,2.0,False,False,True,False,False,8
T5Gemma,test_iid,v3_confirmation_test_iid_0071,2,True,editor_orthogonal_random,0.1875,0.25,0.25,False,False,0.25,False,0.25,True,True,True,False,False,8
T5Gemma,test_iid,v3_confirmation_test_iid_0072,1,False,editor_forward,1.0,1.125,1.125,False,True,1.5,True,1.5,False,False,False,True,True,8
T5Gemma,test_iid,v3_confirmation_test_iid_0072,1,False,editor_reverse,0.75,0.8125,0.8125,False,False,1.5,False,1.5,False,False,True,False,False,8
T5Gemma,test_iid,v3_confirmation_test_iid_0072,1,False,radial_orthogonal_random,1.75,1.875,1.875,False,False,,False,2.0,False,False,False,True,False,8
T5Gemma,test_iid,v3_confirmation_test_iid_0072,1,False,toward_gold,0.3125,0.375,0.375,False,True,1.5,False,1.5,False,True,True,True,False,8
T5Gemma,test_iid,v3_confirmation_test_iid_0072,1,False,editor_orthogonal_random,1.625,1.75,1.75,False,False,2.0,False,2.0,False,False,False,True,False,8
T5Gemma,test_iid,v3_confirmation_test_iid_0074,1,True,editor_forward,0.9375,1.0,1.0,False,True,1.0,True,1.0,True,False,True,False,False,8
T5Gemma,test_iid,v3_confirmation_test_iid_0074,1,True,editor_reverse,0.75,0.8125,0.8125,False,False,1.5,False,1.5,False,False,True,False,False,8
T5Gemma,test_iid,v3_confirmation_test_iid_0074,1,True,radial_orthogonal_random,2.0,,2.0,True,False,,False,2.0,False,False,False,True,False,6
T5Gemma,test_iid,v3_confirmation_test_iid_0074,1,True,toward_gold,1.125,1.25,1.25,False,False,1.5,False,1.5,False,False,False,True,False,8
T5Gemma,test_iid,v3_confirmation_test_iid_0074,1,True,editor_orthogonal_random,2.0,,2.0,True,False,,False,2.0,False,False,False,True,False,6
T5Gemma,test_iid,v3_confirmation_test_iid_0075,1,False,editor_forward,1.0,1.125,1.125,False,False,1.5,False,1.5,False,False,False,True,True,8
T5Gemma,test_iid,v3_confirmation_test_iid_0075,1,False,editor_reverse,0.8125,0.875,0.875,False,False,1.0,False,1.0,True,False,True,False,False,8
T5Gemma,test_iid,v3_confirmation_test_iid_0075,1,False,radial_orthogonal_random,2.0,,2.0,True,False,,False,2.0,False,False,False,True,False,6
T5Gemma,test_iid,v3_confirmation_test_iid_0075,1,False,toward_gold,1.125,1.25,1.25,False,False,1.5,False,1.5,False,False,False,True,False,8
T5Gemma,test_iid,v3_confirmation_test_iid_0075,1,False,editor_orthogonal_random,2.0,,2.0,True,False,,False,2.0,False,False,False,True,False,6
T5Gemma,test_iid,v3_confirmation_test_iid_0077,1,False,editor_forward,1.0,1.125,1.125,False,True,1.5,True,1.5,False,False,False,True,True,8
T5Gemma,test_iid,v3_confirmation_test_iid_0077,1,False,editor_reverse,0.8125,0.875,0.875,False,False,1.0,False,1.0,True,False,True,False,False,8
T5Gemma,test_iid,v3_confirmation_test_iid_0077,1,False,radial_orthogonal_random,2.0,,2.0,True,False,,False,2.0,False,False,False,True,False,6
T5Gemma,test_iid,v3_confirmation_test_iid_0077,1,False,toward_gold,1.125,1.25,1.25,False,False,1.5,False,1.5,False,False,False,True,False,8
T5Gemma,test_iid,v3_confirmation_test_iid_0077,1,False,editor_orthogonal_random,2.0,,2.0,True,False,,False,2.0,False,False,False,True,False,6
T5Gemma,test_iid,v3_confirmation_test_iid_0078,1,False,editor_forward,1.25,1.375,1.375,False,True,1.5,True,1.5,False,False,False,True,True,8
T5Gemma,test_iid,v3_confirmation_test_iid_0078,1,False,editor_reverse,0.75,0.8125,0.8125,False,False,1.5,False,1.5,False,False,True,False,False,8
T5Gemma,test_iid,v3_confirmation_test_iid_0078,1,False,radial_orthogonal_random,0.9375,1.0,1.0,False,False,,False,2.0,False,False,True,False,False,8
T5Gemma,test_iid,v3_confirmation_test_iid_0078,1,False,toward_gold,1.0,1.125,1.125,False,False,1.5,False,1.5,False,False,False,True,False,8
T5Gemma,test_iid,v3_confirmation_test_iid_0078,1,False,editor_orthogonal_random,1.0,1.125,1.125,False,False,,False,2.0,False,False,False,True,False,8
T5Gemma,test_iid,v3_confirmation_test_iid_0072,2,True,editor_forward,0.0,0.0625,0.0625,False,True,0.25,True,0.25,True,True,True,True,False,8
T5Gemma,test_iid,v3_confirmation_test_iid_0072,2,True,editor_reverse,0.4375,0.5,0.5,False,False,1.5,False,1.5,False,True,True,False,False,8
T5Gemma,test_iid,v3_confirmation_test_iid_0072,2,True,radial_orthogonal_random,0.125,0.1875,0.1875,False,False,0.25,False,0.25,True,True,True,False,False,8
T5Gemma,test_iid,v3_confirmation_test_iid_0072,2,True,toward_gold,0.5625,0.625,0.625,False,True,2.0,False,2.0,False,False,True,False,False,8
T5Gemma,test_iid,v3_confirmation_test_iid_0072,2,True,editor_orthogonal_random,2.0,,2.0,True,False,,False,2.0,False,False,False,True,False,6
T5Gemma,test_iid,v3_confirmation_test_iid_0075,2,True,editor_forward,0.0,0.0625,0.0625,False,False,0.25,True,0.25,True,True,True,False,False,8
T5Gemma,test_iid,v3_confirmation_test_iid_0075,2,True,editor_reverse,0.3125,0.375,0.375,False,False,2.0,False,2.0,False,True,True,False,False,8
T5Gemma,test_iid,v3_confirmation_test_iid_0075,2,True,radial_orthogonal_random,0.0625,0.125,0.125,False,False,0.25,False,0.25,True,True,True,False,False,8
T5Gemma,test_iid,v3_confirmation_test_iid_0075,2,True,toward_gold,0.4375,0.5,0.5,False,True,2.0,False,2.0,False,True,True,False,False,8
T5Gemma,test_iid,v3_confirmation_test_iid_0075,2,True,editor_orthogonal_random,1.5,1.625,1.625,False,False,2.0,False,2.0,False,False,False,True,False,8
T5Gemma,test_iid,v3_confirmation_test_iid_0077,2,True,editor_forward,0.0625,0.125,0.125,False,True,0.25,True,0.25,True,True,True,True,False,8
T5Gemma,test_iid,v3_confirmation_test_iid_0077,2,True,editor_reverse,0.3125,0.375,0.375,False,False,2.0,False,2.0,False,True,True,False,False,8
T5Gemma,test_iid,v3_confirmation_test_iid_0077,2,True,radial_orthogonal_random,1.625,1.75,1.75,False,False,2.0,False,2.0,False,False,False,True,False,8
T5Gemma,test_iid,v3_confirmation_test_iid_0077,2,True,toward_gold,0.3125,0.375,0.375,False,True,2.0,False,2.0,False,True,True,False,False,8
T5Gemma,test_iid,v3_confirmation_test_iid_0077,2,True,editor_orthogonal_random,1.375,1.5,1.5,False,False,1.5,False,1.5,False,False,False,True,False,8
T5Gemma,test_iid,v3_confirmation_test_iid_0078,2,True,editor_forward,0.25,0.3125,0.3125,False,True,0.5,True,0.5,True,True,True,True,False,8
T5Gemma,test_iid,v3_confirmation_test_iid_0078,2,True,editor_reverse,0.375,0.4375,0.4375,False,False,2.0,False,2.0,False,True,True,False,False,8
T5Gemma,test_iid,v3_confirmation_test_iid_0078,2,True,radial_orthogonal_random,0.4375,0.5,0.5,False,False,0.5,False,0.5,True,True,True,False,False,8
T5Gemma,test_iid,v3_confirmation_test_iid_0078,2,True,toward_gold,0.375,0.4375,0.4375,False,True,2.0,False,2.0,False,True,True,False,False,8
T5Gemma,test_iid,v3_confirmation_test_iid_0078,2,True,editor_orthogonal_random,1.625,1.75,1.75,False,False,2.0,False,2.0,False,False,False,True,False,8
T5Gemma,test_template_ood,v3_confirmation_test_template_ood_0000,1,False,editor_forward,1.25,1.375,1.375,False,False,1.5,False,1.5,False,False,False,True,True,8
T5Gemma,test_template_ood,v3_confirmation_test_template_ood_0000,1,False,editor_reverse,0.75,0.8125,0.8125,False,False,1.0,False,1.0,True,False,True,False,False,8
T5Gemma,test_template_ood,v3_confirmation_test_template_ood_0000,1,False,radial_orthogonal_random,2.0,,2.0,True,False,,False,2.0,False,False,False,True,True,6
T5Gemma,test_template_ood,v3_confirmation_test_template_ood_0000,1,False,toward_gold,1.125,1.25,1.25,False,False,1.5,False,1.5,False,False,False,True,False,8
T5Gemma,test_template_ood,v3_confirmation_test_template_ood_0000,1,False,editor_orthogonal_random,2.0,,2.0,True,False,,False,2.0,False,False,False,True,False,6
T5Gemma,test_template_ood,v3_confirmation_test_template_ood_0002,1,False,editor_forward,1.125,1.25,1.25,False,False,1.5,False,1.5,False,False,False,True,True,8
T5Gemma,test_template_ood,v3_confirmation_test_template_ood_0002,1,False,editor_reverse,0.75,0.8125,0.8125,False,False,1.5,False,1.5,False,False,True,False,False,8
T5Gemma,test_template_ood,v3_confirmation_test_template_ood_0002,1,False,radial_orthogonal_random,2.0,,2.0,True,False,,False,2.0,False,False,False,True,False,6
T5Gemma,test_template_ood,v3_confirmation_test_template_ood_0002,1,False,toward_gold,1.125,1.25,1.25,False,False,1.5,False,1.5,False,False,False,True,False,8
T5Gemma,test_template_ood,v3_confirmation_test_template_ood_0002,1,False,editor_orthogonal_random,2.0,,2.0,True,False,,False,2.0,False,False,False,True,False,6
T5Gemma,test_template_ood,v3_confirmation_test_template_ood_0003,1,False,editor_forward,1.125,1.25,1.25,False,False,1.5,True,1.5,False,False,False,True,True,8
T5Gemma,test_template_ood,v3_confirmation_test_template_ood_0003,1,False,editor_reverse,0.6875,0.75,0.75,False,False,1.5,False,1.5,False,False,True,False,False,8
T5Gemma,test_template_ood,v3_confirmation_test_template_ood_0003,1,False,radial_orthogonal_random,2.0,,2.0,True,False,,False,2.0,False,False,False,True,False,6
T5Gemma,test_template_ood,v3_confirmation_test_template_ood_0003,1,False,toward_gold,1.125,1.25,1.25,False,False,1.5,False,1.5,False,False,False,True,False,8
T5Gemma,test_template_ood,v3_confirmation_test_template_ood_0003,1,False,editor_orthogonal_random,2.0,,2.0,True,False,,False,2.0,False,False,False,True,False,6
T5Gemma,test_template_ood,v3_confirmation_test_template_ood_0005,1,False,editor_forward,1.125,1.25,1.25,False,True,1.5,True,1.5,False,False,False,True,True,8
T5Gemma,test_template_ood,v3_confirmation_test_template_ood_0005,1,False,editor_reverse,0.6875,0.75,0.75,False,False,1.0,False,1.0,True,False,True,False,False,8
T5Gemma,test_template_ood,v3_confirmation_test_template_ood_0005,1,False,radial_orthogonal_random,2.0,,2.0,True,False,,False,2.0,False,False,False,True,False,6
T5Gemma,test_template_ood,v3_confirmation_test_template_ood_0005,1,False,toward_gold,0.9375,1.0,1.0,False,False,1.0,False,1.0,True,False,True,False,False,8
T5Gemma,test_template_ood,v3_confirmation_test_template_ood_0005,1,False,editor_orthogonal_random,2.0,,2.0,True,False,,False,2.0,False,False,False,True,False,6
T5Gemma,test_template_ood,v3_confirmation_test_template_ood_0006,1,False,editor_forward,1.125,1.25,1.25,False,True,1.5,True,1.5,False,False,False,True,True,8
T5Gemma,test_template_ood,v3_confirmation_test_template_ood_0006,1,False,editor_reverse,0.6875,0.75,0.75,False,False,1.5,False,1.5,False,False,True,False,False,8
T5Gemma,test_template_ood,v3_confirmation_test_template_ood_0006,1,False,radial_orthogonal_random,2.0,,2.0,True,False,,False,2.0,False,False,False,True,False,6
T5Gemma,test_template_ood,v3_confirmation_test_template_ood_0006,1,False,toward_gold,0.25,0.3125,0.3125,False,True,1.5,False,1.5,False,True,True,True,False,8
T5Gemma,test_template_ood,v3_confirmation_test_template_ood_0006,1,False,editor_orthogonal_random,2.0,,2.0,True,False,,False,2.0,False,False,False,True,False,6
T5Gemma,test_template_ood,v3_confirmation_test_template_ood_0008,1,False,editor_forward,1.0,1.125,1.125,False,False,1.5,False,1.5,False,False,False,True,True,8
T5Gemma,test_template_ood,v3_confirmation_test_template_ood_0008,1,False,editor_reverse,0.625,0.6875,0.6875,False,False,1.5,False,1.5,False,False,True,False,False,8
T5Gemma,test_template_ood,v3_confirmation_test_template_ood_0008,1,False,radial_orthogonal_random,2.0,,2.0,True,False,,False,2.0,False,False,False,True,False,6
T5Gemma,test_template_ood,v3_confirmation_test_template_ood_0008,1,False,toward_gold,0.3125,0.375,0.375,False,True,1.5,False,1.5,False,True,True,True,False,8
T5Gemma,test_template_ood,v3_confirmation_test_template_ood_0008,1,False,editor_orthogonal_random,2.0,,2.0,True,False,,False,2.0,False,False,False,True,False,6
T5Gemma,test_template_ood,v3_confirmation_test_template_ood_0009,1,False,editor_forward,1.125,1.25,1.25,False,False,1.5,False,1.5,False,False,False,True,True,8
T5Gemma,test_template_ood,v3_confirmation_test_template_ood_0009,1,False,editor_reverse,0.5625,0.625,0.625,False,False,1.5,False,1.5,False,False,True,False,False,8
T5Gemma,test_template_ood,v3_confirmation_test_template_ood_0009,1,False,radial_orthogonal_random,2.0,,2.0,True,False,,False,2.0,False,False,False,True,False,6
T5Gemma,test_template_ood,v3_confirmation_test_template_ood_0009,1,False,toward_gold,0.3125,0.375,0.375,False,True,1.5,False,1.5,False,True,True,True,False,8
T5Gemma,test_template_ood,v3_confirmation_test_template_ood_0009,1,False,editor_orthogonal_random,1.625,1.75,1.75,False,False,2.0,False,2.0,False,False,False,True,False,8
T5Gemma,test_template_ood,v3_confirmation_test_template_ood_0011,1,False,editor_forward,1.125,1.25,1.25,False,False,1.5,False,1.5,False,False,False,True,True,8
T5Gemma,test_template_ood,v3_confirmation_test_template_ood_0011,1,False,editor_reverse,0.5625,0.625,0.625,False,False,1.0,False,1.0,True,False,True,False,False,8
T5Gemma,test_template_ood,v3_confirmation_test_template_ood_0011,1,False,radial_orthogonal_random,1.75,1.875,1.875,False,False,2.0,False,2.0,False,False,False,True,False,8
T5Gemma,test_template_ood,v3_confirmation_test_template_ood_0011,1,False,toward_gold,0.25,0.3125,0.3125,False,True,1.5,False,1.5,False,True,True,True,False,8
T5Gemma,test_template_ood,v3_confirmation_test_template_ood_0011,1,False,editor_orthogonal_random,2.0,,2.0,True,False,,False,2.0,False,False,False,True,False,6
T5Gemma,test_template_ood,v3_confirmation_test_template_ood_0000,2,True,editor_forward,0.125,0.1875,0.1875,False,False,0.25,False,0.25,True,True,True,False,False,8
T5Gemma,test_template_ood,v3_confirmation_test_template_ood_0000,2,True,editor_reverse,0.5,0.5625,0.5625,False,False,2.0,False,2.0,False,False,True,False,False,8
T5Gemma,test_template_ood,v3_confirmation_test_template_ood_0000,2,True,radial_orthogonal_random,2.0,,2.0,True,False,,False,2.0,False,False,False,True,False,6
T5Gemma,test_template_ood,v3_confirmation_test_template_ood_0000,2,True,toward_gold,0.75,0.8125,0.8125,False,True,2.0,False,2.0,False,False,True,False,False,8
T5Gemma,test_template_ood,v3_confirmation_test_template_ood_0000,2,True,editor_orthogonal_random,0.6875,0.75,0.75,False,True,0.75,True,0.75,True,False,True,True,False,8
T5Gemma,test_template_ood,v3_confirmation_test_template_ood_0002,2,True,editor_forward,0.125,0.1875,0.1875,False,False,0.25,False,0.25,True,True,True,False,False,8
T5Gemma,test_template_ood,v3_confirmation_test_template_ood_0002,2,True,editor_reverse,0.375,0.4375,0.4375,False,False,2.0,False,2.0,False,True,True,False,False,8
T5Gemma,test_template_ood,v3_confirmation_test_template_ood_0002,2,True,radial_orthogonal_random,0.3125,0.375,0.375,False,True,0.5,True,0.5,True,True,True,True,False,8
T5Gemma,test_template_ood,v3_confirmation_test_template_ood_0002,2,True,toward_gold,0.4375,0.5,0.5,False,True,2.0,False,2.0,False,True,True,False,False,8
T5Gemma,test_template_ood,v3_confirmation_test_template_ood_0002,2,True,editor_orthogonal_random,2.0,,2.0,True,False,,False,2.0,False,False,False,True,False,6
T5Gemma,test_template_ood,v3_confirmation_test_template_ood_0003,2,True,editor_forward,0.125,0.1875,0.1875,False,False,0.25,True,0.25,True,True,True,False,False,8
T5Gemma,test_template_ood,v3_confirmation_test_template_ood_0003,2,True,editor_reverse,0.5,0.5625,0.5625,False,False,2.0,False,2.0,False,False,True,False,False,8
T5Gemma,test_template_ood,v3_confirmation_test_template_ood_0003,2,True,radial_orthogonal_random,0.5625,0.625,0.625,False,True,0.75,True,0.75,True,False,True,False,False,8
T5Gemma,test_template_ood,v3_confirmation_test_template_ood_0003,2,True,toward_gold,0.9375,1.0,1.0,False,True,2.0,False,2.0,False,False,True,False,False,8
T5Gemma,test_template_ood,v3_confirmation_test_template_ood_0003,2,True,editor_orthogonal_random,1.875,2.0,2.0,False,False,2.0,False,2.0,False,False,False,True,False,8
T5Gemma,test_template_ood,v3_confirmation_test_template_ood_0005,2,True,editor_forward,0.125,0.1875,0.1875,False,False,0.25,True,0.25,True,True,True,False,False,8
T5Gemma,test_template_ood,v3_confirmation_test_template_ood_0005,2,True,editor_reverse,0.4375,0.5,0.5,False,False,2.0,False,2.0,False,True,True,False,False,8
T5Gemma,test_template_ood,v3_confirmation_test_template_ood_0005,2,True,radial_orthogonal_random,1.875,2.0,2.0,False,False,2.0,False,2.0,False,False,False,True,False,8
T5Gemma,test_template_ood,v3_confirmation_test_template_ood_0005,2,True,toward_gold,0.75,0.8125,0.8125,False,True,2.0,False,2.0,False,False,True,False,False,8
T5Gemma,test_template_ood,v3_confirmation_test_template_ood_0005,2,True,editor_orthogonal_random,0.1875,0.25,0.25,False,False,0.25,False,0.25,True,True,True,False,False,8
T5Gemma,test_template_ood,v3_confirmation_test_template_ood_0006,2,True,editor_forward,0.125,0.1875,0.1875,False,False,0.25,True,0.25,True,True,True,False,False,8
T5Gemma,test_template_ood,v3_confirmation_test_template_ood_0006,2,True,editor_reverse,0.4375,0.5,0.5,False,False,2.0,False,2.0,False,True,True,False,False,8
T5Gemma,test_template_ood,v3_confirmation_test_template_ood_0006,2,True,radial_orthogonal_random,0.25,0.3125,0.3125,False,False,0.5,False,0.5,True,True,True,False,False,8
T5Gemma,test_template_ood,v3_confirmation_test_template_ood_0006,2,True,toward_gold,0.75,0.8125,0.8125,False,True,2.0,False,2.0,False,False,True,False,False,8
T5Gemma,test_template_ood,v3_confirmation_test_template_ood_0006,2,True,editor_orthogonal_random,1.375,1.5,1.5,False,False,1.5,False,1.5,False,False,False,True,False,8
T5Gemma,test_template_ood,v3_confirmation_test_template_ood_0008,2,True,editor_forward,0.0625,0.125,0.125,False,True,0.25,True,0.25,True,True,True,True,False,8
T5Gemma,test_template_ood,v3_confirmation_test_template_ood_0008,2,True,editor_reverse,0.375,0.4375,0.4375,False,False,2.0,False,2.0,False,True,True,False,False,8
T5Gemma,test_template_ood,v3_confirmation_test_template_ood_0008,2,True,radial_orthogonal_random,0.1875,0.25,0.25,False,True,0.25,True,0.25,True,True,True,False,False,8
T5Gemma,test_template_ood,v3_confirmation_test_template_ood_0008,2,True,toward_gold,0.375,0.4375,0.4375,False,True,2.0,False,2.0,False,True,True,False,False,8
T5Gemma,test_template_ood,v3_confirmation_test_template_ood_0008,2,True,editor_orthogonal_random,0.1875,0.25,0.25,False,True,0.25,True,0.25,True,True,True,True,False,8
T5Gemma,test_template_ood,v3_confirmation_test_template_ood_0009,2,True,editor_forward,0.125,0.1875,0.1875,False,False,0.25,False,0.25,True,True,True,False,False,8
T5Gemma,test_template_ood,v3_confirmation_test_template_ood_0009,2,True,editor_reverse,0.0625,0.125,0.125,False,False,2.0,False,2.0,False,True,True,False,False,8
T5Gemma,test_template_ood,v3_confirmation_test_template_ood_0009,2,True,radial_orthogonal_random,0.1875,0.25,0.25,False,False,0.25,False,0.25,True,True,True,False,False,8
T5Gemma,test_template_ood,v3_confirmation_test_template_ood_0009,2,True,toward_gold,0.125,0.1875,0.1875,False,True,2.0,False,2.0,False,True,True,False,False,8
T5Gemma,test_template_ood,v3_confirmation_test_template_ood_0009,2,True,editor_orthogonal_random,0.1875,0.25,0.25,False,False,1.0,True,1.0,True,True,True,False,False,8
T5Gemma,test_template_ood,v3_confirmation_test_template_ood_0011,2,True,editor_forward,0.125,0.1875,0.1875,False,False,0.25,False,0.25,True,True,True,False,False,8
T5Gemma,test_template_ood,v3_confirmation_test_template_ood_0011,2,True,editor_reverse,0.1875,0.25,0.25,False,False,2.0,False,2.0,False,True,True,False,False,8
T5Gemma,test_template_ood,v3_confirmation_test_template_ood_0011,2,True,radial_orthogonal_random,0.25,0.3125,0.3125,False,False,0.5,False,0.5,True,True,True,False,False,8
T5Gemma,test_template_ood,v3_confirmation_test_template_ood_0011,2,True,toward_gold,0.4375,0.5,0.5,False,True,2.0,False,2.0,False,True,True,False,False,8
T5Gemma,test_template_ood,v3_confirmation_test_template_ood_0011,2,True,editor_orthogonal_random,0.375,0.4375,0.4375,False,False,0.5,False,0.5,True,True,True,False,False,8
T5Gemma,test_template_ood,v3_confirmation_test_template_ood_0012,1,False,editor_forward,1.25,1.375,1.375,False,False,1.5,True,1.5,False,False,False,True,True,8
T5Gemma,test_template_ood,v3_confirmation_test_template_ood_0012,1,False,editor_reverse,0.75,0.8125,0.8125,False,False,1.0,False,1.0,True,False,True,False,False,8
T5Gemma,test_template_ood,v3_confirmation_test_template_ood_0012,1,False,radial_orthogonal_random,2.0,,2.0,True,False,,False,2.0,False,False,False,True,False,6
T5Gemma,test_template_ood,v3_confirmation_test_template_ood_0012,1,False,toward_gold,1.0,1.125,1.125,False,False,1.5,False,1.5,False,False,False,True,False,8
T5Gemma,test_template_ood,v3_confirmation_test_template_ood_0012,1,False,editor_orthogonal_random,2.0,,2.0,True,False,,False,2.0,False,False,False,True,False,6
T5Gemma,test_template_ood,v3_confirmation_test_template_ood_0014,1,False,editor_forward,1.125,1.25,1.25,False,False,1.5,False,1.5,False,False,False,True,True,8
T5Gemma,test_template_ood,v3_confirmation_test_template_ood_0014,1,False,editor_reverse,0.75,0.8125,0.8125,False,False,1.0,False,1.0,True,False,True,False,False,8
T5Gemma,test_template_ood,v3_confirmation_test_template_ood_0014,1,False,radial_orthogonal_random,2.0,,2.0,True,False,,False,2.0,False,False,False,True,False,6
T5Gemma,test_template_ood,v3_confirmation_test_template_ood_0014,1,False,toward_gold,1.0,1.125,1.125,False,False,1.5,False,1.5,False,False,False,True,False,8
T5Gemma,test_template_ood,v3_confirmation_test_template_ood_0014,1,False,editor_orthogonal_random,2.0,,2.0,True,False,,False,2.0,False,False,False,True,False,6
T5Gemma,test_template_ood,v3_confirmation_test_template_ood_0015,1,False,editor_forward,1.125,1.25,1.25,False,False,1.5,False,1.5,False,False,False,True,True,8
T5Gemma,test_template_ood,v3_confirmation_test_template_ood_0015,1,False,editor_reverse,0.6875,0.75,0.75,False,False,1.0,False,1.0,True,False,True,False,False,8
T5Gemma,test_template_ood,v3_confirmation_test_template_ood_0015,1,False,radial_orthogonal_random,1.75,1.875,1.875,False,False,,False,2.0,False,False,False,True,False,8
T5Gemma,test_template_ood,v3_confirmation_test_template_ood_0015,1,False,toward_gold,1.0,1.125,1.125,False,False,1.5,False,1.5,False,False,False,True,False,8
T5Gemma,test_template_ood,v3_confirmation_test_template_ood_0015,1,False,editor_orthogonal_random,2.0,,2.0,True,False,,False,2.0,False,False,False,True,False,6
T5Gemma,test_template_ood,v3_confirmation_test_template_ood_0017,1,False,editor_forward,1.125,1.25,1.25,False,True,1.5,True,1.5,False,False,False,True,True,8
T5Gemma,test_template_ood,v3_confirmation_test_template_ood_0017,1,False,editor_reverse,0.6875,0.75,0.75,False,False,1.5,False,1.5,False,False,True,False,False,8
T5Gemma,test_template_ood,v3_confirmation_test_template_ood_0017,1,False,radial_orthogonal_random,2.0,,2.0,True,False,,False,2.0,False,False,False,True,False,6
T5Gemma,test_template_ood,v3_confirmation_test_template_ood_0017,1,False,toward_gold,1.25,1.375,1.375,False,False,1.5,False,1.5,False,False,False,True,False,8
T5Gemma,test_template_ood,v3_confirmation_test_template_ood_0017,1,False,editor_orthogonal_random,1.375,1.5,1.5,False,False,,False,2.0,False,False,False,True,False,8
T5Gemma,test_template_ood,v3_confirmation_test_template_ood_0018,1,False,editor_forward,1.125,1.25,1.25,False,True,1.5,True,1.5,False,False,False,True,True,8
T5Gemma,test_template_ood,v3_confirmation_test_template_ood_0018,1,False,editor_reverse,0.6875,0.75,0.75,False,False,1.0,False,1.0,True,False,True,False,False,8
T5Gemma,test_template_ood,v3_confirmation_test_template_ood_0018,1,False,radial_orthogonal_random,2.0,,2.0,True,False,,False,2.0,False,False,False,True,False,6
T5Gemma,test_template_ood,v3_confirmation_test_template_ood_0018,1,False,toward_gold,0.25,0.3125,0.3125,False,True,1.5,False,1.5,False,True,True,True,False,8
T5Gemma,test_template_ood,v3_confirmation_test_template_ood_0018,1,False,editor_orthogonal_random,1.875,2.0,2.0,False,False,,False,2.0,False,False,False,True,False,8
T5Gemma,test_template_ood,v3_confirmation_test_template_ood_0020,1,False,editor_forward,1.0,1.125,1.125,False,True,1.5,True,1.5,False,False,False,True,True,8
T5Gemma,test_template_ood,v3_confirmation_test_template_ood_0020,1,False,editor_reverse,0.625,0.6875,0.6875,False,False,1.0,False,1.0,True,False,True,False,False,8
T5Gemma,test_template_ood,v3_confirmation_test_template_ood_0020,1,False,radial_orthogonal_random,2.0,,2.0,True,False,,False,2.0,False,False,False,True,False,6
T5Gemma,test_template_ood,v3_confirmation_test_template_ood_0020,1,False,toward_gold,0.25,0.3125,0.3125,False,True,1.5,False,1.5,False,True,True,True,False,8
T5Gemma,test_template_ood,v3_confirmation_test_template_ood_0020,1,False,editor_orthogonal_random,2.0,,2.0,True,False,,False,2.0,False,False,False,True,False,6
T5Gemma,test_template_ood,v3_confirmation_test_template_ood_0021,1,False,editor_forward,1.125,1.25,1.25,False,False,1.5,False,1.5,False,False,False,True,True,8
T5Gemma,test_template_ood,v3_confirmation_test_template_ood_0021,1,False,editor_reverse,0.625,0.6875,0.6875,False,False,1.0,False,1.0,True,False,True,False,False,8
T5Gemma,test_template_ood,v3_confirmation_test_template_ood_0021,1,False,radial_orthogonal_random,2.0,,2.0,True,False,,False,2.0,False,False,False,True,False,6
T5Gemma,test_template_ood,v3_confirmation_test_template_ood_0021,1,False,toward_gold,0.3125,0.375,0.375,False,True,1.0,False,1.0,True,True,True,False,False,8
T5Gemma,test_template_ood,v3_confirmation_test_template_ood_0021,1,False,editor_orthogonal_random,2.0,,2.0,True,False,,False,2.0,False,False,False,True,False,6
T5Gemma,test_template_ood,v3_confirmation_test_template_ood_0023,1,False,editor_forward,1.125,1.25,1.25,False,False,1.5,False,1.5,False,False,False,True,True,8
T5Gemma,test_template_ood,v3_confirmation_test_template_ood_0023,1,False,editor_reverse,0.625,0.6875,0.6875,False,False,1.0,False,1.0,True,False,True,False,False,8
T5Gemma,test_template_ood,v3_confirmation_test_template_ood_0023,1,False,radial_orthogonal_random,2.0,,2.0,True,False,,False,2.0,False,False,False,True,False,6
T5Gemma,test_template_ood,v3_confirmation_test_template_ood_0023,1,False,toward_gold,0.3125,0.375,0.375,False,True,1.5,False,1.5,False,True,True,True,False,8
T5Gemma,test_template_ood,v3_confirmation_test_template_ood_0023,1,False,editor_orthogonal_random,2.0,,2.0,True,False,,False,2.0,False,False,False,True,False,6
T5Gemma,test_template_ood,v3_confirmation_test_template_ood_0012,2,True,editor_forward,0.1875,0.25,0.25,False,False,0.25,False,0.25,True,True,True,False,False,8
T5Gemma,test_template_ood,v3_confirmation_test_template_ood_0012,2,True,editor_reverse,0.4375,0.5,0.5,False,False,2.0,False,2.0,False,True,True,False,False,8
T5Gemma,test_template_ood,v3_confirmation_test_template_ood_0012,2,True,radial_orthogonal_random,0.4375,0.5,0.5,False,False,0.5,False,0.5,True,True,True,False,False,8
T5Gemma,test_template_ood,v3_confirmation_test_template_ood_0012,2,True,toward_gold,0.5,0.5625,0.5625,False,True,2.0,False,2.0,False,False,True,False,False,8
T5Gemma,test_template_ood,v3_confirmation_test_template_ood_0012,2,True,editor_orthogonal_random,2.0,,2.0,True,False,,False,2.0,False,False,False,True,False,6
T5Gemma,test_template_ood,v3_confirmation_test_template_ood_0014,2,True,editor_forward,0.125,0.1875,0.1875,False,False,0.25,False,0.25,True,True,True,False,False,8
T5Gemma,test_template_ood,v3_confirmation_test_template_ood_0014,2,True,editor_reverse,0.4375,0.5,0.5,False,False,2.0,False,2.0,False,True,True,False,False,8
T5Gemma,test_template_ood,v3_confirmation_test_template_ood_0014,2,True,radial_orthogonal_random,1.875,2.0,2.0,False,False,2.0,False,2.0,False,False,False,True,False,8
T5Gemma,test_template_ood,v3_confirmation_test_template_ood_0014,2,True,toward_gold,0.5625,0.625,0.625,False,True,2.0,False,2.0,False,False,True,False,False,8
T5Gemma,test_template_ood,v3_confirmation_test_template_ood_0014,2,True,editor_orthogonal_random,1.625,1.75,1.75,False,False,2.0,False,2.0,False,False,False,True,False,8
T5Gemma,test_template_ood,v3_confirmation_test_template_ood_0015,2,True,editor_forward,0.125,0.1875,0.1875,False,False,0.25,False,0.25,True,True,True,False,False,8
T5Gemma,test_template_ood,v3_confirmation_test_template_ood_0015,2,True,editor_reverse,0.5,0.5625,0.5625,False,False,2.0,False,2.0,False,False,True,False,False,8
T5Gemma,test_template_ood,v3_confirmation_test_template_ood_0015,2,True,radial_orthogonal_random,1.0,1.125,1.125,False,False,1.5,False,1.5,False,False,False,True,False,8
T5Gemma,test_template_ood,v3_confirmation_test_template_ood_0015,2,True,toward_gold,0.875,0.9375,0.9375,False,True,2.0,False,2.0,False,False,True,False,False,8
T5Gemma,test_template_ood,v3_confirmation_test_template_ood_0015,2,True,editor_orthogonal_random,1.0,1.125,1.125,False,False,1.5,False,1.5,False,False,False,True,False,8
T5Gemma,test_template_ood,v3_confirmation_test_template_ood_0017,2,True,editor_forward,0.0625,0.125,0.125,False,True,0.25,True,0.25,True,True,True,True,False,8
T5Gemma,test_template_ood,v3_confirmation_test_template_ood_0017,2,True,editor_reverse,0.4375,0.5,0.5,False,False,2.0,False,2.0,False,True,True,False,False,8
T5Gemma,test_template_ood,v3_confirmation_test_template_ood_0017,2,True,radial_orthogonal_random,0.375,0.4375,0.4375,False,True,0.5,True,0.5,True,True,True,False,False,8
T5Gemma,test_template_ood,v3_confirmation_test_template_ood_0017,2,True,toward_gold,0.375,0.4375,0.4375,False,True,2.0,False,2.0,False,True,True,False,False,8
T5Gemma,test_template_ood,v3_confirmation_test_template_ood_0017,2,True,editor_orthogonal_random,1.875,2.0,2.0,False,False,2.0,False,2.0,False,False,False,True,False,8
T5Gemma,test_template_ood,v3_confirmation_test_template_ood_0018,2,True,editor_forward,0.1875,0.25,0.25,False,False,0.25,True,0.25,True,True,True,False,False,8
T5Gemma,test_template_ood,v3_confirmation_test_template_ood_0018,2,True,editor_reverse,0.375,0.4375,0.4375,False,False,2.0,False,2.0,False,True,True,False,False,8
T5Gemma,test_template_ood,v3_confirmation_test_template_ood_0018,2,True,radial_orthogonal_random,1.125,1.25,1.25,False,True,1.5,True,1.5,False,False,False,True,False,8
T5Gemma,test_template_ood,v3_confirmation_test_template_ood_0018,2,True,toward_gold,0.4375,0.5,0.5,False,True,2.0,False,2.0,False,True,True,False,False,8
T5Gemma,test_template_ood,v3_confirmation_test_template_ood_0018,2,True,editor_orthogonal_random,1.625,1.75,1.75,False,False,,False,2.0,False,False,False,True,False,8
T5Gemma,test_template_ood,v3_confirmation_test_template_ood_0020,2,True,editor_forward,0.0625,0.125,0.125,False,True,0.25,True,0.25,True,True,True,False,False,8
T5Gemma,test_template_ood,v3_confirmation_test_template_ood_0020,2,True,editor_reverse,0.4375,0.5,0.5,False,False,2.0,False,2.0,False,True,True,False,False,8
T5Gemma,test_template_ood,v3_confirmation_test_template_ood_0020,2,True,radial_orthogonal_random,1.625,1.75,1.75,False,False,2.0,False,2.0,False,False,False,True,False,8
T5Gemma,test_template_ood,v3_confirmation_test_template_ood_0020,2,True,toward_gold,0.375,0.4375,0.4375,False,True,2.0,False,2.0,False,True,True,False,False,8
T5Gemma,test_template_ood,v3_confirmation_test_template_ood_0020,2,True,editor_orthogonal_random,1.75,1.875,1.875,False,False,,False,2.0,False,False,False,True,False,8
T5Gemma,test_template_ood,v3_confirmation_test_template_ood_0021,2,True,editor_forward,0.125,0.1875,0.1875,False,False,0.25,False,0.25,True,True,True,False,False,8
T5Gemma,test_template_ood,v3_confirmation_test_template_ood_0021,2,True,editor_reverse,0.0,0.0625,0.0625,False,False,2.0,False,2.0,False,True,True,False,False,8
T5Gemma,test_template_ood,v3_confirmation_test_template_ood_0021,2,True,radial_orthogonal_random,0.25,0.3125,0.3125,False,False,0.5,False,0.5,True,True,True,False,False,8
T5Gemma,test_template_ood,v3_confirmation_test_template_ood_0021,2,True,toward_gold,0.0,0.0625,0.0625,False,True,2.0,False,2.0,False,True,True,False,False,8
T5Gemma,test_template_ood,v3_confirmation_test_template_ood_0021,2,True,editor_orthogonal_random,0.0,0.0625,0.0625,False,False,2.0,False,2.0,False,True,True,False,False,8
T5Gemma,test_template_ood,v3_confirmation_test_template_ood_0023,2,True,editor_forward,0.0625,0.125,0.125,False,False,0.25,False,0.25,True,True,True,False,False,8
T5Gemma,test_template_ood,v3_confirmation_test_template_ood_0023,2,True,editor_reverse,0.0625,0.125,0.125,False,False,2.0,False,2.0,False,True,True,False,False,8
T5Gemma,test_template_ood,v3_confirmation_test_template_ood_0023,2,True,radial_orthogonal_random,0.125,0.1875,0.1875,False,False,0.25,False,0.25,True,True,True,False,False,8
T5Gemma,test_template_ood,v3_confirmation_test_template_ood_0023,2,True,toward_gold,0.3125,0.375,0.375,False,True,2.0,False,2.0,False,True,True,False,False,8
T5Gemma,test_template_ood,v3_confirmation_test_template_ood_0023,2,True,editor_orthogonal_random,0.3125,0.375,0.375,False,False,0.75,False,0.75,True,True,True,False,False,8
T5Gemma,test_template_ood,v3_confirmation_test_template_ood_0024,1,False,editor_forward,1.25,1.375,1.375,False,False,1.5,False,1.5,False,False,False,True,True,8
T5Gemma,test_template_ood,v3_confirmation_test_template_ood_0024,1,False,editor_reverse,0.75,0.8125,0.8125,False,False,1.5,False,1.5,False,False,True,False,False,8
T5Gemma,test_template_ood,v3_confirmation_test_template_ood_0024,1,False,radial_orthogonal_random,2.0,,2.0,True,False,,False,2.0,False,False,False,True,False,6
T5Gemma,test_template_ood,v3_confirmation_test_template_ood_0024,1,False,toward_gold,1.125,1.25,1.25,False,False,1.5,False,1.5,False,False,False,True,False,8
T5Gemma,test_template_ood,v3_confirmation_test_template_ood_0024,1,False,editor_orthogonal_random,2.0,,2.0,True,False,,False,2.0,False,False,False,True,False,6
T5Gemma,test_template_ood,v3_confirmation_test_template_ood_0026,1,False,editor_forward,1.25,1.375,1.375,False,False,1.5,False,1.5,False,False,False,True,True,8
T5Gemma,test_template_ood,v3_confirmation_test_template_ood_0026,1,False,editor_reverse,0.6875,0.75,0.75,False,False,1.5,False,1.5,False,False,True,False,False,8
T5Gemma,test_template_ood,v3_confirmation_test_template_ood_0026,1,False,radial_orthogonal_random,2.0,,2.0,True,False,,False,2.0,False,False,False,True,False,6
T5Gemma,test_template_ood,v3_confirmation_test_template_ood_0026,1,False,toward_gold,1.125,1.25,1.25,False,False,1.5,False,1.5,False,False,False,True,False,8
T5Gemma,test_template_ood,v3_confirmation_test_template_ood_0026,1,False,editor_orthogonal_random,2.0,,2.0,True,False,,False,2.0,False,False,False,True,False,6
T5Gemma,test_template_ood,v3_confirmation_test_template_ood_0027,1,False,editor_forward,1.125,1.25,1.25,False,False,1.5,False,1.5,False,False,False,True,True,8
T5Gemma,test_template_ood,v3_confirmation_test_template_ood_0027,1,False,editor_reverse,0.75,0.8125,0.8125,False,False,1.0,False,1.0,True,False,True,False,False,8
T5Gemma,test_template_ood,v3_confirmation_test_template_ood_0027,1,False,radial_orthogonal_random,2.0,,2.0,True,False,,False,2.0,False,False,False,True,False,6
T5Gemma,test_template_ood,v3_confirmation_test_template_ood_0027,1,False,toward_gold,1.0,1.125,1.125,False,False,1.5,False,1.5,False,False,False,True,False,8
T5Gemma,test_template_ood,v3_confirmation_test_template_ood_0027,1,False,editor_orthogonal_random,2.0,,2.0,True,False,,False,2.0,False,False,False,True,False,6
T5Gemma,test_template_ood,v3_confirmation_test_template_ood_0029,1,False,editor_forward,1.0,1.125,1.125,False,True,1.5,True,1.5,False,False,False,True,True,8
T5Gemma,test_template_ood,v3_confirmation_test_template_ood_0029,1,False,editor_reverse,0.6875,0.75,0.75,False,False,1.5,False,1.5,False,False,True,False,False,8
T5Gemma,test_template_ood,v3_confirmation_test_template_ood_0029,1,False,radial_orthogonal_random,2.0,,2.0,True,False,,False,2.0,False,False,False,True,False,6
T5Gemma,test_template_ood,v3_confirmation_test_template_ood_0029,1,False,toward_gold,1.125,1.25,1.25,False,False,1.5,False,1.5,False,False,False,True,False,8
T5Gemma,test_template_ood,v3_confirmation_test_template_ood_0029,1,False,editor_orthogonal_random,2.0,,2.0,True,False,,False,2.0,False,False,False,True,False,6
T5Gemma,test_template_ood,v3_confirmation_test_template_ood_0030,1,False,editor_forward,1.125,1.25,1.25,False,False,1.5,True,1.5,False,False,False,True,True,8
T5Gemma,test_template_ood,v3_confirmation_test_template_ood_0030,1,False,editor_reverse,0.625,0.6875,0.6875,False,False,1.0,False,1.0,True,False,True,False,False,8
T5Gemma,test_template_ood,v3_confirmation_test_template_ood_0030,1,False,radial_orthogonal_random,2.0,,2.0,True,False,,False,2.0,False,False,False,True,False,6
T5Gemma,test_template_ood,v3_confirmation_test_template_ood_0030,1,False,toward_gold,0.3125,0.375,0.375,False,True,1.5,False,1.5,False,True,True,True,False,8
T5Gemma,test_template_ood,v3_confirmation_test_template_ood_0030,1,False,editor_orthogonal_random,2.0,,2.0,True,False,,False,2.0,False,False,False,True,False,6
T5Gemma,test_template_ood,v3_confirmation_test_template_ood_0032,1,False,editor_forward,1.125,1.25,1.25,False,True,1.5,True,1.5,False,False,False,True,True,8
T5Gemma,test_template_ood,v3_confirmation_test_template_ood_0032,1,False,editor_reverse,0.6875,0.75,0.75,False,False,1.5,False,1.5,False,False,True,False,False,8
T5Gemma,test_template_ood,v3_confirmation_test_template_ood_0032,1,False,radial_orthogonal_random,2.0,,2.0,True,False,,False,2.0,False,False,False,True,False,6
T5Gemma,test_template_ood,v3_confirmation_test_template_ood_0032,1,False,toward_gold,1.125,1.25,1.25,False,False,1.5,False,1.5,False,False,False,True,False,8
T5Gemma,test_template_ood,v3_confirmation_test_template_ood_0032,1,False,editor_orthogonal_random,2.0,,2.0,True,False,,False,2.0,False,False,False,True,False,6
T5Gemma,test_template_ood,v3_confirmation_test_template_ood_0033,1,True,editor_forward,1.125,1.25,1.25,False,False,1.5,False,1.5,False,False,False,True,False,8
T5Gemma,test_template_ood,v3_confirmation_test_template_ood_0033,1,True,editor_reverse,0.625,0.6875,0.6875,False,False,1.0,False,1.0,True,False,True,False,False,8
T5Gemma,test_template_ood,v3_confirmation_test_template_ood_0033,1,True,radial_orthogonal_random,2.0,,2.0,True,False,,False,2.0,False,False,False,True,False,6
T5Gemma,test_template_ood,v3_confirmation_test_template_ood_0033,1,True,toward_gold,0.3125,0.375,0.375,False,True,1.5,False,1.5,False,True,True,True,False,8
T5Gemma,test_template_ood,v3_confirmation_test_template_ood_0033,1,True,editor_orthogonal_random,2.0,,2.0,True,False,,False,2.0,False,False,False,True,False,6
T5Gemma,test_template_ood,v3_confirmation_test_template_ood_0035,1,False,editor_forward,1.125,1.25,1.25,False,False,1.5,False,1.5,False,False,False,True,True,8
T5Gemma,test_template_ood,v3_confirmation_test_template_ood_0035,1,False,editor_reverse,0.625,0.6875,0.6875,False,False,1.0,False,1.0,True,False,True,False,False,8
T5Gemma,test_template_ood,v3_confirmation_test_template_ood_0035,1,False,radial_orthogonal_random,2.0,,2.0,True,False,,False,2.0,False,False,False,True,False,6
T5Gemma,test_template_ood,v3_confirmation_test_template_ood_0035,1,False,toward_gold,0.375,0.4375,0.4375,False,True,1.0,False,1.0,True,True,True,False,False,8
T5Gemma,test_template_ood,v3_confirmation_test_template_ood_0035,1,False,editor_orthogonal_random,2.0,,2.0,True,False,,False,2.0,False,False,False,True,False,6
T5Gemma,test_template_ood,v3_confirmation_test_template_ood_0024,2,True,editor_forward,0.1875,0.25,0.25,False,False,0.25,False,0.25,True,True,True,False,False,8
T5Gemma,test_template_ood,v3_confirmation_test_template_ood_0024,2,True,editor_reverse,0.375,0.4375,0.4375,False,False,2.0,False,2.0,False,True,True,False,False,8
T5Gemma,test_template_ood,v3_confirmation_test_template_ood_0024,2,True,radial_orthogonal_random,0.4375,0.5,0.5,False,False,0.5,False,0.5,True,True,True,False,False,8
T5Gemma,test_template_ood,v3_confirmation_test_template_ood_0024,2,True,toward_gold,0.5,0.5625,0.5625,False,True,2.0,False,2.0,False,False,True,False,False,8
T5Gemma,test_template_ood,v3_confirmation_test_template_ood_0024,2,True,editor_orthogonal_random,1.875,2.0,2.0,False,False,2.0,False,2.0,False,False,False,True,False,8
T5Gemma,test_template_ood,v3_confirmation_test_template_ood_0026,2,True,editor_forward,0.1875,0.25,0.25,False,False,0.25,False,0.25,True,True,True,False,False,8
T5Gemma,test_template_ood,v3_confirmation_test_template_ood_0026,2,True,editor_reverse,0.4375,0.5,0.5,False,False,2.0,False,2.0,False,True,True,False,False,8
T5Gemma,test_template_ood,v3_confirmation_test_template_ood_0026,2,True,radial_orthogonal_random,2.0,,2.0,True,False,,False,2.0,False,False,False,True,False,6
T5Gemma,test_template_ood,v3_confirmation_test_template_ood_0026,2,True,toward_gold,0.5625,0.625,0.625,False,True,2.0,False,2.0,False,False,True,False,False,8
T5Gemma,test_template_ood,v3_confirmation_test_template_ood_0026,2,True,editor_orthogonal_random,1.875,2.0,2.0,False,False,2.0,False,2.0,False,False,False,True,False,8
T5Gemma,test_template_ood,v3_confirmation_test_template_ood_0027,2,True,editor_forward,0.125,0.1875,0.1875,False,False,0.25,True,0.25,True,True,True,False,False,8
T5Gemma,test_template_ood,v3_confirmation_test_template_ood_0027,2,True,editor_reverse,0.5625,0.625,0.625,False,False,2.0,False,2.0,False,False,True,False,False,8
T5Gemma,test_template_ood,v3_confirmation_test_template_ood_0027,2,True,radial_orthogonal_random,0.5,0.5625,0.5625,False,True,0.75,True,0.75,True,False,True,False,False,8
T5Gemma,test_template_ood,v3_confirmation_test_template_ood_0027,2,True,toward_gold,0.9375,1.0,1.0,False,True,2.0,False,2.0,False,False,True,False,False,8
T5Gemma,test_template_ood,v3_confirmation_test_template_ood_0027,2,True,editor_orthogonal_random,1.5,1.625,1.625,False,False,2.0,False,2.0,False,False,False,True,False,8
T5Gemma,test_template_ood,v3_confirmation_test_template_ood_0029,2,True,editor_forward,0.0625,0.125,0.125,False,True,0.25,True,0.25,True,True,True,True,False,8
T5Gemma,test_template_ood,v3_confirmation_test_template_ood_0029,2,True,editor_reverse,0.4375,0.5,0.5,False,False,2.0,False,2.0,False,True,True,False,False,8
T5Gemma,test_template_ood,v3_confirmation_test_template_ood_0029,2,True,radial_orthogonal_random,0.75,0.8125,0.8125,False,False,1.0,False,1.0,True,False,True,False,False,8
T5Gemma,test_template_ood,v3_confirmation_test_template_ood_0029,2,True,toward_gold,0.4375,0.5,0.5,False,True,2.0,False,2.0,False,True,True,False,False,8
T5Gemma,test_template_ood,v3_confirmation_test_template_ood_0029,2,True,editor_orthogonal_random,0.6875,0.75,0.75,False,False,0.75,False,0.75,True,False,True,False,False,8
T5Gemma,test_template_ood,v3_confirmation_test_template_ood_0030,2,True,editor_forward,0.125,0.1875,0.1875,False,False,0.25,True,0.25,True,True,True,False,False,8
T5Gemma,test_template_ood,v3_confirmation_test_template_ood_0030,2,True,editor_reverse,0.4375,0.5,0.5,False,False,2.0,False,2.0,False,True,True,False,False,8
T5Gemma,test_template_ood,v3_confirmation_test_template_ood_0030,2,True,radial_orthogonal_random,0.3125,0.375,0.375,False,False,0.5,False,0.5,True,True,True,False,False,8
T5Gemma,test_template_ood,v3_confirmation_test_template_ood_0030,2,True,toward_gold,0.5625,0.625,0.625,False,True,2.0,False,2.0,False,False,True,False,False,8
T5Gemma,test_template_ood,v3_confirmation_test_template_ood_0030,2,True,editor_orthogonal_random,1.375,1.5,1.5,False,False,2.0,False,2.0,False,False,False,True,False,8
T5Gemma,test_template_ood,v3_confirmation_test_template_ood_0032,2,True,editor_forward,0.125,0.1875,0.1875,False,False,0.25,True,0.25,True,True,True,False,False,8
T5Gemma,test_template_ood,v3_confirmation_test_template_ood_0032,2,True,editor_reverse,0.4375,0.5,0.5,False,False,2.0,False,2.0,False,True,True,False,False,8
T5Gemma,test_template_ood,v3_confirmation_test_template_ood_0032,2,True,radial_orthogonal_random,2.0,,2.0,True,False,,False,2.0,False,False,False,True,False,6
T5Gemma,test_template_ood,v3_confirmation_test_template_ood_0032,2,True,toward_gold,0.5,0.5625,0.5625,False,True,2.0,False,2.0,False,False,True,False,False,8
T5Gemma,test_template_ood,v3_confirmation_test_template_ood_0032,2,True,editor_orthogonal_random,1.5,1.625,1.625,False,False,,False,2.0,False,False,False,True,False,8
T5Gemma,test_template_ood,v3_confirmation_test_template_ood_0035,2,True,editor_forward,0.1875,0.25,0.25,False,False,0.25,False,0.25,True,True,True,False,False,8
T5Gemma,test_template_ood,v3_confirmation_test_template_ood_0035,2,True,editor_reverse,0.125,0.1875,0.1875,False,False,2.0,False,2.0,False,True,True,False,False,8
T5Gemma,test_template_ood,v3_confirmation_test_template_ood_0035,2,True,radial_orthogonal_random,0.75,0.8125,0.8125,False,False,1.0,False,1.0,True,False,True,False,False,8
T5Gemma,test_template_ood,v3_confirmation_test_template_ood_0035,2,True,toward_gold,0.375,0.4375,0.4375,False,True,2.0,False,2.0,False,True,True,False,False,8
T5Gemma,test_template_ood,v3_confirmation_test_template_ood_0035,2,True,editor_orthogonal_random,0.625,0.6875,0.6875,False,False,0.75,True,0.75,True,False,True,False,False,8
T5Gemma,test_template_ood,v3_confirmation_test_template_ood_0036,1,False,editor_forward,1.125,1.25,1.25,False,False,1.5,False,1.5,False,False,False,True,True,8
T5Gemma,test_template_ood,v3_confirmation_test_template_ood_0036,1,False,editor_reverse,0.75,0.8125,0.8125,False,False,1.0,False,1.0,True,False,True,False,False,8
T5Gemma,test_template_ood,v3_confirmation_test_template_ood_0036,1,False,radial_orthogonal_random,2.0,,2.0,True,False,,False,2.0,False,False,False,True,False,6
T5Gemma,test_template_ood,v3_confirmation_test_template_ood_0036,1,False,toward_gold,1.0,1.125,1.125,False,False,1.5,False,1.5,False,False,False,True,False,8
T5Gemma,test_template_ood,v3_confirmation_test_template_ood_0036,1,False,editor_orthogonal_random,2.0,,2.0,True,False,,False,2.0,False,False,False,True,False,6
T5Gemma,test_template_ood,v3_confirmation_test_template_ood_0038,1,False,editor_forward,1.25,1.375,1.375,False,False,1.5,False,1.5,False,False,False,True,True,8
T5Gemma,test_template_ood,v3_confirmation_test_template_ood_0038,1,False,editor_reverse,0.75,0.8125,0.8125,False,False,1.5,False,1.5,False,False,True,False,False,8
T5Gemma,test_template_ood,v3_confirmation_test_template_ood_0038,1,False,radial_orthogonal_random,2.0,,2.0,True,False,,False,2.0,False,False,False,True,False,6
T5Gemma,test_template_ood,v3_confirmation_test_template_ood_0038,1,False,toward_gold,1.125,1.25,1.25,False,False,1.5,False,1.5,False,False,False,True,False,8
T5Gemma,test_template_ood,v3_confirmation_test_template_ood_0038,1,False,editor_orthogonal_random,2.0,,2.0,True,False,,False,2.0,False,False,False,True,False,6
T5Gemma,test_template_ood,v3_confirmation_test_template_ood_0039,1,False,editor_forward,1.125,1.25,1.25,False,False,1.5,True,1.5,False,False,False,True,True,8
T5Gemma,test_template_ood,v3_confirmation_test_template_ood_0039,1,False,editor_reverse,0.625,0.6875,0.6875,False,False,1.5,False,1.5,False,False,True,False,False,8
T5Gemma,test_template_ood,v3_confirmation_test_template_ood_0039,1,False,radial_orthogonal_random,1.375,1.5,1.5,False,False,,False,2.0,False,False,False,True,False,8
T5Gemma,test_template_ood,v3_confirmation_test_template_ood_0039,1,False,toward_gold,1.25,1.375,1.375,False,False,1.5,False,1.5,False,False,False,True,False,8
T5Gemma,test_template_ood,v3_confirmation_test_template_ood_0039,1,False,editor_orthogonal_random,2.0,,2.0,True,False,,False,2.0,False,False,False,True,False,6
T5Gemma,test_template_ood,v3_confirmation_test_template_ood_0041,1,False,editor_forward,1.0,1.125,1.125,False,True,1.5,True,1.5,False,False,False,True,True,8
T5Gemma,test_template_ood,v3_confirmation_test_template_ood_0041,1,False,editor_reverse,0.6875,0.75,0.75,False,False,1.0,False,1.0,True,False,True,False,False,8
T5Gemma,test_template_ood,v3_confirmation_test_template_ood_0041,1,False,radial_orthogonal_random,2.0,,2.0,True,False,,False,2.0,False,False,False,True,False,6
T5Gemma,test_template_ood,v3_confirmation_test_template_ood_0041,1,False,toward_gold,1.0,1.125,1.125,False,False,1.5,False,1.5,False,False,False,True,False,8
T5Gemma,test_template_ood,v3_confirmation_test_template_ood_0041,1,False,editor_orthogonal_random,2.0,,2.0,True,False,,False,2.0,False,False,False,True,False,6
T5Gemma,test_template_ood,v3_confirmation_test_template_ood_0042,1,False,editor_forward,1.0,1.125,1.125,False,False,1.5,True,1.5,False,False,False,True,True,8
T5Gemma,test_template_ood,v3_confirmation_test_template_ood_0042,1,False,editor_reverse,0.6875,0.75,0.75,False,False,1.5,False,1.5,False,False,True,False,False,8
T5Gemma,test_template_ood,v3_confirmation_test_template_ood_0042,1,False,radial_orthogonal_random,2.0,,2.0,True,False,,False,2.0,False,False,False,True,False,6
T5Gemma,test_template_ood,v3_confirmation_test_template_ood_0042,1,False,toward_gold,0.375,0.4375,0.4375,False,True,1.5,False,1.5,False,True,True,True,False,8
T5Gemma,test_template_ood,v3_confirmation_test_template_ood_0042,1,False,editor_orthogonal_random,2.0,,2.0,True,False,,False,2.0,False,False,False,True,False,6
T5Gemma,test_template_ood,v3_confirmation_test_template_ood_0044,1,False,editor_forward,1.125,1.25,1.25,False,True,1.5,True,1.5,False,False,False,True,True,8
T5Gemma,test_template_ood,v3_confirmation_test_template_ood_0044,1,False,editor_reverse,0.6875,0.75,0.75,False,False,1.0,False,1.0,True,False,True,False,False,8
T5Gemma,test_template_ood,v3_confirmation_test_template_ood_0044,1,False,radial_orthogonal_random,2.0,,2.0,True,False,,False,2.0,False,False,False,True,False,6
T5Gemma,test_template_ood,v3_confirmation_test_template_ood_0044,1,False,toward_gold,1.0,1.125,1.125,False,False,1.5,False,1.5,False,False,False,True,False,8
T5Gemma,test_template_ood,v3_confirmation_test_template_ood_0044,1,False,editor_orthogonal_random,1.625,1.75,1.75,False,False,2.0,False,2.0,False,False,False,True,False,8
T5Gemma,test_template_ood,v3_confirmation_test_template_ood_0045,1,False,editor_forward,1.125,1.25,1.25,False,False,1.5,False,1.5,False,False,False,True,True,8
T5Gemma,test_template_ood,v3_confirmation_test_template_ood_0045,1,False,editor_reverse,0.625,0.6875,0.6875,False,False,1.0,False,1.0,True,False,True,False,False,8
T5Gemma,test_template_ood,v3_confirmation_test_template_ood_0045,1,False,radial_orthogonal_random,2.0,,2.0,True,False,,False,2.0,False,False,False,True,False,6
T5Gemma,test_template_ood,v3_confirmation_test_template_ood_0045,1,False,toward_gold,0.375,0.4375,0.4375,False,True,1.5,False,1.5,False,True,True,True,False,8
T5Gemma,test_template_ood,v3_confirmation_test_template_ood_0045,1,False,editor_orthogonal_random,1.375,1.5,1.5,False,False,1.5,False,1.5,False,False,False,True,False,8
T5Gemma,test_template_ood,v3_confirmation_test_template_ood_0047,1,False,editor_forward,1.25,1.375,1.375,False,False,1.5,False,1.5,False,False,False,True,True,8
T5Gemma,test_template_ood,v3_confirmation_test_template_ood_0047,1,False,editor_reverse,0.625,0.6875,0.6875,False,False,1.0,False,1.0,True,False,True,False,False,8
T5Gemma,test_template_ood,v3_confirmation_test_template_ood_0047,1,False,radial_orthogonal_random,1.875,2.0,2.0,False,False,,False,2.0,False,False,False,True,False,8
T5Gemma,test_template_ood,v3_confirmation_test_template_ood_0047,1,False,toward_gold,0.3125,0.375,0.375,False,True,1.5,False,1.5,False,True,True,True,False,8
T5Gemma,test_template_ood,v3_confirmation_test_template_ood_0047,1,False,editor_orthogonal_random,1.875,2.0,2.0,False,False,2.0,False,2.0,False,False,False,True,False,8
T5Gemma,test_template_ood,v3_confirmation_test_template_ood_0036,2,True,editor_forward,0.125,0.1875,0.1875,False,False,0.25,False,0.25,True,True,True,False,False,8
T5Gemma,test_template_ood,v3_confirmation_test_template_ood_0036,2,True,editor_reverse,0.5,0.5625,0.5625,False,False,2.0,False,2.0,False,False,True,False,False,8
T5Gemma,test_template_ood,v3_confirmation_test_template_ood_0036,2,True,radial_orthogonal_random,2.0,,2.0,True,False,,False,2.0,False,False,False,True,False,6
T5Gemma,test_template_ood,v3_confirmation_test_template_ood_0036,2,True,toward_gold,0.75,0.8125,0.8125,False,True,2.0,False,2.0,False,False,True,False,False,8
T5Gemma,test_template_ood,v3_confirmation_test_template_ood_0036,2,True,editor_orthogonal_random,0.5,0.5625,0.5625,False,False,0.75,False,0.75,True,False,True,False,False,8
T5Gemma,test_template_ood,v3_confirmation_test_template_ood_0038,2,True,editor_forward,0.1875,0.25,0.25,False,False,0.25,False,0.25,True,True,True,False,False,8
T5Gemma,test_template_ood,v3_confirmation_test_template_ood_0038,2,True,editor_reverse,0.375,0.4375,0.4375,False,False,2.0,False,2.0,False,True,True,False,False,8
T5Gemma,test_template_ood,v3_confirmation_test_template_ood_0038,2,True,radial_orthogonal_random,1.375,1.5,1.5,False,False,1.5,False,1.5,False,False,False,True,False,8
T5Gemma,test_template_ood,v3_confirmation_test_template_ood_0038,2,True,toward_gold,0.5,0.5625,0.5625,False,True,2.0,False,2.0,False,False,True,False,False,8
T5Gemma,test_template_ood,v3_confirmation_test_template_ood_0038,2,True,editor_orthogonal_random,2.0,,2.0,True,False,,False,2.0,False,False,False,True,False,6
T5Gemma,test_template_ood,v3_confirmation_test_template_ood_0039,2,True,editor_forward,0.0625,0.125,0.125,False,False,0.25,True,0.25,True,True,True,False,False,8
T5Gemma,test_template_ood,v3_confirmation_test_template_ood_0039,2,True,editor_reverse,0.5,0.5625,0.5625,False,False,2.0,False,2.0,False,False,True,False,False,8
T5Gemma,test_template_ood,v3_confirmation_test_template_ood_0039,2,True,radial_orthogonal_random,1.5,1.625,1.625,False,False,2.0,False,2.0,False,False,False,True,False,8
T5Gemma,test_template_ood,v3_confirmation_test_template_ood_0039,2,True,toward_gold,0.9375,1.0,1.0,False,True,2.0,False,2.0,False,False,True,False,False,8
T5Gemma,test_template_ood,v3_confirmation_test_template_ood_0039,2,True,editor_orthogonal_random,0.8125,0.875,0.875,False,False,1.0,True,1.0,True,False,True,False,False,8
T5Gemma,test_template_ood,v3_confirmation_test_template_ood_0041,2,True,editor_forward,0.0625,0.125,0.125,False,False,0.25,True,0.25,True,True,True,False,False,8
T5Gemma,test_template_ood,v3_confirmation_test_template_ood_0041,2,True,editor_reverse,0.4375,0.5,0.5,False,False,2.0,False,2.0,False,True,True,False,False,8
T5Gemma,test_template_ood,v3_confirmation_test_template_ood_0041,2,True,radial_orthogonal_random,0.5625,0.625,0.625,False,False,0.75,False,0.75,True,False,True,False,False,8
T5Gemma,test_template_ood,v3_confirmation_test_template_ood_0041,2,True,toward_gold,0.4375,0.5,0.5,False,True,2.0,False,2.0,False,True,True,False,False,8
T5Gemma,test_template_ood,v3_confirmation_test_template_ood_0041,2,True,editor_orthogonal_random,2.0,,2.0,True,False,,False,2.0,False,False,False,True,False,6
T5Gemma,test_template_ood,v3_confirmation_test_template_ood_0042,2,True,editor_forward,0.0625,0.125,0.125,False,False,0.25,True,0.25,True,True,True,False,False,8
T5Gemma,test_template_ood,v3_confirmation_test_template_ood_0042,2,True,editor_reverse,0.4375,0.5,0.5,False,False,2.0,False,2.0,False,True,True,False,False,8
T5Gemma,test_template_ood,v3_confirmation_test_template_ood_0042,2,True,radial_orthogonal_random,2.0,,2.0,True,False,,False,2.0,False,False,False,True,False,6
T5Gemma,test_template_ood,v3_confirmation_test_template_ood_0042,2,True,toward_gold,0.8125,0.875,0.875,False,True,2.0,False,2.0,False,False,True,False,False,8
T5Gemma,test_template_ood,v3_confirmation_test_template_ood_0042,2,True,editor_orthogonal_random,1.375,1.5,1.5,False,False,1.5,False,1.5,False,False,False,True,False,8
T5Gemma,test_template_ood,v3_confirmation_test_template_ood_0044,2,True,editor_forward,0.0625,0.125,0.125,False,False,0.25,True,0.25,True,True,True,False,False,8
T5Gemma,test_template_ood,v3_confirmation_test_template_ood_0044,2,True,editor_reverse,0.4375,0.5,0.5,False,False,2.0,False,2.0,False,True,True,False,False,8
T5Gemma,test_template_ood,v3_confirmation_test_template_ood_0044,2,True,radial_orthogonal_random,2.0,,2.0,True,False,,False,2.0,False,False,False,True,False,6
T5Gemma,test_template_ood,v3_confirmation_test_template_ood_0044,2,True,toward_gold,0.5,0.5625,0.5625,False,True,2.0,False,2.0,False,False,True,False,False,8
T5Gemma,test_template_ood,v3_confirmation_test_template_ood_0044,2,True,editor_orthogonal_random,1.625,1.75,1.75,False,False,2.0,False,2.0,False,False,False,True,False,8
T5Gemma,test_template_ood,v3_confirmation_test_template_ood_0045,2,True,editor_forward,0.125,0.1875,0.1875,False,False,0.25,False,0.25,True,True,True,False,False,8
T5Gemma,test_template_ood,v3_confirmation_test_template_ood_0045,2,True,editor_reverse,0.1875,0.25,0.25,False,False,2.0,False,2.0,False,True,True,False,False,8
T5Gemma,test_template_ood,v3_confirmation_test_template_ood_0045,2,True,radial_orthogonal_random,1.75,1.875,1.875,False,False,2.0,False,2.0,False,False,False,True,False,8
T5Gemma,test_template_ood,v3_confirmation_test_template_ood_0045,2,True,toward_gold,0.4375,0.5,0.5,False,True,2.0,False,2.0,False,True,True,False,False,8
T5Gemma,test_template_ood,v3_confirmation_test_template_ood_0045,2,True,editor_orthogonal_random,1.625,1.75,1.75,False,False,2.0,False,2.0,False,False,False,True,False,8
T5Gemma,test_template_ood,v3_confirmation_test_template_ood_0047,2,True,editor_forward,0.125,0.1875,0.1875,False,False,0.25,False,0.25,True,True,True,False,False,8
T5Gemma,test_template_ood,v3_confirmation_test_template_ood_0047,2,True,editor_reverse,0.125,0.1875,0.1875,False,False,2.0,False,2.0,False,True,True,False,False,8
T5Gemma,test_template_ood,v3_confirmation_test_template_ood_0047,2,True,radial_orthogonal_random,0.8125,0.875,0.875,False,False,1.0,False,1.0,True,False,True,False,False,8
T5Gemma,test_template_ood,v3_confirmation_test_template_ood_0047,2,True,toward_gold,0.375,0.4375,0.4375,False,True,2.0,False,2.0,False,True,True,False,False,8
T5Gemma,test_template_ood,v3_confirmation_test_template_ood_0047,2,True,editor_orthogonal_random,0.9375,1.0,1.0,False,False,1.0,False,1.0,True,False,True,False,False,8
T5Gemma,test_template_ood,v3_confirmation_test_template_ood_0048,1,False,editor_forward,1.25,1.375,1.375,False,False,1.5,False,1.5,False,False,False,True,True,8
T5Gemma,test_template_ood,v3_confirmation_test_template_ood_0048,1,False,editor_reverse,0.75,0.8125,0.8125,False,False,1.0,False,1.0,True,False,True,False,False,8
T5Gemma,test_template_ood,v3_confirmation_test_template_ood_0048,1,False,radial_orthogonal_random,1.875,2.0,2.0,False,False,2.0,False,2.0,False,False,False,True,False,8
T5Gemma,test_template_ood,v3_confirmation_test_template_ood_0048,1,False,toward_gold,0.4375,0.5,0.5,False,True,1.5,False,1.5,False,True,True,True,False,8
T5Gemma,test_template_ood,v3_confirmation_test_template_ood_0048,1,False,editor_orthogonal_random,2.0,,2.0,True,False,,False,2.0,False,False,False,True,False,6
T5Gemma,test_template_ood,v3_confirmation_test_template_ood_0050,1,False,editor_forward,1.125,1.25,1.25,False,False,1.5,False,1.5,False,False,False,True,True,8
T5Gemma,test_template_ood,v3_confirmation_test_template_ood_0050,1,False,editor_reverse,0.75,0.8125,0.8125,False,False,1.5,False,1.5,False,False,True,False,False,8
T5Gemma,test_template_ood,v3_confirmation_test_template_ood_0050,1,False,radial_orthogonal_random,1.375,1.5,1.5,False,False,1.5,False,1.5,False,False,False,True,False,8
T5Gemma,test_template_ood,v3_confirmation_test_template_ood_0050,1,False,toward_gold,1.0,1.125,1.125,False,False,1.5,False,1.5,False,False,False,True,False,8
T5Gemma,test_template_ood,v3_confirmation_test_template_ood_0050,1,False,editor_orthogonal_random,2.0,,2.0,True,False,,False,2.0,False,False,False,True,False,6
T5Gemma,test_template_ood,v3_confirmation_test_template_ood_0051,1,False,editor_forward,1.25,1.375,1.375,False,False,1.5,True,1.5,False,False,False,True,True,8
T5Gemma,test_template_ood,v3_confirmation_test_template_ood_0051,1,False,editor_reverse,0.625,0.6875,0.6875,False,False,1.5,False,1.5,False,False,True,False,False,8
T5Gemma,test_template_ood,v3_confirmation_test_template_ood_0051,1,False,radial_orthogonal_random,2.0,,2.0,True,False,,False,2.0,False,False,False,True,False,6
T5Gemma,test_template_ood,v3_confirmation_test_template_ood_0051,1,False,toward_gold,0.375,0.4375,0.4375,False,True,1.5,False,1.5,False,True,True,True,False,8
T5Gemma,test_template_ood,v3_confirmation_test_template_ood_0051,1,False,editor_orthogonal_random,2.0,,2.0,True,False,,False,2.0,False,False,False,True,False,6
T5Gemma,test_template_ood,v3_confirmation_test_template_ood_0053,1,False,editor_forward,1.0,1.125,1.125,False,False,1.5,False,1.5,False,False,False,True,True,8
T5Gemma,test_template_ood,v3_confirmation_test_template_ood_0053,1,False,editor_reverse,0.6875,0.75,0.75,False,False,1.5,False,1.5,False,False,True,False,False,8
T5Gemma,test_template_ood,v3_confirmation_test_template_ood_0053,1,False,radial_orthogonal_random,2.0,,2.0,True,False,,False,2.0,False,False,False,True,False,6
T5Gemma,test_template_ood,v3_confirmation_test_template_ood_0053,1,False,toward_gold,1.125,1.25,1.25,False,False,1.5,False,1.5,False,False,False,True,False,8
T5Gemma,test_template_ood,v3_confirmation_test_template_ood_0053,1,False,editor_orthogonal_random,2.0,,2.0,True,False,,False,2.0,False,False,False,True,False,6
T5Gemma,test_template_ood,v3_confirmation_test_template_ood_0054,1,False,editor_forward,1.0,1.125,1.125,False,True,1.5,True,1.5,False,False,False,True,True,8
T5Gemma,test_template_ood,v3_confirmation_test_template_ood_0054,1,False,editor_reverse,0.6875,0.75,0.75,False,False,1.5,False,1.5,False,False,True,False,False,8
T5Gemma,test_template_ood,v3_confirmation_test_template_ood_0054,1,False,radial_orthogonal_random,2.0,,2.0,True,False,,False,2.0,False,False,False,True,False,6
T5Gemma,test_template_ood,v3_confirmation_test_template_ood_0054,1,False,toward_gold,0.3125,0.375,0.375,False,True,1.5,False,1.5,False,True,True,True,False,8
T5Gemma,test_template_ood,v3_confirmation_test_template_ood_0054,1,False,editor_orthogonal_random,2.0,,2.0,True,False,,False,2.0,False,False,False,True,False,6
T5Gemma,test_template_ood,v3_confirmation_test_template_ood_0056,1,False,editor_forward,1.0,1.125,1.125,False,False,1.5,False,1.5,False,False,False,True,True,8
T5Gemma,test_template_ood,v3_confirmation_test_template_ood_0056,1,False,editor_reverse,0.6875,0.75,0.75,False,False,1.0,False,1.0,True,False,True,False,False,8
T5Gemma,test_template_ood,v3_confirmation_test_template_ood_0056,1,False,radial_orthogonal_random,0.6875,0.75,0.75,False,False,,False,2.0,False,False,True,False,False,8
T5Gemma,test_template_ood,v3_confirmation_test_template_ood_0056,1,False,toward_gold,1.125,1.25,1.25,False,False,1.5,False,1.5,False,False,False,True,False,8
T5Gemma,test_template_ood,v3_confirmation_test_template_ood_0056,1,False,editor_orthogonal_random,1.75,1.875,1.875,False,False,2.0,False,2.0,False,False,False,True,False,8
T5Gemma,test_template_ood,v3_confirmation_test_template_ood_0057,1,False,editor_forward,1.125,1.25,1.25,False,False,1.5,False,1.5,False,False,False,True,True,8
T5Gemma,test_template_ood,v3_confirmation_test_template_ood_0057,1,False,editor_reverse,0.5625,0.625,0.625,False,False,1.0,False,1.0,True,False,True,False,False,8
T5Gemma,test_template_ood,v3_confirmation_test_template_ood_0057,1,False,radial_orthogonal_random,2.0,,2.0,True,False,,False,2.0,False,False,False,True,False,6
T5Gemma,test_template_ood,v3_confirmation_test_template_ood_0057,1,False,toward_gold,0.25,0.3125,0.3125,False,True,1.0,False,1.0,True,True,True,False,False,8
T5Gemma,test_template_ood,v3_confirmation_test_template_ood_0057,1,False,editor_orthogonal_random,2.0,,2.0,True,False,,False,2.0,False,False,False,True,False,6
T5Gemma,test_template_ood,v3_confirmation_test_template_ood_0059,1,False,editor_forward,1.25,1.375,1.375,False,False,1.5,False,1.5,False,False,False,True,True,8
T5Gemma,test_template_ood,v3_confirmation_test_template_ood_0059,1,False,editor_reverse,0.625,0.6875,0.6875,False,False,1.5,False,1.5,False,False,True,False,False,8
T5Gemma,test_template_ood,v3_confirmation_test_template_ood_0059,1,False,radial_orthogonal_random,1.625,1.75,1.75,False,False,2.0,False,2.0,False,False,False,True,False,8
T5Gemma,test_template_ood,v3_confirmation_test_template_ood_0059,1,False,toward_gold,0.3125,0.375,0.375,False,True,1.5,False,1.5,False,True,True,True,False,8
T5Gemma,test_template_ood,v3_confirmation_test_template_ood_0059,1,False,editor_orthogonal_random,1.875,2.0,2.0,False,False,2.0,False,2.0,False,False,False,True,False,8
T5Gemma,test_template_ood,v3_confirmation_test_template_ood_0048,2,True,editor_forward,0.1875,0.25,0.25,False,False,0.25,False,0.25,True,True,True,False,False,8
T5Gemma,test_template_ood,v3_confirmation_test_template_ood_0048,2,True,editor_reverse,0.5,0.5625,0.5625,False,False,2.0,False,2.0,False,False,True,False,False,8
T5Gemma,test_template_ood,v3_confirmation_test_template_ood_0048,2,True,radial_orthogonal_random,2.0,,2.0,True,False,,False,2.0,False,False,False,True,False,6
T5Gemma,test_template_ood,v3_confirmation_test_template_ood_0048,2,True,toward_gold,0.75,0.8125,0.8125,False,True,2.0,False,2.0,False,False,True,False,False,8
T5Gemma,test_template_ood,v3_confirmation_test_template_ood_0048,2,True,editor_orthogonal_random,1.5,1.625,1.625,False,False,2.0,False,2.0,False,False,False,True,False,8
T5Gemma,test_template_ood,v3_confirmation_test_template_ood_0050,2,True,editor_forward,0.125,0.1875,0.1875,False,False,0.25,False,0.25,True,True,True,False,False,8
T5Gemma,test_template_ood,v3_confirmation_test_template_ood_0050,2,True,editor_reverse,0.4375,0.5,0.5,False,False,2.0,False,2.0,False,True,True,False,False,8
T5Gemma,test_template_ood,v3_confirmation_test_template_ood_0050,2,True,radial_orthogonal_random,0.5625,0.625,0.625,False,False,0.75,False,0.75,True,False,True,False,False,8
T5Gemma,test_template_ood,v3_confirmation_test_template_ood_0050,2,True,toward_gold,0.5625,0.625,0.625,False,True,2.0,False,2.0,False,False,True,False,False,8
T5Gemma,test_template_ood,v3_confirmation_test_template_ood_0050,2,True,editor_orthogonal_random,1.625,1.75,1.75,False,False,2.0,False,2.0,False,False,False,True,False,8
T5Gemma,test_template_ood,v3_confirmation_test_template_ood_0051,2,True,editor_forward,0.1875,0.25,0.25,False,False,0.25,True,0.25,True,True,True,False,False,8
T5Gemma,test_template_ood,v3_confirmation_test_template_ood_0051,2,True,editor_reverse,0.5,0.5625,0.5625,False,False,2.0,False,2.0,False,False,True,False,False,8
T5Gemma,test_template_ood,v3_confirmation_test_template_ood_0051,2,True,radial_orthogonal_random,0.9375,1.0,1.0,False,False,1.0,False,1.0,True,False,True,False,False,8
T5Gemma,test_template_ood,v3_confirmation_test_template_ood_0051,2,True,toward_gold,0.8125,0.875,0.875,False,True,2.0,False,2.0,False,False,True,False,False,8
T5Gemma,test_template_ood,v3_confirmation_test_template_ood_0051,2,True,editor_orthogonal_random,1.75,1.875,1.875,False,False,,False,2.0,False,False,False,True,False,8
T5Gemma,test_template_ood,v3_confirmation_test_template_ood_0053,2,True,editor_forward,0.0625,0.125,0.125,False,False,0.25,True,0.25,True,True,True,False,False,8
T5Gemma,test_template_ood,v3_confirmation_test_template_ood_0053,2,True,editor_reverse,0.4375,0.5,0.5,False,False,2.0,False,2.0,False,True,True,False,False,8
T5Gemma,test_template_ood,v3_confirmation_test_template_ood_0053,2,True,radial_orthogonal_random,1.875,2.0,2.0,False,False,2.0,False,2.0,False,False,False,True,False,8
T5Gemma,test_template_ood,v3_confirmation_test_template_ood_0053,2,True,toward_gold,0.5,0.5625,0.5625,False,True,2.0,False,2.0,False,False,True,False,False,8
T5Gemma,test_template_ood,v3_confirmation_test_template_ood_0053,2,True,editor_orthogonal_random,0.625,0.6875,0.6875,False,False,0.75,False,0.75,True,False,True,False,False,8
T5Gemma,test_template_ood,v3_confirmation_test_template_ood_0054,2,True,editor_forward,0.0,0.0625,0.0625,False,False,0.25,True,0.25,True,True,True,False,False,8
T5Gemma,test_template_ood,v3_confirmation_test_template_ood_0054,2,True,editor_reverse,0.4375,0.5,0.5,False,False,2.0,False,2.0,False,True,True,False,False,8
T5Gemma,test_template_ood,v3_confirmation_test_template_ood_0054,2,True,radial_orthogonal_random,2.0,,2.0,True,False,,False,2.0,False,False,False,True,False,6
T5Gemma,test_template_ood,v3_confirmation_test_template_ood_0054,2,True,toward_gold,0.5625,0.625,0.625,False,True,2.0,False,2.0,False,False,True,False,False,8
T5Gemma,test_template_ood,v3_confirmation_test_template_ood_0054,2,True,editor_orthogonal_random,0.1875,0.25,0.25,False,True,0.25,True,0.25,True,True,True,False,False,8
T5Gemma,test_template_ood,v3_confirmation_test_template_ood_0056,2,True,editor_forward,0.0625,0.125,0.125,False,False,0.25,True,0.25,True,True,True,False,False,8
T5Gemma,test_template_ood,v3_confirmation_test_template_ood_0056,2,True,editor_reverse,0.4375,0.5,0.5,False,False,2.0,False,2.0,False,True,True,False,False,8
T5Gemma,test_template_ood,v3_confirmation_test_template_ood_0056,2,True,radial_orthogonal_random,1.25,1.375,1.375,False,False,1.5,False,1.5,False,False,False,True,False,8
T5Gemma,test_template_ood,v3_confirmation_test_template_ood_0056,2,True,toward_gold,0.5,0.5625,0.5625,False,True,2.0,False,2.0,False,False,True,False,False,8
T5Gemma,test_template_ood,v3_confirmation_test_template_ood_0056,2,True,editor_orthogonal_random,2.0,,2.0,True,False,,False,2.0,False,False,False,True,False,6
T5Gemma,test_template_ood,v3_confirmation_test_template_ood_0057,2,True,editor_forward,0.1875,0.25,0.25,False,False,0.25,False,0.25,True,True,True,False,False,8
T5Gemma,test_template_ood,v3_confirmation_test_template_ood_0057,2,True,editor_reverse,0.0625,0.125,0.125,False,False,2.0,False,2.0,False,True,True,False,False,8
T5Gemma,test_template_ood,v3_confirmation_test_template_ood_0057,2,True,radial_orthogonal_random,1.25,1.375,1.375,False,False,,False,2.0,False,False,False,True,False,8
T5Gemma,test_template_ood,v3_confirmation_test_template_ood_0057,2,True,toward_gold,0.0625,0.125,0.125,False,True,2.0,False,2.0,False,True,True,False,False,8
T5Gemma,test_template_ood,v3_confirmation_test_template_ood_0057,2,True,editor_orthogonal_random,1.0,1.125,1.125,False,False,1.5,True,1.5,False,False,False,True,False,8
T5Gemma,test_template_ood,v3_confirmation_test_template_ood_0059,2,True,editor_forward,0.1875,0.25,0.25,False,False,0.25,False,0.25,True,True,True,False,False,8
T5Gemma,test_template_ood,v3_confirmation_test_template_ood_0059,2,True,editor_reverse,0.0625,0.125,0.125,False,False,2.0,False,2.0,False,True,True,False,False,8
T5Gemma,test_template_ood,v3_confirmation_test_template_ood_0059,2,True,radial_orthogonal_random,0.3125,0.375,0.375,False,False,0.5,True,0.5,True,True,True,False,False,8
T5Gemma,test_template_ood,v3_confirmation_test_template_ood_0059,2,True,toward_gold,0.3125,0.375,0.375,False,True,2.0,False,2.0,False,True,True,False,False,8
T5Gemma,test_template_ood,v3_confirmation_test_template_ood_0059,2,True,editor_orthogonal_random,0.3125,0.375,0.375,False,False,0.5,False,0.5,True,True,True,False,False,8
T5Gemma,test_template_ood,v3_confirmation_test_template_ood_0060,1,False,editor_forward,1.0,1.125,1.125,False,False,1.5,False,1.5,False,False,False,True,True,8
T5Gemma,test_template_ood,v3_confirmation_test_template_ood_0060,1,False,editor_reverse,0.75,0.8125,0.8125,False,False,1.0,False,1.0,True,False,True,False,False,8
T5Gemma,test_template_ood,v3_confirmation_test_template_ood_0060,1,False,radial_orthogonal_random,2.0,,2.0,True,False,,False,2.0,False,False,False,True,False,6
T5Gemma,test_template_ood,v3_confirmation_test_template_ood_0060,1,False,toward_gold,0.9375,1.0,1.0,False,False,1.0,False,1.0,True,False,True,False,False,8
T5Gemma,test_template_ood,v3_confirmation_test_template_ood_0060,1,False,editor_orthogonal_random,2.0,,2.0,True,False,,False,2.0,False,False,False,True,False,6
T5Gemma,test_template_ood,v3_confirmation_test_template_ood_0062,1,False,editor_forward,1.125,1.25,1.25,False,False,1.5,False,1.5,False,False,False,True,True,8
T5Gemma,test_template_ood,v3_confirmation_test_template_ood_0062,1,False,editor_reverse,0.75,0.8125,0.8125,False,False,1.5,False,1.5,False,False,True,False,False,8
T5Gemma,test_template_ood,v3_confirmation_test_template_ood_0062,1,False,radial_orthogonal_random,2.0,,2.0,True,False,,False,2.0,False,False,False,True,False,6
T5Gemma,test_template_ood,v3_confirmation_test_template_ood_0062,1,False,toward_gold,1.125,1.25,1.25,False,False,1.5,False,1.5,False,False,False,True,False,8
T5Gemma,test_template_ood,v3_confirmation_test_template_ood_0062,1,False,editor_orthogonal_random,1.875,2.0,2.0,False,False,2.0,False,2.0,False,False,False,True,False,8
T5Gemma,test_template_ood,v3_confirmation_test_template_ood_0063,1,False,editor_forward,1.125,1.25,1.25,False,False,1.5,True,1.5,False,False,False,True,True,8
T5Gemma,test_template_ood,v3_confirmation_test_template_ood_0063,1,False,editor_reverse,0.6875,0.75,0.75,False,False,1.5,False,1.5,False,False,True,False,False,8
T5Gemma,test_template_ood,v3_confirmation_test_template_ood_0063,1,False,radial_orthogonal_random,2.0,,2.0,True,False,,False,2.0,False,False,False,True,False,6
T5Gemma,test_template_ood,v3_confirmation_test_template_ood_0063,1,False,toward_gold,1.125,1.25,1.25,False,False,1.5,False,1.5,False,False,False,True,False,8
T5Gemma,test_template_ood,v3_confirmation_test_template_ood_0063,1,False,editor_orthogonal_random,2.0,,2.0,True,False,,False,2.0,False,False,False,True,False,6
T5Gemma,test_template_ood,v3_confirmation_test_template_ood_0065,1,False,editor_forward,1.125,1.25,1.25,False,True,1.5,True,1.5,False,False,False,True,True,8
T5Gemma,test_template_ood,v3_confirmation_test_template_ood_0065,1,False,editor_reverse,0.6875,0.75,0.75,False,False,1.5,False,1.5,False,False,True,False,False,8
T5Gemma,test_template_ood,v3_confirmation_test_template_ood_0065,1,False,radial_orthogonal_random,2.0,,2.0,True,False,,False,2.0,False,False,False,True,False,6
T5Gemma,test_template_ood,v3_confirmation_test_template_ood_0065,1,False,toward_gold,1.25,1.375,1.375,False,False,1.5,False,1.5,False,False,False,True,False,8
T5Gemma,test_template_ood,v3_confirmation_test_template_ood_0065,1,False,editor_orthogonal_random,2.0,,2.0,True,False,,False,2.0,False,False,False,True,True,6
T5Gemma,test_template_ood,v3_confirmation_test_template_ood_0066,1,False,editor_forward,1.125,1.25,1.25,False,False,1.5,False,1.5,False,False,False,True,True,8
T5Gemma,test_template_ood,v3_confirmation_test_template_ood_0066,1,False,editor_reverse,0.625,0.6875,0.6875,False,False,1.0,False,1.0,True,False,True,False,False,8
T5Gemma,test_template_ood,v3_confirmation_test_template_ood_0066,1,False,radial_orthogonal_random,2.0,,2.0,True,False,,False,2.0,False,False,False,True,False,6
T5Gemma,test_template_ood,v3_confirmation_test_template_ood_0066,1,False,toward_gold,0.25,0.3125,0.3125,False,True,1.5,False,1.5,False,True,True,True,False,8
T5Gemma,test_template_ood,v3_confirmation_test_template_ood_0066,1,False,editor_orthogonal_random,1.875,2.0,2.0,False,False,2.0,False,2.0,False,False,False,True,False,8
T5Gemma,test_template_ood,v3_confirmation_test_template_ood_0068,1,False,editor_forward,1.0,1.125,1.125,False,False,1.5,False,1.5,False,False,False,True,True,8
T5Gemma,test_template_ood,v3_confirmation_test_template_ood_0068,1,False,editor_reverse,0.6875,0.75,0.75,False,False,1.5,False,1.5,False,False,True,False,False,8
T5Gemma,test_template_ood,v3_confirmation_test_template_ood_0068,1,False,radial_orthogonal_random,1.0,1.125,1.125,False,False,,False,2.0,False,False,False,True,False,8
T5Gemma,test_template_ood,v3_confirmation_test_template_ood_0068,1,False,toward_gold,0.4375,0.5,0.5,False,True,1.5,False,1.5,False,True,True,True,False,8
T5Gemma,test_template_ood,v3_confirmation_test_template_ood_0068,1,False,editor_orthogonal_random,1.625,1.75,1.75,False,False,2.0,False,2.0,False,False,False,True,False,8
T5Gemma,test_template_ood,v3_confirmation_test_template_ood_0069,1,False,editor_forward,1.125,1.25,1.25,False,False,1.5,False,1.5,False,False,False,True,True,8
T5Gemma,test_template_ood,v3_confirmation_test_template_ood_0069,1,False,editor_reverse,0.625,0.6875,0.6875,False,False,1.0,False,1.0,True,False,True,False,False,8
T5Gemma,test_template_ood,v3_confirmation_test_template_ood_0069,1,False,radial_orthogonal_random,2.0,,2.0,True,False,,False,2.0,False,False,False,True,False,6
T5Gemma,test_template_ood,v3_confirmation_test_template_ood_0069,1,False,toward_gold,0.375,0.4375,0.4375,False,True,1.5,False,1.5,False,True,True,True,False,8
T5Gemma,test_template_ood,v3_confirmation_test_template_ood_0069,1,False,editor_orthogonal_random,1.625,1.75,1.75,False,False,2.0,False,2.0,False,False,False,True,False,8
T5Gemma,test_template_ood,v3_confirmation_test_template_ood_0071,1,False,editor_forward,1.125,1.25,1.25,False,False,1.5,False,1.5,False,False,False,True,True,8
T5Gemma,test_template_ood,v3_confirmation_test_template_ood_0071,1,False,editor_reverse,0.5625,0.625,0.625,False,False,1.5,False,1.5,False,False,True,False,False,8
T5Gemma,test_template_ood,v3_confirmation_test_template_ood_0071,1,False,radial_orthogonal_random,2.0,,2.0,True,False,,False,2.0,False,False,False,True,False,6
T5Gemma,test_template_ood,v3_confirmation_test_template_ood_0071,1,False,toward_gold,0.25,0.3125,0.3125,False,True,1.5,False,1.5,False,True,True,True,False,8
T5Gemma,test_template_ood,v3_confirmation_test_template_ood_0071,1,False,editor_orthogonal_random,2.0,,2.0,True,False,,False,2.0,False,False,False,True,False,6
T5Gemma,test_template_ood,v3_confirmation_test_template_ood_0060,2,True,editor_forward,0.0625,0.125,0.125,False,False,0.25,False,0.25,True,True,True,False,False,8
T5Gemma,test_template_ood,v3_confirmation_test_template_ood_0060,2,True,editor_reverse,0.4375,0.5,0.5,False,False,2.0,False,2.0,False,True,True,False,False,8
T5Gemma,test_template_ood,v3_confirmation_test_template_ood_0060,2,True,radial_orthogonal_random,1.75,1.875,1.875,False,False,2.0,False,2.0,False,False,False,True,False,8
T5Gemma,test_template_ood,v3_confirmation_test_template_ood_0060,2,True,toward_gold,0.625,0.6875,0.6875,False,True,2.0,False,2.0,False,False,True,False,False,8
T5Gemma,test_template_ood,v3_confirmation_test_template_ood_0060,2,True,editor_orthogonal_random,1.75,1.875,1.875,False,False,2.0,False,2.0,False,False,False,True,False,8
T5Gemma,test_template_ood,v3_confirmation_test_template_ood_0062,2,True,editor_forward,0.125,0.1875,0.1875,False,False,0.25,False,0.25,True,True,True,False,False,8
T5Gemma,test_template_ood,v3_confirmation_test_template_ood_0062,2,True,editor_reverse,0.375,0.4375,0.4375,False,False,2.0,False,2.0,False,True,True,False,False,8
T5Gemma,test_template_ood,v3_confirmation_test_template_ood_0062,2,True,radial_orthogonal_random,1.75,1.875,1.875,False,False,2.0,False,2.0,False,False,False,True,False,8
T5Gemma,test_template_ood,v3_confirmation_test_template_ood_0062,2,True,toward_gold,0.5,0.5625,0.5625,False,True,2.0,False,2.0,False,False,True,False,False,8
T5Gemma,test_template_ood,v3_confirmation_test_template_ood_0062,2,True,editor_orthogonal_random,1.875,2.0,2.0,False,False,,False,2.0,False,False,False,True,False,8
T5Gemma,test_template_ood,v3_confirmation_test_template_ood_0063,2,True,editor_forward,0.125,0.1875,0.1875,False,False,0.25,True,0.25,True,True,True,False,False,8
T5Gemma,test_template_ood,v3_confirmation_test_template_ood_0063,2,True,editor_reverse,0.5,0.5625,0.5625,False,False,2.0,False,2.0,False,False,True,False,False,8
T5Gemma,test_template_ood,v3_confirmation_test_template_ood_0063,2,True,radial_orthogonal_random,2.0,,2.0,True,False,,False,2.0,False,False,False,True,False,6
T5Gemma,test_template_ood,v3_confirmation_test_template_ood_0063,2,True,toward_gold,0.875,0.9375,0.9375,False,True,2.0,False,2.0,False,False,True,False,False,8
T5Gemma,test_template_ood,v3_confirmation_test_template_ood_0063,2,True,editor_orthogonal_random,0.375,0.4375,0.4375,False,False,0.5,False,0.5,True,True,True,False,False,8
T5Gemma,test_template_ood,v3_confirmation_test_template_ood_0065,2,True,editor_forward,0.125,0.1875,0.1875,False,True,0.25,True,0.25,True,True,True,True,False,8
T5Gemma,test_template_ood,v3_confirmation_test_template_ood_0065,2,True,editor_reverse,0.4375,0.5,0.5,False,False,2.0,False,2.0,False,True,True,False,False,8
T5Gemma,test_template_ood,v3_confirmation_test_template_ood_0065,2,True,radial_orthogonal_random,0.3125,0.375,0.375,False,False,0.5,False,0.5,True,True,True,False,False,8
T5Gemma,test_template_ood,v3_confirmation_test_template_ood_0065,2,True,toward_gold,0.4375,0.5,0.5,False,True,2.0,False,2.0,False,True,True,False,False,8
T5Gemma,test_template_ood,v3_confirmation_test_template_ood_0065,2,True,editor_orthogonal_random,1.375,1.5,1.5,False,False,,False,2.0,False,False,False,True,False,8
T5Gemma,test_template_ood,v3_confirmation_test_template_ood_0066,2,True,editor_forward,0.125,0.1875,0.1875,False,False,0.25,True,0.25,True,True,True,False,False,8
T5Gemma,test_template_ood,v3_confirmation_test_template_ood_0066,2,True,editor_reverse,0.375,0.4375,0.4375,False,False,2.0,False,2.0,False,True,True,False,False,8
T5Gemma,test_template_ood,v3_confirmation_test_template_ood_0066,2,True,radial_orthogonal_random,0.25,0.3125,0.3125,False,False,0.5,False,0.5,True,True,True,False,False,8
T5Gemma,test_template_ood,v3_confirmation_test_template_ood_0066,2,True,toward_gold,0.375,0.4375,0.4375,False,True,2.0,False,2.0,False,True,True,False,False,8
T5Gemma,test_template_ood,v3_confirmation_test_template_ood_0066,2,True,editor_orthogonal_random,2.0,,2.0,True,False,,False,2.0,False,False,False,True,False,6
T5Gemma,test_template_ood,v3_confirmation_test_template_ood_0068,2,True,editor_forward,0.0625,0.125,0.125,False,False,0.25,True,0.25,True,True,True,False,False,8
T5Gemma,test_template_ood,v3_confirmation_test_template_ood_0068,2,True,editor_reverse,0.4375,0.5,0.5,False,False,2.0,False,2.0,False,True,True,False,False,8
T5Gemma,test_template_ood,v3_confirmation_test_template_ood_0068,2,True,radial_orthogonal_random,0.125,0.1875,0.1875,False,True,0.25,True,0.25,True,True,True,False,False,8
T5Gemma,test_template_ood,v3_confirmation_test_template_ood_0068,2,True,toward_gold,0.75,0.8125,0.8125,False,True,2.0,False,2.0,False,False,True,False,False,8
T5Gemma,test_template_ood,v3_confirmation_test_template_ood_0068,2,True,editor_orthogonal_random,1.375,1.5,1.5,False,False,1.5,False,1.5,False,False,False,True,False,8
T5Gemma,test_template_ood,v3_confirmation_test_template_ood_0069,2,True,editor_forward,0.125,0.1875,0.1875,False,False,0.25,False,0.25,True,True,True,False,False,8
T5Gemma,test_template_ood,v3_confirmation_test_template_ood_0069,2,True,editor_reverse,0.0,0.0625,0.0625,False,False,2.0,False,2.0,False,True,True,False,False,8
T5Gemma,test_template_ood,v3_confirmation_test_template_ood_0069,2,True,radial_orthogonal_random,0.6875,0.75,0.75,False,False,0.75,False,0.75,True,False,True,False,False,8
T5Gemma,test_template_ood,v3_confirmation_test_template_ood_0069,2,True,toward_gold,0.0,0.0625,0.0625,False,True,2.0,False,2.0,False,True,True,False,False,8
T5Gemma,test_template_ood,v3_confirmation_test_template_ood_0069,2,True,editor_orthogonal_random,0.1875,0.25,0.25,False,False,1.5,False,1.5,False,True,True,False,False,8
T5Gemma,test_template_ood,v3_confirmation_test_template_ood_0071,2,True,editor_forward,0.125,0.1875,0.1875,False,False,0.25,False,0.25,True,True,True,False,False,8
T5Gemma,test_template_ood,v3_confirmation_test_template_ood_0071,2,True,editor_reverse,0.125,0.1875,0.1875,False,False,2.0,False,2.0,False,True,True,False,False,8
T5Gemma,test_template_ood,v3_confirmation_test_template_ood_0071,2,True,radial_orthogonal_random,0.3125,0.375,0.375,False,False,0.75,False,0.75,True,True,True,False,False,8
T5Gemma,test_template_ood,v3_confirmation_test_template_ood_0071,2,True,toward_gold,0.3125,0.375,0.375,False,True,2.0,False,2.0,False,True,True,False,False,8
T5Gemma,test_template_ood,v3_confirmation_test_template_ood_0071,2,True,editor_orthogonal_random,0.375,0.4375,0.4375,False,False,0.5,False,0.5,True,True,True,False,False,8
T5Gemma,test_template_ood,v3_confirmation_test_template_ood_0072,1,False,editor_forward,1.25,1.375,1.375,False,False,1.5,False,1.5,False,False,False,True,True,8
T5Gemma,test_template_ood,v3_confirmation_test_template_ood_0072,1,False,editor_reverse,0.6875,0.75,0.75,False,False,1.5,False,1.5,False,False,True,False,False,8
T5Gemma,test_template_ood,v3_confirmation_test_template_ood_0072,1,False,radial_orthogonal_random,2.0,,2.0,True,False,,False,2.0,False,False,False,True,False,6
T5Gemma,test_template_ood,v3_confirmation_test_template_ood_0072,1,False,toward_gold,1.125,1.25,1.25,False,False,1.5,False,1.5,False,False,False,True,False,8
T5Gemma,test_template_ood,v3_confirmation_test_template_ood_0072,1,False,editor_orthogonal_random,2.0,,2.0,True,False,,False,2.0,False,False,False,True,False,6
T5Gemma,test_template_ood,v3_confirmation_test_template_ood_0074,1,False,editor_forward,1.125,1.25,1.25,False,True,1.5,True,1.5,False,False,False,True,True,8
T5Gemma,test_template_ood,v3_confirmation_test_template_ood_0074,1,False,editor_reverse,0.75,0.8125,0.8125,False,False,1.5,False,1.5,False,False,True,False,False,8
T5Gemma,test_template_ood,v3_confirmation_test_template_ood_0074,1,False,radial_orthogonal_random,2.0,,2.0,True,False,,False,2.0,False,False,False,True,False,6
T5Gemma,test_template_ood,v3_confirmation_test_template_ood_0074,1,False,toward_gold,1.125,1.25,1.25,False,False,1.5,False,1.5,False,False,False,True,False,8
T5Gemma,test_template_ood,v3_confirmation_test_template_ood_0074,1,False,editor_orthogonal_random,2.0,,2.0,True,False,,False,2.0,False,False,False,True,False,6
T5Gemma,test_template_ood,v3_confirmation_test_template_ood_0075,1,False,editor_forward,1.125,1.25,1.25,False,False,1.5,True,1.5,False,False,False,True,True,8
T5Gemma,test_template_ood,v3_confirmation_test_template_ood_0075,1,False,editor_reverse,0.6875,0.75,0.75,False,False,1.5,False,1.5,False,False,True,False,False,8
T5Gemma,test_template_ood,v3_confirmation_test_template_ood_0075,1,False,radial_orthogonal_random,2.0,,2.0,True,False,,False,2.0,False,False,False,True,False,6
T5Gemma,test_template_ood,v3_confirmation_test_template_ood_0075,1,False,toward_gold,1.125,1.25,1.25,False,False,1.5,False,1.5,False,False,False,True,False,8
T5Gemma,test_template_ood,v3_confirmation_test_template_ood_0075,1,False,editor_orthogonal_random,2.0,,2.0,True,False,,False,2.0,False,False,False,True,False,6
T5Gemma,test_template_ood,v3_confirmation_test_template_ood_0077,1,False,editor_forward,1.125,1.25,1.25,False,False,1.5,False,1.5,False,False,False,True,True,8
T5Gemma,test_template_ood,v3_confirmation_test_template_ood_0077,1,False,editor_reverse,0.6875,0.75,0.75,False,False,1.5,False,1.5,False,False,True,False,False,8
T5Gemma,test_template_ood,v3_confirmation_test_template_ood_0077,1,False,radial_orthogonal_random,2.0,,2.0,True,False,,False,2.0,False,False,False,True,False,6
T5Gemma,test_template_ood,v3_confirmation_test_template_ood_0077,1,False,toward_gold,1.125,1.25,1.25,False,False,1.5,False,1.5,False,False,False,True,False,8
T5Gemma,test_template_ood,v3_confirmation_test_template_ood_0077,1,False,editor_orthogonal_random,1.5,1.625,1.625,False,False,2.0,False,2.0,False,False,False,True,False,8
T5Gemma,test_template_ood,v3_confirmation_test_template_ood_0078,1,False,editor_forward,1.125,1.25,1.25,False,False,1.5,True,1.5,False,False,False,True,True,8
T5Gemma,test_template_ood,v3_confirmation_test_template_ood_0078,1,False,editor_reverse,0.6875,0.75,0.75,False,False,1.5,False,1.5,False,False,True,False,False,8
T5Gemma,test_template_ood,v3_confirmation_test_template_ood_0078,1,False,radial_orthogonal_random,2.0,,2.0,True,False,,False,2.0,False,False,False,True,False,6
T5Gemma,test_template_ood,v3_confirmation_test_template_ood_0078,1,False,toward_gold,0.3125,0.375,0.375,False,True,1.5,False,1.5,False,True,True,True,False,8
T5Gemma,test_template_ood,v3_confirmation_test_template_ood_0078,1,False,editor_orthogonal_random,2.0,,2.0,True,False,,False,2.0,False,False,False,True,False,6
T5Gemma,test_template_ood,v3_confirmation_test_template_ood_0072,2,True,editor_forward,0.125,0.1875,0.1875,False,False,0.25,False,0.25,True,True,True,False,False,8
T5Gemma,test_template_ood,v3_confirmation_test_template_ood_0072,2,True,editor_reverse,0.4375,0.5,0.5,False,False,2.0,False,2.0,False,True,True,False,False,8
T5Gemma,test_template_ood,v3_confirmation_test_template_ood_0072,2,True,radial_orthogonal_random,1.625,1.75,1.75,False,False,2.0,False,2.0,False,False,False,True,False,8
T5Gemma,test_template_ood,v3_confirmation_test_template_ood_0072,2,True,toward_gold,0.5,0.5625,0.5625,False,True,2.0,False,2.0,False,False,True,False,False,8
T5Gemma,test_template_ood,v3_confirmation_test_template_ood_0072,2,True,editor_orthogonal_random,0.1875,0.25,0.25,False,False,0.25,False,0.25,True,True,True,False,False,8
T5Gemma,test_template_ood,v3_confirmation_test_template_ood_0074,2,True,editor_forward,0.125,0.1875,0.1875,False,False,0.25,False,0.25,True,True,True,False,False,8
T5Gemma,test_template_ood,v3_confirmation_test_template_ood_0074,2,True,editor_reverse,0.4375,0.5,0.5,False,False,2.0,False,2.0,False,True,True,False,False,8
T5Gemma,test_template_ood,v3_confirmation_test_template_ood_0074,2,True,radial_orthogonal_random,0.25,0.3125,0.3125,False,True,0.5,True,0.5,True,True,True,False,False,8
T5Gemma,test_template_ood,v3_confirmation_test_template_ood_0074,2,True,toward_gold,0.4375,0.5,0.5,False,True,2.0,False,2.0,False,True,True,False,False,8
T5Gemma,test_template_ood,v3_confirmation_test_template_ood_0074,2,True,editor_orthogonal_random,2.0,,2.0,True,False,,False,2.0,False,False,False,True,False,6
T5Gemma,test_template_ood,v3_confirmation_test_template_ood_0075,2,True,editor_forward,0.0625,0.125,0.125,False,False,0.25,True,0.25,True,True,True,False,False,8
T5Gemma,test_template_ood,v3_confirmation_test_template_ood_0075,2,True,editor_reverse,0.5,0.5625,0.5625,False,False,2.0,False,2.0,False,False,True,False,False,8
T5Gemma,test_template_ood,v3_confirmation_test_template_ood_0075,2,True,radial_orthogonal_random,2.0,,2.0,True,False,,False,2.0,False,False,False,True,False,6
T5Gemma,test_template_ood,v3_confirmation_test_template_ood_0075,2,True,toward_gold,0.9375,1.0,1.0,False,True,2.0,False,2.0,False,False,True,False,False,8
T5Gemma,test_template_ood,v3_confirmation_test_template_ood_0075,2,True,editor_orthogonal_random,1.5,1.625,1.625,False,False,2.0,False,2.0,False,False,False,True,False,8
T5Gemma,test_template_ood,v3_confirmation_test_template_ood_0077,2,True,editor_forward,0.0625,0.125,0.125,False,False,0.25,True,0.25,True,True,True,False,False,8
T5Gemma,test_template_ood,v3_confirmation_test_template_ood_0077,2,True,editor_reverse,0.4375,0.5,0.5,False,False,2.0,False,2.0,False,True,True,False,False,8
T5Gemma,test_template_ood,v3_confirmation_test_template_ood_0077,2,True,radial_orthogonal_random,2.0,,2.0,True,False,,False,2.0,False,False,False,True,False,6
T5Gemma,test_template_ood,v3_confirmation_test_template_ood_0077,2,True,toward_gold,0.875,0.9375,0.9375,False,True,2.0,False,2.0,False,False,True,False,False,8
T5Gemma,test_template_ood,v3_confirmation_test_template_ood_0077,2,True,editor_orthogonal_random,2.0,,2.0,True,False,,False,2.0,False,False,False,True,False,6
T5Gemma,test_template_ood,v3_confirmation_test_template_ood_0078,2,True,editor_forward,0.0,0.0625,0.0625,False,False,0.25,True,0.25,True,True,True,False,False,8
T5Gemma,test_template_ood,v3_confirmation_test_template_ood_0078,2,True,editor_reverse,0.4375,0.5,0.5,False,False,2.0,False,2.0,False,True,True,False,False,8
T5Gemma,test_template_ood,v3_confirmation_test_template_ood_0078,2,True,radial_orthogonal_random,0.1875,0.25,0.25,False,False,0.25,False,0.25,True,True,True,False,False,8
T5Gemma,test_template_ood,v3_confirmation_test_template_ood_0078,2,True,toward_gold,0.5625,0.625,0.625,False,True,2.0,False,2.0,False,False,True,False,False,8
T5Gemma,test_template_ood,v3_confirmation_test_template_ood_0078,2,True,editor_orthogonal_random,0.75,0.8125,0.8125,False,False,1.0,False,1.0,True,False,True,False,False,8
