path,split,world_id,step,category,fact_preservation,edited_l2,post_l2
pure_latent,test_iid,v3_confirmation_test_iid_0000,1,success,True,0.45280446609195985,0.0
pure_latent,test_iid,v3_confirmation_test_iid_0002,1,success,True,0.4518259468657181,0.0
pure_latent,test_iid,v3_confirmation_test_iid_0003,1,success,True,0.46933461979644214,0.0
pure_latent,test_iid,v3_confirmation_test_iid_0005,1,success,True,0.45461008988085844,0.0
pure_latent,test_iid,v3_confirmation_test_iid_0006,1,success,True,0.4466601714583611,0.0
pure_latent,test_iid,v3_confirmation_test_iid_0008,1,success,True,0.44176647431929716,0.0
pure_latent,test_iid,v3_confirmation_test_iid_0009,1,success,True,0.468274966152423,0.0
pure_latent,test_iid,v3_confirmation_test_iid_0011,1,success,True,0.4552984607900629,0.0
pure_latent,test_iid,v3_confirmation_test_iid_0012,1,success,True,0.4598589933338868,0.0
pure_latent,test_iid,v3_confirmation_test_iid_0014,1,success,True,0.45223267682806995,0.0
pure_latent,test_iid,v3_confirmation_test_iid_0015,1,success,True,0.5041927218955008,0.0
pure_latent,test_iid,v3_confirmation_test_iid_0017,1,success,True,0.4577634222216941,0.0
pure_latent,test_iid,v3_confirmation_test_iid_0018,1,success,True,0.4642136367266067,0.0
pure_latent,test_iid,v3_confirmation_test_iid_0020,1,success,True,0.45582292671583186,0.0
pure_latent,test_iid,v3_confirmation_test_iid_0021,1,success,True,0.47261353673477896,0.0
pure_latent,test_iid,v3_confirmation_test_iid_0023,1,success,True,0.4634977813729133,0.0
pure_latent,test_iid,v3_confirmation_test_iid_0024,1,success,True,0.46206279840851383,0.0
pure_latent,test_iid,v3_confirmation_test_iid_0026,1,success,True,0.44821914514002015,0.0
pure_latent,test_iid,v3_confirmation_test_iid_0027,1,success,True,0.45760759104267895,0.0
pure_latent,test_iid,v3_confirmation_test_iid_0029,1,success,True,0.4464962111066385,0.0
pure_latent,test_iid,v3_confirmation_test_iid_0030,1,success,True,0.4578510213838991,0.0
pure_latent,test_iid,v3_confirmation_test_iid_0032,1,success,True,0.4430008346304657,0.0
pure_latent,test_iid,v3_confirmation_test_iid_0033,1,success,True,0.47865525490884003,0.0
pure_latent,test_iid,v3_confirmation_test_iid_0035,1,success,True,0.46094080706540586,0.0
pure_latent,test_iid,v3_confirmation_test_iid_0036,1,success,True,0.4515547747128996,0.0
pure_latent,test_iid,v3_confirmation_test_iid_0038,1,success,True,0.4535266787209082,0.0
pure_latent,test_iid,v3_confirmation_test_iid_0039,1,success,True,0.4957753491506171,0.0
pure_latent,test_iid,v3_confirmation_test_iid_0041,1,success,True,0.4904570040778801,0.0
pure_latent,test_iid,v3_confirmation_test_iid_0042,1,success,True,0.47864209475595587,0.0
pure_latent,test_iid,v3_confirmation_test_iid_0044,1,success,True,0.4577105070391254,0.0
pure_latent,test_iid,v3_confirmation_test_iid_0045,1,success,True,0.47828413117922547,0.0
pure_latent,test_iid,v3_confirmation_test_iid_0047,1,success,True,0.48093534299000484,0.0
pure_latent,test_iid,v3_confirmation_test_iid_0048,1,success,True,0.4736329809822075,0.0
pure_latent,test_iid,v3_confirmation_test_iid_0050,1,success,True,0.46077340901163216,0.0
pure_latent,test_iid,v3_confirmation_test_iid_0051,1,success,True,0.46734796763120223,0.0
pure_latent,test_iid,v3_confirmation_test_iid_0053,1,success,True,0.447687834566222,0.0
pure_latent,test_iid,v3_confirmation_test_iid_0054,1,success,True,0.4583958372009923,0.0
pure_latent,test_iid,v3_confirmation_test_iid_0056,1,success,True,0.43556957665206975,0.0
pure_latent,test_iid,v3_confirmation_test_iid_0057,1,success,True,0.4798686864895183,0.0
pure_latent,test_iid,v3_confirmation_test_iid_0059,1,success,True,0.4705729696622831,0.0
pure_latent,test_iid,v3_confirmation_test_iid_0060,1,success,True,0.46644337352711723,0.0
pure_latent,test_iid,v3_confirmation_test_iid_0062,1,success,True,0.4542693203508497,0.0
pure_latent,test_iid,v3_confirmation_test_iid_0063,1,success,True,0.48917355683405633,0.0
pure_latent,test_iid,v3_confirmation_test_iid_0065,1,success,True,0.46092929935112364,0.0
pure_latent,test_iid,v3_confirmation_test_iid_0066,1,success,True,0.47081352148436423,0.0
pure_latent,test_iid,v3_confirmation_test_iid_0068,1,success,True,0.4684015709583779,0.0
pure_latent,test_iid,v3_confirmation_test_iid_0069,1,success,True,0.484740749313949,0.0
pure_latent,test_iid,v3_confirmation_test_iid_0071,1,success,True,0.4703585834881256,0.0
pure_latent,test_iid,v3_confirmation_test_iid_0072,1,success,True,0.45431077829750866,0.0
pure_latent,test_iid,v3_confirmation_test_iid_0074,1,success,True,0.45004713616770553,0.0
pure_latent,test_iid,v3_confirmation_test_iid_0075,1,success,True,0.4651474672767884,0.0
pure_latent,test_iid,v3_confirmation_test_iid_0077,1,success,True,0.4480835549270709,0.0
pure_latent,test_iid,v3_confirmation_test_iid_0078,1,success,True,0.4494663977390505,0.0
pure_latent,test_iid,v3_confirmation_test_iid_0000,2,success,True,0.8638901909633766,0.0
pure_latent,test_iid,v3_confirmation_test_iid_0002,2,success,True,0.8702434260181864,0.0
pure_latent,test_iid,v3_confirmation_test_iid_0003,2,success,True,0.8773162673239593,0.0
pure_latent,test_iid,v3_confirmation_test_iid_0005,2,success,True,0.8672128174104814,0.0
pure_latent,test_iid,v3_confirmation_test_iid_0006,2,success,True,0.8551353375456742,0.0
pure_latent,test_iid,v3_confirmation_test_iid_0008,2,success,True,0.8456489483816907,0.0
pure_latent,test_iid,v3_confirmation_test_iid_0009,2,success,True,0.8799682353664386,0.0
pure_latent,test_iid,v3_confirmation_test_iid_0011,2,success,True,0.8654421584852415,0.0
pure_latent,test_iid,v3_confirmation_test_iid_0012,2,success,True,0.8745290110424764,0.0
pure_latent,test_iid,v3_confirmation_test_iid_0014,2,success,True,0.869388389316331,0.0
pure_latent,test_iid,v3_confirmation_test_iid_0015,2,success,True,0.8995962643916446,0.0
pure_latent,test_iid,v3_confirmation_test_iid_0017,2,success,True,0.862017700806763,0.0
pure_latent,test_iid,v3_confirmation_test_iid_0018,2,success,True,0.8809529739660706,0.0
pure_latent,test_iid,v3_confirmation_test_iid_0020,2,success,True,0.8659581317623463,0.0
pure_latent,test_iid,v3_confirmation_test_iid_0021,2,success,True,0.897950983797981,0.0
pure_latent,test_iid,v3_confirmation_test_iid_0023,2,success,True,0.8825548906842999,0.0
pure_latent,test_iid,v3_confirmation_test_iid_0024,2,success,True,0.8820252383486454,0.0
pure_latent,test_iid,v3_confirmation_test_iid_0026,2,success,True,0.8670854171256724,0.0
pure_latent,test_iid,v3_confirmation_test_iid_0027,2,success,True,0.8737082302134476,0.0
pure_latent,test_iid,v3_confirmation_test_iid_0029,2,success,True,0.8627590320641174,0.0
pure_latent,test_iid,v3_confirmation_test_iid_0030,2,success,True,0.867770883653013,0.0
pure_latent,test_iid,v3_confirmation_test_iid_0032,2,success,True,0.846199994572067,0.0
pure_latent,test_iid,v3_confirmation_test_iid_0033,2,success,True,0.8889938868404729,0.0
pure_latent,test_iid,v3_confirmation_test_iid_0035,2,success,True,0.8742162447088642,0.0
pure_latent,test_iid,v3_confirmation_test_iid_0036,2,success,True,0.8638147360993534,0.0
pure_latent,test_iid,v3_confirmation_test_iid_0038,2,success,True,0.8732357018739033,0.0
pure_latent,test_iid,v3_confirmation_test_iid_0039,2,success,True,0.908132293874797,0.0
pure_latent,test_iid,v3_confirmation_test_iid_0041,2,success,True,0.8932364696459786,0.0
pure_latent,test_iid,v3_confirmation_test_iid_0042,2,success,True,0.8899868074083146,0.0
pure_latent,test_iid,v3_confirmation_test_iid_0044,2,success,True,0.8692277026474938,0.0
pure_latent,test_iid,v3_confirmation_test_iid_0045,2,success,True,0.9061960238236544,0.0
pure_latent,test_iid,v3_confirmation_test_iid_0047,2,success,True,0.9022425012525414,0.0
pure_latent,test_iid,v3_confirmation_test_iid_0048,2,success,True,0.8936185267987439,0.0
pure_latent,test_iid,v3_confirmation_test_iid_0050,2,success,True,0.8772975857396703,0.0
pure_latent,test_iid,v3_confirmation_test_iid_0051,2,success,True,0.8816021333507681,0.0
pure_latent,test_iid,v3_confirmation_test_iid_0053,2,success,True,0.8587014250561104,0.0
pure_latent,test_iid,v3_confirmation_test_iid_0054,2,success,True,0.8649051425140584,0.0
pure_latent,test_iid,v3_confirmation_test_iid_0056,2,success,True,0.8364043539711414,0.0
pure_latent,test_iid,v3_confirmation_test_iid_0057,2,success,True,0.8979540096169787,0.0
pure_latent,test_iid,v3_confirmation_test_iid_0059,2,success,True,0.8801770841187302,0.0
pure_latent,test_iid,v3_confirmation_test_iid_0060,2,success,True,0.888110148592527,0.0
pure_latent,test_iid,v3_confirmation_test_iid_0062,2,success,True,0.8696760820697766,0.0
pure_latent,test_iid,v3_confirmation_test_iid_0063,2,success,True,0.8925721670574633,0.0
pure_latent,test_iid,v3_confirmation_test_iid_0065,2,success,True,0.863862614914741,0.0
pure_latent,test_iid,v3_confirmation_test_iid_0066,2,success,True,0.8885534714344594,0.0
pure_latent,test_iid,v3_confirmation_test_iid_0068,2,success,True,0.8759796775099092,0.0
pure_latent,test_iid,v3_confirmation_test_iid_0069,2,success,True,0.9009802821043744,0.0
pure_latent,test_iid,v3_confirmation_test_iid_0071,2,success,True,0.8914165924383591,0.0
pure_latent,test_iid,v3_confirmation_test_iid_0072,2,success,True,0.8662516804149695,0.0
pure_latent,test_iid,v3_confirmation_test_iid_0074,2,success,True,0.8658188769607531,0.0
pure_latent,test_iid,v3_confirmation_test_iid_0075,2,success,True,0.8868466188964028,0.0
pure_latent,test_iid,v3_confirmation_test_iid_0077,2,success,True,0.8654300951074311,0.0
pure_latent,test_iid,v3_confirmation_test_iid_0078,2,success,True,0.854489272766824,0.0
pure_latent,test_iid,v3_confirmation_test_iid_0000,3,success,True,1.2122444707680797,0.0
pure_latent,test_iid,v3_confirmation_test_iid_0002,3,success,True,1.2156609416760353,0.0
pure_latent,test_iid,v3_confirmation_test_iid_0003,3,success,True,1.2175245733203643,0.0
pure_latent,test_iid,v3_confirmation_test_iid_0005,3,success,True,1.208081588846085,0.0
pure_latent,test_iid,v3_confirmation_test_iid_0006,3,success,True,1.2014976526931551,0.0
pure_latent,test_iid,v3_confirmation_test_iid_0008,3,success,True,1.1833127645986095,0.0
pure_latent,test_iid,v3_confirmation_test_iid_0009,3,unresolved_decode,False,1.218271253420427,0.1453880269978599
pure_latent,test_iid,v3_confirmation_test_iid_0011,3,unresolved_decode,False,1.2012502991355898,0.19027893378038238
pure_latent,test_iid,v3_confirmation_test_iid_0012,3,unresolved_decode,False,1.2179054174457398,0.15613173156599558
pure_latent,test_iid,v3_confirmation_test_iid_0014,3,success,True,1.2065594749555886,0.0
pure_latent,test_iid,v3_confirmation_test_iid_0015,3,unresolved_decode,False,1.24630702163113,0.14598402780169212
pure_latent,test_iid,v3_confirmation_test_iid_0017,3,unresolved_decode,False,1.2016394499932956,0.109900561098747
pure_latent,test_iid,v3_confirmation_test_iid_0018,3,success,True,1.2234700999147166,0.0
pure_latent,test_iid,v3_confirmation_test_iid_0020,3,parsed_semantic_error,True,1.2050824043990969,0.08570930717370612
pure_latent,test_iid,v3_confirmation_test_iid_0021,3,success,True,1.2371644099407253,0.0
pure_latent,test_iid,v3_confirmation_test_iid_0023,3,success,True,1.2220928681371486,0.0
pure_latent,test_iid,v3_confirmation_test_iid_0024,3,success,True,1.2335922542189073,0.0
pure_latent,test_iid,v3_confirmation_test_iid_0026,3,unresolved_decode,False,1.2119763514775193,0.15266189814342232
pure_latent,test_iid,v3_confirmation_test_iid_0027,3,success,True,1.2159315127235502,0.0
pure_latent,test_iid,v3_confirmation_test_iid_0029,3,success,True,1.2061094728948052,0.0
pure_latent,test_iid,v3_confirmation_test_iid_0030,3,success,True,1.2160508477326297,0.0
pure_latent,test_iid,v3_confirmation_test_iid_0032,3,success,True,1.1815378578905904,0.0
pure_latent,test_iid,v3_confirmation_test_iid_0033,3,unresolved_decode,False,1.2289764501297913,0.10721045072054787
pure_latent,test_iid,v3_confirmation_test_iid_0035,3,unresolved_decode,False,1.2071921731479305,0.10329717991698441
pure_latent,test_iid,v3_confirmation_test_iid_0036,3,unresolved_decode,False,1.2043277729093076,0.15522250846575794
pure_latent,test_iid,v3_confirmation_test_iid_0038,3,success,True,1.212964582085609,0.0
pure_latent,test_iid,v3_confirmation_test_iid_0039,3,unresolved_decode,False,1.2629741672047146,0.1503592335557856
pure_latent,test_iid,v3_confirmation_test_iid_0041,3,unresolved_decode,False,1.2387759462857457,0.1527180035317885
pure_latent,test_iid,v3_confirmation_test_iid_0042,3,success,True,1.2329139383604135,0.0
pure_latent,test_iid,v3_confirmation_test_iid_0044,3,success,True,1.2033930473637737,0.0
pure_latent,test_iid,v3_confirmation_test_iid_0045,3,success,True,1.2522657574908798,0.0
pure_latent,test_iid,v3_confirmation_test_iid_0047,3,success,True,1.2439672694116057,0.0
pure_latent,test_iid,v3_confirmation_test_iid_0048,3,success,True,1.2457192400516506,0.0
pure_latent,test_iid,v3_confirmation_test_iid_0050,3,success,True,1.2244106466992104,0.0
pure_latent,test_iid,v3_confirmation_test_iid_0051,3,success,True,1.2248084938003019,0.0
pure_latent,test_iid,v3_confirmation_test_iid_0053,3,success,True,1.1980243486748068,0.0
pure_latent,test_iid,v3_confirmation_test_iid_0054,3,success,True,1.2125354291348627,0.0
pure_latent,test_iid,v3_confirmation_test_iid_0056,3,parsed_semantic_error,True,1.1729011821978657,0.08964023220671256
pure_latent,test_iid,v3_confirmation_test_iid_0057,3,unresolved_decode,False,1.2402234550051374,0.10614284664171383
pure_latent,test_iid,v3_confirmation_test_iid_0059,3,unresolved_decode,False,1.2128572785749692,0.1458303889608059
pure_latent,test_iid,v3_confirmation_test_iid_0060,3,unresolved_decode,False,1.2306086994267118,0.16422533724823354
pure_latent,test_iid,v3_confirmation_test_iid_0062,3,success,True,1.2070335894397026,0.0
pure_latent,test_iid,v3_confirmation_test_iid_0063,3,unresolved_decode,False,1.240411819570093,0.11980078343575
pure_latent,test_iid,v3_confirmation_test_iid_0065,3,unresolved_decode,False,1.209342060210704,0.11501274593822178
pure_latent,test_iid,v3_confirmation_test_iid_0066,3,unresolved_decode,False,1.2335455961417405,0.1734093647911638
pure_latent,test_iid,v3_confirmation_test_iid_0068,3,success,True,1.211032062345704,0.0
pure_latent,test_iid,v3_confirmation_test_iid_0069,3,success,True,1.2385345122777531,0.0
pure_latent,test_iid,v3_confirmation_test_iid_0071,3,success,True,1.2339970864197918,0.0
pure_latent,test_iid,v3_confirmation_test_iid_0072,3,success,True,1.2129440744492157,0.0
pure_latent,test_iid,v3_confirmation_test_iid_0074,3,success,True,1.211059799422954,0.0
pure_latent,test_iid,v3_confirmation_test_iid_0075,3,success,True,1.2333133951300081,0.0
pure_latent,test_iid,v3_confirmation_test_iid_0077,3,success,True,1.2130402081160314,0.0
pure_latent,test_iid,v3_confirmation_test_iid_0078,3,parsed_semantic_error,True,1.1983110200379574,0.09373250346755814
pure_latent,test_iid,v3_confirmation_test_iid_0000,4,unresolved_decode,False,1.5067041491916755,0.838127367026904
pure_latent,test_iid,v3_confirmation_test_iid_0002,4,unresolved_decode,False,1.5083695437046754,0.7991338239510923
pure_latent,test_iid,v3_confirmation_test_iid_0003,4,unresolved_decode,False,1.5039270278283536,0.7566090739387763
pure_latent,test_iid,v3_confirmation_test_iid_0005,4,unresolved_decode,False,1.4973752874792081,0.8333776460467314
pure_latent,test_iid,v3_confirmation_test_iid_0006,4,unresolved_decode,False,1.4946617685260875,0.7544688305812464
pure_latent,test_iid,v3_confirmation_test_iid_0008,4,unresolved_decode,False,1.4722579200807768,0.6126486749459551
pure_latent,test_iid,v3_confirmation_test_iid_0009,4,unresolved_decode,False,1.5054809182280369,0.709096349937268
pure_latent,test_iid,v3_confirmation_test_iid_0011,4,unresolved_decode,False,1.4902039853435487,0.5467135916110719
pure_latent,test_iid,v3_confirmation_test_iid_0012,4,unresolved_decode,False,1.511125735777388,0.859109346847403
pure_latent,test_iid,v3_confirmation_test_iid_0014,4,unresolved_decode,False,1.4984908985944183,0.7510960884640571
pure_latent,test_iid,v3_confirmation_test_iid_0015,4,unresolved_decode,False,1.5329211630519677,0.7957015299241722
pure_latent,test_iid,v3_confirmation_test_iid_0017,4,unresolved_decode,False,1.4914088033756134,0.4956163279839568
pure_latent,test_iid,v3_confirmation_test_iid_0018,4,unresolved_decode,False,1.5139581726491584,0.5492967165112764
pure_latent,test_iid,v3_confirmation_test_iid_0020,4,unresolved_decode,False,1.4920198806220795,1.0462813296557967
pure_latent,test_iid,v3_confirmation_test_iid_0021,4,unresolved_decode,False,1.5303313631153237,0.8734866409545103
pure_latent,test_iid,v3_confirmation_test_iid_0023,4,unresolved_decode,False,1.5136554907617474,0.9095519879819746
pure_latent,test_iid,v3_confirmation_test_iid_0024,4,unresolved_decode,False,1.5309856984277246,0.6567057118099887
pure_latent,test_iid,v3_confirmation_test_iid_0026,4,unresolved_decode,False,1.5059475111995049,0.7882036033020539
pure_latent,test_iid,v3_confirmation_test_iid_0027,4,unresolved_decode,False,1.5088439847208353,0.7007005444075181
pure_latent,test_iid,v3_confirmation_test_iid_0029,4,unresolved_decode,False,1.497528125415062,0.8324634167004078
pure_latent,test_iid,v3_confirmation_test_iid_0030,4,unresolved_decode,False,1.5092591178252657,0.705310897729645
pure_latent,test_iid,v3_confirmation_test_iid_0032,4,unresolved_decode,False,1.4701427342498423,0.6700000270369176
pure_latent,test_iid,v3_confirmation_test_iid_0033,4,unresolved_decode,False,1.5189385987619815,0.8051898312400404
pure_latent,test_iid,v3_confirmation_test_iid_0035,4,unresolved_decode,False,1.4968712028571418,0.7804279106781826
pure_latent,test_iid,v3_confirmation_test_iid_0036,4,unresolved_decode,False,1.4967740494762907,0.7461426630256367
pure_latent,test_iid,v3_confirmation_test_iid_0038,4,unresolved_decode,False,1.5058105229958656,0.8713872928627826
pure_latent,test_iid,v3_confirmation_test_iid_0039,4,unresolved_decode,False,1.5580533911176104,0.7517740521099013
pure_latent,test_iid,v3_confirmation_test_iid_0041,4,unresolved_decode,False,1.5271867223594604,0.8202643724354964
pure_latent,test_iid,v3_confirmation_test_iid_0042,4,unresolved_decode,False,1.521971033393059,0.49192067913846504
pure_latent,test_iid,v3_confirmation_test_iid_0044,4,unresolved_decode,False,1.4894186007680748,0.8729671849370906
pure_latent,test_iid,v3_confirmation_test_iid_0045,4,unresolved_decode,False,1.5487065188726594,0.7712668770197655
pure_latent,test_iid,v3_confirmation_test_iid_0047,4,unresolved_decode,False,1.5359892293173323,0.8057619739865035
pure_latent,test_iid,v3_confirmation_test_iid_0048,4,unresolved_decode,False,1.5408737381193929,0.8023872683171726
pure_latent,test_iid,v3_confirmation_test_iid_0050,4,unresolved_decode,False,1.516820702548491,0.7965331986462532
pure_latent,test_iid,v3_confirmation_test_iid_0051,4,unresolved_decode,False,1.5154844338718203,0.6828608628248638
pure_latent,test_iid,v3_confirmation_test_iid_0053,4,unresolved_decode,False,1.4859741898002397,0.7775546943710457
pure_latent,test_iid,v3_confirmation_test_iid_0054,4,unresolved_decode,False,1.504849586753489,0.555672644295511
pure_latent,test_iid,v3_confirmation_test_iid_0056,4,unresolved_decode,False,1.461364039430386,0.780254934367652
pure_latent,test_iid,v3_confirmation_test_iid_0057,4,unresolved_decode,False,1.5312759997264005,0.7979165241669206
pure_latent,test_iid,v3_confirmation_test_iid_0059,4,unresolved_decode,False,1.4994951613336065,0.46252375832181847
pure_latent,test_iid,v3_confirmation_test_iid_0060,4,unresolved_decode,False,1.5248015571930313,0.6815272074944272
pure_latent,test_iid,v3_confirmation_test_iid_0062,4,unresolved_decode,False,1.4959695523486563,0.7632601867357486
pure_latent,test_iid,v3_confirmation_test_iid_0063,4,unresolved_decode,False,1.5307779934116277,0.6325255495642477
pure_latent,test_iid,v3_confirmation_test_iid_0065,4,unresolved_decode,False,1.4997340245547897,0.5335313518208945
pure_latent,test_iid,v3_confirmation_test_iid_0066,4,unresolved_decode,False,1.5258039758520296,0.6236226146248279
pure_latent,test_iid,v3_confirmation_test_iid_0068,4,unresolved_decode,False,1.4987982438344913,1.0414216844677524
pure_latent,test_iid,v3_confirmation_test_iid_0069,4,unresolved_decode,False,1.5294845514842954,0.7588656028906886
pure_latent,test_iid,v3_confirmation_test_iid_0071,4,unresolved_decode,False,1.5286048024585221,0.7920660471104037
pure_latent,test_iid,v3_confirmation_test_iid_0072,4,unresolved_decode,False,1.5050090642917746,0.6145148509833275
pure_latent,test_iid,v3_confirmation_test_iid_0074,4,unresolved_decode,False,1.502900243551066,0.755158004894412
pure_latent,test_iid,v3_confirmation_test_iid_0075,4,unresolved_decode,False,1.5259590065991717,0.7686275688340738
pure_latent,test_iid,v3_confirmation_test_iid_0077,4,unresolved_decode,False,1.5055923439666874,0.8262505722071095
pure_latent,test_iid,v3_confirmation_test_iid_0078,4,unresolved_decode,False,1.4899186805928184,0.6249675130207812
pure_latent,test_iid,v3_confirmation_test_iid_0000,5,unresolved_decode,False,1.7682628317455054,1.1215241351447383
pure_latent,test_iid,v3_confirmation_test_iid_0002,5,unresolved_decode,False,1.7644535904359413,1.1067204318541641
pure_latent,test_iid,v3_confirmation_test_iid_0003,5,unresolved_decode,False,1.764850669095701,0.9833409278979242
pure_latent,test_iid,v3_confirmation_test_iid_0005,5,unresolved_decode,False,1.7577569193166194,1.1364950878139781
pure_latent,test_iid,v3_confirmation_test_iid_0006,5,unresolved_decode,False,1.7606934854974525,1.103704811003271
pure_latent,test_iid,v3_confirmation_test_iid_0008,5,unresolved_decode,False,1.733697580837302,1.1372889251704774
pure_latent,test_iid,v3_confirmation_test_iid_0009,5,unresolved_decode,False,1.7593819188495239,1.0448639362413947
pure_latent,test_iid,v3_confirmation_test_iid_0011,5,unresolved_decode,False,1.7482409448413958,1.1161456843571405
pure_latent,test_iid,v3_confirmation_test_iid_0012,5,unresolved_decode,False,1.7709372267511028,1.1587813086469338
pure_latent,test_iid,v3_confirmation_test_iid_0014,5,unresolved_decode,False,1.7592599004105323,1.1046924037180337
pure_latent,test_iid,v3_confirmation_test_iid_0015,5,unresolved_decode,False,1.7896182232448636,1.1589237323663815
pure_latent,test_iid,v3_confirmation_test_iid_0017,5,unresolved_decode,False,1.7500552208441014,1.1560174224512398
pure_latent,test_iid,v3_confirmation_test_iid_0018,5,unresolved_decode,False,1.7695575564503865,1.1509536905020092
pure_latent,test_iid,v3_confirmation_test_iid_0020,5,unresolved_decode,False,1.7453484931246661,1.070818753889555
pure_latent,test_iid,v3_confirmation_test_iid_0021,5,unresolved_decode,False,1.7920207552466079,1.1119676601418118
pure_latent,test_iid,v3_confirmation_test_iid_0023,5,unresolved_decode,False,1.7748524420769525,1.1090969530166164
pure_latent,test_iid,v3_confirmation_test_iid_0024,5,unresolved_decode,False,1.7947868285342805,1.212960138008151
pure_latent,test_iid,v3_confirmation_test_iid_0026,5,unresolved_decode,False,1.767694412091314,1.1218780481227546
pure_latent,test_iid,v3_confirmation_test_iid_0027,5,unresolved_decode,False,1.772148754114251,1.1759005232796054
pure_latent,test_iid,v3_confirmation_test_iid_0029,5,unresolved_decode,False,1.760489211649689,1.1313967430269205
pure_latent,test_iid,v3_confirmation_test_iid_0030,5,unresolved_decode,False,1.7754128734350723,1.0697743210489972
pure_latent,test_iid,v3_confirmation_test_iid_0032,5,unresolved_decode,False,1.7340395144126843,1.0382309962087235
pure_latent,test_iid,v3_confirmation_test_iid_0033,5,unresolved_decode,False,1.7800699442954806,1.114932010289766
pure_latent,test_iid,v3_confirmation_test_iid_0035,5,unresolved_decode,False,1.7525637639420486,1.082254796287632
pure_latent,test_iid,v3_confirmation_test_iid_0036,5,unresolved_decode,False,1.7558529472013673,1.1677763302238284
pure_latent,test_iid,v3_confirmation_test_iid_0038,5,unresolved_decode,False,1.7657868974898787,1.1063673772816953
pure_latent,test_iid,v3_confirmation_test_iid_0039,5,unresolved_decode,False,1.8194412364709034,1.1131934809671407
pure_latent,test_iid,v3_confirmation_test_iid_0041,5,unresolved_decode,False,1.7923240334141566,1.2227680393639795
pure_latent,test_iid,v3_confirmation_test_iid_0042,5,unresolved_decode,False,1.7795499458853312,1.1355396290214355
pure_latent,test_iid,v3_confirmation_test_iid_0044,5,unresolved_decode,False,1.7451633900384653,1.164764778891271
pure_latent,test_iid,v3_confirmation_test_iid_0045,5,unresolved_decode,False,1.8135325568070348,1.1502535379297136
pure_latent,test_iid,v3_confirmation_test_iid_0047,5,unresolved_decode,False,1.7957342130491862,1.1431648271890111
pure_latent,test_iid,v3_confirmation_test_iid_0048,5,unresolved_decode,False,1.8015621308464127,1.1050298172255202
pure_latent,test_iid,v3_confirmation_test_iid_0050,5,unresolved_decode,False,1.7787555371415475,1.139688131521091
pure_latent,test_iid,v3_confirmation_test_iid_0051,5,unresolved_decode,False,1.7776817710762454,1.0497218758141607
pure_latent,test_iid,v3_confirmation_test_iid_0053,5,unresolved_decode,False,1.7473395821480293,1.2112405960722001
pure_latent,test_iid,v3_confirmation_test_iid_0054,5,unresolved_decode,False,1.7710483706024696,1.207629064822955
pure_latent,test_iid,v3_confirmation_test_iid_0056,5,unresolved_decode,False,1.724943566475203,1.140250586315392
pure_latent,test_iid,v3_confirmation_test_iid_0057,5,unresolved_decode,False,1.7895028553942207,1.0402614972255928
pure_latent,test_iid,v3_confirmation_test_iid_0059,5,unresolved_decode,False,1.7539136332446104,1.1453112708909785
pure_latent,test_iid,v3_confirmation_test_iid_0060,5,unresolved_decode,False,1.7865178876343792,1.1305855601465364
pure_latent,test_iid,v3_confirmation_test_iid_0062,5,unresolved_decode,False,1.7519455971683657,1.0994721466467965
pure_latent,test_iid,v3_confirmation_test_iid_0063,5,unresolved_decode,False,1.788023122215067,1.20561038599678
pure_latent,test_iid,v3_confirmation_test_iid_0065,5,unresolved_decode,False,1.7593197564081537,1.152324770342433
pure_latent,test_iid,v3_confirmation_test_iid_0066,5,unresolved_decode,False,1.7817117153624833,1.1653182970127898
pure_latent,test_iid,v3_confirmation_test_iid_0068,5,unresolved_decode,False,1.7533555977641522,1.1295719806931772
pure_latent,test_iid,v3_confirmation_test_iid_0069,5,unresolved_decode,False,1.792959745965255,1.2582703755472813
pure_latent,test_iid,v3_confirmation_test_iid_0071,5,unresolved_decode,False,1.793708041454173,1.1553865905502911
pure_latent,test_iid,v3_confirmation_test_iid_0072,5,unresolved_decode,False,1.7640014606862167,1.1265614157245676
pure_latent,test_iid,v3_confirmation_test_iid_0074,5,unresolved_decode,False,1.763132301550321,1.1236980567392956
pure_latent,test_iid,v3_confirmation_test_iid_0075,5,unresolved_decode,False,1.7872832012315092,1.1734266102663995
pure_latent,test_iid,v3_confirmation_test_iid_0077,5,unresolved_decode,False,1.7677815739328786,1.1316976684864035
pure_latent,test_iid,v3_confirmation_test_iid_0078,5,unresolved_decode,False,1.7534186445732567,1.1169292330310494
decode_reencode,test_iid,v3_confirmation_test_iid_0000,1,success,True,0.45280544778526455,0.0
decode_reencode,test_iid,v3_confirmation_test_iid_0002,1,success,True,0.45182586948607145,0.0
decode_reencode,test_iid,v3_confirmation_test_iid_0003,1,success,True,0.46933350724882317,0.0
decode_reencode,test_iid,v3_confirmation_test_iid_0005,1,success,True,0.454607638723989,0.0
decode_reencode,test_iid,v3_confirmation_test_iid_0006,1,success,True,0.4466531542995945,0.0
decode_reencode,test_iid,v3_confirmation_test_iid_0008,1,success,True,0.44176655234329876,0.0
decode_reencode,test_iid,v3_confirmation_test_iid_0009,1,success,True,0.46826933407944515,0.0
decode_reencode,test_iid,v3_confirmation_test_iid_0011,1,success,True,0.4552961835095003,0.0
decode_reencode,test_iid,v3_confirmation_test_iid_0012,1,success,True,0.4598599340891204,0.0
decode_reencode,test_iid,v3_confirmation_test_iid_0014,1,success,True,0.4522343830975088,0.0
decode_reencode,test_iid,v3_confirmation_test_iid_0015,1,success,True,0.5041903515014581,0.0
decode_reencode,test_iid,v3_confirmation_test_iid_0017,1,success,True,0.457764907620691,0.0
decode_reencode,test_iid,v3_confirmation_test_iid_0018,1,success,True,0.46421016653191394,0.0
decode_reencode,test_iid,v3_confirmation_test_iid_0020,1,success,True,0.45581885385453635,0.0
decode_reencode,test_iid,v3_confirmation_test_iid_0021,1,success,True,0.47261205891851227,0.0
decode_reencode,test_iid,v3_confirmation_test_iid_0023,1,success,True,0.4634953045787333,0.0
decode_reencode,test_iid,v3_confirmation_test_iid_0024,1,success,True,0.46206334189584686,0.0
decode_reencode,test_iid,v3_confirmation_test_iid_0026,1,success,True,0.44822050267628577,0.0
decode_reencode,test_iid,v3_confirmation_test_iid_0027,1,success,True,0.45761284997524465,0.0
decode_reencode,test_iid,v3_confirmation_test_iid_0029,1,success,True,0.4464975503438396,0.0
decode_reencode,test_iid,v3_confirmation_test_iid_0030,1,success,True,0.45785090294197883,0.0
decode_reencode,test_iid,v3_confirmation_test_iid_0032,1,success,True,0.4430004774759302,0.0
decode_reencode,test_iid,v3_confirmation_test_iid_0033,1,success,True,0.4786535115477142,0.0
decode_reencode,test_iid,v3_confirmation_test_iid_0035,1,success,True,0.4609383828208963,0.0
decode_reencode,test_iid,v3_confirmation_test_iid_0036,1,success,True,0.4515544995468408,0.0
decode_reencode,test_iid,v3_confirmation_test_iid_0038,1,success,True,0.45352826616384734,0.0
decode_reencode,test_iid,v3_confirmation_test_iid_0039,1,success,True,0.4957747263902192,0.0
decode_reencode,test_iid,v3_confirmation_test_iid_0041,1,success,True,0.4904605520948311,0.0
decode_reencode,test_iid,v3_confirmation_test_iid_0042,1,success,True,0.47864344972208483,0.0
decode_reencode,test_iid,v3_confirmation_test_iid_0044,1,success,True,0.4577092531382201,0.0
decode_reencode,test_iid,v3_confirmation_test_iid_0045,1,success,True,0.47828307822621874,0.0
decode_reencode,test_iid,v3_confirmation_test_iid_0047,1,success,True,0.4809408846670849,0.0
decode_reencode,test_iid,v3_confirmation_test_iid_0048,1,success,True,0.47362907050109604,0.0
decode_reencode,test_iid,v3_confirmation_test_iid_0050,1,success,True,0.4607738405235511,0.0
decode_reencode,test_iid,v3_confirmation_test_iid_0051,1,success,True,0.46734682186009063,0.0
decode_reencode,test_iid,v3_confirmation_test_iid_0053,1,success,True,0.44768787326005444,0.0
decode_reencode,test_iid,v3_confirmation_test_iid_0054,1,success,True,0.458394338133846,0.0
decode_reencode,test_iid,v3_confirmation_test_iid_0056,1,success,True,0.4355693396461185,0.0
decode_reencode,test_iid,v3_confirmation_test_iid_0057,1,success,True,0.47986483945955366,0.0
decode_reencode,test_iid,v3_confirmation_test_iid_0059,1,success,True,0.4705721036913585,0.0
decode_reencode,test_iid,v3_confirmation_test_iid_0060,1,success,True,0.4664456658029881,0.0
decode_reencode,test_iid,v3_confirmation_test_iid_0062,1,success,True,0.45427071642802797,0.0
decode_reencode,test_iid,v3_confirmation_test_iid_0063,1,success,True,0.48917539833908785,0.0
decode_reencode,test_iid,v3_confirmation_test_iid_0065,1,success,True,0.4609310312415718,0.0
decode_reencode,test_iid,v3_confirmation_test_iid_0066,1,success,True,0.4708141825165995,0.0
decode_reencode,test_iid,v3_confirmation_test_iid_0068,1,success,True,0.46840429707261283,0.0
decode_reencode,test_iid,v3_confirmation_test_iid_0069,1,success,True,0.48473773447971163,0.0
decode_reencode,test_iid,v3_confirmation_test_iid_0071,1,success,True,0.4703566717503286,0.0
decode_reencode,test_iid,v3_confirmation_test_iid_0072,1,success,True,0.4543075560672003,0.0
decode_reencode,test_iid,v3_confirmation_test_iid_0074,1,success,True,0.45005136136694884,0.0
decode_reencode,test_iid,v3_confirmation_test_iid_0075,1,success,True,0.46514846474268795,0.0
decode_reencode,test_iid,v3_confirmation_test_iid_0077,1,success,True,0.44808309719385125,0.0
decode_reencode,test_iid,v3_confirmation_test_iid_0078,1,success,True,0.44946838387139776,0.0
decode_reencode,test_iid,v3_confirmation_test_iid_0000,2,success,True,0.44088812628258695,0.0
decode_reencode,test_iid,v3_confirmation_test_iid_0002,2,success,True,0.4464103772543695,0.0
decode_reencode,test_iid,v3_confirmation_test_iid_0003,2,success,True,0.4657632472305935,0.0
decode_reencode,test_iid,v3_confirmation_test_iid_0005,2,success,True,0.452124860556768,0.0
decode_reencode,test_iid,v3_confirmation_test_iid_0006,2,success,True,0.44238412449398695,0.0
decode_reencode,test_iid,v3_confirmation_test_iid_0008,2,success,True,0.4388300273753814,0.0
decode_reencode,test_iid,v3_confirmation_test_iid_0009,2,success,True,0.4559876900253485,0.0
decode_reencode,test_iid,v3_confirmation_test_iid_0011,2,success,True,0.44590225685666773,0.0
decode_reencode,test_iid,v3_confirmation_test_iid_0012,2,success,True,0.4497856741135786,0.0
decode_reencode,test_iid,v3_confirmation_test_iid_0014,2,success,True,0.4472008164686504,0.0
decode_reencode,test_iid,v3_confirmation_test_iid_0015,2,success,True,0.4978000144766991,0.0
decode_reencode,test_iid,v3_confirmation_test_iid_0017,2,success,True,0.45692749285008355,0.0
decode_reencode,test_iid,v3_confirmation_test_iid_0018,2,success,True,0.4545492874182055,0.0
decode_reencode,test_iid,v3_confirmation_test_iid_0020,2,success,True,0.4464824571022894,0.0
decode_reencode,test_iid,v3_confirmation_test_iid_0021,2,success,True,0.4690913331073568,0.0
decode_reencode,test_iid,v3_confirmation_test_iid_0023,2,success,True,0.4610453483589063,0.0
decode_reencode,test_iid,v3_confirmation_test_iid_0024,2,success,True,0.45149851628133125,0.0
decode_reencode,test_iid,v3_confirmation_test_iid_0026,2,success,True,0.442881031219278,0.0
decode_reencode,test_iid,v3_confirmation_test_iid_0027,2,success,True,0.45165309404150017,0.0
decode_reencode,test_iid,v3_confirmation_test_iid_0029,2,success,True,0.4431933970668642,0.0
decode_reencode,test_iid,v3_confirmation_test_iid_0030,2,success,True,0.4522076847162671,0.0
decode_reencode,test_iid,v3_confirmation_test_iid_0032,2,success,True,0.43843577287179397,0.0
decode_reencode,test_iid,v3_confirmation_test_iid_0033,2,success,True,0.47044045426392317,0.0
decode_reencode,test_iid,v3_confirmation_test_iid_0035,2,success,True,0.4530209171783366,0.0
decode_reencode,test_iid,v3_confirmation_test_iid_0036,2,success,True,0.44073586331173487,0.0
decode_reencode,test_iid,v3_confirmation_test_iid_0038,2,success,True,0.44762227948085254,0.0
decode_reencode,test_iid,v3_confirmation_test_iid_0039,2,success,True,0.4929937214279107,0.0
decode_reencode,test_iid,v3_confirmation_test_iid_0041,2,success,True,0.4907678097127412,0.0
decode_reencode,test_iid,v3_confirmation_test_iid_0042,2,success,True,0.4691217004956136,0.0
decode_reencode,test_iid,v3_confirmation_test_iid_0044,2,success,True,0.4516511093565755,0.0
decode_reencode,test_iid,v3_confirmation_test_iid_0045,2,success,True,0.4743476369230485,0.0
decode_reencode,test_iid,v3_confirmation_test_iid_0047,2,success,True,0.477700887556429,0.0
decode_reencode,test_iid,v3_confirmation_test_iid_0048,2,success,True,0.4637046908620943,0.0
decode_reencode,test_iid,v3_confirmation_test_iid_0050,2,success,True,0.4553060271259546,0.0
decode_reencode,test_iid,v3_confirmation_test_iid_0051,2,success,True,0.4632912544854389,0.0
decode_reencode,test_iid,v3_confirmation_test_iid_0053,2,success,True,0.4453728362106494,0.0
decode_reencode,test_iid,v3_confirmation_test_iid_0054,2,success,True,0.4520622275703031,0.0
decode_reencode,test_iid,v3_confirmation_test_iid_0056,2,success,True,0.43077534924009464,0.0
decode_reencode,test_iid,v3_confirmation_test_iid_0057,2,success,True,0.4713117690481282,0.0
decode_reencode,test_iid,v3_confirmation_test_iid_0059,2,success,True,0.4622189858082531,0.0
decode_reencode,test_iid,v3_confirmation_test_iid_0060,2,success,True,0.4599564800088173,0.0
decode_reencode,test_iid,v3_confirmation_test_iid_0062,2,success,True,0.4459567685479119,0.0
decode_reencode,test_iid,v3_confirmation_test_iid_0063,2,success,True,0.48491587756593285,0.0
decode_reencode,test_iid,v3_confirmation_test_iid_0065,2,success,True,0.45850644940908397,0.0
decode_reencode,test_iid,v3_confirmation_test_iid_0066,2,success,True,0.4617077640169198,0.0
decode_reencode,test_iid,v3_confirmation_test_iid_0068,2,success,True,0.45849289658975,0.0
decode_reencode,test_iid,v3_confirmation_test_iid_0069,2,success,True,0.4790735524615614,0.0
decode_reencode,test_iid,v3_confirmation_test_iid_0071,2,success,True,0.469304833108456,0.0
decode_reencode,test_iid,v3_confirmation_test_iid_0072,2,success,True,0.4415214021228706,0.0
decode_reencode,test_iid,v3_confirmation_test_iid_0074,2,success,True,0.44469802732825114,0.0
decode_reencode,test_iid,v3_confirmation_test_iid_0075,2,success,True,0.46001252702231926,0.0
decode_reencode,test_iid,v3_confirmation_test_iid_0077,2,success,True,0.4448901307311405,0.0
decode_reencode,test_iid,v3_confirmation_test_iid_0078,2,success,True,0.44227314303695,0.0
decode_reencode,test_iid,v3_confirmation_test_iid_0000,3,success,True,0.4445895320354689,0.0
decode_reencode,test_iid,v3_confirmation_test_iid_0002,3,success,True,0.44429145722012814,0.0
decode_reencode,test_iid,v3_confirmation_test_iid_0003,3,success,True,0.46439092685192723,0.0
decode_reencode,test_iid,v3_confirmation_test_iid_0005,3,success,True,0.4502012037698603,0.0
decode_reencode,test_iid,v3_confirmation_test_iid_0006,3,success,True,0.4464569764606069,0.0
decode_reencode,test_iid,v3_confirmation_test_iid_0008,3,success,True,0.43877774300672817,0.0
decode_reencode,test_iid,v3_confirmation_test_iid_0009,3,success,True,0.4575146048128154,0.0
decode_reencode,test_iid,v3_confirmation_test_iid_0011,3,success,True,0.4450903763898453,0.0
decode_reencode,test_iid,v3_confirmation_test_iid_0012,3,success,True,0.44940663549042503,0.0
decode_reencode,test_iid,v3_confirmation_test_iid_0014,3,success,True,0.4408085533288139,0.0
decode_reencode,test_iid,v3_confirmation_test_iid_0015,3,success,True,0.5042133347576515,0.0
decode_reencode,test_iid,v3_confirmation_test_iid_0017,3,success,True,0.45851949049954865,0.0
decode_reencode,test_iid,v3_confirmation_test_iid_0018,3,success,True,0.45165586930497853,0.0
decode_reencode,test_iid,v3_confirmation_test_iid_0020,3,success,True,0.4443675511536616,0.0
decode_reencode,test_iid,v3_confirmation_test_iid_0021,3,success,True,0.4602896163722295,0.0
decode_reencode,test_iid,v3_confirmation_test_iid_0023,3,success,True,0.45535616216325575,0.0
decode_reencode,test_iid,v3_confirmation_test_iid_0024,3,success,True,0.4516844031114197,0.0
decode_reencode,test_iid,v3_confirmation_test_iid_0026,3,success,True,0.4409332729370875,0.0
decode_reencode,test_iid,v3_confirmation_test_iid_0027,3,success,True,0.44965193488751043,0.0
decode_reencode,test_iid,v3_confirmation_test_iid_0029,3,success,True,0.4414265713755738,0.0
decode_reencode,test_iid,v3_confirmation_test_iid_0030,3,success,True,0.4552442570103017,0.0
decode_reencode,test_iid,v3_confirmation_test_iid_0032,3,success,True,0.4377590187923984,0.0
decode_reencode,test_iid,v3_confirmation_test_iid_0033,3,success,True,0.46762247160798676,0.0
decode_reencode,test_iid,v3_confirmation_test_iid_0035,3,success,True,0.447439549532576,0.0
decode_reencode,test_iid,v3_confirmation_test_iid_0036,3,success,True,0.43959451075329753,0.0
decode_reencode,test_iid,v3_confirmation_test_iid_0038,3,success,True,0.4420553935013758,0.0
decode_reencode,test_iid,v3_confirmation_test_iid_0039,3,success,True,0.49558247721046533,0.0
decode_reencode,test_iid,v3_confirmation_test_iid_0041,3,success,True,0.49095790581996557,0.0
decode_reencode,test_iid,v3_confirmation_test_iid_0042,3,success,True,0.4655335119501291,0.0
decode_reencode,test_iid,v3_confirmation_test_iid_0044,3,success,True,0.4440975964605218,0.0
decode_reencode,test_iid,v3_confirmation_test_iid_0045,3,success,True,0.4669050614511777,0.0
decode_reencode,test_iid,v3_confirmation_test_iid_0047,3,success,True,0.4706821991748189,0.0
decode_reencode,test_iid,v3_confirmation_test_iid_0048,3,success,True,0.46519820120502753,0.0
decode_reencode,test_iid,v3_confirmation_test_iid_0050,3,success,True,0.4542854427360614,0.0
decode_reencode,test_iid,v3_confirmation_test_iid_0051,3,success,True,0.46067366335242027,0.0
decode_reencode,test_iid,v3_confirmation_test_iid_0053,3,success,True,0.4437010437800519,0.0
decode_reencode,test_iid,v3_confirmation_test_iid_0054,3,success,True,0.45654730094679624,0.0
decode_reencode,test_iid,v3_confirmation_test_iid_0056,3,success,True,0.4315786058136304,0.0
decode_reencode,test_iid,v3_confirmation_test_iid_0057,3,success,True,0.468030351501129,0.0
decode_reencode,test_iid,v3_confirmation_test_iid_0059,3,success,True,0.4576817172817021,0.0
decode_reencode,test_iid,v3_confirmation_test_iid_0060,3,success,True,0.4540189895739455,0.0
decode_reencode,test_iid,v3_confirmation_test_iid_0062,3,success,True,0.4414431151736145,0.0
decode_reencode,test_iid,v3_confirmation_test_iid_0063,3,success,True,0.4887430979603145,0.0
decode_reencode,test_iid,v3_confirmation_test_iid_0065,3,success,True,0.46309413587882653,0.0
decode_reencode,test_iid,v3_confirmation_test_iid_0066,3,success,True,0.4575277260058318,0.0
decode_reencode,test_iid,v3_confirmation_test_iid_0068,3,success,True,0.45407579266370585,0.0
decode_reencode,test_iid,v3_confirmation_test_iid_0069,3,success,True,0.47178426839689397,0.0
decode_reencode,test_iid,v3_confirmation_test_iid_0071,3,success,True,0.463790086164091,0.0
decode_reencode,test_iid,v3_confirmation_test_iid_0072,3,success,True,0.4444010099171619,0.0
decode_reencode,test_iid,v3_confirmation_test_iid_0074,3,success,True,0.4419998119853274,0.0
decode_reencode,test_iid,v3_confirmation_test_iid_0075,3,success,True,0.45797448656187584,0.0
decode_reencode,test_iid,v3_confirmation_test_iid_0077,3,success,True,0.44478019557613113,0.0
decode_reencode,test_iid,v3_confirmation_test_iid_0078,3,success,True,0.44724483476404553,0.0
decode_reencode,test_iid,v3_confirmation_test_iid_0000,4,success,True,0.4375166897832423,0.0
decode_reencode,test_iid,v3_confirmation_test_iid_0002,4,success,True,0.4389803835458851,0.0
decode_reencode,test_iid,v3_confirmation_test_iid_0003,4,success,True,0.4649017551077584,0.0
decode_reencode,test_iid,v3_confirmation_test_iid_0005,4,success,True,0.44868507173400396,0.0
decode_reencode,test_iid,v3_confirmation_test_iid_0006,4,success,True,0.43941680074290107,0.0
decode_reencode,test_iid,v3_confirmation_test_iid_0008,4,success,True,0.4356142284277533,0.0
decode_reencode,test_iid,v3_confirmation_test_iid_0009,4,success,True,0.45824243833775796,0.0
decode_reencode,test_iid,v3_confirmation_test_iid_0011,4,success,True,0.4432458750527884,0.0
decode_reencode,test_iid,v3_confirmation_test_iid_0012,4,success,True,0.44766524232975324,0.0
decode_reencode,test_iid,v3_confirmation_test_iid_0014,4,success,True,0.44151639819371535,0.0
decode_reencode,test_iid,v3_confirmation_test_iid_0015,4,success,True,0.49062867695059664,0.0
decode_reencode,test_iid,v3_confirmation_test_iid_0017,4,success,True,0.4461364032051908,0.0
decode_reencode,test_iid,v3_confirmation_test_iid_0018,4,success,True,0.45127794651030795,0.0
decode_reencode,test_iid,v3_confirmation_test_iid_0020,4,success,True,0.442518002648135,0.0
decode_reencode,test_iid,v3_confirmation_test_iid_0021,4,success,True,0.46150691602021954,0.0
decode_reencode,test_iid,v3_confirmation_test_iid_0023,4,success,True,0.4533753145744679,0.0
decode_reencode,test_iid,v3_confirmation_test_iid_0024,4,success,True,0.4460745996393225,0.0
decode_reencode,test_iid,v3_confirmation_test_iid_0026,4,success,True,0.43402979788347845,0.0
decode_reencode,test_iid,v3_confirmation_test_iid_0027,4,success,True,0.44771282474650775,0.0
decode_reencode,test_iid,v3_confirmation_test_iid_0029,4,success,True,0.4375285421048995,0.0
decode_reencode,test_iid,v3_confirmation_test_iid_0030,4,success,True,0.44703899801935837,0.0
decode_reencode,test_iid,v3_confirmation_test_iid_0032,4,success,True,0.4349812626208729,0.0
decode_reencode,test_iid,v3_confirmation_test_iid_0033,4,success,True,0.46716793829467396,0.0
decode_reencode,test_iid,v3_confirmation_test_iid_0035,4,success,True,0.44905973659801646,0.0
decode_reencode,test_iid,v3_confirmation_test_iid_0036,4,success,True,0.4371938063699991,0.0
decode_reencode,test_iid,v3_confirmation_test_iid_0038,4,success,True,0.44144755053990875,0.0
decode_reencode,test_iid,v3_confirmation_test_iid_0039,4,success,True,0.4799231317214495,0.0
decode_reencode,test_iid,v3_confirmation_test_iid_0041,4,success,True,0.475989079101352,0.0
decode_reencode,test_iid,v3_confirmation_test_iid_0042,4,success,True,0.4647723986759065,0.0
decode_reencode,test_iid,v3_confirmation_test_iid_0044,4,success,True,0.44444135817626435,0.0
decode_reencode,test_iid,v3_confirmation_test_iid_0045,4,success,True,0.46514271104191435,0.0
decode_reencode,test_iid,v3_confirmation_test_iid_0047,4,success,True,0.4706015290399726,0.0
decode_reencode,test_iid,v3_confirmation_test_iid_0048,4,success,True,0.4591485867575053,0.0
decode_reencode,test_iid,v3_confirmation_test_iid_0050,4,success,True,0.4493684181104783,0.0
decode_reencode,test_iid,v3_confirmation_test_iid_0051,4,success,True,0.4599831246613106,0.0
decode_reencode,test_iid,v3_confirmation_test_iid_0053,4,success,True,0.44174446442477133,0.0
decode_reencode,test_iid,v3_confirmation_test_iid_0054,4,success,True,0.45110176431147386,0.0
decode_reencode,test_iid,v3_confirmation_test_iid_0056,4,success,True,0.4271302200234177,0.0
decode_reencode,test_iid,v3_confirmation_test_iid_0057,4,success,True,0.46663057536733843,0.0
decode_reencode,test_iid,v3_confirmation_test_iid_0059,4,success,True,0.4585572246853237,0.0
decode_reencode,test_iid,v3_confirmation_test_iid_0060,4,success,True,0.4544111129959522,0.0
decode_reencode,test_iid,v3_confirmation_test_iid_0062,4,success,True,0.4417872667083069,0.0
decode_reencode,test_iid,v3_confirmation_test_iid_0063,4,success,True,0.4761891741020419,0.0
decode_reencode,test_iid,v3_confirmation_test_iid_0065,4,success,True,0.4481723936607956,0.0
decode_reencode,test_iid,v3_confirmation_test_iid_0066,4,success,True,0.45750109540312245,0.0
decode_reencode,test_iid,v3_confirmation_test_iid_0068,4,success,True,0.4565170109072252,0.0
decode_reencode,test_iid,v3_confirmation_test_iid_0069,4,success,True,0.47286392982435305,0.0
decode_reencode,test_iid,v3_confirmation_test_iid_0071,4,success,True,0.46140146375489416,0.0
decode_reencode,test_iid,v3_confirmation_test_iid_0072,4,success,True,0.43884261590021173,0.0
decode_reencode,test_iid,v3_confirmation_test_iid_0074,4,success,True,0.4353643913636482,0.0
decode_reencode,test_iid,v3_confirmation_test_iid_0075,4,success,True,0.45462695643387435,0.0
decode_reencode,test_iid,v3_confirmation_test_iid_0077,4,success,True,0.43860845828551676,0.0
decode_reencode,test_iid,v3_confirmation_test_iid_0078,4,success,True,0.4407956890878136,0.0
decode_reencode,test_iid,v3_confirmation_test_iid_0000,5,success,True,0.44074350519815036,0.0
decode_reencode,test_iid,v3_confirmation_test_iid_0002,5,success,True,0.44173116199574447,0.0
decode_reencode,test_iid,v3_confirmation_test_iid_0003,5,success,True,0.47185631390335636,0.0
decode_reencode,test_iid,v3_confirmation_test_iid_0005,5,success,True,0.4542223725414895,0.0
decode_reencode,test_iid,v3_confirmation_test_iid_0006,5,success,True,0.443527629495731,0.0
decode_reencode,test_iid,v3_confirmation_test_iid_0008,5,success,True,0.438989757870555,0.0
decode_reencode,test_iid,v3_confirmation_test_iid_0009,5,success,True,0.46274992025633227,0.0
decode_reencode,test_iid,v3_confirmation_test_iid_0011,5,success,True,0.44679029801620535,0.0
decode_reencode,test_iid,v3_confirmation_test_iid_0012,5,success,True,0.450922239108984,0.0
decode_reencode,test_iid,v3_confirmation_test_iid_0014,5,success,True,0.44439203355515533,0.0
decode_reencode,test_iid,v3_confirmation_test_iid_0015,5,success,True,0.4952261126922096,0.0
decode_reencode,test_iid,v3_confirmation_test_iid_0017,5,success,True,0.44854359933075166,0.0
decode_reencode,test_iid,v3_confirmation_test_iid_0018,5,success,True,0.45359591679913946,0.0
decode_reencode,test_iid,v3_confirmation_test_iid_0020,5,success,True,0.4452325887085844,0.0
decode_reencode,test_iid,v3_confirmation_test_iid_0021,5,success,True,0.466424332821756,0.0
decode_reencode,test_iid,v3_confirmation_test_iid_0023,5,success,True,0.45790207024081353,0.0
decode_reencode,test_iid,v3_confirmation_test_iid_0024,5,success,True,0.44870840855723554,0.0
decode_reencode,test_iid,v3_confirmation_test_iid_0026,5,success,True,0.4367676102468916,0.0
decode_reencode,test_iid,v3_confirmation_test_iid_0027,5,success,True,0.45211091070985365,0.0
decode_reencode,test_iid,v3_confirmation_test_iid_0029,5,success,True,0.44305767993272727,0.0
decode_reencode,test_iid,v3_confirmation_test_iid_0030,5,success,True,0.45186499079801334,0.0
decode_reencode,test_iid,v3_confirmation_test_iid_0032,5,success,True,0.43937728867857856,0.0
decode_reencode,test_iid,v3_confirmation_test_iid_0033,5,success,True,0.47245276238508593,0.0
decode_reencode,test_iid,v3_confirmation_test_iid_0035,5,success,True,0.4538520555164546,0.0
decode_reencode,test_iid,v3_confirmation_test_iid_0036,5,success,True,0.4398811247295509,0.0
decode_reencode,test_iid,v3_confirmation_test_iid_0038,5,success,True,0.44407040577269474,0.0
decode_reencode,test_iid,v3_confirmation_test_iid_0039,5,success,True,0.4839337044963061,0.0
decode_reencode,test_iid,v3_confirmation_test_iid_0041,5,success,True,0.48186372080965134,0.0
decode_reencode,test_iid,v3_confirmation_test_iid_0042,5,success,True,0.4681261843289109,0.0
decode_reencode,test_iid,v3_confirmation_test_iid_0044,5,success,True,0.4476185830370296,0.0
decode_reencode,test_iid,v3_confirmation_test_iid_0045,5,success,True,0.47013697016369443,0.0
decode_reencode,test_iid,v3_confirmation_test_iid_0047,5,success,True,0.47559149688271096,0.0
decode_reencode,test_iid,v3_confirmation_test_iid_0048,5,success,True,0.46233345556445743,0.0
decode_reencode,test_iid,v3_confirmation_test_iid_0050,5,success,True,0.4529734189689527,0.0
decode_reencode,test_iid,v3_confirmation_test_iid_0051,5,success,True,0.46746113484808083,0.0
decode_reencode,test_iid,v3_confirmation_test_iid_0053,5,success,True,0.44767267385722764,0.0
decode_reencode,test_iid,v3_confirmation_test_iid_0054,5,success,True,0.455865862062753,0.0
decode_reencode,test_iid,v3_confirmation_test_iid_0056,5,success,True,0.4310743474610082,0.0
decode_reencode,test_iid,v3_confirmation_test_iid_0057,5,success,True,0.4714060689948843,0.0
decode_reencode,test_iid,v3_confirmation_test_iid_0059,5,success,True,0.46345680855090815,0.0
decode_reencode,test_iid,v3_confirmation_test_iid_0060,5,success,True,0.45782947087026066,0.0
decode_reencode,test_iid,v3_confirmation_test_iid_0062,5,success,True,0.44448887093221423,0.0
decode_reencode,test_iid,v3_confirmation_test_iid_0063,5,success,True,0.4807482890970933,0.0
decode_reencode,test_iid,v3_confirmation_test_iid_0065,5,success,True,0.4509977051657201,0.0
decode_reencode,test_iid,v3_confirmation_test_iid_0066,5,success,True,0.46110170323658595,0.0
decode_reencode,test_iid,v3_confirmation_test_iid_0068,5,success,True,0.4570361182222665,0.0
decode_reencode,test_iid,v3_confirmation_test_iid_0069,5,success,True,0.47898243013825825,0.0
decode_reencode,test_iid,v3_confirmation_test_iid_0071,5,success,True,0.46584731283462716,0.0
decode_reencode,test_iid,v3_confirmation_test_iid_0072,5,success,True,0.4413051344822657,0.0
decode_reencode,test_iid,v3_confirmation_test_iid_0074,5,success,True,0.43815077702872585,0.0
decode_reencode,test_iid,v3_confirmation_test_iid_0075,5,success,True,0.4604776094854503,0.0
decode_reencode,test_iid,v3_confirmation_test_iid_0077,5,success,True,0.44350572644727954,0.0
decode_reencode,test_iid,v3_confirmation_test_iid_0078,5,success,True,0.44487128638856416,0.0
learned_reset,test_iid,v3_confirmation_test_iid_0000,1,success,True,0.45280544778526455,0.04891039994892053
learned_reset,test_iid,v3_confirmation_test_iid_0002,1,unresolved_decode,False,0.45182586948607145,0.05638511695353236
learned_reset,test_iid,v3_confirmation_test_iid_0003,1,success,True,0.46933350724882317,0.049340096216187186
learned_reset,test_iid,v3_confirmation_test_iid_0005,1,unresolved_decode,False,0.454607638723989,0.06183177250813095
learned_reset,test_iid,v3_confirmation_test_iid_0006,1,success,True,0.4466531542995945,0.047442103709506654
learned_reset,test_iid,v3_confirmation_test_iid_0008,1,unresolved_decode,False,0.44176655234329876,0.06213771017812958
learned_reset,test_iid,v3_confirmation_test_iid_0009,1,success,True,0.46826933407944515,0.05497259661722731
learned_reset,test_iid,v3_confirmation_test_iid_0011,1,unresolved_decode,False,0.4552961835095003,0.07178271994714791
learned_reset,test_iid,v3_confirmation_test_iid_0012,1,success,True,0.4598599340891204,0.04568370621342961
learned_reset,test_iid,v3_confirmation_test_iid_0014,1,unresolved_decode,False,0.4522343830975088,0.06406239020737843
learned_reset,test_iid,v3_confirmation_test_iid_0015,1,success,True,0.5041903515014581,0.0593124320406085
learned_reset,test_iid,v3_confirmation_test_iid_0017,1,unresolved_decode,False,0.457764907620691,0.07449985931707921
learned_reset,test_iid,v3_confirmation_test_iid_0018,1,success,True,0.46421016653191394,0.04557233180239261
learned_reset,test_iid,v3_confirmation_test_iid_0020,1,unresolved_decode,False,0.45581885385453635,0.05806005739444808
learned_reset,test_iid,v3_confirmation_test_iid_0021,1,success,True,0.47261205891851227,0.04823243257579953
learned_reset,test_iid,v3_confirmation_test_iid_0023,1,unresolved_decode,False,0.4634953045787333,0.08125806360980213
learned_reset,test_iid,v3_confirmation_test_iid_0024,1,success,True,0.46206334189584686,0.043506651120340904
learned_reset,test_iid,v3_confirmation_test_iid_0026,1,unresolved_decode,False,0.44822050267628577,0.06723585253277481
learned_reset,test_iid,v3_confirmation_test_iid_0027,1,success,True,0.45761284997524465,0.05262649805684361
learned_reset,test_iid,v3_confirmation_test_iid_0029,1,unresolved_decode,False,0.4464975503438396,0.07163856723812556
learned_reset,test_iid,v3_confirmation_test_iid_0030,1,success,True,0.45785090294197883,0.044583310467462625
learned_reset,test_iid,v3_confirmation_test_iid_0032,1,unresolved_decode,False,0.4430004774759302,0.06134854865889266
learned_reset,test_iid,v3_confirmation_test_iid_0033,1,success,True,0.4786535115477142,0.05277930407968199
learned_reset,test_iid,v3_confirmation_test_iid_0035,1,unresolved_decode,False,0.4609383828208963,0.07076597974004123
learned_reset,test_iid,v3_confirmation_test_iid_0036,1,success,True,0.4515544995468408,0.04761262193001159
learned_reset,test_iid,v3_confirmation_test_iid_0038,1,unresolved_decode,False,0.45352826616384734,0.06119288593254529
learned_reset,test_iid,v3_confirmation_test_iid_0039,1,success,True,0.4957747263902192,0.05104568963396635
learned_reset,test_iid,v3_confirmation_test_iid_0041,1,unresolved_decode,False,0.4904605520948311,0.06997755294440569
learned_reset,test_iid,v3_confirmation_test_iid_0042,1,success,True,0.47864344972208483,0.047724108881361645
learned_reset,test_iid,v3_confirmation_test_iid_0044,1,unresolved_decode,False,0.4577092531382201,0.0631456952915786
learned_reset,test_iid,v3_confirmation_test_iid_0045,1,unresolved_decode,False,0.47828307822621874,0.05076106078385722
learned_reset,test_iid,v3_confirmation_test_iid_0047,1,unresolved_decode,False,0.4809408846670849,0.0630451624827525
learned_reset,test_iid,v3_confirmation_test_iid_0048,1,success,True,0.47362907050109604,0.04617347517564642
learned_reset,test_iid,v3_confirmation_test_iid_0050,1,unresolved_decode,False,0.4607738405235511,0.058180859904398925
learned_reset,test_iid,v3_confirmation_test_iid_0051,1,success,True,0.46734682186009063,0.04527014227421816
learned_reset,test_iid,v3_confirmation_test_iid_0053,1,unresolved_decode,False,0.44768787326005444,0.07012106468246758
learned_reset,test_iid,v3_confirmation_test_iid_0054,1,success,True,0.458394338133846,0.04587023175341387
learned_reset,test_iid,v3_confirmation_test_iid_0056,1,unresolved_decode,False,0.4355693396461185,0.06717713963047613
learned_reset,test_iid,v3_confirmation_test_iid_0057,1,success,True,0.47986483945955366,0.05188652520632321
learned_reset,test_iid,v3_confirmation_test_iid_0059,1,unresolved_decode,False,0.4705721036913585,0.07201851130938347
learned_reset,test_iid,v3_confirmation_test_iid_0060,1,success,True,0.4664456658029881,0.044337176015459105
learned_reset,test_iid,v3_confirmation_test_iid_0062,1,unresolved_decode,False,0.45427071642802797,0.05727027550031916
learned_reset,test_iid,v3_confirmation_test_iid_0063,1,success,True,0.48917539833908785,0.05635044087589502
learned_reset,test_iid,v3_confirmation_test_iid_0065,1,unresolved_decode,False,0.4609310312415718,0.07485880959927046
learned_reset,test_iid,v3_confirmation_test_iid_0066,1,success,True,0.4708141825165995,0.046338802001170104
learned_reset,test_iid,v3_confirmation_test_iid_0068,1,success,True,0.46840429707261283,0.057182441573335546
learned_reset,test_iid,v3_confirmation_test_iid_0069,1,success,True,0.48473773447971163,0.05068355297510107
learned_reset,test_iid,v3_confirmation_test_iid_0071,1,unresolved_decode,False,0.4703566717503286,0.06787891325899405
learned_reset,test_iid,v3_confirmation_test_iid_0072,1,success,True,0.4543075560672003,0.04789098739039112
learned_reset,test_iid,v3_confirmation_test_iid_0074,1,unresolved_decode,False,0.45005136136694884,0.06471106808385275
learned_reset,test_iid,v3_confirmation_test_iid_0075,1,success,True,0.46514846474268795,0.04266108422087977
learned_reset,test_iid,v3_confirmation_test_iid_0077,1,unresolved_decode,False,0.44808309719385125,0.06932723878080621
learned_reset,test_iid,v3_confirmation_test_iid_0078,1,success,True,0.44946838387139776,0.04637304228920661
learned_reset,test_iid,v3_confirmation_test_iid_0000,2,parsed_semantic_error,True,0.46072066295536246,0.09024762647933517
learned_reset,test_iid,v3_confirmation_test_iid_0002,2,unresolved_decode,False,0.47031545586177703,0.11303547508522563
learned_reset,test_iid,v3_confirmation_test_iid_0003,2,parsed_semantic_error,True,0.4697364559740222,0.08942920162923451
learned_reset,test_iid,v3_confirmation_test_iid_0005,2,unresolved_decode,False,0.4724328275027858,0.13266602668057242
learned_reset,test_iid,v3_confirmation_test_iid_0006,2,unresolved_decode,False,0.45869581669616355,0.0981955190994052
learned_reset,test_iid,v3_confirmation_test_iid_0008,2,unresolved_decode,False,0.46750278690255775,0.12134673043528793
learned_reset,test_iid,v3_confirmation_test_iid_0009,2,unresolved_decode,False,0.46337064047934345,0.09671785760721625
learned_reset,test_iid,v3_confirmation_test_iid_0011,2,unresolved_decode,False,0.4728167128997586,0.13321567055320327
learned_reset,test_iid,v3_confirmation_test_iid_0012,2,unresolved_decode,False,0.4672461939555407,0.08628232194720543
learned_reset,test_iid,v3_confirmation_test_iid_0014,2,unresolved_decode,False,0.4847794647853244,0.11786803250033508
learned_reset,test_iid,v3_confirmation_test_iid_0015,2,parsed_semantic_error,True,0.4933768714117277,0.0997651488813805
learned_reset,test_iid,v3_confirmation_test_iid_0017,2,unresolved_decode,False,0.49020142835902386,0.1196095966778658
learned_reset,test_iid,v3_confirmation_test_iid_0018,2,parsed_semantic_error,True,0.47760824737116564,0.09014160871333493
learned_reset,test_iid,v3_confirmation_test_iid_0020,2,unresolved_decode,False,0.4873617861933597,0.10726207973835625
learned_reset,test_iid,v3_confirmation_test_iid_0021,2,unresolved_decode,False,0.47753825373721787,0.09957050667318944
learned_reset,test_iid,v3_confirmation_test_iid_0023,2,unresolved_decode,False,0.49372666806367244,0.15942199857194966
learned_reset,test_iid,v3_confirmation_test_iid_0024,2,parsed_semantic_error,True,0.4673211370587933,0.08708665620047902
learned_reset,test_iid,v3_confirmation_test_iid_0026,2,unresolved_decode,False,0.4787922056530147,0.12084581498960553
learned_reset,test_iid,v3_confirmation_test_iid_0027,2,parsed_semantic_error,True,0.4752112222051922,0.08802814564938793
learned_reset,test_iid,v3_confirmation_test_iid_0029,2,unresolved_decode,False,0.4770564032032369,0.14199163433336115
learned_reset,test_iid,v3_confirmation_test_iid_0030,2,unresolved_decode,False,0.462408290815994,0.09311758527479631
learned_reset,test_iid,v3_confirmation_test_iid_0032,2,unresolved_decode,False,0.4665006861891324,0.12260836661910084
learned_reset,test_iid,v3_confirmation_test_iid_0033,2,unresolved_decode,False,0.47221306978020733,0.10340557846055899
learned_reset,test_iid,v3_confirmation_test_iid_0035,2,unresolved_decode,False,0.4759441329404104,0.1256113507812875
learned_reset,test_iid,v3_confirmation_test_iid_0036,2,unresolved_decode,False,0.46109265988611614,0.08663149307082477
learned_reset,test_iid,v3_confirmation_test_iid_0038,2,unresolved_decode,False,0.48465554572537073,0.11144250628579773
learned_reset,test_iid,v3_confirmation_test_iid_0039,2,parsed_semantic_error,True,0.5019777463214345,0.09499472963739439
learned_reset,test_iid,v3_confirmation_test_iid_0041,2,unresolved_decode,False,0.5081318338689027,0.12113535518092762
learned_reset,test_iid,v3_confirmation_test_iid_0042,2,parsed_semantic_error,True,0.4866618014786244,0.09237911764660287
learned_reset,test_iid,v3_confirmation_test_iid_0044,2,unresolved_decode,False,0.4938950479474091,0.11557345569139471
learned_reset,test_iid,v3_confirmation_test_iid_0045,2,unresolved_decode,False,0.492352811670363,0.10290453218110066
learned_reset,test_iid,v3_confirmation_test_iid_0047,2,unresolved_decode,False,0.4963277968354764,0.12921184904548869
learned_reset,test_iid,v3_confirmation_test_iid_0048,2,parsed_semantic_error,True,0.4719820475147995,0.08783376400655694
learned_reset,test_iid,v3_confirmation_test_iid_0050,2,unresolved_decode,False,0.47882179946854714,0.11884636231299917
learned_reset,test_iid,v3_confirmation_test_iid_0051,2,parsed_semantic_error,True,0.4700747587786515,0.08924938799599133
learned_reset,test_iid,v3_confirmation_test_iid_0053,2,unresolved_decode,False,0.4698690464097717,0.15025631336272194
learned_reset,test_iid,v3_confirmation_test_iid_0054,2,unresolved_decode,False,0.4667439079650773,0.09669899283590505
learned_reset,test_iid,v3_confirmation_test_iid_0056,2,unresolved_decode,False,0.4616697047725178,0.13019868138786422
learned_reset,test_iid,v3_confirmation_test_iid_0057,2,parsed_semantic_error,True,0.4723786280616283,0.09493258888657151
learned_reset,test_iid,v3_confirmation_test_iid_0059,2,unresolved_decode,False,0.48026676776354527,0.1309728033777092
learned_reset,test_iid,v3_confirmation_test_iid_0060,2,unresolved_decode,False,0.478187269139688,0.08912536949130748
learned_reset,test_iid,v3_confirmation_test_iid_0062,2,unresolved_decode,False,0.4721700474133298,0.10336625296653211
learned_reset,test_iid,v3_confirmation_test_iid_0063,2,parsed_semantic_error,True,0.48977462613641765,0.09429684039603514
learned_reset,test_iid,v3_confirmation_test_iid_0065,2,unresolved_decode,False,0.4848170431115869,0.12311045519655303
learned_reset,test_iid,v3_confirmation_test_iid_0066,2,parsed_semantic_error,True,0.48167476151281996,0.08893343488468813
learned_reset,test_iid,v3_confirmation_test_iid_0068,2,unresolved_decode,False,0.49505084483474465,0.0981567328797794
learned_reset,test_iid,v3_confirmation_test_iid_0069,2,unresolved_decode,False,0.49225646971970627,0.09820197168744248
learned_reset,test_iid,v3_confirmation_test_iid_0071,2,unresolved_decode,False,0.49693819976622783,0.14400746769659226
learned_reset,test_iid,v3_confirmation_test_iid_0072,2,unresolved_decode,False,0.4617548852484126,0.08757067904615519
learned_reset,test_iid,v3_confirmation_test_iid_0074,2,unresolved_decode,False,0.4747116619483841,0.12278677154557271
learned_reset,test_iid,v3_confirmation_test_iid_0075,2,parsed_semantic_error,True,0.47314972023162416,0.08533724345235717
learned_reset,test_iid,v3_confirmation_test_iid_0077,2,unresolved_decode,False,0.4773609480654898,0.13269991953081922
learned_reset,test_iid,v3_confirmation_test_iid_0078,2,unresolved_decode,False,0.4517730974101026,0.09299901098149663
learned_reset,test_iid,v3_confirmation_test_iid_0000,3,unresolved_decode,False,0.4588882927117436,0.13047718691741442
learned_reset,test_iid,v3_confirmation_test_iid_0002,3,unresolved_decode,False,0.44393834908071195,0.13436197406814804
learned_reset,test_iid,v3_confirmation_test_iid_0003,3,unresolved_decode,False,0.46392768465064327,0.14144253736571058
learned_reset,test_iid,v3_confirmation_test_iid_0005,3,unresolved_decode,False,0.4340914747853458,0.1890124810328445
learned_reset,test_iid,v3_confirmation_test_iid_0006,3,unresolved_decode,False,0.44802540457662554,0.16187371962015948
learned_reset,test_iid,v3_confirmation_test_iid_0008,3,unresolved_decode,False,0.4481212151705959,0.14019234607952236
learned_reset,test_iid,v3_confirmation_test_iid_0009,3,unresolved_decode,False,0.4340822144536895,0.1509056795261472
learned_reset,test_iid,v3_confirmation_test_iid_0011,3,unresolved_decode,False,0.42880417620368816,0.14853240136332538
learned_reset,test_iid,v3_confirmation_test_iid_0012,3,unresolved_decode,False,0.4546807168890682,0.13427846057887924
learned_reset,test_iid,v3_confirmation_test_iid_0014,3,unresolved_decode,False,0.45232710566881446,0.1385090526795758
learned_reset,test_iid,v3_confirmation_test_iid_0015,3,unresolved_decode,False,0.49616086112530355,0.14313291208184958
learned_reset,test_iid,v3_confirmation_test_iid_0017,3,unresolved_decode,False,0.4625286989168684,0.13413053047533643
learned_reset,test_iid,v3_confirmation_test_iid_0018,3,unresolved_decode,False,0.4676075237268111,0.13576692564686368
learned_reset,test_iid,v3_confirmation_test_iid_0020,3,unresolved_decode,False,0.45508020170394203,0.13600181329011854
learned_reset,test_iid,v3_confirmation_test_iid_0021,3,unresolved_decode,False,0.44576769564394336,0.14323620463673756
learned_reset,test_iid,v3_confirmation_test_iid_0023,3,unresolved_decode,False,0.4381555914412158,0.18949141417104964
learned_reset,test_iid,v3_confirmation_test_iid_0024,3,unresolved_decode,False,0.4674305821038752,0.13487122872991972
learned_reset,test_iid,v3_confirmation_test_iid_0026,3,unresolved_decode,False,0.44987013043597335,0.14055956727573304
learned_reset,test_iid,v3_confirmation_test_iid_0027,3,unresolved_decode,False,0.4657958502132682,0.1372233951722531
learned_reset,test_iid,v3_confirmation_test_iid_0029,3,unresolved_decode,False,0.429621262114328,0.18973624857941018
learned_reset,test_iid,v3_confirmation_test_iid_0030,3,unresolved_decode,False,0.4540591445142904,0.15859006131200434
learned_reset,test_iid,v3_confirmation_test_iid_0032,3,unresolved_decode,False,0.44621705674444695,0.14890748173657922
learned_reset,test_iid,v3_confirmation_test_iid_0033,3,unresolved_decode,False,0.4478360020377536,0.15525904725571624
learned_reset,test_iid,v3_confirmation_test_iid_0035,3,unresolved_decode,False,0.42452603997723576,0.14838978096235164
learned_reset,test_iid,v3_confirmation_test_iid_0036,3,unresolved_decode,False,0.4468857486142925,0.13658691342624088
learned_reset,test_iid,v3_confirmation_test_iid_0038,3,unresolved_decode,False,0.4498539267542975,0.13448553003637645
learned_reset,test_iid,v3_confirmation_test_iid_0039,3,unresolved_decode,False,0.49303150012039076,0.1410532085641214
learned_reset,test_iid,v3_confirmation_test_iid_0041,3,unresolved_decode,False,0.48260191319173035,0.13147823740687517
learned_reset,test_iid,v3_confirmation_test_iid_0042,3,unresolved_decode,False,0.4771591129238145,0.1404308088473775
learned_reset,test_iid,v3_confirmation_test_iid_0044,3,unresolved_decode,False,0.4568786352395527,0.14778748244244105
learned_reset,test_iid,v3_confirmation_test_iid_0045,3,unresolved_decode,False,0.45383472273354775,0.14396360915870637
learned_reset,test_iid,v3_confirmation_test_iid_0047,3,unresolved_decode,False,0.43627089926027257,0.18128409990490715
learned_reset,test_iid,v3_confirmation_test_iid_0048,3,unresolved_decode,False,0.47368508617729327,0.13477401672179934
learned_reset,test_iid,v3_confirmation_test_iid_0050,3,unresolved_decode,False,0.4526980302841082,0.14643097364184285
learned_reset,test_iid,v3_confirmation_test_iid_0051,3,unresolved_decode,False,0.46223363298031617,0.14220157459804322
learned_reset,test_iid,v3_confirmation_test_iid_0053,3,unresolved_decode,False,0.4311751722292823,0.19410605121792918
learned_reset,test_iid,v3_confirmation_test_iid_0054,3,unresolved_decode,False,0.4573463346749277,0.1506705464210887
learned_reset,test_iid,v3_confirmation_test_iid_0056,3,unresolved_decode,False,0.44628502301885364,0.14981008385929123
learned_reset,test_iid,v3_confirmation_test_iid_0057,3,unresolved_decode,False,0.4615750123141446,0.1524014000088738
learned_reset,test_iid,v3_confirmation_test_iid_0059,3,unresolved_decode,False,0.42742675379348655,0.1487246582454091
learned_reset,test_iid,v3_confirmation_test_iid_0060,3,unresolved_decode,False,0.46249504504680067,0.1446454485005454
learned_reset,test_iid,v3_confirmation_test_iid_0062,3,unresolved_decode,False,0.4400651182783898,0.1411466935398926
learned_reset,test_iid,v3_confirmation_test_iid_0063,3,unresolved_decode,False,0.48580440734346886,0.14058670219282848
learned_reset,test_iid,v3_confirmation_test_iid_0065,3,unresolved_decode,False,0.4593293340643116,0.13399513912666572
learned_reset,test_iid,v3_confirmation_test_iid_0066,3,unresolved_decode,False,0.4750563207075059,0.13779782518246128
learned_reset,test_iid,v3_confirmation_test_iid_0068,3,unresolved_decode,False,0.46525298292484246,0.14037989182508498
learned_reset,test_iid,v3_confirmation_test_iid_0069,3,unresolved_decode,False,0.4621694887752276,0.1350756540661491
learned_reset,test_iid,v3_confirmation_test_iid_0071,3,unresolved_decode,False,0.43695234505672725,0.19237533028004308
learned_reset,test_iid,v3_confirmation_test_iid_0072,3,unresolved_decode,False,0.45745153006424594,0.13184539365666287
learned_reset,test_iid,v3_confirmation_test_iid_0074,3,unresolved_decode,False,0.4496857691756648,0.14308189410907626
learned_reset,test_iid,v3_confirmation_test_iid_0075,3,unresolved_decode,False,0.4679088330891785,0.1385738225139064
learned_reset,test_iid,v3_confirmation_test_iid_0077,3,unresolved_decode,False,0.43205323959820485,0.18770882741044004
learned_reset,test_iid,v3_confirmation_test_iid_0078,3,unresolved_decode,False,0.44171830664635414,0.1539442964718684
learned_reset,test_iid,v3_confirmation_test_iid_0000,4,unresolved_decode,False,0.4499690352936047,0.16450338905769435
learned_reset,test_iid,v3_confirmation_test_iid_0002,4,unresolved_decode,False,0.4329257464999402,0.1796074341005923
learned_reset,test_iid,v3_confirmation_test_iid_0003,4,unresolved_decode,False,0.453907365278951,0.17780949999007098
learned_reset,test_iid,v3_confirmation_test_iid_0005,4,unresolved_decode,False,0.43791024928876365,0.2372687450263362
learned_reset,test_iid,v3_confirmation_test_iid_0006,4,unresolved_decode,False,0.44969816268901214,0.20172135777829187
learned_reset,test_iid,v3_confirmation_test_iid_0008,4,unresolved_decode,False,0.4464236393585697,0.19598953875595113
learned_reset,test_iid,v3_confirmation_test_iid_0009,4,unresolved_decode,False,0.4408437027034553,0.2020790183458137
learned_reset,test_iid,v3_confirmation_test_iid_0011,4,unresolved_decode,False,0.4260095404539692,0.2019945333691461
learned_reset,test_iid,v3_confirmation_test_iid_0012,4,unresolved_decode,False,0.4485818843192556,0.17784661772316682
learned_reset,test_iid,v3_confirmation_test_iid_0014,4,unresolved_decode,False,0.4500475531915306,0.18966804654280736
learned_reset,test_iid,v3_confirmation_test_iid_0015,4,unresolved_decode,False,0.4830446890467624,0.17791785208622116
learned_reset,test_iid,v3_confirmation_test_iid_0017,4,unresolved_decode,False,0.46408688565249484,0.18540507455517669
learned_reset,test_iid,v3_confirmation_test_iid_0018,4,unresolved_decode,False,0.46127788226275496,0.17697364565374707
learned_reset,test_iid,v3_confirmation_test_iid_0020,4,unresolved_decode,False,0.4485634855839029,0.1829003213342455
learned_reset,test_iid,v3_confirmation_test_iid_0021,4,unresolved_decode,False,0.4350789627163398,0.18612056704823557
learned_reset,test_iid,v3_confirmation_test_iid_0023,4,unresolved_decode,False,0.44440256447996673,0.2506606751706505
learned_reset,test_iid,v3_confirmation_test_iid_0024,4,unresolved_decode,False,0.4590029510188979,0.1710117755644637
learned_reset,test_iid,v3_confirmation_test_iid_0026,4,unresolved_decode,False,0.4416616912711973,0.1896554133210862
learned_reset,test_iid,v3_confirmation_test_iid_0027,4,unresolved_decode,False,0.4537502584698508,0.17406543248192055
learned_reset,test_iid,v3_confirmation_test_iid_0029,4,unresolved_decode,False,0.43961497859026166,0.25046862287225835
learned_reset,test_iid,v3_confirmation_test_iid_0030,4,unresolved_decode,False,0.45285705329911763,0.19839943613449015
learned_reset,test_iid,v3_confirmation_test_iid_0032,4,unresolved_decode,False,0.44768881271193167,0.21635921582760242
learned_reset,test_iid,v3_confirmation_test_iid_0033,4,unresolved_decode,False,0.4532750561153562,0.20111140037461603
learned_reset,test_iid,v3_confirmation_test_iid_0035,4,unresolved_decode,False,0.42665413111656936,0.19917469761774034
learned_reset,test_iid,v3_confirmation_test_iid_0036,4,unresolved_decode,False,0.443719345253096,0.18047583802255243
learned_reset,test_iid,v3_confirmation_test_iid_0038,4,unresolved_decode,False,0.444780009675556,0.18350109744598472
learned_reset,test_iid,v3_confirmation_test_iid_0039,4,unresolved_decode,False,0.4825439759953716,0.17501963899661455
learned_reset,test_iid,v3_confirmation_test_iid_0041,4,unresolved_decode,False,0.4792175730917025,0.19547219670457944
learned_reset,test_iid,v3_confirmation_test_iid_0042,4,unresolved_decode,False,0.4717068415491353,0.18411266258931805
learned_reset,test_iid,v3_confirmation_test_iid_0044,4,unresolved_decode,False,0.45114639584335986,0.1996250380599727
learned_reset,test_iid,v3_confirmation_test_iid_0045,4,unresolved_decode,False,0.4437466494144763,0.18570772209821246
learned_reset,test_iid,v3_confirmation_test_iid_0047,4,unresolved_decode,False,0.4369850181256714,0.2391584472798031
learned_reset,test_iid,v3_confirmation_test_iid_0048,4,unresolved_decode,False,0.4668381844694466,0.17122787756384097
learned_reset,test_iid,v3_confirmation_test_iid_0050,4,unresolved_decode,False,0.44293146745011924,0.1905936480029793
learned_reset,test_iid,v3_confirmation_test_iid_0051,4,unresolved_decode,False,0.4519002409332501,0.18182694073463893
learned_reset,test_iid,v3_confirmation_test_iid_0053,4,unresolved_decode,False,0.44265619530011424,0.2515968158034281
learned_reset,test_iid,v3_confirmation_test_iid_0054,4,unresolved_decode,False,0.45253783456111685,0.19181208807505662
learned_reset,test_iid,v3_confirmation_test_iid_0056,4,unresolved_decode,False,0.45084520809058787,0.2164033143481507
learned_reset,test_iid,v3_confirmation_test_iid_0057,4,unresolved_decode,False,0.46155818031451507,0.19565967796093744
learned_reset,test_iid,v3_confirmation_test_iid_0059,4,unresolved_decode,False,0.42617079734621904,0.19849460278370507
learned_reset,test_iid,v3_confirmation_test_iid_0060,4,unresolved_decode,False,0.4574495337617469,0.1881624937227529
learned_reset,test_iid,v3_confirmation_test_iid_0062,4,unresolved_decode,False,0.4352965688989504,0.18894301940864014
learned_reset,test_iid,v3_confirmation_test_iid_0063,4,unresolved_decode,False,0.4738735355276293,0.1780833311531795
learned_reset,test_iid,v3_confirmation_test_iid_0065,4,unresolved_decode,False,0.45960164216929017,0.1923785122940158
learned_reset,test_iid,v3_confirmation_test_iid_0066,4,unresolved_decode,False,0.469555377358166,0.18017878214316208
learned_reset,test_iid,v3_confirmation_test_iid_0068,4,unresolved_decode,False,0.4614140861110066,0.1861901352643633
learned_reset,test_iid,v3_confirmation_test_iid_0069,4,unresolved_decode,False,0.44866029674189634,0.1744311519763389
learned_reset,test_iid,v3_confirmation_test_iid_0071,4,unresolved_decode,False,0.43772956287721726,0.2533792430389147
learned_reset,test_iid,v3_confirmation_test_iid_0072,4,unresolved_decode,False,0.44807348569722416,0.16806082339911219
learned_reset,test_iid,v3_confirmation_test_iid_0074,4,unresolved_decode,False,0.4405417520067409,0.18855241766750636
learned_reset,test_iid,v3_confirmation_test_iid_0075,4,unresolved_decode,False,0.4574484209228659,0.1757577455822164
learned_reset,test_iid,v3_confirmation_test_iid_0077,4,unresolved_decode,False,0.439093956886865,0.2366209212958321
learned_reset,test_iid,v3_confirmation_test_iid_0078,4,unresolved_decode,False,0.4396064457365488,0.1951600598480129
learned_reset,test_iid,v3_confirmation_test_iid_0000,5,unresolved_decode,False,0.45229849646817655,0.19574912489469226
learned_reset,test_iid,v3_confirmation_test_iid_0002,5,unresolved_decode,False,0.44872311934002823,0.21635442743648936
learned_reset,test_iid,v3_confirmation_test_iid_0003,5,unresolved_decode,False,0.4558782619651177,0.20650203551190813
learned_reset,test_iid,v3_confirmation_test_iid_0005,5,unresolved_decode,False,0.4545570605901254,0.27630253973048746
learned_reset,test_iid,v3_confirmation_test_iid_0006,5,unresolved_decode,False,0.46246856164060746,0.23778968160077008
learned_reset,test_iid,v3_confirmation_test_iid_0008,5,unresolved_decode,False,0.44223562509248043,0.23165960210215858
learned_reset,test_iid,v3_confirmation_test_iid_0009,5,unresolved_decode,False,0.4537581072728887,0.24276757817424036
learned_reset,test_iid,v3_confirmation_test_iid_0011,5,unresolved_decode,False,0.43591398941728854,0.2564788597732217
learned_reset,test_iid,v3_confirmation_test_iid_0012,5,unresolved_decode,False,0.4550718085487139,0.2180865628254686
learned_reset,test_iid,v3_confirmation_test_iid_0014,5,unresolved_decode,False,0.4494264221985263,0.23534647690000382
learned_reset,test_iid,v3_confirmation_test_iid_0015,5,unresolved_decode,False,0.4814044165871435,0.21016976050025768
learned_reset,test_iid,v3_confirmation_test_iid_0017,5,unresolved_decode,False,0.4623894601239523,0.22673368314389625
learned_reset,test_iid,v3_confirmation_test_iid_0018,5,unresolved_decode,False,0.46451340585883566,0.21679863462316462
learned_reset,test_iid,v3_confirmation_test_iid_0020,5,unresolved_decode,False,0.4604489446668245,0.22293683378349183
learned_reset,test_iid,v3_confirmation_test_iid_0021,5,unresolved_decode,False,0.43865822517635183,0.21789271916818082
learned_reset,test_iid,v3_confirmation_test_iid_0023,5,unresolved_decode,False,0.46294754181294656,0.29057750997421844
learned_reset,test_iid,v3_confirmation_test_iid_0024,5,unresolved_decode,False,0.4622170000935334,0.2016541054483935
learned_reset,test_iid,v3_confirmation_test_iid_0026,5,unresolved_decode,False,0.455318420731342,0.22927142468679548
learned_reset,test_iid,v3_confirmation_test_iid_0027,5,unresolved_decode,False,0.4548642491696357,0.20416917679400975
learned_reset,test_iid,v3_confirmation_test_iid_0029,5,unresolved_decode,False,0.469079529794884,0.29069802719219784
learned_reset,test_iid,v3_confirmation_test_iid_0030,5,unresolved_decode,False,0.46202174763596326,0.22499129552543515
learned_reset,test_iid,v3_confirmation_test_iid_0032,5,unresolved_decode,False,0.45131938837908825,0.2587208419746175
learned_reset,test_iid,v3_confirmation_test_iid_0033,5,unresolved_decode,False,0.46285978639252867,0.2374876765217881
learned_reset,test_iid,v3_confirmation_test_iid_0035,5,unresolved_decode,False,0.4334430036082661,0.2441487597727099
learned_reset,test_iid,v3_confirmation_test_iid_0036,5,unresolved_decode,False,0.45278911979692277,0.22040795663904952
learned_reset,test_iid,v3_confirmation_test_iid_0038,5,unresolved_decode,False,0.44649257197979586,0.22812591257180187
learned_reset,test_iid,v3_confirmation_test_iid_0039,5,unresolved_decode,False,0.4822024927074383,0.20819534923189392
learned_reset,test_iid,v3_confirmation_test_iid_0041,5,unresolved_decode,False,0.47996116031408437,0.2356226842432349
learned_reset,test_iid,v3_confirmation_test_iid_0042,5,unresolved_decode,False,0.47518575769975485,0.22146508774531742
learned_reset,test_iid,v3_confirmation_test_iid_0044,5,unresolved_decode,False,0.46644008631627415,0.23746093880917732
learned_reset,test_iid,v3_confirmation_test_iid_0045,5,unresolved_decode,False,0.4488324134619984,0.21852533189931161
learned_reset,test_iid,v3_confirmation_test_iid_0047,5,unresolved_decode,False,0.45942262940195067,0.290445309244029
learned_reset,test_iid,v3_confirmation_test_iid_0048,5,unresolved_decode,False,0.4702707016964557,0.20176359480933614
learned_reset,test_iid,v3_confirmation_test_iid_0050,5,unresolved_decode,False,0.4588791398596753,0.22461120608563745
learned_reset,test_iid,v3_confirmation_test_iid_0051,5,unresolved_decode,False,0.45550776600550325,0.21344215866028807
learned_reset,test_iid,v3_confirmation_test_iid_0053,5,unresolved_decode,False,0.4674992335162685,0.28640735849132487
learned_reset,test_iid,v3_confirmation_test_iid_0054,5,unresolved_decode,False,0.4620012671773525,0.221922886472227
learned_reset,test_iid,v3_confirmation_test_iid_0056,5,unresolved_decode,False,0.45341809457735194,0.268595756319331
learned_reset,test_iid,v3_confirmation_test_iid_0057,5,unresolved_decode,False,0.47182459251998293,0.22779383282679563
learned_reset,test_iid,v3_confirmation_test_iid_0059,5,unresolved_decode,False,0.4287052332832595,0.24168246437920937
learned_reset,test_iid,v3_confirmation_test_iid_0060,5,unresolved_decode,False,0.46384371605134045,0.2248632471930812
learned_reset,test_iid,v3_confirmation_test_iid_0062,5,unresolved_decode,False,0.4481542112394982,0.2268148007037838
learned_reset,test_iid,v3_confirmation_test_iid_0063,5,unresolved_decode,False,0.4741194088770199,0.20864084676562683
learned_reset,test_iid,v3_confirmation_test_iid_0065,5,unresolved_decode,False,0.4566964407272294,0.2293423161045568
learned_reset,test_iid,v3_confirmation_test_iid_0066,5,unresolved_decode,False,0.4740483586397798,0.2161582258160043
learned_reset,test_iid,v3_confirmation_test_iid_0068,5,unresolved_decode,False,0.46750202204270924,0.22178750921482965
learned_reset,test_iid,v3_confirmation_test_iid_0069,5,unresolved_decode,False,0.4509577930294156,0.20672404619813287
learned_reset,test_iid,v3_confirmation_test_iid_0071,5,unresolved_decode,False,0.46705546085329025,0.29887770971989375
learned_reset,test_iid,v3_confirmation_test_iid_0072,5,unresolved_decode,False,0.4517553136243663,0.20095952490187885
learned_reset,test_iid,v3_confirmation_test_iid_0074,5,unresolved_decode,False,0.4533935721370326,0.22427360661732712
learned_reset,test_iid,v3_confirmation_test_iid_0075,5,unresolved_decode,False,0.45936380553715084,0.20723524242311242
learned_reset,test_iid,v3_confirmation_test_iid_0077,5,unresolved_decode,False,0.45883856054971317,0.2850741397755025
learned_reset,test_iid,v3_confirmation_test_iid_0078,5,unresolved_decode,False,0.4535542498629092,0.22506069452845953
pure_latent,test_template_ood,v3_confirmation_test_template_ood_0000,1,success,True,0.46787900850207936,0.0
pure_latent,test_template_ood,v3_confirmation_test_template_ood_0002,1,success,True,0.44300887267711425,0.0
pure_latent,test_template_ood,v3_confirmation_test_template_ood_0003,1,success,True,0.47777412817963916,0.0
pure_latent,test_template_ood,v3_confirmation_test_template_ood_0005,1,success,True,0.4650227490299449,0.0
pure_latent,test_template_ood,v3_confirmation_test_template_ood_0006,1,success,True,0.4802528163609673,0.0
pure_latent,test_template_ood,v3_confirmation_test_template_ood_0008,1,success,True,0.44800908804860423,0.0
pure_latent,test_template_ood,v3_confirmation_test_template_ood_0009,1,success,True,0.48147169056398503,0.0
pure_latent,test_template_ood,v3_confirmation_test_template_ood_0011,1,success,True,0.4852321816255891,0.0
pure_latent,test_template_ood,v3_confirmation_test_template_ood_0012,1,success,True,0.4559036621206194,0.0
pure_latent,test_template_ood,v3_confirmation_test_template_ood_0014,1,success,True,0.4541781723697748,0.0
pure_latent,test_template_ood,v3_confirmation_test_template_ood_0015,1,success,True,0.47660637733173233,0.0
pure_latent,test_template_ood,v3_confirmation_test_template_ood_0017,1,success,True,0.4566673869991273,0.0
pure_latent,test_template_ood,v3_confirmation_test_template_ood_0018,1,success,True,0.4869139122889541,0.0
pure_latent,test_template_ood,v3_confirmation_test_template_ood_0020,1,success,True,0.4504535349245188,0.0
pure_latent,test_template_ood,v3_confirmation_test_template_ood_0021,1,success,True,0.5068981769308734,0.0
pure_latent,test_template_ood,v3_confirmation_test_template_ood_0023,1,success,True,0.4929965198183488,0.0
pure_latent,test_template_ood,v3_confirmation_test_template_ood_0024,1,success,True,0.4555340873866732,0.0
pure_latent,test_template_ood,v3_confirmation_test_template_ood_0026,1,success,True,0.44665332619027925,0.0
pure_latent,test_template_ood,v3_confirmation_test_template_ood_0027,1,success,True,0.47982991315592693,0.0
pure_latent,test_template_ood,v3_confirmation_test_template_ood_0029,1,success,True,0.4503390764142651,0.0
pure_latent,test_template_ood,v3_confirmation_test_template_ood_0030,1,success,True,0.4869903976969503,0.0
pure_latent,test_template_ood,v3_confirmation_test_template_ood_0032,1,success,True,0.4580752636450891,0.0
pure_latent,test_template_ood,v3_confirmation_test_template_ood_0033,1,success,True,0.5107049247376588,0.0
pure_latent,test_template_ood,v3_confirmation_test_template_ood_0035,1,success,True,0.47449497686710534,0.0
pure_latent,test_template_ood,v3_confirmation_test_template_ood_0036,1,success,True,0.46368408251440363,0.0
pure_latent,test_template_ood,v3_confirmation_test_template_ood_0038,1,success,True,0.4444939347720481,0.0
pure_latent,test_template_ood,v3_confirmation_test_template_ood_0039,1,success,True,0.47457531920204193,0.0
pure_latent,test_template_ood,v3_confirmation_test_template_ood_0041,1,success,True,0.46005728375692745,0.0
pure_latent,test_template_ood,v3_confirmation_test_template_ood_0042,1,success,True,0.4686383823287319,0.0
pure_latent,test_template_ood,v3_confirmation_test_template_ood_0044,1,success,True,0.45908215621560056,0.0
pure_latent,test_template_ood,v3_confirmation_test_template_ood_0045,1,success,True,0.489938195230837,0.0
pure_latent,test_template_ood,v3_confirmation_test_template_ood_0047,1,success,True,0.478487985674168,0.0
pure_latent,test_template_ood,v3_confirmation_test_template_ood_0048,1,success,True,0.46600850879743055,0.0
pure_latent,test_template_ood,v3_confirmation_test_template_ood_0050,1,success,True,0.4484489420374586,0.0
pure_latent,test_template_ood,v3_confirmation_test_template_ood_0051,1,success,True,0.47510436971469283,0.0
pure_latent,test_template_ood,v3_confirmation_test_template_ood_0053,1,success,True,0.4589591723065043,0.0
pure_latent,test_template_ood,v3_confirmation_test_template_ood_0054,1,success,True,0.47637323144479965,0.0
pure_latent,test_template_ood,v3_confirmation_test_template_ood_0056,1,success,True,0.4692133526892122,0.0
pure_latent,test_template_ood,v3_confirmation_test_template_ood_0057,1,success,True,0.498806698714449,0.0
pure_latent,test_template_ood,v3_confirmation_test_template_ood_0059,1,success,True,0.4746061509336257,0.0
pure_latent,test_template_ood,v3_confirmation_test_template_ood_0060,1,success,True,0.4614829682371531,0.0
pure_latent,test_template_ood,v3_confirmation_test_template_ood_0062,1,success,True,0.4470984272740755,0.0
pure_latent,test_template_ood,v3_confirmation_test_template_ood_0063,1,success,True,0.4754920659213466,0.0
pure_latent,test_template_ood,v3_confirmation_test_template_ood_0065,1,success,True,0.45573381054943457,0.0
pure_latent,test_template_ood,v3_confirmation_test_template_ood_0066,1,success,True,0.4679693030207067,0.0
pure_latent,test_template_ood,v3_confirmation_test_template_ood_0068,1,success,True,0.460523847632781,0.0
pure_latent,test_template_ood,v3_confirmation_test_template_ood_0069,1,success,True,0.513297448837951,0.0
pure_latent,test_template_ood,v3_confirmation_test_template_ood_0071,1,success,True,0.4997177388668883,0.0
pure_latent,test_template_ood,v3_confirmation_test_template_ood_0072,1,success,True,0.4627065007680248,0.0
pure_latent,test_template_ood,v3_confirmation_test_template_ood_0074,1,success,True,0.43231736371082896,0.0
pure_latent,test_template_ood,v3_confirmation_test_template_ood_0075,1,success,True,0.47337825969109204,0.0
pure_latent,test_template_ood,v3_confirmation_test_template_ood_0077,1,success,True,0.4609453402901347,0.0
pure_latent,test_template_ood,v3_confirmation_test_template_ood_0078,1,success,True,0.46958993806929406,0.0
pure_latent,test_template_ood,v3_confirmation_test_template_ood_0000,2,success,True,0.8843561277658727,0.0
pure_latent,test_template_ood,v3_confirmation_test_template_ood_0002,2,success,True,0.8560518156844809,0.0
pure_latent,test_template_ood,v3_confirmation_test_template_ood_0003,2,success,True,0.8962890552297677,0.0
pure_latent,test_template_ood,v3_confirmation_test_template_ood_0005,2,success,True,0.8832770738862505,0.0
pure_latent,test_template_ood,v3_confirmation_test_template_ood_0006,2,success,True,0.8898585395193103,0.0
pure_latent,test_template_ood,v3_confirmation_test_template_ood_0008,2,success,True,0.8530553882204384,0.0
pure_latent,test_template_ood,v3_confirmation_test_template_ood_0009,2,parsed_semantic_error,True,0.8808363700421921,0.07194474860859307
pure_latent,test_template_ood,v3_confirmation_test_template_ood_0011,2,parsed_semantic_error,True,0.8822955301312894,0.06616001294363981
pure_latent,test_template_ood,v3_confirmation_test_template_ood_0012,2,success,True,0.8731942296589369,0.0
pure_latent,test_template_ood,v3_confirmation_test_template_ood_0014,2,success,True,0.8592320873917563,0.0
pure_latent,test_template_ood,v3_confirmation_test_template_ood_0015,2,success,True,0.8879078557829951,0.0
pure_latent,test_template_ood,v3_confirmation_test_template_ood_0017,2,success,True,0.8734937202502688,0.0
pure_latent,test_template_ood,v3_confirmation_test_template_ood_0018,2,success,True,0.8890860854825064,0.0
pure_latent,test_template_ood,v3_confirmation_test_template_ood_0020,2,success,True,0.857386670806227,0.0
pure_latent,test_template_ood,v3_confirmation_test_template_ood_0021,2,parsed_semantic_error,True,0.9097914996985345,0.056899656684722126
pure_latent,test_template_ood,v3_confirmation_test_template_ood_0023,2,parsed_semantic_error,True,0.8774159152802368,0.0695629915985685
pure_latent,test_template_ood,v3_confirmation_test_template_ood_0024,2,success,True,0.8753401367637502,0.0
pure_latent,test_template_ood,v3_confirmation_test_template_ood_0026,2,success,True,0.8569329780501348,0.0
pure_latent,test_template_ood,v3_confirmation_test_template_ood_0027,2,success,True,0.8971589549196572,0.0
pure_latent,test_template_ood,v3_confirmation_test_template_ood_0029,2,success,True,0.8684406723787849,0.0
pure_latent,test_template_ood,v3_confirmation_test_template_ood_0030,2,success,True,0.9034445961234371,0.0
pure_latent,test_template_ood,v3_confirmation_test_template_ood_0032,2,success,True,0.8646893922794681,0.0
pure_latent,test_template_ood,v3_confirmation_test_template_ood_0033,2,parsed_semantic_error,True,0.9024207479572361,0.06561919960025199
pure_latent,test_template_ood,v3_confirmation_test_template_ood_0035,2,parsed_semantic_error,True,0.8767557139151987,0.056753462422024135
pure_latent,test_template_ood,v3_confirmation_test_template_ood_0036,2,success,True,0.8761030406544784,0.0
pure_latent,test_template_ood,v3_confirmation_test_template_ood_0038,2,success,True,0.8578233799645206,0.0
pure_latent,test_template_ood,v3_confirmation_test_template_ood_0039,2,success,True,0.8944999360677782,0.0
pure_latent,test_template_ood,v3_confirmation_test_template_ood_0041,2,success,True,0.8758341203551141,0.0
pure_latent,test_template_ood,v3_confirmation_test_template_ood_0042,2,success,True,0.8797983342051261,0.0
pure_latent,test_template_ood,v3_confirmation_test_template_ood_0044,2,success,True,0.8739334645943292,0.0
pure_latent,test_template_ood,v3_confirmation_test_template_ood_0045,2,parsed_semantic_error,True,0.8897199817454847,0.058099092987350824
pure_latent,test_template_ood,v3_confirmation_test_template_ood_0047,2,parsed_semantic_error,True,0.8788789029252644,0.054676127889371796
pure_latent,test_template_ood,v3_confirmation_test_template_ood_0048,2,success,True,0.8758352095551148,0.0
pure_latent,test_template_ood,v3_confirmation_test_template_ood_0050,2,success,True,0.865887091547187,0.0
pure_latent,test_template_ood,v3_confirmation_test_template_ood_0051,2,success,True,0.8837755184931175,0.0
pure_latent,test_template_ood,v3_confirmation_test_template_ood_0053,2,success,True,0.8734190868730064,0.0
pure_latent,test_template_ood,v3_confirmation_test_template_ood_0054,2,success,True,0.8900806144936585,0.0
pure_latent,test_template_ood,v3_confirmation_test_template_ood_0056,2,success,True,0.8717550501266158,0.0
pure_latent,test_template_ood,v3_confirmation_test_template_ood_0057,2,parsed_semantic_error,True,0.8949897095387732,0.06349360772400274
pure_latent,test_template_ood,v3_confirmation_test_template_ood_0059,2,parsed_semantic_error,True,0.8761031151067866,0.05550644818418575
pure_latent,test_template_ood,v3_confirmation_test_template_ood_0060,2,success,True,0.8740682702496085,0.0
pure_latent,test_template_ood,v3_confirmation_test_template_ood_0062,2,success,True,0.8643534298982937,0.0
pure_latent,test_template_ood,v3_confirmation_test_template_ood_0063,2,success,True,0.8892734105141292,0.0
pure_latent,test_template_ood,v3_confirmation_test_template_ood_0065,2,success,True,0.8761713321887542,0.0
pure_latent,test_template_ood,v3_confirmation_test_template_ood_0066,2,success,True,0.877307190748194,0.0
pure_latent,test_template_ood,v3_confirmation_test_template_ood_0068,2,success,True,0.8736271056022439,0.0
pure_latent,test_template_ood,v3_confirmation_test_template_ood_0069,2,parsed_semantic_error,True,0.900811872279455,0.07432310747406398
pure_latent,test_template_ood,v3_confirmation_test_template_ood_0071,2,parsed_semantic_error,True,0.885750663279795,0.06769128718642281
pure_latent,test_template_ood,v3_confirmation_test_template_ood_0072,2,success,True,0.8856221906739168,0.0
pure_latent,test_template_ood,v3_confirmation_test_template_ood_0074,2,success,True,0.840104147440028,0.0
pure_latent,test_template_ood,v3_confirmation_test_template_ood_0075,2,success,True,0.8864982066173593,0.0
pure_latent,test_template_ood,v3_confirmation_test_template_ood_0077,2,success,True,0.8711947620287757,0.0
pure_latent,test_template_ood,v3_confirmation_test_template_ood_0078,2,success,True,0.8894856856838934,0.0
pure_latent,test_template_ood,v3_confirmation_test_template_ood_0000,3,unresolved_decode,False,1.2324071865328465,0.12643663324568136
pure_latent,test_template_ood,v3_confirmation_test_template_ood_0002,3,unresolved_decode,False,1.2000178899050595,0.18146658111523034
pure_latent,test_template_ood,v3_confirmation_test_template_ood_0003,3,unresolved_decode,False,1.258031794178148,0.20200230615563153
pure_latent,test_template_ood,v3_confirmation_test_template_ood_0005,3,unresolved_decode,False,1.232299285518975,0.21216850861593828
pure_latent,test_template_ood,v3_confirmation_test_template_ood_0006,3,success,True,1.2313694136515647,0.0
pure_latent,test_template_ood,v3_confirmation_test_template_ood_0008,3,parsed_semantic_error,True,1.1883872424830322,0.08526760193104692
pure_latent,test_template_ood,v3_confirmation_test_template_ood_0009,3,parsed_semantic_error,True,1.214552365294327,0.02788005803456807
pure_latent,test_template_ood,v3_confirmation_test_template_ood_0011,3,parsed_semantic_error,True,1.2168999529190208,0.027570422846045196
pure_latent,test_template_ood,v3_confirmation_test_template_ood_0012,3,unresolved_decode,False,1.2232442251801674,0.183798390882338
pure_latent,test_template_ood,v3_confirmation_test_template_ood_0014,3,unresolved_decode,False,1.1968546801613524,0.18573313625302892
pure_latent,test_template_ood,v3_confirmation_test_template_ood_0015,3,unresolved_decode,False,1.2399361162363773,0.19687550792968558
pure_latent,test_template_ood,v3_confirmation_test_template_ood_0017,3,unresolved_decode,False,1.2251987623455618,0.2359413367717733
pure_latent,test_template_ood,v3_confirmation_test_template_ood_0018,3,success,True,1.2310101396233692,0.0
pure_latent,test_template_ood,v3_confirmation_test_template_ood_0020,3,parsed_semantic_error,True,1.193143848998003,0.08517220503557263
pure_latent,test_template_ood,v3_confirmation_test_template_ood_0021,3,parsed_semantic_error,True,1.253062700887386,0.0255574026768156
pure_latent,test_template_ood,v3_confirmation_test_template_ood_0023,3,parsed_semantic_error,True,1.2083771504825542,0.02511257984021708
pure_latent,test_template_ood,v3_confirmation_test_template_ood_0024,3,unresolved_decode,False,1.2247914631951924,0.17670780984568102
pure_latent,test_template_ood,v3_confirmation_test_template_ood_0026,3,unresolved_decode,False,1.1963413886369731,0.18659542368541596
pure_latent,test_template_ood,v3_confirmation_test_template_ood_0027,3,unresolved_decode,False,1.2588224596225228,0.21113640307280918
pure_latent,test_template_ood,v3_confirmation_test_template_ood_0029,3,unresolved_decode,False,1.2149452024923504,0.2475196451242329
pure_latent,test_template_ood,v3_confirmation_test_template_ood_0030,3,success,True,1.2535632810533268,0.0
pure_latent,test_template_ood,v3_confirmation_test_template_ood_0032,3,success,True,1.1964056293020509,0.0
pure_latent,test_template_ood,v3_confirmation_test_template_ood_0033,3,parsed_semantic_error,True,1.2376545756036332,0.02652303973660905
pure_latent,test_template_ood,v3_confirmation_test_template_ood_0035,3,unresolved_decode,False,1.2099404170689723,0.14631866727879986
pure_latent,test_template_ood,v3_confirmation_test_template_ood_0036,3,unresolved_decode,False,1.2226314614164688,0.179144719076164
pure_latent,test_template_ood,v3_confirmation_test_template_ood_0038,3,unresolved_decode,False,1.2002106661552872,0.18449938918549522
pure_latent,test_template_ood,v3_confirmation_test_template_ood_0039,3,unresolved_decode,False,1.2567346628658582,0.2524917791416414
pure_latent,test_template_ood,v3_confirmation_test_template_ood_0041,3,unresolved_decode,False,1.224542962542806,0.18824674065228214
pure_latent,test_template_ood,v3_confirmation_test_template_ood_0042,3,success,True,1.2211822667248773,0.0
pure_latent,test_template_ood,v3_confirmation_test_template_ood_0044,3,unresolved_decode,False,1.2119554945625555,0.12846730351210658
pure_latent,test_template_ood,v3_confirmation_test_template_ood_0045,3,parsed_semantic_error,True,1.229292984928252,0.026074075763417467
pure_latent,test_template_ood,v3_confirmation_test_template_ood_0047,3,unresolved_decode,False,1.2140484472475328,0.13831383154847993
pure_latent,test_template_ood,v3_confirmation_test_template_ood_0048,3,unresolved_decode,False,1.2208868445443823,0.1846693224258666
pure_latent,test_template_ood,v3_confirmation_test_template_ood_0050,3,unresolved_decode,False,1.2107206344653048,0.17704807758577334
pure_latent,test_template_ood,v3_confirmation_test_template_ood_0051,3,unresolved_decode,False,1.2401428615702925,0.20411841159086888
pure_latent,test_template_ood,v3_confirmation_test_template_ood_0053,3,unresolved_decode,False,1.222386187036197,0.23141076745628475
pure_latent,test_template_ood,v3_confirmation_test_template_ood_0054,3,success,True,1.236725179560485,0.0
pure_latent,test_template_ood,v3_confirmation_test_template_ood_0056,3,success,True,1.2041316106642144,0.0
pure_latent,test_template_ood,v3_confirmation_test_template_ood_0057,3,parsed_semantic_error,True,1.2312243078111211,0.0278498036812377
pure_latent,test_template_ood,v3_confirmation_test_template_ood_0059,3,parsed_semantic_error,True,1.209871792067777,0.025702064673861873
pure_latent,test_template_ood,v3_confirmation_test_template_ood_0060,3,unresolved_decode,False,1.222147496424386,0.180765990936345
pure_latent,test_template_ood,v3_confirmation_test_template_ood_0062,3,unresolved_decode,False,1.211293263554719,0.17337624592540538
pure_latent,test_template_ood,v3_confirmation_test_template_ood_0063,3,unresolved_decode,False,1.247111970855642,0.16156792414747403
pure_latent,test_template_ood,v3_confirmation_test_template_ood_0065,3,unresolved_decode,False,1.2266567469408298,0.2590156415708111
pure_latent,test_template_ood,v3_confirmation_test_template_ood_0066,3,parsed_semantic_error,True,1.2204830454583042,0.09331673800390929
pure_latent,test_template_ood,v3_confirmation_test_template_ood_0068,3,success,True,1.2109940070751473,0.0
pure_latent,test_template_ood,v3_confirmation_test_template_ood_0069,3,parsed_semantic_error,True,1.2392171444389926,0.025910164771994912
pure_latent,test_template_ood,v3_confirmation_test_template_ood_0071,3,parsed_semantic_error,True,1.2182465011309376,0.027516812472023068
pure_latent,test_template_ood,v3_confirmation_test_template_ood_0072,3,unresolved_decode,False,1.2386698447133915,0.17754615876283486
pure_latent,test_template_ood,v3_confirmation_test_template_ood_0074,3,unresolved_decode,False,1.177875879845485,0.12569079851455364
pure_latent,test_template_ood,v3_confirmation_test_template_ood_0075,3,unresolved_decode,False,1.2431676692144442,0.16273768565208363
pure_latent,test_template_ood,v3_confirmation_test_template_ood_0077,3,unresolved_decode,False,1.2171358303473103,0.24302370517052818
pure_latent,test_template_ood,v3_confirmation_test_template_ood_0078,3,success,True,1.2355386123643861,0.0
pure_latent,test_template_ood,v3_confirmation_test_template_ood_0000,4,unresolved_decode,False,1.5270239657839144,0.8177675558808587
pure_latent,test_template_ood,v3_confirmation_test_template_ood_0002,4,unresolved_decode,False,1.489855883001926,0.5579175606469535
pure_latent,test_template_ood,v3_confirmation_test_template_ood_0003,4,unresolved_decode,False,1.5580227415976786,1.0514572106177131
pure_latent,test_template_ood,v3_confirmation_test_template_ood_0005,4,unresolved_decode,False,1.5269947496836997,0.8352805888375084
pure_latent,test_template_ood,v3_confirmation_test_template_ood_0006,4,unresolved_decode,False,1.521633070045494,0.47245236041538397
pure_latent,test_template_ood,v3_confirmation_test_template_ood_0008,4,unresolved_decode,False,1.4762179537881508,0.5154224999340874
pure_latent,test_template_ood,v3_confirmation_test_template_ood_0009,4,unresolved_decode,False,1.4997807720687748,0.5741198560180698
pure_latent,test_template_ood,v3_confirmation_test_template_ood_0011,4,unresolved_decode,False,1.5043039476190387,0.8246342108124995
pure_latent,test_template_ood,v3_confirmation_test_template_ood_0012,4,unresolved_decode,False,1.5159726404413894,0.811882150956713
pure_latent,test_template_ood,v3_confirmation_test_template_ood_0014,4,unresolved_decode,False,1.4812733699127316,0.7527249263977603
pure_latent,test_template_ood,v3_confirmation_test_template_ood_0015,4,unresolved_decode,False,1.5334335292556158,1.020198300866823
pure_latent,test_template_ood,v3_confirmation_test_template_ood_0017,4,unresolved_decode,False,1.5202624390505137,0.8906988106353382
pure_latent,test_template_ood,v3_confirmation_test_template_ood_0018,4,unresolved_decode,False,1.517416559967505,0.6592953888850294
pure_latent,test_template_ood,v3_confirmation_test_template_ood_0020,4,unresolved_decode,False,1.4801791173482741,0.5060272319464653
pure_latent,test_template_ood,v3_confirmation_test_template_ood_0021,4,unresolved_decode,False,1.5412717520977257,0.698953766707572
pure_latent,test_template_ood,v3_confirmation_test_template_ood_0023,4,unresolved_decode,False,1.4880301646039895,0.7850934846634402
pure_latent,test_template_ood,v3_confirmation_test_template_ood_0024,4,unresolved_decode,False,1.5168889414129203,0.6947480535875912
pure_latent,test_template_ood,v3_confirmation_test_template_ood_0026,4,unresolved_decode,False,1.4819333311249139,0.8238755698866639
pure_latent,test_template_ood,v3_confirmation_test_template_ood_0027,4,unresolved_decode,False,1.557826849810087,1.0355754042210927
pure_latent,test_template_ood,v3_confirmation_test_template_ood_0029,4,unresolved_decode,False,1.5071388807581156,0.8552638917475883
pure_latent,test_template_ood,v3_confirmation_test_template_ood_0030,4,unresolved_decode,False,1.546917149861022,0.6315715926180185
pure_latent,test_template_ood,v3_confirmation_test_template_ood_0032,4,unresolved_decode,False,1.4816569105811823,0.4723664534565745
pure_latent,test_template_ood,v3_confirmation_test_template_ood_0033,4,unresolved_decode,False,1.5208101869582973,0.7341014657565832
pure_latent,test_template_ood,v3_confirmation_test_template_ood_0035,4,unresolved_decode,False,1.4949055407070604,0.7856591942798254
pure_latent,test_template_ood,v3_confirmation_test_template_ood_0036,4,unresolved_decode,False,1.5131868093356577,0.7816512589711649
pure_latent,test_template_ood,v3_confirmation_test_template_ood_0038,4,unresolved_decode,False,1.4902610070059177,0.707503185438868
pure_latent,test_template_ood,v3_confirmation_test_template_ood_0039,4,unresolved_decode,False,1.5533449436992153,0.8330616365891866
pure_latent,test_template_ood,v3_confirmation_test_template_ood_0041,4,unresolved_decode,False,1.5190595965299523,0.7884923540307058
pure_latent,test_template_ood,v3_confirmation_test_template_ood_0042,4,unresolved_decode,False,1.5114423561976116,0.47567072612989003
pure_latent,test_template_ood,v3_confirmation_test_template_ood_0044,4,unresolved_decode,False,1.5022864630433952,0.4526994226923616
pure_latent,test_template_ood,v3_confirmation_test_template_ood_0045,4,unresolved_decode,False,1.5160198017650437,0.6988695811460557
pure_latent,test_template_ood,v3_confirmation_test_template_ood_0047,4,unresolved_decode,False,1.498159973165099,0.7576197281999494
pure_latent,test_template_ood,v3_confirmation_test_template_ood_0048,4,unresolved_decode,False,1.510467213712033,0.7122237962264244
pure_latent,test_template_ood,v3_confirmation_test_template_ood_0050,4,unresolved_decode,False,1.505544011042902,0.6254805675668275
pure_latent,test_template_ood,v3_confirmation_test_template_ood_0051,4,unresolved_decode,False,1.5315390687504002,0.7904689185743765
pure_latent,test_template_ood,v3_confirmation_test_template_ood_0053,4,unresolved_decode,False,1.5150522884423547,0.827664686409868
pure_latent,test_template_ood,v3_confirmation_test_template_ood_0054,4,unresolved_decode,False,1.5303459495737848,0.5630349861185301
pure_latent,test_template_ood,v3_confirmation_test_template_ood_0056,4,unresolved_decode,False,1.488076969879657,0.6493600689719348
pure_latent,test_template_ood,v3_confirmation_test_template_ood_0057,4,unresolved_decode,False,1.5158864638470488,0.7684190784263297
pure_latent,test_template_ood,v3_confirmation_test_template_ood_0059,4,unresolved_decode,False,1.4925235424816206,0.6502129594618613
pure_latent,test_template_ood,v3_confirmation_test_template_ood_0060,4,unresolved_decode,False,1.5135705199676375,0.741313051111074
pure_latent,test_template_ood,v3_confirmation_test_template_ood_0062,4,unresolved_decode,False,1.5042362410258194,0.8126326950838924
pure_latent,test_template_ood,v3_confirmation_test_template_ood_0063,4,unresolved_decode,False,1.541003272930996,0.8449925833265594
pure_latent,test_template_ood,v3_confirmation_test_template_ood_0065,4,unresolved_decode,False,1.5248479445585983,0.8096758850624879
pure_latent,test_template_ood,v3_confirmation_test_template_ood_0066,4,unresolved_decode,False,1.51174839591621,0.4884725362183894
pure_latent,test_template_ood,v3_confirmation_test_template_ood_0068,4,unresolved_decode,False,1.4998824924851222,0.49403355395915094
pure_latent,test_template_ood,v3_confirmation_test_template_ood_0069,4,unresolved_decode,False,1.5218171342496238,0.7269111768757623
pure_latent,test_template_ood,v3_confirmation_test_template_ood_0071,4,unresolved_decode,False,1.499723571343602,0.8102000250477891
pure_latent,test_template_ood,v3_confirmation_test_template_ood_0072,4,unresolved_decode,False,1.5341644348978136,1.0671724273185255
pure_latent,test_template_ood,v3_confirmation_test_template_ood_0074,4,unresolved_decode,False,1.4652110638213942,0.5140557765070134
pure_latent,test_template_ood,v3_confirmation_test_template_ood_0075,4,unresolved_decode,False,1.535762258949663,0.708528530897016
pure_latent,test_template_ood,v3_confirmation_test_template_ood_0077,4,unresolved_decode,False,1.5061306059681052,0.7926489063210367
pure_latent,test_template_ood,v3_confirmation_test_template_ood_0078,4,unresolved_decode,False,1.5304406223669917,0.6466926220534432
pure_latent,test_template_ood,v3_confirmation_test_template_ood_0000,5,unresolved_decode,False,1.792748701078899,1.2105548434987545
pure_latent,test_template_ood,v3_confirmation_test_template_ood_0002,5,unresolved_decode,False,1.748393623355885,1.1543340817526575
pure_latent,test_template_ood,v3_confirmation_test_template_ood_0003,5,unresolved_decode,False,1.8259357295519736,1.1937102900311942
pure_latent,test_template_ood,v3_confirmation_test_template_ood_0005,5,unresolved_decode,False,1.7893067495502166,1.1168648541426154
pure_latent,test_template_ood,v3_confirmation_test_template_ood_0006,5,unresolved_decode,False,1.7832115395679389,1.1514932560121998
pure_latent,test_template_ood,v3_confirmation_test_template_ood_0008,5,unresolved_decode,False,1.735856967077454,1.104289423775427
pure_latent,test_template_ood,v3_confirmation_test_template_ood_0009,5,unresolved_decode,False,1.7545552612189679,1.1319793710749488
pure_latent,test_template_ood,v3_confirmation_test_template_ood_0011,5,unresolved_decode,False,1.7643443263575096,1.1194050988608681
pure_latent,test_template_ood,v3_confirmation_test_template_ood_0012,5,unresolved_decode,False,1.774832702197009,1.1656964138827755
pure_latent,test_template_ood,v3_confirmation_test_template_ood_0014,5,unresolved_decode,False,1.736510195488582,1.0357035198945763
pure_latent,test_template_ood,v3_confirmation_test_template_ood_0015,5,unresolved_decode,False,1.7976907856083306,1.0866956645171442
pure_latent,test_template_ood,v3_confirmation_test_template_ood_0017,5,unresolved_decode,False,1.782809657360874,1.1464607931133999
pure_latent,test_template_ood,v3_confirmation_test_template_ood_0018,5,unresolved_decode,False,1.7808825409149225,1.110321243883079
pure_latent,test_template_ood,v3_confirmation_test_template_ood_0020,5,unresolved_decode,False,1.7369086361527264,1.1830147558905972
pure_latent,test_template_ood,v3_confirmation_test_template_ood_0021,5,unresolved_decode,False,1.7975241393330277,1.0985944876153269
pure_latent,test_template_ood,v3_confirmation_test_template_ood_0023,5,unresolved_decode,False,1.740755042551896,1.153523382950872
pure_latent,test_template_ood,v3_confirmation_test_template_ood_0024,5,unresolved_decode,False,1.7742856330004495,1.1735392210619626
pure_latent,test_template_ood,v3_confirmation_test_template_ood_0026,5,unresolved_decode,False,1.7355777053065913,1.1448955333321142
pure_latent,test_template_ood,v3_confirmation_test_template_ood_0027,5,unresolved_decode,False,1.8240370557779748,1.1469688934795732
pure_latent,test_template_ood,v3_confirmation_test_template_ood_0029,5,unresolved_decode,False,1.7658789655781466,1.0392656881119577
pure_latent,test_template_ood,v3_confirmation_test_template_ood_0030,5,unresolved_decode,False,1.8079352196814586,1.2373742587159473
pure_latent,test_template_ood,v3_confirmation_test_template_ood_0032,5,unresolved_decode,False,1.7386633043472768,1.2235631058609522
pure_latent,test_template_ood,v3_confirmation_test_template_ood_0033,5,unresolved_decode,False,1.7756127891999272,1.1088783161886964
pure_latent,test_template_ood,v3_confirmation_test_template_ood_0035,5,unresolved_decode,False,1.7497944354930854,1.0115663988533108
pure_latent,test_template_ood,v3_confirmation_test_template_ood_0036,5,unresolved_decode,False,1.7767339046947268,1.1532776601599206
pure_latent,test_template_ood,v3_confirmation_test_template_ood_0038,5,unresolved_decode,False,1.7479065570432195,1.219025150329186
pure_latent,test_template_ood,v3_confirmation_test_template_ood_0039,5,unresolved_decode,False,1.8173925423095953,1.0438659618070847
pure_latent,test_template_ood,v3_confirmation_test_template_ood_0041,5,unresolved_decode,False,1.781733833649174,1.1593598612620852
pure_latent,test_template_ood,v3_confirmation_test_template_ood_0042,5,unresolved_decode,False,1.7726326337695688,1.1148558924422223
pure_latent,test_template_ood,v3_confirmation_test_template_ood_0044,5,unresolved_decode,False,1.7621708190401313,1.1744803102669419
pure_latent,test_template_ood,v3_confirmation_test_template_ood_0045,5,unresolved_decode,False,1.7732625552991599,1.0333921571054732
pure_latent,test_template_ood,v3_confirmation_test_template_ood_0047,5,unresolved_decode,False,1.7529753396324517,1.1547349637524291
pure_latent,test_template_ood,v3_confirmation_test_template_ood_0048,5,unresolved_decode,False,1.7707156140310814,1.1183108690701105
pure_latent,test_template_ood,v3_confirmation_test_template_ood_0050,5,unresolved_decode,False,1.766918217066885,1.2044279170661623
pure_latent,test_template_ood,v3_confirmation_test_template_ood_0051,5,unresolved_decode,False,1.7931328654219492,1.1499904544445527
pure_latent,test_template_ood,v3_confirmation_test_template_ood_0053,5,unresolved_decode,False,1.7769350123749874,1.190826409233256
pure_latent,test_template_ood,v3_confirmation_test_template_ood_0054,5,unresolved_decode,False,1.7915726111639882,1.1048122061000014
pure_latent,test_template_ood,v3_confirmation_test_template_ood_0056,5,unresolved_decode,False,1.7493126838020905,1.211210489561338
pure_latent,test_template_ood,v3_confirmation_test_template_ood_0057,5,unresolved_decode,False,1.7702310194479696,1.0484000171966332
pure_latent,test_template_ood,v3_confirmation_test_template_ood_0059,5,unresolved_decode,False,1.745298797065863,1.1608968172206258
pure_latent,test_template_ood,v3_confirmation_test_template_ood_0060,5,unresolved_decode,False,1.778858849217826,1.2012974702374775
pure_latent,test_template_ood,v3_confirmation_test_template_ood_0062,5,unresolved_decode,False,1.764917888000964,1.1663197780609724
pure_latent,test_template_ood,v3_confirmation_test_template_ood_0063,5,unresolved_decode,False,1.8031411314048824,1.1678530588314464
pure_latent,test_template_ood,v3_confirmation_test_template_ood_0065,5,unresolved_decode,False,1.791219388433933,1.19185101590275
pure_latent,test_template_ood,v3_confirmation_test_template_ood_0066,5,unresolved_decode,False,1.7727633276346335,1.1058325545182035
pure_latent,test_template_ood,v3_confirmation_test_template_ood_0068,5,unresolved_decode,False,1.7580106697266153,1.191603196456698
pure_latent,test_template_ood,v3_confirmation_test_template_ood_0069,5,unresolved_decode,False,1.7750548970518998,1.1451561338445058
pure_latent,test_template_ood,v3_confirmation_test_template_ood_0071,5,unresolved_decode,False,1.7574500478307638,1.1398453427473532
pure_latent,test_template_ood,v3_confirmation_test_template_ood_0072,5,unresolved_decode,False,1.794235002482959,1.1132541860560718
pure_latent,test_template_ood,v3_confirmation_test_template_ood_0074,5,unresolved_decode,False,1.720574998094933,1.2126494109923347
pure_latent,test_template_ood,v3_confirmation_test_template_ood_0075,5,unresolved_decode,False,1.7981008068998816,1.2125077343411543
pure_latent,test_template_ood,v3_confirmation_test_template_ood_0077,5,unresolved_decode,False,1.764471141549579,1.2556706875244479
pure_latent,test_template_ood,v3_confirmation_test_template_ood_0078,5,unresolved_decode,False,1.7926885420590346,1.2374303971759983
decode_reencode,test_template_ood,v3_confirmation_test_template_ood_0000,1,success,True,0.46787997378748186,0.0
decode_reencode,test_template_ood,v3_confirmation_test_template_ood_0002,1,success,True,0.44300860278931353,0.0
decode_reencode,test_template_ood,v3_confirmation_test_template_ood_0003,1,success,True,0.4777772671096097,0.0
decode_reencode,test_template_ood,v3_confirmation_test_template_ood_0005,1,success,True,0.46502372136030107,0.0
decode_reencode,test_template_ood,v3_confirmation_test_template_ood_0006,1,success,True,0.4802515013193056,0.0
decode_reencode,test_template_ood,v3_confirmation_test_template_ood_0008,1,success,True,0.44800823828983866,0.0
decode_reencode,test_template_ood,v3_confirmation_test_template_ood_0009,1,success,True,0.48146959596046623,0.0
decode_reencode,test_template_ood,v3_confirmation_test_template_ood_0011,1,success,True,0.4852326152960132,0.0
decode_reencode,test_template_ood,v3_confirmation_test_template_ood_0012,1,success,True,0.45590593209154967,0.0
decode_reencode,test_template_ood,v3_confirmation_test_template_ood_0014,1,success,True,0.4541818852384772,0.0
decode_reencode,test_template_ood,v3_confirmation_test_template_ood_0015,1,success,True,0.47660352430516467,0.0
decode_reencode,test_template_ood,v3_confirmation_test_template_ood_0017,1,success,True,0.456666598026005,0.0
decode_reencode,test_template_ood,v3_confirmation_test_template_ood_0018,1,success,True,0.48691493468871033,0.0
decode_reencode,test_template_ood,v3_confirmation_test_template_ood_0020,1,success,True,0.4504526221318566,0.0
decode_reencode,test_template_ood,v3_confirmation_test_template_ood_0021,1,success,True,0.5068956907154081,0.0
decode_reencode,test_template_ood,v3_confirmation_test_template_ood_0023,1,success,True,0.4929965589443736,0.0
decode_reencode,test_template_ood,v3_confirmation_test_template_ood_0024,1,success,True,0.4555336625548352,0.0
decode_reencode,test_template_ood,v3_confirmation_test_template_ood_0026,1,success,True,0.44665344226619813,0.0
decode_reencode,test_template_ood,v3_confirmation_test_template_ood_0027,1,success,True,0.4798305641781966,0.0
decode_reencode,test_template_ood,v3_confirmation_test_template_ood_0029,1,success,True,0.45033769416980346,0.0
decode_reencode,test_template_ood,v3_confirmation_test_template_ood_0030,1,success,True,0.48699189126450854,0.0
decode_reencode,test_template_ood,v3_confirmation_test_template_ood_0032,1,success,True,0.4580758167079989,0.0
decode_reencode,test_template_ood,v3_confirmation_test_template_ood_0033,1,success,True,0.5107052754402799,0.0
decode_reencode,test_template_ood,v3_confirmation_test_template_ood_0035,1,success,True,0.47449872925557796,0.0
decode_reencode,test_template_ood,v3_confirmation_test_template_ood_0036,1,success,True,0.46368264677135534,0.0
decode_reencode,test_template_ood,v3_confirmation_test_template_ood_0038,1,success,True,0.44449694249518706,0.0
decode_reencode,test_template_ood,v3_confirmation_test_template_ood_0039,1,success,True,0.47457597725879724,0.0
decode_reencode,test_template_ood,v3_confirmation_test_template_ood_0041,1,success,True,0.46005640072000525,0.0
decode_reencode,test_template_ood,v3_confirmation_test_template_ood_0042,1,success,True,0.4686415991935963,0.0
decode_reencode,test_template_ood,v3_confirmation_test_template_ood_0044,1,success,True,0.4590869259779782,0.0
decode_reencode,test_template_ood,v3_confirmation_test_template_ood_0045,1,success,True,0.48993804193379314,0.0
decode_reencode,test_template_ood,v3_confirmation_test_template_ood_0047,1,success,True,0.4784880632284773,0.0
decode_reencode,test_template_ood,v3_confirmation_test_template_ood_0048,1,success,True,0.46600850879743055,0.0
decode_reencode,test_template_ood,v3_confirmation_test_template_ood_0050,1,success,True,0.4484482817285055,0.0
decode_reencode,test_template_ood,v3_confirmation_test_template_ood_0051,1,success,True,0.4751072466806228,0.0
decode_reencode,test_template_ood,v3_confirmation_test_template_ood_0053,1,success,True,0.45896105532536957,0.0
decode_reencode,test_template_ood,v3_confirmation_test_template_ood_0054,1,success,True,0.4763744936912528,0.0
decode_reencode,test_template_ood,v3_confirmation_test_template_ood_0056,1,success,True,0.46921462701053057,0.0
decode_reencode,test_template_ood,v3_confirmation_test_template_ood_0057,1,success,True,0.49880417292124307,0.0
decode_reencode,test_template_ood,v3_confirmation_test_template_ood_0059,1,success,True,0.4746040496892921,0.0
decode_reencode,test_template_ood,v3_confirmation_test_template_ood_0060,1,success,True,0.4614818577230816,0.0
decode_reencode,test_template_ood,v3_confirmation_test_template_ood_0062,1,success,True,0.4471001918733147,0.0
decode_reencode,test_template_ood,v3_confirmation_test_template_ood_0063,1,success,True,0.47549101820061646,0.0
decode_reencode,test_template_ood,v3_confirmation_test_template_ood_0065,1,success,True,0.45573300263886674,0.0
decode_reencode,test_template_ood,v3_confirmation_test_template_ood_0066,1,success,True,0.46796934338257834,0.0
decode_reencode,test_template_ood,v3_confirmation_test_template_ood_0068,1,success,True,0.46052467519120144,0.0
decode_reencode,test_template_ood,v3_confirmation_test_template_ood_0069,1,success,True,0.5132946913203755,0.0
decode_reencode,test_template_ood,v3_confirmation_test_template_ood_0071,1,success,True,0.499714699556687,0.0
decode_reencode,test_template_ood,v3_confirmation_test_template_ood_0072,1,success,True,0.46270794040105995,0.0
decode_reencode,test_template_ood,v3_confirmation_test_template_ood_0074,1,success,True,0.43231931492196524,0.0
decode_reencode,test_template_ood,v3_confirmation_test_template_ood_0075,1,success,True,0.473379786395979,0.0
decode_reencode,test_template_ood,v3_confirmation_test_template_ood_0077,1,success,True,0.460944357720681,0.0
decode_reencode,test_template_ood,v3_confirmation_test_template_ood_0078,1,success,True,0.4695912047725579,0.0
decode_reencode,test_template_ood,v3_confirmation_test_template_ood_0000,2,success,True,0.464781166851202,0.0
decode_reencode,test_template_ood,v3_confirmation_test_template_ood_0002,2,success,True,0.4421242557721722,0.0
decode_reencode,test_template_ood,v3_confirmation_test_template_ood_0003,2,success,True,0.463876359607061,0.0
decode_reencode,test_template_ood,v3_confirmation_test_template_ood_0005,2,success,True,0.4535138467533212,0.0
decode_reencode,test_template_ood,v3_confirmation_test_template_ood_0006,2,success,True,0.47422246690920256,0.0
decode_reencode,test_template_ood,v3_confirmation_test_template_ood_0008,2,success,True,0.44183513577930084,0.0
decode_reencode,test_template_ood,v3_confirmation_test_template_ood_0009,2,parsed_semantic_error,True,0.46186047414301795,0.07194474860859307
decode_reencode,test_template_ood,v3_confirmation_test_template_ood_0011,2,parsed_semantic_error,True,0.4732390678352276,0.06616001294363981
decode_reencode,test_template_ood,v3_confirmation_test_template_ood_0012,2,success,True,0.45236468200561325,0.0
decode_reencode,test_template_ood,v3_confirmation_test_template_ood_0014,2,success,True,0.45289354814441896,0.0
decode_reencode,test_template_ood,v3_confirmation_test_template_ood_0015,2,success,True,0.4653236020631497,0.0
decode_reencode,test_template_ood,v3_confirmation_test_template_ood_0017,2,success,True,0.4456521251312423,0.0
decode_reencode,test_template_ood,v3_confirmation_test_template_ood_0018,2,success,True,0.47879642949370865,0.0
decode_reencode,test_template_ood,v3_confirmation_test_template_ood_0020,2,success,True,0.4457557681630352,0.0
decode_reencode,test_template_ood,v3_confirmation_test_template_ood_0021,2,parsed_semantic_error,True,0.49723862714383654,0.056899656684722126
decode_reencode,test_template_ood,v3_confirmation_test_template_ood_0023,2,parsed_semantic_error,True,0.47747532759234734,0.0695629915985685
decode_reencode,test_template_ood,v3_confirmation_test_template_ood_0024,2,success,True,0.45140402431513466,0.0
decode_reencode,test_template_ood,v3_confirmation_test_template_ood_0026,2,success,True,0.4449122272888854,0.0
decode_reencode,test_template_ood,v3_confirmation_test_template_ood_0027,2,success,True,0.46623369343497373,0.0
decode_reencode,test_template_ood,v3_confirmation_test_template_ood_0029,2,success,True,0.4433382886491909,0.0
decode_reencode,test_template_ood,v3_confirmation_test_template_ood_0030,2,success,True,0.4765361585399452,0.0
decode_reencode,test_template_ood,v3_confirmation_test_template_ood_0032,2,success,True,0.45501290597132316,0.0
decode_reencode,test_template_ood,v3_confirmation_test_template_ood_0033,2,parsed_semantic_error,True,0.496390982944829,0.06561919960025199
decode_reencode,test_template_ood,v3_confirmation_test_template_ood_0035,2,parsed_semantic_error,True,0.4687546376367366,0.056753462422024135
decode_reencode,test_template_ood,v3_confirmation_test_template_ood_0036,2,success,True,0.4588058342979375,0.0
decode_reencode,test_template_ood,v3_confirmation_test_template_ood_0038,2,success,True,0.4418731738477341,0.0
decode_reencode,test_template_ood,v3_confirmation_test_template_ood_0039,2,success,True,0.4614534285633715,0.0
decode_reencode,test_template_ood,v3_confirmation_test_template_ood_0041,2,success,True,0.4499198327034091,0.0
decode_reencode,test_template_ood,v3_confirmation_test_template_ood_0042,2,success,True,0.46207025308815836,0.0
decode_reencode,test_template_ood,v3_confirmation_test_template_ood_0044,2,success,True,0.4559619916443346,0.0
decode_reencode,test_template_ood,v3_confirmation_test_template_ood_0045,2,parsed_semantic_error,True,0.4810050677408649,0.058099092987350824
decode_reencode,test_template_ood,v3_confirmation_test_template_ood_0047,2,parsed_semantic_error,True,0.4729125340454863,0.054676127889371796
decode_reencode,test_template_ood,v3_confirmation_test_template_ood_0048,2,success,True,0.4626275031739152,0.0
decode_reencode,test_template_ood,v3_confirmation_test_template_ood_0050,2,success,True,0.44446816601995043,0.0
decode_reencode,test_template_ood,v3_confirmation_test_template_ood_0051,2,success,True,0.4628375414068982,0.0
decode_reencode,test_template_ood,v3_confirmation_test_template_ood_0053,2,success,True,0.44661029853994116,0.0
decode_reencode,test_template_ood,v3_confirmation_test_template_ood_0054,2,success,True,0.46985875556637885,0.0
decode_reencode,test_template_ood,v3_confirmation_test_template_ood_0056,2,success,True,0.4645452478718269,0.0
decode_reencode,test_template_ood,v3_confirmation_test_template_ood_0057,2,parsed_semantic_error,True,0.4816739253262148,0.06349360772400274
decode_reencode,test_template_ood,v3_confirmation_test_template_ood_0059,2,parsed_semantic_error,True,0.46874682990614197,0.05550644818418575
decode_reencode,test_template_ood,v3_confirmation_test_template_ood_0060,2,success,True,0.4564674948505071,0.0
decode_reencode,test_template_ood,v3_confirmation_test_template_ood_0062,2,success,True,0.44443394067248465,0.0
decode_reencode,test_template_ood,v3_confirmation_test_template_ood_0063,2,success,True,0.4621368606751641,0.0
decode_reencode,test_template_ood,v3_confirmation_test_template_ood_0065,2,success,True,0.4455887113694941,0.0
decode_reencode,test_template_ood,v3_confirmation_test_template_ood_0066,2,success,True,0.45790493059097526,0.0
decode_reencode,test_template_ood,v3_confirmation_test_template_ood_0068,2,success,True,0.4573544844270858,0.0
decode_reencode,test_template_ood,v3_confirmation_test_template_ood_0069,2,parsed_semantic_error,True,0.49449969507452224,0.07432310747406398
decode_reencode,test_template_ood,v3_confirmation_test_template_ood_0071,2,parsed_semantic_error,True,0.48505957358679436,0.06769128718642281
decode_reencode,test_template_ood,v3_confirmation_test_template_ood_0072,2,success,True,0.45755487656727656,0.0
decode_reencode,test_template_ood,v3_confirmation_test_template_ood_0074,2,success,True,0.4294245100059516,0.0
decode_reencode,test_template_ood,v3_confirmation_test_template_ood_0075,2,success,True,0.4599454058870431,0.0
decode_reencode,test_template_ood,v3_confirmation_test_template_ood_0077,2,success,True,0.44983405025184336,0.0
decode_reencode,test_template_ood,v3_confirmation_test_template_ood_0078,2,success,True,0.4625527616279185,0.0
decode_reencode,test_template_ood,v3_confirmation_test_template_ood_0000,3,success,True,0.46214269758277976,0.0
decode_reencode,test_template_ood,v3_confirmation_test_template_ood_0002,3,success,True,0.4427018480814045,0.0
decode_reencode,test_template_ood,v3_confirmation_test_template_ood_0003,3,success,True,0.47020955324775127,0.0
decode_reencode,test_template_ood,v3_confirmation_test_template_ood_0005,3,success,True,0.45318083894278494,0.0
decode_reencode,test_template_ood,v3_confirmation_test_template_ood_0006,3,success,True,0.4721463526844584,0.0
decode_reencode,test_template_ood,v3_confirmation_test_template_ood_0008,3,success,True,0.44064013595670193,0.0
decode_reencode,test_template_ood,v3_confirmation_test_template_ood_0009,3,parsed_semantic_error,True,0.4660329302505441,0.11091809544166788
decode_reencode,test_template_ood,v3_confirmation_test_template_ood_0011,3,parsed_semantic_error,True,0.47743812774639044,0.10958950290332706
decode_reencode,test_template_ood,v3_confirmation_test_template_ood_0012,3,success,True,0.45261147226492404,0.0
decode_reencode,test_template_ood,v3_confirmation_test_template_ood_0014,3,success,True,0.4529848879789537,0.0
decode_reencode,test_template_ood,v3_confirmation_test_template_ood_0015,3,success,True,0.46926363054076503,0.0
decode_reencode,test_template_ood,v3_confirmation_test_template_ood_0017,3,success,True,0.4492047246410757,0.0
decode_reencode,test_template_ood,v3_confirmation_test_template_ood_0018,3,success,True,0.47949176932595605,0.0
decode_reencode,test_template_ood,v3_confirmation_test_template_ood_0020,3,success,True,0.444837942674579,0.0
decode_reencode,test_template_ood,v3_confirmation_test_template_ood_0021,3,parsed_semantic_error,True,0.5015454019791579,0.1011565271651071
decode_reencode,test_template_ood,v3_confirmation_test_template_ood_0023,3,parsed_semantic_error,True,0.4829505728528025,0.11132624369066174
decode_reencode,test_template_ood,v3_confirmation_test_template_ood_0024,3,success,True,0.45138285464665046,0.0
decode_reencode,test_template_ood,v3_confirmation_test_template_ood_0026,3,success,True,0.4442916067411001,0.0
decode_reencode,test_template_ood,v3_confirmation_test_template_ood_0027,3,success,True,0.47287759336067525,0.0
decode_reencode,test_template_ood,v3_confirmation_test_template_ood_0029,3,success,True,0.4426299354788671,0.0
decode_reencode,test_template_ood,v3_confirmation_test_template_ood_0030,3,success,True,0.4776386475608255,0.0
decode_reencode,test_template_ood,v3_confirmation_test_template_ood_0032,3,success,True,0.4496806905181114,0.0
decode_reencode,test_template_ood,v3_confirmation_test_template_ood_0033,3,parsed_semantic_error,True,0.5000578630949878,0.10842289138399926
decode_reencode,test_template_ood,v3_confirmation_test_template_ood_0035,3,parsed_semantic_error,True,0.47207040968412156,0.10103157976158361
decode_reencode,test_template_ood,v3_confirmation_test_template_ood_0036,3,success,True,0.45814161199290054,0.0
decode_reencode,test_template_ood,v3_confirmation_test_template_ood_0038,3,success,True,0.4423230760964321,0.0
decode_reencode,test_template_ood,v3_confirmation_test_template_ood_0039,3,success,True,0.46850524831103846,0.0
decode_reencode,test_template_ood,v3_confirmation_test_template_ood_0041,3,success,True,0.45004397723903145,0.0
decode_reencode,test_template_ood,v3_confirmation_test_template_ood_0042,3,success,True,0.45899566791533364,0.0
decode_reencode,test_template_ood,v3_confirmation_test_template_ood_0044,3,success,True,0.4498078760284113,0.0
decode_reencode,test_template_ood,v3_confirmation_test_template_ood_0045,3,parsed_semantic_error,True,0.4864368037674015,0.10425667679507716
decode_reencode,test_template_ood,v3_confirmation_test_template_ood_0047,3,parsed_semantic_error,True,0.47737490537798033,0.10099991314149127
decode_reencode,test_template_ood,v3_confirmation_test_template_ood_0048,3,success,True,0.46189861152222,0.0
decode_reencode,test_template_ood,v3_confirmation_test_template_ood_0050,3,success,True,0.44358218885066186,0.0
decode_reencode,test_template_ood,v3_confirmation_test_template_ood_0051,3,success,True,0.471355698084103,0.0
decode_reencode,test_template_ood,v3_confirmation_test_template_ood_0053,3,success,True,0.4472204230786461,0.0
decode_reencode,test_template_ood,v3_confirmation_test_template_ood_0054,3,success,True,0.47002709721240704,0.0
decode_reencode,test_template_ood,v3_confirmation_test_template_ood_0056,3,success,True,0.4609192743790522,0.0
decode_reencode,test_template_ood,v3_confirmation_test_template_ood_0057,3,parsed_semantic_error,True,0.48614250059622305,0.10652691275507621
decode_reencode,test_template_ood,v3_confirmation_test_template_ood_0059,3,parsed_semantic_error,True,0.473587952955834,0.10279238840148892
decode_reencode,test_template_ood,v3_confirmation_test_template_ood_0060,3,success,True,0.45759280221434373,0.0
decode_reencode,test_template_ood,v3_confirmation_test_template_ood_0062,3,success,True,0.44553823477738363,0.0
decode_reencode,test_template_ood,v3_confirmation_test_template_ood_0063,3,success,True,0.4680995286747715,0.0
decode_reencode,test_template_ood,v3_confirmation_test_template_ood_0065,3,success,True,0.44529568411571063,0.0
decode_reencode,test_template_ood,v3_confirmation_test_template_ood_0066,3,success,True,0.4608946321537273,0.0
decode_reencode,test_template_ood,v3_confirmation_test_template_ood_0068,3,success,True,0.4531677722373039,0.0
decode_reencode,test_template_ood,v3_confirmation_test_template_ood_0069,3,parsed_semantic_error,True,0.4996654595667964,0.11097269603845018
decode_reencode,test_template_ood,v3_confirmation_test_template_ood_0071,3,parsed_semantic_error,True,0.4894295796612976,0.11114779077767212
decode_reencode,test_template_ood,v3_confirmation_test_template_ood_0072,3,success,True,0.45688539748083024,0.0
decode_reencode,test_template_ood,v3_confirmation_test_template_ood_0074,3,success,True,0.4295323388418779,0.0
decode_reencode,test_template_ood,v3_confirmation_test_template_ood_0075,3,success,True,0.46595925288397205,0.0
decode_reencode,test_template_ood,v3_confirmation_test_template_ood_0077,3,success,True,0.450640154534397,0.0
decode_reencode,test_template_ood,v3_confirmation_test_template_ood_0078,3,success,True,0.45995028811218286,0.0
decode_reencode,test_template_ood,v3_confirmation_test_template_ood_0000,4,success,True,0.45817322156516416,0.0
decode_reencode,test_template_ood,v3_confirmation_test_template_ood_0002,4,success,True,0.4399177430921737,0.0
decode_reencode,test_template_ood,v3_confirmation_test_template_ood_0003,4,success,True,0.46232489041011937,0.0
decode_reencode,test_template_ood,v3_confirmation_test_template_ood_0005,4,success,True,0.4512725295914461,0.0
decode_reencode,test_template_ood,v3_confirmation_test_template_ood_0006,4,success,True,0.4770041954933577,0.0
decode_reencode,test_template_ood,v3_confirmation_test_template_ood_0008,4,success,True,0.44481150002940717,0.0
decode_reencode,test_template_ood,v3_confirmation_test_template_ood_0009,4,parsed_semantic_error,True,0.4641885165409084,0.11299997085863042
decode_reencode,test_template_ood,v3_confirmation_test_template_ood_0011,4,parsed_semantic_error,True,0.47597029369370386,0.11267503498224486
decode_reencode,test_template_ood,v3_confirmation_test_template_ood_0012,4,success,True,0.4455036279927177,0.0
decode_reencode,test_template_ood,v3_confirmation_test_template_ood_0014,4,success,True,0.4537884686826889,0.0
decode_reencode,test_template_ood,v3_confirmation_test_template_ood_0015,4,success,True,0.46648734006255055,0.0
decode_reencode,test_template_ood,v3_confirmation_test_template_ood_0017,4,success,True,0.44234780674812624,0.0
decode_reencode,test_template_ood,v3_confirmation_test_template_ood_0018,4,success,True,0.4823579898358945,0.0
decode_reencode,test_template_ood,v3_confirmation_test_template_ood_0020,4,success,True,0.4487106351124416,0.0
decode_reencode,test_template_ood,v3_confirmation_test_template_ood_0021,4,parsed_semantic_error,True,0.49920851191774196,0.10174758730375927
decode_reencode,test_template_ood,v3_confirmation_test_template_ood_0023,4,parsed_semantic_error,True,0.48035286389400805,0.1117928836329887
decode_reencode,test_template_ood,v3_confirmation_test_template_ood_0024,4,success,True,0.44515996759495624,0.0
decode_reencode,test_template_ood,v3_confirmation_test_template_ood_0026,4,success,True,0.44226990977468456,0.0
decode_reencode,test_template_ood,v3_confirmation_test_template_ood_0027,4,success,True,0.4666099617231955,0.0
decode_reencode,test_template_ood,v3_confirmation_test_template_ood_0029,4,success,True,0.43863136372015665,0.0
decode_reencode,test_template_ood,v3_confirmation_test_template_ood_0030,4,success,True,0.4809418216964854,0.0
decode_reencode,test_template_ood,v3_confirmation_test_template_ood_0032,4,success,True,0.45665824192616306,0.0
decode_reencode,test_template_ood,v3_confirmation_test_template_ood_0033,4,parsed_semantic_error,True,0.49744324608881285,0.10886789470989752
decode_reencode,test_template_ood,v3_confirmation_test_template_ood_0035,4,parsed_semantic_error,True,0.469439826181383,0.10173441406462602
decode_reencode,test_template_ood,v3_confirmation_test_template_ood_0036,4,success,True,0.45195886902673543,0.0
decode_reencode,test_template_ood,v3_confirmation_test_template_ood_0038,4,success,True,0.44199924163024923,0.0
decode_reencode,test_template_ood,v3_confirmation_test_template_ood_0039,4,success,True,0.4586255771193148,0.0
decode_reencode,test_template_ood,v3_confirmation_test_template_ood_0041,4,success,True,0.4488253640620724,0.0
decode_reencode,test_template_ood,v3_confirmation_test_template_ood_0042,4,success,True,0.4632981446148887,0.0
decode_reencode,test_template_ood,v3_confirmation_test_template_ood_0044,4,success,True,0.4552090232578874,0.0
decode_reencode,test_template_ood,v3_confirmation_test_template_ood_0045,4,parsed_semantic_error,True,0.4839696390075612,0.1047060735757783
decode_reencode,test_template_ood,v3_confirmation_test_template_ood_0047,4,parsed_semantic_error,True,0.4748280492776519,0.10190907666393054
decode_reencode,test_template_ood,v3_confirmation_test_template_ood_0048,4,success,True,0.4586201868509034,0.0
decode_reencode,test_template_ood,v3_confirmation_test_template_ood_0050,4,success,True,0.4415706854017615,0.0
decode_reencode,test_template_ood,v3_confirmation_test_template_ood_0051,4,success,True,0.46260525791918855,0.0
decode_reencode,test_template_ood,v3_confirmation_test_template_ood_0053,4,success,True,0.44280958525130254,0.0
decode_reencode,test_template_ood,v3_confirmation_test_template_ood_0054,4,success,True,0.4723863585794864,0.0
decode_reencode,test_template_ood,v3_confirmation_test_template_ood_0056,4,success,True,0.467261157236446,0.0
decode_reencode,test_template_ood,v3_confirmation_test_template_ood_0057,4,parsed_semantic_error,True,0.4845330853099534,0.10845723863692985
decode_reencode,test_template_ood,v3_confirmation_test_template_ood_0059,4,parsed_semantic_error,True,0.4709456743219992,0.1034531990912737
decode_reencode,test_template_ood,v3_confirmation_test_template_ood_0060,4,success,True,0.45274498861722734,0.0
decode_reencode,test_template_ood,v3_confirmation_test_template_ood_0062,4,success,True,0.44269180334830915,0.0
decode_reencode,test_template_ood,v3_confirmation_test_template_ood_0063,4,success,True,0.45968685435296375,0.0
decode_reencode,test_template_ood,v3_confirmation_test_template_ood_0065,4,success,True,0.44125957862936294,0.0
decode_reencode,test_template_ood,v3_confirmation_test_template_ood_0066,4,success,True,0.462198034472532,0.0
decode_reencode,test_template_ood,v3_confirmation_test_template_ood_0068,4,success,True,0.4586420503285712,0.0
decode_reencode,test_template_ood,v3_confirmation_test_template_ood_0069,4,parsed_semantic_error,True,0.49731215610481827,0.1118181023855364
decode_reencode,test_template_ood,v3_confirmation_test_template_ood_0071,4,parsed_semantic_error,True,0.4862383206831529,0.10957038526875924
decode_reencode,test_template_ood,v3_confirmation_test_template_ood_0072,4,success,True,0.4498655147475959,0.0
decode_reencode,test_template_ood,v3_confirmation_test_template_ood_0074,4,success,True,0.42532165538741956,0.0
decode_reencode,test_template_ood,v3_confirmation_test_template_ood_0075,4,success,True,0.4575660997912615,0.0
decode_reencode,test_template_ood,v3_confirmation_test_template_ood_0077,4,success,True,0.4468690178861495,0.0
decode_reencode,test_template_ood,v3_confirmation_test_template_ood_0078,4,success,True,0.463694517561224,0.0
decode_reencode,test_template_ood,v3_confirmation_test_template_ood_0000,5,success,True,0.4644394955593916,0.0
decode_reencode,test_template_ood,v3_confirmation_test_template_ood_0002,5,success,True,0.44394913659287444,0.0
decode_reencode,test_template_ood,v3_confirmation_test_template_ood_0003,5,success,True,0.4657146632056139,0.0
decode_reencode,test_template_ood,v3_confirmation_test_template_ood_0005,5,success,True,0.45720219520186334,0.0
decode_reencode,test_template_ood,v3_confirmation_test_template_ood_0006,5,success,True,0.4821114816919948,0.0
decode_reencode,test_template_ood,v3_confirmation_test_template_ood_0008,5,success,True,0.44846897743161274,0.0
decode_reencode,test_template_ood,v3_confirmation_test_template_ood_0009,5,parsed_semantic_error,True,0.4647627530750829,0.11115427687215157
decode_reencode,test_template_ood,v3_confirmation_test_template_ood_0011,5,parsed_semantic_error,True,0.4765336713240408,0.11067745132677743
decode_reencode,test_template_ood,v3_confirmation_test_template_ood_0012,5,success,True,0.4497811188388686,0.0
decode_reencode,test_template_ood,v3_confirmation_test_template_ood_0014,5,success,True,0.4601778056332103,0.0
decode_reencode,test_template_ood,v3_confirmation_test_template_ood_0015,5,success,True,0.4717100714539913,0.0
decode_reencode,test_template_ood,v3_confirmation_test_template_ood_0017,5,success,True,0.445302776227448,0.0
decode_reencode,test_template_ood,v3_confirmation_test_template_ood_0018,5,success,True,0.48951010189476607,0.0
decode_reencode,test_template_ood,v3_confirmation_test_template_ood_0020,5,success,True,0.45212352298079794,0.0
decode_reencode,test_template_ood,v3_confirmation_test_template_ood_0021,5,parsed_semantic_error,True,0.49938514402863077,0.09968339582687027
decode_reencode,test_template_ood,v3_confirmation_test_template_ood_0023,5,parsed_semantic_error,True,0.4800498038659422,0.10827967472560461
decode_reencode,test_template_ood,v3_confirmation_test_template_ood_0024,5,success,True,0.44929491806523036,0.0
decode_reencode,test_template_ood,v3_confirmation_test_template_ood_0026,5,parsed_semantic_error,True,0.44671800151422975,0.026781425671648915
decode_reencode,test_template_ood,v3_confirmation_test_template_ood_0027,5,success,True,0.46987244781292953,0.0
decode_reencode,test_template_ood,v3_confirmation_test_template_ood_0029,5,success,True,0.44228359178723725,0.0
decode_reencode,test_template_ood,v3_confirmation_test_template_ood_0030,5,success,True,0.4855385290929329,0.0
decode_reencode,test_template_ood,v3_confirmation_test_template_ood_0032,5,success,True,0.4605277493987775,0.0
decode_reencode,test_template_ood,v3_confirmation_test_template_ood_0033,5,parsed_semantic_error,True,0.4976634279271817,0.10671034437240741
decode_reencode,test_template_ood,v3_confirmation_test_template_ood_0035,5,parsed_semantic_error,True,0.46980347487579494,0.09881192513110525
decode_reencode,test_template_ood,v3_confirmation_test_template_ood_0036,5,success,True,0.4584238764137472,0.0
decode_reencode,test_template_ood,v3_confirmation_test_template_ood_0038,5,success,True,0.44601718614444363,0.0
decode_reencode,test_template_ood,v3_confirmation_test_template_ood_0039,5,success,True,0.4631134708585584,0.0
decode_reencode,test_template_ood,v3_confirmation_test_template_ood_0041,5,success,True,0.4527138205784752,0.0
decode_reencode,test_template_ood,v3_confirmation_test_template_ood_0042,5,success,True,0.4681735340234321,0.0
decode_reencode,test_template_ood,v3_confirmation_test_template_ood_0044,5,success,True,0.4594201474256175,0.0
decode_reencode,test_template_ood,v3_confirmation_test_template_ood_0045,5,parsed_semantic_error,True,0.4839894728525006,0.10279601279054076
decode_reencode,test_template_ood,v3_confirmation_test_template_ood_0047,5,parsed_semantic_error,True,0.4749426707420063,0.09988711232409687
decode_reencode,test_template_ood,v3_confirmation_test_template_ood_0048,5,success,True,0.46454927252942996,0.0
decode_reencode,test_template_ood,v3_confirmation_test_template_ood_0050,5,parsed_semantic_error,True,0.4444200241714073,0.026775150383504066
decode_reencode,test_template_ood,v3_confirmation_test_template_ood_0051,5,success,True,0.46757638072555796,0.0
decode_reencode,test_template_ood,v3_confirmation_test_template_ood_0053,5,success,True,0.4466305782149712,0.0
decode_reencode,test_template_ood,v3_confirmation_test_template_ood_0054,5,success,True,0.4767685771415452,0.0
decode_reencode,test_template_ood,v3_confirmation_test_template_ood_0056,5,success,True,0.4741386291989773,0.0
decode_reencode,test_template_ood,v3_confirmation_test_template_ood_0057,5,parsed_semantic_error,True,0.4850419446299337,0.10653975437887833
decode_reencode,test_template_ood,v3_confirmation_test_template_ood_0059,5,parsed_semantic_error,True,0.4711736547354397,0.10154010232298742
decode_reencode,test_template_ood,v3_confirmation_test_template_ood_0060,5,success,True,0.45930025878983655,0.0
decode_reencode,test_template_ood,v3_confirmation_test_template_ood_0062,5,success,True,0.44686667442369127,0.0
decode_reencode,test_template_ood,v3_confirmation_test_template_ood_0063,5,success,True,0.4641416052828026,0.0
decode_reencode,test_template_ood,v3_confirmation_test_template_ood_0065,5,success,True,0.44407632595069,0.0
decode_reencode,test_template_ood,v3_confirmation_test_template_ood_0066,5,success,True,0.4666090872599039,0.0
decode_reencode,test_template_ood,v3_confirmation_test_template_ood_0068,5,success,True,0.46223505100488116,0.0
decode_reencode,test_template_ood,v3_confirmation_test_template_ood_0069,5,parsed_semantic_error,True,0.4971593064467705,0.1090718392300954
decode_reencode,test_template_ood,v3_confirmation_test_template_ood_0071,5,parsed_semantic_error,True,0.4872414519883887,0.1093676700002403
decode_reencode,test_template_ood,v3_confirmation_test_template_ood_0072,5,parsed_semantic_error,True,0.4544899899321762,0.02713088788327014
decode_reencode,test_template_ood,v3_confirmation_test_template_ood_0074,5,parsed_semantic_error,True,0.4286046897866911,0.026453969182853223
decode_reencode,test_template_ood,v3_confirmation_test_template_ood_0075,5,success,True,0.4624260156095617,0.0
decode_reencode,test_template_ood,v3_confirmation_test_template_ood_0077,5,success,True,0.4514490952951361,0.0
decode_reencode,test_template_ood,v3_confirmation_test_template_ood_0078,5,success,True,0.4676461702937194,0.0
learned_reset,test_template_ood,v3_confirmation_test_template_ood_0000,1,success,True,0.46787997378748186,0.04765634302938066
learned_reset,test_template_ood,v3_confirmation_test_template_ood_0002,1,unresolved_decode,False,0.44300860278931353,0.0665876338797713
learned_reset,test_template_ood,v3_confirmation_test_template_ood_0003,1,success,True,0.4777772671096097,0.05953541627559216
learned_reset,test_template_ood,v3_confirmation_test_template_ood_0005,1,unresolved_decode,False,0.46502372136030107,0.07100151699092846
learned_reset,test_template_ood,v3_confirmation_test_template_ood_0006,1,success,True,0.4802515013193056,0.0517057146370752
learned_reset,test_template_ood,v3_confirmation_test_template_ood_0008,1,unresolved_decode,False,0.44800823828983866,0.07377976361006011
learned_reset,test_template_ood,v3_confirmation_test_template_ood_0009,1,success,True,0.48146959596046623,0.08008484369396689
learned_reset,test_template_ood,v3_confirmation_test_template_ood_0011,1,unresolved_decode,False,0.4852326152960132,0.09396617977831083
learned_reset,test_template_ood,v3_confirmation_test_template_ood_0012,1,success,True,0.45590593209154967,0.04515020123683671
learned_reset,test_template_ood,v3_confirmation_test_template_ood_0014,1,unresolved_decode,False,0.4541818852384772,0.05993228539676914
learned_reset,test_template_ood,v3_confirmation_test_template_ood_0015,1,success,True,0.47660352430516467,0.058268527862965894
learned_reset,test_template_ood,v3_confirmation_test_template_ood_0017,1,unresolved_decode,False,0.456666598026005,0.07497052396415127
learned_reset,test_template_ood,v3_confirmation_test_template_ood_0018,1,success,True,0.48691493468871033,0.05456259457689284
learned_reset,test_template_ood,v3_confirmation_test_template_ood_0020,1,unresolved_decode,False,0.4504526221318566,0.06916504335090472
learned_reset,test_template_ood,v3_confirmation_test_template_ood_0021,1,success,True,0.5068956907154081,0.07074125443110532
learned_reset,test_template_ood,v3_confirmation_test_template_ood_0023,1,unresolved_decode,False,0.4929965589443736,0.09634579165955225
learned_reset,test_template_ood,v3_confirmation_test_template_ood_0024,1,success,True,0.4555336625548352,0.04681251954709219
learned_reset,test_template_ood,v3_confirmation_test_template_ood_0026,1,unresolved_decode,False,0.44665344226619813,0.06343125775145314
learned_reset,test_template_ood,v3_confirmation_test_template_ood_0027,1,success,True,0.4798305641781966,0.05980108186880768
learned_reset,test_template_ood,v3_confirmation_test_template_ood_0029,1,unresolved_decode,False,0.45033769416980346,0.07791485934912241
learned_reset,test_template_ood,v3_confirmation_test_template_ood_0030,1,success,True,0.48699189126450854,0.054768262577666496
learned_reset,test_template_ood,v3_confirmation_test_template_ood_0032,1,unresolved_decode,False,0.4580758167079989,0.07051976279447834
learned_reset,test_template_ood,v3_confirmation_test_template_ood_0033,1,success,True,0.5107052754402799,0.08267143084487223
learned_reset,test_template_ood,v3_confirmation_test_template_ood_0035,1,unresolved_decode,False,0.47449872925557796,0.08699870120937546
learned_reset,test_template_ood,v3_confirmation_test_template_ood_0036,1,success,True,0.46368264677135534,0.046526005303402
learned_reset,test_template_ood,v3_confirmation_test_template_ood_0038,1,unresolved_decode,False,0.44449694249518706,0.06700331346976417
learned_reset,test_template_ood,v3_confirmation_test_template_ood_0039,1,success,True,0.47457597725879724,0.05848681184585772
learned_reset,test_template_ood,v3_confirmation_test_template_ood_0041,1,unresolved_decode,False,0.46005640072000525,0.07638374477222945
learned_reset,test_template_ood,v3_confirmation_test_template_ood_0042,1,success,True,0.4686415991935963,0.05508328684293424
learned_reset,test_template_ood,v3_confirmation_test_template_ood_0044,1,unresolved_decode,False,0.4590869259779782,0.0762261041860786
learned_reset,test_template_ood,v3_confirmation_test_template_ood_0045,1,success,True,0.48993804193379314,0.06792162301558893
learned_reset,test_template_ood,v3_confirmation_test_template_ood_0047,1,unresolved_decode,False,0.4784880632284773,0.08305783457510708
learned_reset,test_template_ood,v3_confirmation_test_template_ood_0048,1,success,True,0.46600850879743055,0.049729679304365684
learned_reset,test_template_ood,v3_confirmation_test_template_ood_0050,1,unresolved_decode,False,0.4484482817285055,0.060083711055948986
learned_reset,test_template_ood,v3_confirmation_test_template_ood_0051,1,success,True,0.4751072466806228,0.061022541922253336
learned_reset,test_template_ood,v3_confirmation_test_template_ood_0053,1,unresolved_decode,False,0.45896105532536957,0.07101703163102936
learned_reset,test_template_ood,v3_confirmation_test_template_ood_0054,1,success,True,0.4763744936912528,0.04882965889446302
learned_reset,test_template_ood,v3_confirmation_test_template_ood_0056,1,unresolved_decode,False,0.46921462701053057,0.06661492291590522
learned_reset,test_template_ood,v3_confirmation_test_template_ood_0057,1,success,True,0.49880417292124307,0.07155944221160007
learned_reset,test_template_ood,v3_confirmation_test_template_ood_0059,1,unresolved_decode,False,0.4746040496892921,0.08332289845020778
learned_reset,test_template_ood,v3_confirmation_test_template_ood_0060,1,success,True,0.4614818577230816,0.045288582781854596
learned_reset,test_template_ood,v3_confirmation_test_template_ood_0062,1,unresolved_decode,False,0.4471001918733147,0.06201275483018763
learned_reset,test_template_ood,v3_confirmation_test_template_ood_0063,1,success,True,0.47549101820061646,0.05911137527470656
learned_reset,test_template_ood,v3_confirmation_test_template_ood_0065,1,unresolved_decode,False,0.45573300263886674,0.07421012988278064
learned_reset,test_template_ood,v3_confirmation_test_template_ood_0066,1,success,True,0.46796934338257834,0.05447874398537479
learned_reset,test_template_ood,v3_confirmation_test_template_ood_0068,1,unresolved_decode,False,0.46052467519120144,0.0749588870947072
learned_reset,test_template_ood,v3_confirmation_test_template_ood_0069,1,success,True,0.5132946913203755,0.08382013551761867
learned_reset,test_template_ood,v3_confirmation_test_template_ood_0071,1,unresolved_decode,False,0.499714699556687,0.0864198942825286
learned_reset,test_template_ood,v3_confirmation_test_template_ood_0072,1,success,True,0.46270794040105995,0.044801394646448306
learned_reset,test_template_ood,v3_confirmation_test_template_ood_0074,1,unresolved_decode,False,0.43231931492196524,0.06304083670274976
learned_reset,test_template_ood,v3_confirmation_test_template_ood_0075,1,success,True,0.473379786395979,0.0604785399706215
learned_reset,test_template_ood,v3_confirmation_test_template_ood_0077,1,unresolved_decode,False,0.460944357720681,0.07196746445279882
learned_reset,test_template_ood,v3_confirmation_test_template_ood_0078,1,success,True,0.4695912047725579,0.04697650696916385
learned_reset,test_template_ood,v3_confirmation_test_template_ood_0000,2,parsed_semantic_error,True,0.474622817324788,0.09602439704406408
learned_reset,test_template_ood,v3_confirmation_test_template_ood_0002,2,unresolved_decode,False,0.4674717250991386,0.12593603416160812
learned_reset,test_template_ood,v3_confirmation_test_template_ood_0003,2,unresolved_decode,False,0.47619505099245657,0.09633278715566829
learned_reset,test_template_ood,v3_confirmation_test_template_ood_0005,2,unresolved_decode,False,0.48098207220013733,0.11429931799613775
learned_reset,test_template_ood,v3_confirmation_test_template_ood_0006,2,unresolved_decode,False,0.4894818159118482,0.1010334163447835
learned_reset,test_template_ood,v3_confirmation_test_template_ood_0008,2,unresolved_decode,False,0.4784090774864879,0.12570753022589998
learned_reset,test_template_ood,v3_confirmation_test_template_ood_0009,2,unresolved_decode,False,0.4857213920653701,0.10392206290446346
learned_reset,test_template_ood,v3_confirmation_test_template_ood_0011,2,unresolved_decode,False,0.4938493793506678,0.12866374759071153
learned_reset,test_template_ood,v3_confirmation_test_template_ood_0012,2,unresolved_decode,False,0.45712137868509634,0.09686269165774
learned_reset,test_template_ood,v3_confirmation_test_template_ood_0014,2,unresolved_decode,False,0.4646960262894512,0.12500429638133853
learned_reset,test_template_ood,v3_confirmation_test_template_ood_0015,2,unresolved_decode,False,0.46985444021059414,0.10499148292913246
learned_reset,test_template_ood,v3_confirmation_test_template_ood_0017,2,unresolved_decode,False,0.47409340948109735,0.11757434307987445
learned_reset,test_template_ood,v3_confirmation_test_template_ood_0018,2,parsed_semantic_error,True,0.4830052592958552,0.0981429087972882
learned_reset,test_template_ood,v3_confirmation_test_template_ood_0020,2,unresolved_decode,False,0.4831267283219892,0.12014517309488958
learned_reset,test_template_ood,v3_confirmation_test_template_ood_0021,2,unresolved_decode,False,0.4970609675960098,0.09962977508560046
learned_reset,test_template_ood,v3_confirmation_test_template_ood_0023,2,unresolved_decode,False,0.4927860367919125,0.1286481256220711
learned_reset,test_template_ood,v3_confirmation_test_template_ood_0024,2,unresolved_decode,False,0.46760314630464916,0.09666189606270117
learned_reset,test_template_ood,v3_confirmation_test_template_ood_0026,2,unresolved_decode,False,0.4702310258222521,0.12496809927251265
learned_reset,test_template_ood,v3_confirmation_test_template_ood_0027,2,parsed_semantic_error,True,0.4750115432205211,0.09891314259233774
learned_reset,test_template_ood,v3_confirmation_test_template_ood_0029,2,unresolved_decode,False,0.46829825810304815,0.1204963115769802
learned_reset,test_template_ood,v3_confirmation_test_template_ood_0030,2,parsed_semantic_error,True,0.4860415107856498,0.09166750969164308
learned_reset,test_template_ood,v3_confirmation_test_template_ood_0032,2,unresolved_decode,False,0.49259382951452524,0.12768809756610353
learned_reset,test_template_ood,v3_confirmation_test_template_ood_0033,2,unresolved_decode,False,0.4981146133413031,0.10986580081983376
learned_reset,test_template_ood,v3_confirmation_test_template_ood_0035,2,unresolved_decode,False,0.4841292076608712,0.12268710509295153
learned_reset,test_template_ood,v3_confirmation_test_template_ood_0036,2,parsed_semantic_error,True,0.4656994652746389,0.0947317980556992
learned_reset,test_template_ood,v3_confirmation_test_template_ood_0038,2,unresolved_decode,False,0.46782402690406966,0.12612746139920947
learned_reset,test_template_ood,v3_confirmation_test_template_ood_0039,2,parsed_semantic_error,True,0.47772520269990987,0.09974137388220015
learned_reset,test_template_ood,v3_confirmation_test_template_ood_0041,2,unresolved_decode,False,0.48052972549048484,0.12404096103183618
learned_reset,test_template_ood,v3_confirmation_test_template_ood_0042,2,unresolved_decode,False,0.4816810445419064,0.10424602663662334
learned_reset,test_template_ood,v3_confirmation_test_template_ood_0044,2,unresolved_decode,False,0.4972346324540821,0.12841868642493431
learned_reset,test_template_ood,v3_confirmation_test_template_ood_0045,2,unresolved_decode,False,0.4822345702168414,0.09682553200447805
learned_reset,test_template_ood,v3_confirmation_test_template_ood_0047,2,unresolved_decode,False,0.4828493630179411,0.12061017822644539
learned_reset,test_template_ood,v3_confirmation_test_template_ood_0048,2,parsed_semantic_error,True,0.4685979924746566,0.09585149145248333
learned_reset,test_template_ood,v3_confirmation_test_template_ood_0050,2,unresolved_decode,False,0.4701856578528495,0.12030363139118677
learned_reset,test_template_ood,v3_confirmation_test_template_ood_0051,2,unresolved_decode,False,0.47150059002117006,0.10375067280396166
learned_reset,test_template_ood,v3_confirmation_test_template_ood_0053,2,unresolved_decode,False,0.470972876967755,0.11795683021679595
learned_reset,test_template_ood,v3_confirmation_test_template_ood_0054,2,parsed_semantic_error,True,0.48012178070146294,0.0919644674240727
learned_reset,test_template_ood,v3_confirmation_test_template_ood_0056,2,unresolved_decode,False,0.4953563291030266,0.13006156540692762
learned_reset,test_template_ood,v3_confirmation_test_template_ood_0057,2,parsed_semantic_error,True,0.49198586202948813,0.0970394220995631
learned_reset,test_template_ood,v3_confirmation_test_template_ood_0059,2,unresolved_decode,False,0.48079911958641036,0.12171177894421721
learned_reset,test_template_ood,v3_confirmation_test_template_ood_0060,2,unresolved_decode,False,0.4597927193901062,0.0923769332525282
learned_reset,test_template_ood,v3_confirmation_test_template_ood_0062,2,unresolved_decode,False,0.46745406683511825,0.12237141086750014
learned_reset,test_template_ood,v3_confirmation_test_template_ood_0063,2,unresolved_decode,False,0.4736952447326038,0.10095654904774576
learned_reset,test_template_ood,v3_confirmation_test_template_ood_0065,2,unresolved_decode,False,0.4809241780758972,0.1140911187262445
learned_reset,test_template_ood,v3_confirmation_test_template_ood_0066,2,unresolved_decode,False,0.47235027518666267,0.09624698073524045
learned_reset,test_template_ood,v3_confirmation_test_template_ood_0068,2,unresolved_decode,False,0.4980280023352521,0.13536505015556372
learned_reset,test_template_ood,v3_confirmation_test_template_ood_0069,2,parsed_semantic_error,True,0.49248881432155567,0.10461919099996661
learned_reset,test_template_ood,v3_confirmation_test_template_ood_0071,2,unresolved_decode,False,0.4881665550086842,0.12522091021913728
learned_reset,test_template_ood,v3_confirmation_test_template_ood_0072,2,parsed_semantic_error,True,0.46607579208174116,0.09090127385493331
learned_reset,test_template_ood,v3_confirmation_test_template_ood_0074,2,unresolved_decode,False,0.45209628965399296,0.12753684544344826
learned_reset,test_template_ood,v3_confirmation_test_template_ood_0075,2,unresolved_decode,False,0.47003621906678505,0.10090788775993896
learned_reset,test_template_ood,v3_confirmation_test_template_ood_0077,2,unresolved_decode,False,0.4746420321077216,0.11910322519506053
learned_reset,test_template_ood,v3_confirmation_test_template_ood_0078,2,unresolved_decode,False,0.48150971279785826,0.08525586463235349
learned_reset,test_template_ood,v3_confirmation_test_template_ood_0000,3,unresolved_decode,False,0.4696500820983008,0.1490829900581696
learned_reset,test_template_ood,v3_confirmation_test_template_ood_0002,3,unresolved_decode,False,0.4413740066649577,0.15881988776601552
learned_reset,test_template_ood,v3_confirmation_test_template_ood_0003,3,unresolved_decode,False,0.48000220228881846,0.16255467650563926
learned_reset,test_template_ood,v3_confirmation_test_template_ood_0005,3,unresolved_decode,False,0.45574906218758277,0.1733059599115178
learned_reset,test_template_ood,v3_confirmation_test_template_ood_0006,3,unresolved_decode,False,0.4719202350154113,0.1486079106839201
learned_reset,test_template_ood,v3_confirmation_test_template_ood_0008,3,unresolved_decode,False,0.45249597671537195,0.13670473452158177
learned_reset,test_template_ood,v3_confirmation_test_template_ood_0009,3,unresolved_decode,False,0.46575699180086544,0.14333795990264744
learned_reset,test_template_ood,v3_confirmation_test_template_ood_0011,3,unresolved_decode,False,0.4498265458254865,0.15920511613308225
learned_reset,test_template_ood,v3_confirmation_test_template_ood_0012,3,unresolved_decode,False,0.4565056232411881,0.14454172500195522
learned_reset,test_template_ood,v3_confirmation_test_template_ood_0014,3,unresolved_decode,False,0.4377465343975484,0.16288374137076342
learned_reset,test_template_ood,v3_confirmation_test_template_ood_0015,3,unresolved_decode,False,0.4703537661306037,0.17670601830054147
learned_reset,test_template_ood,v3_confirmation_test_template_ood_0017,3,unresolved_decode,False,0.4513728717457079,0.17706420377989998
learned_reset,test_template_ood,v3_confirmation_test_template_ood_0018,3,unresolved_decode,False,0.476104172614579,0.1461021898236571
learned_reset,test_template_ood,v3_confirmation_test_template_ood_0020,3,unresolved_decode,False,0.45477301672520054,0.1323528967555149
learned_reset,test_template_ood,v3_confirmation_test_template_ood_0021,3,unresolved_decode,False,0.4883496565019219,0.14899085189750258
learned_reset,test_template_ood,v3_confirmation_test_template_ood_0023,3,unresolved_decode,False,0.4519262776090906,0.1608796984564387
learned_reset,test_template_ood,v3_confirmation_test_template_ood_0024,3,unresolved_decode,False,0.46507459832642,0.14486270557825023
learned_reset,test_template_ood,v3_confirmation_test_template_ood_0026,3,unresolved_decode,False,0.44548567363907887,0.16274544223963494
learned_reset,test_template_ood,v3_confirmation_test_template_ood_0027,3,unresolved_decode,False,0.4803261827390351,0.16511939838652331
learned_reset,test_template_ood,v3_confirmation_test_template_ood_0029,3,unresolved_decode,False,0.4439457559029939,0.18558080383452227
learned_reset,test_template_ood,v3_confirmation_test_template_ood_0030,3,unresolved_decode,False,0.4836094794742144,0.1447193479283494
learned_reset,test_template_ood,v3_confirmation_test_template_ood_0032,3,unresolved_decode,False,0.4725949399990172,0.13521593622690384
learned_reset,test_template_ood,v3_confirmation_test_template_ood_0033,3,unresolved_decode,False,0.4892421507007515,0.15756006510721365
learned_reset,test_template_ood,v3_confirmation_test_template_ood_0035,3,unresolved_decode,False,0.4406978395366978,0.15414058654725707
learned_reset,test_template_ood,v3_confirmation_test_template_ood_0036,3,unresolved_decode,False,0.46261475727075474,0.14969307904232576
learned_reset,test_template_ood,v3_confirmation_test_template_ood_0038,3,unresolved_decode,False,0.4411439848513062,0.16196087822650101
learned_reset,test_template_ood,v3_confirmation_test_template_ood_0039,3,unresolved_decode,False,0.4834102343550429,0.16967669522275658
learned_reset,test_template_ood,v3_confirmation_test_template_ood_0041,3,unresolved_decode,False,0.45682140768038093,0.17081220427186533
learned_reset,test_template_ood,v3_confirmation_test_template_ood_0042,3,unresolved_decode,False,0.4638284800254948,0.15133907396509205
learned_reset,test_template_ood,v3_confirmation_test_template_ood_0044,3,unresolved_decode,False,0.4722452979662354,0.13876306540491265
learned_reset,test_template_ood,v3_confirmation_test_template_ood_0045,3,unresolved_decode,False,0.47164113909428756,0.14550451379804683
learned_reset,test_template_ood,v3_confirmation_test_template_ood_0047,3,unresolved_decode,False,0.4396928147903566,0.15519503989187777
learned_reset,test_template_ood,v3_confirmation_test_template_ood_0048,3,unresolved_decode,False,0.46684493925245824,0.14414735838774495
learned_reset,test_template_ood,v3_confirmation_test_template_ood_0050,3,unresolved_decode,False,0.44182762846053497,0.15694221177446505
learned_reset,test_template_ood,v3_confirmation_test_template_ood_0051,3,unresolved_decode,False,0.4759190613254161,0.16879085114754921
learned_reset,test_template_ood,v3_confirmation_test_template_ood_0053,3,unresolved_decode,False,0.44976595709776074,0.1743747590479658
learned_reset,test_template_ood,v3_confirmation_test_template_ood_0054,3,unresolved_decode,False,0.4707569419540939,0.14391266627879856
learned_reset,test_template_ood,v3_confirmation_test_template_ood_0056,3,unresolved_decode,False,0.47331570614234725,0.14124288529859322
learned_reset,test_template_ood,v3_confirmation_test_template_ood_0057,3,unresolved_decode,False,0.4823965577153583,0.14233547045961165
learned_reset,test_template_ood,v3_confirmation_test_template_ood_0059,3,unresolved_decode,False,0.43990434468735073,0.15575312988954354
learned_reset,test_template_ood,v3_confirmation_test_template_ood_0060,3,unresolved_decode,False,0.4569888839994231,0.1455763192562846
learned_reset,test_template_ood,v3_confirmation_test_template_ood_0062,3,unresolved_decode,False,0.4406479907764902,0.16012862821051532
learned_reset,test_template_ood,v3_confirmation_test_template_ood_0063,3,unresolved_decode,False,0.4751974467905796,0.16883422724851474
learned_reset,test_template_ood,v3_confirmation_test_template_ood_0065,3,unresolved_decode,False,0.4559582175461087,0.16781849296916637
learned_reset,test_template_ood,v3_confirmation_test_template_ood_0066,3,unresolved_decode,False,0.4610091333387923,0.1460101490164417
learned_reset,test_template_ood,v3_confirmation_test_template_ood_0068,3,unresolved_decode,False,0.48091119813062644,0.14080326695492276
learned_reset,test_template_ood,v3_confirmation_test_template_ood_0069,3,unresolved_decode,False,0.487685716748236,0.15218141986882364
learned_reset,test_template_ood,v3_confirmation_test_template_ood_0071,3,unresolved_decode,False,0.45024388776442253,0.16246659557249904
learned_reset,test_template_ood,v3_confirmation_test_template_ood_0072,3,unresolved_decode,False,0.4646577399854282,0.1422260687586506
learned_reset,test_template_ood,v3_confirmation_test_template_ood_0074,3,unresolved_decode,False,0.4292514400313275,0.1605872887290456
learned_reset,test_template_ood,v3_confirmation_test_template_ood_0075,3,unresolved_decode,False,0.4717244324646499,0.17248706358327903
learned_reset,test_template_ood,v3_confirmation_test_template_ood_0077,3,unresolved_decode,False,0.4546804151776074,0.17386911986912826
learned_reset,test_template_ood,v3_confirmation_test_template_ood_0078,3,unresolved_decode,False,0.4681622628898306,0.13686221299862641
learned_reset,test_template_ood,v3_confirmation_test_template_ood_0000,4,unresolved_decode,False,0.46476951415159123,0.18529501959432038
learned_reset,test_template_ood,v3_confirmation_test_template_ood_0002,4,unresolved_decode,False,0.4435902475666931,0.20765926192770504
learned_reset,test_template_ood,v3_confirmation_test_template_ood_0003,4,unresolved_decode,False,0.4771534831255417,0.2014853795237647
learned_reset,test_template_ood,v3_confirmation_test_template_ood_0005,4,unresolved_decode,False,0.46109246152215994,0.22840072549768453
learned_reset,test_template_ood,v3_confirmation_test_template_ood_0006,4,unresolved_decode,False,0.46805151420665453,0.1881464909987067
learned_reset,test_template_ood,v3_confirmation_test_template_ood_0008,4,unresolved_decode,False,0.4522630745299416,0.19518559981503902
learned_reset,test_template_ood,v3_confirmation_test_template_ood_0009,4,unresolved_decode,False,0.4574509297824954,0.17901337141138957
learned_reset,test_template_ood,v3_confirmation_test_template_ood_0011,4,unresolved_decode,False,0.4506355107816347,0.20575741981899753
learned_reset,test_template_ood,v3_confirmation_test_template_ood_0012,4,unresolved_decode,False,0.45215580170703296,0.17580066521737142
learned_reset,test_template_ood,v3_confirmation_test_template_ood_0014,4,unresolved_decode,False,0.4412029043347641,0.21083845696090817
learned_reset,test_template_ood,v3_confirmation_test_template_ood_0015,4,unresolved_decode,False,0.47128667810097247,0.21747252871110656
learned_reset,test_template_ood,v3_confirmation_test_template_ood_0017,4,unresolved_decode,False,0.4621619566510274,0.2237403825808599
learned_reset,test_template_ood,v3_confirmation_test_template_ood_0018,4,unresolved_decode,False,0.4682872243390323,0.1840745458684694
learned_reset,test_template_ood,v3_confirmation_test_template_ood_0020,4,unresolved_decode,False,0.4543804835595635,0.18988242739168515
learned_reset,test_template_ood,v3_confirmation_test_template_ood_0021,4,unresolved_decode,False,0.47805300491268726,0.18293191074467383
learned_reset,test_template_ood,v3_confirmation_test_template_ood_0023,4,unresolved_decode,False,0.4434603053447608,0.20620250005786558
learned_reset,test_template_ood,v3_confirmation_test_template_ood_0024,4,unresolved_decode,False,0.4591704156213113,0.1793980092042656
learned_reset,test_template_ood,v3_confirmation_test_template_ood_0026,4,unresolved_decode,False,0.44773035632176506,0.20736971960493908
learned_reset,test_template_ood,v3_confirmation_test_template_ood_0027,4,unresolved_decode,False,0.47732038370474106,0.20394277406776493
learned_reset,test_template_ood,v3_confirmation_test_template_ood_0029,4,unresolved_decode,False,0.4599621588201368,0.23461901477518185
learned_reset,test_template_ood,v3_confirmation_test_template_ood_0030,4,unresolved_decode,False,0.47612905508340625,0.18365739463667494
learned_reset,test_template_ood,v3_confirmation_test_template_ood_0032,4,unresolved_decode,False,0.46785785565439203,0.19260682403980792
learned_reset,test_template_ood,v3_confirmation_test_template_ood_0033,4,unresolved_decode,False,0.47939439827583014,0.19319822446504814
learned_reset,test_template_ood,v3_confirmation_test_template_ood_0035,4,unresolved_decode,False,0.4370103816808702,0.20226598839592602
learned_reset,test_template_ood,v3_confirmation_test_template_ood_0036,4,unresolved_decode,False,0.45826005251375634,0.19025748328815706
learned_reset,test_template_ood,v3_confirmation_test_template_ood_0038,4,unresolved_decode,False,0.44408518345338277,0.20815679058910586
learned_reset,test_template_ood,v3_confirmation_test_template_ood_0039,4,unresolved_decode,False,0.47993133110183006,0.2091474491699751
learned_reset,test_template_ood,v3_confirmation_test_template_ood_0041,4,unresolved_decode,False,0.4573530484493663,0.2233113776175977
learned_reset,test_template_ood,v3_confirmation_test_template_ood_0042,4,unresolved_decode,False,0.4627654983644328,0.19201100799562235
learned_reset,test_template_ood,v3_confirmation_test_template_ood_0044,4,unresolved_decode,False,0.4670794140311549,0.20445182442587662
learned_reset,test_template_ood,v3_confirmation_test_template_ood_0045,4,unresolved_decode,False,0.4635704359384682,0.1769402274273942
learned_reset,test_template_ood,v3_confirmation_test_template_ood_0047,4,unresolved_decode,False,0.4332821374737991,0.19614384035925478
learned_reset,test_template_ood,v3_confirmation_test_template_ood_0048,4,unresolved_decode,False,0.4595842601363744,0.1792623625542342
learned_reset,test_template_ood,v3_confirmation_test_template_ood_0050,4,unresolved_decode,False,0.4419427314379173,0.20435730282221326
learned_reset,test_template_ood,v3_confirmation_test_template_ood_0051,4,unresolved_decode,False,0.4736232320688672,0.20656330892151334
learned_reset,test_template_ood,v3_confirmation_test_template_ood_0053,4,unresolved_decode,False,0.4574840823162847,0.23007721848917553
learned_reset,test_template_ood,v3_confirmation_test_template_ood_0054,4,unresolved_decode,False,0.4666670916123172,0.18074941171421544
learned_reset,test_template_ood,v3_confirmation_test_template_ood_0056,4,unresolved_decode,False,0.46404865734580536,0.20113025849364086
learned_reset,test_template_ood,v3_confirmation_test_template_ood_0057,4,unresolved_decode,False,0.47027793071624413,0.17679586769032793
learned_reset,test_template_ood,v3_confirmation_test_template_ood_0059,4,unresolved_decode,False,0.4328933034477689,0.19714511641814933
learned_reset,test_template_ood,v3_confirmation_test_template_ood_0060,4,unresolved_decode,False,0.4541433469248222,0.18424036468526775
learned_reset,test_template_ood,v3_confirmation_test_template_ood_0062,4,unresolved_decode,False,0.4376912817233381,0.20124006719883697
learned_reset,test_template_ood,v3_confirmation_test_template_ood_0063,4,unresolved_decode,False,0.47077894158586764,0.20952449336512852
learned_reset,test_template_ood,v3_confirmation_test_template_ood_0065,4,unresolved_decode,False,0.45826139891160966,0.21878896636063272
learned_reset,test_template_ood,v3_confirmation_test_template_ood_0066,4,unresolved_decode,False,0.4552991029556691,0.18204775531818676
learned_reset,test_template_ood,v3_confirmation_test_template_ood_0068,4,unresolved_decode,False,0.47592954441965574,0.20297941527187324
learned_reset,test_template_ood,v3_confirmation_test_template_ood_0069,4,unresolved_decode,False,0.4771033342554412,0.18785018052272995
learned_reset,test_template_ood,v3_confirmation_test_template_ood_0071,4,unresolved_decode,False,0.4411889298194714,0.200331431716704
learned_reset,test_template_ood,v3_confirmation_test_template_ood_0072,4,unresolved_decode,False,0.459500057168656,0.17538758666177387
learned_reset,test_template_ood,v3_confirmation_test_template_ood_0074,4,unresolved_decode,False,0.43384311836000955,0.20639967543694462
learned_reset,test_template_ood,v3_confirmation_test_template_ood_0075,4,unresolved_decode,False,0.4685973190466327,0.21582572372693282
learned_reset,test_template_ood,v3_confirmation_test_template_ood_0077,4,unresolved_decode,False,0.46061966094978934,0.22108086832857574
learned_reset,test_template_ood,v3_confirmation_test_template_ood_0078,4,unresolved_decode,False,0.46493247069873134,0.17322659390983444
learned_reset,test_template_ood,v3_confirmation_test_template_ood_0000,5,unresolved_decode,False,0.470334846064945,0.21687907903170112
learned_reset,test_template_ood,v3_confirmation_test_template_ood_0002,5,unresolved_decode,False,0.4613676519357802,0.24964576263681412
learned_reset,test_template_ood,v3_confirmation_test_template_ood_0003,5,unresolved_decode,False,0.48276141011706725,0.2383262064700001
learned_reset,test_template_ood,v3_confirmation_test_template_ood_0005,5,unresolved_decode,False,0.48131424237949105,0.2558901664568951
learned_reset,test_template_ood,v3_confirmation_test_template_ood_0006,5,unresolved_decode,False,0.47449380891777887,0.22487686898882753
learned_reset,test_template_ood,v3_confirmation_test_template_ood_0008,5,unresolved_decode,False,0.4559286634278521,0.23641040974610109
learned_reset,test_template_ood,v3_confirmation_test_template_ood_0009,5,unresolved_decode,False,0.4607823404746022,0.20983903689188937
learned_reset,test_template_ood,v3_confirmation_test_template_ood_0011,5,unresolved_decode,False,0.45618569495595057,0.2363300160035542
learned_reset,test_template_ood,v3_confirmation_test_template_ood_0012,5,unresolved_decode,False,0.4577604908451143,0.20710442951339042
learned_reset,test_template_ood,v3_confirmation_test_template_ood_0014,5,unresolved_decode,False,0.4569358025676494,0.25002465541491403
learned_reset,test_template_ood,v3_confirmation_test_template_ood_0015,5,unresolved_decode,False,0.4799610414910142,0.2552269941826541
learned_reset,test_template_ood,v3_confirmation_test_template_ood_0017,5,unresolved_decode,False,0.4807150276325977,0.2658468092835866
learned_reset,test_template_ood,v3_confirmation_test_template_ood_0018,5,unresolved_decode,False,0.47447001150399326,0.21993098393070462
learned_reset,test_template_ood,v3_confirmation_test_template_ood_0020,5,unresolved_decode,False,0.45713061013049255,0.23168788176854577
learned_reset,test_template_ood,v3_confirmation_test_template_ood_0021,5,unresolved_decode,False,0.4785321390490781,0.2097138522385137
learned_reset,test_template_ood,v3_confirmation_test_template_ood_0023,5,unresolved_decode,False,0.4500204985898558,0.22758177909698146
learned_reset,test_template_ood,v3_confirmation_test_template_ood_0024,5,unresolved_decode,False,0.46423271784767456,0.21004310928486267
learned_reset,test_template_ood,v3_confirmation_test_template_ood_0026,5,unresolved_decode,False,0.45979086212234516,0.24874514716633564
learned_reset,test_template_ood,v3_confirmation_test_template_ood_0027,5,unresolved_decode,False,0.4814544677623383,0.24182724797255453
learned_reset,test_template_ood,v3_confirmation_test_template_ood_0029,5,unresolved_decode,False,0.48234341696500294,0.2658279732426563
learned_reset,test_template_ood,v3_confirmation_test_template_ood_0030,5,unresolved_decode,False,0.48229354690647874,0.2165745447807226
learned_reset,test_template_ood,v3_confirmation_test_template_ood_0032,5,unresolved_decode,False,0.46332676975744247,0.23001012169722387
learned_reset,test_template_ood,v3_confirmation_test_template_ood_0033,5,unresolved_decode,False,0.47935989314813665,0.2216107808528604
learned_reset,test_template_ood,v3_confirmation_test_template_ood_0035,5,unresolved_decode,False,0.4496568853486774,0.23468674089912658
learned_reset,test_template_ood,v3_confirmation_test_template_ood_0036,5,unresolved_decode,False,0.46579361916873685,0.2203785805902787
learned_reset,test_template_ood,v3_confirmation_test_template_ood_0038,5,unresolved_decode,False,0.45771746408184394,0.24565951892962887
learned_reset,test_template_ood,v3_confirmation_test_template_ood_0039,5,unresolved_decode,False,0.4846156804962485,0.23892284589544954
learned_reset,test_template_ood,v3_confirmation_test_template_ood_0041,5,unresolved_decode,False,0.47355921695207753,0.24792057417899144
learned_reset,test_template_ood,v3_confirmation_test_template_ood_0042,5,unresolved_decode,False,0.47106039753781265,0.22795606873277421
learned_reset,test_template_ood,v3_confirmation_test_template_ood_0044,5,unresolved_decode,False,0.46835466589508623,0.24366266794934763
learned_reset,test_template_ood,v3_confirmation_test_template_ood_0045,5,unresolved_decode,False,0.4646722672277314,0.2065490007829415
learned_reset,test_template_ood,v3_confirmation_test_template_ood_0047,5,unresolved_decode,False,0.44137812530101384,0.2245884061689966
learned_reset,test_template_ood,v3_confirmation_test_template_ood_0048,5,unresolved_decode,False,0.4643508406045415,0.20925115170753295
learned_reset,test_template_ood,v3_confirmation_test_template_ood_0050,5,unresolved_decode,False,0.4648964749240884,0.23917116755700063
learned_reset,test_template_ood,v3_confirmation_test_template_ood_0051,5,unresolved_decode,False,0.47951405315269724,0.23917797662629703
learned_reset,test_template_ood,v3_confirmation_test_template_ood_0053,5,unresolved_decode,False,0.48262446806495607,0.2694957153184665
learned_reset,test_template_ood,v3_confirmation_test_template_ood_0054,5,unresolved_decode,False,0.4716771208760606,0.21349169567015736
learned_reset,test_template_ood,v3_confirmation_test_template_ood_0056,5,unresolved_decode,False,0.4618384178847479,0.24861743198397823
learned_reset,test_template_ood,v3_confirmation_test_template_ood_0057,5,unresolved_decode,False,0.4672423853091265,0.20485170455441698
learned_reset,test_template_ood,v3_confirmation_test_template_ood_0059,5,unresolved_decode,False,0.44294939620916957,0.22565750846236668
learned_reset,test_template_ood,v3_confirmation_test_template_ood_0060,5,unresolved_decode,False,0.4621445099299126,0.21788769234530384
learned_reset,test_template_ood,v3_confirmation_test_template_ood_0062,5,unresolved_decode,False,0.45885777147037066,0.2383188701202026
learned_reset,test_template_ood,v3_confirmation_test_template_ood_0063,5,unresolved_decode,False,0.4760999917664788,0.24745495280766597
learned_reset,test_template_ood,v3_confirmation_test_template_ood_0065,5,unresolved_decode,False,0.47845207668498657,0.24652884856507232
learned_reset,test_template_ood,v3_confirmation_test_template_ood_0066,5,unresolved_decode,False,0.4632406798468387,0.21954201388869254
learned_reset,test_template_ood,v3_confirmation_test_template_ood_0068,5,unresolved_decode,False,0.4743928058836646,0.24235982988152446
learned_reset,test_template_ood,v3_confirmation_test_template_ood_0069,5,unresolved_decode,False,0.47921224681337504,0.21571978297991287
learned_reset,test_template_ood,v3_confirmation_test_template_ood_0071,5,unresolved_decode,False,0.44693718205420524,0.22437761897185923
learned_reset,test_template_ood,v3_confirmation_test_template_ood_0072,5,unresolved_decode,False,0.46337655208375506,0.20862272530253098
learned_reset,test_template_ood,v3_confirmation_test_template_ood_0074,5,unresolved_decode,False,0.4518773019560643,0.2451279716604174
learned_reset,test_template_ood,v3_confirmation_test_template_ood_0075,5,unresolved_decode,False,0.4803923241834428,0.2539269040661992
learned_reset,test_template_ood,v3_confirmation_test_template_ood_0077,5,unresolved_decode,False,0.47716896096671413,0.26351183076807977
learned_reset,test_template_ood,v3_confirmation_test_template_ood_0078,5,unresolved_decode,False,0.46906079701758624,0.20598469253536586
