seed,method,step,loss,A_CE,B_CE,C_CE,D_CE,A_tokens,B_tokens,C_tokens,D_tokens,first_wrong
42,N,1,0.00014733335410710424,0.0003414663951843977,8.238197915488854e-05,4.94065425300505e-05,0.00011607851774897426,363,380,383,363,0
42,N,2,0.00034935216535814106,3.3120795706054196e-05,0.000200607770239003,6.368289905367419e-05,0.0010999972000718117,364,384,382,364,0
42,N,3,8.860461821313947e-05,4.876978346146643e-05,0.00016631466860417277,4.8188248911174014e-05,9.114578278968111e-05,369,392,384,369,0
42,N,4,0.00012894476822111756,0.00014311536506284028,0.00029133562929928303,4.988556247553788e-05,3.144253059872426e-05,371,388,385,371,0
42,N,5,0.00014051643665879965,0.00039258887409232557,0.00010526257392484695,4.572195393848233e-05,1.8492326489649713e-05,361,304,379,361,0
42,N,6,0.0001125839480664581,0.00032932142494246364,5.90231575188227e-05,4.3429881770862266e-05,1.8561360775493085e-05,364,381,390,364,0
42,N,7,0.00018453822121955454,0.0001492625888204202,0.0005175708211027086,4.526669727056287e-05,2.6052741304738447e-05,370,374,389,370,0
42,N,8,5.556506948778406e-05,6.891850352985784e-05,7.323824684135616e-05,5.881414836039767e-05,2.1289359210641123e-05,358,385,381,358,0
42,N,9,9.374903311254457e-05,4.738075949717313e-05,0.00024372090410906821,6.306140130618587e-05,2.0833062080782838e-05,358,386,383,358,0
42,N,10,4.6102832129690796e-05,3.6407753214007244e-05,7.468472904292867e-05,5.4960673878667876e-05,1.8358170564169995e-05,375,306,381,375,0
42,N,11,4.756361886393279e-05,3.791203926084563e-05,5.662031617248431e-05,6.795889203203842e-05,2.7763227990362793e-05,367,380,383,367,0
42,N,12,9.397397661814466e-05,2.9668213755940087e-05,0.00027454079827293754,5.1615916163427755e-05,2.0070987375220284e-05,364,385,384,364,0
42,N,13,5.4050757171353325e-05,2.610208139230963e-05,9.656963811721653e-05,6.909196235937998e-05,2.443934863549657e-05,368,390,391,368,0
42,N,14,8.577228436479345e-05,2.1756677597295493e-05,0.00012523862824309617,0.00017615982505958527,1.993399564526044e-05,363,384,377,363,0
42,N,15,5.070344923296943e-05,2.5792447559069842e-05,0.00010468157415743917,5.178847277420573e-05,2.0551304260152392e-05,363,300,384,363,0
42,N,16,4.2538493289612234e-05,2.3496531866840087e-05,8.050073665799573e-05,4.7529036237392575e-05,1.8627673853188753e-05,365,386,381,365,0
42,N,17,8.446048741461709e-05,1.7325546650681645e-05,0.0002620610757730901,4.310298027121462e-05,1.535234878247138e-05,370,386,386,370,0
42,N,18,4.734573667519726e-05,2.3567463358631358e-05,8.600833098171279e-05,5.5150649131974205e-05,2.4656497771502472e-05,369,389,382,369,0
42,N,19,0.002074609510600567,1.8444408851792105e-05,0.008217699825763702,4.449164407560602e-05,1.7801268768380396e-05,377,385,387,377,0
42,N,20,4.15602553403005e-05,1.8699951397138648e-05,7.8954930359032e-05,5.114842133480124e-05,1.7437721908208914e-05,366,308,381,366,0
42,N,21,6.488039070973173e-05,1.6865660654730164e-05,0.00018283483223058283,4.4633899960899726e-05,1.5187171811703593e-05,365,383,384,365,0
42,N,22,0.006276139058172703,2.4369912352995016e-05,0.02501649782061577,3.907463906216435e-05,2.4614473659312353e-05,368,389,376,368,0
42,N,23,0.00012088104267604649,1.9691715351655148e-05,0.0004101729718968272,3.7728164897998795e-05,1.5931307643768378e-05,375,396,384,375,0
42,N,24,0.0011459211818873882,1.6886338926269673e-05,0.00450913468375802,3.989029210060835e-05,1.7773176296032034e-05,358,383,379,358,0
42,N,25,6.511772517114878e-05,4.181982149020769e-05,0.0001138605730375275,8.347878610948101e-05,2.1311727323336527e-05,368,307,383,368,0
42,N,26,8.255294233094901e-05,0.00011436064232839271,0.00010956532787531614,6.684016989311203e-05,3.9445614675059915e-05,359,378,386,359,0
42,N,27,0.00032591616036370397,6.017935447744094e-05,0.001135418307967484,5.554638119065203e-05,5.252048867987469e-05,367,372,385,367,0
42,N,28,0.0006026955088600516,0.0006505832425318658,0.0011136698303744197,0.00016966387920547277,0.00047686503967270255,374,390,384,374,0
42,N,29,0.0023208963684737682,0.0005435043713077903,0.008443973027169704,0.00020035247143823653,9.575595322530717e-05,369,379,381,369,0
42,N,30,0.005349334329366684,0.0007568305591121316,0.020304054021835327,0.00019735569367185235,0.00013909755216445774,359,304,378,359,0
42,N,31,0.0001507342967670411,0.00017163807933684438,0.0002337087644264102,0.0001483922969782725,4.919801722280681e-05,368,372,382,368,0
42,N,32,0.0004007395473308861,0.0001572666660649702,0.0013446658849716187,7.782658212818205e-05,2.3199167117127217e-05,368,383,384,368,0
42,N,33,0.00022471115516964346,7.85556694609113e-05,0.0007080207578837872,8.206275379052386e-05,3.020548501808662e-05,370,381,377,370,0
42,N,34,0.0002817353524733335,3.0053817681618966e-05,0.0009997761808335781,7.88621764513664e-05,1.8249276763526723e-05,365,389,388,365,0
42,N,35,0.00022963786614127457,2.284805668750778e-05,0.000795901520177722,7.751150405965745e-05,2.2290361812338233e-05,359,301,386,359,0
42,N,36,0.0004742891469504684,2.6535726647125557e-05,0.0017617458943277597,9.257761848857626e-05,1.6297279216814786e-05,367,372,380,367,0
42,N,37,0.00029447954148054123,3.102377741015516e-05,0.00099017599131912,0.00013733191008213907,1.938652894750703e-05,371,375,380,371,0
42,N,38,0.00031841700547374785,4.100642036064528e-05,0.0010202319826930761,0.0001757001009536907,3.6729645216837525e-05,364,389,377,364,0
42,N,39,0.0004122600075788796,3.908616054104641e-05,0.0013801439199596643,0.00015698927745688707,7.282060687430203e-05,369,395,384,369,0
42,N,40,0.005081249866634607,3.777521851588972e-05,0.019855789840221405,0.0003747590526472777,5.667657751473598e-05,366,295,385,366,0
42,N,41,0.0007839172030799091,4.052456279168837e-05,0.0028445986099541187,0.00021913285308983177,3.141285196761601e-05,373,374,385,373,0
42,N,42,0.0003934943815693259,6.019638021825813e-05,0.0013249675976112485,0.00015951605746522546,2.9297565561137162e-05,369,388,375,369,0
42,N,43,0.00018848638865165412,5.680808681063354e-05,0.00048451038310304284,0.00018055598775390536,3.20711187669076e-05,369,394,388,369,0
42,N,44,0.00039505783934146166,4.4482152588898316e-05,0.0013427932281047106,0.00015647879627067596,3.647715493571013e-05,363,385,385,363,0
42,N,45,0.0011979930568486452,5.5452343076467514e-05,0.004546316806226969,0.0001155412319349125,7.466164242941886e-05,373,297,382,373,0
42,N,46,0.00016681711713317782,4.615241050487384e-05,0.00040878489380702376,0.00016507282271049917,4.7258326958399266e-05,361,388,385,361,0
42,N,47,0.0004373897972982377,4.853016071137972e-05,0.0013797569554299116,0.0002544634335208684,6.680862861685455e-05,375,383,380,375,0
42,N,48,0.0002691306872293353,4.565447670756839e-05,0.00078781065531075,0.00019039139442611486,5.2666211558971554e-05,376,392,381,376,0
42,N,49,0.00033729345886968076,9.31491595110856e-05,0.0009934859117493033,0.0001522770180599764,0.00011026174615835771,372,383,386,372,0
42,N,50,0.0003581245837267488,6.268268043641001e-05,0.0009477541316300631,0.00031683992710895836,0.00010522159573156387,371,310,380,371,0
42,N,51,0.0003257800708524883,5.283327118377201e-05,0.0007306069019250572,0.00043638673378154635,8.32932855701074e-05,368,384,378,368,0
42,N,52,0.00044087605783715844,8.823306416161358e-05,0.0014191246591508389,0.00016226513253059238,9.388141916133463e-05,373,382,384,373,0
42,N,53,0.0002918304526247084,7.05256243236363e-05,0.000847323564812541,0.00010623721027513966,0.00014323538925964385,373,389,390,373,0
42,N,54,0.0003365757584106177,5.443464397103526e-05,0.0010382101172581315,0.00013546708214562386,0.00011819119390565902,361,385,382,361,0
42,N,55,0.0002794533793348819,8.376869664061815e-05,0.0006685370462946594,0.00018466047185938805,0.00018084727344103158,368,297,385,368,0
42,N,56,0.0003091421094723046,6.226643017726019e-05,0.0008256069850176573,0.0001348251971649006,0.00021386983280535787,367,379,385,367,0
42,N,57,0.0002057384408544749,9.007090557133779e-05,0.00042582760215736926,0.0001138723164331168,0.00019318293198011816,366,378,378,366,0
42,N,58,0.00019848800729960203,9.683662210591137e-05,0.00039213220588862896,0.00011663636541925371,0.00018834680668078363,360,393,385,360,0
42,N,59,0.00030075100949034095,0.00011630504741333425,0.0007110551814548671,0.00010384599590906873,0.00027179779135622084,361,384,391,361,0
42,N,60,0.00025671691400930285,4.5061933633405715e-05,0.0006726969149895012,0.00015529528900515288,0.00015381349658127874,363,299,375,363,0
42,N,61,0.00020403524104040116,8.399455691687763e-05,0.00048117872211150825,9.51059628278017e-05,0.0001558617368573323,368,386,383,368,0
42,N,62,0.00013997114729136229,5.825135303894058e-05,0.00031351306824944913,6.952620606170967e-05,0.00011859396909130737,363,376,389,363,0
42,N,63,0.00017487313016317785,7.721890142420307e-05,0.0003256101335864514,8.841123781166971e-05,0.00020825225510634482,374,387,380,374,0
42,N,64,0.00015156400331761688,3.641292641987093e-05,0.00035092365578748286,9.222279186360538e-05,0.0001266966137336567,367,383,384,367,0
42,N,65,0.0002271871780976653,7.087440462782979e-05,0.000515662832185626,0.00014737732999492437,0.00017483418923802674,363,303,383,363,0
42,N,66,0.00020521304395515472,4.1233139199903235e-05,0.0005033777561038733,9.991747356252745e-05,0.00017632382514420897,364,387,382,364,0
42,N,67,0.00014100372209213674,4.306556729716249e-05,0.00029240234289318323,0.00010657865641405806,0.00012196827447041869,369,371,384,369,0
42,N,68,0.00010848796955542639,4.7350644308608025e-05,0.00019772160158026963,7.743771857349202e-05,0.00011144190648337826,371,398,385,371,0
42,N,69,0.00013379545998759568,3.589964035199955e-05,0.0003257146163377911,0.00011033822374884039,6.322933040792122e-05,361,385,379,361,0
42,N,70,0.0001306957856286317,4.399025783641264e-05,0.00034906560904346406,7.80676055001095e-05,5.1659644668689e-05,364,295,390,364,0
42,N,71,0.00010335587285226211,4.2008246964542195e-05,0.00025068953982554376,6.43794919596985e-05,5.634620538330637e-05,370,384,389,370,0
42,N,72,0.00012279007933102548,4.7869969421299174e-05,0.00029535405337810516,7.81774942879565e-05,6.975881842663512e-05,358,376,381,358,0
42,N,73,0.00011101851123385131,4.9089721869677305e-05,0.00025518788606859744,6.446421321015805e-05,7.533223833888769e-05,358,392,383,358,0
42,N,74,0.00012334357597865164,3.8673919334542006e-05,0.00032473658211529255,7.847195229260251e-05,5.149181743036024e-05,375,384,381,375,0
42,N,75,0.00016356144624296576,4.6147590182954445e-05,0.0004728378844447434,7.573370385216549e-05,5.9526577388169244e-05,367,302,383,367,0
42,N,76,9.802124986890703e-05,3.747029404621571e-05,0.00023841671645641327,5.313551446306519e-05,6.306247814791277e-05,364,384,384,364,0
42,N,77,0.00010881543857976794,3.7046022043796256e-05,0.0002704317739699036,6.60144942230545e-05,6.176943134050816e-05,368,384,391,368,0
42,N,78,7.974117033882067e-05,3.1369636417366564e-05,0.00017644012405071408,6.915989797562361e-05,4.19950156356208e-05,363,387,377,363,0
42,N,79,0.00010147794819204137,4.369072848930955e-05,0.0002349985734326765,8.332356810569763e-05,4.389890455058776e-05,363,394,384,363,0
42,N,80,0.00014440402446780354,4.3883846956305206e-05,0.00040494746644981205,8.480274118483067e-05,4.398203600430861e-05,365,308,381,365,0
42,N,81,9.854741074377671e-05,3.2979482057271525e-05,0.0002659133751876652,6.518471491290256e-05,3.0112063541309908e-05,370,378,386,370,0
42,N,82,0.00010149262379854918,3.7560683267656714e-05,0.00025468069361522794,4.9942475015996024e-05,6.378666876116768e-05,369,379,382,369,0
42,N,83,7.691720384173095e-05,3.348458994878456e-05,0.00018859504780266434,5.370472717913799e-05,3.1884457712294534e-05,377,394,387,377,0
42,N,84,0.00010165119601879269,4.019135667476803e-05,0.0002707090461626649,5.486089867190458e-05,4.0843508031684905e-05,366,389,381,366,0
42,N,85,0.0001295853580813855,3.7110356061020866e-05,0.0003868992789648473,5.8448134950594977e-05,3.58836587111e-05,365,296,384,365,0
42,N,86,8.777378388913348e-05,5.32994199602399e-05,0.00019805565534625202,6.13143274676986e-05,3.8425729144364595e-05,368,379,376,368,0
42,N,87,0.00011605014151427895,3.636595647549257e-05,0.0003219247155357152,7.396260480163619e-05,3.194728560629301e-05,375,371,384,375,0
42,N,88,6.919680163264275e-05,4.0244602132588625e-05,0.0001367796357953921,6.0132875660201535e-05,3.963008202845231e-05,358,393,379,358,0
42,N,89,0.00013517029583454132,4.4527874706545845e-05,0.0003893420798704028,5.689351019100286e-05,4.9917729484150186e-05,368,377,383,368,0
42,N,90,9.82767523964867e-05,3.5054450563620776e-05,0.0002715357404667884,5.412520113168284e-05,3.239159195800312e-05,359,307,386,359,0
42,N,91,6.680382648482919e-05,3.1081352062756196e-05,0.000152834429172799,5.4862604883965105e-05,2.8436927095754072e-05,367,376,385,367,0
42,N,92,7.818987069185823e-05,2.822198803187348e-05,0.00018973455007653683,6.478646537289023e-05,3.0016464734217152e-05,374,385,384,374,0
42,N,93,7.174005440901965e-05,3.1989493436412886e-05,0.00015139336755964905,6.84563274262473e-05,3.5121051041642204e-05,369,390,381,369,0
42,N,94,0.00010922731598839164,3.542185004334897e-05,0.00027451213099993765,9.605444211047143e-05,3.0920848075766116e-05,359,382,378,359,0
42,N,95,7.945521792862564e-05,3.211134026059881e-05,0.00019421285833232105,6.384990410879254e-05,2.7646765374811366e-05,368,294,382,368,0
42,N,96,6.712857430102304e-05,4.173056368017569e-05,0.00014133568038232625,5.11298821948003e-05,3.43181673088111e-05,368,386,384,368,0
42,N,97,9.03156615095213e-05,3.2396150345448405e-05,0.00023149185290094465,6.380513514159247e-05,3.356947854626924e-05,370,380,377,370,0
42,N,98,6.246550765354186e-05,3.297918738098815e-05,0.00013506424147635698,5.3442043281393126e-05,2.8376582122291438e-05,365,393,388,365,0
42,N,99,8.538696420146152e-05,3.829133493127301e-05,0.0002275565202580765,4.1409864934394136e-05,3.429012213018723e-05,359,385,386,359,0
42,N,100,7.620845281053334e-05,3.093124905717559e-05,0.00019888162205461413,5.432426041807048e-05,2.0696703359135427e-05,367,299,380,367,0
42,N,101,6.477325950982049e-05,3.841492798528634e-05,0.00011691647523548454,6.366293382598087e-05,4.009871190646663e-05,371,394,380,371,0
42,N,102,7.878321048337966e-05,2.0889821826131083e-05,0.00020169820345472544,7.168940646806732e-05,2.0855406546615995e-05,364,377,377,364,0
42,N,103,6.996181036811322e-05,3.5246979678049684e-05,0.0001609652827028185,4.966758206137456e-05,3.396740066818893e-05,369,390,384,369,0
42,N,104,6.73422182444483e-05,2.8856913559138775e-05,0.00015455007087439299,5.885568316443823e-05,2.710618900891859e-05,366,385,385,366,0
42,N,105,8.947487367549911e-05,3.0078061172389425e-05,0.0002296402963111177,7.016481686150655e-05,2.801630034809932e-05,373,303,385,373,0
42,N,106,5.7418921642238274e-05,2.7398036763770506e-05,0.00010393804404884577,7.204144640127197e-05,2.6298148441128433e-05,369,384,375,369,0
42,N,107,8.1082500400953e-05,2.97317292279331e-05,0.00022376803099177778,4.373907358967699e-05,2.709117870836053e-05,369,385,388,369,0
42,N,108,6.319842213997617e-05,3.1345956813311204e-05,0.00013848480011802167,5.322505967342295e-05,2.973787923110649e-05,363,397,385,363,0
42,N,109,8.783594239503145e-05,3.898036084137857e-05,0.00019926314416807145,6.341226981021464e-05,4.9687976570567116e-05,373,388,382,373,0
42,N,110,9.720508387545124e-05,2.5930925403372385e-05,0.00027326555573381484,6.248569115996361e-05,2.7138161385664716e-05,361,303,385,361,0
42,N,111,7.729259959887713e-05,2.8465901777963154e-05,0.00014147014007903636,0.00011465048737591133,2.4583850972703658e-05,375,375,380,375,0
42,N,112,7.783400360494852e-05,2.50342782237567e-05,0.00018180781626142561,8.316322055179626e-05,2.1330717572709545e-05,376,377,381,376,0
42,N,113,5.8925441408064216e-05,2.6303758204448968e-05,0.00013135602057445794,4.8302717914339155e-05,2.9739252568106167e-05,372,391,386,372,0
42,N,114,8.254243584815413e-05,2.667460466909688e-05,0.00014331289276015013,0.00013072913861833513,2.9453096431097947e-05,371,388,380,371,0
42,N,115,7.740938599454239e-05,2.3537702872999944e-05,0.00020783171930816025,5.3492018196266145e-05,2.477607995388098e-05,368,305,378,368,0
42,N,116,7.270230707945302e-05,2.847925316018518e-05,0.00012363478890620172,0.000109554071968887,2.914111792051699e-05,373,376,384,373,0
42,N,117,7.208256283774972e-05,2.5235027351300232e-05,0.00019882195920217782,4.22664379584603e-05,2.2006817744113505e-05,373,380,390,373,0
42,N,118,5.078906542621553e-05,2.3925000277813524e-05,0.00010704054147936404,4.6235978516051546e-05,2.5954737793654203e-05,361,390,382,361,0
42,N,119,7.130112498998642e-05,2.0885559933958575e-05,0.00018004853336606175,6.328675954136997e-05,2.0983627109671943e-05,368,386,385,368,0
42,N,120,7.661493145860732e-05,2.2498139514937066e-05,0.00019566314585972577,6.329164170892909e-05,2.500680784578435e-05,367,301,385,367,0
42,N,121,4.914361488772556e-05,2.7764379410655238e-05,8.45792455947958e-05,6.149983528302982e-05,2.2731001081410795e-05,366,377,378,366,0
42,N,122,6.990668771322817e-05,3.09086826746352e-05,0.00017232706886716187,5.1074977818643674e-05,2.5316030587418936e-05,360,377,385,360,0
42,N,123,5.579135176958516e-05,2.556080653448589e-05,0.00010788830695673823,6.378246325766668e-05,2.5933844881365076e-05,361,392,391,361,0
42,N,124,6.735999340889975e-05,2.0625864635803737e-05,0.00017410841246601194,4.925183384330012e-05,2.5453871785430238e-05,363,391,375,363,0
42,N,125,8.231428364524618e-05,2.4189750547520816e-05,0.00022938470647204667,5.2318497182568535e-05,2.336416582693346e-05,368,295,383,368,0
42,N,126,4.97933870065026e-05,2.4431490601273254e-05,0.00011640373850241303,3.680674853967503e-05,2.153157038264908e-05,363,384,389,363,0
42,N,127,0.0001011449348879978,2.281892011524178e-05,0.00031108668190427125,4.333353354013525e-05,2.7340600354364142e-05,374,380,380,374,0
42,N,128,6.06885296292603e-05,1.9892928321496584e-05,0.00014788104454055429,4.9430003855377436e-05,2.5550132704665884e-05,367,385,384,367,0
42,N,129,6.17467230767943e-05,3.054899207199924e-05,0.00014316987653728575,4.3340154661564156e-05,2.9927863579359837e-05,363,393,383,363,0
42,N,130,7.874963921494782e-05,1.9919019905501045e-05,0.00021339079830795527,5.25429131812416e-05,2.9145836379029788e-05,364,303,382,364,0
42,N,131,4.9640395445749164e-05,2.4024720914894715e-05,8.289049583254382e-05,6.46438857074827e-05,2.7002473871107213e-05,369,385,384,369,0
42,N,132,6.366731395246461e-05,2.5046560040209442e-05,0.00014369297423399985,5.812636300106533e-05,2.780336217256263e-05,371,385,385,371,0
42,N,133,4.706923937192187e-05,1.8648108380148187e-05,9.285614942200482e-05,5.655301356455311e-05,2.021967520704493e-05,361,395,379,361,0
42,N,134,8.170864748535678e-05,2.3875341867096722e-05,0.00023836750187911093,4.45290825155098e-05,2.0062625480932184e-05,364,381,390,364,0
42,N,135,7.701291178818792e-05,2.2994170649326406e-05,0.0002114825911121443,5.2682247769553214e-05,2.0892664906568825e-05,370,306,389,370,0
42,N,136,6.104526983108371e-05,2.369455796724651e-05,7.851706322981045e-05,0.00011679074668791145,2.517870962037705e-05,358,384,381,358,0
42,N,137,6.313419726211578e-05,2.2594056645175442e-05,0.00011597859702305868,8.631032687844709e-05,2.765382123470772e-05,358,375,383,358,0
42,N,138,4.4686439650831744e-05,2.1147319785086438e-05,9.059833973878995e-05,4.576751962304115e-05,2.123257945640944e-05,375,393,381,375,0
42,N,139,6.610465061385185e-05,2.366282387811225e-05,0.00014413541066460311,7.060232746880502e-05,2.6018051357823424e-05,367,391,383,367,0
42,N,140,7.756684499327093e-05,1.9610726667451672e-05,0.00022421986795961857,4.093667303095572e-05,2.550011959101539e-05,364,303,384,364,0
42,N,141,4.020047708763741e-05,2.033027158176992e-05,7.195120997494087e-05,4.1301151213701814e-05,2.7219284675084054e-05,368,380,391,368,0
42,N,142,7.158718653954566e-05,1.7859565559774637e-05,0.0001909967395476997,5.66208764212206e-05,2.0871581000392325e-05,363,376,377,363,0
42,N,143,4.930154318572022e-05,2.3904962290544063e-05,9.762429544935003e-05,5.144097303855233e-05,2.4235943783423863e-05,363,393,384,363,0
42,N,144,6.027987546985969e-05,2.331567884539254e-05,0.00013818647130392492,5.685728683602065e-05,2.2760068532079458e-05,365,396,381,365,0
42,N,145,5.4989523050608113e-05,1.868937033577822e-05,0.00014431416639126837,3.946765718865208e-05,1.7486887372797355e-05,370,295,386,370,0
42,N,146,5.0453629228286445e-05,2.079019759548828e-05,0.00010705174645408988,4.537498170975596e-05,2.8597582058864646e-05,369,384,382,369,0
42,N,147,5.7703713537193835e-05,1.9124538084724918e-05,0.00014971623022574931,4.300035288906656e-05,1.8973729311255738e-05,377,381,387,377,0
42,N,148,5.3191601182334125e-05,2.0781109924428165e-05,0.00010322945308871567,6.54785253573209e-05,2.327731817786116e-05,366,398,381,366,0
42,N,149,4.949632057105191e-05,1.8777878722175956e-05,0.00012002685252809897,3.761094558285549e-05,2.1569621821981855e-05,365,386,384,365,0
42,N,150,6.421974103432149e-05,2.6925443307845853e-05,0.00013461954949889332,7.098030619090423e-05,2.4353679691557772e-05,368,306,376,368,0
42,N,151,6.856269465060905e-05,2.083348408632446e-05,0.00018582373741082847,4.67806494270917e-05,2.0812909497180954e-05,375,389,384,375,0
42,N,152,5.935482477070764e-05,2.0938576199114323e-05,0.00014366931281983852,4.732361048809253e-05,2.5487799575785175e-05,358,375,379,358,0
42,N,153,6.243805546546355e-05,2.241434958705213e-05,7.647425081813708e-05,0.00012179687473690137,2.9066741262795404e-05,368,394,383,368,0
42,N,154,6.626154208788648e-05,1.8447672118782066e-05,0.0001813601265894249,4.357787474873476e-05,2.1660493075614795e-05,359,383,386,359,0
42,N,155,5.6792570831021294e-05,2.0339999537100084e-05,0.0001457239268347621,4.104397521587089e-05,2.0062396288267337e-05,367,301,385,367,0
42,N,156,4.810979953617789e-05,1.7682152247289196e-05,8.381591032957658e-05,7.021040073595941e-05,2.0730729374918155e-05,374,376,384,374,0
42,N,157,6.288422446232289e-05,1.7644533727434464e-05,0.00015881804574746639,5.299316035234369e-05,2.208116347901523e-05,369,380,381,369,0
42,N,158,4.63232645415701e-05,2.0582583601935767e-05,7.642666605534032e-05,6.583845242857933e-05,2.244535426143557e-05,359,397,378,359,0
42,N,159,5.164100366528146e-05,1.9047427485929802e-05,0.00011500340769998729,5.287176827550866e-05,1.9641423932625912e-05,368,391,382,368,0
42,N,160,6.285726703936234e-05,2.289294388901908e-05,0.0001583196863066405,4.564368282444775e-05,2.457275149936322e-05,368,299,384,368,0
42,N,161,5.056204099673778e-05,1.9861692635458894e-05,9.286407293984666e-05,6.459996075136587e-05,2.4922434022300877e-05,370,381,377,370,0
42,N,162,5.667705772793852e-05,2.036474870692473e-05,0.00014027646102476865,4.375820208224468e-05,2.2308810002868995e-05,365,383,388,365,0
42,N,163,3.810893031186424e-05,2.313844561285805e-05,6.805569864809513e-05,3.51570088241715e-05,2.6084569981321692e-05,359,395,386,359,0
42,N,164,6.219029455678537e-05,1.874862573458813e-05,0.00016507561667822301,4.8766763939056545e-05,1.6170166418305598e-05,367,379,380,367,0
42,N,165,5.182848690310493e-05,2.1201756680966355e-05,0.0001137371946242638,4.66349592898041e-05,2.5740037017385475e-05,371,300,380,371,0
42,N,166,3.256362469983287e-05,1.4803743397351354e-05,6.015664621372707e-05,3.926943463739008e-05,1.6024665455915965e-05,364,385,377,364,0
42,N,167,4.7513698518741876e-05,2.2421487301471643e-05,0.00010635892249410972,3.526531145325862e-05,2.600907282612752e-05,369,376,384,369,0
42,N,168,3.9313705201493576e-05,1.88598260137951e-05,6.94936461513862e-05,4.859111868427135e-05,2.031022268056404e-05,366,393,385,366,0
42,N,169,5.9865618823096156e-05,1.9813196558970958e-05,0.00015964836347848177,3.865839244099334e-05,2.1342530089896172e-05,373,387,385,373,0
42,N,170,5.5418418924091384e-05,1.7639003999647684e-05,0.00014445549459196627,3.948243102058768e-05,2.0096744265174493e-05,369,307,375,369,0
42,N,171,3.176202517352067e-05,1.9536206309567206e-05,5.238602898316458e-05,3.4025310014840215e-05,2.1100559024489485e-05,369,388,388,369,0
42,N,172,5.1338090997887775e-05,2.0386034520925023e-05,0.00010650023614289239,5.5821819842094555e-05,2.2644275304628536e-05,363,385,385,363,0
42,N,173,4.190999607089907e-05,2.5649360395618714e-05,6.0715294239344075e-05,4.316378908697516e-05,3.811153874266893e-05,373,400,382,373,0
42,N,174,6.394847150659189e-05,1.8573879060568288e-05,0.00016610152670182288,4.9992220738204196e-05,2.1126255887793377e-05,361,389,385,361,0
42,N,175,4.9195474275620654e-05,1.9840870663756505e-05,0.00010715015378082171,5.123703522258438e-05,1.8553841073298827e-05,375,311,380,375,0
42,N,176,4.007161987829022e-05,1.805901774787344e-05,7.314829417737201e-05,5.255433279671706e-05,1.652483842917718e-05,376,375,381,376,0
42,N,177,4.973016621079296e-05,1.8240778445033357e-05,0.00012250375584699214,3.6238230677554384e-05,2.193789987359196e-05,372,381,386,372,0
42,N,178,4.211205305182375e-05,1.915542088681832e-05,7.446423842338845e-05,5.280316690914333e-05,2.2025382349966094e-05,371,399,380,371,0
42,N,179,7.471437129424885e-05,1.6527555999346077e-05,0.00022198705119080842,4.165683640167117e-05,1.86860252142651e-05,368,382,378,368,0
42,N,180,5.589555075857788e-05,2.07057692023227e-05,0.00012472864182200283,5.581249206443317e-05,2.2335305402521044e-05,373,304,384,373,0
42,N,181,3.516886863508262e-05,1.849769068940077e-05,6.950111855985597e-05,3.5524328268365934e-05,1.7152342479676008e-05,373,372,390,373,0
42,N,182,5.053490531281568e-05,1.6755182514316402e-05,0.00012471576337702572,4.121286838199012e-05,1.9455810615909286e-05,361,382,382,361,0
42,N,183,3.416313120396808e-05,1.542512654850725e-05,5.9059340856038034e-05,4.597392398864031e-05,1.6194142517633736e-05,368,388,385,368,0
42,N,184,5.910284380661324e-05,1.619290378584992e-05,0.0001594989444129169,4.172929402557202e-05,1.8990240278071724e-05,367,387,385,367,0
42,N,185,4.900354178971611e-05,1.9808414435829036e-05,0.00010295944957761094,5.589898137259297e-05,1.7347323591820896e-05,366,299,378,366,0
42,N,186,3.131890480290167e-05,2.1179061150178313e-05,4.76399072795175e-05,3.691359961521812e-05,1.954305116669275e-05,360,383,385,360,0
42,N,187,5.708008029614575e-05,1.7724756617099047e-05,0.000151741347508505,3.90640452678781e-05,1.9790166334132664e-05,361,374,391,361,0
42,N,188,4.6512002882082015e-05,1.5468860510736704e-05,8.1767444498837e-05,6.994355499045923e-05,1.8868153347284533e-05,363,384,375,363,0
42,N,189,6.0387184930732474e-05,1.714860809443053e-05,0.00016914283332880586,3.7626454286510125e-05,1.7630853108130395e-05,368,388,383,368,0
42,N,190,4.237961911712773e-05,1.804541352612432e-05,0.00010162017133552581,3.317361552035436e-05,1.667927972448524e-05,363,302,389,363,0
42,N,191,3.508151712594554e-05,1.6473833966301754e-05,6.412836955860257e-05,4.091148730367422e-05,1.8812383132171817e-05,374,382,380,374,0
42,N,192,5.228794543654658e-05,1.5554505807813257e-05,0.00013566220877692103,3.9311067666858435e-05,1.8623990399646573e-05,367,382,384,367,0
42,N,193,4.0678976802155375e-05,2.17213873838773e-05,7.352634565904737e-05,4.564911432680674e-05,2.181905620091129e-05,363,385,383,363,0
42,N,194,7.045159873086959e-05,1.5097214600245934e-05,0.00019624062406364828,5.0595219363458455e-05,1.9873317796736956e-05,364,380,382,364,0
42,N,195,4.985763371223584e-05,1.8444792658556253e-05,0.0001197669334942475,4.168139639659785e-05,1.953740320459474e-05,369,304,384,369,0
42,N,196,3.755443322006613e-05,1.875598718470428e-05,6.996986485319212e-05,4.177296796115115e-05,1.971891470020637e-05,371,384,385,371,0
42,N,197,4.002634159405716e-05,1.50947344081942e-05,9.174818842438981e-05,3.7774847442051396e-05,1.5487590644625016e-05,361,382,379,361,0
42,N,198,3.069606827921234e-05,1.8671058569452725e-05,5.348834383767098e-05,3.5312627005623654e-05,1.53122418851126e-05,364,394,390,364,0
42,N,199,4.119775985600427e-05,1.7970087355934083e-05,9.703302202979103e-05,3.402542643016204e-05,1.5762498151161708e-05,370,383,389,370,0
42,N,200,4.21723561885301e-05,1.7992899302043952e-05,8.996874385047704e-05,4.224501026328653e-05,1.848278407123871e-05,358,307,381,358,0
42,F,1,0.03141775727272034,0.0003414663951843977,8.238197915488854e-05,4.94065425300505e-05,0.12519776821136475,363,380,383,363,0
42,F,2,0.017502421513199806,0.00027689963462762535,0.0002424537087790668,0.00019764470926020294,0.06929268687963486,364,384,382,364,0
42,F,3,0.005913362372666597,0.000727430684491992,0.00010374173143645748,0.0017082961276173592,0.021113980561494827,369,392,384,369,0
42,F,4,0.0022905764635652304,0.0015288401627913117,0.0004003427748102695,0.005064160563051701,0.0021689620334655046,371,388,385,371,0
42,F,5,0.0013012143317610025,0.001319945091381669,0.00019647437147796154,0.002869704505428672,0.000818733184132725,361,304,379,361,0
42,F,6,0.0020880866795778275,0.0016625812277197838,9.86981758615002e-05,0.0056079416535794735,0.0009831255301833153,364,381,390,364,0
42,F,7,0.0026539494283497334,0.0009802253916859627,0.0045109582133591175,0.003831967245787382,0.0012926465133205056,370,374,389,370,0
42,F,8,0.000786807737313211,0.0011032946640625596,0.0001273882226087153,0.0014225270133465528,0.000494021107442677,358,385,381,358,0
42,F,9,0.0008497100789099932,0.0011398060014471412,0.0005266204825602472,0.0008168346830643713,0.0009155792067758739,358,386,383,358,0
42,F,10,0.0017751374980434775,0.0007861907361075282,0.0002946654276456684,0.0012113734846934676,0.004808320198208094,375,306,381,375,0
42,F,11,0.0008923870045691729,0.0005364500684663653,0.00013437475718092173,0.0004099512589164078,0.0024887719191610813,367,380,383,367,0
42,F,12,0.0005226277280598879,0.0003743912966456264,0.0002599730796646327,0.0003463535977061838,0.001109793083742261,364,385,384,364,0
42,F,13,0.0003296757931821048,0.0002680675243027508,0.00026025326224043965,0.0003769030445255339,0.0004134793998673558,368,390,391,368,0
42,F,14,0.0003139186301268637,0.0001838529424276203,0.00047040474601089954,0.0004867055977229029,0.00011471123434603214,363,384,377,363,0
42,F,15,0.0005109678604640067,0.00022506274399347603,0.0003100275935139507,0.0006576405721716583,0.0008511405903846025,363,300,384,363,0
42,F,16,0.00039700279012322426,0.0002323535009054467,0.00044439698103815317,0.0006260196678340435,0.00028524111257866025,365,386,381,365,0
42,F,17,0.00029251480009406805,0.00011641586752375588,0.00043350536725483835,0.0004971632151864469,0.00012297469947952777,370,386,386,370,0
42,F,18,0.0005338469054549932,0.00011692694533849135,0.0006966055952943861,0.0012538033770397305,6.805170414736494e-05,369,389,382,369,0
42,F,19,0.00033738050842657685,9.345898433821276e-05,0.0005886529106646776,0.0006269406876526773,4.0469400119036436e-05,377,385,387,377,0
42,F,20,0.0006459139403887093,8.588837954448536e-05,0.0012463305611163378,0.001209023641422391,4.241314672981389e-05,366,308,381,366,0
42,F,21,0.0002213054831372574,7.656538946321234e-05,0.00026425631949678063,0.0005017932853661478,4.2606916395016015e-05,365,383,384,365,0
42,F,22,0.00027735851472243667,0.00010491790453670546,0.00047014508163556457,0.00048142936429940164,5.294170478009619e-05,368,389,376,368,0
42,F,23,0.00040458067087456584,6.665394175797701e-05,0.0012479020515456796,0.0002582106681074947,4.555596751742996e-05,375,396,384,375,0
42,F,24,0.00039780279621481895,8.584978058934212e-05,0.0010837203590199351,0.0003697990032378584,5.184202382224612e-05,358,383,379,358,0
42,F,25,0.0002378786011831835,8.549898484488949e-05,0.00032677844865247607,0.0005044448771513999,3.479204679024406e-05,368,307,383,368,0
42,F,26,0.000535005412530154,8.324004738824442e-05,0.0017489350866526365,0.0002643199695739895,4.352643372840248e-05,359,378,386,359,0
42,F,27,0.0002172870736103505,6.572384882019833e-05,0.0005205163615755737,0.00023719728051219136,4.5710850827163085e-05,367,372,385,367,0
42,F,28,0.0001889760751510039,6.869735807413235e-05,0.0003269617445766926,0.00031412162934429944,4.612357952282764e-05,374,390,384,374,0
42,F,29,0.003038364462554455,7.55784785724245e-05,0.011809580959379673,0.00023437304480466992,3.392543658264913e-05,369,379,381,369,0
42,F,30,0.0001856269227573648,9.632648288970813e-05,0.0003691842721309513,0.00023462550598196685,4.2371382733108476e-05,359,304,378,359,0
42,F,31,0.00018509755318518728,8.652555698063225e-05,0.00045210833195596933,0.0001638370449654758,3.791926792473532e-05,368,372,382,368,0
42,F,32,0.0015914535615593195,0.00013477561878971756,0.005954545922577381,0.00023607449838891625,4.041844658786431e-05,368,383,384,368,0
42,F,33,0.0007084884564392269,0.00011913901107618585,0.0025067131500691175,0.00016532909648958594,4.277262632967904e-05,370,381,377,370,0
42,F,34,0.0005967229953967035,9.59749158937484e-05,0.0020252831745892763,0.00021897736587561667,4.665653978008777e-05,365,389,388,365,0
42,F,35,0.00024321279488503933,0.00015448397607542574,0.0005958519759587944,0.00018049900245387107,4.2016239603981376e-05,359,301,386,359,0
42,F,36,0.0002072011848213151,0.0001642710412852466,0.0004337652353569865,0.00019367480126675218,3.709366501425393e-05,367,372,380,367,0
42,F,37,0.00026510964380577207,0.00021156614820938557,0.0005800078506581485,0.00018105712661053985,8.780743519309908e-05,371,375,380,371,0
42,F,38,0.0002526305615901947,0.00023588663316331804,0.0004829931422136724,0.0002543983282521367,3.724418638739735e-05,364,389,377,364,0
42,F,39,0.0010893825674429536,0.00030922130099497736,0.003750883275642991,0.00022777169942855835,6.965394277358428e-05,369,395,384,369,0
42,F,40,0.0002456010552123189,0.0003815750824287534,0.0003390178899280727,0.00021142090554349124,5.039034294895828e-05,366,295,385,366,0
42,F,41,0.0004788840305991471,0.001199245685711503,0.00038896952173672616,0.0002588008646853268,6.852000660728663e-05,373,374,385,373,0
42,F,42,0.002790414961054921,0.002483431249856949,0.008424085564911366,0.00021352390467654914,4.0618422644911334e-05,369,388,375,369,0
42,F,43,0.00019928326946683228,0.0002521660062484443,0.0003387837205082178,0.00016986376431304961,3.631963045336306e-05,369,394,388,369,0
42,F,44,0.0002996179391629994,0.00013646525621879846,0.000744519813451916,0.00019693908689077944,0.00012054760009050369,363,385,385,363,0
42,F,45,0.0004864342918153852,0.0010469495318830013,0.0006915294798091054,0.00014908793673384935,5.817019700771198e-05,373,297,382,373,0
42,F,46,0.0001237576943822205,0.00010802445467561483,0.0001857845054473728,0.00015305497800000012,4.8166868509724736e-05,361,388,385,361,0
42,F,47,0.00020509424211923033,0.00011822469969047233,0.0004084074462298304,0.00021098795696161687,8.275692380266264e-05,375,383,380,375,0
42,F,48,0.0004070900322403759,0.00013709896302316338,0.001260173972696066,0.00016071552818175405,7.037167233647779e-05,376,392,381,376,0
42,F,49,0.00034298980608582497,0.00012209644773975015,0.0007490975549444556,0.00016544002573937178,0.0003353252250235528,372,383,386,372,0
42,F,50,0.009175393730401993,0.00011241689935559407,0.0002339209313504398,0.03623717278242111,0.00011806671682279557,371,310,380,371,0
42,F,51,0.00020800808852072805,0.00021414400544017553,0.0003039957082364708,0.000188462421647273,0.00012543021875899285,368,384,378,368,0
42,F,52,0.0005269576795399189,0.00021964209736324847,0.0015638788463547826,0.0002078371326206252,0.00011647264909697697,373,382,384,373,0
42,F,53,0.00029510282911360264,0.0002915158402174711,0.0005316733731888235,0.00027703630621545017,8.018580410862342e-05,373,389,390,373,0
42,F,54,0.0016491498099640012,0.0005623525939881802,0.005619276314973831,0.0003443527966737747,7.061763608362526e-05,361,385,382,361,0
42,F,55,0.0007971075247041881,0.00038116821087896824,0.002094424096867442,0.0006769639439880848,3.5873767046723515e-05,368,297,385,368,0
42,F,56,0.00040404187166132033,0.0002959296980407089,0.0006591195124201477,0.0005974509404040873,6.366747402353212e-05,367,379,385,367,0
42,F,57,0.0009248682181350887,0.0003913717227987945,0.002167989034205675,0.0010564295807853341,8.368244743905962e-05,366,378,378,366,0
42,F,58,0.0005103670991957188,0.0005708507960662246,0.0010862158378586173,0.00033978946157731116,4.461220305529423e-05,360,393,385,360,0
42,F,59,0.0006951543036848307,0.0004875577287748456,0.0017354772426187992,0.0005102631985209882,4.731921944767237e-05,361,384,391,361,0
42,F,60,0.00040419731521978974,0.0003324126300867647,0.0005619919393211603,0.0006683770916424692,5.400757436291315e-05,363,299,375,363,0
42,F,61,0.00024115576525218785,0.0002764309465419501,0.0002451315231155604,0.0003974500868935138,4.561044625006616e-05,368,386,383,368,0
42,F,62,0.0006493089022114873,0.0003121489135082811,0.001986871939152479,0.00023642031010240316,6.179455522214994e-05,363,376,389,363,0
42,F,63,0.0002397500938968733,0.00012892542872577906,0.00042689923429861665,0.00034173624590039253,6.14394448348321e-05,374,387,380,374,0
42,F,64,0.0005881825345568359,0.0001769757509464398,0.0018329377053305507,0.00028496552840806544,5.785099710919894e-05,367,383,384,367,0
42,F,65,0.00032540157553739846,0.00020096052321605384,0.0005764973466284573,0.0004208348982501775,0.00010331360681448132,363,303,383,363,0
42,F,66,0.00022095581516623497,0.00017825198301579803,0.0003339883405715227,0.00024914441746659577,0.00012243856326676905,364,387,382,364,0
42,F,67,0.00044413303839974105,0.0001756661367835477,0.00129592081066221,0.00025286281015723944,5.208231959841214e-05,369,371,384,369,0
42,F,68,0.00018541075405664742,0.00013092784502077848,0.0002680380712263286,0.00028024971834383905,6.24273598077707e-05,371,398,385,371,0
42,F,69,0.0004922749940305948,0.00020230522204656154,0.00136036635376513,0.0002995061513502151,0.00010692227078834549,361,385,379,361,0
42,F,70,0.00022905653167981654,0.00011962569988099858,0.00047705930774100125,0.00022679170069750398,9.274941112380475e-05,364,295,390,364,0
42,F,71,0.0001832602865761146,8.517649985151365e-05,0.00020142027642577887,0.0003480514860711992,9.839288395596668e-05,370,384,389,370,0
42,F,72,0.0002940878039225936,0.00010158885561395437,0.0007797650177963078,0.0002337681216886267,6.122924241935834e-05,358,376,381,358,0
42,F,73,0.00021808783640153706,0.00014032881881576031,0.00041489486466161907,0.00019443602650426328,0.00012269163562450558,358,392,383,358,0
42,F,74,0.0003484745102468878,8.211978274630383e-05,0.001011447049677372,0.00022005746723152697,8.027370495256037e-05,375,384,381,375,0
42,F,75,0.0002308883413206786,0.00020030948508065194,0.00032237020786851645,0.00021524849580600858,0.00018562519107945263,367,302,383,367,0
42,F,76,0.00016969723219517618,0.00011325267405482009,0.0002820254012476653,0.00016588963626418263,0.00011762118811020628,364,384,384,364,0
42,F,77,0.00030141809838823974,0.00011674079723889008,0.0008347526309080422,0.00017163302982226014,8.2545964687597e-05,368,384,391,368,0
42,F,78,0.0001770445960573852,0.00013742984447162598,0.0003077525179833174,0.00019730886560864747,6.568711251020432e-05,363,387,377,363,0
42,F,79,0.0002721145283430815,0.00013691447384189814,0.0005358550697565079,0.0002721926139201969,0.0001434959121979773,363,394,384,363,0
42,F,80,0.00021353838383220136,9.965633216779679e-05,0.00038519586087204516,0.00029958569211885333,6.971568654989824e-05,365,308,381,365,0
42,F,81,0.00015801344125065953,8.292936399811879e-05,0.0002707221428863704,0.00016614547348581254,0.00011225677008042112,370,378,386,370,0
42,F,82,0.00021880924759898335,9.805182344280183e-05,0.0005168993957340717,0.00018127406656276435,7.90116610005498e-05,369,379,382,369,0
42,F,83,0.00013596004282590002,7.174856000347063e-05,0.0002583210007287562,0.00015198577602859586,6.17847908870317e-05,377,394,387,377,0
42,F,84,0.0002560664142947644,7.934428140288219e-05,0.0006499892915599048,0.00022586231352761388,6.906974158482626e-05,366,389,381,366,0
42,F,85,0.00022901961347088218,7.651123451068997e-05,0.000611456751357764,0.00017101195408031344,5.709852484869771e-05,365,296,384,365,0
42,F,86,0.00021507294150069356,0.00011148846533615142,0.0005147314514033496,0.00014045949501451105,9.361236152471974e-05,368,379,376,368,0
42,F,87,0.00033571801031939685,7.894902228144929e-05,0.0009912236128002405,0.00016349978977814317,0.00010919955093413591,375,371,384,375,0
42,F,88,0.00022632926993537694,9.433605737285689e-05,0.0005329198320396245,0.0001946353877428919,8.342586079379544e-05,358,393,379,358,0
42,F,89,0.0002642057661432773,8.389550930587575e-05,0.000752695370465517,0.000158179784193635,6.205244426382706e-05,368,377,383,368,0
42,F,90,0.00013354208203963935,8.311192505061626e-05,0.0002603981411084533,0.00012068323121638969,6.997502350714058e-05,359,307,386,359,0
42,F,91,0.0001590927568031475,8.712548878975213e-05,0.00030311261070892215,0.00015795847866684198,8.817441266728565e-05,367,376,385,367,0
42,F,92,0.00019799298024736345,6.370215851347893e-05,0.0004846130032092333,0.00016565019905101508,7.800654566381127e-05,374,385,384,374,0
42,F,93,0.0001806270593078807,7.810862734913826e-05,0.0003484180197119713,0.0002037010999629274,9.228049020748585e-05,369,390,381,369,0
42,F,94,0.00021629687398672104,9.884710016194731e-05,0.0004357298603281379,0.00025995777104981244,7.065278623485938e-05,359,382,378,359,0
42,F,95,0.0001576118083903566,8.128635090542957e-05,0.0002985105093102902,0.00015921375597827137,9.143662464339286e-05,368,294,382,368,0
42,F,96,0.00011345626262482256,8.72293021529913e-05,0.00014916645886842161,0.00015853065997362137,5.889864041819237e-05,368,386,384,368,0
42,F,97,0.00020164340094197541,6.954644777579233e-05,0.0004838585446123034,0.0001973707985598594,5.579783100984059e-05,370,380,377,370,0
42,F,98,0.00011659221490845084,7.152710168156773e-05,0.0001865827216533944,0.00012182395585114136,8.643508044769987e-05,365,393,388,365,0
42,F,99,0.0002385742263868451,0.00010155784548260272,0.0006661562947556376,0.00013699773990083486,4.958507634000853e-05,359,385,386,359,0
42,F,100,0.00015340909885708243,7.020579505478963e-05,0.0003714323684107512,0.0001265555911231786,4.5442659029504284e-05,367,299,380,367,0
42,F,101,0.00012438016710802913,6.979227327974513e-05,0.00015337037621065974,0.00022630213061347604,4.805592470802367e-05,371,394,380,371,0
42,F,102,0.00018067080236505717,6.522681360365823e-05,0.0004012316348962486,0.00021657513570971787,3.964959250879474e-05,364,377,377,364,0
42,F,103,0.0001527536369394511,9.395631059305742e-05,0.00032962116529233754,0.0001253545779036358,6.208246486494318e-05,369,390,384,369,0
42,F,104,0.00019466891535557806,8.86913258000277e-05,0.0004897216567769647,0.00014946633018553257,5.07963850395754e-05,366,385,385,366,0
42,F,105,0.0001584647106938064,7.69234320614487e-05,0.00032146673765964806,0.00018391430785413831,5.155433245818131e-05,373,303,385,373,0
42,F,106,0.00013090430002193898,7.61393312131986e-05,0.00018894187815021724,0.00021547438518609852,4.306159826228395e-05,369,384,375,369,0
42,F,107,0.00019983646052423865,7.599126547574997e-05,0.000563834619242698,0.00011332456779200584,4.619542232831009e-05,369,385,388,369,0
42,F,108,0.00013489770935848355,0.00010267017205478624,0.00022033005370758474,0.0001434254227206111,7.316517439903691e-05,363,397,385,363,0
42,F,109,0.0001628760655876249,0.00010384857159806415,0.0003299470408819616,0.0001665944728301838,5.111419886816293e-05,373,388,382,373,0
42,F,110,0.00015097066352609545,8.094060467556119e-05,0.0003216831828467548,0.00014168820052873343,5.957063694950193e-05,361,303,385,361,0
42,F,111,0.00011738179455278441,8.246132347267121e-05,0.00018030528735835105,0.00016211783804465085,4.464274752535857e-05,375,375,380,375,0
42,F,112,0.0002039917017100379,7.076687325024977e-05,0.0005580626311711967,0.00014197902055457234,4.515826003625989e-05,376,377,381,376,0
42,F,113,0.00013176939683035016,8.661316678626463e-05,0.00022101611830294132,0.00015948398504406214,5.996429536025971e-05,372,391,386,372,0
42,F,114,0.00018560873286332935,7.630978507222608e-05,0.0004440957272890955,0.0001760107115842402,4.601870750775561e-05,371,388,380,371,0
42,F,115,0.00010156265489058569,8.346825779881328e-05,0.00016595845227129757,0.00011468150478322059,4.214244108879939e-05,368,305,378,368,0
42,F,116,0.00012017569679301232,8.352944132639095e-05,0.0001963240938493982,0.00014773537986911833,5.311386485118419e-05,373,376,384,373,0
42,F,117,0.00016748515190556645,7.608297892147675e-05,0.0004406686930451542,0.00010963687964249402,4.355206328909844e-05,373,380,390,373,0
42,F,118,0.00012914779654238373,8.581708971178159e-05,0.0002831905731000006,0.00010558535723248497,4.1998166125267744e-05,361,390,382,361,0
42,F,119,0.00012913919636048377,5.597688505076803e-05,0.0002984250895678997,0.00011826110858237371,4.389372043078765e-05,368,386,385,368,0
42,F,120,0.00010746900807134807,7.644027937203646e-05,0.00018402298155706376,0.00012815982336178422,4.125293344259262e-05,367,301,385,367,0
42,F,121,0.00012025106843793765,8.859232912072912e-05,0.00017178943380713463,0.0001611728366697207,5.944966324022971e-05,366,377,378,366,0
42,F,122,0.00019599309598561376,9.514985140413046e-05,0.00048197709838859737,0.00014571424981113523,6.113114795880392e-05,360,377,385,360,0
42,F,123,0.00010781614400912076,8.34476450108923e-05,0.0001710231590550393,0.0001234651281265542,5.332862929208204e-05,361,392,391,361,0
42,F,124,0.00013627062435261905,7.083058881107718e-05,0.00027502593002282083,0.00013643267448060215,6.27932749921456e-05,363,391,375,363,0
42,F,125,0.00015845851157791913,7.427677337545902e-05,0.0003756596124731004,0.00014105391164775938,4.2843763367272913e-05,368,295,383,368,0
42,F,126,9.615473391022533e-05,8.303367212647572e-05,0.00014035434287507087,8.801079820841551e-05,7.322010060306638e-05,363,384,389,363,0
42,F,127,0.00014384675887413323,5.498678729054518e-05,0.0003477997670415789,0.0001258345291716978,4.6765973820583895e-05,374,380,380,374,0
42,F,128,0.00010576889326330274,5.752210199716501e-05,0.0001966019772225991,0.00012789381435140967,4.1057661292143166e-05,367,385,384,367,0
42,F,129,0.00012814653746318072,0.00010990683949785307,0.000202914176043123,0.00012371974298730493,7.604540587635711e-05,363,393,383,363,0
42,F,130,0.00011901660036528483,7.343621109612286e-05,0.0002424871054245159,0.00012198386684758589,3.8159236282808706e-05,364,303,382,364,0
42,F,131,0.00010181868856307119,7.307489431696013e-05,0.00014484075654763728,0.00014860759256407619,4.075150718563236e-05,369,385,384,369,0
42,F,132,0.00012987790978513658,7.44063436286524e-05,0.00022242106206249446,0.00018763072148431093,3.505353015498258e-05,371,385,385,371,0
42,F,133,0.00010344675683882087,7.354658009717241e-05,0.00017154967645183206,0.00012597815657500178,4.2712603317340836e-05,361,395,379,361,0
42,F,134,0.00016230832261499017,8.820286166155711e-05,0.00040427781641483307,9.95836962829344e-05,5.716886880691163e-05,364,381,390,364,0
42,F,135,0.0001331519742961973,5.587821578956209e-05,0.00029756673029623926,0.00012593787687364966,5.32250851392746e-05,370,306,389,370,0
42,F,136,0.00011790324788307771,7.578276563435793e-05,0.00011428254219936207,0.0002491349296178669,3.24127686326392e-05,358,384,381,358,0
42,F,137,0.00014522163837682456,8.093503856798634e-05,0.000252915924647823,0.00020988172036595643,3.715389175340533e-05,358,375,383,358,0
42,F,138,0.00010085342364618555,5.709641118301079e-05,0.0001976704952539876,0.00011495995568111539,3.368683974258602e-05,375,393,381,375,0
42,F,139,0.00013517001934815198,9.937746654031798e-05,0.0002312693977728486,0.0001594570785528049,5.05761090607848e-05,367,391,383,367,0
42,F,140,0.0004656622186303139,7.086437835823745e-05,0.0016440646722912788,9.830493945628405e-05,4.941496081301011e-05,364,303,384,364,0
42,F,141,8.879990491550416e-05,6.725755520164967e-05,0.00014527302118949592,0.00010582777758827433,3.684124385472387e-05,368,380,391,368,0
42,F,142,0.00011534637451404706,6.757216033292934e-05,0.00022978712513577193,0.00013005048094782978,3.3975724363699555e-05,363,376,377,363,0
42,F,143,0.00010185434075538069,7.852527050999925e-05,0.0001406566152581945,0.00013346954074222594,5.47659547009971e-05,363,393,384,363,0
42,F,144,0.00011268667003605515,7.241242565214634e-05,0.00021456644753925502,0.00013176344509702176,3.200437276973389e-05,365,396,381,365,0
42,F,145,0.00012066813360434026,5.5202635849127546e-05,0.00027832621708512306,9.550200775265694e-05,5.3641662816517055e-05,370,295,386,370,0
42,F,146,0.00010349272633902729,6.247050623642281e-05,0.00015194789739325643,0.00012359103129711002,7.59614777052775e-05,369,384,382,369,0
42,F,147,0.00011242088658036664,5.032031185692176e-05,0.00026651236112229526,9.983576455852017e-05,3.301509059383534e-05,377,381,387,377,0
42,F,148,0.0001286709593841806,5.6535311159677804e-05,0.0002345813118154183,0.00018563999037723988,3.7927220546407625e-05,366,398,381,366,0
42,F,149,0.0001210756745422259,4.959566649631597e-05,0.00026839040219783783,0.00012417155085131526,4.2145096813328564e-05,365,386,384,365,0
42,F,150,0.0001178543534479104,7.623551209690049e-05,0.00021480914438143373,0.00013489392586052418,4.547884964267723e-05,368,306,376,368,0
42,F,151,0.00010595186904538423,5.44507238373626e-05,0.00020138923719059676,0.00010690758790588006,6.105992360971868e-05,375,389,384,375,0
42,F,152,0.00013424793723970652,6.0563361330423504e-05,0.0002370755682932213,0.00010758863209048286,0.0001317641872446984,358,375,379,358,0
42,F,153,0.00010447381646372378,5.672745101037435e-05,0.00016415482969023287,0.00015861348947510123,3.83994665753562e-05,368,394,383,368,0
42,F,154,0.00013324305473361164,5.5150376283563673e-05,0.00033834035275503993,0.00010166885476792231,3.7812602386111394e-05,359,383,386,359,0
42,F,155,0.00011761693895095959,6.17913538007997e-05,0.0002713420835789293,9.498469444224611e-05,4.2349616705905646e-05,367,301,385,367,0
42,F,156,0.00012011769285891205,4.5624390622833744e-05,0.00012598968169186264,0.000137448325403966,0.00017140839190687984,374,376,384,374,0
42,F,157,0.00014518665557261556,5.463642082759179e-05,0.0003568759129848331,0.00012553328997455537,4.370097667560913e-05,369,380,381,369,0
42,F,158,0.00010278645640937611,7.096252375049517e-05,0.00015711422020103782,0.00014484043640550226,3.822866710834205e-05,359,397,378,359,0
42,F,159,0.00010230761108687147,5.950778358965181e-05,0.00020102756388951093,0.00010813563130795956,4.055946919834241e-05,368,391,382,368,0
42,F,160,0.00011962850840063766,5.892893022974022e-05,0.00022077637549955398,0.000106004998087883,9.280374069930986e-05,368,299,384,368,0
42,F,161,9.334622882306576e-05,5.052717824582942e-05,0.0001379941386403516,0.00013219738320913166,5.266622974886559e-05,370,381,377,370,0
42,F,162,0.00011981392162851989,5.232238254393451e-05,0.0002221660251962021,0.00011589789937715977,8.886936120688915e-05,365,383,388,365,0
42,F,163,9.582653001416475e-05,6.63430619169958e-05,0.0001593338092789054,9.865119500318542e-05,5.8978068409487605e-05,359,395,386,359,0
42,F,164,0.00010819460294442251,4.9813566874945536e-05,0.0002242697519250214,0.00011096728849224746,4.772781176143326e-05,367,379,380,367,0
42,F,165,0.00010186550207436085,4.877920218859799e-05,0.0001836432347772643,0.0001311546948272735,4.3884872866328806e-05,371,300,380,371,0
42,F,166,7.927928527351469e-05,4.329229341237806e-05,0.00012309585872571915,0.00011621050362009555,3.451849624980241e-05,364,385,377,364,0
42,F,167,0.00011642520257737488,6.64808540022932e-05,0.0002531120553612709,9.050629887497053e-05,5.5601587519049644e-05,369,376,384,369,0
42,F,168,8.454878843622282e-05,6.15828757872805e-05,0.00013347638014238328,0.0001048076301231049,3.83282640541438e-05,366,393,385,366,0
42,F,169,9.790819603949785e-05,5.225433415034786e-05,0.0001949455327121541,0.0001057205445249565,3.871238368446939e-05,373,387,385,373,0
42,F,170,9.51046240516007e-05,5.2678220527013764e-05,0.00018000983982346952,0.00010959033534163609,3.8140111428219825e-05,369,307,375,369,0
42,F,171,7.260395068442449e-05,4.894960147794336e-05,0.0001126985953305848,9.349345054943115e-05,3.527416265569627e-05,369,388,388,369,0
42,F,172,9.751539619173855e-05,6.663599197054282e-05,0.00016864159260876477,0.0001102706664823927,4.451335917110555e-05,363,385,385,363,0
42,F,173,9.103387856157497e-05,6.615104211959988e-05,0.0001474122836953029,0.00011269299284322187,3.7879184674238786e-05,373,400,382,373,0
42,F,174,0.00013940023200120777,5.134102320880629e-05,0.000302398344501853,0.00010474703594809398,9.911449888022617e-05,361,389,385,361,0
42,F,175,0.00014983172877691686,5.767016773461364e-05,0.0004027957911603153,0.000106073945062235,3.278696021880023e-05,375,311,380,375,0
42,F,176,7.983430259628221e-05,4.548842116491869e-05,0.00012145761866122484,0.000113939109724015,3.845207902486436e-05,376,375,381,376,0
42,F,177,0.00010059588385047391,5.793544551124796e-05,0.00019698073447216302,0.00010632653720676899,4.114081457373686e-05,372,381,386,372,0
42,F,178,8.984895248431712e-05,5.177623825147748e-05,0.00014860204828437418,0.00011940515832975507,3.961235051974654e-05,371,399,380,371,0
42,F,179,0.00011539005936356261,5.340869756764732e-05,0.00027031914214603603,9.467723430134356e-05,4.315517071518116e-05,368,382,378,368,0
42,F,180,9.762716945260763e-05,5.6105498515535146e-05,0.00018168387759942561,0.00010395039134891704,4.8768917622510344e-05,373,304,384,373,0
42,F,181,7.391421968350187e-05,5.3017702157376334e-05,0.00012111884279875085,9.053966641658917e-05,3.098067099926993e-05,373,372,390,373,0
42,F,182,0.00010207524610450491,5.66195922147017e-05,0.00023963158309925348,7.37267400836572e-05,3.832307629636489e-05,361,382,382,361,0
42,F,183,9.585984662408009e-05,3.85491584893316e-05,0.00020777247846126556,9.489237709203735e-05,4.222537609166466e-05,368,388,385,368,0
42,F,184,0.00010354118421673775,5.2217088523320854e-05,0.0002340968931093812,9.784723806660622e-05,3.0003498977748677e-05,367,387,385,367,0
42,F,185,9.117687295656651e-05,6.349395698634908e-05,0.00013498126645572484,0.00012715513003058732,3.907714199158363e-05,366,299,378,366,0
42,F,186,7.648485188838094e-05,6.606486567761749e-05,9.100443276111037e-05,8.42088193167001e-05,6.466129707405344e-05,360,383,385,360,0
42,F,187,8.743589569348842e-05,5.960245107416995e-05,0.00017044119886122644,8.294184226542711e-05,3.6758065107278526e-05,361,374,391,361,0
42,F,188,9.493235847912729e-05,4.921618165099062e-05,0.00013760906585957855,0.00011858210928039625,7.432205893564969e-05,363,384,375,363,0
42,F,189,0.00011188068310730159,5.450525713968091e-05,0.000282937748124823,7.967899728100747e-05,3.0400762625504285e-05,368,388,383,368,0
42,F,190,9.265841072192416e-05,6.0307862440822646e-05,0.00014793944137636572,8.258241723524407e-05,7.9803925473243e-05,363,302,389,363,0
42,F,191,7.078507769620046e-05,4.084580359631218e-05,0.00011994681699434295,9.090187086258084e-05,3.1445815693587065e-05,374,382,380,374,0
42,F,192,8.320042252307758e-05,4.2003379348898306e-05,0.00016894476721063256,8.888534648576751e-05,3.296821887488477e-05,367,382,384,367,0
42,F,193,8.249125676229596e-05,8.254829299403355e-05,0.00011403227836126462,8.527460158802569e-05,4.8109865019796416e-05,363,385,383,363,0
42,F,194,9.118588059209287e-05,5.253089329926297e-05,0.00017716226284392178,0.00010698966798372567,2.8060685508535244e-05,364,380,382,364,0
42,F,195,7.097315392456949e-05,5.3854317229706794e-05,0.00010017314343713224,9.307954314863309e-05,3.678560824482702e-05,369,304,384,369,0
42,F,196,6.933495023986325e-05,5.443329064291902e-05,9.875739488052204e-05,9.682430390967056e-05,2.7324787879479118e-05,371,384,385,371,0
42,F,197,8.0876074207481e-05,5.311349013936706e-05,0.00014182062295731157,9.284275438403711e-05,3.572743298718706e-05,361,382,379,361,0
42,F,198,7.414001447614282e-05,6.434888200601563e-05,0.00011770577839342877,7.505191751988605e-05,3.9453458157368004e-05,364,394,390,364,0
42,F,199,0.00010047316027339548,4.269578857929446e-05,0.00023297930601984262,8.232618711190298e-05,4.389137393445708e-05,370,383,389,370,0
42,F,200,7.634542271262035e-05,5.401812450145371e-05,0.00011867893044836819,0.00010792748798849061,2.4757153369137086e-05,358,307,381,358,0
43,N,1,0.0001370790123473853,0.0002733690198510885,8.946882007876411e-05,6.167647370602936e-05,0.00012380172847770154,363,380,383,363,0
43,N,2,0.0006240442162379622,3.621219002525322e-05,0.0007091639563441277,0.00012205624807393178,0.001628744532354176,364,384,382,364,0
43,N,3,8.747068204684183e-05,4.9054258852265775e-05,8.87786372913979e-05,8.763270307099447e-05,0.00012441712897270918,369,392,384,369,0
43,N,4,0.00034059188328683376,0.0002531456120777875,0.0009719777735881507,0.00010016848682425916,3.7075606087455526e-05,371,388,385,371,0
43,N,5,0.0002358129422646016,0.0007008409011177719,0.00010668889444787055,0.0001057269619195722,2.999503158207517e-05,361,304,379,361,0
43,N,6,0.00033335897023789585,0.0010344336042180657,0.00018678605556488037,8.443539263680577e-05,2.7780728487414308e-05,364,381,390,364,0
43,N,7,0.00020499338279478252,0.0002798687492031604,0.00034440081799402833,0.00016370810044463724,3.199579077772796e-05,370,374,389,370,0
43,N,8,0.00010196018411079422,8.471799083054066e-05,0.00012975232675671577,0.00015630389680154622,3.706652933033183e-05,358,385,381,358,0
43,N,9,0.00015170284314081073,5.164800677448511e-05,0.00043039879528805614,8.315471495734528e-05,4.160984099144116e-05,358,386,383,358,0
43,N,10,8.594560495112091e-05,3.752328484551981e-05,0.00019548993441276252,7.339618605328724e-05,3.737301449291408e-05,375,306,381,375,0
43,N,11,7.424163050018251e-05,3.9910399209475145e-05,9.708012657938525e-05,9.271984890801832e-05,6.725615094183013e-05,367,380,383,367,0
43,N,12,0.00011632313544396311,3.1850944651523605e-05,0.0002508078177925199,8.214364061132073e-05,0.00010049013508250937,364,385,384,364,0
43,N,13,0.00012235093163326383,3.147725510643795e-05,0.0001755346020217985,0.00014147674664855003,0.000140915100928396,368,390,391,368,0
43,N,14,0.00016055282321758568,3.298613228253089e-05,0.000194107458810322,0.00020044670964125544,0.0002146709884982556,363,384,377,363,0
43,N,15,0.00013360651792027056,3.310829561087303e-05,0.00013185567513573915,9.449924255022779e-05,0.0002749628620222211,363,300,384,363,0
43,N,16,8.11319041531533e-05,2.7600655812420882e-05,7.917429320514202e-05,0.00010045456292573363,0.00011729810648830608,365,386,381,365,0
43,N,17,7.402546179946512e-05,2.447526276228018e-05,8.688332309247926e-05,9.410936763742939e-05,9.063390461960807e-05,370,386,386,370,0
43,N,18,7.269130583154038e-05,2.9809469197061844e-05,8.8815730123315e-05,8.090789924608544e-05,9.123213385464624e-05,369,389,382,369,0
43,N,19,6.265811680350453e-05,2.380603109486401e-05,0.00010536229092394933,6.848841439932585e-05,5.297571624396369e-05,377,385,387,377,0
43,N,20,5.277584932628088e-05,2.0139123080298305e-05,6.453404785133898e-05,7.914799789432436e-05,4.728222847916186e-05,366,308,381,366,0
43,N,21,4.1801922634476796e-05,1.9405271814321168e-05,4.488671402214095e-05,6.573449354618788e-05,3.7181209336267784e-05,365,383,384,365,0
43,N,22,4.806862125406042e-05,2.222826879005879e-05,5.4698924941476434e-05,8.187400817405432e-05,3.3473275834694505e-05,368,389,376,368,0
43,N,23,3.960454705520533e-05,1.9290002455818467e-05,4.893122604698874e-05,6.375305383699015e-05,2.6443896786076948e-05,375,396,384,375,0
43,N,24,4.772392276208848e-05,2.2124462702777237e-05,8.419765799771994e-05,5.7641667808638886e-05,2.6931906177196652e-05,358,383,379,358,0
43,N,25,3.829741763183847e-05,1.874489498732146e-05,4.256722240825184e-05,7.041228673188016e-05,2.1465264580911025e-05,368,307,383,368,0
43,N,26,4.363857442513108e-05,1.9178560251020826e-05,4.82346149510704e-05,9.089589730137959e-05,1.6245234292000532e-05,359,378,386,359,0
43,N,27,4.592966797645204e-05,2.1013765945099294e-05,8.50671058287844e-05,6.171020504552871e-05,1.592760054336395e-05,367,372,385,367,0
43,N,28,3.785928129218519e-05,1.622052332095336e-05,5.0934599130414426e-05,7.21067117410712e-05,1.2175290976301767e-05,374,390,384,374,0
43,N,29,6.260540249058977e-05,1.975198210857343e-05,8.782912482274696e-05,0.00012859007983934134,1.4250420463213231e-05,369,379,381,369,0
43,N,30,4.0754883229965344e-05,2.6316416551708244e-05,4.6068682422628626e-05,7.272416405612603e-05,1.7910282622324303e-05,359,304,378,359,0
43,N,31,3.5366276279091835e-05,1.975706618395634e-05,5.930095721851103e-05,4.957231067237444e-05,1.2834770132030826e-05,368,372,382,368,0
43,N,32,0.00013686929014511406,1.6593116015428677e-05,0.00046036395360715687,5.745021553593688e-05,1.3069895430817269e-05,368,383,384,368,0
43,N,33,5.9399972087703645e-05,1.4687259863421787e-05,0.00013980611402075738,7.053062290651724e-05,1.2575877917697653e-05,370,381,377,370,0
43,N,34,3.417647531023249e-05,1.3973187378724106e-05,7.016419112915173e-05,4.186634760117158e-05,1.070217967935605e-05,365,389,388,365,0
43,N,35,3.3251792046939954e-05,1.5238580090226606e-05,5.739809057558887e-05,4.745472688227892e-05,1.2915766092191916e-05,359,301,386,359,0
43,N,36,3.1838950235396624e-05,1.2820137271774001e-05,5.7065903092734516e-05,4.650990740628913e-05,1.0959851351799443e-05,367,372,380,367,0
43,N,37,9.020942525239661e-05,1.4129807823337615e-05,0.0002817934437189251,5.196941856411286e-05,1.2944991794938687e-05,371,375,380,371,0
43,N,38,3.464143810560927e-05,1.3097102055326104e-05,6.68305583531037e-05,4.699998316937126e-05,1.1638116120593622e-05,364,389,377,364,0
43,N,39,3.263213511672802e-05,1.644014446355868e-05,5.366258483263664e-05,4.69033548142761e-05,1.3522449989977758e-05,369,395,384,369,0
43,N,40,3.34034048137255e-05,1.3834674973622896e-05,6.423630838980898e-05,4.3989948608214036e-05,1.1552687283256091e-05,366,295,385,366,0
43,N,41,2.9583743526018225e-05,1.3390264030022081e-05,3.984658542321995e-05,5.168557618162595e-05,1.3412550288194325e-05,373,374,385,373,0
43,N,42,2.7632282581180334e-05,1.3676097296411172e-05,3.341558112879284e-05,5.200093437451869e-05,1.143652025348274e-05,369,388,375,369,0
43,N,43,2.599296931293793e-05,1.507864271843573e-05,2.9761007681372575e-05,4.354651537141763e-05,1.5585710571031086e-05,369,394,388,369,0
43,N,44,4.685408202931285e-05,1.7159947674372233e-05,0.00011099725816166028,4.557590727927163e-05,1.368321682093665e-05,363,385,385,363,0
43,N,45,3.387820834177546e-05,1.9426068320171908e-05,4.9038211727747694e-05,4.10843531426508e-05,2.596419471956324e-05,373,297,382,373,0
43,N,46,2.3687342036282644e-05,1.4833849490969442e-05,2.890431096602697e-05,3.772208947339095e-05,1.3289116395753808e-05,361,388,385,361,0
43,N,47,4.841926784138195e-05,1.4919145542080514e-05,0.00010983602260239422,5.666259676218033e-05,1.2259301001904532e-05,375,383,380,375,0
43,N,48,2.5887084120768122e-05,1.2303133189561777e-05,3.1348095944849774e-05,4.943098974763416e-05,1.0466121239005588e-05,376,392,381,376,0
43,N,49,4.622654159902595e-05,1.2919299479108304e-05,0.00011893518239958212,4.241964779794216e-05,1.063203853846062e-05,372,383,386,372,0
43,N,50,2.6427960619912483e-05,1.4251500033424236e-05,3.416341860429384e-05,4.6129425754770637e-05,1.1167496268171817e-05,371,310,380,371,0
43,N,51,2.3021697415970266e-05,1.3402091099123936e-05,2.4798182494123466e-05,4.377399818622507e-05,1.0112521522387397e-05,368,384,378,368,0
43,N,52,3.3165702916448936e-05,1.4121983440418262e-05,7.182051194831729e-05,3.5699380532605574e-05,1.1020942110917531e-05,373,382,384,373,0
43,N,53,2.662468614289537e-05,1.2989165952603798e-05,4.9250200390815735e-05,3.470066803856753e-05,9.558713827573229e-06,373,389,390,373,0
43,N,54,2.8464937713579275e-05,1.3644887076225132e-05,5.706463707610965e-05,3.38907448167447e-05,9.25947733776411e-06,361,385,382,361,0
43,N,55,3.380683119758032e-05,1.0684208064049017e-05,8.584433817304671e-05,3.112151171080768e-05,7.577262749691727e-06,368,297,385,368,0
43,N,56,2.4596098228357732e-05,1.2911653357150499e-05,2.944936386484187e-05,4.6508313971571624e-05,9.515063538856339e-06,367,379,385,367,0
43,N,57,4.084594547748566e-05,1.7646130800130777e-05,8.127953333314508e-05,5.3627663874067366e-05,1.0830446626641788e-05,366,378,378,366,0
43,N,58,3.80589444830548e-05,1.50539008245687e-05,7.647538586752489e-05,5.133453305461444e-05,9.371951819048263e-06,360,393,385,360,0
43,N,59,3.628273407230154e-05,1.3844226486980915e-05,8.681667532073334e-05,3.624564487836324e-05,8.224388693633955e-06,361,384,391,361,0
43,N,60,2.6123696443391964e-05,1.1806181646534242e-05,4.134140908718109e-05,4.2523493902990595e-05,8.82369749888312e-06,363,299,375,363,0
43,N,61,1.5558043742203154e-05,1.1951563465117943e-05,1.415499809809262e-05,2.8542503059725277e-05,7.583109436382074e-06,368,386,383,368,0
43,N,62,0.00014831118460278958,1.3541566659114324e-05,0.0005416470812633634,3.015382753801532e-05,7.90229478297988e-06,363,376,389,363,0
43,N,63,3.0067263651289977e-05,1.2081311069778167e-05,6.630080315517262e-05,3.484299304545857e-05,7.043948698992608e-06,374,387,380,374,0
43,N,64,3.487491267151199e-05,1.1435812666604761e-05,9.178919572150335e-05,2.8406122510205023e-05,7.868520697229542e-06,367,383,384,367,0
43,N,65,3.512604962452315e-05,1.6885735021787696e-05,5.337979382602498e-05,6.0282189224381e-05,9.956478606909513e-06,363,303,383,363,0
43,N,66,2.859404958144296e-05,3.657035995274782e-05,3.191508585587144e-05,3.592922803363763e-05,9.961521755030844e-06,364,387,382,364,0
43,N,67,0.00010341432789573446,1.36984272103291e-05,0.0003590727283153683,3.123813439742662e-05,9.648023478803225e-06,369,371,384,369,0
43,N,68,4.2854830098804086e-05,1.3529014722735155e-05,0.00010928610572591424,3.98248084820807e-05,8.779386007518042e-06,371,398,385,371,0
43,N,69,5.4182190069695935e-05,1.4101188753556926e-05,0.0001573827030370012,3.6231260310159996e-05,9.013617273012642e-06,361,385,379,361,0
43,N,70,5.480203981278464e-05,1.4674553312943317e-05,0.00016706636233720928,2.8114924134570174e-05,9.352316737931687e-06,364,295,390,364,0
43,N,71,1.866223283286672e-05,1.273653469979763e-05,2.5303013899247162e-05,2.6983218049281277e-05,9.626166502130218e-06,370,384,389,370,0
43,N,72,3.0061501092859544e-05,1.2295523447392043e-05,5.292522837407887e-05,4.421058110892773e-05,1.0814672350534238e-05,358,376,381,358,0
43,N,73,2.319819395779632e-05,1.1470247955003288e-05,3.559444667189382e-05,3.5152472264599055e-05,1.0575605301710311e-05,358,392,383,358,0
43,N,74,5.480462277773768e-05,1.3277131074573845e-05,0.00015840110427234322,3.596876922529191e-05,1.1571486538741738e-05,375,384,381,375,0
43,N,75,5.765755122411065e-05,1.5351510228356346e-05,0.00016797422722447664,3.425376780796796e-05,1.305068963119993e-05,367,302,383,367,0
43,N,76,2.1112260583322495e-05,1.118469299399294e-05,3.4944921935675666e-05,2.7444641091278754e-05,1.0874782674363814e-05,364,384,384,364,0
43,N,77,2.5092780560953543e-05,1.1349133274052292e-05,4.5972741645528004e-05,3.246005508117378e-05,1.0589194971544202e-05,368,384,391,368,0
43,N,78,2.792452141875401e-05,1.177460580947809e-05,5.1180366426706314e-05,3.8874328311067075e-05,9.868785127764568e-06,363,387,377,363,0
43,N,79,2.2720771085005254e-05,1.3332549315236975e-05,3.3462267310824245e-05,3.2428724807687104e-05,1.1659546544251498e-05,363,394,384,363,0
43,N,80,1.8847880710382015e-05,1.1143151823489461e-05,1.8533211914473213e-05,3.6167530197417364e-05,9.547627996653318e-06,365,308,381,365,0
43,N,81,2.0643346942961216e-05,1.193866046378389e-05,2.4969191144919023e-05,3.635073153418489e-05,9.314807357441168e-06,370,378,386,370,0
43,N,82,2.1280335204210132e-05,1.3736774235439952e-05,3.515950447763316e-05,2.3824435629649088e-05,1.240062829310773e-05,369,379,382,369,0
43,N,83,1.7644462786847726e-05,1.1192320016562007e-05,2.2147140043671243e-05,2.860236963897478e-05,8.636022357677575e-06,377,394,387,377,0
43,N,84,2.1730311345891096e-05,1.0923964509856887e-05,3.6636665754485875e-05,3.0066201361478306e-05,9.294420124206226e-06,366,389,381,366,0
43,N,85,4.6550605475204065e-05,1.1831982192234136e-05,0.00013576059427578002,2.8833814212703146e-05,9.77601757767843e-06,365,296,384,365,0
43,N,86,2.183471769967582e-05,1.2495300325099379e-05,2.5095761884585954e-05,4.051806899951771e-05,9.22974413697375e-06,368,379,376,368,0
43,N,87,2.3839445930207148e-05,1.1955844456679188e-05,3.820905476459302e-05,3.745236244867556e-05,7.740530236333143e-06,375,371,384,375,0
43,N,88,3.915819252142683e-05,1.6755559045122936e-05,9.054350084625185e-05,3.375850064912811e-05,1.5575204088236205e-05,358,393,379,358,0
43,N,89,2.7647856768453494e-05,1.0997073331964202e-05,5.418046566774137e-05,3.643426680355333e-05,8.979622180049773e-06,368,377,383,368,0
43,N,90,2.183485048590228e-05,1.2472332855395507e-05,2.8291207854636014e-05,3.833731170743704e-05,8.23855498310877e-06,359,307,386,359,0
43,N,91,1.994692865991965e-05,1.3021087397646625e-05,2.500063601473812e-05,3.4129498089896515e-05,7.636497684870847e-06,367,376,385,367,0
43,N,92,1.7768474208423868e-05,9.948519618774299e-06,2.4001266865525395e-05,3.10293871734757e-05,6.094718173699221e-06,374,385,384,374,0
43,N,93,1.8895898392656818e-05,1.1232922588533256e-05,1.922711089719087e-05,3.726695285877213e-05,7.856610864109825e-06,369,390,381,369,0
43,N,94,2.3015585611574352e-05,1.2328570846875664e-05,3.459818253759295e-05,3.583073339541443e-05,9.304862032877281e-06,359,382,378,359,0
43,N,95,2.2632686523138545e-05,1.07605328594218e-05,4.521870141616091e-05,2.7574837076826952e-05,6.976676559133921e-06,368,294,382,368,0
43,N,96,1.7080988982343115e-05,9.337223673355766e-06,1.9462668205960654e-05,3.1832958484301344e-05,7.691106475249398e-06,368,386,384,368,0
43,N,97,1.7141583157354034e-05,8.592607628088444e-06,2.5637060389271937e-05,2.7364547349861823e-05,6.972114988457179e-06,370,380,377,370,0
43,N,98,1.7391741494066082e-05,8.258555681095459e-06,2.848566509783268e-05,2.592574674054049e-05,6.8970039137639105e-06,365,393,388,365,0
43,N,99,1.9055525626754388e-05,8.857226930558681e-06,3.484514672891237e-05,2.4965518605313264e-05,7.554211606475292e-06,359,385,386,359,0
43,N,100,1.8242424630443566e-05,7.926225407572929e-06,2.8047859814250842e-05,3.108738746959716e-05,5.9082271945953835e-06,367,299,380,367,0
43,N,101,1.3379345546127297e-05,8.456403520540334e-06,1.0408086382085457e-05,2.7654594305204228e-05,6.998299340921221e-06,371,394,380,371,0
43,N,102,1.7054899217328057e-05,8.553517545806244e-06,2.0779061742359772e-05,3.239299257984385e-05,6.494026820291765e-06,364,377,377,364,0
43,N,103,1.5163314856181387e-05,8.917952072806656e-06,2.1415169612737373e-05,2.2777108824811876e-05,7.543028914369643e-06,369,390,384,369,0
43,N,104,1.8642500435817055e-05,7.900406671978999e-06,3.1154017051449046e-05,2.9214703317848034e-05,6.300875611486845e-06,366,385,385,366,0
43,N,105,1.579381751071196e-05,7.768154318910092e-06,2.29318902711384e-05,2.542178481235169e-05,7.053440640447661e-06,373,303,385,373,0
43,N,106,1.249230990651995e-05,7.532520612585358e-06,1.068623078026576e-05,2.5552246370352805e-05,6.19824459135998e-06,369,384,375,369,0
43,N,107,1.4871652638248634e-05,8.464674465358257e-06,1.9512253857101314e-05,2.372556809859816e-05,7.784114131936803e-06,369,385,388,369,0
43,N,108,1.4970190022722818e-05,8.810571671347134e-06,1.6217154552577995e-05,2.7323905669618398e-05,7.529128652095096e-06,363,397,385,363,0
43,N,109,1.67082944244612e-05,1.0165954336116556e-05,2.3047532522468828e-05,2.057441270153504e-05,1.3045273590250872e-05,373,388,382,373,0
43,N,110,1.4715577890456188e-05,7.91168804425979e-06,1.726791015244089e-05,2.670029971341137e-05,6.9824131969653536e-06,361,303,385,361,0
43,N,111,1.7695627320790663e-05,8.126919055939652e-06,2.244148163299542e-05,3.301306060166098e-05,7.201042080851039e-06,375,375,380,375,0
43,N,112,1.4512581401504576e-05,7.332119366765255e-06,2.0603101802407764e-05,2.443921403028071e-05,5.6758908613119274e-06,376,377,381,376,0
43,N,113,1.4237968571251258e-05,7.132525297492975e-06,2.0799003323190846e-05,2.281019806105178e-05,6.210145329532679e-06,372,391,386,372,0
43,N,114,1.905989665829111e-05,7.430345249304082e-06,2.19841404032195e-05,4.0586597606306896e-05,6.2384974626183975e-06,371,388,380,371,0
43,N,115,1.3464034054777585e-05,7.063914836180629e-06,1.5006217836344149e-05,2.6055757189169526e-05,5.730245447921334e-06,368,305,378,368,0
43,N,116,1.6615747881587595e-05,7.109641501301667e-06,1.596175934537314e-05,3.6804351111641154e-05,6.587240022781771e-06,373,376,384,373,0
43,N,117,1.3940941244072746e-05,7.194300451374147e-06,2.2024691133992746e-05,2.0491510440479033e-05,6.053265678929165e-06,373,380,390,373,0
43,N,118,1.3827292605128605e-05,6.852948899904732e-06,2.1230453057796694e-05,2.1230551283224486e-05,5.995218998577911e-06,361,390,382,361,0
43,N,119,1.5574874851154163e-05,5.8817277022171766e-06,3.079227826674469e-05,2.066874731099233e-05,4.9567474889045116e-06,368,386,385,368,0
43,N,120,1.2814432921004482e-05,6.425558694900246e-06,1.2845387573179323e-05,2.5839171939878725e-05,6.147611657070229e-06,367,301,385,367,0
43,N,121,1.3738939742324874e-05,8.582538612245116e-06,9.79278138402151e-06,2.9045093469903804e-05,7.5353436841396615e-06,366,377,378,366,0
43,N,122,1.4006168385094497e-05,6.920289251866052e-06,2.078689431073144e-05,2.2055668523535132e-05,6.261823727982119e-06,360,377,385,360,0
43,N,123,1.3619268429465592e-05,6.773025233997032e-06,1.3944056263426319e-05,2.807781311275903e-05,5.682182290911442e-06,361,392,391,361,0
43,N,124,1.2828372746298555e-05,6.42977238385356e-06,1.8860211639548652e-05,1.9803846953436732e-05,6.219658189365873e-06,363,391,375,363,0
43,N,125,1.1286389053566381e-05,5.991880243527703e-06,1.3895968550059479e-05,1.9802781025646254e-05,5.454928214021493e-06,368,295,383,368,0
43,N,126,9.561328624840826e-06,6.933729764568852e-06,8.681920917297248e-06,1.69594022736419e-05,5.670263817592058e-06,363,384,389,363,0
43,N,127,1.1262294719927013e-05,5.733509169658646e-06,1.5780724424985237e-05,1.87950863619335e-05,4.739856649393914e-06,374,380,380,374,0
43,N,128,1.1416927009122446e-05,5.6853955356928054e-06,1.2310068086662795e-05,2.2097874534665607e-05,5.574368969973875e-06,367,385,384,367,0
43,N,129,1.3842647604178637e-05,6.614524409087608e-06,1.6867339581949636e-05,2.399535514996387e-05,7.893375368439592e-06,363,393,383,363,0
43,N,130,1.0417771591164637e-05,5.846864041814115e-06,1.2372607670840807e-05,1.8085114788846113e-05,5.3665039558836725e-06,364,303,382,364,0
43,N,131,1.1426618584664539e-05,5.839670848217793e-06,1.3352427231438924e-05,2.0682093236246146e-05,5.8322821132605895e-06,369,385,384,369,0
43,N,132,1.161242926173145e-05,5.843834514962509e-06,1.4536522940034047e-05,2.066238630504813e-05,5.406970103649655e-06,371,385,385,371,0
43,N,133,1.0443863175169099e-05,6.182036486279685e-06,1.2178127690276597e-05,1.801837788661942e-05,5.39690745426924e-06,361,395,379,361,0
43,N,134,1.0700287930376362e-05,5.7747415667108726e-06,1.649310434004292e-05,1.586497455718927e-05,4.668331257562386e-06,364,381,390,364,0
43,N,135,1.0752645721368026e-05,5.394743766373722e-06,1.362174043606501e-05,1.943559618666768e-05,4.558499313134234e-06,370,306,389,370,0
43,N,136,1.1029480447177775e-05,6.007053798384732e-06,8.471227374684531e-06,2.409764420008287e-05,5.541993687074864e-06,358,384,381,358,0
43,N,137,1.2838394468417391e-05,5.557590156968217e-06,1.616818190086633e-05,2.4378472517128102e-05,5.249335117696319e-06,358,375,383,358,0
43,N,138,1.0734705028880853e-05,5.376887202146463e-06,1.5655250535928644e-05,1.6881285773706622e-05,5.025398422731087e-06,375,393,381,375,0
43,N,139,1.2824175428249873e-05,6.699645382468589e-06,1.5329398593166843e-05,2.382780257903505e-05,5.439855613076361e-06,367,391,383,367,0
43,N,140,9.457474334340077e-06,5.597311883320799e-06,1.083100687537808e-05,1.6471911294502206e-05,4.929669103148626e-06,364,303,384,364,0
43,N,141,9.078778930415865e-06,5.655355835187947e-06,8.421859092777595e-06,1.721119406283833e-05,5.02670809510164e-06,368,380,391,368,0
43,N,142,1.1595137948461343e-05,6.1867326621722896e-06,1.5941761375870556e-05,1.9452949345577508e-05,4.7991102292144205e-06,363,376,377,363,0
43,N,143,1.0625166396494024e-05,6.352555828925688e-06,1.176427940663416e-05,1.8527740394347347e-05,5.85609041081625e-06,363,393,384,363,0
43,N,144,1.3027127351961099e-05,5.54575171918259e-06,1.99313089979114e-05,2.1387068045441993e-05,5.244380645308411e-06,365,396,381,365,0
43,N,145,9.825942470342852e-06,5.591224180534482e-06,1.3432604646368418e-05,1.5823887224541977e-05,4.45605292043183e-06,370,295,386,370,0
43,N,146,8.731395610084292e-06,5.542442522710189e-06,8.27743406262016e-06,1.6152080206666142e-05,4.953626103088027e-06,369,384,382,369,0
43,N,147,1.1298855497443583e-05,4.997400537831709e-06,1.911015533551108e-05,1.676512874837499e-05,4.322736458561849e-06,377,381,387,377,0
43,N,148,1.0728471352194902e-05,4.7567818910465576e-06,1.4647629541286733e-05,1.885230994957965e-05,4.6571617531299125e-06,366,398,381,366,0
43,N,149,1.1066837032558396e-05,4.6293971536215395e-06,1.901686300698202e-05,1.615887595107779e-05,4.4622152017836925e-06,365,386,384,365,0
43,N,150,1.0361057320551481e-05,5.456817689264426e-06,9.468195457884576e-06,2.128487903974019e-05,5.23433573107468e-06,368,306,376,368,0
43,N,151,8.411887392867357e-06,4.93850484417635e-06,7.616367838636506e-06,1.702313056739513e-05,4.069544957019389e-06,375,389,384,375,0
43,N,152,1.2172089554951526e-05,5.398813755164156e-06,2.1500702132470906e-05,1.6709291230654344e-05,5.079547918285243e-06,358,375,379,358,0
43,N,153,9.674795364844613e-06,4.64154481960577e-06,8.631223863631021e-06,2.0786128516192548e-05,4.6402838052017614e-06,368,394,383,368,0
43,N,154,1.1471692232589703e-05,5.241622602625284e-06,2.2232808987610042e-05,1.3985123587190174e-05,4.427214207680663e-06,359,383,386,359,0
43,N,155,1.2418913684086874e-05,5.423910351964878e-06,2.4492435841239057e-05,1.5418834664160386e-05,4.340472969488474e-06,367,301,385,367,0
43,N,156,8.61502303450834e-06,4.350637482275488e-06,7.818330232112203e-06,1.840225922933314e-05,3.888863375323126e-06,374,376,384,374,0
43,N,157,1.0021521120506804e-05,5.047890226705931e-06,1.3026857232034672e-05,1.781166429282166e-05,4.1996704567281995e-06,369,380,381,369,0
43,N,158,1.0834873137355316e-05,5.914655957894865e-06,8.503144272253849e-06,2.3257000066223554e-05,5.664692253048997e-06,359,397,378,359,0
43,N,159,1.1015332347596996e-05,5.040227733843494e-06,1.7849082723842002e-05,1.6816798961372115e-05,4.355220426077722e-06,368,391,382,368,0
43,N,160,9.097081601794343e-06,4.4714752220897935e-06,9.920190677803475e-06,1.7660231605987065e-05,4.336430720286444e-06,368,299,384,368,0
43,N,161,8.776354661677033e-06,4.341321528045228e-06,7.2638590609130915e-06,1.8873453882406466e-05,4.626784630090697e-06,370,381,377,370,0
43,N,162,8.99983751878608e-06,4.313865701988107e-06,1.2808660358132329e-05,1.4286089935922064e-05,4.590736807585927e-06,365,383,388,365,0
43,N,163,7.2940074460348114e-06,4.393653853185242e-06,8.160070137819275e-06,1.218116085510701e-05,4.441144028533017e-06,359,395,386,359,0
43,N,164,9.141715963778552e-06,4.22187304138788e-06,1.2899517969344743e-05,1.550679917272646e-05,3.938675035897177e-06,367,379,380,367,0
43,N,165,9.182560461340472e-06,4.285289833205752e-06,1.08470221675816e-05,1.727020753605757e-05,4.327722763264319e-06,371,300,380,371,0
43,N,166,7.355136858677724e-06,4.480989900912391e-06,7.503079359594267e-06,1.3241005945019424e-05,4.195472229184816e-06,364,385,377,364,0
43,N,167,8.824616088531911e-06,4.777544290845981e-06,1.3709556696994696e-05,1.2304178198974114e-05,4.507186076807557e-06,369,376,384,369,0
43,N,168,8.98894631973235e-06,4.326231646700762e-06,9.733220394991804e-06,1.7574968296685256e-05,4.321366304793628e-06,366,393,385,366,0
43,N,169,9.71799272520002e-06,4.150459062657319e-06,1.6138537830556743e-05,1.4160865248413756e-05,4.422110123414313e-06,373,387,385,373,0
43,N,170,9.623386176826898e-06,4.384082785691135e-06,1.471180803491734e-05,1.5278117643902078e-05,4.119534878554987e-06,369,307,375,369,0
43,N,171,6.987037977523869e-06,4.553670351015171e-06,5.267345841275528e-06,1.3804748050461058e-05,4.322385848354315e-06,369,388,388,369,0
43,N,172,8.89169405127177e-06,5.0413759709044825e-06,9.551138646202162e-06,1.6497970136697404e-05,4.4762896322936285e-06,363,385,385,363,0
43,N,173,8.880898349161725e-06,5.214100383454934e-06,8.23266600491479e-06,1.5857076505199075e-05,6.219751867320156e-06,373,400,382,373,0
43,N,174,1.3331959053175524e-05,4.388125489640515e-06,2.7939411666011438e-05,1.6740590581321158e-05,4.2597102947183885e-06,361,389,385,361,0
43,N,175,8.072831406025216e-06,4.7195526349241845e-06,8.34591355669545e-06,1.4748838111700024e-05,4.4770185922970995e-06,375,311,380,375,0
43,N,176,7.639817340532318e-06,4.32974456998636e-06,7.353180535574211e-06,1.5204385817924049e-05,3.6719584386446513e-06,376,375,381,376,0
43,N,177,9.515914825897198e-06,4.280481334717479e-06,1.3555408258980606e-05,1.6305815734085627e-05,3.921954885299783e-06,372,381,386,372,0
43,N,178,7.228623871924356e-06,4.529470061243046e-06,6.486260190285975e-06,1.3897147255192976e-05,4.001616161986021e-06,371,399,380,371,0
43,N,179,9.009243512991816e-06,4.32666638516821e-06,1.3547930393542629e-05,1.4418705177376978e-05,3.743669140021666e-06,368,382,378,368,0
43,N,180,9.441122529096901e-06,4.380243808554951e-06,1.19172736958717e-05,1.7288992239627987e-05,4.177980372332968e-06,373,304,384,373,0
43,N,181,7.014104539848631e-06,4.4671537580143195e-06,8.367418558918871e-06,1.1336910574755166e-05,3.884933903464116e-06,373,372,390,373,0
43,N,182,7.664142685825936e-06,4.245813215675298e-06,1.0109781214850955e-05,1.246589636139106e-05,3.835079496639082e-06,361,382,382,361,0
43,N,183,8.200283446058165e-06,3.7225813684926834e-06,8.594171958975494e-06,1.7206508346134797e-05,3.2778723380033625e-06,368,388,385,368,0
43,N,184,8.221772077376954e-06,4.026667284051655e-06,1.1880356396432035e-05,1.3188517186790705e-05,3.791548124354449e-06,367,387,385,367,0
43,N,185,8.85490226210095e-06,5.233204774413025e-06,9.063841389433946e-06,1.6786230844445527e-05,4.336333859100705e-06,366,299,378,366,0
43,N,186,7.822339284757618e-06,4.591684046317823e-06,6.870029210404027e-06,1.56845708261244e-05,4.143073056184221e-06,360,383,385,360,0
43,N,187,7.827158697182313e-06,4.352778432803461e-06,1.0130063856195193e-05,1.3226145711087156e-05,3.5996442875330104e-06,361,374,391,361,0
43,N,188,9.121514267462771e-06,4.083877229277277e-06,9.489757758274209e-06,1.889913073682692e-05,4.013289526483277e-06,363,384,375,363,0
43,N,189,8.583267117501236e-06,3.886485501425341e-06,1.3578119251178578e-05,1.3364166079554707e-05,3.5042960462305928e-06,368,388,383,368,0
43,N,190,8.696504664840177e-06,4.479539256863063e-06,1.3942178156867158e-05,1.2626202078536153e-05,3.738099167094333e-06,363,302,389,363,0
43,N,191,7.253928288264433e-06,3.7514607811317546e-06,7.624143108841963e-06,1.4394746358448174e-05,3.24536290463584e-06,374,382,380,374,0
43,N,192,7.717821063124575e-06,3.6473174986895174e-06,9.23135485209059e-06,1.428453833796084e-05,3.7080721995153e-06,367,382,384,367,0
43,N,193,7.578143595310394e-06,4.3393079067755025e-06,8.279266694444232e-06,1.2854577107646037e-05,4.839420398639049e-06,363,385,383,363,0
43,N,194,8.680294740770478e-06,3.7487659483304014e-06,1.2953070836374536e-05,1.4432666830543894e-05,3.58667580258043e-06,364,380,382,364,0
43,N,195,7.900344826339278e-06,3.8006994600436883e-06,9.243640306522138e-06,1.4603528143197764e-05,3.953510258725146e-06,369,304,384,369,0
43,N,196,7.2025454755930696e-06,3.746786660485668e-06,7.4912168201990426e-06,1.3932674846728332e-05,3.639502892838209e-06,371,384,385,371,0
43,N,197,7.407015800708905e-06,4.056621946801897e-06,8.190730113710742e-06,1.3654599570145365e-05,3.726113163793343e-06,361,382,379,361,0
43,N,198,6.460876193159493e-06,3.867606665153289e-06,8.006986718100961e-06,1.0700546226871666e-05,3.26836538988573e-06,364,394,390,364,0
43,N,199,7.247770554386079e-06,3.6051662846148247e-06,1.1822738997580018e-05,1.032299769576639e-05,3.2401794669567607e-06,370,383,389,370,0
43,N,200,7.68662357586436e-06,3.8052512536523864e-06,7.602748610224808e-06,1.5660416465834714e-05,3.6780795653612586e-06,358,307,381,358,0
43,F,1,0.04249730706214905,0.0002733690198510885,8.946882007876411e-05,6.167647370602936e-05,0.16956470906734467,363,380,383,363,0
43,F,2,0.029884565621614456,0.00033173942938447,0.00024391360057052225,0.0007562955725006759,0.11820631474256516,364,384,382,364,0
43,F,3,0.02712468057870865,0.000504559837281704,0.00021540955640375614,0.02119479328393936,0.08658395707607269,369,392,384,369,0
43,F,4,0.017648663371801376,0.0020183466840535402,0.0005162936286069453,0.019683649763464928,0.04837636649608612,371,388,385,371,0
43,F,5,0.01408668328076601,0.002701741410419345,0.00045223833876661956,0.022089213132858276,0.03110354021191597,361,304,379,361,0
43,F,6,0.00901371892541647,0.006661213934421539,0.0014948530588299036,0.017328640446066856,0.010570167563855648,364,381,390,364,0
43,F,7,0.0058895619586110115,0.008734225295484066,0.0010698778787627816,0.007245199754834175,0.006508943624794483,370,374,389,370,2
43,F,8,0.0029908649157732725,0.003022453049197793,0.0001336839923169464,0.002608864102512598,0.0061984583735466,358,385,381,358,0
43,F,9,0.002748459344729781,0.0011122842552140355,0.001301483134739101,0.0015302078099921346,0.007049862295389175,358,386,383,358,0
43,F,10,0.003599416697397828,0.0006286496063694358,0.0004036834870930761,0.0005551128997467458,0.012810220941901207,375,306,381,375,0
43,F,11,0.002111701061949134,0.00044625482405535877,0.0005855820490978658,0.0010181971592828631,0.006396770477294922,367,380,383,367,0
43,F,12,0.002132173627614975,0.0002861327666323632,0.0037263010162860155,0.00043272515176795423,0.004083535168319941,364,385,384,364,0
43,F,13,0.000921828206628561,0.00022111329599283636,0.0008181565208360553,0.0005298954783938825,0.0021181474439799786,368,390,391,368,0
43,F,14,0.002266037045046687,0.00015309112495742738,0.006303774658590555,0.0014859004877507687,0.0011213822290301323,363,384,377,363,0
43,F,15,0.0013216244988143444,0.0002030922332778573,0.003409771481528878,0.0011327504180371761,0.0005408838042058051,363,300,384,363,0
43,F,16,0.0007003790233284235,0.00015649512351956218,0.0013045695377513766,0.0009605568484403193,0.0003798945399466902,365,386,381,365,0
43,F,17,0.00042585356277413666,0.00015094096306711435,0.0007474701851606369,0.0005078851827420294,0.0002971178328152746,370,386,386,370,0
43,F,18,0.0007451653946191072,0.0001933085877681151,0.001465033390559256,0.001050952821969986,0.00027136679273098707,369,389,382,369,0
43,F,19,0.0004622289561666548,0.00015837581304367632,0.000911204086150974,0.0006223777891136706,0.0001569581509102136,377,385,387,377,0
43,F,20,0.0008754123118706048,0.00020312501874286681,0.0018843747675418854,0.00128727569244802,0.00012687384150922298,366,308,381,366,0
43,F,21,0.0010534095345064998,0.0002455378999002278,0.0032255067490041256,0.0006333774654194713,0.00010921634384430945,365,383,384,365,0
43,F,22,0.0007380143506452441,0.00048363758833147585,0.0015194745501503348,0.0008387583075091243,0.0001101872039726004,368,389,376,368,0
43,F,23,0.00046462108730338514,0.0003489842056296766,0.0008888682350516319,0.000509559060446918,0.00011107273894594982,375,396,384,375,0
43,F,24,0.000586175243370235,0.000613367825280875,0.0011607530759647489,0.00048191373934969306,8.866633288562298e-05,358,383,379,358,0
43,F,25,0.0004966708947904408,0.00055502267787233,0.0005341586074791849,0.0007965312688611448,0.0001009708721539937,368,307,383,368,0
43,F,26,0.0005709269316866994,0.0006868147174827754,0.0005020194803364575,0.0010139759397134185,8.089755283435807e-05,359,378,386,359,0
43,F,27,0.0005230344831943512,0.0005077700479887426,0.0005851888563483953,0.0009234446915797889,7.573411130579188e-05,367,372,385,367,0
43,F,28,0.0005435646744444966,0.0007628754829056561,0.00022377539426088333,0.0010899598710238934,9.764812421053648e-05,374,390,384,374,0
43,F,29,0.0006637643673457205,0.0005006091087125242,0.0011980426497757435,0.0008663353510200977,9.007025801111013e-05,369,379,381,369,0
43,F,30,0.00047164372517727315,0.0006486118654720485,0.00033077457919716835,0.0008251738036051393,8.20145578472875e-05,359,304,378,359,0
43,F,31,0.0004113618051633239,0.0007158544030971825,0.0002876193029806018,0.0005575011018663645,8.447241270914674e-05,368,372,382,368,0
43,F,32,0.0005435011116787791,0.0006786903832107782,0.0009055954869836569,0.0005177836865186691,7.193497731350362e-05,368,383,384,368,0
43,F,33,0.0004548492725007236,0.0007009413675405085,0.00031202216632664204,0.0007153504411689937,9.10831440705806e-05,370,381,377,370,0
43,F,34,0.00039703227230347693,0.0004263476293999702,0.000586120062507689,0.0005185225163586438,5.713886639568955e-05,365,389,388,365,0
43,F,35,0.0003378510882612318,0.0003141761408187449,0.00037902381154708564,0.0005836646887473762,7.453964644810185e-05,359,301,386,359,0
43,F,36,0.0002965363091789186,0.0003203215601388365,0.0002678949967958033,0.0005072231288067997,9.070540545508265e-05,367,372,380,367,0
43,F,37,0.00026325235376134515,0.0002498113317415118,0.00043313129572197795,0.00029457081109285355,7.549607835244387e-05,371,375,380,371,0
43,F,38,0.0001915138418553397,0.0001787997898645699,0.0002106388856191188,0.00031826572376303375,5.835097545059398e-05,364,389,377,364,0
43,F,39,0.0002812433522194624,0.00023105970467440784,0.00038420173223130405,0.00044081659871153533,6.889538053655997e-05,369,395,384,369,0
43,F,40,0.00022871705004945397,0.00017311761621385813,0.0003557578020263463,0.00032735420973040164,5.863865953870118e-05,366,295,385,366,0
43,F,41,0.00021233686129562557,0.0001439242041669786,0.0002417980576865375,0.00040536359301768243,5.8261539379600435e-05,373,374,385,373,0
43,F,42,0.0002206953358836472,0.00015129594248719513,0.0003644683165475726,0.0003201606741640717,4.685645399149507e-05,369,388,375,369,0
43,F,43,0.00019229407189413905,0.00011255146091571078,0.00025419899611733854,0.00034437436261214316,5.805146065540612e-05,369,394,388,369,0
43,F,44,0.00024715138715691864,0.00013205480354372412,0.00043701939284801483,0.00036595502751879394,5.357636109692976e-05,363,385,385,363,0
43,F,45,0.0002300786436535418,0.00010045217641163617,0.0004982656100764871,0.0002642108011059463,5.7385983382118866e-05,373,297,382,373,0
43,F,46,0.00016196728392969817,8.726483065402135e-05,0.0002544220769777894,0.0002473391068633646,5.884312849957496e-05,361,388,385,361,0
43,F,47,0.00024200051848310977,9.385553130414337e-05,0.00043744518188759685,0.00038837475585751235,4.832663034903817e-05,375,383,380,375,0
43,F,48,0.00019727126345969737,8.389145659748465e-05,0.00022466060181614012,0.0004377532168291509,4.27797858719714e-05,376,392,381,376,0
43,F,49,0.0002825989795383066,8.634189725853503e-05,0.0007302670273929834,0.00026772942510433495,4.605765570886433e-05,372,383,386,372,0
43,F,50,0.0002227088261861354,9.251164738088846e-05,0.00044551637256518006,0.00030561996391043067,4.718729906016961e-05,371,310,380,371,0
43,F,51,0.00019116277690045536,7.296547119040042e-05,0.00030207718373276293,0.00034449348459020257,4.511492443270981e-05,368,384,378,368,0
43,F,52,0.00022749490744899958,7.842878403607756e-05,0.0004349221126176417,0.00034665557905100286,4.9973172281170264e-05,373,382,384,373,0
43,F,53,0.0001608904276508838,8.136282849591225e-05,0.0002942973223980516,0.0002252249832963571,4.2676601879065856e-05,373,389,390,373,0
43,F,54,0.00022247547167353332,6.825134187238291e-05,0.0003592589928302914,0.0004131165042053908,4.9275055062025785e-05,361,385,382,361,0
43,F,55,0.00021213284344412386,6.640751234954223e-05,0.0004612099437508732,0.00027517133275978267,4.574262857204303e-05,368,297,385,368,0
43,F,56,0.0001586388098075986,7.775812991894782e-05,0.00025459134485572577,0.0002567158080637455,4.549000732367858e-05,367,379,385,367,0
43,F,57,0.0002034419303527102,0.00010761644080048427,0.0003074389533139765,0.0003441725275479257,5.453980702441186e-05,366,378,378,366,0
43,F,58,0.0001756667043082416,9.458403656026348e-05,0.00020471069728955626,0.0003577641327865422,4.560790694085881e-05,360,393,385,360,0
43,F,59,0.00019477028399705887,9.09119044081308e-05,0.0003644740500021726,0.0002756892645265907,4.8005978896981105e-05,361,384,391,361,0
43,F,60,0.00015461134898941964,6.692126771667972e-05,0.00021693456801585853,0.0002857743529602885,4.881522909272462e-05,363,299,375,363,0
43,F,61,0.00010535552428336814,8.331792196258903e-05,0.00014436550554819405,0.00015218243061099201,4.1556235373718664e-05,368,386,383,368,0
43,F,62,0.00017813073645811528,8.615465776529163e-05,0.0003981556510552764,0.00018485252803657204,4.336010169936344e-05,363,376,389,363,0
43,F,63,0.00015128387894947082,8.86614725459367e-05,0.00020689614757429808,0.00026858216733671725,4.099568832316436e-05,374,387,380,374,0
43,F,64,0.00014659292355645448,7.141242531361058e-05,0.0002773527812678367,0.0001933593739522621,4.424715734785423e-05,367,383,384,367,0
43,F,65,0.00014597912377212197,9.563000639900565e-05,0.0002210505335824564,0.00022799966973252594,3.923632175428793e-05,363,303,383,363,0
43,F,66,0.00015145278302952647,0.00013608273002319038,0.00014458782970905304,0.0002774556342046708,4.768493818119168e-05,364,387,382,364,0
43,F,67,0.0001441799249732867,7.098764763213694e-05,0.0002690182300284505,0.00019044021610170603,4.6273657062556595e-05,369,371,384,369,0
43,F,68,0.00014420380466617644,7.769213698338717e-05,0.00021062536688987166,0.0002465129364281893,4.198478927719407e-05,371,398,385,371,0
43,F,69,0.00015541419270448387,7.43981363484636e-05,0.0002798914792947471,0.00021931769151706249,4.804946365766227e-05,361,385,379,361,0
43,F,70,0.00012278884241823107,8.501032425556332e-05,0.00022104904928710312,0.0001486956753069535,3.640033901319839e-05,364,295,390,364,0
43,F,71,9.143150236923248e-05,8.977434481494129e-05,8.483860437991098e-05,0.00015205818635877222,3.905488847522065e-05,370,384,389,370,0
43,F,72,0.00014273640408646315,7.647176244063303e-05,0.00020737372688017786,0.00023857264022808522,4.852747224504128e-05,358,376,381,358,0
43,F,73,0.00012050331133650616,8.018821972655132e-05,0.00016047853569034487,0.0002012167969951406,4.0129682020051405e-05,358,392,383,358,0
43,F,74,0.00012337177759036422,6.727830623276532e-05,0.00020362930081319064,0.0001857374154496938,3.684207331389189e-05,375,384,381,375,0
43,F,75,0.0001360839232802391,9.233311720890924e-05,0.00019819318549707532,0.000207592238439247,4.621709740604274e-05,367,302,383,367,0
43,F,76,0.00011203240137547255,8.940792758949101e-05,0.00017025817942339927,0.0001450315467081964,4.343193722888827e-05,364,384,384,364,0
43,F,77,0.00013823357585351914,8.624751353636384e-05,0.0002461381664033979,0.00017475207278039306,4.579654705594294e-05,368,384,391,368,0
43,F,78,0.00011579002602957189,6.495966226793826e-05,0.00012941317982040346,0.00021687774278689176,5.190953015699051e-05,363,387,377,363,0
43,F,79,0.00011929690663237125,0.00010047888645203784,0.00016719968698453158,0.00016722067084629089,4.2288374970667064e-05,363,394,384,363,0
43,F,80,0.00010813227709149942,7.216773519758135e-05,0.00012126751244068146,0.0001996788487304002,3.9415004721377045e-05,365,308,381,365,0
43,F,81,0.00011236332647968084,7.5806092354469e-05,0.00012194698501843959,0.0002119500277331099,3.975018989876844e-05,370,378,386,370,0
43,F,82,9.255507029592991e-05,7.493888551834971e-05,0.00012948330549988896,0.00011726016964530572,4.853791688219644e-05,369,379,382,369,0
43,F,83,8.657717989990488e-05,6.226748519111425e-05,8.732388960197568e-05,0.00015754172636661679,3.917561116395518e-05,377,394,387,377,0
43,F,84,9.899456199491397e-05,5.4476437071571127e-05,0.00016516083269380033,0.0001343010808341205,4.20399010181427e-05,366,389,381,366,0
43,F,85,0.00011101556447101757,5.992883598082699e-05,0.00020763180509675294,0.00013563748507294804,4.086413900949992e-05,365,296,384,365,0
43,F,86,9.37848089961335e-05,7.495337922591716e-05,8.924531721277162e-05,0.00017144989396911114,3.94906492147129e-05,368,379,376,368,0
43,F,87,0.00012115731806261465,7.950107101351023e-05,0.0001908508565975353,0.00017724405915942043,3.703324546222575e-05,375,371,384,375,0
43,F,88,8.949368930188939e-05,7.212815398816019e-05,0.00011999149865005165,0.00011608939530560747,4.976571653969586e-05,358,393,379,358,0
43,F,89,0.00010116538032889366,5.52303135918919e-05,0.00016928458353504539,0.00013635189679916948,4.3794760131277144e-05,368,377,383,368,0
43,F,90,9.715714259073138e-05,7.234546501422301e-05,0.0001247033942490816,0.00014635555271524936,4.5224136556498706e-05,359,307,386,359,0
43,F,91,8.464050915790722e-05,6.45238978904672e-05,9.643913654144853e-05,0.0001379677269142121,3.963126800954342e-05,367,376,385,367,0
43,F,92,0.00011343806545482948,5.588327985606156e-05,0.0001626806624699384,0.00019910400442313403,3.608428596635349e-05,374,385,384,374,0
43,F,93,0.00010344137263018638,6.325516733340919e-05,0.00010040869528893381,0.00020661430608015507,4.348733273218386e-05,369,390,381,369,0
43,F,94,0.00011052101035602391,7.578825898235664e-05,0.00016955241153482348,0.00015147891826927662,4.526445991359651e-05,359,382,378,359,0
43,F,95,0.00010692290379665792,6.699719233438373e-05,0.00018713258032221347,0.0001329876686213538,4.0574162994744256e-05,368,294,382,368,0
43,F,96,8.098498801700771e-05,5.160089858691208e-05,7.377101428573951e-05,0.000159066854394041,3.950117024942301e-05,368,386,384,368,0
43,F,97,0.0001010753185255453,6.121751357568428e-05,0.00018759342492558062,0.00011870128946611658,3.678904249682091e-05,370,380,377,370,0
43,F,98,8.273279672721401e-05,5.932297062827274e-05,9.41219404921867e-05,0.0001429070543963462,3.457921411609277e-05,365,393,388,365,0
43,F,99,0.00011242864275118336,5.5430627980967984e-05,0.00023123165010474622,0.00012023188173770905,4.282041118131019e-05,359,385,386,359,0
43,F,100,8.904276910470799e-05,5.1591574447229505e-05,0.00014933636703062803,0.00012002354196738452,3.521958569763228e-05,367,299,380,367,0
43,F,101,7.019368058536202e-05,4.651651397580281e-05,7.952125451993197e-05,0.00011571698996704072,3.901996751665138e-05,371,394,380,371,0
43,F,102,9.760355169419199e-05,4.416811134433374e-05,0.0001626549055799842,0.0001450428826501593,3.8548307202290744e-05,364,377,377,364,0
43,F,103,7.532400923082605e-05,6.192202999955043e-05,9.738569497130811e-05,0.00010189643944613636,4.009185795439407e-05,369,390,384,369,0
43,F,104,0.00011118438123958185,4.903122680843808e-05,0.0001871645072242245,0.00017276781727559865,3.577399183996022e-05,366,385,385,366,0
43,F,105,9.180803317576647e-05,4.693342270911671e-05,0.00014621553418692201,0.0001344825141131878,3.960064350394532e-05,373,303,385,373,0
43,F,106,7.35078938305378e-05,5.5278229410760105e-05,8.584005990996957e-05,0.00011740719492081553,3.550609471858479e-05,369,384,375,369,0
43,F,107,9.175157902063802e-05,4.9056085117626935e-05,0.00014921423280611634,0.00012879082350991666,3.994517828687094e-05,369,385,388,369,0
43,F,108,8.651401731185615e-05,6.454867252614349e-05,8.985992462839931e-05,0.0001496260374551639,4.202144918963313e-05,363,397,385,363,0
43,F,109,7.872320566093549e-05,5.063691787654534e-05,0.000120612392493058,0.00010053896403405815,4.310454460210167e-05,373,388,382,373,0
43,F,110,8.665736822877079e-05,4.5032298658043146e-05,0.0001152934055426158,0.00014408623974304646,4.22175507992506e-05,361,303,385,361,0
43,F,111,9.589071851223707e-05,4.914493911201134e-05,0.00010934254532912746,0.0001858053292380646,3.927005673176609e-05,375,375,380,375,0
43,F,112,0.00010049667616840452,4.611732947523706e-05,0.00019630581664387137,0.0001243981532752514,3.516540164127946e-05,376,377,381,376,0
43,F,113,7.214571814984083e-05,4.9498066800879315e-05,8.998048724606633e-05,0.00011291383998468518,3.619048948166892e-05,372,391,386,372,0
43,F,114,0.00013814894191455096,5.3884425142314285e-05,0.00020161019347142428,0.0002589738869573921,3.8127214793348685e-05,371,388,380,371,0
43,F,115,8.616284321760759e-05,4.618437742465176e-05,0.00011953322973567992,0.0001403845235472545,3.8549256714759395e-05,368,305,378,368,0
43,F,116,9.81121847871691e-05,5.0054579332936555e-05,8.924311259761453e-05,0.0002126243052771315,4.052672738907859e-05,373,376,384,373,0
43,F,117,9.343800775241107e-05,5.1297425670782104e-05,0.00015274772886186838,0.00013348452921491116,3.6222343624103814e-05,373,380,390,373,0
43,F,118,6.666410627076402e-05,4.330857336753979e-05,8.452310430584475e-05,9.65049330261536e-05,4.231981802149676e-05,361,390,382,361,0
43,F,119,9.687258716439828e-05,4.367117799120024e-05,0.00016621114627923816,0.00013984227553009987,3.776573794311844e-05,368,386,385,368,0
43,F,120,8.746437379159033e-05,4.7610570618417114e-05,0.00013533694436773658,0.00012957549188286066,3.733448829734698e-05,367,301,385,367,0
43,F,121,7.606028520967811e-05,6.222791853360832e-05,7.248145993798971e-05,0.0001279361022170633,4.1595674701966345e-05,366,377,378,366,0
43,F,122,9.59276148932986e-05,5.78308645344805e-05,0.00016503332881256938,0.00012180643534520641,3.90398308809381e-05,360,377,385,360,0
43,F,123,0.00011029501911252737,5.3597443184116855e-05,8.57043414725922e-05,0.00026048391009680927,4.1394392610527575e-05,361,392,391,361,0
43,F,124,8.155364776030183e-05,4.266772521077655e-05,0.00011898783122887835,0.00012392121425364166,4.063782762386836e-05,363,391,375,363,0
43,F,125,7.992128666955978e-05,5.166320261196233e-05,0.00011433999316068366,0.00011934265057789162,3.433929668972269e-05,368,295,383,368,0
43,F,126,5.795986362500116e-05,5.254985444480553e-05,5.9636891819536686e-05,8.272095146821812e-05,3.6931753129465505e-05,363,384,389,363,0
43,F,127,9.575015428708866e-05,5.170108124730177e-05,0.0001796159049263224,0.00011753766011679545,3.4145970857935026e-05,374,380,380,374,0
43,F,128,7.156968786148354e-05,4.25724356318824e-05,8.366133261006325e-05,0.00012420954590197653,3.583545912988484e-05,367,385,384,367,0
43,F,129,8.361932123079896e-05,5.466286893351935e-05,0.00010704500164138153,0.0001406565570505336,3.211288640159182e-05,363,393,383,363,0
43,F,130,7.92443024693057e-05,5.386556949815713e-05,0.00012537091970443726,0.0001005452431854792,3.7195492041064426e-05,364,303,382,364,0
43,F,131,6.4280946389772e-05,4.3071373511338606e-05,5.5624364904360846e-05,0.00012099205196136609,3.7436006095958874e-05,369,385,384,369,0
43,F,132,7.955686305649579e-05,4.525884287431836e-05,9.679260256234556e-05,0.00014307770470622927,3.309830935904756e-05,371,385,385,371,0
43,F,133,6.52331582386978e-05,4.329061266616918e-05,7.612047193106264e-05,0.0001030625935527496,3.845896935672499e-05,361,395,379,361,0
43,F,134,8.545129094272852e-05,4.958100544172339e-05,0.0001679134147707373,9.446789044886827e-05,2.9842849471606314e-05,364,381,390,364,0
43,F,135,8.092258212855086e-05,5.0863200158346444e-05,0.00013135690824128687,0.00011016725329682231,3.1302974093705416e-05,370,306,389,370,0
43,F,136,6.521464820252731e-05,4.539821020443924e-05,5.486256486619823e-05,0.00012373267963994294,3.6865130823571235e-05,358,384,381,358,0
43,F,137,8.71121374075301e-05,4.739454743685201e-05,0.00013155820488464087,0.00013783707981929183,3.1658717489335686e-05,358,375,383,358,0
43,F,138,6.240126822376624e-05,4.0017988794716075e-05,8.485870785079896e-05,9.552921983413398e-05,2.9199156415415928e-05,375,393,381,375,0
43,F,139,8.755684393690899e-05,5.2555955335265025e-05,0.00013794080587103963,0.00012399959086906165,3.5731038224184886e-05,367,391,383,367,0
43,F,140,6.695307092741132e-05,5.17087391926907e-05,9.575341391609982e-05,8.695151336723939e-05,3.339863906148821e-05,364,303,384,364,0
43,F,141,6.798221147619188e-05,5.156575207365677e-05,7.655287481611595e-05,0.00010891525744227692,3.489495793473907e-05,368,380,391,368,0
43,F,142,7.110711885616183e-05,3.954624116886407e-05,0.00010361177555751055,0.00010195103823207319,3.9319435018114746e-05,363,376,377,363,0
43,F,143,6.313156336545944e-05,5.7203342294087633e-05,5.904566933168098e-05,0.00010359950829297304,3.2677751732990146e-05,363,393,384,363,0
43,F,144,8.183985482901335e-05,4.385415377328172e-05,0.00012807379243895411,0.00012510769010987133,3.032380118384026e-05,365,396,381,365,0
43,F,145,7.347622886300087e-05,4.7078174247872084e-05,0.00011415029439376667,0.00010145262785954401,3.122379712294787e-05,370,295,386,370,0
43,F,146,5.5313041229965165e-05,4.6068882511463016e-05,6.425966421375051e-05,7.475855090888217e-05,3.616507456172258e-05,369,384,382,369,0
43,F,147,6.759471580153331e-05,3.7173529563006014e-05,9.771143231773749e-05,0.00010553102765697986,2.996286639245227e-05,377,381,387,377,0
43,F,148,5.9539397625485435e-05,3.364514486747794e-05,6.24512176727876e-05,0.00011009132140316069,3.1969906558515504e-05,366,398,381,366,0
43,F,149,6.671453593298793e-05,3.6093249946134165e-05,0.00011660699965432286,8.242169860750437e-05,3.173620279994793e-05,365,386,384,365,0
43,F,150,6.822995055699721e-05,4.563753827824257e-05,7.90694757597521e-05,0.0001172582051367499,3.0954572139307857e-05,368,306,376,368,0
43,F,151,6.202356598805636e-05,4.778462607646361e-05,7.75645676185377e-05,9.368493192596361e-05,2.9060154702165164e-05,375,389,384,375,0
43,F,152,7.726371404714882e-05,4.445693775778636e-05,0.00012910521763842553,9.869860514299944e-05,3.679409928736277e-05,358,375,379,358,0
43,F,153,5.885502469027415e-05,3.431812729104422e-05,6.001284782541916e-05,0.00010799962183227763,3.3089512726292014e-05,368,394,383,368,0
43,F,154,9.111652616411448e-05,4.420725235831924e-05,0.00020180470892228186,8.487958984915167e-05,3.357451714691706e-05,359,383,386,359,0
43,F,155,6.680211663478985e-05,4.003088179160841e-05,0.00011814932804554701,7.87488097557798e-05,3.027946331712883e-05,367,301,385,367,0
43,F,156,5.525736924028024e-05,3.503810512484051e-05,5.085119482828304e-05,0.00010710782225942239,2.8032338377670385e-05,374,376,384,374,0
43,F,157,8.757909381529316e-05,4.00320568587631e-05,0.00014858525537420064,0.00012960471212863922,3.209433634765446e-05,369,380,381,369,0
43,F,158,7.713006198173389e-05,4.79258487757761e-05,5.981718277325854e-05,0.00016785461048129946,3.2922591344686225e-05,359,397,378,359,0
43,F,159,7.256511162267998e-05,4.205170625937171e-05,0.00012658513151109219,9.103551565203816e-05,3.058810398215428e-05,368,391,382,368,0
43,F,160,5.3040403145132586e-05,3.402689617360011e-05,7.075224129948765e-05,7.765142800053582e-05,2.973104164993856e-05,368,299,384,368,0
43,F,161,5.4804462706670165e-05,3.93525515391957e-05,5.234731361269951e-05,9.934767876984552e-05,2.8170290534035303e-05,370,381,377,370,0
43,F,162,6.342346750898287e-05,3.9509810449089855e-05,0.00010412580013507977,8.342616638401523e-05,2.6632100343704224e-05,365,383,388,365,0
43,F,163,4.636713129002601e-05,3.7425961636472493e-05,5.398897337727249e-05,6.205192767083645e-05,3.2001677027437836e-05,359,395,386,359,0
43,F,164,5.56974409846589e-05,3.493629628792405e-05,8.480514225084335e-05,7.58118403609842e-05,2.723647776292637e-05,367,379,380,367,0
43,F,165,6.066011337679811e-05,3.149540498270653e-05,8.278563473140821e-05,9.915602277033031e-05,2.9203391022747383e-05,371,300,380,371,0
43,F,166,4.691302092396654e-05,2.978834163513966e-05,5.5049727961886674e-05,7.408697274513543e-05,2.8727039534715004e-05,364,385,377,364,0
43,F,167,6.262231181608513e-05,4.238076871843077e-05,0.00010468929394846782,7.324481703108177e-05,3.017436210939195e-05,369,376,384,369,0
43,F,168,5.401243470259942e-05,3.421009751036763e-05,5.632236207020469e-05,9.82541823759675e-05,2.7263095034868456e-05,366,393,385,366,0
43,F,169,6.258485518628731e-05,3.18147758662235e-05,0.00010276276589138433,8.624059410067275e-05,2.9521297619794495e-05,373,387,385,373,0
43,F,170,6.34536481811665e-05,3.628159538493492e-05,0.00011169312347192317,7.86083037382923e-05,2.723158468143083e-05,369,307,375,369,0
43,F,171,4.466626705834642e-05,3.286734136054292e-05,4.061121944687329e-05,7.67329620430246e-05,2.8453550839913078e-05,369,388,388,369,0
43,F,172,6.202975782798603e-05,4.270235513104126e-05,7.138192449929193e-05,0.0001030172425089404,3.101751281064935e-05,363,385,385,363,0
43,F,173,5.7135202951030806e-05,3.435367761994712e-05,7.358219590969384e-05,8.967705070972443e-05,3.0927880288800225e-05,373,400,382,373,0
43,F,174,8.783869998296723e-05,3.0871102353557944e-05,0.0001923833042383194,9.717454668134451e-05,3.0925839382689446e-05,361,389,385,361,0
43,F,175,6.034358739270829e-05,3.3846183214336634e-05,7.28251543478109e-05,0.00010488994303159416,2.9813076253049076e-05,375,311,380,375,0
43,F,176,5.194527329877019e-05,3.165469388477504e-05,5.5914799304446205e-05,9.354358189739287e-05,2.6668019927456044e-05,376,375,381,376,0
43,F,177,6.903673784108832e-05,3.4010412491625175e-05,0.00011594744137255475,9.902314923238009e-05,2.7165948267793283e-05,372,381,386,372,0
43,F,178,5.263815910439007e-05,3.712116085807793e-05,5.0172027840744704e-05,9.456247789785266e-05,2.8696968001895584e-05,371,399,380,371,0
43,F,179,7.866243686294183e-05,3.0722596420673653e-05,0.00015597938909195364,9.892552043311298e-05,2.9022250600974075e-05,368,382,378,368,0
43,F,180,7.36420915927738e-05,3.476741039776243e-05,0.0001128619842347689,0.0001169193783425726,3.0019586120033637e-05,373,304,384,373,0
43,F,181,4.699361670645885e-05,3.563498830772005e-05,6.33219606243074e-05,6.157479947432876e-05,2.7442718419479206e-05,373,372,390,373,0
43,F,182,5.8221834478899837e-05,2.920300539699383e-05,9.522421896690503e-05,7.682010618736967e-05,3.163998917443678e-05,361,382,382,361,0
43,F,183,5.75229678361211e-05,2.9665048714377917e-05,8.018055814318359e-05,9.176433377433568e-05,2.848191979865078e-05,368,388,385,368,0
43,F,184,5.8858131524175406e-05,3.426443072385155e-05,9.875422256300226e-05,7.445104711223394e-05,2.79628366115503e-05,367,387,385,367,0
43,F,185,6.257477070903406e-05,4.3841566366609186e-05,8.825083205010742e-05,8.780024654697627e-05,3.0406456062337384e-05,366,299,378,366,0
43,F,186,5.6310658692382276e-05,4.056268517160788e-05,5.6206361477961764e-05,9.860652789939195e-05,2.9867069315514527e-05,360,383,385,360,0
43,F,187,7.138769433367997e-05,3.784195359912701e-05,7.839508180040866e-05,0.0001381555775878951,3.115815343335271e-05,361,374,391,361,0
43,F,188,6.507386569865048e-05,2.966140709759202e-05,9.440855501452461e-05,0.00010532083979342133,3.090464815613814e-05,363,384,375,363,0
43,F,189,5.6239270634250715e-05,3.364007352502085e-05,8.72123782755807e-05,7.78754401835613e-05,2.622920146677643e-05,368,388,383,368,0
43,F,190,5.898290328332223e-05,3.6606721550924703e-05,0.00010606397700030357,6.493628461612388e-05,2.8324619052000344e-05,363,302,389,363,0
43,F,191,5.253431299934164e-05,3.581913551897742e-05,6.811237835790962e-05,8.017285290407017e-05,2.6032887035398744e-05,374,382,380,374,0
43,F,192,5.2068404329475015e-05,2.8559026759467088e-05,7.336684939218685e-05,7.909101259429008e-05,2.7256726752966642e-05,367,382,384,367,0
43,F,193,4.924942913930863e-05,3.737599035957828e-05,6.485803896794096e-05,7.009992259554565e-05,2.4663757358212024e-05,363,385,383,363,0
43,F,194,5.9088284615427256e-05,3.597214526962489e-05,8.5925028542988e-05,8.613241516286507e-05,2.8323556762188673e-05,364,380,382,364,0
43,F,195,5.2922056056559086e-05,2.782726733130403e-05,6.933652184670791e-05,8.573893137509003e-05,2.8785494578187354e-05,369,304,384,369,0
43,F,196,5.2338960813358426e-05,2.978414522658568e-05,6.833737279521301e-05,8.585453178966418e-05,2.5379789803992026e-05,371,384,385,371,0
43,F,197,5.167302879272029e-05,2.8322680009296164e-05,6.66298292344436e-05,8.205301128327847e-05,2.9686598281841725e-05,361,382,379,361,0
43,F,198,4.434181755641475e-05,3.305752397864126e-05,5.352572406991385e-05,6.717777432641014e-05,2.3606253307661973e-05,364,394,390,364,0
43,F,199,4.989207809558138e-05,3.237458076910116e-05,8.484842692269012e-05,5.776347825303674e-05,2.458181552356109e-05,370,383,389,370,0
43,F,200,5.3760959417559206e-05,2.946778477053158e-05,7.427697710227221e-05,8.288051321869716e-05,2.8418548026820645e-05,358,307,381,358,0
44,N,1,0.00015319211524911225,0.00030340702505782247,0.00010262370051350445,8.215961133828387e-05,0.00012457807315513492,363,380,383,363,0
44,N,2,0.0007697459077462554,6.902751920279115e-05,0.000704009726177901,0.00015703258395660669,0.002148913685232401,364,384,382,364,0
44,N,3,0.00010788763029268011,5.781130676041357e-05,0.00015721446834504604,9.905892511596903e-05,0.00011746582458727062,369,392,384,369,0
44,N,4,0.0003432482772041112,0.000646499334834516,0.0005433024489320815,0.0001351403770968318,4.805090429726988e-05,371,388,385,371,0
44,N,5,0.00020554951333906502,0.0005691269179806113,9.478141873842105e-05,0.00013369556108955294,2.4594164642621763e-05,361,304,379,361,0
44,N,6,0.00019605450506787747,0.0005437941290438175,0.00013200461398810148,8.618753054179251e-05,2.2231784896575846e-05,364,381,390,364,0
44,N,7,0.0031731785275042057,0.0002956516109406948,0.012251355685293674,0.00012111058458685875,2.4595810828031972e-05,370,374,389,370,0
44,N,8,0.00013662187848240137,0.00021051717340014875,0.0001734289398882538,0.00013472432328853756,2.7817104637506418e-05,358,385,381,358,0
44,N,9,0.00039703422226011753,0.00018442475993651897,0.0012514216359704733,0.00012379302643239498,2.8497435778263025e-05,358,386,383,358,0
44,N,10,0.0020398085471242666,0.00019938766490668058,0.007837776094675064,9.451411460759118e-05,2.7555684937397018e-05,375,306,381,375,0
44,N,11,0.00043407880002632737,0.00015398771211039275,0.0013875067234039307,0.00015640216588508338,3.841869693133049e-05,367,380,383,367,0
44,N,12,0.0009116445435211062,0.00010482533980393782,0.003366687800735235,0.00011628566426225007,5.877949297428131e-05,364,385,384,364,0
44,N,13,0.002219222718849778,0.00011653158435365185,0.00811565201729536,0.0005370042636059225,0.00010770256631076336,368,390,391,368,0
44,N,14,0.00038308161310851574,0.0001093734463211149,0.0008912342018447816,0.000432114873547107,9.96039598248899e-05,363,384,377,363,0
44,N,15,0.0016831865068525076,0.00014485175779554993,0.006370097864419222,0.00014263913908507675,7.515735342167318e-05,363,300,384,363,0
44,N,16,0.00019522724323906004,0.00014925524010322988,0.00040844245813786983,0.00017273444973398,5.0476806791266426e-05,365,386,381,365,0
44,N,17,0.00026862823870033026,0.00024281312653329223,0.0006276069325394928,0.00015909851936157793,4.499445276451297e-05,370,386,386,370,0
44,N,18,0.00022588029969483614,0.00024801117251627147,0.00047065067337825894,0.00015075506235007197,3.410432691453025e-05,369,389,382,369,0
44,N,19,0.00022494122094940394,0.00026778169558383524,0.00044076330959796906,0.00016502670769114047,2.6193218218395486e-05,377,385,387,377,0
44,N,20,0.0003036623529624194,0.00019518024055287242,0.0007533849566243589,0.00023896549828350544,2.7118729121866636e-05,366,308,381,366,0
44,N,21,0.0006575247971341014,0.00021528250363189727,0.002204763935878873,0.00018478032143320888,2.527254036976956e-05,365,383,384,365,0
44,N,22,0.0002404203696642071,0.0002300044579897076,0.0004896160680800676,0.0002093588118441403,3.27021989505738e-05,368,389,376,368,0
44,N,23,0.0005941820563748479,0.0001877120666904375,0.001920493901707232,0.0002408717555226758,2.7650386982713826e-05,375,396,384,375,0
44,N,24,0.00024215172743424773,0.00018834056390915066,0.0005795449833385646,0.000159020783030428,4.170061947661452e-05,358,383,379,358,0
44,N,25,0.00024569506058469415,8.641728345537558e-05,0.0006600924534723163,0.00020532005873974413,3.095041392953135e-05,368,307,383,368,0
44,N,26,0.00013893180585000664,0.00010177395597565919,0.0002179451985284686,0.00019943015649914742,3.657791967270896e-05,359,378,386,359,0
44,N,27,0.0004203331482131034,8.958532271208242e-05,0.0014144314918667078,0.00013812216639053077,3.9193681004690006e-05,367,372,385,367,0
44,N,28,0.00010394429409643635,5.1171722589060664e-05,0.00013418342859949917,0.00019670947222039104,3.3712571166688576e-05,374,390,384,374,0
44,N,29,0.00024904668680392206,6.27279732725583e-05,0.000548851618077606,0.00034121391945518553,4.339324004831724e-05,369,379,381,369,0
44,N,30,0.00016441583284176886,7.20392054063268e-05,0.0002802535018417984,0.00024371864856220782,6.165196100482717e-05,359,304,378,359,0
44,N,31,9.566407970851287e-05,5.9802023315569386e-05,0.00015913599054329097,0.00010841852781595662,5.529979171114974e-05,368,372,382,368,0
44,N,32,0.00034974547452293336,4.171458931523375e-05,0.0011691517429426312,0.00012838956899940968,5.972596409264952e-05,368,383,384,368,0
44,N,33,0.00012254623288754374,3.7790759961353615e-05,0.00024411326739937067,0.00014855325571261346,5.972764120087959e-05,370,381,377,370,0
44,N,34,0.00015625134983565658,4.220162009005435e-05,0.0003792310308199376,0.00014080874097999185,6.276397471083328e-05,365,389,388,365,0
44,N,35,9.66373918345198e-05,3.9878999814391136e-05,0.00016548248822800815,0.00011184864706592634,6.93394395057112e-05,359,301,386,359,0
44,N,36,9.055047121364623e-05,4.343437103671022e-05,0.00014147705223876983,0.00010719398414948955,7.009650289546698e-05,367,372,380,367,0
44,N,37,0.00010753703827504069,3.471421223366633e-05,0.000223821189138107,9.923498146235943e-05,7.237777026602998e-05,371,375,380,371,0
44,N,38,8.754507871344686e-05,2.9113401978975162e-05,0.00011633151007117704,0.00012664642417803407,7.808896771166474e-05,364,389,377,364,0
44,N,39,0.0001410113472957164,7.167769217630848e-05,0.00029255938716232777,0.00011092951899627224,8.887880539987236e-05,369,395,384,369,0
44,N,40,0.00011711257684510201,4.3586485844571143e-05,0.00022719718981534243,0.00012130497634643689,7.636166992597282e-05,366,295,385,366,0
44,N,41,0.0001064320676960051,3.0489089112961665e-05,0.00016976227925624698,0.00014658663712907583,7.889028347562999e-05,373,374,385,373,0
44,N,42,0.0002924469590652734,6.35406031506136e-05,0.0009104660130105913,0.00011503674613777548,8.074445213424042e-05,369,388,375,369,0
44,N,43,8.993421943159774e-05,4.071805233252235e-05,9.888363274512812e-05,0.00011520758562255651,0.00010492759611224756,369,394,388,369,0
44,N,44,0.00017243505863007158,0.0001848460378823802,0.0002925159060396254,0.000133118883240968,7.925940735731274e-05,363,385,385,363,0
44,N,45,9.700008376967162e-05,4.0757680835668e-05,0.00015665081446059048,8.220446761697531e-05,0.00010838737216545269,373,297,382,373,0
44,N,46,7.888730033300817e-05,4.188479215372354e-05,7.949147402541712e-05,0.00011455219646450132,7.962073141243309e-05,361,388,385,361,0
44,N,47,0.00010459635814186186,3.9846701838541776e-05,0.00015443423762917519,0.00013227116141933948,9.183334623230621e-05,375,383,380,375,0
44,N,48,7.799180457368493e-05,2.759637573035434e-05,8.77520433277823e-05,0.00012678811617661268,6.983066850807518e-05,376,392,381,376,0
44,N,49,0.00012869088095612824,4.38118186139036e-05,0.0002739982446655631,0.00012344951392151415,7.350393570959568e-05,372,383,386,372,0
44,N,50,9.603249054634944e-05,3.910940358764492e-05,0.00012798859097529203,0.00014971892233006656,6.731304893037304e-05,371,310,380,371,0
44,N,51,9.155734733212739e-05,3.084130003117025e-05,9.250655421055853e-05,0.000176598594407551,6.628291157539934e-05,368,384,378,368,0
44,N,52,0.00012002026778645813,3.2729727536207065e-05,0.0002479623071849346,0.00013797303836327046,6.141599442344159e-05,373,382,384,373,0
44,N,53,8.642749162390828e-05,2.9244929464766756e-05,0.00016082191723398864,0.0001007796308840625,5.486348891281523e-05,373,389,390,373,0
44,N,54,0.00010141683014808223,3.226892295060679e-05,0.00022286715102382004,9.30742608034052e-05,5.745697853853926e-05,361,385,382,361,0
44,N,55,9.051257075043395e-05,2.328316622879356e-05,0.00020011937886010855,9.516054706182331e-05,4.3487198126967996e-05,368,297,385,368,0
44,N,56,9.681845403974876e-05,2.936307282652706e-05,0.00017367095279041678,0.00013595231575891376,4.828748569707386e-05,367,379,385,367,0
44,N,57,0.00012465481995604932,4.049555354868062e-05,0.00027221027994528413,0.00014019652735441923,4.571690078591928e-05,366,378,378,366,0
44,N,58,7.520279177697375e-05,4.0927207010099664e-05,8.423409599345177e-05,0.0001201616832986474,5.548817716771737e-05,360,393,385,360,0
44,N,59,0.00010597300570225343,3.716494029504247e-05,0.0002326275425730273,0.00011045097198802978,4.364855703897774e-05,361,384,391,361,0
44,N,60,7.36621514079161e-05,3.495172131806612e-05,9.57219599513337e-05,0.00011500308028189465,4.8971862270263955e-05,363,299,375,363,0
44,N,61,5.069491089670919e-05,2.9847231417079456e-05,5.814786345581524e-05,8.072663331404328e-05,3.405791721888818e-05,368,386,383,368,0
44,N,62,0.0002446851576678455,3.631387880886905e-05,0.0008229934028349817,7.952828309498727e-05,3.990505138062872e-05,363,376,389,363,0
44,N,63,6.361015402944759e-05,3.0642888305010274e-05,9.400187991559505e-05,9.474581747781485e-05,3.505002678139135e-05,374,387,380,374,0
44,N,64,9.872656664811075e-05,2.603672692202963e-05,0.0002263214555568993,0.00010931191354757175,3.3236181479878724e-05,367,383,384,367,0
44,N,65,9.71646950347349e-05,3.660230140667409e-05,0.0001296584669034928,0.0001821642799768597,4.0233720937976614e-05,363,303,383,363,0
44,N,66,7.172030018409714e-05,3.932965046260506e-05,0.00011121007992187515,0.00010096746700583026,3.537399970809929e-05,364,387,382,364,0
44,N,67,7.258591358549893e-05,2.7369738745619543e-05,0.00014103455760050565,8.858400542521849e-05,3.33553361997474e-05,369,371,384,369,0
44,N,68,7.499945058953017e-05,2.7124018743052147e-05,0.00011724416981451213,0.00012657024490181357,2.9059356165817007e-05,371,398,385,371,0
44,N,69,8.987034379970282e-05,2.9080576496198773e-05,0.00019192422041669488,0.00011117934627691284,2.729723564698361e-05,361,385,379,361,0
44,N,70,6.284644769039005e-05,3.084875061176717e-05,0.00010678714897949249,8.793450251687318e-05,2.5815385015448555e-05,364,295,390,364,0
44,N,71,4.632928903447464e-05,2.6638263079803437e-05,5.054495341028087e-05,8.430230082012713e-05,2.3831647922634147e-05,370,384,389,370,0
44,N,72,8.077805978246033e-05,3.870193540933542e-05,0.00012375858204904944,0.00012470941874198616,3.594229929149151e-05,358,376,381,358,0
44,N,73,6.90265660523437e-05,3.564748476492241e-05,0.00010147318243980408,0.00010569437290541828,3.329122773720883e-05,358,392,383,358,0
44,N,74,7.757321145618334e-05,2.3160999262472615e-05,0.00017361126083415002,9.082104952540249e-05,2.269953074574005e-05,375,384,381,375,0
44,N,75,7.4635652708821e-05,3.9144910260802135e-05,0.00011039088713005185,0.00012039134162478149,2.86154627247015e-05,367,302,383,367,0
44,N,76,5.573701491812244e-05,3.6057048419024795e-05,9.118745219893754e-05,6.884465256007388e-05,2.6858910132432356e-05,364,384,384,364,0
44,N,77,0.0001240027486346662,3.344961805851199e-05,0.00031594187021255493,0.0001185098517453298,2.810966907418333e-05,368,384,391,368,0
44,N,78,5.677108856616542e-05,3.060413655475713e-05,6.716215284541249e-05,0.00010447237582411617,2.4845690859365277e-05,363,387,377,363,0
44,N,79,6.363592547131702e-05,3.885219121002592e-05,0.00010411681432742625,8.297379099531099e-05,2.8600927180377766e-05,363,394,384,363,0
44,N,80,7.997675857041031e-05,2.9415466997306794e-05,0.00015009779599495232,0.00011435065243858844,2.6043097022920847e-05,365,308,381,365,0
44,N,81,5.615675763692707e-05,2.9707138310186565e-05,7.889465632615611e-05,9.366277663502842e-05,2.2362459276337177e-05,370,378,386,370,0
44,N,82,6.478154682554305e-05,3.3512267691548914e-05,0.00013238242536317557,6.440236029447988e-05,2.882915759983007e-05,369,379,382,369,0
44,N,83,4.641226041712798e-05,2.3785760276950896e-05,7.357988943113014e-05,6.878032581880689e-05,1.950307887454983e-05,377,394,387,377,0
44,N,84,6.678821955574676e-05,2.3998913093237206e-05,0.00014193850802257657,7.63743300922215e-05,2.484112155798357e-05,366,389,381,366,0
44,N,85,5.5591153795830905e-05,2.4836808734107763e-05,9.348641469841823e-05,7.94271836639382e-05,2.4614208086859435e-05,365,296,384,365,0
44,N,86,5.1347160479053855e-05,3.165653470205143e-05,5.491480987984687e-05,9.245090768672526e-05,2.6366382371634245e-05,368,379,376,368,0
44,N,87,8.724496001377702e-05,2.8182656024000607e-05,0.00019121232617180794,0.00010752563684945926,2.2059219190850854e-05,375,371,384,375,0
44,N,88,5.1572798838606104e-05,3.408882548683323e-05,7.033564907032996e-05,6.953399133635685e-05,3.233273673686199e-05,358,393,379,358,0
44,N,89,7.94169754954055e-05,2.6649788196664304e-05,0.00018398613610770553,8.024725684663281e-05,2.678471355466172e-05,368,377,383,368,0
44,N,90,4.992805770598352e-05,3.07822301692795e-05,6.259027577470988e-05,8.189766958821565e-05,2.444205711071845e-05,359,307,386,359,0
44,N,91,4.327640635892749e-05,2.9774158974760212e-05,4.805249409400858e-05,7.344243203988299e-05,2.1836551240994595e-05,367,376,385,367,0
44,N,92,7.468821422662586e-05,1.950232035596855e-05,0.00015571191033814102,0.00010577891225693747,1.7759715774445795e-05,374,385,384,374,0
44,N,93,5.3948071581544355e-05,3.135225779260509e-05,5.931101622991264e-05,0.0001015656380332075,2.3563379727420397e-05,369,390,381,369,0
44,N,94,8.646770584164187e-05,3.5615328670246527e-05,0.00018875414389185607,9.401587885804474e-05,2.74854464805685e-05,359,382,378,359,0
44,N,95,6.200680218171328e-05,3.217230550944805e-05,0.00011820020154118538,7.55913060856983e-05,2.2063381038606167e-05,368,294,382,368,0
44,N,96,4.111883754376322e-05,2.293557918164879e-05,4.183020064374432e-05,7.663585711270571e-05,2.307371687493287e-05,368,386,384,368,0
44,N,97,5.6779597798595205e-05,2.2304013327811845e-05,0.0001072386876330711,7.6139229349792e-05,2.1436460883705877e-05,370,380,377,370,0
44,N,98,4.220613118377514e-05,2.61336153926095e-05,4.704477032646537e-05,7.338048453675583e-05,2.2265647203312255e-05,365,393,388,365,0
44,N,99,7.251949864439666e-05,2.3577151296194643e-05,0.00017529357864987105,6.774720532121137e-05,2.346005931030959e-05,359,385,386,359,0
44,N,100,4.5798940845998004e-05,2.0612926164176315e-05,6.909837247803807e-05,7.365921192103997e-05,1.9825254639727063e-05,367,299,380,367,0
44,N,101,3.846219624392688e-05,2.195844535890501e-05,3.4457545552868396e-05,7.519153587054461e-05,2.2241260012378916e-05,371,394,380,371,0
44,N,102,4.8938836698653176e-05,1.8980566892423667e-05,7.872899732319638e-05,7.891141285654157e-05,1.913437336042989e-05,364,377,377,364,0
44,N,103,4.5564120227936655e-05,2.8801541702705435e-05,6.989170651650056e-05,5.8658264606492594e-05,2.490495899110101e-05,369,390,384,369,0
44,N,104,8.274738502223045e-05,2.075654992950149e-05,0.00018347296281717718,0.00010750551155069843,1.9254503058618866e-05,366,385,385,366,0
44,N,105,4.272983642295003e-05,1.9291159333079122e-05,5.6890377891249955e-05,7.343047764152288e-05,2.130731809302233e-05,373,303,385,373,0
44,N,106,4.023562723887153e-05,2.4432250938843936e-05,4.2745439714053646e-05,7.205945439636707e-05,2.1705358449253254e-05,369,384,375,369,0
44,N,107,6.961282633710653e-05,2.317518192285206e-05,0.0001635149383218959,6.494674744317308e-05,2.6814448574441485e-05,369,385,388,369,0
44,N,108,4.737006383948028e-05,3.067135185119696e-05,5.0026646931655705e-05,8.463463746011257e-05,2.41476263909135e-05,363,397,385,363,0
44,N,109,5.4309944971464574e-05,2.5515972083667293e-05,9.627684630686417e-05,5.973186853225343e-05,3.571508568711579e-05,373,388,382,373,0
44,N,110,4.8020738177001476e-05,2.2638081645709462e-05,7.142696995288134e-05,7.577447831863537e-05,2.2243424609769136e-05,361,303,385,361,0
44,N,111,5.000172677682713e-05,2.312526157766115e-05,6.805854354752228e-05,8.630091906525195e-05,2.2522179278894328e-05,375,375,380,375,0
44,N,112,5.2967188821639866e-05,1.8943670511362143e-05,0.00010281724098604172,7.141336391214281e-05,1.869447442004457e-05,376,377,381,376,0
44,N,113,4.4035357859684154e-05,2.4848617613315582e-05,5.161117223906331e-05,7.748604548396543e-05,2.219559064542409e-05,372,391,386,372,0
44,N,114,8.234426786657423e-05,2.4927112463046797e-05,0.00013733476225752383,0.00014608823403250426,2.1026949980296195e-05,371,388,380,371,0
44,N,115,4.652320421882905e-05,2.0124543880228885e-05,7.420774636557326e-05,7.05609199940227e-05,2.1199613911448978e-05,368,305,378,368,0
44,N,116,7.036759780021384e-05,2.0992270947317593e-05,5.367978519643657e-05,0.00018582977645564824,2.0968551325495355e-05,373,376,384,373,0
44,N,117,5.176514605409466e-05,2.124073580489494e-05,0.00010530111467232928,6.083142216084525e-05,1.968730430235155e-05,373,380,390,373,0
44,N,118,3.795739758061245e-05,2.0745017536683008e-05,5.6298726121895015e-05,5.31945115653798e-05,2.1591336917481385e-05,361,390,382,361,0
44,N,119,8.526151941623539e-05,1.6673573554726318e-05,0.00024487898917868733,6.27473127678968e-05,1.6746194887673482e-05,368,386,385,368,0
44,N,120,4.6392731746891513e-05,2.114853668899741e-05,7.503589586121961e-05,6.815237429691479e-05,2.1234116502455436e-05,367,301,385,367,0
44,N,121,4.0722985431784764e-05,2.915218283305876e-05,3.472837488516234e-05,7.737211853964254e-05,2.1639269107254222e-05,366,377,378,366,0
44,N,122,5.906385922571644e-05,2.8470238248701207e-05,0.00012363088899292052,5.588564454228617e-05,2.8268672394915484e-05,360,377,385,360,0
44,N,123,5.387030978454277e-05,2.658079938555602e-05,4.827793236472644e-05,0.00011898208322236314,2.164042234653607e-05,361,392,391,361,0
44,N,124,4.921333311358467e-05,2.1684398234356195e-05,8.311562851304188e-05,6.782040145481005e-05,2.4232898795162328e-05,363,391,375,363,0
44,N,125,3.8072575989644974e-05,2.0803428924409673e-05,5.6512704759370536e-05,5.6967921409523115e-05,1.800625068426598e-05,368,295,383,368,0
44,N,126,3.488038055365905e-05,2.526109165046364e-05,4.493478991207667e-05,4.7735160478623584e-05,2.159048744942993e-05,363,384,389,363,0
44,N,127,5.2475410484476015e-05,2.0958685126970522e-05,0.0001101712477975525,5.979671186651103e-05,1.8974995327880606e-05,374,380,380,374,0
44,N,128,3.3551204978721216e-05,1.6989297364489175e-05,4.0177405026042834e-05,5.795073229819536e-05,1.90873888641363e-05,367,385,384,367,0
44,N,129,4.9098915042122826e-05,2.4409057004959323e-05,8.359676576219499e-05,6.515362474601716e-05,2.323621629329864e-05,363,393,383,363,0
44,N,130,4.651480048778467e-05,2.466719706717413e-05,7.309590000659227e-05,6.773196946596727e-05,2.0564144506352022e-05,364,303,382,364,0
44,N,131,3.729693708010018e-05,1.693391277513001e-05,3.853241287288256e-05,7.333684334298596e-05,2.038458114839159e-05,369,385,384,369,0
44,N,132,4.624754365067929e-05,1.703480666037649e-05,7.15378628228791e-05,7.884720980655402e-05,1.7570295312907547e-05,371,385,385,371,0
44,N,133,3.858894342556596e-05,1.920232898555696e-05,4.175084177404642e-05,7.543389801867306e-05,1.796870492398739e-05,361,395,379,361,0
44,N,134,4.367544170236215e-05,2.0607343685696833e-05,8.784977399045601e-05,5.0002556235995144e-05,1.6242096535279416e-05,364,381,390,364,0
44,N,135,3.6017794627696276e-05,1.770209928508848e-05,5.475456055137329e-05,5.613587927655317e-05,1.5478643035748973e-05,370,306,389,370,0
44,N,136,4.2823419789783657e-05,2.311961907253135e-05,3.511019531288184e-05,9.150686673820019e-05,2.1557007130468264e-05,358,384,381,358,0
44,N,137,6.140046752989292e-05,2.2011869077687152e-05,0.00013745074102189392,6.502824544440955e-05,2.1111030946485698e-05,358,375,383,358,0
44,N,138,3.074035339523107e-05,1.4593949344998691e-05,4.414804425323382e-05,4.867520692641847e-05,1.5544204870820977e-05,375,393,381,375,0
44,N,139,4.256088504916988e-05,2.3414109818986617e-05,6.696231866953894e-05,6.12649237154983e-05,1.8602193449623883e-05,367,391,383,367,0
44,N,140,3.4006647183559835e-05,2.1643081709044054e-05,5.344039527699351e-05,4.302010711398907e-05,1.7923011910170317e-05,364,303,384,364,0
44,N,141,3.2129031751537696e-05,1.9755436369450763e-05,3.6448429455049336e-05,5.3488765843212605e-05,1.8823502614395693e-05,368,380,391,368,0
44,N,142,3.937966175726615e-05,1.8445825844537467e-05,5.943212818237953e-05,6.236707849893719e-05,1.7273618141189218e-05,363,376,377,363,0
44,N,143,3.5139473766321316e-05,2.3971313567017205e-05,4.208344762446359e-05,5.5096312280511484e-05,1.9406828869250603e-05,363,393,384,363,0
44,N,144,4.8077807150548324e-05,1.8375601939624175e-05,8.574154344387352e-05,7.021019700914621e-05,1.798388075258117e-05,365,396,381,365,0
44,N,145,3.5163968277629465e-05,1.860143856902141e-05,5.096800305182114e-05,5.527693429030478e-05,1.580948992341291e-05,370,295,386,370,0
44,N,146,3.169014962622896e-05,1.892509862955194e-05,3.5886900150217116e-05,5.314716690918431e-05,1.8801429177983664e-05,369,384,382,369,0
44,N,147,3.549264874891378e-05,1.4800594726693816e-05,5.7978024415206164e-05,5.5037919082678854e-05,1.4154047676129267e-05,377,381,387,377,0
44,N,148,3.802279388764873e-05,1.4646475392510183e-05,4.4417171011446044e-05,7.569175068056211e-05,1.7335776647087187e-05,366,398,381,366,0
44,N,149,3.795065640588291e-05,1.4937464584363624e-05,7.290424400707707e-05,4.7013851144583896e-05,1.6947073163464665e-05,365,386,384,365,0
44,N,150,3.600998024921864e-05,1.931504266394768e-05,4.892059587291442e-05,5.7227443903684616e-05,1.8576833099359646e-05,368,306,376,368,0
44,N,151,3.250467489124276e-05,1.7651522284722887e-05,3.080258466070518e-05,6.591737474082038e-05,1.564721424074378e-05,375,389,384,375,0
44,N,152,4.340583109296858e-05,1.9954533854615875e-05,8.285086369141936e-05,4.892537253908813e-05,2.189256156270858e-05,358,375,379,358,0
44,N,153,3.6045203160028905e-05,1.5836079910513945e-05,3.447455310379155e-05,7.555665069958195e-05,1.831353256420698e-05,368,394,383,368,0
44,N,154,4.7364279453177005e-05,1.8578766685095616e-05,0.00011292187264189124,4.079447535332292e-05,1.7162012227345258e-05,359,383,386,359,0
44,N,155,4.466536847758107e-05,1.8512708265916444e-05,8.774833258939907e-05,5.667662117048167e-05,1.5723806427558884e-05,367,301,385,367,0
44,N,156,2.8236616344656795e-05,1.2489188520703465e-05,2.5862189431791194e-05,6.131616100901738e-05,1.3278931874083355e-05,374,376,384,374,0
44,N,157,5.127648182678968e-05,1.916385008371435e-05,8.849452569847926e-05,8.119075209833682e-05,1.625680670258589e-05,369,380,381,369,0
44,N,158,4.8407593567389995e-05,2.1576443032245152e-05,3.633390588220209e-05,0.00011658031144179404,1.913970845635049e-05,359,397,378,359,0
44,N,159,3.581055352697149e-05,1.962012356671039e-05,6.204002420417964e-05,4.600746251526289e-05,1.5574603821733035e-05,368,391,382,368,0
44,N,160,3.21355473715812e-05,1.469781363994116e-05,4.2091058276128024e-05,5.492017953656614e-05,1.6833144400152378e-05,368,299,384,368,0
44,N,161,2.786509139696136e-05,1.4430372175411321e-05,2.5097280740737915e-05,5.607069761026651e-05,1.5862015061429702e-05,370,381,377,370,0
44,N,162,3.3313208405161276e-05,1.6691203200025484e-05,5.2687049901578575e-05,4.8719306505518034e-05,1.5155285836954135e-05,365,383,388,365,0
44,N,163,2.6671717932913452e-05,1.5092718058440369e-05,3.2666495826561004e-05,4.237393295625225e-05,1.6553718523937277e-05,359,395,386,359,0
44,N,164,4.0247203287435696e-05,1.3503451555152424e-05,7.135530904633924e-05,6.162605131976306e-05,1.4503999409498647e-05,367,379,380,367,0
44,N,165,3.3347383578075096e-05,1.3900014891987666e-05,4.8708971007727087e-05,5.5275140766752884e-05,1.5505400369875133e-05,371,300,380,371,0
44,N,166,2.6556605007499456e-05,1.2803014215023722e-05,3.1065002985997126e-05,4.7943398385541514e-05,1.4415000805456657e-05,364,385,377,364,0
44,N,167,3.066394492634572e-05,1.837109448388219e-05,4.531455124379136e-05,4.197051748633385e-05,1.69996219483437e-05,369,376,384,369,0
44,N,168,2.8303264116402715e-05,1.3817399121762719e-05,3.4778266126522794e-05,5.0763126637320966e-05,1.3854264580004383e-05,366,393,385,366,0
44,N,169,3.385670424904674e-05,1.3034710718784481e-05,5.951036655460484e-05,4.752242602990009e-05,1.5359313692897558e-05,373,387,385,373,0
44,N,170,3.716402352438308e-05,1.6286419850075617e-05,6.88656436977908e-05,4.83404983242508e-05,1.5163529496931005e-05,369,307,375,369,0
44,N,171,2.550904537201859e-05,1.5448584235855378e-05,2.370167749177199e-05,4.541820817394182e-05,1.746770976751577e-05,369,388,388,369,0
44,N,172,3.68442342733033e-05,2.067125024041161e-05,4.637233723769896e-05,6.386464519891888e-05,1.6468713511130773e-05,363,385,385,363,0
44,N,173,3.2342184567824006e-05,1.724959656712599e-05,4.2690928239608184e-05,4.6116332669043913e-05,2.3311873519560322e-05,373,400,382,373,0
44,N,174,4.484720921027474e-05,1.4795073184359353e-05,9.800606494536623e-05,5.126398536958732e-05,1.532372334622778e-05,361,389,385,361,0
44,N,175,4.0324048313777894e-05,1.5753186744404957e-05,6.761833355994895e-05,6.224046228453517e-05,1.568420702824369e-05,375,311,380,375,0
44,N,176,2.8139580535935238e-05,1.3497546206053812e-05,2.9532988264691085e-05,5.639769369736314e-05,1.313009033765411e-05,376,375,381,376,0
44,N,177,3.843839294859208e-05,1.7007232600008138e-05,6.480344745796174e-05,5.694048013538122e-05,1.5002419786469545e-05,372,381,386,372,0
44,N,178,2.7413088901084848e-05,1.7507207303424366e-05,2.773846972559113e-05,4.99611342092976e-05,1.4445548913499806e-05,371,399,380,371,0
44,N,179,3.9733284211251885e-05,1.4143660337140318e-05,7.676389941480011e-05,5.375832552090287e-05,1.4267254300648347e-05,368,382,378,368,0
44,N,180,4.2516025132499635e-05,1.4723339518241119e-05,7.431655103573576e-05,6.656119512626901e-05,1.446302303520497e-05,373,304,384,373,0
44,N,181,2.513173603801988e-05,1.5561168765998445e-05,3.162221037200652e-05,3.96747091144789e-05,1.3668861356563866e-05,373,372,390,373,0
44,N,182,4.267040276317857e-05,1.456047630199464e-05,0.0001011394924717024,4.049241033499129e-05,1.4489230125036556e-05,361,382,382,361,0
44,N,183,2.6151712518185377e-05,1.2405026609485503e-05,3.224863394279964e-05,4.8297049943357706e-05,1.1656138667603955e-05,368,388,385,368,0
44,N,184,3.034046858374495e-05,1.5532214092672803e-05,4.9826729082269594e-05,4.130795787204988e-05,1.4694970559503417e-05,367,387,385,367,0
44,N,185,3.406861287658103e-05,2.084857624140568e-05,4.247449032845907e-05,5.816462362417951e-05,1.4786764040763956e-05,366,299,378,366,0
44,N,186,2.8672184271272272e-05,2.0149840565863997e-05,2.9079776140861213e-05,4.716107287094928e-05,1.8298042050446384e-05,360,383,385,360,0
44,N,187,5.4617215937469155e-05,1.9231680198572576e-05,8.351863652933389e-05,0.0001008835606626235,1.4834985449851956e-05,361,374,391,361,0
44,N,188,3.542018748703413e-05,1.5169360267464072e-05,3.580482371035032e-05,7.463063957402483e-05,1.6075924577307887e-05,363,384,375,363,0
44,N,189,3.9382030081469566e-05,1.5157442248892039e-05,8.307417738251388e-05,4.6737113734707236e-05,1.25593833217863e-05,368,388,383,368,0
44,N,190,2.792016493913252e-05,1.859036274254322e-05,4.082784289494157e-05,3.7903642805758864e-05,1.4358810403791722e-05,363,302,389,363,0
44,N,191,2.6817511752597056e-05,1.562525903864298e-05,2.9830804123776034e-05,4.873664875049144e-05,1.3077332368993666e-05,374,382,380,374,0
44,N,192,2.8724578442052007e-05,1.2512777175288647e-05,3.845536775770597e-05,5.0421207561157644e-05,1.3508963093045168e-05,367,382,384,367,0
44,N,193,2.8026366635458544e-05,1.7816202671383508e-05,3.408597694942728e-05,4.397569136926904e-05,1.622759737074375e-05,363,385,383,363,0
44,N,194,3.295087662991136e-05,1.6293282897095196e-05,5.136805702932179e-05,4.984244515071623e-05,1.429971325705992e-05,364,380,382,364,0
44,N,195,3.092820770689286e-05,1.2454753232304938e-05,4.696838732343167e-05,4.971803355147131e-05,1.457165944884764e-05,369,304,384,369,0
44,N,196,2.8430376914911903e-05,1.2787616469722707e-05,3.325923171360046e-05,5.4992910008877516e-05,1.2681755833909847e-05,371,384,385,371,0
44,N,197,2.8671467589447275e-05,1.4250566891860217e-05,4.229449405102059e-05,4.514988904702477e-05,1.2990913091925904e-05,361,382,379,361,0
44,N,198,2.1860794731765054e-05,1.531447378511075e-05,2.57766259892378e-05,3.4704175050137565e-05,1.164789773611119e-05,364,394,390,364,0
44,N,199,2.9787692255922593e-05,1.3290376045915764e-05,5.7394714531255886e-05,3.724419730133377e-05,1.1221483873669058e-05,370,383,389,370,0
44,N,200,2.889716051868163e-05,1.648275247134734e-05,3.444205140112899e-05,4.944025204167701e-05,1.5223589798551984e-05,358,307,381,358,0
44,F,1,0.03604709729552269,0.00030340702505782247,0.00010262370051350445,8.215961133828387e-05,0.14370019733905792,363,380,383,363,0
44,F,2,0.02292625792324543,0.00033915790845640004,0.000301799998851493,0.0006744772545062006,0.09038959443569183,364,384,382,364,0
44,F,3,0.013608863577246666,0.0005172449164092541,0.0002422639518044889,0.01004721224308014,0.04362873360514641,369,392,384,369,0
44,F,4,0.004084187559783459,0.001495386241003871,0.00048307934775948524,0.006011932156980038,0.00834635365754366,371,388,385,371,0
44,F,5,0.0010748615022748709,0.0014671020908281207,0.00021729417494498193,0.0011611207155510783,0.001453928998671472,361,304,379,361,0
44,F,6,0.000986928935162723,0.0024004492443054914,0.00037241633981466293,0.00088367925491184,0.00029117113444954157,364,381,390,364,0
44,F,7,0.0009542436455376446,0.0022668286692351103,0.000737676105927676,0.0004947486449964345,0.0003177211619913578,370,374,389,370,0
44,F,8,0.0005378952482715249,0.0011142096482217312,0.0002520889975130558,0.0006337585509754717,0.00015152386913541704,358,385,381,358,0
44,F,9,0.000724852317944169,0.0004967095446772873,0.000767094490583986,0.0004649549082387239,0.0011706503573805094,358,386,383,358,0
44,F,10,0.0007513632299378514,0.000209950958378613,0.0002687259402591735,0.0002878654922824353,0.0022389106452465057,375,306,381,375,0
44,F,11,0.0010538131464272738,0.00018051626102533191,0.00025833252584561706,0.0008812509477138519,0.0028951531276106834,367,380,383,367,0
44,F,12,0.0003053942054975778,0.00012259473442099988,0.0004677979159168899,0.00022885673388373107,0.0004023274523206055,364,385,384,364,0
44,F,13,0.0004443397046998143,0.00010457422467879951,0.0010241313138976693,0.0004723478341475129,0.0001763053733156994,368,390,391,368,0
44,F,14,0.0007534378091804683,9.982215124182403e-05,0.0009706263081170619,0.0017332164570689201,0.00021008630574215204,363,384,377,363,0
44,F,15,0.0009861228754743934,8.366382826352492e-05,0.0018095846753567457,0.0014852862805128098,0.0005659569869749248,363,300,384,363,0
44,F,16,0.0005141035653650761,6.52224407531321e-05,0.000757750472985208,0.0011340085184201598,9.943291661329567e-05,365,386,381,365,0
44,F,17,0.0003309282474219799,6.89628577674739e-05,0.0005451799370348454,0.0006110211834311485,9.854903328232467e-05,370,386,386,370,0
44,F,18,0.000806796015240252,8.249699021689594e-05,0.0008734588627703488,0.00219228258356452,7.894572627265006e-05,369,389,382,369,0
44,F,19,0.00028566806577146053,6.514912092825398e-05,0.00043512549018487334,0.0005429274751804769,9.947013313649222e-05,377,385,387,377,0
44,F,20,0.0006588931428268552,6.646201654803008e-05,0.0007524246466346085,0.001721312408335507,9.537355799693614e-05,366,308,381,366,0
44,F,21,0.00032048026332631707,7.297156116692349e-05,0.00036331702722236514,0.000745370052754879,0.00010026241216110066,365,383,384,365,0
44,F,22,0.00031692415359430015,0.0001013063156278804,0.0005129641504026949,0.0005529565969482064,0.0001004695805022493,368,389,376,368,0
44,F,23,0.00024717653286643326,0.00010178041702602059,0.0003028478822670877,0.0002635532000567764,0.00032052467577159405,375,396,384,375,0
44,F,24,0.00037980612250976264,0.00016375991981476545,0.0008189071086235344,0.00035132825723849237,0.00018522916070651263,358,383,379,358,0
44,F,25,0.00026031065499410033,0.00016117954510264099,0.0002182552416343242,0.0003122414054814726,0.00034956642775796354,368,307,383,368,0
44,F,26,0.00032932974863797426,0.00016082296497188509,0.00015676567272748798,0.000331324030412361,0.0006684064283035696,359,378,386,359,0
44,F,27,0.00036247778916731477,0.00013189588207751513,0.0003868565836455673,0.0002835500054061413,0.0006476087146438658,367,372,385,367,0
44,F,28,0.00028956597088836133,0.00018067422206513584,0.000136906499392353,0.00032762691262178123,0.000513056293129921,374,390,384,374,0
44,F,29,0.0003381163696758449,0.0001679303532000631,0.0005059682880528271,0.00036352459574118257,0.00031504215439781547,369,379,381,369,0
44,F,30,0.00024359730014111847,0.00020673286053352058,0.0002504588628653437,0.00042403777479194105,9.315966599388048e-05,359,304,378,359,0
44,F,31,0.00016596706700511277,0.00021292382734827697,0.00016669774777255952,0.0002070225600618869,7.722411828581244e-05,368,372,382,368,0
44,F,32,0.00024702251539565623,0.00024335572379641235,0.00042187279905192554,0.0002530058554839343,6.985568325035274e-05,368,383,384,368,0
44,F,33,0.000259571272181347,0.000360407488187775,0.0002976507239509374,0.0003237896889913827,5.643719123327173e-05,370,381,377,370,0
44,F,34,0.00019771608640439808,0.00019474976579658687,0.00026883251848630607,0.00027354314806871116,5.3738956921733916e-05,365,389,388,365,0
44,F,35,0.0001680320274317637,0.0001917089830385521,0.00018660645582713187,0.00023781272466294467,5.599992800853215e-05,359,301,386,359,0
44,F,36,0.00019339162099640816,0.00017470342572778463,0.00016761086590122432,0.000380133802536875,5.111836071591824e-05,367,372,380,367,0
44,F,37,0.0002111552603309974,0.00015951773093547672,0.00030022356077097356,0.00034111307468265295,4.3766674934886396e-05,371,375,380,371,0
44,F,38,0.00014911583275534213,0.00010793834371725097,0.00012950970267411321,0.0003055196430068463,5.3495619795285165e-05,364,389,377,364,0
44,F,39,0.0002027165173785761,0.00015135196736082435,0.0002521067508496344,0.00036220834590494633,4.519901631283574e-05,369,395,384,369,0
44,F,40,0.00016084634989965707,0.00011799106141552329,0.000268137373495847,0.00022305327001959085,3.420369830564596e-05,366,295,385,366,0
44,F,41,0.00014088358148001134,0.0001000517004285939,0.0001376703876303509,0.0002889014722313732,3.6910761991748586e-05,373,374,385,373,0
44,F,42,0.0001805842766771093,8.553796214982867e-05,0.00027708764537237585,0.00031018233858048916,4.952916788170114e-05,369,388,375,369,0
44,F,43,0.0001310588704654947,8.005796553334221e-05,0.000113964248157572,0.00026594256632961333,6.427066546166316e-05,369,394,388,369,0
44,F,44,0.0001569646265124902,8.6488806118723e-05,0.00025961294886656106,0.00022634741617366672,5.540932033909485e-05,363,385,385,363,0
44,F,45,0.00016376480925828218,9.14120246306993e-05,0.0003094221174251288,0.00018826182349584997,6.596327875740826e-05,373,297,382,373,0
44,F,46,0.00012106552458135411,7.121909584384412e-05,0.00017835453036241233,0.00018661849026102573,4.807002187590115e-05,361,388,385,361,0
44,F,47,0.0001486683322582394,6.99411757523194e-05,0.0002301132190041244,0.00024404212308581918,5.057678936282173e-05,375,383,380,375,0
44,F,48,0.000111163011752069,6.44804458715953e-05,0.00013578362995758653,0.0001981901004910469,4.6197863412089646e-05,376,392,381,376,0
44,F,49,0.00016136701742652804,6.757287337677553e-05,0.00032717426074668765,0.00020892007160000503,4.180081668891944e-05,372,383,386,372,0
44,F,50,0.00011556832760106772,6.228999700397253e-05,0.00014148415357340127,0.000212712591746822,4.578653897624463e-05,371,310,380,371,0
44,F,51,0.00012805814913008362,5.677510125678964e-05,0.00020338590547908098,0.000202458948479034,4.961266677128151e-05,368,384,378,368,0
44,F,52,0.00013877339370083064,6.764314457541332e-05,0.0002363000385230407,0.0002081586717395112,4.299169813748449e-05,373,382,384,373,0
44,F,53,0.00011707641533575952,5.7264234783360735e-05,0.00021900473802816123,0.000148642182466574,4.3394495151005685e-05,373,389,390,373,0
44,F,54,0.00011981696297880262,5.102329305373132e-05,0.00021913801901973784,0.00015461150906048715,5.449502350529656e-05,361,385,382,361,0
44,F,55,0.00014982634456828237,4.932265801471658e-05,0.00035792385460808873,0.00014752171409782022,4.453714063856751e-05,368,297,385,368,0
44,F,56,0.00010427930828882381,5.450542448670603e-05,0.0001512825401732698,0.0001694222301011905,4.19070347561501e-05,367,379,385,367,0
44,F,57,0.00012922110909130424,5.965150558040477e-05,0.00022806762717664242,0.0001805188221624121,4.864647053182125e-05,366,378,378,366,0
44,F,58,0.00011718607129296288,7.196197839220986e-05,0.0001824192877393216,0.00015747876022942364,5.6884262448875234e-05,360,393,385,360,0
44,F,59,0.00016448774840682745,5.7487493904773146e-05,0.0003999550826847553,0.00014060355897527188,5.990485442453064e-05,361,384,391,361,0
44,F,60,0.0001220452249981463,6.376362580340356e-05,0.0001961928210221231,0.00017338171892333776,5.484271969180554e-05,363,299,375,363,0
44,F,61,8.116329263430089e-05,5.0928971177199855e-05,0.00011443503171904013,0.00011533919314388186,4.394997449708171e-05,368,386,383,368,0
44,F,62,0.00025035362341441214,6.865228351671249e-05,0.0007710024365223944,0.00010994022159138694,5.181951564736664e-05,363,376,389,363,0
44,F,63,0.00010921351349679753,5.577660340350121e-05,0.0001828635431593284,0.0001549236912978813,4.3290219764458016e-05,374,387,380,374,0
44,F,64,0.00013296108227223158,5.403832619776949e-05,0.0002878051018342376,0.00014769718109164387,4.230371632729657e-05,367,383,384,367,0
44,F,65,0.00010958105849567801,6.39200079604052e-05,0.0002001495595322922,0.00013599367230199277,3.826100510195829e-05,363,303,383,363,0
44,F,66,0.00012455874821171165,7.070953870425001e-05,0.00025226990692317486,0.0001304315956076607,4.4823998905485496e-05,364,387,382,364,0
44,F,67,0.0001420741027686745,6.295410275924951e-05,0.00034587839036248624,0.00011688053928082809,4.258338958607055e-05,369,371,384,369,0
44,F,68,0.00010288295015925542,7.369528611889109e-05,0.00015069202345330268,0.00015009852359071374,3.704596747411415e-05,371,398,385,371,0
44,F,69,0.00012697852798737586,5.6141638197004795e-05,0.0002615093835629523,0.00014567964535672218,4.4583452108781785e-05,361,385,379,361,0
44,F,70,8.992145012598485e-05,6.071186362532899e-05,0.00014319199544843286,0.00011698379967128858,3.879815267282538e-05,364,295,390,364,0
44,F,71,8.445675484836102e-05,7.734345126664266e-05,0.00011395729234209284,0.00010941211803583428,3.711417593876831e-05,370,384,389,370,0
44,F,72,0.00013735257380176336,6.0070993640692905e-05,0.00026457119383849204,0.000177645095391199,4.712297595688142e-05,358,376,381,358,0
44,F,73,9.880220022751018e-05,5.915307701798156e-05,0.0001651753846090287,0.0001228340988745913,4.804626223631203e-05,358,392,383,358,0
44,F,74,0.0001312070817220956,4.9053345719585195e-05,0.00032936796196736395,0.00011465845454949886,3.1748546462040395e-05,375,384,381,375,0
44,F,75,0.0001268090127268806,6.3705061620567e-05,0.0002305291563970968,0.00017214125546161085,4.086056287633255e-05,367,302,383,367,0
44,F,76,8.165994950104505e-05,6.04295200901106e-05,0.0001185766959679313,0.00010508266132092103,4.255089515936561e-05,364,384,384,364,0
44,F,77,0.00019022324704565108,5.845341001986526e-05,0.0005531453643925488,0.00011085385631304234,3.844031016342342e-05,368,384,391,368,0
44,F,78,8.423029794357717e-05,4.977458229404874e-05,0.00011555373930605128,0.00012566172517836094,4.593113044393249e-05,363,387,377,363,0
44,F,79,9.515614510746673e-05,5.7663408369990066e-05,0.00017381724319420755,0.00011050429748138413,3.8639635022263974e-05,363,394,384,363,0
44,F,80,8.673183037899435e-05,4.759002331411466e-05,0.00012451728980522603,0.00014025293057784438,3.456709237070754e-05,365,308,381,365,0
44,F,81,8.7033498857636e-05,4.983139660907909e-05,0.0001343561161775142,0.00012734837946482003,3.659809590317309e-05,370,378,386,370,0
44,F,82,9.287354623666033e-05,5.944830263615586e-05,0.0001795817952370271,9.790851618163288e-05,3.4555581805761904e-05,369,379,382,369,0
44,F,83,6.568301614606753e-05,4.435066875885241e-05,8.962963329395279e-05,9.318468073615804e-05,3.5567085433285683e-05,377,394,387,377,0
44,F,84,9.432599472347647e-05,3.849999120575376e-05,0.00018729959265328944,0.00011336371244397014,3.814069714280777e-05,366,389,381,366,0
44,F,85,0.00010143587132915854,4.064014501636848e-05,0.00022908023674972355,9.840750135481358e-05,3.761559128179215e-05,365,296,384,365,0
44,F,86,7.494741294067353e-05,4.928613634547219e-05,9.295654308516532e-05,0.00012255409092176706,3.499288868624717e-05,368,379,376,368,0
44,F,87,0.00010809468221850693,4.955973781761713e-05,0.00021612558339256793,0.00013077387120574713,3.591952918213792e-05,375,371,384,375,0
44,F,88,8.055052603594959e-05,5.709848119295202e-05,0.00011866784188896418,0.00010096285404870287,4.54729342891369e-05,358,393,379,358,0
44,F,89,0.00014261278556659818,4.431454362929799e-05,0.00038077510544098914,0.00011041921970900148,3.4942320780828595e-05,368,377,383,368,0
44,F,90,0.00015549245290458202,4.6080967877060175e-05,0.0004145374405197799,0.00011995554086752236,4.139586599194445e-05,359,307,386,359,0
44,F,91,6.62942256894894e-05,5.6237407989101484e-05,8.618443098384887e-05,9.03316104086116e-05,3.2423446100438014e-05,367,376,385,367,0
44,F,92,0.0001345194614259526,5.695745858247392e-05,0.0003151968994643539,0.0001353727566311136,3.0550781957572326e-05,374,385,384,374,0
44,F,93,9.477487037656829e-05,7.066607940942049e-05,0.00013113381282892078,0.00014085794100537896,3.6441637348616496e-05,369,390,381,369,0
44,F,94,0.00018057969282381237,7.93205326772295e-05,0.0004609204188454896,0.0001462044019717723,3.5873355955118313e-05,359,382,378,359,0
44,F,95,0.0001010577252600342,6.613153527723625e-05,0.00021354829368647188,9.437856351723894e-05,3.0172492188285105e-05,368,294,382,368,0
44,F,96,7.85581796662882e-05,7.85404336056672e-05,8.666281792102382e-05,0.00011240652384003624,3.662295057438314e-05,368,386,384,368,0
44,F,97,0.0001534759212518111,6.633243174292147e-05,0.0004182782140560448,9.605102968635038e-05,3.324198769405484e-05,370,380,377,370,0
44,F,98,7.263364386744797e-05,5.84952395001892e-05,9.647869592299685e-05,0.00010337981802877039,3.2180796551983804e-05,365,393,388,365,0
44,F,99,9.942552424035966e-05,5.776358739240095e-05,0.00021975555864628404,8.671644172864035e-05,3.3466534659964964e-05,359,385,386,359,0
44,F,100,7.526041736127809e-05,5.00530113640707e-05,0.00012949280790053308,9.163785580312833e-05,2.9858008929295465e-05,367,299,380,367,0
44,F,101,6.0194455727469176e-05,5.222183608566411e-05,5.663895353791304e-05,0.00010308092168997973,2.8836097044404596e-05,371,394,380,371,0
44,F,102,8.278292807517573e-05,4.222783536533825e-05,0.0001467771944589913,0.0001121282548410818,2.999841672135517e-05,364,377,377,364,0
44,F,103,7.421722693834454e-05,6.929616210982203e-05,0.00010595547064440325,9.17358192964457e-05,2.9881462978664786e-05,369,390,384,369,0
44,F,104,0.00012122756743337959,5.806389162898995e-05,0.00026816423633135855,0.0001350136153632775,2.3668515495955944e-05,366,385,385,366,0
44,F,105,7.511259900638834e-05,6.008147101965733e-05,0.00011339986667735502,0.00010034782462753356,2.6621231882018037e-05,373,303,385,373,0
44,F,106,7.243319123517722e-05,5.1435425120871514e-05,9.810853953240439e-05,0.00010986675624735653,3.032205131603405e-05,369,384,375,369,0
44,F,107,0.00012260406219866127,5.185912596061826e-05,0.00030915383831597865,8.921397238736972e-05,4.018931576865725e-05,369,385,388,369,0
44,F,108,7.269062916748226e-05,5.7300574553664774e-05,8.763327787164599e-05,0.00011288934911135584,3.29393005813472e-05,363,397,385,363,0
44,F,109,8.086538582574576e-05,5.7138342526741326e-05,0.00014996115351095796,7.485040259780362e-05,4.15116228396073e-05,373,388,382,373,0
44,F,110,7.768740761093795e-05,4.24922036472708e-05,0.00013202971604187042,0.00010707279579946771,2.9154893127270043e-05,361,303,385,361,0
44,F,111,7.439358159899712e-05,4.003968206234276e-05,0.0001084995674318634,0.0001190251496154815,3.0009914553374983e-05,375,375,380,375,0
44,F,112,8.117432298604399e-05,3.8272868550848216e-05,0.00017074278730433434,8.74172110343352e-05,2.8264426873647608e-05,376,377,381,376,0
44,F,113,6.442485755542293e-05,4.1787436202866957e-05,8.93218966666609e-05,9.897386189550161e-05,2.7616242732619867e-05,372,391,386,372,0
44,F,114,0.000116656010504812,3.851282599498518e-05,0.00023329305986408144,0.00016549794236198068,2.9320219255168922e-05,371,388,380,371,0
44,F,115,6.971108086872846e-05,3.5521952668204904e-05,0.00012236044858582318,9.144901559920982e-05,2.951291207864415e-05,368,305,378,368,0
44,F,116,8.882558904588223e-05,4.259168417775072e-05,0.00010016129817813635,0.000184624848770909,2.7924534151679836e-05,373,376,384,373,0
44,F,117,8.615150727564469e-05,3.5688844945980236e-05,0.00020000287622679025,8.011906174942851e-05,2.8795240723411553e-05,373,380,390,373,0
44,F,118,5.511585914064199e-05,3.381998249096796e-05,8.550087659386918e-05,6.903556641191244e-05,3.2107014703797176e-05,361,390,382,361,0
44,F,119,8.229709783336148e-05,3.190097777405754e-05,0.00016567218699492514,0.00010352250683354214,2.8092723368899897e-05,368,386,385,368,0
44,F,120,7.557841308880597e-05,3.5555123758967966e-05,0.00013888697139918804,9.979733295040205e-05,2.8074222427676432e-05,367,301,385,367,0
44,F,121,0.0005031042383052409,3.881540396832861e-05,7.580148667329922e-05,0.001866911188699305,3.08888302242849e-05,366,377,378,366,0
44,F,122,8.287170203402638e-05,4.617341619450599e-05,0.000165420540724881,8.473538764519617e-05,3.5157452657585964e-05,360,377,385,360,0
44,F,123,0.0001175931392936036,3.685718183987774e-05,0.00010149808076675981,0.0002953163639176637,3.6700923374155536e-05,361,392,391,361,0
44,F,124,8.040868124226108e-05,4.418625758262351e-05,0.00013303197920322418,0.00010990621376549825,3.451026350376196e-05,363,391,375,363,0
44,F,125,7.042351353447884e-05,3.343635398778133e-05,0.0001167688678833656,0.00010330432269256562,2.81844986602664e-05,368,295,383,368,0
44,F,126,6.443114398280159e-05,4.655873999581672e-05,7.294944953173399e-05,0.00010388508962932974,3.4331304050283507e-05,363,384,389,363,0
44,F,127,8.644523768452927e-05,3.2248255593003705e-05,0.0001620206458028406,0.00012215247261337936,2.935957490990404e-05,374,380,380,374,0
44,F,128,6.994445720920339e-05,3.16193800244946e-05,8.416284254053608e-05,0.00013605327694676816,2.7942329325014725e-05,367,385,384,367,0
44,F,129,7.828423258615658e-05,3.3890890335896984e-05,0.00011354708840372041,0.00013790049706585705,2.7798441806226037e-05,363,393,383,363,0
44,F,130,8.428143337368965e-05,3.4984688682015985e-05,0.00012513926776591688,0.0001411035773344338,3.5898210626328364e-05,364,303,382,364,0
44,F,131,7.425646617775783e-05,3.597622344386764e-05,8.100856939563528e-05,0.0001491069415351376,3.093413761234842e-05,369,385,384,369,0
44,F,132,8.737512689549476e-05,3.145047594443895e-05,0.00011091757914982736,0.00018202693900093436,2.5105529857682995e-05,371,385,385,371,0
44,F,133,7.258741243276745e-05,2.9889504730817862e-05,8.072604396147653e-05,0.00014300979091785848,3.672431921586394e-05,361,395,379,361,0
44,F,134,9.126107761403546e-05,3.751979966182262e-05,0.0001367743534501642,0.00015964331396389753,3.11068506562151e-05,364,381,390,364,0
44,F,135,0.00010855362052097917,4.3490188545547426e-05,0.00011391387670300901,0.00024755793856456876,2.9252505555632524e-05,370,306,389,370,0
44,F,136,7.758026185911149e-05,3.622279109549709e-05,6.737502553733066e-05,0.00017068786837626249,3.603537697927095e-05,358,384,381,358,0
44,F,137,9.835740638663992e-05,3.370620834175497e-05,0.00013633522030431777,0.00018598890164867043,3.739929888979532e-05,358,375,383,358,0
44,F,138,8.290369441965595e-05,3.02832449960988e-05,7.435506267938763e-05,0.00020341860363259912,2.355786637053825e-05,375,393,381,375,0
44,F,139,9.185733506456017e-05,3.943404590245336e-05,0.0001362969196634367,0.00015581375919282436,3.588461913750507e-05,367,391,383,367,0
44,F,140,7.686565368203446e-05,3.809324334724806e-05,9.718227374833077e-05,0.00013340300938580185,3.878408460877836e-05,364,303,384,364,0
44,F,141,7.003606879152358e-05,3.751228723558597e-05,7.671867933822796e-05,0.00013292366929817945,3.298967203591019e-05,368,380,391,368,0
44,F,142,7.596801879117265e-05,3.1447179935639724e-05,0.00012458564015105367,0.00010614913480821997,4.169011299381964e-05,363,376,377,363,0
44,F,143,7.4988798587583e-05,3.804593870881945e-05,6.548879900947213e-05,0.00015612553397659212,4.029491901746951e-05,363,393,384,363,0
44,F,144,9.743694681674242e-05,3.1972256692824885e-05,0.00016449768736492842,0.00016368307115044445,2.9594768420793116e-05,365,396,381,365,0
44,F,145,6.932411633897573e-05,3.426355397095904e-05,0.000108336127595976,0.00010486259998288006,2.9834165616193786e-05,370,295,386,370,0
44,F,146,5.661421164404601e-05,4.31857151852455e-05,5.998048800393008e-05,9.415688691660762e-05,2.9133743737475015e-05,369,384,382,369,0
44,F,147,6.93977708579041e-05,2.7663872970151715e-05,9.746829164214432e-05,0.0001222053833771497,3.0253508157329634e-05,377,381,387,377,0
44,F,148,7.416574226226658e-05,2.489867438271176e-05,7.327974890358746e-05,0.00016633624909445643,3.214829848730005e-05,366,398,381,366,0
44,F,149,6.35645046713762e-05,2.6577061362331733e-05,0.0001015807647490874,9.489242074778304e-05,3.120778637821786e-05,365,386,384,365,0
44,F,150,6.959540769457817e-05,3.0975501431385055e-05,7.73079227656126e-05,0.00014022721734363586,2.9871007427573204e-05,368,306,376,368,0
44,F,151,5.292861897032708e-05,2.780104478006251e-05,6.491394742624834e-05,9.00586528587155e-05,2.8940812626387924e-05,375,389,384,375,0
44,F,152,8.042276749620214e-05,3.435273902141489e-05,0.00013568041322287172,0.00010807293438119814,4.358498699730262e-05,358,375,379,358,0
44,F,153,6.688315625069663e-05,2.620500345074106e-05,6.240433140192181e-05,0.00014994577213656157,2.897751983255148e-05,368,394,383,368,0
44,F,154,7.030880806269124e-05,2.5971061404561624e-05,0.00012751782196573913,9.11015595193021e-05,3.664476753328927e-05,359,383,386,359,0
44,F,155,6.857785047031939e-05,2.621591011120472e-05,0.00012502705794759095,9.398553083883598e-05,2.908290298364591e-05,367,301,385,367,0
44,F,156,5.785905887023546e-05,2.428634797979612e-05,5.333404988050461e-05,0.00012778160453308374,2.6034236725536175e-05,374,376,384,374,0
44,F,157,8.352507575182244e-05,2.776827932393644e-05,0.00017701923206914216,9.772052726475522e-05,3.1592269806424156e-05,369,380,381,369,0
44,F,158,7.01898243278265e-05,2.8095488232793286e-05,6.193911394802853e-05,0.00015559393796138465,3.513076444505714e-05,359,397,378,359,0
44,F,159,6.61691083223559e-05,2.669603236427065e-05,0.00012310600141063333,8.742279169382527e-05,2.7451604182715528e-05,368,391,382,368,0
44,F,160,5.203244654694572e-05,2.694792055990547e-05,7.052061846479774e-05,7.914781599538401e-05,3.151341661578044e-05,368,299,384,368,0
44,F,161,5.5239826906472445e-05,2.6355477530159988e-05,5.5194417655002326e-05,0.00011085459846071899,2.855482125596609e-05,370,381,377,370,0
44,F,162,6.6117660026066e-05,3.1471921829506755e-05,0.00010957901395158842,9.381477138958871e-05,2.960492747661192e-05,365,383,388,365,0
44,F,163,4.6155710151651874e-05,2.9060118322377093e-05,5.7538145483704284e-05,6.777204544050619e-05,3.0252533179009333e-05,359,395,386,359,0
44,F,164,5.395559855969623e-05,2.3502723706769757e-05,8.722377242520452e-05,7.934509631013498e-05,2.5750805434654467e-05,367,379,380,367,0
44,F,165,5.740454434999265e-05,2.368856621615123e-05,8.574633829994127e-05,9.533971024211496e-05,2.4843569917720743e-05,371,300,380,371,0
44,F,166,4.4828266254626215e-05,2.143752499250695e-05,4.971067392034456e-05,7.998340879566967e-05,2.8181450034026057e-05,364,385,377,364,0
44,F,167,5.498348400578834e-05,2.876736834878102e-05,6.565711373696104e-05,9.871795919025317e-05,2.6791485652211122e-05,369,376,384,369,0
44,F,168,4.608457675203681e-05,2.3360531486105174e-05,5.5967211665119976e-05,8.366558176930994e-05,2.134498572559096e-05,366,393,385,366,0
44,F,169,5.83454966545105e-05,2.3892102035460994e-05,9.609750122763216e-05,9.08080764929764e-05,2.2584312318940647e-05,373,387,385,373,0
44,F,170,5.8617857575882226e-05,2.5359822757309303e-05,0.0001028016340569593,7.898426702013239e-05,2.7325701012159698e-05,369,307,375,369,0
44,F,171,4.447923492989503e-05,2.5343542802147567e-05,4.6205506805563346e-05,7.360047311522067e-05,3.2767416996648535e-05,369,388,388,369,0
44,F,172,6.254888285184279e-05,2.9044213079032488e-05,0.00010643680434441194,8.603335299994797e-05,2.8681148251052946e-05,363,385,385,363,0
44,F,173,5.284138387651183e-05,3.261911479057744e-05,6.75759874866344e-05,7.995152554940432e-05,3.121890767943114e-05,373,400,382,373,0
44,F,174,7.591736357426271e-05,2.538997978263069e-05,0.00016082869842648506,9.223340748576447e-05,2.5217366783181205e-05,361,389,385,361,0
44,F,175,5.093446816317737e-05,2.6350771804573014e-05,6.404188752640039e-05,8.708782843314111e-05,2.6257393983541988e-05,375,311,380,375,0
44,F,176,4.677906690631062e-05,2.525320087443106e-05,5.153299935045652e-05,8.561556023778394e-05,2.4714512619539164e-05,376,375,381,376,0
44,F,177,6.079698505345732e-05,2.7842019335366786e-05,0.00010348286741646007,8.745349623495713e-05,2.44095590460347e-05,372,381,386,372,0
44,F,178,4.7011213609948754e-05,2.697927448025439e-05,5.198274811846204e-05,8.218587754527107e-05,2.6896941562881693e-05,371,399,380,371,0
44,F,179,5.593328387476504e-05,2.335916542506311e-05,9.64970895438455e-05,7.720619032625109e-05,2.6670693841879256e-05,368,382,378,368,0
44,F,180,5.9258858527755365e-05,2.8988481062697247e-05,9.303826664108783e-05,8.967653411673382e-05,2.5332159566460177e-05,373,304,384,373,0
44,F,181,3.99673190258909e-05,2.550944009271916e-05,5.475841317093e-05,5.3729338105767965e-05,2.5872081096167676e-05,373,372,390,373,0
44,F,182,6.386976019712165e-05,2.2188385628396645e-05,0.0001431622076779604,6.154405127745122e-05,2.8584387109731324e-05,361,382,382,361,0
44,F,183,4.550113226287067e-05,2.184497134294361e-05,6.763495184713975e-05,6.815489905420691e-05,2.4369717721128836e-05,368,388,385,368,0
44,F,184,4.643651482183486e-05,2.5384666514582932e-05,7.945943798404187e-05,5.690090620191768e-05,2.400104858679697e-05,367,387,385,367,0
44,F,185,5.464323112391867e-05,2.866668364731595e-05,8.990808419184759e-05,7.305624603759497e-05,2.6941916075884365e-05,366,299,378,366,0
44,F,186,4.613724377122708e-05,3.047275276912842e-05,5.329219493432902e-05,6.97195137036033e-05,3.106451185885817e-05,360,383,385,360,0
44,F,187,9.071012755157426e-05,2.700512413866818e-05,0.000115986455057282,0.00018723764515016228,3.261128949816339e-05,361,374,391,361,0
44,F,188,5.053070344729349e-05,2.6141355192521587e-05,5.4182677558856085e-05,9.417567343916744e-05,2.762310759862885e-05,363,384,375,363,0
44,F,189,5.344688906916417e-05,2.2891812477610074e-05,9.927633800543845e-05,6.760494579793885e-05,2.4014461814658716e-05,368,388,383,368,0
44,F,190,4.454739246284589e-05,2.951005080831237e-05,6.949038652237505e-05,5.0275724788662046e-05,2.8913398637087084e-05,363,302,389,363,0
44,F,191,4.1951203456847e-05,2.4342010874534026e-05,5.177477214601822e-05,6.646637484664097e-05,2.5221650503226556e-05,374,382,380,374,0
44,F,192,4.292718949727714e-05,2.1608640963677317e-05,6.896819832036272e-05,5.841210440848954e-05,2.271982521051541e-05,367,382,384,367,0
44,F,193,4.558561340672895e-05,2.5004379494930618e-05,5.922526179347187e-05,7.587656000396237e-05,2.2236257791519165e-05,363,385,383,363,0
44,F,194,4.9032154493033886e-05,2.2863912818138488e-05,7.67979581723921e-05,7.230135088320822e-05,2.4165408831322566e-05,364,380,382,364,0
44,F,195,4.3482723413035274e-05,2.1006344468332827e-05,6.207748810993508e-05,6.672466406598687e-05,2.4122395188896917e-05,369,304,384,369,0
44,F,196,4.2395102354930714e-05,2.0677582142525353e-05,5.3522875532507896e-05,7.544997788500041e-05,1.9929966583731584e-05,371,384,385,371,0
44,F,197,4.1565039282431826e-05,2.0332370695541613e-05,5.2744853746844456e-05,6.729566666763276e-05,2.5887264200719073e-05,361,382,379,361,0
44,F,198,3.502089748508297e-05,2.253953061881475e-05,4.390818503452465e-05,5.176454214961268e-05,2.1871341232326813e-05,364,394,390,364,0
44,F,199,4.660389095079154e-05,2.3344295186689124e-05,7.661324343644083e-05,6.479251896962523e-05,2.1665509848389775e-05,370,383,389,370,0
44,F,200,4.534625986707397e-05,2.265575312776491e-05,5.742172652389854e-05,7.781294698361307e-05,2.349460919504054e-05,358,307,381,358,0
