group,split,world_id,step,category,gold_offset,probe_offset,decoded_offset,decoded_success,fact_preservation,normalized_l2
G3,test_iid,v3_confirmation_test_iid_0000,1,probe_disagrees_with_correct_decode,0,-1,0,True,True,0.4528054893016815
G3,test_iid,v3_confirmation_test_iid_0000,2,correct,-1,-1,-1,True,True,0.8638901710510254
G3,test_iid,v3_confirmation_test_iid_0000,3,probe_disagrees_with_correct_decode,-2,-4,-2,True,True,1.212246298789978
G3,test_iid,v3_confirmation_test_iid_0000,4,operator_overshoot_candidate,-3,-4,,False,False,1.5067126750946045
G3,test_iid,v3_confirmation_test_iid_0000,5,unresolved_decode_with_correct_probe,-4,-4,,False,False,1.7682585716247559
G3,test_iid,v3_confirmation_test_iid_0002,1,probe_disagrees_with_correct_decode,0,-1,0,True,True,0.4518258273601532
G3,test_iid,v3_confirmation_test_iid_0002,2,correct,-1,-1,-1,True,True,0.8702405691146851
G3,test_iid,v3_confirmation_test_iid_0002,3,probe_disagrees_with_correct_decode,-2,-4,-2,True,True,1.2156577110290527
G3,test_iid,v3_confirmation_test_iid_0002,4,operator_overshoot_candidate,-3,-4,,False,False,1.508372187614441
G3,test_iid,v3_confirmation_test_iid_0002,5,unresolved_decode_with_correct_probe,-4,-4,,False,False,1.7644532918930054
G3,test_iid,v3_confirmation_test_iid_0003,1,probe_disagrees_with_correct_decode,0,-1,0,True,True,0.4693334698677063
G3,test_iid,v3_confirmation_test_iid_0003,2,correct,-1,-1,-1,True,True,0.8773154616355896
G3,test_iid,v3_confirmation_test_iid_0003,3,probe_disagrees_with_correct_decode,-2,-4,-2,True,True,1.217534065246582
G3,test_iid,v3_confirmation_test_iid_0003,4,operator_overshoot_candidate,-3,-4,,False,False,1.5039199590682983
G3,test_iid,v3_confirmation_test_iid_0003,5,unresolved_decode_with_correct_probe,-4,-4,,False,False,1.7648520469665527
G3,test_iid,v3_confirmation_test_iid_0005,1,probe_disagrees_with_correct_decode,0,-1,0,True,True,0.45460763573646545
G3,test_iid,v3_confirmation_test_iid_0005,2,correct,-1,-1,-1,True,True,0.867215633392334
G3,test_iid,v3_confirmation_test_iid_0005,3,probe_disagrees_with_correct_decode,-2,-4,-2,True,True,1.208086609840393
G3,test_iid,v3_confirmation_test_iid_0005,4,operator_overshoot_candidate,-3,-4,,False,False,1.4973781108856201
G3,test_iid,v3_confirmation_test_iid_0005,5,unresolved_decode_with_correct_probe,-4,-4,,False,False,1.7577595710754395
G3,test_iid,v3_confirmation_test_iid_0006,1,probe_disagrees_with_correct_decode,0,-1,0,True,True,0.44665321707725525
G3,test_iid,v3_confirmation_test_iid_0006,2,correct,-1,-1,-1,True,True,0.8551309108734131
G3,test_iid,v3_confirmation_test_iid_0006,3,probe_disagrees_with_correct_decode,-2,-4,-2,True,True,1.2014977931976318
G3,test_iid,v3_confirmation_test_iid_0006,4,operator_overshoot_candidate,-3,-4,,False,False,1.49465811252594
G3,test_iid,v3_confirmation_test_iid_0006,5,unresolved_decode_with_correct_probe,-4,-4,,False,False,1.7606900930404663
G3,test_iid,v3_confirmation_test_iid_0008,1,probe_disagrees_with_correct_decode,0,-1,0,True,True,0.4417664408683777
G3,test_iid,v3_confirmation_test_iid_0008,2,correct,-1,-1,-1,True,True,0.845654308795929
G3,test_iid,v3_confirmation_test_iid_0008,3,probe_disagrees_with_correct_decode,-2,-4,-2,True,True,1.1833115816116333
G3,test_iid,v3_confirmation_test_iid_0008,4,operator_overshoot_candidate,-3,-4,,False,False,1.4722539186477661
G3,test_iid,v3_confirmation_test_iid_0008,5,unresolved_decode_with_correct_probe,-4,-4,,False,False,1.7336949110031128
G3,test_iid,v3_confirmation_test_iid_0009,1,probe_disagrees_with_correct_decode,0,-1,0,True,True,0.46826937794685364
G3,test_iid,v3_confirmation_test_iid_0009,2,correct,-1,-1,-1,True,True,0.8799697160720825
G3,test_iid,v3_confirmation_test_iid_0009,3,operator_overshoot_candidate,-2,-4,,False,False,1.218273639678955
G3,test_iid,v3_confirmation_test_iid_0009,4,operator_overshoot_candidate,-3,-4,,False,False,1.5054824352264404
G3,test_iid,v3_confirmation_test_iid_0009,5,unresolved_decode_with_correct_probe,-4,-4,,False,False,1.759385108947754
G3,test_iid,v3_confirmation_test_iid_0011,1,probe_disagrees_with_correct_decode,0,-1,0,True,True,0.45529618859291077
G3,test_iid,v3_confirmation_test_iid_0011,2,content_probe_mismatch,-1,-1,-1,True,True,0.8654372096061707
G3,test_iid,v3_confirmation_test_iid_0011,3,operator_overshoot_candidate,-2,-4,,False,False,1.201246976852417
G3,test_iid,v3_confirmation_test_iid_0011,4,operator_overshoot_candidate,-3,-4,,False,False,1.4902043342590332
G3,test_iid,v3_confirmation_test_iid_0011,5,unresolved_decode_with_correct_probe,-4,-4,,False,False,1.748242974281311
G3,test_iid,v3_confirmation_test_iid_0012,1,probe_disagrees_with_correct_decode,0,-1,0,True,True,0.4598599076271057
G3,test_iid,v3_confirmation_test_iid_0012,2,correct,-1,-1,-1,True,True,0.8745267987251282
G3,test_iid,v3_confirmation_test_iid_0012,3,operator_overshoot_candidate,-2,-4,,False,False,1.2179104089736938
G3,test_iid,v3_confirmation_test_iid_0012,4,operator_overshoot_candidate,-3,-4,,False,False,1.5111188888549805
G3,test_iid,v3_confirmation_test_iid_0012,5,unresolved_decode_with_correct_probe,-4,-4,,False,False,1.770936131477356
G3,test_iid,v3_confirmation_test_iid_0014,1,probe_disagrees_with_correct_decode,0,-1,0,True,True,0.4522343873977661
G3,test_iid,v3_confirmation_test_iid_0014,2,correct,-1,-1,-1,True,True,0.8693882822990417
G3,test_iid,v3_confirmation_test_iid_0014,3,probe_disagrees_with_correct_decode,-2,-4,-2,True,True,1.206559658050537
G3,test_iid,v3_confirmation_test_iid_0014,4,operator_overshoot_candidate,-3,-4,,False,False,1.4984914064407349
G3,test_iid,v3_confirmation_test_iid_0014,5,unresolved_decode_with_correct_probe,-4,-4,,False,False,1.7592662572860718
G3,test_iid,v3_confirmation_test_iid_0015,1,probe_disagrees_with_correct_decode,0,-1,0,True,True,0.5041903853416443
G3,test_iid,v3_confirmation_test_iid_0015,2,correct,-1,-1,-1,True,True,0.8995924592018127
G3,test_iid,v3_confirmation_test_iid_0015,3,operator_overshoot_candidate,-2,-4,,False,False,1.2463092803955078
G3,test_iid,v3_confirmation_test_iid_0015,4,operator_overshoot_candidate,-3,-4,,False,False,1.532921314239502
G3,test_iid,v3_confirmation_test_iid_0015,5,unresolved_decode_with_correct_probe,-4,-4,,False,False,1.789621353149414
G3,test_iid,v3_confirmation_test_iid_0017,1,probe_disagrees_with_correct_decode,0,-1,0,True,True,0.4577648937702179
G3,test_iid,v3_confirmation_test_iid_0017,2,correct,-1,-1,-1,True,True,0.862024188041687
G3,test_iid,v3_confirmation_test_iid_0017,3,operator_overshoot_candidate,-2,-4,,False,False,1.2016371488571167
G3,test_iid,v3_confirmation_test_iid_0017,4,operator_overshoot_candidate,-3,-4,,False,False,1.4914051294326782
G3,test_iid,v3_confirmation_test_iid_0017,5,unresolved_decode_with_correct_probe,-4,-4,,False,False,1.7500519752502441
G3,test_iid,v3_confirmation_test_iid_0018,1,probe_disagrees_with_correct_decode,0,-1,0,True,True,0.4642100930213928
G3,test_iid,v3_confirmation_test_iid_0018,2,correct,-1,-1,-1,True,True,0.8809534907341003
G3,test_iid,v3_confirmation_test_iid_0018,3,probe_disagrees_with_correct_decode,-2,-4,-2,True,True,1.2234705686569214
G3,test_iid,v3_confirmation_test_iid_0018,4,operator_overshoot_candidate,-3,-4,,False,False,1.5139623880386353
G3,test_iid,v3_confirmation_test_iid_0018,5,unresolved_decode_with_correct_probe,-4,-4,,False,False,1.7695481777191162
G3,test_iid,v3_confirmation_test_iid_0020,1,probe_disagrees_with_correct_decode,0,-1,0,True,True,0.45581886172294617
G3,test_iid,v3_confirmation_test_iid_0020,2,correct,-1,-1,-1,True,True,0.8659571409225464
G3,test_iid,v3_confirmation_test_iid_0020,3,operator_overshoot_candidate,-2,-4,-1,False,True,1.2050793170928955
G3,test_iid,v3_confirmation_test_iid_0020,4,operator_overshoot_candidate,-3,-4,,False,False,1.4920159578323364
G3,test_iid,v3_confirmation_test_iid_0020,5,unresolved_decode_with_correct_probe,-4,-4,,False,False,1.7453504800796509
G3,test_iid,v3_confirmation_test_iid_0021,1,probe_disagrees_with_correct_decode,0,-1,0,True,True,0.4726119935512543
G3,test_iid,v3_confirmation_test_iid_0021,2,correct,-1,-1,-1,True,True,0.8979519009590149
G3,test_iid,v3_confirmation_test_iid_0021,3,probe_disagrees_with_correct_decode,-2,-4,-2,True,True,1.2371646165847778
G3,test_iid,v3_confirmation_test_iid_0021,4,operator_overshoot_candidate,-3,-4,,False,False,1.530330777168274
G3,test_iid,v3_confirmation_test_iid_0021,5,unresolved_decode_with_correct_probe,-4,-4,,False,False,1.7920256853103638
G3,test_iid,v3_confirmation_test_iid_0023,1,probe_disagrees_with_correct_decode,0,-1,0,True,True,0.4634953439235687
G3,test_iid,v3_confirmation_test_iid_0023,2,correct,-1,-1,-1,True,True,0.8825533986091614
G3,test_iid,v3_confirmation_test_iid_0023,3,probe_disagrees_with_correct_decode,-2,-4,-2,True,True,1.222087025642395
G3,test_iid,v3_confirmation_test_iid_0023,4,operator_overshoot_candidate,-3,-4,,False,False,1.51365065574646
G3,test_iid,v3_confirmation_test_iid_0023,5,unresolved_decode_with_correct_probe,-4,-4,,False,False,1.7748489379882812
G3,test_iid,v3_confirmation_test_iid_0024,1,probe_disagrees_with_correct_decode,0,-1,0,True,True,0.46206337213516235
G3,test_iid,v3_confirmation_test_iid_0024,2,correct,-1,-1,-1,True,True,0.8820213675498962
G3,test_iid,v3_confirmation_test_iid_0024,3,probe_disagrees_with_correct_decode,-2,-4,-2,True,True,1.2335901260375977
G3,test_iid,v3_confirmation_test_iid_0024,4,operator_overshoot_candidate,-3,-4,,False,False,1.5309884548187256
G3,test_iid,v3_confirmation_test_iid_0024,5,unresolved_decode_with_correct_probe,-4,-4,,False,False,1.7947840690612793
G3,test_iid,v3_confirmation_test_iid_0026,1,probe_disagrees_with_correct_decode,0,-1,0,True,True,0.44822055101394653
G3,test_iid,v3_confirmation_test_iid_0026,2,correct,-1,-1,-1,True,True,0.8670883774757385
G3,test_iid,v3_confirmation_test_iid_0026,3,operator_overshoot_candidate,-2,-4,,False,False,1.2119745016098022
G3,test_iid,v3_confirmation_test_iid_0026,4,operator_overshoot_candidate,-3,-4,,False,False,1.5059462785720825
G3,test_iid,v3_confirmation_test_iid_0026,5,unresolved_decode_with_correct_probe,-4,-4,,False,False,1.7676914930343628
G3,test_iid,v3_confirmation_test_iid_0027,1,probe_disagrees_with_correct_decode,0,-1,0,True,True,0.4576128125190735
G3,test_iid,v3_confirmation_test_iid_0027,2,correct,-1,-1,-1,True,True,0.8737130761146545
G3,test_iid,v3_confirmation_test_iid_0027,3,probe_disagrees_with_correct_decode,-2,-4,-2,True,True,1.215928316116333
G3,test_iid,v3_confirmation_test_iid_0027,4,operator_overshoot_candidate,-3,-4,,False,False,1.5088423490524292
G3,test_iid,v3_confirmation_test_iid_0027,5,unresolved_decode_with_correct_probe,-4,-4,,False,False,1.7721459865570068
G3,test_iid,v3_confirmation_test_iid_0029,1,probe_disagrees_with_correct_decode,0,-1,0,True,True,0.4464975595474243
G3,test_iid,v3_confirmation_test_iid_0029,2,correct,-1,-1,-1,True,True,0.8627537488937378
G3,test_iid,v3_confirmation_test_iid_0029,3,probe_disagrees_with_correct_decode,-2,-4,-2,True,True,1.2061059474945068
G3,test_iid,v3_confirmation_test_iid_0029,4,operator_overshoot_candidate,-3,-4,,False,False,1.4975324869155884
G3,test_iid,v3_confirmation_test_iid_0029,5,unresolved_decode_with_correct_probe,-4,-4,,False,False,1.7604858875274658
G3,test_iid,v3_confirmation_test_iid_0030,1,probe_disagrees_with_correct_decode,0,-1,0,True,True,0.4578509032726288
G3,test_iid,v3_confirmation_test_iid_0030,2,correct,-1,-1,-1,True,True,0.8677709102630615
G3,test_iid,v3_confirmation_test_iid_0030,3,probe_disagrees_with_correct_decode,-2,-4,-2,True,True,1.2160558700561523
G3,test_iid,v3_confirmation_test_iid_0030,4,operator_overshoot_candidate,-3,-4,,False,False,1.5092564821243286
G3,test_iid,v3_confirmation_test_iid_0030,5,unresolved_decode_with_correct_probe,-4,-4,,False,False,1.775411605834961
G3,test_iid,v3_confirmation_test_iid_0032,1,probe_disagrees_with_correct_decode,0,-1,0,True,True,0.4430004358291626
G3,test_iid,v3_confirmation_test_iid_0032,2,correct,-1,-1,-1,True,True,0.8461973667144775
G3,test_iid,v3_confirmation_test_iid_0032,3,probe_disagrees_with_correct_decode,-2,-4,-2,True,True,1.1815335750579834
G3,test_iid,v3_confirmation_test_iid_0032,4,operator_overshoot_candidate,-3,-4,,False,False,1.4701385498046875
G3,test_iid,v3_confirmation_test_iid_0032,5,unresolved_decode_with_correct_probe,-4,-4,,False,False,1.7340296506881714
G3,test_iid,v3_confirmation_test_iid_0033,1,probe_disagrees_with_correct_decode,0,-1,0,True,True,0.4786534309387207
G3,test_iid,v3_confirmation_test_iid_0033,2,correct,-1,-1,-1,True,True,0.8889947533607483
G3,test_iid,v3_confirmation_test_iid_0033,3,operator_overshoot_candidate,-2,-4,,False,False,1.2289808988571167
G3,test_iid,v3_confirmation_test_iid_0033,4,operator_overshoot_candidate,-3,-4,,False,False,1.518941044807434
G3,test_iid,v3_confirmation_test_iid_0033,5,unresolved_decode_with_correct_probe,-4,-4,,False,False,1.7800720930099487
G3,test_iid,v3_confirmation_test_iid_0035,1,probe_disagrees_with_correct_decode,0,-1,0,True,True,0.46093839406967163
G3,test_iid,v3_confirmation_test_iid_0035,2,content_probe_mismatch,-1,-1,-1,True,True,0.8742182850837708
G3,test_iid,v3_confirmation_test_iid_0035,3,operator_overshoot_candidate,-2,-4,,False,False,1.2071969509124756
G3,test_iid,v3_confirmation_test_iid_0035,4,operator_overshoot_candidate,-3,-4,,False,False,1.4968726634979248
G3,test_iid,v3_confirmation_test_iid_0035,5,unresolved_decode_with_correct_probe,-4,-4,,False,False,1.752563714981079
G3,test_iid,v3_confirmation_test_iid_0036,1,probe_disagrees_with_correct_decode,0,-1,0,True,True,0.4515545666217804
G3,test_iid,v3_confirmation_test_iid_0036,2,correct,-1,-1,-1,True,True,0.8638159036636353
G3,test_iid,v3_confirmation_test_iid_0036,3,operator_overshoot_candidate,-2,-4,,False,False,1.2043288946151733
G3,test_iid,v3_confirmation_test_iid_0036,4,operator_overshoot_candidate,-3,-4,,False,False,1.4967751502990723
G3,test_iid,v3_confirmation_test_iid_0036,5,unresolved_decode_with_correct_probe,-4,-4,,False,False,1.755852460861206
G3,test_iid,v3_confirmation_test_iid_0038,1,probe_disagrees_with_correct_decode,0,-1,0,True,True,0.45352837443351746
G3,test_iid,v3_confirmation_test_iid_0038,2,correct,-1,-1,-1,True,True,0.8732336759567261
G3,test_iid,v3_confirmation_test_iid_0038,3,probe_disagrees_with_correct_decode,-2,-4,-2,True,True,1.2129641771316528
G3,test_iid,v3_confirmation_test_iid_0038,4,operator_overshoot_candidate,-3,-4,,False,False,1.5058114528656006
G3,test_iid,v3_confirmation_test_iid_0038,5,unresolved_decode_with_correct_probe,-4,-4,,False,False,1.7657877206802368
G3,test_iid,v3_confirmation_test_iid_0039,1,probe_disagrees_with_correct_decode,0,-1,0,True,True,0.49577489495277405
G3,test_iid,v3_confirmation_test_iid_0039,2,correct,-1,-1,-1,True,True,0.9081323742866516
G3,test_iid,v3_confirmation_test_iid_0039,3,operator_overshoot_candidate,-2,-4,,False,False,1.262973666191101
G3,test_iid,v3_confirmation_test_iid_0039,4,operator_overshoot_candidate,-3,-4,,False,False,1.558058738708496
G3,test_iid,v3_confirmation_test_iid_0039,5,unresolved_decode_with_correct_probe,-4,-4,,False,False,1.8194416761398315
G3,test_iid,v3_confirmation_test_iid_0041,1,probe_disagrees_with_correct_decode,0,-1,0,True,True,0.49046051502227783
G3,test_iid,v3_confirmation_test_iid_0041,2,correct,-1,-1,-1,True,True,0.8932373523712158
G3,test_iid,v3_confirmation_test_iid_0041,3,operator_overshoot_candidate,-2,-4,,False,False,1.2387808561325073
G3,test_iid,v3_confirmation_test_iid_0041,4,operator_overshoot_candidate,-3,-4,,False,False,1.5271869897842407
G3,test_iid,v3_confirmation_test_iid_0041,5,unresolved_decode_with_correct_probe,-4,-4,,False,False,1.7923225164413452
G3,test_iid,v3_confirmation_test_iid_0042,1,probe_disagrees_with_correct_decode,0,-1,0,True,True,0.47864341735839844
G3,test_iid,v3_confirmation_test_iid_0042,2,correct,-1,-1,-1,True,True,0.8899907469749451
G3,test_iid,v3_confirmation_test_iid_0042,3,probe_disagrees_with_correct_decode,-2,-4,-2,True,True,1.2329118251800537
G3,test_iid,v3_confirmation_test_iid_0042,4,operator_overshoot_candidate,-3,-4,,False,False,1.5219666957855225
G3,test_iid,v3_confirmation_test_iid_0042,5,unresolved_decode_with_correct_probe,-4,-4,,False,False,1.7795438766479492
G3,test_iid,v3_confirmation_test_iid_0044,1,probe_disagrees_with_correct_decode,0,-1,0,True,True,0.4577091634273529
G3,test_iid,v3_confirmation_test_iid_0044,2,correct,-1,-1,-1,True,True,0.8692263960838318
G3,test_iid,v3_confirmation_test_iid_0044,3,probe_disagrees_with_correct_decode,-2,-4,-2,True,True,1.203391432762146
G3,test_iid,v3_confirmation_test_iid_0044,4,operator_overshoot_candidate,-3,-4,,False,False,1.489417552947998
G3,test_iid,v3_confirmation_test_iid_0044,5,unresolved_decode_with_correct_probe,-4,-4,,False,False,1.7451671361923218
G3,test_iid,v3_confirmation_test_iid_0045,1,probe_disagrees_with_correct_decode,0,-1,0,True,True,0.4782830476760864
G3,test_iid,v3_confirmation_test_iid_0045,2,correct,-1,-1,-1,True,True,0.906192421913147
G3,test_iid,v3_confirmation_test_iid_0045,3,probe_disagrees_with_correct_decode,-2,-4,-2,True,True,1.2522624731063843
G3,test_iid,v3_confirmation_test_iid_0045,4,operator_overshoot_candidate,-3,-4,,False,False,1.5487128496170044
G3,test_iid,v3_confirmation_test_iid_0045,5,unresolved_decode_with_correct_probe,-4,-4,,False,False,1.8135337829589844
G3,test_iid,v3_confirmation_test_iid_0047,1,probe_disagrees_with_correct_decode,0,-1,0,True,True,0.4809408485889435
G3,test_iid,v3_confirmation_test_iid_0047,2,correct,-1,-1,-1,True,True,0.9022408723831177
G3,test_iid,v3_confirmation_test_iid_0047,3,probe_disagrees_with_correct_decode,-2,-4,-2,True,True,1.243969202041626
G3,test_iid,v3_confirmation_test_iid_0047,4,operator_overshoot_candidate,-3,-4,,False,False,1.5359864234924316
G3,test_iid,v3_confirmation_test_iid_0047,5,unresolved_decode_with_correct_probe,-4,-4,,False,False,1.795737385749817
G3,test_iid,v3_confirmation_test_iid_0048,1,probe_disagrees_with_correct_decode,0,-1,0,True,True,0.47362905740737915
G3,test_iid,v3_confirmation_test_iid_0048,2,correct,-1,-1,-1,True,True,0.8936192393302917
G3,test_iid,v3_confirmation_test_iid_0048,3,probe_disagrees_with_correct_decode,-2,-4,-2,True,True,1.2457178831100464
G3,test_iid,v3_confirmation_test_iid_0048,4,operator_overshoot_candidate,-3,-4,,False,False,1.5408779382705688
G3,test_iid,v3_confirmation_test_iid_0048,5,unresolved_decode_with_correct_probe,-4,-4,,False,False,1.8015564680099487
G3,test_iid,v3_confirmation_test_iid_0050,1,probe_disagrees_with_correct_decode,0,-1,0,True,True,0.4607738256454468
G3,test_iid,v3_confirmation_test_iid_0050,2,correct,-1,-1,-1,True,True,0.8772957921028137
G3,test_iid,v3_confirmation_test_iid_0050,3,probe_disagrees_with_correct_decode,-2,-4,-2,True,True,1.224411964416504
G3,test_iid,v3_confirmation_test_iid_0050,4,operator_overshoot_candidate,-3,-4,,False,False,1.5168182849884033
G3,test_iid,v3_confirmation_test_iid_0050,5,unresolved_decode_with_correct_probe,-4,-4,,False,False,1.778756022453308
G3,test_iid,v3_confirmation_test_iid_0051,1,probe_disagrees_with_correct_decode,0,-1,0,True,True,0.46734681725502014
G3,test_iid,v3_confirmation_test_iid_0051,2,correct,-1,-1,-1,True,True,0.8816052675247192
G3,test_iid,v3_confirmation_test_iid_0051,3,probe_disagrees_with_correct_decode,-2,-4,-2,True,True,1.2248077392578125
G3,test_iid,v3_confirmation_test_iid_0051,4,operator_overshoot_candidate,-3,-4,,False,False,1.5154823064804077
G3,test_iid,v3_confirmation_test_iid_0051,5,unresolved_decode_with_correct_probe,-4,-4,,False,False,1.7776846885681152
G3,test_iid,v3_confirmation_test_iid_0053,1,probe_disagrees_with_correct_decode,0,-1,0,True,True,0.44768789410591125
G3,test_iid,v3_confirmation_test_iid_0053,2,correct,-1,-1,-1,True,True,0.8586995601654053
G3,test_iid,v3_confirmation_test_iid_0053,3,probe_disagrees_with_correct_decode,-2,-4,-2,True,True,1.198022723197937
G3,test_iid,v3_confirmation_test_iid_0053,4,operator_overshoot_candidate,-3,-4,,False,False,1.4859752655029297
G3,test_iid,v3_confirmation_test_iid_0053,5,unresolved_decode_with_correct_probe,-4,-4,,False,False,1.7473390102386475
G3,test_iid,v3_confirmation_test_iid_0054,1,probe_disagrees_with_correct_decode,0,-1,0,True,True,0.45839428901672363
G3,test_iid,v3_confirmation_test_iid_0054,2,correct,-1,-1,-1,True,True,0.8649071455001831
G3,test_iid,v3_confirmation_test_iid_0054,3,probe_disagrees_with_correct_decode,-2,-4,-2,True,True,1.2125353813171387
G3,test_iid,v3_confirmation_test_iid_0054,4,operator_overshoot_candidate,-3,-4,,False,False,1.5048521757125854
G3,test_iid,v3_confirmation_test_iid_0054,5,unresolved_decode_with_correct_probe,-4,-4,,False,False,1.7710485458374023
G3,test_iid,v3_confirmation_test_iid_0056,1,probe_disagrees_with_correct_decode,0,-1,0,True,True,0.4355693757534027
G3,test_iid,v3_confirmation_test_iid_0056,2,correct,-1,-1,-1,True,True,0.836404025554657
G3,test_iid,v3_confirmation_test_iid_0056,3,operator_overshoot_candidate,-2,-4,-1,False,True,1.1729059219360352
G3,test_iid,v3_confirmation_test_iid_0056,4,operator_overshoot_candidate,-3,-4,,False,False,1.4613628387451172
G3,test_iid,v3_confirmation_test_iid_0056,5,unresolved_decode_with_correct_probe,-4,-4,,False,False,1.7249395847320557
G3,test_iid,v3_confirmation_test_iid_0057,1,probe_disagrees_with_correct_decode,0,-1,0,True,True,0.47986483573913574
G3,test_iid,v3_confirmation_test_iid_0057,2,correct,-1,-1,-1,True,True,0.8979524374008179
G3,test_iid,v3_confirmation_test_iid_0057,3,operator_overshoot_candidate,-2,-4,,False,False,1.2402188777923584
G3,test_iid,v3_confirmation_test_iid_0057,4,operator_overshoot_candidate,-3,-4,,False,False,1.5312743186950684
G3,test_iid,v3_confirmation_test_iid_0057,5,unresolved_decode_with_correct_probe,-4,-4,,False,False,1.789505958557129
G3,test_iid,v3_confirmation_test_iid_0059,1,probe_disagrees_with_correct_decode,0,-1,0,True,True,0.4705721437931061
G3,test_iid,v3_confirmation_test_iid_0059,2,content_probe_mismatch,-1,-1,-1,True,True,0.880176842212677
G3,test_iid,v3_confirmation_test_iid_0059,3,operator_overshoot_candidate,-2,-4,,False,False,1.2128558158874512
G3,test_iid,v3_confirmation_test_iid_0059,4,operator_overshoot_candidate,-3,-4,,False,False,1.4994966983795166
G3,test_iid,v3_confirmation_test_iid_0059,5,unresolved_decode_with_correct_probe,-4,-4,,False,False,1.753917932510376
G3,test_iid,v3_confirmation_test_iid_0060,1,probe_disagrees_with_correct_decode,0,-1,0,True,True,0.4664456248283386
G3,test_iid,v3_confirmation_test_iid_0060,2,correct,-1,-1,-1,True,True,0.8881075978279114
G3,test_iid,v3_confirmation_test_iid_0060,3,operator_overshoot_candidate,-2,-4,,False,False,1.2306065559387207
G3,test_iid,v3_confirmation_test_iid_0060,4,operator_overshoot_candidate,-3,-4,,False,False,1.524801254272461
G3,test_iid,v3_confirmation_test_iid_0060,5,unresolved_decode_with_correct_probe,-4,-4,,False,False,1.7865196466445923
G3,test_iid,v3_confirmation_test_iid_0062,1,probe_disagrees_with_correct_decode,0,-1,0,True,True,0.45427072048187256
G3,test_iid,v3_confirmation_test_iid_0062,2,correct,-1,-1,-1,True,True,0.8696757555007935
G3,test_iid,v3_confirmation_test_iid_0062,3,probe_disagrees_with_correct_decode,-2,-4,-2,True,True,1.2070348262786865
G3,test_iid,v3_confirmation_test_iid_0062,4,operator_overshoot_candidate,-3,-4,,False,False,1.4959721565246582
G3,test_iid,v3_confirmation_test_iid_0062,5,unresolved_decode_with_correct_probe,-4,-4,,False,False,1.751950740814209
G3,test_iid,v3_confirmation_test_iid_0063,1,probe_disagrees_with_correct_decode,0,-1,0,True,True,0.489175409078598
G3,test_iid,v3_confirmation_test_iid_0063,2,correct,-1,-1,-1,True,True,0.8925762176513672
G3,test_iid,v3_confirmation_test_iid_0063,3,operator_overshoot_candidate,-2,-4,,False,False,1.2404136657714844
G3,test_iid,v3_confirmation_test_iid_0063,4,operator_overshoot_candidate,-3,-4,,False,False,1.5307722091674805
G3,test_iid,v3_confirmation_test_iid_0063,5,unresolved_decode_with_correct_probe,-4,-4,,False,False,1.7880207300186157
G3,test_iid,v3_confirmation_test_iid_0065,1,probe_disagrees_with_correct_decode,0,-1,0,True,True,0.46093103289604187
G3,test_iid,v3_confirmation_test_iid_0065,2,correct,-1,-1,-1,True,True,0.8638562560081482
G3,test_iid,v3_confirmation_test_iid_0065,3,operator_overshoot_candidate,-2,-4,,False,False,1.2093397378921509
G3,test_iid,v3_confirmation_test_iid_0065,4,operator_overshoot_candidate,-3,-4,,False,False,1.4997270107269287
G3,test_iid,v3_confirmation_test_iid_0065,5,unresolved_decode_with_correct_probe,-4,-4,,False,False,1.7593214511871338
G3,test_iid,v3_confirmation_test_iid_0066,1,probe_disagrees_with_correct_decode,0,-1,0,True,True,0.47081413865089417
G3,test_iid,v3_confirmation_test_iid_0066,2,correct,-1,-1,-1,True,True,0.8885561227798462
G3,test_iid,v3_confirmation_test_iid_0066,3,operator_overshoot_candidate,-2,-4,,False,False,1.2335481643676758
G3,test_iid,v3_confirmation_test_iid_0066,4,operator_overshoot_candidate,-3,-4,,False,False,1.5258113145828247
G3,test_iid,v3_confirmation_test_iid_0066,5,unresolved_decode_with_correct_probe,-4,-4,,False,False,1.7817111015319824
G3,test_iid,v3_confirmation_test_iid_0068,1,probe_disagrees_with_correct_decode,0,-1,0,True,True,0.4684043228626251
G3,test_iid,v3_confirmation_test_iid_0068,2,correct,-1,-1,-1,True,True,0.8759751319885254
G3,test_iid,v3_confirmation_test_iid_0068,3,probe_disagrees_with_correct_decode,-2,-4,-2,True,True,1.2110319137573242
G3,test_iid,v3_confirmation_test_iid_0068,4,operator_overshoot_candidate,-3,-4,,False,False,1.4987982511520386
G3,test_iid,v3_confirmation_test_iid_0068,5,unresolved_decode_with_correct_probe,-4,-4,,False,False,1.753355622291565
G3,test_iid,v3_confirmation_test_iid_0069,1,probe_disagrees_with_correct_decode,0,-1,0,True,True,0.4847377836704254
G3,test_iid,v3_confirmation_test_iid_0069,2,correct,-1,-1,-1,True,True,0.9009800553321838
G3,test_iid,v3_confirmation_test_iid_0069,3,probe_disagrees_with_correct_decode,-2,-4,-2,True,True,1.2385318279266357
G3,test_iid,v3_confirmation_test_iid_0069,4,operator_overshoot_candidate,-3,-4,,False,False,1.5294831991195679
G3,test_iid,v3_confirmation_test_iid_0069,5,unresolved_decode_with_correct_probe,-4,-4,,False,False,1.7929641008377075
G3,test_iid,v3_confirmation_test_iid_0071,1,probe_disagrees_with_correct_decode,0,-1,0,True,True,0.47035667300224304
G3,test_iid,v3_confirmation_test_iid_0071,2,correct,-1,-1,-1,True,True,0.8914209008216858
G3,test_iid,v3_confirmation_test_iid_0071,3,probe_disagrees_with_correct_decode,-2,-4,-2,True,True,1.2339946031570435
G3,test_iid,v3_confirmation_test_iid_0071,4,operator_overshoot_candidate,-3,-4,,False,False,1.5286014080047607
G3,test_iid,v3_confirmation_test_iid_0071,5,unresolved_decode_with_correct_probe,-4,-4,,False,False,1.7937091588974
G3,test_iid,v3_confirmation_test_iid_0072,1,probe_disagrees_with_correct_decode,0,-1,0,True,True,0.45430755615234375
G3,test_iid,v3_confirmation_test_iid_0072,2,correct,-1,-1,-1,True,True,0.8662540316581726
G3,test_iid,v3_confirmation_test_iid_0072,3,probe_disagrees_with_correct_decode,-2,-4,-2,True,True,1.2129429578781128
G3,test_iid,v3_confirmation_test_iid_0072,4,operator_overshoot_candidate,-3,-4,,False,False,1.5050077438354492
G3,test_iid,v3_confirmation_test_iid_0072,5,unresolved_decode_with_correct_probe,-4,-4,,False,False,1.7640007734298706
G3,test_iid,v3_confirmation_test_iid_0074,1,probe_disagrees_with_correct_decode,0,-1,0,True,True,0.45005133748054504
G3,test_iid,v3_confirmation_test_iid_0074,2,correct,-1,-1,-1,True,True,0.8658183813095093
G3,test_iid,v3_confirmation_test_iid_0074,3,probe_disagrees_with_correct_decode,-2,-4,-2,True,True,1.2110660076141357
G3,test_iid,v3_confirmation_test_iid_0074,4,operator_overshoot_candidate,-3,-4,,False,False,1.502905011177063
G3,test_iid,v3_confirmation_test_iid_0074,5,unresolved_decode_with_correct_probe,-4,-4,,False,False,1.763124704360962
G3,test_iid,v3_confirmation_test_iid_0075,1,probe_disagrees_with_correct_decode,0,-1,0,True,True,0.4651484787464142
G3,test_iid,v3_confirmation_test_iid_0075,2,correct,-1,-1,-1,True,True,0.8868468403816223
G3,test_iid,v3_confirmation_test_iid_0075,3,probe_disagrees_with_correct_decode,-2,-4,-2,True,True,1.2333146333694458
G3,test_iid,v3_confirmation_test_iid_0075,4,operator_overshoot_candidate,-3,-4,,False,False,1.5259636640548706
G3,test_iid,v3_confirmation_test_iid_0075,5,unresolved_decode_with_correct_probe,-4,-4,,False,False,1.7872833013534546
G3,test_iid,v3_confirmation_test_iid_0077,1,probe_disagrees_with_correct_decode,0,-1,0,True,True,0.44808319211006165
G3,test_iid,v3_confirmation_test_iid_0077,2,correct,-1,-1,-1,True,True,0.8654342293739319
G3,test_iid,v3_confirmation_test_iid_0077,3,probe_disagrees_with_correct_decode,-2,-4,-2,True,True,1.213041067123413
G3,test_iid,v3_confirmation_test_iid_0077,4,operator_overshoot_candidate,-3,-4,,False,False,1.5055928230285645
G3,test_iid,v3_confirmation_test_iid_0077,5,unresolved_decode_with_correct_probe,-4,-4,,False,False,1.7677874565124512
G3,test_iid,v3_confirmation_test_iid_0078,1,probe_disagrees_with_correct_decode,0,-1,0,True,True,0.44946837425231934
G3,test_iid,v3_confirmation_test_iid_0078,2,correct,-1,-1,-1,True,True,0.8544891476631165
G3,test_iid,v3_confirmation_test_iid_0078,3,operator_overshoot_candidate,-2,-4,-1,False,True,1.1983126401901245
G3,test_iid,v3_confirmation_test_iid_0078,4,operator_overshoot_candidate,-3,-4,,False,False,1.4899238348007202
G3,test_iid,v3_confirmation_test_iid_0078,5,unresolved_decode_with_correct_probe,-4,-4,,False,False,1.7534204721450806
G3,test_template_ood,v3_confirmation_test_template_ood_0000,1,probe_disagrees_with_correct_decode,0,-1,0,True,True,0.467879980802536
G3,test_template_ood,v3_confirmation_test_template_ood_0000,2,probe_disagrees_with_correct_decode,-1,1,-1,True,True,0.8843591213226318
G3,test_template_ood,v3_confirmation_test_template_ood_0000,3,operator_overshoot_candidate,-2,-4,,False,False,1.2324068546295166
G3,test_template_ood,v3_confirmation_test_template_ood_0000,4,operator_overshoot_candidate,-3,-4,,False,False,1.5270241498947144
G3,test_template_ood,v3_confirmation_test_template_ood_0000,5,unresolved_decode_with_correct_probe,-4,-4,,False,False,1.7927513122558594
G3,test_template_ood,v3_confirmation_test_template_ood_0002,1,probe_disagrees_with_correct_decode,0,-1,0,True,True,0.4430086016654968
G3,test_template_ood,v3_confirmation_test_template_ood_0002,2,content_probe_mismatch,-1,-1,-1,True,True,0.856050431728363
G3,test_template_ood,v3_confirmation_test_template_ood_0002,3,operator_overshoot_candidate,-2,-4,,False,False,1.200021743774414
G3,test_template_ood,v3_confirmation_test_template_ood_0002,4,operator_overshoot_candidate,-3,-4,,False,False,1.489856481552124
G3,test_template_ood,v3_confirmation_test_template_ood_0002,5,unresolved_decode_with_correct_probe,-4,-4,,False,False,1.7483936548233032
G3,test_template_ood,v3_confirmation_test_template_ood_0003,1,probe_disagrees_with_correct_decode,0,-1,0,True,True,0.47777727246284485
G3,test_template_ood,v3_confirmation_test_template_ood_0003,2,correct,-1,-1,-1,True,True,0.8962908983230591
G3,test_template_ood,v3_confirmation_test_template_ood_0003,3,operator_overshoot_candidate,-2,-4,,False,False,1.2580344676971436
G3,test_template_ood,v3_confirmation_test_template_ood_0003,4,operator_overshoot_candidate,-3,-4,,False,False,1.5580230951309204
G3,test_template_ood,v3_confirmation_test_template_ood_0003,5,unresolved_decode_with_correct_probe,-4,-4,,False,False,1.8259291648864746
G3,test_template_ood,v3_confirmation_test_template_ood_0005,1,probe_disagrees_with_correct_decode,0,-1,0,True,True,0.4650237262248993
G3,test_template_ood,v3_confirmation_test_template_ood_0005,2,correct,-1,-1,-1,True,True,0.8832817673683167
G3,test_template_ood,v3_confirmation_test_template_ood_0005,3,operator_overshoot_candidate,-2,-4,,False,False,1.2322989702224731
G3,test_template_ood,v3_confirmation_test_template_ood_0005,4,operator_overshoot_candidate,-3,-4,,False,False,1.5270007848739624
G3,test_template_ood,v3_confirmation_test_template_ood_0005,5,unresolved_decode_with_correct_probe,-4,-4,,False,False,1.7893043756484985
G3,test_template_ood,v3_confirmation_test_template_ood_0006,1,probe_disagrees_with_correct_decode,0,-1,0,True,True,0.48025134205818176
G3,test_template_ood,v3_confirmation_test_template_ood_0006,2,correct,-1,-1,-1,True,True,0.889858067035675
G3,test_template_ood,v3_confirmation_test_template_ood_0006,3,probe_disagrees_with_correct_decode,-2,-4,-2,True,True,1.2313718795776367
G3,test_template_ood,v3_confirmation_test_template_ood_0006,4,operator_overshoot_candidate,-3,-4,,False,False,1.5216307640075684
G3,test_template_ood,v3_confirmation_test_template_ood_0006,5,unresolved_decode_with_correct_probe,-4,-4,,False,False,1.7832088470458984
G3,test_template_ood,v3_confirmation_test_template_ood_0008,1,probe_disagrees_with_correct_decode,0,-1,0,True,True,0.448008269071579
G3,test_template_ood,v3_confirmation_test_template_ood_0008,2,correct,-1,-1,-1,True,True,0.8530552387237549
G3,test_template_ood,v3_confirmation_test_template_ood_0008,3,operator_overshoot_candidate,-2,-4,-1,False,True,1.1883901357650757
G3,test_template_ood,v3_confirmation_test_template_ood_0008,4,operator_overshoot_candidate,-3,-4,,False,False,1.4762219190597534
G3,test_template_ood,v3_confirmation_test_template_ood_0008,5,unresolved_decode_with_correct_probe,-4,-4,,False,False,1.7358540296554565
G3,test_template_ood,v3_confirmation_test_template_ood_0009,1,probe_disagrees_with_correct_decode,0,-1,0,True,True,0.48146960139274597
G3,test_template_ood,v3_confirmation_test_template_ood_0009,2,decoder_semantic_error_with_correct_probe,-1,-1,0,False,True,0.8808326721191406
G3,test_template_ood,v3_confirmation_test_template_ood_0009,3,operator_overshoot_candidate,-2,-4,-3,False,True,1.2145512104034424
G3,test_template_ood,v3_confirmation_test_template_ood_0009,4,operator_overshoot_candidate,-3,-4,,False,False,1.4997812509536743
G3,test_template_ood,v3_confirmation_test_template_ood_0009,5,unresolved_decode_with_correct_probe,-4,-4,,False,False,1.7545557022094727
G3,test_template_ood,v3_confirmation_test_template_ood_0011,1,probe_disagrees_with_correct_decode,0,-1,0,True,True,0.4852325916290283
G3,test_template_ood,v3_confirmation_test_template_ood_0011,2,decoder_semantic_error_with_correct_probe,-1,-1,0,False,True,0.8822957873344421
G3,test_template_ood,v3_confirmation_test_template_ood_0011,3,operator_overshoot_candidate,-2,-4,-3,False,True,1.2169033288955688
G3,test_template_ood,v3_confirmation_test_template_ood_0011,4,operator_overshoot_candidate,-3,-4,,False,False,1.504300594329834
G3,test_template_ood,v3_confirmation_test_template_ood_0011,5,unresolved_decode_with_correct_probe,-4,-4,,False,False,1.764345407485962
G3,test_template_ood,v3_confirmation_test_template_ood_0012,1,probe_disagrees_with_correct_decode,0,-1,0,True,True,0.45590588450431824
G3,test_template_ood,v3_confirmation_test_template_ood_0012,2,content_probe_mismatch,-1,-1,-1,True,True,0.8731939196586609
G3,test_template_ood,v3_confirmation_test_template_ood_0012,3,operator_overshoot_candidate,-2,-4,,False,False,1.223241925239563
G3,test_template_ood,v3_confirmation_test_template_ood_0012,4,operator_overshoot_candidate,-3,-4,,False,False,1.5159714221954346
G3,test_template_ood,v3_confirmation_test_template_ood_0012,5,unresolved_decode_with_correct_probe,-4,-4,,False,False,1.7748332023620605
G3,test_template_ood,v3_confirmation_test_template_ood_0014,1,probe_disagrees_with_correct_decode,0,-1,0,True,True,0.45418187975883484
G3,test_template_ood,v3_confirmation_test_template_ood_0014,2,content_probe_mismatch,-1,-1,-1,True,True,0.8592334389686584
G3,test_template_ood,v3_confirmation_test_template_ood_0014,3,operator_overshoot_candidate,-2,-4,,False,False,1.196857213973999
G3,test_template_ood,v3_confirmation_test_template_ood_0014,4,operator_overshoot_candidate,-3,-4,,False,False,1.4812661409378052
G3,test_template_ood,v3_confirmation_test_template_ood_0014,5,unresolved_decode_with_correct_probe,-4,-4,,False,False,1.7365130186080933
G3,test_template_ood,v3_confirmation_test_template_ood_0015,1,probe_disagrees_with_correct_decode,0,-1,0,True,True,0.4766034185886383
G3,test_template_ood,v3_confirmation_test_template_ood_0015,2,correct,-1,-1,-1,True,True,0.8879086375236511
G3,test_template_ood,v3_confirmation_test_template_ood_0015,3,operator_overshoot_candidate,-2,-4,,False,False,1.2399348020553589
G3,test_template_ood,v3_confirmation_test_template_ood_0015,4,operator_overshoot_candidate,-3,-4,,False,False,1.5334360599517822
G3,test_template_ood,v3_confirmation_test_template_ood_0015,5,unresolved_decode_with_correct_probe,-4,-4,,False,False,1.7976927757263184
G3,test_template_ood,v3_confirmation_test_template_ood_0017,1,probe_disagrees_with_correct_decode,0,-1,0,True,True,0.4566666781902313
G3,test_template_ood,v3_confirmation_test_template_ood_0017,2,correct,-1,-1,-1,True,True,0.8734966516494751
G3,test_template_ood,v3_confirmation_test_template_ood_0017,3,operator_overshoot_candidate,-2,-4,,False,False,1.2251986265182495
G3,test_template_ood,v3_confirmation_test_template_ood_0017,4,operator_overshoot_candidate,-3,-4,,False,False,1.5202571153640747
G3,test_template_ood,v3_confirmation_test_template_ood_0017,5,unresolved_decode_with_correct_probe,-4,-4,,False,False,1.7828106880187988
G3,test_template_ood,v3_confirmation_test_template_ood_0018,1,probe_disagrees_with_correct_decode,0,-1,0,True,True,0.4869149327278137
G3,test_template_ood,v3_confirmation_test_template_ood_0018,2,correct,-1,-1,-1,True,True,0.8890870809555054
G3,test_template_ood,v3_confirmation_test_template_ood_0018,3,probe_disagrees_with_correct_decode,-2,-4,-2,True,True,1.2310113906860352
G3,test_template_ood,v3_confirmation_test_template_ood_0018,4,operator_overshoot_candidate,-3,-4,,False,False,1.5174139738082886
G3,test_template_ood,v3_confirmation_test_template_ood_0018,5,unresolved_decode_with_correct_probe,-4,-4,,False,False,1.780877709388733
G3,test_template_ood,v3_confirmation_test_template_ood_0020,1,probe_disagrees_with_correct_decode,0,-1,0,True,True,0.4504525363445282
G3,test_template_ood,v3_confirmation_test_template_ood_0020,2,correct,-1,-1,-1,True,True,0.8573911786079407
G3,test_template_ood,v3_confirmation_test_template_ood_0020,3,operator_overshoot_candidate,-2,-4,-1,False,True,1.1931406259536743
G3,test_template_ood,v3_confirmation_test_template_ood_0020,4,operator_overshoot_candidate,-3,-4,,False,False,1.4801788330078125
G3,test_template_ood,v3_confirmation_test_template_ood_0020,5,unresolved_decode_with_correct_probe,-4,-4,,False,False,1.7369072437286377
G3,test_template_ood,v3_confirmation_test_template_ood_0021,1,probe_disagrees_with_correct_decode,0,-1,0,True,True,0.5068956017494202
G3,test_template_ood,v3_confirmation_test_template_ood_0021,2,decoder_semantic_error_with_correct_probe,-1,-1,0,False,True,0.909792959690094
G3,test_template_ood,v3_confirmation_test_template_ood_0021,3,operator_overshoot_candidate,-2,-4,-3,False,True,1.2530604600906372
G3,test_template_ood,v3_confirmation_test_template_ood_0021,4,operator_overshoot_candidate,-3,-4,,False,False,1.5412688255310059
G3,test_template_ood,v3_confirmation_test_template_ood_0021,5,unresolved_decode_with_correct_probe,-4,-4,,False,False,1.79752779006958
G3,test_template_ood,v3_confirmation_test_template_ood_0023,1,probe_disagrees_with_correct_decode,0,-1,0,True,True,0.4929965138435364
G3,test_template_ood,v3_confirmation_test_template_ood_0023,2,decoder_semantic_error_with_correct_probe,-1,-1,0,False,True,0.8774176239967346
G3,test_template_ood,v3_confirmation_test_template_ood_0023,3,operator_overshoot_candidate,-2,-4,-3,False,True,1.2083755731582642
G3,test_template_ood,v3_confirmation_test_template_ood_0023,4,operator_overshoot_candidate,-3,-4,,False,False,1.488029956817627
G3,test_template_ood,v3_confirmation_test_template_ood_0023,5,unresolved_decode_with_correct_probe,-4,-4,,False,False,1.7407642602920532
G3,test_template_ood,v3_confirmation_test_template_ood_0024,1,probe_disagrees_with_correct_decode,0,-1,0,True,True,0.4555336534976959
G3,test_template_ood,v3_confirmation_test_template_ood_0024,2,content_probe_mismatch,-1,-1,-1,True,True,0.875338077545166
G3,test_template_ood,v3_confirmation_test_template_ood_0024,3,operator_overshoot_candidate,-2,-4,,False,False,1.2247929573059082
G3,test_template_ood,v3_confirmation_test_template_ood_0024,4,operator_overshoot_candidate,-3,-4,,False,False,1.516894817352295
G3,test_template_ood,v3_confirmation_test_template_ood_0024,5,unresolved_decode_with_correct_probe,-4,-4,,False,False,1.774282693862915
G3,test_template_ood,v3_confirmation_test_template_ood_0026,1,probe_disagrees_with_correct_decode,0,-1,0,True,True,0.4466535151004791
G3,test_template_ood,v3_confirmation_test_template_ood_0026,2,content_probe_mismatch,-1,-1,-1,True,True,0.8569346070289612
G3,test_template_ood,v3_confirmation_test_template_ood_0026,3,operator_overshoot_candidate,-2,-4,,False,False,1.1963374614715576
G3,test_template_ood,v3_confirmation_test_template_ood_0026,4,operator_overshoot_candidate,-3,-4,,False,False,1.4819326400756836
G3,test_template_ood,v3_confirmation_test_template_ood_0026,5,unresolved_decode_with_correct_probe,-4,-4,,False,False,1.7355788946151733
G3,test_template_ood,v3_confirmation_test_template_ood_0027,1,probe_disagrees_with_correct_decode,0,-1,0,True,True,0.4798305034637451
G3,test_template_ood,v3_confirmation_test_template_ood_0027,2,correct,-1,-1,-1,True,True,0.8971592783927917
G3,test_template_ood,v3_confirmation_test_template_ood_0027,3,operator_overshoot_candidate,-2,-4,,False,False,1.2588261365890503
G3,test_template_ood,v3_confirmation_test_template_ood_0027,4,operator_overshoot_candidate,-3,-4,,False,False,1.5578234195709229
G3,test_template_ood,v3_confirmation_test_template_ood_0027,5,unresolved_decode_with_correct_probe,-4,-4,,False,False,1.8240371942520142
G3,test_template_ood,v3_confirmation_test_template_ood_0029,1,probe_disagrees_with_correct_decode,0,-1,0,True,True,0.45033764839172363
G3,test_template_ood,v3_confirmation_test_template_ood_0029,2,content_probe_mismatch,-1,-1,-1,True,True,0.8684395551681519
G3,test_template_ood,v3_confirmation_test_template_ood_0029,3,operator_overshoot_candidate,-2,-4,,False,False,1.2149416208267212
G3,test_template_ood,v3_confirmation_test_template_ood_0029,4,operator_overshoot_candidate,-3,-4,,False,False,1.5071378946304321
G3,test_template_ood,v3_confirmation_test_template_ood_0029,5,unresolved_decode_with_correct_probe,-4,-4,,False,False,1.7658778429031372
G3,test_template_ood,v3_confirmation_test_template_ood_0030,1,probe_disagrees_with_correct_decode,0,-1,0,True,True,0.4869920611381531
G3,test_template_ood,v3_confirmation_test_template_ood_0030,2,correct,-1,-1,-1,True,True,0.9034496545791626
G3,test_template_ood,v3_confirmation_test_template_ood_0030,3,probe_disagrees_with_correct_decode,-2,-4,-2,True,True,1.253561019897461
G3,test_template_ood,v3_confirmation_test_template_ood_0030,4,operator_overshoot_candidate,-3,-4,,False,False,1.546912431716919
G3,test_template_ood,v3_confirmation_test_template_ood_0030,5,unresolved_decode_with_correct_probe,-4,-4,,False,False,1.807935118675232
G3,test_template_ood,v3_confirmation_test_template_ood_0032,1,probe_disagrees_with_correct_decode,0,-1,0,True,True,0.4580758512020111
G3,test_template_ood,v3_confirmation_test_template_ood_0032,2,content_probe_mismatch,-1,-1,-1,True,True,0.8646876215934753
G3,test_template_ood,v3_confirmation_test_template_ood_0032,3,probe_disagrees_with_correct_decode,-2,-4,-2,True,True,1.1964064836502075
G3,test_template_ood,v3_confirmation_test_template_ood_0032,4,operator_overshoot_candidate,-3,-4,,False,False,1.4816582202911377
G3,test_template_ood,v3_confirmation_test_template_ood_0032,5,unresolved_decode_with_correct_probe,-4,-4,,False,False,1.7386633157730103
G3,test_template_ood,v3_confirmation_test_template_ood_0033,1,probe_disagrees_with_correct_decode,0,-1,0,True,True,0.510705292224884
G3,test_template_ood,v3_confirmation_test_template_ood_0033,2,decoder_semantic_error_with_correct_probe,-1,-1,0,False,True,0.9024203419685364
G3,test_template_ood,v3_confirmation_test_template_ood_0033,3,operator_overshoot_candidate,-2,-4,-3,False,True,1.2376478910446167
G3,test_template_ood,v3_confirmation_test_template_ood_0033,4,operator_overshoot_candidate,-3,-4,,False,False,1.5208121538162231
G3,test_template_ood,v3_confirmation_test_template_ood_0033,5,unresolved_decode_with_correct_probe,-4,-4,,False,False,1.7756062746047974
G3,test_template_ood,v3_confirmation_test_template_ood_0035,1,probe_disagrees_with_correct_decode,0,-1,0,True,True,0.47449877858161926
G3,test_template_ood,v3_confirmation_test_template_ood_0035,2,decoder_semantic_error_with_correct_probe,-1,-1,0,False,True,0.8767602443695068
G3,test_template_ood,v3_confirmation_test_template_ood_0035,3,operator_overshoot_candidate,-2,-4,,False,False,1.209939956665039
G3,test_template_ood,v3_confirmation_test_template_ood_0035,4,operator_overshoot_candidate,-3,-4,,False,False,1.4949090480804443
G3,test_template_ood,v3_confirmation_test_template_ood_0035,5,unresolved_decode_with_correct_probe,-4,-4,,False,False,1.7497892379760742
G3,test_template_ood,v3_confirmation_test_template_ood_0036,1,probe_disagrees_with_correct_decode,0,-1,0,True,True,0.463682621717453
G3,test_template_ood,v3_confirmation_test_template_ood_0036,2,content_probe_mismatch,-1,-1,-1,True,True,0.8761051893234253
G3,test_template_ood,v3_confirmation_test_template_ood_0036,3,operator_overshoot_candidate,-2,-4,,False,False,1.2226369380950928
G3,test_template_ood,v3_confirmation_test_template_ood_0036,4,operator_overshoot_candidate,-3,-4,,False,False,1.5131871700286865
G3,test_template_ood,v3_confirmation_test_template_ood_0036,5,unresolved_decode_with_correct_probe,-4,-4,,False,False,1.7767372131347656
G3,test_template_ood,v3_confirmation_test_template_ood_0038,1,probe_disagrees_with_correct_decode,0,-1,0,True,True,0.44449687004089355
G3,test_template_ood,v3_confirmation_test_template_ood_0038,2,content_probe_mismatch,-1,-1,-1,True,True,0.8578211665153503
G3,test_template_ood,v3_confirmation_test_template_ood_0038,3,operator_overshoot_candidate,-2,-4,,False,False,1.2002111673355103
G3,test_template_ood,v3_confirmation_test_template_ood_0038,4,operator_overshoot_candidate,-3,-4,,False,False,1.4902620315551758
G3,test_template_ood,v3_confirmation_test_template_ood_0038,5,unresolved_decode_with_correct_probe,-4,-4,,False,False,1.7479065656661987
G3,test_template_ood,v3_confirmation_test_template_ood_0039,1,probe_disagrees_with_correct_decode,0,-1,0,True,True,0.4745759665966034
G3,test_template_ood,v3_confirmation_test_template_ood_0039,2,correct,-1,-1,-1,True,True,0.8944977521896362
G3,test_template_ood,v3_confirmation_test_template_ood_0039,3,operator_overshoot_candidate,-2,-4,,False,False,1.25673508644104
G3,test_template_ood,v3_confirmation_test_template_ood_0039,4,operator_overshoot_candidate,-3,-4,,False,False,1.5533486604690552
G3,test_template_ood,v3_confirmation_test_template_ood_0039,5,unresolved_decode_with_correct_probe,-4,-4,,False,False,1.8173892498016357
G3,test_template_ood,v3_confirmation_test_template_ood_0041,1,probe_disagrees_with_correct_decode,0,-1,0,True,True,0.46005645394325256
G3,test_template_ood,v3_confirmation_test_template_ood_0041,2,correct,-1,-1,-1,True,True,0.875831127166748
G3,test_template_ood,v3_confirmation_test_template_ood_0041,3,operator_overshoot_candidate,-2,-4,,False,False,1.2245442867279053
G3,test_template_ood,v3_confirmation_test_template_ood_0041,4,operator_overshoot_candidate,-3,-4,,False,False,1.5190635919570923
G3,test_template_ood,v3_confirmation_test_template_ood_0041,5,unresolved_decode_with_correct_probe,-4,-4,,False,False,1.781729817390442
G3,test_template_ood,v3_confirmation_test_template_ood_0042,1,probe_disagrees_with_correct_decode,0,-1,0,True,True,0.46864160895347595
G3,test_template_ood,v3_confirmation_test_template_ood_0042,2,correct,-1,-1,-1,True,True,0.8797991275787354
G3,test_template_ood,v3_confirmation_test_template_ood_0042,3,probe_disagrees_with_correct_decode,-2,-4,-2,True,True,1.2211856842041016
G3,test_template_ood,v3_confirmation_test_template_ood_0042,4,operator_overshoot_candidate,-3,-4,,False,False,1.5114431381225586
G3,test_template_ood,v3_confirmation_test_template_ood_0042,5,unresolved_decode_with_correct_probe,-4,-4,,False,False,1.772629737854004
G3,test_template_ood,v3_confirmation_test_template_ood_0044,1,probe_disagrees_with_correct_decode,0,-1,0,True,True,0.45908689498901367
G3,test_template_ood,v3_confirmation_test_template_ood_0044,2,correct,-1,-1,-1,True,True,0.8739302158355713
G3,test_template_ood,v3_confirmation_test_template_ood_0044,3,operator_overshoot_candidate,-2,-4,,False,False,1.2119587659835815
G3,test_template_ood,v3_confirmation_test_template_ood_0044,4,operator_overshoot_candidate,-3,-4,,False,False,1.502287745475769
G3,test_template_ood,v3_confirmation_test_template_ood_0044,5,unresolved_decode_with_correct_probe,-4,-4,,False,False,1.7621735334396362
G3,test_template_ood,v3_confirmation_test_template_ood_0045,1,probe_disagrees_with_correct_decode,0,-1,0,True,True,0.48993805050849915
G3,test_template_ood,v3_confirmation_test_template_ood_0045,2,decoder_semantic_error_with_correct_probe,-1,-1,0,False,True,0.8897229433059692
G3,test_template_ood,v3_confirmation_test_template_ood_0045,3,operator_overshoot_candidate,-2,-4,-3,False,True,1.2292922735214233
G3,test_template_ood,v3_confirmation_test_template_ood_0045,4,operator_overshoot_candidate,-3,-4,,False,False,1.5160168409347534
G3,test_template_ood,v3_confirmation_test_template_ood_0045,5,unresolved_decode_with_correct_probe,-4,-4,,False,False,1.7732608318328857
G3,test_template_ood,v3_confirmation_test_template_ood_0047,1,probe_disagrees_with_correct_decode,0,-1,0,True,True,0.4784880578517914
G3,test_template_ood,v3_confirmation_test_template_ood_0047,2,decoder_semantic_error_with_correct_probe,-1,-1,0,False,True,0.8788772225379944
G3,test_template_ood,v3_confirmation_test_template_ood_0047,3,operator_overshoot_candidate,-2,-4,,False,False,1.2140415906906128
G3,test_template_ood,v3_confirmation_test_template_ood_0047,4,operator_overshoot_candidate,-3,-4,,False,False,1.498154640197754
G3,test_template_ood,v3_confirmation_test_template_ood_0047,5,unresolved_decode_with_correct_probe,-4,-4,,False,False,1.7529791593551636
G3,test_template_ood,v3_confirmation_test_template_ood_0048,1,probe_disagrees_with_correct_decode,0,-1,0,True,True,0.4660085141658783
G3,test_template_ood,v3_confirmation_test_template_ood_0048,2,content_probe_mismatch,-1,-1,-1,True,True,0.8758323788642883
G3,test_template_ood,v3_confirmation_test_template_ood_0048,3,operator_overshoot_candidate,-2,-4,,False,False,1.2208871841430664
G3,test_template_ood,v3_confirmation_test_template_ood_0048,4,operator_overshoot_candidate,-3,-4,,False,False,1.5104676485061646
G3,test_template_ood,v3_confirmation_test_template_ood_0048,5,unresolved_decode_with_correct_probe,-4,-4,,False,False,1.7707159519195557
G3,test_template_ood,v3_confirmation_test_template_ood_0050,1,probe_disagrees_with_correct_decode,0,-1,0,True,True,0.4484482407569885
G3,test_template_ood,v3_confirmation_test_template_ood_0050,2,content_probe_mismatch,-1,-1,-1,True,True,0.8658879399299622
G3,test_template_ood,v3_confirmation_test_template_ood_0050,3,operator_overshoot_candidate,-2,-4,,False,False,1.2107186317443848
G3,test_template_ood,v3_confirmation_test_template_ood_0050,4,operator_overshoot_candidate,-3,-4,,False,False,1.5055428743362427
G3,test_template_ood,v3_confirmation_test_template_ood_0050,5,unresolved_decode_with_correct_probe,-4,-4,,False,False,1.7669124603271484
G3,test_template_ood,v3_confirmation_test_template_ood_0051,1,probe_disagrees_with_correct_decode,0,-1,0,True,True,0.4751073122024536
G3,test_template_ood,v3_confirmation_test_template_ood_0051,2,correct,-1,-1,-1,True,True,0.8837766647338867
G3,test_template_ood,v3_confirmation_test_template_ood_0051,3,operator_overshoot_candidate,-2,-4,,False,False,1.2401416301727295
G3,test_template_ood,v3_confirmation_test_template_ood_0051,4,operator_overshoot_candidate,-3,-4,,False,False,1.531538963317871
G3,test_template_ood,v3_confirmation_test_template_ood_0051,5,unresolved_decode_with_correct_probe,-4,-4,,False,False,1.7931323051452637
G3,test_template_ood,v3_confirmation_test_template_ood_0053,1,probe_disagrees_with_correct_decode,0,-1,0,True,True,0.4589611291885376
G3,test_template_ood,v3_confirmation_test_template_ood_0053,2,correct,-1,-1,-1,True,True,0.873419463634491
G3,test_template_ood,v3_confirmation_test_template_ood_0053,3,operator_overshoot_candidate,-2,-4,,False,False,1.2223865985870361
G3,test_template_ood,v3_confirmation_test_template_ood_0053,4,operator_overshoot_candidate,-3,-4,,False,False,1.5150490999221802
G3,test_template_ood,v3_confirmation_test_template_ood_0053,5,unresolved_decode_with_correct_probe,-4,-4,,False,False,1.7769314050674438
G3,test_template_ood,v3_confirmation_test_template_ood_0054,1,probe_disagrees_with_correct_decode,0,-1,0,True,True,0.4763745069503784
G3,test_template_ood,v3_confirmation_test_template_ood_0054,2,correct,-1,-1,-1,True,True,0.8900806903839111
G3,test_template_ood,v3_confirmation_test_template_ood_0054,3,probe_disagrees_with_correct_decode,-2,-4,-2,True,True,1.2367264032363892
G3,test_template_ood,v3_confirmation_test_template_ood_0054,4,operator_overshoot_candidate,-3,-4,,False,False,1.530344009399414
G3,test_template_ood,v3_confirmation_test_template_ood_0054,5,unresolved_decode_with_correct_probe,-4,-4,,False,False,1.7915716171264648
G3,test_template_ood,v3_confirmation_test_template_ood_0056,1,probe_disagrees_with_correct_decode,0,-1,0,True,True,0.46921461820602417
G3,test_template_ood,v3_confirmation_test_template_ood_0056,2,correct,-1,-1,-1,True,True,0.8717494010925293
G3,test_template_ood,v3_confirmation_test_template_ood_0056,3,probe_disagrees_with_correct_decode,-2,-4,-2,True,True,1.2041298151016235
G3,test_template_ood,v3_confirmation_test_template_ood_0056,4,operator_overshoot_candidate,-3,-4,,False,False,1.4880752563476562
G3,test_template_ood,v3_confirmation_test_template_ood_0056,5,unresolved_decode_with_correct_probe,-4,-4,,False,False,1.749315619468689
G3,test_template_ood,v3_confirmation_test_template_ood_0057,1,probe_disagrees_with_correct_decode,0,-1,0,True,True,0.49880412220954895
G3,test_template_ood,v3_confirmation_test_template_ood_0057,2,decoder_semantic_error_with_correct_probe,-1,-1,0,False,True,0.8949885368347168
G3,test_template_ood,v3_confirmation_test_template_ood_0057,3,operator_overshoot_candidate,-2,-4,-3,False,True,1.2312278747558594
G3,test_template_ood,v3_confirmation_test_template_ood_0057,4,operator_overshoot_candidate,-3,-4,,False,False,1.5158859491348267
G3,test_template_ood,v3_confirmation_test_template_ood_0057,5,unresolved_decode_with_correct_probe,-4,-4,,False,False,1.7702288627624512
G3,test_template_ood,v3_confirmation_test_template_ood_0059,1,probe_disagrees_with_correct_decode,0,-1,0,True,True,0.4746040999889374
G3,test_template_ood,v3_confirmation_test_template_ood_0059,2,decoder_semantic_error_with_correct_probe,-1,-1,0,False,True,0.8761045336723328
G3,test_template_ood,v3_confirmation_test_template_ood_0059,3,operator_overshoot_candidate,-2,-4,-3,False,True,1.2098690271377563
G3,test_template_ood,v3_confirmation_test_template_ood_0059,4,operator_overshoot_candidate,-3,-4,,False,False,1.4925239086151123
G3,test_template_ood,v3_confirmation_test_template_ood_0059,5,unresolved_decode_with_correct_probe,-4,-4,,False,False,1.7452996969223022
G3,test_template_ood,v3_confirmation_test_template_ood_0060,1,probe_disagrees_with_correct_decode,0,-1,0,True,True,0.46148186922073364
G3,test_template_ood,v3_confirmation_test_template_ood_0060,2,content_probe_mismatch,-1,-1,-1,True,True,0.8740698099136353
G3,test_template_ood,v3_confirmation_test_template_ood_0060,3,operator_overshoot_candidate,-2,-4,,False,False,1.2221447229385376
G3,test_template_ood,v3_confirmation_test_template_ood_0060,4,operator_overshoot_candidate,-3,-4,,False,False,1.5135729312896729
G3,test_template_ood,v3_confirmation_test_template_ood_0060,5,unresolved_decode_with_correct_probe,-4,-4,,False,False,1.7788493633270264
G3,test_template_ood,v3_confirmation_test_template_ood_0062,1,probe_disagrees_with_correct_decode,0,-1,0,True,True,0.4471001625061035
G3,test_template_ood,v3_confirmation_test_template_ood_0062,2,content_probe_mismatch,-1,-1,-1,True,True,0.8643515110015869
G3,test_template_ood,v3_confirmation_test_template_ood_0062,3,operator_overshoot_candidate,-2,-4,,False,False,1.2112904787063599
G3,test_template_ood,v3_confirmation_test_template_ood_0062,4,operator_overshoot_candidate,-3,-4,,False,False,1.5042351484298706
G3,test_template_ood,v3_confirmation_test_template_ood_0062,5,unresolved_decode_with_correct_probe,-4,-4,,False,False,1.7649223804473877
G3,test_template_ood,v3_confirmation_test_template_ood_0063,1,probe_disagrees_with_correct_decode,0,-1,0,True,True,0.475490927696228
G3,test_template_ood,v3_confirmation_test_template_ood_0063,2,correct,-1,-1,-1,True,True,0.8892733454704285
G3,test_template_ood,v3_confirmation_test_template_ood_0063,3,operator_overshoot_candidate,-2,-4,,False,False,1.2471129894256592
G3,test_template_ood,v3_confirmation_test_template_ood_0063,4,operator_overshoot_candidate,-3,-4,,False,False,1.5410083532333374
G3,test_template_ood,v3_confirmation_test_template_ood_0063,5,unresolved_decode_with_correct_probe,-4,-4,,False,False,1.8031381368637085
G3,test_template_ood,v3_confirmation_test_template_ood_0065,1,probe_disagrees_with_correct_decode,0,-1,0,True,True,0.4557330012321472
G3,test_template_ood,v3_confirmation_test_template_ood_0065,2,correct,-1,-1,-1,True,True,0.8761677742004395
G3,test_template_ood,v3_confirmation_test_template_ood_0065,3,operator_overshoot_candidate,-2,-4,,False,False,1.2266504764556885
G3,test_template_ood,v3_confirmation_test_template_ood_0065,4,operator_overshoot_candidate,-3,-4,,False,False,1.5248500108718872
G3,test_template_ood,v3_confirmation_test_template_ood_0065,5,unresolved_decode_with_correct_probe,-4,-4,,False,False,1.7912169694900513
G3,test_template_ood,v3_confirmation_test_template_ood_0066,1,probe_disagrees_with_correct_decode,0,-1,0,True,True,0.46796929836273193
G3,test_template_ood,v3_confirmation_test_template_ood_0066,2,correct,-1,-1,-1,True,True,0.877310574054718
G3,test_template_ood,v3_confirmation_test_template_ood_0066,3,operator_overshoot_candidate,-2,-4,-1,False,True,1.2204900979995728
G3,test_template_ood,v3_confirmation_test_template_ood_0066,4,operator_overshoot_candidate,-3,-4,,False,False,1.511745810508728
G3,test_template_ood,v3_confirmation_test_template_ood_0066,5,unresolved_decode_with_correct_probe,-4,-4,,False,False,1.7727603912353516
G3,test_template_ood,v3_confirmation_test_template_ood_0068,1,probe_disagrees_with_correct_decode,0,-1,0,True,True,0.46052470803260803
G3,test_template_ood,v3_confirmation_test_template_ood_0068,2,correct,-1,-1,-1,True,True,0.8736310005187988
G3,test_template_ood,v3_confirmation_test_template_ood_0068,3,probe_disagrees_with_correct_decode,-2,-4,-2,True,True,1.2109956741333008
G3,test_template_ood,v3_confirmation_test_template_ood_0068,4,operator_overshoot_candidate,-3,-4,,False,False,1.4998784065246582
G3,test_template_ood,v3_confirmation_test_template_ood_0068,5,unresolved_decode_with_correct_probe,-4,-4,,False,False,1.7580065727233887
G3,test_template_ood,v3_confirmation_test_template_ood_0069,1,probe_disagrees_with_correct_decode,0,-1,0,True,True,0.5132946968078613
G3,test_template_ood,v3_confirmation_test_template_ood_0069,2,decoder_semantic_error_with_correct_probe,-1,-1,0,False,True,0.9008116126060486
G3,test_template_ood,v3_confirmation_test_template_ood_0069,3,operator_overshoot_candidate,-2,-4,-3,False,True,1.2392181158065796
G3,test_template_ood,v3_confirmation_test_template_ood_0069,4,operator_overshoot_candidate,-3,-4,,False,False,1.521816611289978
G3,test_template_ood,v3_confirmation_test_template_ood_0069,5,unresolved_decode_with_correct_probe,-4,-4,,False,False,1.7750523090362549
G3,test_template_ood,v3_confirmation_test_template_ood_0071,1,probe_disagrees_with_correct_decode,0,-1,0,True,True,0.4997147023677826
G3,test_template_ood,v3_confirmation_test_template_ood_0071,2,decoder_semantic_error_with_correct_probe,-1,-1,0,False,True,0.8857516646385193
G3,test_template_ood,v3_confirmation_test_template_ood_0071,3,operator_overshoot_candidate,-2,-4,-3,False,True,1.218245506286621
G3,test_template_ood,v3_confirmation_test_template_ood_0071,4,operator_overshoot_candidate,-3,-4,,False,False,1.499729037284851
G3,test_template_ood,v3_confirmation_test_template_ood_0071,5,unresolved_decode_with_correct_probe,-4,-4,,False,False,1.757455825805664
G3,test_template_ood,v3_confirmation_test_template_ood_0072,1,probe_disagrees_with_correct_decode,0,-1,0,True,True,0.4627079367637634
G3,test_template_ood,v3_confirmation_test_template_ood_0072,2,content_probe_mismatch,-1,-1,-1,True,True,0.8856241106987
G3,test_template_ood,v3_confirmation_test_template_ood_0072,3,operator_overshoot_candidate,-2,-4,,False,False,1.2386643886566162
G3,test_template_ood,v3_confirmation_test_template_ood_0072,4,operator_overshoot_candidate,-3,-4,,False,False,1.5341631174087524
G3,test_template_ood,v3_confirmation_test_template_ood_0072,5,unresolved_decode_with_correct_probe,-4,-4,,False,False,1.7942312955856323
G3,test_template_ood,v3_confirmation_test_template_ood_0074,1,probe_disagrees_with_correct_decode,0,-1,0,True,True,0.4323192834854126
G3,test_template_ood,v3_confirmation_test_template_ood_0074,2,content_probe_mismatch,-1,-1,-1,True,True,0.8401046991348267
G3,test_template_ood,v3_confirmation_test_template_ood_0074,3,operator_overshoot_candidate,-2,-4,,False,False,1.1778761148452759
G3,test_template_ood,v3_confirmation_test_template_ood_0074,4,operator_overshoot_candidate,-3,-4,,False,False,1.4652066230773926
G3,test_template_ood,v3_confirmation_test_template_ood_0074,5,unresolved_decode_with_correct_probe,-4,-4,,False,False,1.7205767631530762
G3,test_template_ood,v3_confirmation_test_template_ood_0075,1,probe_disagrees_with_correct_decode,0,-1,0,True,True,0.47337982058525085
G3,test_template_ood,v3_confirmation_test_template_ood_0075,2,correct,-1,-1,-1,True,True,0.886499285697937
G3,test_template_ood,v3_confirmation_test_template_ood_0075,3,operator_overshoot_candidate,-2,-4,,False,False,1.2431697845458984
G3,test_template_ood,v3_confirmation_test_template_ood_0075,4,operator_overshoot_candidate,-3,-4,,False,False,1.5357577800750732
G3,test_template_ood,v3_confirmation_test_template_ood_0075,5,unresolved_decode_with_correct_probe,-4,-4,,False,False,1.7980966567993164
G3,test_template_ood,v3_confirmation_test_template_ood_0077,1,probe_disagrees_with_correct_decode,0,-1,0,True,True,0.46094444394111633
G3,test_template_ood,v3_confirmation_test_template_ood_0077,2,correct,-1,-1,-1,True,True,0.8711955547332764
G3,test_template_ood,v3_confirmation_test_template_ood_0077,3,operator_overshoot_candidate,-2,-4,,False,False,1.217139720916748
G3,test_template_ood,v3_confirmation_test_template_ood_0077,4,operator_overshoot_candidate,-3,-4,,False,False,1.506129503250122
G3,test_template_ood,v3_confirmation_test_template_ood_0077,5,unresolved_decode_with_correct_probe,-4,-4,,False,False,1.764472246170044
G3,test_template_ood,v3_confirmation_test_template_ood_0078,1,probe_disagrees_with_correct_decode,0,-1,0,True,True,0.4695912003517151
G3,test_template_ood,v3_confirmation_test_template_ood_0078,2,correct,-1,-1,-1,True,True,0.8894874453544617
G3,test_template_ood,v3_confirmation_test_template_ood_0078,3,probe_disagrees_with_correct_decode,-2,-4,-2,True,True,1.2355387210845947
G3,test_template_ood,v3_confirmation_test_template_ood_0078,4,operator_overshoot_candidate,-3,-4,,False,False,1.5304431915283203
G3,test_template_ood,v3_confirmation_test_template_ood_0078,5,unresolved_decode_with_correct_probe,-4,-4,,False,False,1.7926849126815796
repair,test_iid,v3_confirmation_test_iid_0000,1,operator_overshoot_candidate,0,-1,1,False,True,0.15213674306869507
repair,test_iid,v3_confirmation_test_iid_0000,2,decoder_semantic_error_with_correct_probe,-1,-1,1,False,True,0.34502896666526794
repair,test_iid,v3_confirmation_test_iid_0000,3,operator_overshoot_candidate,-2,-4,,False,False,0.6730421185493469
repair,test_iid,v3_confirmation_test_iid_0000,4,operator_overshoot_candidate,-3,-4,,False,False,1.2831627130508423
repair,test_iid,v3_confirmation_test_iid_0000,5,unresolved_decode_with_correct_probe,-4,-4,,False,False,2.2146613597869873
repair,test_iid,v3_confirmation_test_iid_0002,1,operator_overshoot_candidate,0,-1,1,False,True,0.145252987742424
repair,test_iid,v3_confirmation_test_iid_0002,2,decoder_semantic_error_with_correct_probe,-1,-1,1,False,True,0.33535242080688477
repair,test_iid,v3_confirmation_test_iid_0002,3,operator_overshoot_candidate,-2,-4,,False,False,0.6525564789772034
repair,test_iid,v3_confirmation_test_iid_0002,4,operator_overshoot_candidate,-3,-4,,False,False,1.2438459396362305
repair,test_iid,v3_confirmation_test_iid_0002,5,unresolved_decode_with_correct_probe,-4,-4,,False,False,2.1457483768463135
repair,test_iid,v3_confirmation_test_iid_0003,1,operator_overshoot_candidate,0,-1,1,False,True,0.1361241489648819
repair,test_iid,v3_confirmation_test_iid_0003,2,decoder_semantic_error_with_correct_probe,-1,-1,1,False,True,0.3103058338165283
repair,test_iid,v3_confirmation_test_iid_0003,3,operator_overshoot_candidate,-2,-4,,False,False,0.6048353910446167
repair,test_iid,v3_confirmation_test_iid_0003,4,operator_overshoot_candidate,-3,-4,,False,False,1.1601709127426147
repair,test_iid,v3_confirmation_test_iid_0003,5,unresolved_decode_with_correct_probe,-4,-4,,False,False,2.0159294605255127
repair,test_iid,v3_confirmation_test_iid_0005,1,operator_overshoot_candidate,0,-1,1,False,True,0.1414417028427124
repair,test_iid,v3_confirmation_test_iid_0005,2,decoder_semantic_error_with_correct_probe,-1,-1,1,False,True,0.33146217465400696
repair,test_iid,v3_confirmation_test_iid_0005,3,operator_overshoot_candidate,-2,-4,,False,False,0.6463825702667236
repair,test_iid,v3_confirmation_test_iid_0005,4,operator_overshoot_candidate,-3,-4,,False,False,1.232531189918518
repair,test_iid,v3_confirmation_test_iid_0005,5,unresolved_decode_with_correct_probe,-4,-4,,False,False,2.1316378116607666
repair,test_iid,v3_confirmation_test_iid_0006,1,operator_overshoot_candidate,0,-1,1,False,True,0.14725323021411896
repair,test_iid,v3_confirmation_test_iid_0006,2,correct,-1,-1,-1,True,True,0.3452799320220947
repair,test_iid,v3_confirmation_test_iid_0006,3,operator_overshoot_candidate,-2,-4,,False,False,0.6749470233917236
repair,test_iid,v3_confirmation_test_iid_0006,4,operator_overshoot_candidate,-3,-4,,False,False,1.282379388809204
repair,test_iid,v3_confirmation_test_iid_0006,5,unresolved_decode_with_correct_probe,-4,-4,,False,False,2.2112717628479004
repair,test_iid,v3_confirmation_test_iid_0008,1,operator_overshoot_candidate,0,-1,1,False,True,0.14756742119789124
repair,test_iid,v3_confirmation_test_iid_0008,2,correct,-1,-1,-1,True,True,0.34620723128318787
repair,test_iid,v3_confirmation_test_iid_0008,3,operator_overshoot_candidate,-2,-4,,False,False,0.6759939789772034
repair,test_iid,v3_confirmation_test_iid_0008,4,operator_overshoot_candidate,-3,-4,,False,False,1.2806066274642944
repair,test_iid,v3_confirmation_test_iid_0008,5,unresolved_decode_with_correct_probe,-4,-4,,False,False,2.2053897380828857
repair,test_iid,v3_confirmation_test_iid_0009,1,operator_overshoot_candidate,0,-1,1,False,True,0.15547984838485718
repair,test_iid,v3_confirmation_test_iid_0009,2,decoder_semantic_error_with_correct_probe,-1,-1,1,False,True,0.3544938266277313
repair,test_iid,v3_confirmation_test_iid_0009,3,operator_overshoot_candidate,-2,-4,,False,False,0.6891406774520874
repair,test_iid,v3_confirmation_test_iid_0009,4,operator_overshoot_candidate,-3,-4,,False,False,1.3080098628997803
repair,test_iid,v3_confirmation_test_iid_0009,5,unresolved_decode_with_correct_probe,-4,-4,,False,False,2.25100040435791
repair,test_iid,v3_confirmation_test_iid_0011,1,operator_overshoot_candidate,0,-1,1,False,True,0.15187488496303558
repair,test_iid,v3_confirmation_test_iid_0011,2,decoder_semantic_error_with_correct_probe,-1,-1,1,False,True,0.34693291783332825
repair,test_iid,v3_confirmation_test_iid_0011,3,operator_overshoot_candidate,-2,-4,,False,False,0.6781222820281982
repair,test_iid,v3_confirmation_test_iid_0011,4,operator_overshoot_candidate,-3,-4,,False,False,1.2907435894012451
repair,test_iid,v3_confirmation_test_iid_0011,5,unresolved_decode_with_correct_probe,-4,-4,,False,False,2.225900650024414
repair,test_iid,v3_confirmation_test_iid_0012,1,operator_overshoot_candidate,0,-1,1,False,True,0.14908863604068756
repair,test_iid,v3_confirmation_test_iid_0012,2,decoder_semantic_error_with_correct_probe,-1,-1,1,False,True,0.3494638204574585
repair,test_iid,v3_confirmation_test_iid_0012,3,operator_overshoot_candidate,-2,-4,,False,False,0.683181881904602
repair,test_iid,v3_confirmation_test_iid_0012,4,operator_overshoot_candidate,-3,-4,,False,False,1.2981147766113281
repair,test_iid,v3_confirmation_test_iid_0012,5,unresolved_decode_with_correct_probe,-4,-4,,False,False,2.2370431423187256
repair,test_iid,v3_confirmation_test_iid_0014,1,operator_overshoot_candidate,0,-1,1,False,True,0.14577893912792206
repair,test_iid,v3_confirmation_test_iid_0014,2,decoder_semantic_error_with_correct_probe,-1,-1,1,False,True,0.34799960255622864
repair,test_iid,v3_confirmation_test_iid_0014,3,operator_overshoot_candidate,-2,-4,,False,False,0.6757838726043701
repair,test_iid,v3_confirmation_test_iid_0014,4,operator_overshoot_candidate,-3,-4,,False,False,1.281489610671997
repair,test_iid,v3_confirmation_test_iid_0014,5,unresolved_decode_with_correct_probe,-4,-4,,False,False,2.2055835723876953
repair,test_iid,v3_confirmation_test_iid_0015,1,operator_overshoot_candidate,0,-1,1,False,True,0.1546068638563156
repair,test_iid,v3_confirmation_test_iid_0015,2,decoder_semantic_error_with_correct_probe,-1,-1,1,False,True,0.3410291075706482
repair,test_iid,v3_confirmation_test_iid_0015,3,operator_overshoot_candidate,-2,-4,,False,False,0.6624222993850708
repair,test_iid,v3_confirmation_test_iid_0015,4,operator_overshoot_candidate,-3,-4,,False,False,1.25692880153656
repair,test_iid,v3_confirmation_test_iid_0015,5,unresolved_decode_with_correct_probe,-4,-4,,False,False,2.1664791107177734
repair,test_iid,v3_confirmation_test_iid_0017,1,operator_overshoot_candidate,0,-1,1,False,True,0.16329970955848694
repair,test_iid,v3_confirmation_test_iid_0017,2,decoder_semantic_error_with_correct_probe,-1,-1,1,False,True,0.3827458620071411
repair,test_iid,v3_confirmation_test_iid_0017,3,operator_overshoot_candidate,-2,-4,,False,False,0.7475114464759827
repair,test_iid,v3_confirmation_test_iid_0017,4,operator_overshoot_candidate,-3,-4,,False,False,1.4012680053710938
repair,test_iid,v3_confirmation_test_iid_0017,5,unresolved_decode_with_correct_probe,-4,-4,,False,False,2.3947548866271973
repair,test_iid,v3_confirmation_test_iid_0018,1,operator_overshoot_candidate,0,-1,1,False,True,0.15060243010520935
repair,test_iid,v3_confirmation_test_iid_0018,2,decoder_semantic_error_with_correct_probe,-1,-1,1,False,True,0.3512059450149536
repair,test_iid,v3_confirmation_test_iid_0018,3,operator_overshoot_candidate,-2,-4,,False,False,0.6872269511222839
repair,test_iid,v3_confirmation_test_iid_0018,4,operator_overshoot_candidate,-3,-4,,False,False,1.3054863214492798
repair,test_iid,v3_confirmation_test_iid_0018,5,unresolved_decode_with_correct_probe,-4,-4,,False,False,2.248106002807617
repair,test_iid,v3_confirmation_test_iid_0020,1,operator_overshoot_candidate,0,-1,1,False,True,0.14684201776981354
repair,test_iid,v3_confirmation_test_iid_0020,2,decoder_semantic_error_with_correct_probe,-1,-1,1,False,True,0.34015652537345886
repair,test_iid,v3_confirmation_test_iid_0020,3,operator_overshoot_candidate,-2,-4,,False,False,0.6694260239601135
repair,test_iid,v3_confirmation_test_iid_0020,4,operator_overshoot_candidate,-3,-4,,False,False,1.2738347053527832
repair,test_iid,v3_confirmation_test_iid_0020,5,unresolved_decode_with_correct_probe,-4,-4,,False,False,2.198369026184082
repair,test_iid,v3_confirmation_test_iid_0021,1,operator_overshoot_candidate,0,-1,1,False,True,0.14627574384212494
repair,test_iid,v3_confirmation_test_iid_0021,2,decoder_semantic_error_with_correct_probe,-1,-1,1,False,True,0.33643296360969543
repair,test_iid,v3_confirmation_test_iid_0021,3,operator_overshoot_candidate,-2,-4,,False,False,0.6495063304901123
repair,test_iid,v3_confirmation_test_iid_0021,4,operator_overshoot_candidate,-3,-4,,False,False,1.235759973526001
repair,test_iid,v3_confirmation_test_iid_0021,5,unresolved_decode_with_correct_probe,-4,-4,,False,False,2.133943557739258
repair,test_iid,v3_confirmation_test_iid_0023,1,operator_overshoot_candidate,0,-1,1,False,True,0.14522457122802734
repair,test_iid,v3_confirmation_test_iid_0023,2,decoder_semantic_error_with_correct_probe,-1,-1,1,False,True,0.34693244099617004
repair,test_iid,v3_confirmation_test_iid_0023,3,operator_overshoot_candidate,-2,-4,,False,False,0.671084463596344
repair,test_iid,v3_confirmation_test_iid_0023,4,operator_overshoot_candidate,-3,-4,,False,False,1.2708499431610107
repair,test_iid,v3_confirmation_test_iid_0023,5,unresolved_decode_with_correct_probe,-4,-4,,False,False,2.1861398220062256
repair,test_iid,v3_confirmation_test_iid_0024,1,operator_overshoot_candidate,0,-1,1,False,True,0.14950768649578094
repair,test_iid,v3_confirmation_test_iid_0024,2,decoder_semantic_error_with_correct_probe,-1,-1,1,False,True,0.3398188054561615
repair,test_iid,v3_confirmation_test_iid_0024,3,operator_overshoot_candidate,-2,-4,,False,False,0.6625506281852722
repair,test_iid,v3_confirmation_test_iid_0024,4,operator_overshoot_candidate,-3,-4,,False,False,1.2666231393814087
repair,test_iid,v3_confirmation_test_iid_0024,5,unresolved_decode_with_correct_probe,-4,-4,,False,False,2.189605712890625
repair,test_iid,v3_confirmation_test_iid_0026,1,operator_overshoot_candidate,0,-1,1,False,True,0.1493058055639267
repair,test_iid,v3_confirmation_test_iid_0026,2,decoder_semantic_error_with_correct_probe,-1,-1,1,False,True,0.351120263338089
repair,test_iid,v3_confirmation_test_iid_0026,3,operator_overshoot_candidate,-2,-4,,False,False,0.6815787553787231
repair,test_iid,v3_confirmation_test_iid_0026,4,operator_overshoot_candidate,-3,-4,,False,False,1.293688178062439
repair,test_iid,v3_confirmation_test_iid_0026,5,unresolved_decode_with_correct_probe,-4,-4,,False,False,2.2278034687042236
repair,test_iid,v3_confirmation_test_iid_0027,1,operator_overshoot_candidate,0,-1,1,False,True,0.1479731798171997
repair,test_iid,v3_confirmation_test_iid_0027,2,correct,-1,-1,-1,True,True,0.3497740924358368
repair,test_iid,v3_confirmation_test_iid_0027,3,operator_overshoot_candidate,-2,-4,,False,False,0.6848640441894531
repair,test_iid,v3_confirmation_test_iid_0027,4,operator_overshoot_candidate,-3,-4,,False,False,1.2947973012924194
repair,test_iid,v3_confirmation_test_iid_0027,5,unresolved_decode_with_correct_probe,-4,-4,,False,False,2.2291741371154785
repair,test_iid,v3_confirmation_test_iid_0029,1,operator_overshoot_candidate,0,-1,1,False,True,0.1421881467103958
repair,test_iid,v3_confirmation_test_iid_0029,2,decoder_semantic_error_with_correct_probe,-1,-1,1,False,True,0.3447521924972534
repair,test_iid,v3_confirmation_test_iid_0029,3,operator_overshoot_candidate,-2,-4,,False,False,0.6705709099769592
repair,test_iid,v3_confirmation_test_iid_0029,4,operator_overshoot_candidate,-3,-4,,False,False,1.2721812725067139
repair,test_iid,v3_confirmation_test_iid_0029,5,unresolved_decode_with_correct_probe,-4,-4,,False,False,2.1923906803131104
repair,test_iid,v3_confirmation_test_iid_0030,1,operator_overshoot_candidate,0,-1,1,False,True,0.14395374059677124
repair,test_iid,v3_confirmation_test_iid_0030,2,correct,-1,-1,-1,True,True,0.3318338990211487
repair,test_iid,v3_confirmation_test_iid_0030,3,operator_overshoot_candidate,-2,-4,,False,False,0.6500630378723145
repair,test_iid,v3_confirmation_test_iid_0030,4,operator_overshoot_candidate,-3,-4,,False,False,1.2393593788146973
repair,test_iid,v3_confirmation_test_iid_0030,5,unresolved_decode_with_correct_probe,-4,-4,,False,False,2.144350051879883
repair,test_iid,v3_confirmation_test_iid_0032,1,operator_overshoot_candidate,0,-1,1,False,True,0.1467951536178589
repair,test_iid,v3_confirmation_test_iid_0032,2,decoder_semantic_error_with_correct_probe,-1,-1,1,False,True,0.34678444266319275
repair,test_iid,v3_confirmation_test_iid_0032,3,operator_overshoot_candidate,-2,-4,,False,False,0.6767861247062683
repair,test_iid,v3_confirmation_test_iid_0032,4,operator_overshoot_candidate,-3,-4,,False,False,1.2824878692626953
repair,test_iid,v3_confirmation_test_iid_0032,5,unresolved_decode_with_correct_probe,-4,-4,,False,False,2.2108192443847656
repair,test_iid,v3_confirmation_test_iid_0033,1,operator_overshoot_candidate,0,-1,1,False,True,0.14691002666950226
repair,test_iid,v3_confirmation_test_iid_0033,2,decoder_semantic_error_with_correct_probe,-1,-1,1,False,True,0.33016589283943176
repair,test_iid,v3_confirmation_test_iid_0033,3,operator_overshoot_candidate,-2,-4,,False,False,0.643481969833374
repair,test_iid,v3_confirmation_test_iid_0033,4,operator_overshoot_candidate,-3,-4,,False,False,1.2262744903564453
repair,test_iid,v3_confirmation_test_iid_0033,5,unresolved_decode_with_correct_probe,-4,-4,,False,False,2.117043972015381
repair,test_iid,v3_confirmation_test_iid_0035,1,operator_overshoot_candidate,0,-1,1,False,True,0.15026666224002838
repair,test_iid,v3_confirmation_test_iid_0035,2,decoder_semantic_error_with_correct_probe,-1,-1,1,False,True,0.3483310043811798
repair,test_iid,v3_confirmation_test_iid_0035,3,operator_overshoot_candidate,-2,-4,,False,False,0.6786128878593445
repair,test_iid,v3_confirmation_test_iid_0035,4,operator_overshoot_candidate,-3,-4,,False,False,1.2851279973983765
repair,test_iid,v3_confirmation_test_iid_0035,5,unresolved_decode_with_correct_probe,-4,-4,,False,False,2.206610679626465
repair,test_iid,v3_confirmation_test_iid_0036,1,operator_overshoot_candidate,0,-1,1,False,True,0.15027879178524017
repair,test_iid,v3_confirmation_test_iid_0036,2,decoder_semantic_error_with_correct_probe,-1,-1,1,False,True,0.35099226236343384
repair,test_iid,v3_confirmation_test_iid_0036,3,operator_overshoot_candidate,-2,-4,,False,False,0.6860073208808899
repair,test_iid,v3_confirmation_test_iid_0036,4,operator_overshoot_candidate,-3,-4,,False,False,1.3043577671051025
repair,test_iid,v3_confirmation_test_iid_0036,5,unresolved_decode_with_correct_probe,-4,-4,,False,False,2.2472543716430664
repair,test_iid,v3_confirmation_test_iid_0038,1,operator_overshoot_candidate,0,-1,1,False,True,0.1443403959274292
repair,test_iid,v3_confirmation_test_iid_0038,2,decoder_semantic_error_with_correct_probe,-1,-1,1,False,True,0.34262773394584656
repair,test_iid,v3_confirmation_test_iid_0038,3,operator_overshoot_candidate,-2,-4,,False,False,0.6657900214195251
repair,test_iid,v3_confirmation_test_iid_0038,4,operator_overshoot_candidate,-3,-4,,False,False,1.2640368938446045
repair,test_iid,v3_confirmation_test_iid_0038,5,unresolved_decode_with_correct_probe,-4,-4,,False,False,2.1778321266174316
repair,test_iid,v3_confirmation_test_iid_0039,1,operator_overshoot_candidate,0,-1,1,False,True,0.1508401781320572
repair,test_iid,v3_confirmation_test_iid_0039,2,decoder_semantic_error_with_correct_probe,-1,-1,1,False,True,0.3470005989074707
repair,test_iid,v3_confirmation_test_iid_0039,3,operator_overshoot_candidate,-2,-4,,False,False,0.6765281558036804
repair,test_iid,v3_confirmation_test_iid_0039,4,operator_overshoot_candidate,-3,-4,,False,False,1.2794243097305298
repair,test_iid,v3_confirmation_test_iid_0039,5,unresolved_decode_with_correct_probe,-4,-4,,False,False,2.200486660003662
repair,test_iid,v3_confirmation_test_iid_0041,1,operator_overshoot_candidate,0,-1,1,False,True,0.1518821120262146
repair,test_iid,v3_confirmation_test_iid_0041,2,decoded_content_error,-1,-1,1,False,False,0.3550586700439453
repair,test_iid,v3_confirmation_test_iid_0041,3,operator_overshoot_candidate,-2,-4,,False,False,0.6918789744377136
repair,test_iid,v3_confirmation_test_iid_0041,4,operator_overshoot_candidate,-3,-4,,False,False,1.3047598600387573
repair,test_iid,v3_confirmation_test_iid_0041,5,unresolved_decode_with_correct_probe,-4,-4,,False,False,2.240802526473999
repair,test_iid,v3_confirmation_test_iid_0042,1,operator_overshoot_candidate,0,-1,1,False,True,0.14058434963226318
repair,test_iid,v3_confirmation_test_iid_0042,2,decoder_semantic_error_with_correct_probe,-1,-1,1,False,True,0.31052106618881226
repair,test_iid,v3_confirmation_test_iid_0042,3,operator_overshoot_candidate,-2,-4,,False,False,0.6079290509223938
repair,test_iid,v3_confirmation_test_iid_0042,4,operator_overshoot_candidate,-3,-4,,False,False,1.1664937734603882
repair,test_iid,v3_confirmation_test_iid_0042,5,unresolved_decode_with_correct_probe,-4,-4,,False,False,2.0251588821411133
repair,test_iid,v3_confirmation_test_iid_0044,1,operator_overshoot_candidate,0,-1,1,False,True,0.14294548332691193
repair,test_iid,v3_confirmation_test_iid_0044,2,decoder_semantic_error_with_correct_probe,-1,-1,1,False,True,0.33014315366744995
repair,test_iid,v3_confirmation_test_iid_0044,3,operator_overshoot_candidate,-2,-4,,False,False,0.6442779898643494
repair,test_iid,v3_confirmation_test_iid_0044,4,operator_overshoot_candidate,-3,-4,,False,False,1.2281594276428223
repair,test_iid,v3_confirmation_test_iid_0044,5,unresolved_decode_with_correct_probe,-4,-4,,False,False,2.1237335205078125
repair,test_iid,v3_confirmation_test_iid_0045,1,operator_overshoot_candidate,0,-1,1,False,True,0.14697673916816711
repair,test_iid,v3_confirmation_test_iid_0045,2,decoder_semantic_error_with_correct_probe,-1,-1,1,False,True,0.33848488330841064
repair,test_iid,v3_confirmation_test_iid_0045,3,operator_overshoot_candidate,-2,-4,,False,False,0.653271496295929
repair,test_iid,v3_confirmation_test_iid_0045,4,operator_overshoot_candidate,-3,-4,,False,False,1.242018699645996
repair,test_iid,v3_confirmation_test_iid_0045,5,unresolved_decode_with_correct_probe,-4,-4,,False,False,2.144012451171875
repair,test_iid,v3_confirmation_test_iid_0047,1,operator_overshoot_candidate,0,-1,1,False,True,0.1490350216627121
repair,test_iid,v3_confirmation_test_iid_0047,2,decoder_semantic_error_with_correct_probe,-1,-1,1,False,True,0.3478620946407318
repair,test_iid,v3_confirmation_test_iid_0047,3,operator_overshoot_candidate,-2,-4,,False,False,0.6729247570037842
repair,test_iid,v3_confirmation_test_iid_0047,4,operator_overshoot_candidate,-3,-4,,False,False,1.2762833833694458
repair,test_iid,v3_confirmation_test_iid_0047,5,unresolved_decode_with_correct_probe,-4,-4,,False,False,2.1999804973602295
repair,test_iid,v3_confirmation_test_iid_0048,1,operator_overshoot_candidate,0,-1,1,False,True,0.14780625700950623
repair,test_iid,v3_confirmation_test_iid_0048,2,decoder_semantic_error_with_correct_probe,-1,-1,1,False,True,0.3225405514240265
repair,test_iid,v3_confirmation_test_iid_0048,3,operator_overshoot_candidate,-2,-4,,False,False,0.6266756653785706
repair,test_iid,v3_confirmation_test_iid_0048,4,operator_overshoot_candidate,-3,-4,,False,False,1.2018303871154785
repair,test_iid,v3_confirmation_test_iid_0048,5,unresolved_decode_with_correct_probe,-4,-4,,False,False,2.084263563156128
repair,test_iid,v3_confirmation_test_iid_0050,1,operator_overshoot_candidate,0,-1,1,False,True,0.14609204232692719
repair,test_iid,v3_confirmation_test_iid_0050,2,decoder_semantic_error_with_correct_probe,-1,-1,1,False,True,0.33378127217292786
repair,test_iid,v3_confirmation_test_iid_0050,3,operator_overshoot_candidate,-2,-4,,False,False,0.6519696712493896
repair,test_iid,v3_confirmation_test_iid_0050,4,operator_overshoot_candidate,-3,-4,,False,False,1.2442938089370728
repair,test_iid,v3_confirmation_test_iid_0050,5,unresolved_decode_with_correct_probe,-4,-4,,False,False,2.1516528129577637
repair,test_iid,v3_confirmation_test_iid_0051,1,operator_overshoot_candidate,0,-1,1,False,True,0.14107327163219452
repair,test_iid,v3_confirmation_test_iid_0051,2,decoder_semantic_error_with_correct_probe,-1,-1,1,False,True,0.3296918272972107
repair,test_iid,v3_confirmation_test_iid_0051,3,operator_overshoot_candidate,-2,-4,,False,False,0.6452109217643738
repair,test_iid,v3_confirmation_test_iid_0051,4,operator_overshoot_candidate,-3,-4,,False,False,1.2315999269485474
repair,test_iid,v3_confirmation_test_iid_0051,5,unresolved_decode_with_correct_probe,-4,-4,,False,False,2.1343095302581787
repair,test_iid,v3_confirmation_test_iid_0053,1,operator_overshoot_candidate,0,-1,1,False,True,0.14149276912212372
repair,test_iid,v3_confirmation_test_iid_0053,2,decoder_semantic_error_with_correct_probe,-1,-1,1,False,True,0.3360850214958191
repair,test_iid,v3_confirmation_test_iid_0053,3,operator_overshoot_candidate,-2,-4,,False,False,0.654056191444397
repair,test_iid,v3_confirmation_test_iid_0053,4,operator_overshoot_candidate,-3,-4,,False,False,1.2482277154922485
repair,test_iid,v3_confirmation_test_iid_0053,5,unresolved_decode_with_correct_probe,-4,-4,,False,False,2.159090518951416
repair,test_iid,v3_confirmation_test_iid_0054,1,operator_overshoot_candidate,0,-1,1,False,True,0.14546167850494385
repair,test_iid,v3_confirmation_test_iid_0054,2,correct,-1,-1,-1,True,True,0.336958646774292
repair,test_iid,v3_confirmation_test_iid_0054,3,operator_overshoot_candidate,-2,-4,,False,False,0.6617658138275146
repair,test_iid,v3_confirmation_test_iid_0054,4,operator_overshoot_candidate,-3,-4,,False,False,1.261410117149353
repair,test_iid,v3_confirmation_test_iid_0054,5,unresolved_decode_with_correct_probe,-4,-4,,False,False,2.1820855140686035
repair,test_iid,v3_confirmation_test_iid_0056,1,operator_overshoot_candidate,0,-1,1,False,True,0.14559046924114227
repair,test_iid,v3_confirmation_test_iid_0056,2,correct,-1,-1,-1,True,True,0.3412795662879944
repair,test_iid,v3_confirmation_test_iid_0056,3,operator_overshoot_candidate,-2,-4,,False,False,0.6665163636207581
repair,test_iid,v3_confirmation_test_iid_0056,4,operator_overshoot_candidate,-3,-4,,False,False,1.2638866901397705
repair,test_iid,v3_confirmation_test_iid_0056,5,unresolved_decode_with_correct_probe,-4,-4,,False,False,2.1782608032226562
repair,test_iid,v3_confirmation_test_iid_0057,1,operator_overshoot_candidate,0,-1,1,False,True,0.14904974400997162
repair,test_iid,v3_confirmation_test_iid_0057,2,decoder_semantic_error_with_correct_probe,-1,-1,1,False,True,0.3336889147758484
repair,test_iid,v3_confirmation_test_iid_0057,3,operator_overshoot_candidate,-2,-4,,False,False,0.6517043113708496
repair,test_iid,v3_confirmation_test_iid_0057,4,operator_overshoot_candidate,-3,-4,,False,False,1.241834044456482
repair,test_iid,v3_confirmation_test_iid_0057,5,unresolved_decode_with_correct_probe,-4,-4,,False,False,2.1455326080322266
repair,test_iid,v3_confirmation_test_iid_0059,1,operator_overshoot_candidate,0,-1,1,False,True,0.15344171226024628
repair,test_iid,v3_confirmation_test_iid_0059,2,decoder_semantic_error_with_correct_probe,-1,-1,1,False,True,0.34791478514671326
repair,test_iid,v3_confirmation_test_iid_0059,3,operator_overshoot_candidate,-2,-4,,False,False,0.6795241236686707
repair,test_iid,v3_confirmation_test_iid_0059,4,operator_overshoot_candidate,-3,-4,,False,False,1.2882212400436401
repair,test_iid,v3_confirmation_test_iid_0059,5,unresolved_decode_with_correct_probe,-4,-4,,False,False,2.215998411178589
repair,test_iid,v3_confirmation_test_iid_0060,1,operator_overshoot_candidate,0,-1,1,False,True,0.14479245245456696
repair,test_iid,v3_confirmation_test_iid_0060,2,decoder_semantic_error_with_correct_probe,-1,-1,1,False,True,0.33991193771362305
repair,test_iid,v3_confirmation_test_iid_0060,3,operator_overshoot_candidate,-2,-4,,False,False,0.6601897478103638
repair,test_iid,v3_confirmation_test_iid_0060,4,operator_overshoot_candidate,-3,-4,,False,False,1.2539277076721191
repair,test_iid,v3_confirmation_test_iid_0060,5,unresolved_decode_with_correct_probe,-4,-4,,False,False,2.1623494625091553
repair,test_iid,v3_confirmation_test_iid_0062,1,operator_overshoot_candidate,0,-1,1,False,True,0.14536547660827637
repair,test_iid,v3_confirmation_test_iid_0062,2,decoder_semantic_error_with_correct_probe,-1,-1,1,False,True,0.3355329632759094
repair,test_iid,v3_confirmation_test_iid_0062,3,operator_overshoot_candidate,-2,-4,,False,False,0.6554147005081177
repair,test_iid,v3_confirmation_test_iid_0062,4,operator_overshoot_candidate,-3,-4,,False,False,1.2470659017562866
repair,test_iid,v3_confirmation_test_iid_0062,5,unresolved_decode_with_correct_probe,-4,-4,,False,False,2.1535496711730957
repair,test_iid,v3_confirmation_test_iid_0063,1,operator_overshoot_candidate,0,-1,1,False,True,0.15906289219856262
repair,test_iid,v3_confirmation_test_iid_0063,2,decoder_semantic_error_with_correct_probe,-1,-1,1,False,True,0.358365923166275
repair,test_iid,v3_confirmation_test_iid_0063,3,operator_overshoot_candidate,-2,-4,,False,False,0.6968876123428345
repair,test_iid,v3_confirmation_test_iid_0063,4,operator_overshoot_candidate,-3,-4,,False,False,1.3179072141647339
repair,test_iid,v3_confirmation_test_iid_0063,5,unresolved_decode_with_correct_probe,-4,-4,,False,False,2.2639646530151367
repair,test_iid,v3_confirmation_test_iid_0065,1,operator_overshoot_candidate,0,-1,1,False,True,0.16080781817436218
repair,test_iid,v3_confirmation_test_iid_0065,2,decoder_semantic_error_with_correct_probe,-1,-1,1,False,True,0.3693956136703491
repair,test_iid,v3_confirmation_test_iid_0065,3,operator_overshoot_candidate,-2,-4,,False,False,0.7218018174171448
repair,test_iid,v3_confirmation_test_iid_0065,4,operator_overshoot_candidate,-3,-4,,False,False,1.3595706224441528
repair,test_iid,v3_confirmation_test_iid_0065,5,unresolved_decode_with_correct_probe,-4,-4,,False,False,2.326619863510132
repair,test_iid,v3_confirmation_test_iid_0066,1,operator_overshoot_candidate,0,-1,1,False,True,0.1489093154668808
repair,test_iid,v3_confirmation_test_iid_0066,2,decoder_semantic_error_with_correct_probe,-1,-1,1,False,True,0.33750882744789124
repair,test_iid,v3_confirmation_test_iid_0066,3,operator_overshoot_candidate,-2,-4,,False,False,0.6614322066307068
repair,test_iid,v3_confirmation_test_iid_0066,4,operator_overshoot_candidate,-3,-4,,False,False,1.261128544807434
repair,test_iid,v3_confirmation_test_iid_0066,5,unresolved_decode_with_correct_probe,-4,-4,,False,False,2.1768686771392822
repair,test_iid,v3_confirmation_test_iid_0068,1,operator_overshoot_candidate,0,-1,1,False,True,0.15328484773635864
repair,test_iid,v3_confirmation_test_iid_0068,2,decoder_semantic_error_with_correct_probe,-1,-1,1,False,True,0.3459288775920868
repair,test_iid,v3_confirmation_test_iid_0068,3,operator_overshoot_candidate,-2,-4,,False,False,0.6799023747444153
repair,test_iid,v3_confirmation_test_iid_0068,4,operator_overshoot_candidate,-3,-4,,False,False,1.2917839288711548
repair,test_iid,v3_confirmation_test_iid_0068,5,unresolved_decode_with_correct_probe,-4,-4,,False,False,2.229722738265991
repair,test_iid,v3_confirmation_test_iid_0069,1,operator_overshoot_candidate,0,-1,1,False,True,0.14800333976745605
repair,test_iid,v3_confirmation_test_iid_0069,2,decoded_content_error,-1,-1,1,False,False,0.3470892608165741
repair,test_iid,v3_confirmation_test_iid_0069,3,operator_overshoot_candidate,-2,-4,,False,False,0.6684035658836365
repair,test_iid,v3_confirmation_test_iid_0069,4,operator_overshoot_candidate,-3,-4,,False,False,1.2682174444198608
repair,test_iid,v3_confirmation_test_iid_0069,5,unresolved_decode_with_correct_probe,-4,-4,,False,False,2.1838386058807373
repair,test_iid,v3_confirmation_test_iid_0071,1,operator_overshoot_candidate,0,-1,1,False,True,0.14946673810482025
repair,test_iid,v3_confirmation_test_iid_0071,2,decoder_semantic_error_with_correct_probe,-1,-1,1,False,True,0.3566891849040985
repair,test_iid,v3_confirmation_test_iid_0071,3,operator_overshoot_candidate,-2,-4,,False,False,0.6947630643844604
repair,test_iid,v3_confirmation_test_iid_0071,4,operator_overshoot_candidate,-3,-4,,False,False,1.3136980533599854
repair,test_iid,v3_confirmation_test_iid_0071,5,unresolved_decode_with_correct_probe,-4,-4,,False,False,2.2613089084625244
repair,test_iid,v3_confirmation_test_iid_0072,1,operator_overshoot_candidate,0,-1,1,False,True,0.14932000637054443
repair,test_iid,v3_confirmation_test_iid_0072,2,decoder_semantic_error_with_correct_probe,-1,-1,1,False,True,0.33797547221183777
repair,test_iid,v3_confirmation_test_iid_0072,3,operator_overshoot_candidate,-2,-4,,False,False,0.6575672626495361
repair,test_iid,v3_confirmation_test_iid_0072,4,operator_overshoot_candidate,-3,-4,,False,False,1.2557584047317505
repair,test_iid,v3_confirmation_test_iid_0072,5,unresolved_decode_with_correct_probe,-4,-4,,False,False,2.1682403087615967
repair,test_iid,v3_confirmation_test_iid_0074,1,operator_overshoot_candidate,0,-1,1,False,True,0.1441718488931656
repair,test_iid,v3_confirmation_test_iid_0074,2,decoder_semantic_error_with_correct_probe,-1,-1,1,False,True,0.3316238522529602
repair,test_iid,v3_confirmation_test_iid_0074,3,operator_overshoot_candidate,-2,-4,,False,False,0.6456562280654907
repair,test_iid,v3_confirmation_test_iid_0074,4,operator_overshoot_candidate,-3,-4,,False,False,1.2319470643997192
repair,test_iid,v3_confirmation_test_iid_0074,5,unresolved_decode_with_correct_probe,-4,-4,,False,False,2.1282219886779785
repair,test_iid,v3_confirmation_test_iid_0075,1,operator_overshoot_candidate,0,-1,1,False,True,0.13754242658615112
repair,test_iid,v3_confirmation_test_iid_0075,2,decoder_semantic_error_with_correct_probe,-1,-1,1,False,True,0.3139153718948364
repair,test_iid,v3_confirmation_test_iid_0075,3,operator_overshoot_candidate,-2,-4,,False,False,0.6092929840087891
repair,test_iid,v3_confirmation_test_iid_0075,4,operator_overshoot_candidate,-3,-4,,False,False,1.1657966375350952
repair,test_iid,v3_confirmation_test_iid_0075,5,unresolved_decode_with_correct_probe,-4,-4,,False,False,2.0213701725006104
repair,test_iid,v3_confirmation_test_iid_0077,1,operator_overshoot_candidate,0,-1,1,False,True,0.13910990953445435
repair,test_iid,v3_confirmation_test_iid_0077,2,decoder_semantic_error_with_correct_probe,-1,-1,1,False,True,0.330627977848053
repair,test_iid,v3_confirmation_test_iid_0077,3,operator_overshoot_candidate,-2,-4,,False,False,0.6454006433486938
repair,test_iid,v3_confirmation_test_iid_0077,4,operator_overshoot_candidate,-3,-4,,False,False,1.2288615703582764
repair,test_iid,v3_confirmation_test_iid_0077,5,unresolved_decode_with_correct_probe,-4,-4,,False,False,2.1225011348724365
repair,test_iid,v3_confirmation_test_iid_0078,1,operator_overshoot_candidate,0,-1,1,False,True,0.15017560124397278
repair,test_iid,v3_confirmation_test_iid_0078,2,decoder_semantic_error_with_correct_probe,-1,-1,1,False,True,0.34577110409736633
repair,test_iid,v3_confirmation_test_iid_0078,3,operator_overshoot_candidate,-2,-4,,False,False,0.6749749183654785
repair,test_iid,v3_confirmation_test_iid_0078,4,operator_overshoot_candidate,-3,-4,,False,False,1.2820000648498535
repair,test_iid,v3_confirmation_test_iid_0078,5,unresolved_decode_with_correct_probe,-4,-4,,False,False,2.2095987796783447
repair,test_template_ood,v3_confirmation_test_template_ood_0000,1,operator_overshoot_candidate,0,-1,1,False,True,0.14594104886054993
repair,test_template_ood,v3_confirmation_test_template_ood_0000,2,decoded_content_error,-1,1,1,False,False,0.34832850098609924
repair,test_template_ood,v3_confirmation_test_template_ood_0000,3,operator_overshoot_candidate,-2,-4,,False,False,0.6849225163459778
repair,test_template_ood,v3_confirmation_test_template_ood_0000,4,operator_overshoot_candidate,-3,-4,,False,False,1.3001630306243896
repair,test_template_ood,v3_confirmation_test_template_ood_0000,5,unresolved_decode_with_correct_probe,-4,-4,,False,False,2.235318183898926
repair,test_template_ood,v3_confirmation_test_template_ood_0002,1,operator_overshoot_candidate,0,-1,1,False,True,0.14586971700191498
repair,test_template_ood,v3_confirmation_test_template_ood_0002,2,decoder_semantic_error_with_correct_probe,-1,-1,1,False,True,0.35394346714019775
repair,test_template_ood,v3_confirmation_test_template_ood_0002,3,operator_overshoot_candidate,-2,-4,,False,False,0.6966244578361511
repair,test_template_ood,v3_confirmation_test_template_ood_0002,4,operator_overshoot_candidate,-3,-4,,False,False,1.3123700618743896
repair,test_template_ood,v3_confirmation_test_template_ood_0002,5,unresolved_decode_with_correct_probe,-4,-4,,False,False,2.2514867782592773
repair,test_template_ood,v3_confirmation_test_template_ood_0003,1,operator_overshoot_candidate,0,-1,1,False,True,0.1567569077014923
repair,test_template_ood,v3_confirmation_test_template_ood_0003,2,decoder_semantic_error_with_correct_probe,-1,-1,1,False,True,0.35377222299575806
repair,test_template_ood,v3_confirmation_test_template_ood_0003,3,operator_overshoot_candidate,-2,-4,,False,False,0.7005308270454407
repair,test_template_ood,v3_confirmation_test_template_ood_0003,4,operator_overshoot_candidate,-3,-4,,False,False,1.3250213861465454
repair,test_template_ood,v3_confirmation_test_template_ood_0003,5,unresolved_decode_with_correct_probe,-4,-4,,False,False,2.2815253734588623
repair,test_template_ood,v3_confirmation_test_template_ood_0005,1,operator_overshoot_candidate,0,-1,1,False,True,0.1540028303861618
repair,test_template_ood,v3_confirmation_test_template_ood_0005,2,correct,-1,-1,-1,True,True,0.3540324568748474
repair,test_template_ood,v3_confirmation_test_template_ood_0005,3,operator_overshoot_candidate,-2,-4,,False,False,0.6965834498405457
repair,test_template_ood,v3_confirmation_test_template_ood_0005,4,operator_overshoot_candidate,-3,-4,,False,False,1.316786289215088
repair,test_template_ood,v3_confirmation_test_template_ood_0005,5,unresolved_decode_with_correct_probe,-4,-4,,False,False,2.2640089988708496
repair,test_template_ood,v3_confirmation_test_template_ood_0006,1,operator_overshoot_candidate,0,-1,1,False,True,0.14931483566761017
repair,test_template_ood,v3_confirmation_test_template_ood_0006,2,decoder_semantic_error_with_correct_probe,-1,-1,1,False,True,0.3419862389564514
repair,test_template_ood,v3_confirmation_test_template_ood_0006,3,operator_overshoot_candidate,-2,-4,,False,False,0.6663488745689392
repair,test_template_ood,v3_confirmation_test_template_ood_0006,4,operator_overshoot_candidate,-3,-4,,False,False,1.2618871927261353
repair,test_template_ood,v3_confirmation_test_template_ood_0006,5,unresolved_decode_with_correct_probe,-4,-4,,False,False,2.1767728328704834
repair,test_template_ood,v3_confirmation_test_template_ood_0008,1,operator_overshoot_candidate,0,-1,1,False,True,0.1559930443763733
repair,test_template_ood,v3_confirmation_test_template_ood_0008,2,decoder_semantic_error_with_correct_probe,-1,-1,1,False,True,0.36539751291275024
repair,test_template_ood,v3_confirmation_test_template_ood_0008,3,operator_overshoot_candidate,-2,-4,,False,False,0.7156460881233215
repair,test_template_ood,v3_confirmation_test_template_ood_0008,4,operator_overshoot_candidate,-3,-4,,False,False,1.349126935005188
repair,test_template_ood,v3_confirmation_test_template_ood_0008,5,unresolved_decode_with_correct_probe,-4,-4,,False,False,2.3170018196105957
repair,test_template_ood,v3_confirmation_test_template_ood_0009,1,operator_overshoot_candidate,0,-1,1,False,True,0.17290687561035156
repair,test_template_ood,v3_confirmation_test_template_ood_0009,2,decoder_semantic_error_with_correct_probe,-1,-1,1,False,True,0.3870292901992798
repair,test_template_ood,v3_confirmation_test_template_ood_0009,3,operator_overshoot_candidate,-2,-4,,False,False,0.7493200302124023
repair,test_template_ood,v3_confirmation_test_template_ood_0009,4,operator_overshoot_candidate,-3,-4,,False,False,1.3973941802978516
repair,test_template_ood,v3_confirmation_test_template_ood_0009,5,unresolved_decode_with_correct_probe,-4,-4,,False,False,2.390714645385742
repair,test_template_ood,v3_confirmation_test_template_ood_0011,1,operator_overshoot_candidate,0,-1,1,False,True,0.16861402988433838
repair,test_template_ood,v3_confirmation_test_template_ood_0011,2,decoder_semantic_error_with_correct_probe,-1,-1,1,False,True,0.3783440589904785
repair,test_template_ood,v3_confirmation_test_template_ood_0011,3,operator_overshoot_candidate,-2,-4,,False,False,0.7353701591491699
repair,test_template_ood,v3_confirmation_test_template_ood_0011,4,operator_overshoot_candidate,-3,-4,,False,False,1.3743895292282104
repair,test_template_ood,v3_confirmation_test_template_ood_0011,5,unresolved_decode_with_correct_probe,-4,-4,,False,False,2.3543477058410645
repair,test_template_ood,v3_confirmation_test_template_ood_0012,1,operator_overshoot_candidate,0,-1,1,False,True,0.15019848942756653
repair,test_template_ood,v3_confirmation_test_template_ood_0012,2,decoder_semantic_error_with_correct_probe,-1,-1,1,False,True,0.35034462809562683
repair,test_template_ood,v3_confirmation_test_template_ood_0012,3,operator_overshoot_candidate,-2,-4,,False,False,0.6887138485908508
repair,test_template_ood,v3_confirmation_test_template_ood_0012,4,operator_overshoot_candidate,-3,-4,,False,False,1.306075930595398
repair,test_template_ood,v3_confirmation_test_template_ood_0012,5,unresolved_decode_with_correct_probe,-4,-4,,False,False,2.2457661628723145
repair,test_template_ood,v3_confirmation_test_template_ood_0014,1,operator_overshoot_candidate,0,-1,1,False,True,0.1448635309934616
repair,test_template_ood,v3_confirmation_test_template_ood_0014,2,decoded_content_error,-1,-1,1,False,False,0.3465876281261444
repair,test_template_ood,v3_confirmation_test_template_ood_0014,3,operator_overshoot_candidate,-2,-4,,False,False,0.6818454265594482
repair,test_template_ood,v3_confirmation_test_template_ood_0014,4,operator_overshoot_candidate,-3,-4,,False,False,1.2897313833236694
repair,test_template_ood,v3_confirmation_test_template_ood_0014,5,unresolved_decode_with_correct_probe,-4,-4,,False,False,2.212954044342041
repair,test_template_ood,v3_confirmation_test_template_ood_0015,1,operator_overshoot_candidate,0,-1,1,False,True,0.14909577369689941
repair,test_template_ood,v3_confirmation_test_template_ood_0015,2,decoder_semantic_error_with_correct_probe,-1,-1,1,False,True,0.3423486053943634
repair,test_template_ood,v3_confirmation_test_template_ood_0015,3,operator_overshoot_candidate,-2,-4,,False,False,0.6735731363296509
repair,test_template_ood,v3_confirmation_test_template_ood_0015,4,operator_overshoot_candidate,-3,-4,,False,False,1.2792515754699707
repair,test_template_ood,v3_confirmation_test_template_ood_0015,5,unresolved_decode_with_correct_probe,-4,-4,,False,False,2.2020504474639893
repair,test_template_ood,v3_confirmation_test_template_ood_0017,1,operator_overshoot_candidate,0,-1,1,False,True,0.16067172586917877
repair,test_template_ood,v3_confirmation_test_template_ood_0017,2,correct,-1,-1,-1,True,True,0.37072494626045227
repair,test_template_ood,v3_confirmation_test_template_ood_0017,3,operator_overshoot_candidate,-2,-4,,False,False,0.7331371903419495
repair,test_template_ood,v3_confirmation_test_template_ood_0017,4,operator_overshoot_candidate,-3,-4,,False,False,1.379664659500122
repair,test_template_ood,v3_confirmation_test_template_ood_0017,5,unresolved_decode_with_correct_probe,-4,-4,,False,False,2.3680198192596436
repair,test_template_ood,v3_confirmation_test_template_ood_0018,1,operator_overshoot_candidate,0,-1,1,False,True,0.1496308296918869
repair,test_template_ood,v3_confirmation_test_template_ood_0018,2,decoder_semantic_error_with_correct_probe,-1,-1,1,False,True,0.3428124487400055
repair,test_template_ood,v3_confirmation_test_template_ood_0018,3,operator_overshoot_candidate,-2,-4,,False,False,0.667292594909668
repair,test_template_ood,v3_confirmation_test_template_ood_0018,4,operator_overshoot_candidate,-3,-4,,False,False,1.2628631591796875
repair,test_template_ood,v3_confirmation_test_template_ood_0018,5,unresolved_decode_with_correct_probe,-4,-4,,False,False,2.1780331134796143
repair,test_template_ood,v3_confirmation_test_template_ood_0020,1,operator_overshoot_candidate,0,-1,1,False,True,0.14961941540241241
repair,test_template_ood,v3_confirmation_test_template_ood_0020,2,decoder_semantic_error_with_correct_probe,-1,-1,1,False,True,0.3504592478275299
repair,test_template_ood,v3_confirmation_test_template_ood_0020,3,operator_overshoot_candidate,-2,-4,,False,False,0.6836945414543152
repair,test_template_ood,v3_confirmation_test_template_ood_0020,4,operator_overshoot_candidate,-3,-4,,False,False,1.2905343770980835
repair,test_template_ood,v3_confirmation_test_template_ood_0020,5,unresolved_decode_with_correct_probe,-4,-4,,False,False,2.217479944229126
repair,test_template_ood,v3_confirmation_test_template_ood_0021,1,operator_overshoot_candidate,0,-1,1,False,True,0.15745322406291962
repair,test_template_ood,v3_confirmation_test_template_ood_0021,2,decoder_semantic_error_with_correct_probe,-1,-1,1,False,True,0.3559567630290985
repair,test_template_ood,v3_confirmation_test_template_ood_0021,3,operator_overshoot_candidate,-2,-4,,False,False,0.6860542297363281
repair,test_template_ood,v3_confirmation_test_template_ood_0021,4,operator_overshoot_candidate,-3,-4,,False,False,1.286048412322998
repair,test_template_ood,v3_confirmation_test_template_ood_0021,5,unresolved_decode_with_correct_probe,-4,-4,,False,False,2.2077667713165283
repair,test_template_ood,v3_confirmation_test_template_ood_0023,1,operator_overshoot_candidate,0,-1,1,False,True,0.1660356968641281
repair,test_template_ood,v3_confirmation_test_template_ood_0023,2,decoder_semantic_error_with_correct_probe,-1,-1,1,False,True,0.35550838708877563
repair,test_template_ood,v3_confirmation_test_template_ood_0023,3,operator_overshoot_candidate,-2,-4,,False,False,0.6855078339576721
repair,test_template_ood,v3_confirmation_test_template_ood_0023,4,operator_overshoot_candidate,-3,-4,,False,False,1.2836225032806396
repair,test_template_ood,v3_confirmation_test_template_ood_0023,5,unresolved_decode_with_correct_probe,-4,-4,,False,False,2.202996253967285
repair,test_template_ood,v3_confirmation_test_template_ood_0024,1,operator_overshoot_candidate,0,-1,1,False,True,0.14540156722068787
repair,test_template_ood,v3_confirmation_test_template_ood_0024,2,decoder_semantic_error_with_correct_probe,-1,-1,1,False,True,0.3360835611820221
repair,test_template_ood,v3_confirmation_test_template_ood_0024,3,operator_overshoot_candidate,-2,-4,,False,False,0.6587557792663574
repair,test_template_ood,v3_confirmation_test_template_ood_0024,4,operator_overshoot_candidate,-3,-4,,False,False,1.2525659799575806
repair,test_template_ood,v3_confirmation_test_template_ood_0024,5,unresolved_decode_with_correct_probe,-4,-4,,False,False,2.1596927642822266
repair,test_template_ood,v3_confirmation_test_template_ood_0026,1,operator_overshoot_candidate,0,-1,1,False,True,0.14562298357486725
repair,test_template_ood,v3_confirmation_test_template_ood_0026,2,decoder_semantic_error_with_correct_probe,-1,-1,1,False,True,0.3440386950969696
repair,test_template_ood,v3_confirmation_test_template_ood_0026,3,operator_overshoot_candidate,-2,-4,,False,False,0.6753792762756348
repair,test_template_ood,v3_confirmation_test_template_ood_0026,4,operator_overshoot_candidate,-3,-4,,False,False,1.2768404483795166
repair,test_template_ood,v3_confirmation_test_template_ood_0026,5,unresolved_decode_with_correct_probe,-4,-4,,False,False,2.195035934448242
repair,test_template_ood,v3_confirmation_test_template_ood_0027,1,operator_overshoot_candidate,0,-1,1,False,True,0.15471714735031128
repair,test_template_ood,v3_confirmation_test_template_ood_0027,2,decoder_semantic_error_with_correct_probe,-1,-1,1,False,True,0.3478056490421295
repair,test_template_ood,v3_confirmation_test_template_ood_0027,3,operator_overshoot_candidate,-2,-4,,False,False,0.6891769766807556
repair,test_template_ood,v3_confirmation_test_template_ood_0027,4,operator_overshoot_candidate,-3,-4,,False,False,1.3023912906646729
repair,test_template_ood,v3_confirmation_test_template_ood_0027,5,unresolved_decode_with_correct_probe,-4,-4,,False,False,2.241420269012451
repair,test_template_ood,v3_confirmation_test_template_ood_0029,1,operator_overshoot_candidate,0,-1,1,False,True,0.15312527120113373
repair,test_template_ood,v3_confirmation_test_template_ood_0029,2,content_probe_mismatch,-1,-1,-1,True,True,0.34919849038124084
repair,test_template_ood,v3_confirmation_test_template_ood_0029,3,operator_overshoot_candidate,-2,-4,,False,False,0.6871173977851868
repair,test_template_ood,v3_confirmation_test_template_ood_0029,4,operator_overshoot_candidate,-3,-4,,False,False,1.304634690284729
repair,test_template_ood,v3_confirmation_test_template_ood_0029,5,unresolved_decode_with_correct_probe,-4,-4,,False,False,2.2492144107818604
repair,test_template_ood,v3_confirmation_test_template_ood_0030,1,operator_overshoot_candidate,0,-1,1,False,True,0.152151957154274
repair,test_template_ood,v3_confirmation_test_template_ood_0030,2,decoder_semantic_error_with_correct_probe,-1,-1,1,False,True,0.3398468792438507
repair,test_template_ood,v3_confirmation_test_template_ood_0030,3,operator_overshoot_candidate,-2,-4,,False,False,0.6622176766395569
repair,test_template_ood,v3_confirmation_test_template_ood_0030,4,operator_overshoot_candidate,-3,-4,,False,False,1.2551617622375488
repair,test_template_ood,v3_confirmation_test_template_ood_0030,5,unresolved_decode_with_correct_probe,-4,-4,,False,False,2.1669232845306396
repair,test_template_ood,v3_confirmation_test_template_ood_0032,1,operator_overshoot_candidate,0,-1,1,False,True,0.14998410642147064
repair,test_template_ood,v3_confirmation_test_template_ood_0032,2,decoder_semantic_error_with_correct_probe,-1,-1,1,False,True,0.34876304864883423
repair,test_template_ood,v3_confirmation_test_template_ood_0032,3,operator_overshoot_candidate,-2,-4,,False,False,0.6783743500709534
repair,test_template_ood,v3_confirmation_test_template_ood_0032,4,operator_overshoot_candidate,-3,-4,,False,False,1.2807223796844482
repair,test_template_ood,v3_confirmation_test_template_ood_0032,5,unresolved_decode_with_correct_probe,-4,-4,,False,False,2.204707384109497
repair,test_template_ood,v3_confirmation_test_template_ood_0033,1,operator_overshoot_candidate,0,-1,1,False,True,0.16086766123771667
repair,test_template_ood,v3_confirmation_test_template_ood_0033,2,decoder_semantic_error_with_correct_probe,-1,-1,1,False,True,0.3473840653896332
repair,test_template_ood,v3_confirmation_test_template_ood_0033,3,operator_overshoot_candidate,-2,-4,,False,False,0.6673303246498108
repair,test_template_ood,v3_confirmation_test_template_ood_0033,4,operator_overshoot_candidate,-3,-4,,False,False,1.2556229829788208
repair,test_template_ood,v3_confirmation_test_template_ood_0033,5,unresolved_decode_with_correct_probe,-4,-4,,False,False,2.163311719894409
repair,test_template_ood,v3_confirmation_test_template_ood_0035,1,operator_overshoot_candidate,0,-1,1,False,True,0.16146117448806763
repair,test_template_ood,v3_confirmation_test_template_ood_0035,2,decoder_semantic_error_with_correct_probe,-1,-1,1,False,True,0.3713477849960327
repair,test_template_ood,v3_confirmation_test_template_ood_0035,3,operator_overshoot_candidate,-2,-4,,False,False,0.7178187370300293
repair,test_template_ood,v3_confirmation_test_template_ood_0035,4,operator_overshoot_candidate,-3,-4,,False,False,1.340555191040039
repair,test_template_ood,v3_confirmation_test_template_ood_0035,5,unresolved_decode_with_correct_probe,-4,-4,,False,False,2.294297218322754
repair,test_template_ood,v3_confirmation_test_template_ood_0036,1,operator_overshoot_candidate,0,-1,1,False,True,0.14538098871707916
repair,test_template_ood,v3_confirmation_test_template_ood_0036,2,decoded_content_error,-1,-1,1,False,False,0.3416786789894104
repair,test_template_ood,v3_confirmation_test_template_ood_0036,3,operator_overshoot_candidate,-2,-4,,False,False,0.6729376912117004
repair,test_template_ood,v3_confirmation_test_template_ood_0036,4,operator_overshoot_candidate,-3,-4,,False,False,1.2795159816741943
repair,test_template_ood,v3_confirmation_test_template_ood_0036,5,unresolved_decode_with_correct_probe,-4,-4,,False,False,2.204885482788086
repair,test_template_ood,v3_confirmation_test_template_ood_0038,1,operator_overshoot_candidate,0,-1,1,False,True,0.1482114940881729
repair,test_template_ood,v3_confirmation_test_template_ood_0038,2,decoder_semantic_error_with_correct_probe,-1,-1,1,False,True,0.35985153913497925
repair,test_template_ood,v3_confirmation_test_template_ood_0038,3,operator_overshoot_candidate,-2,-4,,False,False,0.7060191035270691
repair,test_template_ood,v3_confirmation_test_template_ood_0038,4,operator_overshoot_candidate,-3,-4,,False,False,1.3290058374404907
repair,test_template_ood,v3_confirmation_test_template_ood_0038,5,unresolved_decode_with_correct_probe,-4,-4,,False,False,2.277134656906128
repair,test_template_ood,v3_confirmation_test_template_ood_0039,1,operator_overshoot_candidate,0,-1,1,False,True,0.14553552865982056
repair,test_template_ood,v3_confirmation_test_template_ood_0039,2,decoder_semantic_error_with_correct_probe,-1,-1,1,False,True,0.31441861391067505
repair,test_template_ood,v3_confirmation_test_template_ood_0039,3,operator_overshoot_candidate,-2,-4,,False,False,0.6178200244903564
repair,test_template_ood,v3_confirmation_test_template_ood_0039,4,operator_overshoot_candidate,-3,-4,,False,False,1.176528811454773
repair,test_template_ood,v3_confirmation_test_template_ood_0039,5,unresolved_decode_with_correct_probe,-4,-4,,False,False,2.0367074012756348
repair,test_template_ood,v3_confirmation_test_template_ood_0041,1,operator_overshoot_candidate,0,-1,1,False,True,0.14890547096729279
repair,test_template_ood,v3_confirmation_test_template_ood_0041,2,correct,-1,-1,-1,True,True,0.3402654230594635
repair,test_template_ood,v3_confirmation_test_template_ood_0041,3,operator_overshoot_candidate,-2,-4,,False,False,0.6669549942016602
repair,test_template_ood,v3_confirmation_test_template_ood_0041,4,operator_overshoot_candidate,-3,-4,,False,False,1.2643452882766724
repair,test_template_ood,v3_confirmation_test_template_ood_0041,5,unresolved_decode_with_correct_probe,-4,-4,,False,False,2.176547050476074
repair,test_template_ood,v3_confirmation_test_template_ood_0042,1,operator_overshoot_candidate,0,-1,1,False,True,0.15298378467559814
repair,test_template_ood,v3_confirmation_test_template_ood_0042,2,decoder_semantic_error_with_correct_probe,-1,-1,1,False,True,0.3443489670753479
repair,test_template_ood,v3_confirmation_test_template_ood_0042,3,operator_overshoot_candidate,-2,-4,,False,False,0.6725283861160278
repair,test_template_ood,v3_confirmation_test_template_ood_0042,4,operator_overshoot_candidate,-3,-4,,False,False,1.275178074836731
repair,test_template_ood,v3_confirmation_test_template_ood_0042,5,unresolved_decode_with_correct_probe,-4,-4,,False,False,2.200706720352173
repair,test_template_ood,v3_confirmation_test_template_ood_0044,1,operator_overshoot_candidate,0,-1,1,False,True,0.15315388143062592
repair,test_template_ood,v3_confirmation_test_template_ood_0044,2,decoder_semantic_error_with_correct_probe,-1,-1,1,False,True,0.3603285253047943
repair,test_template_ood,v3_confirmation_test_template_ood_0044,3,operator_overshoot_candidate,-2,-4,,False,False,0.7018905878067017
repair,test_template_ood,v3_confirmation_test_template_ood_0044,4,operator_overshoot_candidate,-3,-4,,False,False,1.3219465017318726
repair,test_template_ood,v3_confirmation_test_template_ood_0044,5,unresolved_decode_with_correct_probe,-4,-4,,False,False,2.269901990890503
repair,test_template_ood,v3_confirmation_test_template_ood_0045,1,operator_overshoot_candidate,0,-1,1,False,True,0.15311405062675476
repair,test_template_ood,v3_confirmation_test_template_ood_0045,2,decoder_semantic_error_with_correct_probe,-1,-1,1,False,True,0.343431293964386
repair,test_template_ood,v3_confirmation_test_template_ood_0045,3,operator_overshoot_candidate,-2,-4,,False,False,0.6631820201873779
repair,test_template_ood,v3_confirmation_test_template_ood_0045,4,operator_overshoot_candidate,-3,-4,,False,False,1.2474440336227417
repair,test_template_ood,v3_confirmation_test_template_ood_0045,5,unresolved_decode_with_correct_probe,-4,-4,,False,False,2.14595627784729
repair,test_template_ood,v3_confirmation_test_template_ood_0047,1,operator_overshoot_candidate,0,-1,1,False,True,0.15634359419345856
repair,test_template_ood,v3_confirmation_test_template_ood_0047,2,decoder_semantic_error_with_correct_probe,-1,-1,1,False,True,0.35648590326309204
repair,test_template_ood,v3_confirmation_test_template_ood_0047,3,operator_overshoot_candidate,-2,-4,,False,False,0.690112829208374
repair,test_template_ood,v3_confirmation_test_template_ood_0047,4,operator_overshoot_candidate,-3,-4,,False,False,1.2925080060958862
repair,test_template_ood,v3_confirmation_test_template_ood_0047,5,unresolved_decode_with_correct_probe,-4,-4,,False,False,2.2171547412872314
repair,test_template_ood,v3_confirmation_test_template_ood_0048,1,operator_overshoot_candidate,0,-1,1,False,True,0.14949727058410645
repair,test_template_ood,v3_confirmation_test_template_ood_0048,2,decoded_content_error,-1,-1,1,False,False,0.35160505771636963
repair,test_template_ood,v3_confirmation_test_template_ood_0048,3,operator_overshoot_candidate,-2,-4,,False,False,0.6920071244239807
repair,test_template_ood,v3_confirmation_test_template_ood_0048,4,operator_overshoot_candidate,-3,-4,,False,False,1.3087007999420166
repair,test_template_ood,v3_confirmation_test_template_ood_0048,5,unresolved_decode_with_correct_probe,-4,-4,,False,False,2.245234966278076
repair,test_template_ood,v3_confirmation_test_template_ood_0050,1,operator_overshoot_candidate,0,-1,1,False,True,0.15334473550319672
repair,test_template_ood,v3_confirmation_test_template_ood_0050,2,decoder_semantic_error_with_correct_probe,-1,-1,1,False,True,0.3654261529445648
repair,test_template_ood,v3_confirmation_test_template_ood_0050,3,operator_overshoot_candidate,-2,-4,,False,False,0.7208191156387329
repair,test_template_ood,v3_confirmation_test_template_ood_0050,4,operator_overshoot_candidate,-3,-4,,False,False,1.354931116104126
repair,test_template_ood,v3_confirmation_test_template_ood_0050,5,unresolved_decode_with_correct_probe,-4,-4,,False,False,2.3236632347106934
repair,test_template_ood,v3_confirmation_test_template_ood_0051,1,operator_overshoot_candidate,0,-1,1,False,True,0.1487305462360382
repair,test_template_ood,v3_confirmation_test_template_ood_0051,2,decoder_semantic_error_with_correct_probe,-1,-1,1,False,True,0.32930439710617065
repair,test_template_ood,v3_confirmation_test_template_ood_0051,3,operator_overshoot_candidate,-2,-4,,False,False,0.6486006379127502
repair,test_template_ood,v3_confirmation_test_template_ood_0051,4,operator_overshoot_candidate,-3,-4,,False,False,1.2315001487731934
repair,test_template_ood,v3_confirmation_test_template_ood_0051,5,unresolved_decode_with_correct_probe,-4,-4,,False,False,2.126251697540283
repair,test_template_ood,v3_confirmation_test_template_ood_0053,1,operator_overshoot_candidate,0,-1,1,False,True,0.1513422429561615
repair,test_template_ood,v3_confirmation_test_template_ood_0053,2,correct,-1,-1,-1,True,True,0.3409827649593353
repair,test_template_ood,v3_confirmation_test_template_ood_0053,3,operator_overshoot_candidate,-2,-4,,False,False,0.6735564470291138
repair,test_template_ood,v3_confirmation_test_template_ood_0053,4,operator_overshoot_candidate,-3,-4,,False,False,1.2777478694915771
repair,test_template_ood,v3_confirmation_test_template_ood_0053,5,unresolved_decode_with_correct_probe,-4,-4,,False,False,2.2030205726623535
repair,test_template_ood,v3_confirmation_test_template_ood_0054,1,operator_overshoot_candidate,0,-1,1,False,True,0.15128791332244873
repair,test_template_ood,v3_confirmation_test_template_ood_0054,2,decoder_semantic_error_with_correct_probe,-1,-1,1,False,True,0.3457966148853302
repair,test_template_ood,v3_confirmation_test_template_ood_0054,3,operator_overshoot_candidate,-2,-4,,False,False,0.6765241026878357
repair,test_template_ood,v3_confirmation_test_template_ood_0054,4,operator_overshoot_candidate,-3,-4,,False,False,1.2812800407409668
repair,test_template_ood,v3_confirmation_test_template_ood_0054,5,unresolved_decode_with_correct_probe,-4,-4,,False,False,2.208073854446411
repair,test_template_ood,v3_confirmation_test_template_ood_0056,1,operator_overshoot_candidate,0,-1,1,False,True,0.14946694672107697
repair,test_template_ood,v3_confirmation_test_template_ood_0056,2,decoded_content_error,-1,-1,1,False,False,0.35114264488220215
repair,test_template_ood,v3_confirmation_test_template_ood_0056,3,operator_overshoot_candidate,-2,-4,,False,False,0.6863878965377808
repair,test_template_ood,v3_confirmation_test_template_ood_0056,4,operator_overshoot_candidate,-3,-4,,False,False,1.297056794166565
repair,test_template_ood,v3_confirmation_test_template_ood_0056,5,unresolved_decode_with_correct_probe,-4,-4,,False,False,2.232424736022949
repair,test_template_ood,v3_confirmation_test_template_ood_0057,1,operator_overshoot_candidate,0,-1,1,False,True,0.1656859964132309
repair,test_template_ood,v3_confirmation_test_template_ood_0057,2,decoder_semantic_error_with_correct_probe,-1,-1,1,False,True,0.3799649775028229
repair,test_template_ood,v3_confirmation_test_template_ood_0057,3,operator_overshoot_candidate,-2,-4,,False,False,0.737237811088562
repair,test_template_ood,v3_confirmation_test_template_ood_0057,4,operator_overshoot_candidate,-3,-4,,False,False,1.3735861778259277
repair,test_template_ood,v3_confirmation_test_template_ood_0057,5,unresolved_decode_with_correct_probe,-4,-4,,False,False,2.3476264476776123
repair,test_template_ood,v3_confirmation_test_template_ood_0059,1,operator_overshoot_candidate,0,-1,1,False,True,0.1572706699371338
repair,test_template_ood,v3_confirmation_test_template_ood_0059,2,decoder_semantic_error_with_correct_probe,-1,-1,1,False,True,0.35720333456993103
repair,test_template_ood,v3_confirmation_test_template_ood_0059,3,operator_overshoot_candidate,-2,-4,,False,False,0.6908935308456421
repair,test_template_ood,v3_confirmation_test_template_ood_0059,4,operator_overshoot_candidate,-3,-4,,False,False,1.2931605577468872
repair,test_template_ood,v3_confirmation_test_template_ood_0059,5,unresolved_decode_with_correct_probe,-4,-4,,False,False,2.218867778778076
repair,test_template_ood,v3_confirmation_test_template_ood_0060,1,operator_overshoot_candidate,0,-1,1,False,True,0.14474047720432281
repair,test_template_ood,v3_confirmation_test_template_ood_0060,2,decoded_content_error,-1,-1,1,False,False,0.341143935918808
repair,test_template_ood,v3_confirmation_test_template_ood_0060,3,operator_overshoot_candidate,-2,-4,,False,False,0.6709369421005249
repair,test_template_ood,v3_confirmation_test_template_ood_0060,4,operator_overshoot_candidate,-3,-4,,False,False,1.271157145500183
repair,test_template_ood,v3_confirmation_test_template_ood_0060,5,unresolved_decode_with_correct_probe,-4,-4,,False,False,2.1864125728607178
repair,test_template_ood,v3_confirmation_test_template_ood_0062,1,operator_overshoot_candidate,0,-1,1,False,True,0.14333504438400269
repair,test_template_ood,v3_confirmation_test_template_ood_0062,2,decoder_semantic_error_with_correct_probe,-1,-1,1,False,True,0.34335267543792725
repair,test_template_ood,v3_confirmation_test_template_ood_0062,3,operator_overshoot_candidate,-2,-4,,False,False,0.672981321811676
repair,test_template_ood,v3_confirmation_test_template_ood_0062,4,operator_overshoot_candidate,-3,-4,,False,False,1.2696679830551147
repair,test_template_ood,v3_confirmation_test_template_ood_0062,5,unresolved_decode_with_correct_probe,-4,-4,,False,False,2.180203914642334
repair,test_template_ood,v3_confirmation_test_template_ood_0063,1,operator_overshoot_candidate,0,-1,1,False,True,0.14579103887081146
repair,test_template_ood,v3_confirmation_test_template_ood_0063,2,decoder_semantic_error_with_correct_probe,-1,-1,1,False,True,0.32288575172424316
repair,test_template_ood,v3_confirmation_test_template_ood_0063,3,operator_overshoot_candidate,-2,-4,,False,False,0.6382266283035278
repair,test_template_ood,v3_confirmation_test_template_ood_0063,4,operator_overshoot_candidate,-3,-4,,False,False,1.2174735069274902
repair,test_template_ood,v3_confirmation_test_template_ood_0063,5,unresolved_decode_with_correct_probe,-4,-4,,False,False,2.1075031757354736
repair,test_template_ood,v3_confirmation_test_template_ood_0065,1,operator_overshoot_candidate,0,-1,1,False,True,0.15443378686904907
repair,test_template_ood,v3_confirmation_test_template_ood_0065,2,correct,-1,-1,-1,True,True,0.3576852083206177
repair,test_template_ood,v3_confirmation_test_template_ood_0065,3,operator_overshoot_candidate,-2,-4,,False,False,0.7035176157951355
repair,test_template_ood,v3_confirmation_test_template_ood_0065,4,operator_overshoot_candidate,-3,-4,,False,False,1.3264566659927368
repair,test_template_ood,v3_confirmation_test_template_ood_0065,5,unresolved_decode_with_correct_probe,-4,-4,,False,False,2.2785332202911377
repair,test_template_ood,v3_confirmation_test_template_ood_0066,1,operator_overshoot_candidate,0,-1,1,False,True,0.15202593803405762
repair,test_template_ood,v3_confirmation_test_template_ood_0066,2,decoder_semantic_error_with_correct_probe,-1,-1,1,False,True,0.3444877564907074
repair,test_template_ood,v3_confirmation_test_template_ood_0066,3,operator_overshoot_candidate,-2,-4,,False,False,0.6698275804519653
repair,test_template_ood,v3_confirmation_test_template_ood_0066,4,operator_overshoot_candidate,-3,-4,,False,False,1.2689794301986694
repair,test_template_ood,v3_confirmation_test_template_ood_0066,5,unresolved_decode_with_correct_probe,-4,-4,,False,False,2.1860873699188232
repair,test_template_ood,v3_confirmation_test_template_ood_0068,1,operator_overshoot_candidate,0,-1,1,False,True,0.14839062094688416
repair,test_template_ood,v3_confirmation_test_template_ood_0068,2,decoder_semantic_error_with_correct_probe,-1,-1,1,False,True,0.346203088760376
repair,test_template_ood,v3_confirmation_test_template_ood_0068,3,operator_overshoot_candidate,-2,-4,,False,False,0.6755322217941284
repair,test_template_ood,v3_confirmation_test_template_ood_0068,4,operator_overshoot_candidate,-3,-4,,False,False,1.276236891746521
repair,test_template_ood,v3_confirmation_test_template_ood_0068,5,unresolved_decode_with_correct_probe,-4,-4,,False,False,2.1960718631744385
repair,test_template_ood,v3_confirmation_test_template_ood_0069,1,operator_overshoot_candidate,0,-1,1,False,True,0.161798357963562
repair,test_template_ood,v3_confirmation_test_template_ood_0069,2,decoder_semantic_error_with_correct_probe,-1,-1,1,False,True,0.3365898132324219
repair,test_template_ood,v3_confirmation_test_template_ood_0069,3,operator_overshoot_candidate,-2,-4,,False,False,0.6484118700027466
repair,test_template_ood,v3_confirmation_test_template_ood_0069,4,operator_overshoot_candidate,-3,-4,,False,False,1.222266674041748
repair,test_template_ood,v3_confirmation_test_template_ood_0069,5,unresolved_decode_with_correct_probe,-4,-4,,False,False,2.10793399810791
repair,test_template_ood,v3_confirmation_test_template_ood_0071,1,operator_overshoot_candidate,0,-1,1,False,True,0.16415096819400787
repair,test_template_ood,v3_confirmation_test_template_ood_0071,2,decoded_content_error,-1,-1,1,False,False,0.3616645932197571
repair,test_template_ood,v3_confirmation_test_template_ood_0071,3,operator_overshoot_candidate,-2,-4,,False,False,0.7025372385978699
repair,test_template_ood,v3_confirmation_test_template_ood_0071,4,operator_overshoot_candidate,-3,-4,,False,False,1.3188600540161133
repair,test_template_ood,v3_confirmation_test_template_ood_0071,5,unresolved_decode_with_correct_probe,-4,-4,,False,False,2.2664172649383545
repair,test_template_ood,v3_confirmation_test_template_ood_0072,1,operator_overshoot_candidate,0,-1,1,False,True,0.1507684588432312
repair,test_template_ood,v3_confirmation_test_template_ood_0072,2,decoder_semantic_error_with_correct_probe,-1,-1,1,False,True,0.35262200236320496
repair,test_template_ood,v3_confirmation_test_template_ood_0072,3,operator_overshoot_candidate,-2,-4,,False,False,0.6932020783424377
repair,test_template_ood,v3_confirmation_test_template_ood_0072,4,operator_overshoot_candidate,-3,-4,,False,False,1.3127623796463013
repair,test_template_ood,v3_confirmation_test_template_ood_0072,5,unresolved_decode_with_correct_probe,-4,-4,,False,False,2.2573421001434326
repair,test_template_ood,v3_confirmation_test_template_ood_0074,1,operator_overshoot_candidate,0,-1,1,False,True,0.14785648882389069
repair,test_template_ood,v3_confirmation_test_template_ood_0074,2,decoder_semantic_error_with_correct_probe,-1,-1,1,False,True,0.3531360626220703
repair,test_template_ood,v3_confirmation_test_template_ood_0074,3,operator_overshoot_candidate,-2,-4,,False,False,0.6929919719696045
repair,test_template_ood,v3_confirmation_test_template_ood_0074,4,operator_overshoot_candidate,-3,-4,,False,False,1.3081871271133423
repair,test_template_ood,v3_confirmation_test_template_ood_0074,5,unresolved_decode_with_correct_probe,-4,-4,,False,False,2.2445449829101562
repair,test_template_ood,v3_confirmation_test_template_ood_0075,1,operator_overshoot_candidate,0,-1,1,False,True,0.14570587873458862
repair,test_template_ood,v3_confirmation_test_template_ood_0075,2,decoder_semantic_error_with_correct_probe,-1,-1,1,False,True,0.320108026266098
repair,test_template_ood,v3_confirmation_test_template_ood_0075,3,operator_overshoot_candidate,-2,-4,,False,False,0.6318680047988892
repair,test_template_ood,v3_confirmation_test_template_ood_0075,4,operator_overshoot_candidate,-3,-4,,False,False,1.2050894498825073
repair,test_template_ood,v3_confirmation_test_template_ood_0075,5,unresolved_decode_with_correct_probe,-4,-4,,False,False,2.0867040157318115
repair,test_template_ood,v3_confirmation_test_template_ood_0077,1,operator_overshoot_candidate,0,-1,1,False,True,0.15464133024215698
repair,test_template_ood,v3_confirmation_test_template_ood_0077,2,correct,-1,-1,-1,True,True,0.3490258455276489
repair,test_template_ood,v3_confirmation_test_template_ood_0077,3,operator_overshoot_candidate,-2,-4,,False,False,0.6880562901496887
repair,test_template_ood,v3_confirmation_test_template_ood_0077,4,operator_overshoot_candidate,-3,-4,,False,False,1.299821376800537
repair,test_template_ood,v3_confirmation_test_template_ood_0077,5,unresolved_decode_with_correct_probe,-4,-4,,False,False,2.2356183528900146
repair,test_template_ood,v3_confirmation_test_template_ood_0078,1,operator_overshoot_candidate,0,-1,1,False,True,0.15166187286376953
repair,test_template_ood,v3_confirmation_test_template_ood_0078,2,decoder_semantic_error_with_correct_probe,-1,-1,1,False,True,0.34850066900253296
repair,test_template_ood,v3_confirmation_test_template_ood_0078,3,operator_overshoot_candidate,-2,-4,,False,False,0.6803837418556213
repair,test_template_ood,v3_confirmation_test_template_ood_0078,4,operator_overshoot_candidate,-3,-4,,False,False,1.2890498638153076
repair,test_template_ood,v3_confirmation_test_template_ood_0078,5,unresolved_decode_with_correct_probe,-4,-4,,False,False,2.221262216567993
