review_id,source_id,source,output,future_achieved,specified_facts_preserved,readable,notes
R0001,5aff5940295992759a9b,the magazines i am looking for are underdeveloped said mr. ritterman,the magazines i am looking for are underdeveloped said mr. ritterman,,,,
R0002,dacc3fdc2b372bae8430,they are what they are,they will be what they will be,,,,
R0003,f842bc6eb6f6686532c0,ual finally opened for trading at 10:08 a.m. at 150 down 28,The Canadian dollar will finally be up for trading at 10:08 a.m. at 150 down 28,,,,
R0004,e757fdf7c99c993be023,jerell could n't immediately be reached for comment,jerell will n't immediately be reached for comment,,,,
R0005,0ffa471f7e98f5520858,jeff rowe contributed to this article,jeff rowe will contribute to this article,,,,
R0006,4c8a6039d4e1cb0db028,why did east bloc participants unanimously endorse market-based pollution approaches,why will east bloc participants unanimously endorse market-based pollution approaches,,,,
R0007,0a73aee31e5505a1955e,the cd seemed like a great deal,the cd will seem like a great deal,,,,
R0008,0be5c99f3dde450f32b6,world-wide production would be cut in half by 1998,world-wide production would be cut in half by 1998,,,,
R0009,b1801a3e490479271908,there is an element of make-work involved,there will be an element of make-work involved,,,,
R0010,49f93398348c6c113f73,the notion that tracking is somehow undemocratic is absurd,the notion that tracking is somehow undemocratic is absurd,,,,
R0011,df4a38f1c7ea9c06054c,since 1987 40 states have increased the speed limit on rural interstates,since 1987 40 states will have increased the speed limit on rural interstates,,,,
R0012,f78bec13cfb0569cfa32,he predicted the problem will be solved very soon,he will predict the problem will be solved very soon,,,,
R0013,1a9c4ebfbb7e37b2fff0,what are the facts on this type of lending,what are the facts on this type of lending,,,,
R0014,8d39f585fa3d55bbc645,california a trend-setter in franchising rules stirs a controversy,california a trend-setter in franchising rules will stir up a controversy,,,,
R0015,e4112927f5e4aeeafa02,a piece down the computer resigned,a piece down the computer will be,,,,
R0016,f2460e7ef6ccf23ad416,mr. kendrick is professor emeritus of economics at george washington university,mr. kendrick will be professor emeritus of economics at george washington university,,,,
R0017,c489e6e4026faf6daaf2,but they need not be to do their jobs well,but they need not be to do their jobs well,,,,
R0018,910389535dd5f5d012bd,this is not the case,this will not be the case,,,,
R0019,f5faeb345a0341417d3d,no other computer vendor offers graphics performance that good for their price,no other computer vendor will offer graphics performance that good for their price,,,,
R0020,85e814bdd87dc8bb4a64,the asset shrinkage was particularly concentrated in several large california institutions,the asset shrinkage will be particularly concentrated in several large california institutions,,,,
R0021,4d978d3df86de905faf2,consequently small business is taking more pro-active steps to counter mandated leaves,consequently small business will be taking more pro-active steps to counter mandated leaves,,,,
R0022,3c69fe0470b06f9648fa,a federal judge turned down the chapter 11 petition,a federal judge will turn down the chapter 11 petition,,,,
R0023,3396911c6194da9b3bc2,shearson lehman hutton declined to comment,shearson lehman hutton will decline to comment,,,,
R0024,f842bc6eb6f6686532c0,ual finally opened for trading at 10:08 a.m. at 150 down 28,ual finally will open for trading at 10:08 a.m. at 150 down 28,,,,
R0025,6ce0acd6fe202c08ba25,they now are experimenting with measuring blood flow,they now will be experimenting with measuring blood flow,,,,
R0026,73b185587fcf08c66612,interest is a great deal higher than it was a year ago,interest is a great deal higher than it was a year ago,,,,
R0027,d1e80aafd9107094b3dd,a bankruptcy court hearing is set for nov. 3 on these accords,a bankruptcy court hearing is set for nov. 3 on these accords,,,,
R0028,0a73aee31e5505a1955e,the cd seemed like a great deal,the cd will seemed like a great deal,,,,
R0029,85e814bdd87dc8bb4a64,the asset shrinkage was particularly concentrated in several large california institutions,the asset shrinkage will be particularly concentrated in several large california institutions,,,,
R0030,2e0c5b044cc58bb9b1ea,higher earnings helped some issues,higher earnings will help some issues,,,,
R0031,c489e6e4026faf6daaf2,but they need not be to do their jobs well,but they need not be to do their jobs well,,,,
R0032,4d3b3b1a032654cf92fa,not that getting into town was easy,not that getting into town will be easy,,,,
R0033,2543db151dc404101f48,officials at goldman sachs and salomon brothers were unavailable for comment,officials at goldman sachs and salomon brothers will be unavailable for comment,,,,
R0034,29601248045db467688c,per-share net rose to 44.08 yen from 36.13 yen,per-share net rose to 44.08 yen from 36.13 yen,,,,
R0035,f5faeb345a0341417d3d,no other computer vendor offers graphics performance that good for their price,no other computer vendor will offer graphics performance that good for their price,,,,
R0036,0b7dfb285d32fd3be887,genetic defect spotted in 3-day-old embryo,genetic defect will be spotted in 3-day-old embryo,,,,
R0037,f2e7146c4bca84457882,that is the way the system works,that will be the way the system will work,,,,
R0038,4d978d3df86de905faf2,consequently small business is taking more pro-active steps to counter mandated leaves,consequently small business will be taking more pro-active steps to counter mandated leaves,,,,
R0039,4d978d3df86de905faf2,consequently small business is taking more pro-active steps to counter mandated leaves,consequently small business will be taking more pro-active steps to counter mandated leaves,,,,
R0040,5497e4b7295e544058ca,mr. tannenbaum is a reporter in the journal 's new york bureau,mr. tannenbaum is a reporter in the journal 's new york bureau,,,,
R0041,200acf951c0d8b2e4960,this is just not so,this is just not so,,,,
R0042,29601248045db467688c,per-share net rose to 44.08 yen from 36.13 yen,per-share net will rise to 44.08 yen from 36.13 yen,,,,
R0043,01c5707d6177d17b7810,one cell was teased out and its dna extracted,one cell will be teased out and its dna will extracted,,,,
R0044,8953419d735f40d8d89d,if a client needs prejudiced jurors the firm will help find them,if a client will need prejudiced jurors the firm will help find them,,,,
R0045,5ae64f21ef4d3ecfa1d0,logic plays a minimal role here,logic will play a minimal role here,,,,
R0046,8370ca278cea407cbec9,and the poles are engaged in commerce,and the poles will be engaged in commerce,,,,
R0047,d172becfce68a12103e2,mr. vinson estimates the industry 's total revenues approach 200 million,mr. vinson will estimate the industry 's total revenues will approach 200 million,,,,
R0048,a2c38b74746240fb05d3,silicon graphics ' strategy seems to be paying off,silicon graphics ' strategy will be paying off,,,,
R0049,29601248045db467688c,per-share net rose to 44.08 yen from 36.13 yen,per-share net will rise to 44.08 yen from 36.13 yen,,,,
R0050,368dd3e83834f4385661,the scientists have experimented on the tiny neck arteries of rats,the scientists will have experimented on the tiny neck arteries of rats,,,,
R0051,f5faeb345a0341417d3d,no other computer vendor offers graphics performance that good for their price,no other computer vendor will offer graphics performance that good for their price,,,,
R0052,0f8f97cf8c26ff0cb9dc,a record date has n't been set,a record date will n't have been set,,,,
R0053,c45c9dfceaa5e495b326,and there is more volatility to come,and there will be more volatility to come,,,,
R0054,c489e6e4026faf6daaf2,but they need not be to do their jobs well,but they need not be to do their jobs well,,,,
R0055,64cd7ead7df90f63d40b,the shipments went mostly to food-service distributors that supply pizzerias and restaurants,the shipments will go mostly to food-service distributors that supply pizzerias and restaurants,,,,
R0056,132a1101b60bf0e02375,the latter are modish trendy often downright silly and at best insubstantial,the latter will be modish trendy often downright silly and at best insubstantial,,,,
R0057,55f433c9e7f6a9bb51b1,a healthy embryo can be picked for implantation and defective ones discarded,a healthy embryo will be picked for implantation and defective ones will be discarded,,,,
R0058,dacc3fdc2b372bae8430,they are what they are,they will be what they will be,,,,
R0059,814d1d17ca45da9365fe,excluding transportation items orders rose 1.8 %,excluding transportation items orders will rise 1.8 %,,,,
R0060,ed506f0b5793e61daa5d,that committee determined to open arizona to banking across state lines,that committee determined to open arizona to banking across state lines,,,,
R0061,a2c38b74746240fb05d3,silicon graphics ' strategy seems to be paying off,silicon graphics strategy will seem to be paying off,,,,
R0062,f78bec13cfb0569cfa32,he predicted the problem will be solved very soon,he will predict the problem will be solved very soon,,,,
R0063,fa3541c8ce5108de55ed,chemical profits fell to 78 million from 98 million,chemical profits will fall to 78 million from 98 million,,,,
R0064,e47dc3ced202a4662006,litigation sciences does n't make moral distinctions,litigation sciences will not make moral distinctions,,,,
R0065,1753b80b44dd1cebac07,the 1988 results were restated for accounting-rules changes,the 1988 results will be restated for accounting-rules changes,,,,
R0066,0b7dfb285d32fd3be887,genetic defect spotted in 3-day-old embryo,genetic defect will spotted in 3-day-old embryo,,,,
R0067,c50714237d7f969dba38,its 1988 revenue was 25 million,its 1988 revenue will be 25 million,,,,
R0068,388cbc091e2c276242dc,minicar output more than tripled,minicar output will more than tripled,,,,
R0069,c45c9dfceaa5e495b326,and there is more volatility to come,and there will be more volatility to come,,,,
R0070,9fc4008b41ad01180806,here too mr. roberts is way off the mark,here too mr. roberts will be way off the mark,,,,
R0071,4376284efc1dcabd083b,the action increases the annual dividend to 1.20 a share from 1.08,the action will increase the annual dividend to 1.20 a share from 1.08,,,,
R0072,814d1d17ca45da9365fe,excluding transportation items orders rose 1.8 %,excluding transportation items orders will rise 1.8 %,,,,
R0073,d7e22f83b796e46de3f5,the dollar weakened against most other major currencies,the dollar will weaken against most other major currencies,,,,
R0074,efa0cf1ba262641b430f,no amount of weasling could have saved this game for d.t,no amount of weasling could have saved this game for d.t,,,,
R0075,e4112927f5e4aeeafa02,a piece down the computer resigned,a piece down the computer will be,,,,
R0076,f5faeb345a0341417d3d,no other computer vendor offers graphics performance that good for their price,no other computer vendor will offer graphics performance that good for their price,,,,
R0077,63c8e3fad0df263f7181,community involvement is an even worse idea,community involvement will be an even worse idea,,,,
R0078,388cbc091e2c276242dc,minicar output more than tripled,minicar output more than tripled,,,,
R0079,626d6d59025af7ace82c,sales rose 7.7 % to 6.66 billion from 6.19 billion,sales will rise 7.7 % to 6.66 billion from 6.19 billion,,,,
R0080,32e055eadcc2432f79e1,firms are permitted wide flexibility in the child-care arrangements they provide,firms will be permitted wide flexibility in the child-care arrangements they will provide,,,,
R0081,a3d331285533d50fbc21,i 'm not interested said dallas investor harold simmons,i 'm not interested said dallas investor harold simmons,,,,
R0082,6a05fc34fba89ccb4aaf,east germany's krenz warned against further pro-democracy protests,east germany's krenz will warn against further pro-democracy protests,,,,
R0083,3794c5aeac83aafcffc7,officials at carnival declined to comment,officials at carnival declined to comment,,,,
R0084,f842bc6eb6f6686532c0,ual finally opened for trading at 10:08 a.m. at 150 down 28,The Toronto Stock Exchange finally opened for trading at 10:08 a.m. at 150 down 28,,,,
R0085,9722a978ff2a9fa0eca0,i would view it as a net positive,i will view it as a net positive,,,,
R0086,e6c1b15b83aa32d12759,some bourbon makers advertise abroad as they do at home,some bourbon makers will advertise abroad as they will do at home,,,,
R0087,d93acd16d367bfb856ef,traders said the futures buying was finely calculated by program traders,traders will say the futures buying will be finely calculated by program traders,,,,
R0088,5497e4b7295e544058ca,mr. tannenbaum is a reporter in the journal 's new york bureau,mr. tannenbaum will be a reporter in the journal 's new york bureau,,,,
R0089,49f93398348c6c113f73,the notion that tracking is somehow undemocratic is absurd,the notion that tracking will be somehow undemocratic will be absurd,,,,
R0090,626d6d59025af7ace82c,sales rose 7.7 % to 6.66 billion from 6.19 billion,sales will rise 7.7 % to 6.66 billion from 6.19 billion,,,,
R0091,2543db151dc404101f48,officials at goldman sachs and salomon brothers were unavailable for comment,officials at goldman sachs and salomon brothers will be unavailable for comment,,,,
R0092,49f93398348c6c113f73,the notion that tracking is somehow undemocratic is absurd,the notion that tracking will be somehow undemocratic will be absurd,,,,
R0093,3794c5aeac83aafcffc7,officials at carnival declined to comment,officials at carnival will decline to comment,,,,
R0094,200acf951c0d8b2e4960,this is just not so,this will be just not so,,,,
R0095,e757fdf7c99c993be023,jerell could n't immediately be reached for comment,jerell can n't immediately be reached for comment,,,,
R0096,01c5707d6177d17b7810,one cell was teased out and its dna extracted,one cell will be teased out and its dna will be extracted,,,,
R0097,f62e1d4dcdc5677b1829,sales rose 2.8 % to 864.1 million from 840.4 million,sales will rise 2.8 % to 864.1 million from 840.4 million,,,,
R0098,d0cebe0dd08f49ebc901,but what do we mean specifically by creativity,but what do we will mean specifically by creativity,,,,
R0099,85e814bdd87dc8bb4a64,the asset shrinkage was particularly concentrated in several large california institutions,the asset shrinkage will be particularly concentrated in several large california institutions,,,,
R0100,9722a978ff2a9fa0eca0,i would view it as a net positive,i will view it as a net positive,,,,
R0101,c5e858e49566eae3186d,suntory distributes brown-forman bourbons in japan,suntory will distribute brown-forman bourbons in japan,,,,
R0102,89e71841c91e917d5f1b,it 's worse than i thought she said,it will be worse than i will say she will say,,,,
R0103,3396911c6194da9b3bc2,shearson lehman hutton declined to comment,shearson lehman hutton will decline to comment,,,,
R0104,4d978d3df86de905faf2,consequently small business is taking more pro-active steps to counter mandated leaves,consequently small business will be taking more pro-active steps to counter mandated leaves,,,,
R0105,f842bc6eb6f6686532c0,ual finally opened for trading at 10:08 a.m. at 150 down 28,ual will finally open for trading at 10:08 a.m. at 150 down 28,,,,
R0106,dacc3fdc2b372bae8430,they are what they are,they will be what they will be,,,,
R0107,907a8ab2d8c6ab4b29e8,but the shift has also been fueled by necessity,but the shift will also have also been fueled by necessity,,,,
R0108,e979913267a18241dd16,the 20-stock mmi mimics the dow jones industrial average,the 20-stock mmi mimics the dow jones industrial average,,,,
R0109,15ae28f11733158bacb5,the democratic appointee has n't been determined the official said,the democratic appointee will not have been determined the official will say,,,,
R0110,e757fdf7c99c993be023,jerell could n't immediately be reached for comment,jerell could n't immediately be reached for comment,,,,
R0111,e1094b7060adbd09aaa3,but junk bonds took more hits,but junk bonds will take more hits,,,,
R0112,8d6a9065442715780d0f,it 's unfortunate so many must learn the hard way,it will be unfortunate so many must learn the hard way,,,,
R0113,8d39f585fa3d55bbc645,california a trend-setter in franchising rules stirs a controversy,california a trend-setter in franchising rules stirs a controversy,,,,
R0114,78ee55bb2287da982fac,mr. fried also is the managing partner of albert fried & co,mr. fried also will be the managing partner of albert fried & co,,,,
R0115,f2460e7ef6ccf23ad416,mr. kendrick is professor emeritus of economics at george washington university,mr. kendrick will be professor emeritus of economics at george washington university,,,,
R0116,1753b80b44dd1cebac07,the 1988 results were restated for accounting-rules changes,the 1988 results will be restated for accounting-rules changes,,,,
R0117,d1e80aafd9107094b3dd,a bankruptcy court hearing is set for nov. 3 on these accords,a bankruptcy court hearing will be set for nov. 3 on these accords,,,,
R0118,f62e1d4dcdc5677b1829,sales rose 2.8 % to 864.1 million from 840.4 million,sales will rise 2.8 % to 864.1 million from 840.4 million,,,,
R0119,9795738b20d2fd6f6524,indeed the government is taking a calculated risk,indeed the government will be taking a calculated risk,,,,
R0120,4d3b3b1a032654cf92fa,not that getting into town was easy,not that getting into town will be easy,,,,
R0121,65d1f64018fd7dd21711,the rise matches that of the dow jones industrials this year,the rise will match that of the dow jones industrials this year,,,,
R0122,910389535dd5f5d012bd,this is not the case,this will not be the case,,,,
R0123,e979913267a18241dd16,the 20-stock mmi mimics the dow jones industrial average,the 20-stock mmi will mimics the dow jones industrial average,,,,
R0124,c50714237d7f969dba38,its 1988 revenue was 25 million,its 1988 revenue will be 25 million,,,,
R0125,5ae64f21ef4d3ecfa1d0,logic plays a minimal role here,logic will play a minimal role here,,,,
R0126,549fb2699a16d24a14ab,private-sector leaders praised the conasupo restructuring,private-sector leaders praised the conasupo restructuring,,,,
R0127,0be5c99f3dde450f32b6,world-wide production would be cut in half by 1998,world-wide production will be cut in half by 1998,,,,
R0128,d7e22f83b796e46de3f5,the dollar weakened against most other major currencies,the dollar will weaken against most other major currencies,,,,
R0129,4d3b3b1a032654cf92fa,not that getting into town was easy,not that getting into town will be easy,,,,
R0130,f2460e7ef6ccf23ad416,mr. kendrick is professor emeritus of economics at george washington university,mr. kendrick will be professor emeritus of economics at george washington university,,,,
R0131,3396911c6194da9b3bc2,shearson lehman hutton declined to comment,shearson lehman hutton will decline to comment,,,,
R0132,85e814bdd87dc8bb4a64,the asset shrinkage was particularly concentrated in several large california institutions,the asset shrinkage was particularly concentrated in several large california institutions,,,,
R0133,3c69fe0470b06f9648fa,a federal judge turned down the chapter 11 petition,a federal judge will turn down the chapter 11 petition,,,,
R0134,094be03d64e9ea01722d,then he unleashed his own unstoppable attack,then he will unleash his own unstoppable attack,,,,
R0135,8d39f585fa3d55bbc645,california a trend-setter in franchising rules stirs a controversy,california a trend-setter in franchising rules will stir a controversy,,,,
R0136,132a1101b60bf0e02375,the latter are modish trendy often downright silly and at best insubstantial,the latter will be modish trendy often downright silly and at best insubstantial,,,,
R0137,0f8f97cf8c26ff0cb9dc,a record date has n't been set,a record date will not have been set,,,,
R0138,c7e41e18b36b7a8c00e2,the death toll rose to 63,the death toll rose to 63,,,,
R0139,e4112927f5e4aeeafa02,a piece down the computer resigned,a piece down the computer will resign,,,,
R0140,c9dea60a5266bb8ae428,polysilicon is used in making integrated circuits,polysilicon will be used in making integrated circuits,,,,
R0141,0ffa471f7e98f5520858,jeff rowe contributed to this article,jeff rowe will contribute to this article,,,,
R0142,8370ca278cea407cbec9,and the poles are engaged in commerce,and the poles will be engaged in commerce,,,,
R0143,a2c38b74746240fb05d3,silicon graphics ' strategy seems to be paying off,silicon graphics ' strategy will seem to be paying off,,,,
R0144,0be5c99f3dde450f32b6,world-wide production would be cut in half by 1998,world-wide production will be cut in half by 1998,,,,
R0145,65d1f64018fd7dd21711,the rise matches that of the dow jones industrials this year,the rise will match that of the dow jones industrials this year,,,,
R0146,efa0cf1ba262641b430f,no amount of weasling could have saved this game for d.t,no amount of weasling can have saved this game for d.t,,,,
R0147,269efd73dd89ce94a6ca,officials with meredith did n't have any immediate comment on the suit,officials with meredith will not have any immediate comment on the suit,,,,
R0148,d1e80aafd9107094b3dd,a bankruptcy court hearing is set for nov. 3 on these accords,a bankruptcy court hearing will be set for nov. 3 on these accords,,,,
R0149,15ae28f11733158bacb5,the democratic appointee has n't been determined the official said,the democratic appointee will n't have been determined the official will say,,,,
R0150,3794c5aeac83aafcffc7,officials at carnival declined to comment,officials at carnival will decline to comment,,,,
R0151,5aff5940295992759a9b,the magazines i am looking for are underdeveloped said mr. ritterman,the magazines i will be looking for will be underdeveloped will say mr. ritterman,,,,
R0152,9722a978ff2a9fa0eca0,i would view it as a net positive,i will view it as a net positive,,,,
R0153,b1801a3e490479271908,there is an element of make-work involved,there is an element of make-work involved,,,,
R0154,f5faeb345a0341417d3d,no other computer vendor offers graphics performance that good for their price,no other computer vendor will offer graphics performance that good for their price,,,,
R0155,8953419d735f40d8d89d,if a client needs prejudiced jurors the firm will help find them,if a client needs prejudiced jurors the firm will help find them,,,,
R0156,e757fdf7c99c993be023,jerell could n't immediately be reached for comment,jerell will n't immediately be reached for comment,,,,
R0157,e6c1b15b83aa32d12759,some bourbon makers advertise abroad as they do at home,some bourbon makers will advertise abroad as they will at home,,,,
R0158,fa3541c8ce5108de55ed,chemical profits fell to 78 million from 98 million,chemical profits will fall to 78 million from 98 million,,,,
R0159,6ce0acd6fe202c08ba25,they now are experimenting with measuring blood flow,they now will be experimenting with measuring blood flow,,,,
R0160,132a1101b60bf0e02375,the latter are modish trendy often downright silly and at best insubstantial,the former will be modish trendy often downright silly and at best insubstantial,,,,
R0161,8370ca278cea407cbec9,and the poles are engaged in commerce,and the poles will be engaged in commerce,,,,
R0162,f14d5fcfc40243feda0a,they are coming to publishers looking for ideas,they will be coming to publishers looking for ideas,,,,
R0163,cd1629b1de1eff8194e0,forecasting is only one part of litigation sciences ' work,forecasting is only one part of litigation sciences ' work,,,,
R0164,9795738b20d2fd6f6524,indeed the government is taking a calculated risk,will note the government will be taking a calculated risk,,,,
R0165,2572a83a32bd0f08211d,the average american watches seven hours of tv a day,the average american will watch seven hours of tv a day,,,,
R0166,f5faeb345a0341417d3d,no other computer vendor offers graphics performance that good for their price,no other computer vendor will offer graphics performance that good for their price,,,,
R0167,d93acd16d367bfb856ef,traders said the futures buying was finely calculated by program traders,traders will say the futures buying will be finely calculated by program traders,,,,
R0168,8d6a9065442715780d0f,it 's unfortunate so many must learn the hard way,it 's unfortunate so many must learn the hard way,,,,
R0169,4c8a6039d4e1cb0db028,why did east bloc participants unanimously endorse market-based pollution approaches,why did east bloc participants unanimously endorse market-based pollution approaches,,,,
R0170,23736a0b976ad2c14ee6,but some militant sci tv junk-holders say that 's not enough,but some militant sci tv junk-holders will say that will not be enough,,,,
R0171,8ba33a2cbb0b7974e9bc,dr. blumenfeld concedes he did n't fully understand what he was buying,dr. blumenfeld will concede he will not fully understand what he was buying,,,,
R0172,e47dc3ced202a4662006,litigation sciences does n't make moral distinctions,litigation sciences will not make moral distinctions,,,,
R0173,d0cebe0dd08f49ebc901,but what do we mean specifically by creativity,but what will we mean specifically by creativity,,,,
R0174,29601248045db467688c,per-share net rose to 44.08 yen from 36.13 yen,per-share net will rise to 44.08 yen from 36.13 yen,,,,
R0175,a24eef3c7e4fd4313a31,national environmental formerly yankee cos. is a sludge treatment company,national environmental formerly yankee cos. is a sludge treatment company,,,,
R0176,f842bc6eb6f6686532c0,ual finally opened for trading at 10:08 a.m. at 150 down 28,The Canadian dollar will finally be up for trading at 10:08 a.m. at 150 down 28,,,,
R0177,8953419d735f40d8d89d,if a client needs prejudiced jurors the firm will help find them,if a client will need prejudiced jurors the firm will help find them,,,,
R0178,6a05fc34fba89ccb4aaf,east germany's krenz warned against further pro-democracy protests,east germany's krenz will warn against further pro-democracy protests,,,,
R0179,dacc3fdc2b372bae8430,they are what they are,they will be what they will be,,,,
R0180,e6c1b15b83aa32d12759,some bourbon makers advertise abroad as they do at home,some bourbon makers will advertise abroad as they will do at home,,,,
R0181,efa0cf1ba262641b430f,no amount of weasling could have saved this game for d.t,no amount of weasling can have saved this game for d.t,,,,
R0182,c9fc799ba03b9b6be619,lethal weapon ii was also a big hit,lethal weapon ii will be also a big hit,,,,
R0183,910389535dd5f5d012bd,this is not the case,this will not be the case,,,,
R0184,78ee55bb2287da982fac,mr. fried also is the managing partner of albert fried & co,mr. fried also will be the managing partner of albert fried & co,,,,
R0185,2e0c5b044cc58bb9b1ea,higher earnings helped some issues,higher earnings helped some issues,,,,
R0186,8d6a9065442715780d0f,it 's unfortunate so many must learn the hard way,it 's unfortunate so many will learn the hard way,,,,
R0187,0b7dfb285d32fd3be887,genetic defect spotted in 3-day-old embryo,genetic defect will be spotted in 3-day-old embryo,,,,
R0188,269efd73dd89ce94a6ca,officials with meredith did n't have any immediate comment on the suit,officials with meredith did n't have any immediate comment on the suit,,,,
R0189,4c8a6039d4e1cb0db028,why did east bloc participants unanimously endorse market-based pollution approaches,why did east bloc participants unanimously endorse market-based pollution approaches,,,,
R0190,c9dea60a5266bb8ae428,polysilicon is used in making integrated circuits,polysilicon will be used in making integrated circuits,,,,
R0191,16f0d7a2004f1063a08a,i am sure they will be going for a full bid,i will be going for a full bid,,,,
R0192,c5e858e49566eae3186d,suntory distributes brown-forman bourbons in japan,suntory will distribute brown-forman bourbons in japan,,,,
R0193,89e71841c91e917d5f1b,it 's worse than i thought she said,it will be worse than i will say she will say,,,,
R0194,0b7dfb285d32fd3be887,genetic defect spotted in 3-day-old embryo,genetic defect will be found in 3-day-old embryo,,,,
R0195,0a73aee31e5505a1955e,the cd seemed like a great deal,the cd will seem like a great deal,,,,
R0196,e47dc3ced202a4662006,litigation sciences does n't make moral distinctions,litigation sciences will not make moral distinctions,,,,
R0197,907a8ab2d8c6ab4b29e8,but the shift has also been fueled by necessity,but the shift will have also been fueled by necessity,,,,
R0198,f78bec13cfb0569cfa32,he predicted the problem will be solved very soon,he will predict the problem will be solved very soon,,,,
R0199,2543db151dc404101f48,officials at goldman sachs and salomon brothers were unavailable for comment,officials at goldman sachs and salomon brothers will be unavailable for comment,,,,
R0200,32e055eadcc2432f79e1,firms are permitted wide flexibility in the child-care arrangements they provide,firms will be permitted wide flexibility in the child-care arrangements they will provide,,,,
R0201,200acf951c0d8b2e4960,this is just not so,this will just not so,,,,
R0202,d0cebe0dd08f49ebc901,but what do we mean specifically by creativity,but what do we will mean specifically by creativity,,,,
R0203,a24eef3c7e4fd4313a31,national environmental formerly yankee cos. is a sludge treatment company,national environmental formerly yankee cos. will be a sludge treatment company,,,,
R0204,8ba33a2cbb0b7974e9bc,dr. blumenfeld concedes he did n't fully understand what he was buying,dr. blumenfeld will concede he will not fully understand what he was buying,,,,
R0205,1a9c4ebfbb7e37b2fff0,what are the facts on this type of lending,what are the facts on this type of lending,,,,
R0206,fa3541c8ce5108de55ed,chemical profits fell to 78 million from 98 million,chemical profits will fall to 78 million from 98 million,,,,
R0207,4376284efc1dcabd083b,the action increases the annual dividend to 1.20 a share from 1.08,the action will increase the annual dividend to 1.20 a share from 1.08,,,,
R0208,b1801a3e490479271908,there is an element of make-work involved,there will be an element of make-work involved,,,,
R0209,55f433c9e7f6a9bb51b1,a healthy embryo can be picked for implantation and defective ones discarded,a healthy embryo can be picked for implantation and defective ones will discarded,,,,
R0210,a24eef3c7e4fd4313a31,national environmental formerly yankee cos. is a sludge treatment company,national environmental formerly yankee cos. will be a sludge treatment company,,,,
R0211,a36f67dde5ea2eb23a66,the report is n't generally available until late on tuesdays,the report will not be generally available until late on tuesdays,,,,
R0212,e6c1b15b83aa32d12759,some bourbon makers advertise abroad as they do at home,some bourbon makers will advertise abroad as they will at home,,,,
R0213,5ae64f21ef4d3ecfa1d0,logic plays a minimal role here,logic will play a minimal role here,,,,
R0214,df4a38f1c7ea9c06054c,since 1987 40 states have increased the speed limit on rural interstates,since 1987 40 states will have increased the speed limit on rural interstates,,,,
R0215,64cd7ead7df90f63d40b,the shipments went mostly to food-service distributors that supply pizzerias and restaurants,the shipments will go mostly to food-service distributors that will supply pizzerias and restaurants,,,,
R0216,88dbe66e1d2c3b006367,american medical is being acquired,american medical will be being acquired,,,,
R0217,4d978d3df86de905faf2,consequently small business is taking more pro-active steps to counter mandated leaves,consequently small business will be taking more pro-active steps to counter mandated leaves,,,,
R0218,f14d5fcfc40243feda0a,they are coming to publishers looking for ideas,they are coming to publishers looking for ideas,,,,
R0219,3794c5aeac83aafcffc7,officials at carnival declined to comment,officials at carnival will decline to comment,,,,
R0220,16f0d7a2004f1063a08a,i am sure they will be going for a full bid,i will be going for a full bid,,,,
R0221,0be5c99f3dde450f32b6,world-wide production would be cut in half by 1998,world-wide production will be cut in half by 1998,,,,
R0222,23736a0b976ad2c14ee6,but some militant sci tv junk-holders say that 's not enough,but some militant sci tv junk-holders will say that will not be enough,,,,
R0223,ed506f0b5793e61daa5d,that committee determined to open arizona to banking across state lines,that committee will determined to open arizona to banking across state lines,,,,
R0224,85e814bdd87dc8bb4a64,the asset shrinkage was particularly concentrated in several large california institutions,the asset shrinkage will be particularly concentrated in several large california institutions,,,,
R0225,4376284efc1dcabd083b,the action increases the annual dividend to 1.20 a share from 1.08,the action will increase the annual dividend to 1.20 a share from 1.08,,,,
R0226,368dd3e83834f4385661,the scientists have experimented on the tiny neck arteries of rats,the scientists will have experimented on the tiny neck arteries of rats,,,,
R0227,88e118a218fe49059887,small business is bracing for an avalanche of similar proposals next year,small business will bracing for an avalanche of similar proposals next year,,,,
R0228,9fc4008b41ad01180806,here too mr. roberts is way off the mark,here too mr. roberts will be way off the mark,,,,
R0229,269efd73dd89ce94a6ca,officials with meredith did n't have any immediate comment on the suit,officials with meredith will not have any immediate comment on the suit,,,,
R0230,6a05fc34fba89ccb4aaf,east germany's krenz warned against further pro-democracy protests,east germany's krenz will warn against further pro-democracy protests,,,,
R0231,907a8ab2d8c6ab4b29e8,but the shift has also been fueled by necessity,but the shift will have also been fueled by necessity,,,,
R0232,8ba33a2cbb0b7974e9bc,dr. blumenfeld concedes he did n't fully understand what he was buying,dr. blumenfeld will concede he will not fully understand what he was buying,,,,
R0233,5aff5940295992759a9b,the magazines i am looking for are underdeveloped said mr. ritterman,the magazines i will be looking for will be underdeveloped will say mr. ritterman,,,,
R0234,63c8e3fad0df263f7181,community involvement is an even worse idea,community involvement will be an even worse idea,,,,
R0235,a24eef3c7e4fd4313a31,national environmental formerly yankee cos. is a sludge treatment company,national environmental formerly yankee cos. will be a sludge treatment company,,,,
R0236,65d1f64018fd7dd21711,the rise matches that of the dow jones industrials this year,the rise will match that of the dow jones industrials this year,,,,
R0237,f5faeb345a0341417d3d,no other computer vendor offers graphics performance that good for their price,no other computer vendor will offer graphics performance that good for their price,,,,
R0238,0b7dfb285d32fd3be887,genetic defect spotted in 3-day-old embryo,genetic defect will spotted in 3-day-old embryo,,,,
R0239,16f0d7a2004f1063a08a,i am sure they will be going for a full bid,i will be sure they will be going for a full bid,,,,
R0240,9722a978ff2a9fa0eca0,i would view it as a net positive,i will view it as a net positive,,,,
R0241,0be5c99f3dde450f32b6,world-wide production would be cut in half by 1998,world-wide production will be cut in half by 1998,,,,
R0242,8370ca278cea407cbec9,and the poles are engaged in commerce,and the poles are engaged in commerce,,,,
R0243,e1094b7060adbd09aaa3,but junk bonds took more hits,but junk bonds will take more hits,,,,
R0244,4d3b3b1a032654cf92fa,not that getting into town was easy,not that getting into town was easy,,,,
R0245,a36f67dde5ea2eb23a66,the report is n't generally available until late on tuesdays,the report will n't generally available until late on tuesdays,,,,
R0246,88e118a218fe49059887,small business is bracing for an avalanche of similar proposals next year,small business will be bracing for an avalanche of similar proposals next year,,,,
R0247,5497e4b7295e544058ca,mr. tannenbaum is a reporter in the journal 's new york bureau,mr. tannenbaum will be a reporter in the journal 's new york bureau,,,,
R0248,e6c1b15b83aa32d12759,some bourbon makers advertise abroad as they do at home,some bourbon makers will advertise abroad as they will at home,,,,
R0249,269efd73dd89ce94a6ca,officials with meredith did n't have any immediate comment on the suit,officials with meredith will not have any immediate comment on the suit,,,,
R0250,9722a978ff2a9fa0eca0,i would view it as a net positive,i will view it as a net positive,,,,
R0251,4bcebf1746259e5bc1fc,"and federal insurance protected the bank 's 631,163 depositors","and federal insurance will protect the bank 's 631,163 depositors",,,,
R0252,4376284efc1dcabd083b,the action increases the annual dividend to 1.20 a share from 1.08,the action will increase the annual dividend to 1.20 a share from 1.08,,,,
R0253,a24eef3c7e4fd4313a31,national environmental formerly yankee cos. is a sludge treatment company,national environmental formerly yankee cos. will be a sludge treatment company,,,,
R0254,0a73aee31e5505a1955e,the cd seemed like a great deal,the cd will seem like a great deal,,,,
R0255,d93acd16d367bfb856ef,traders said the futures buying was finely calculated by program traders,traders will say the futures buying will be finely calculated by program traders,,,,
R0256,cd1629b1de1eff8194e0,forecasting is only one part of litigation sciences ' work,forecasting will be only one part of litigation sciences ' work,,,,
R0257,f2460e7ef6ccf23ad416,mr. kendrick is professor emeritus of economics at george washington university,mr. kendrick will be professor emeritus of economics at george washington university,,,,
R0258,6a05fc34fba89ccb4aaf,east germany's krenz warned against further pro-democracy protests,east germany's krenz will warn against further pro-democracy protests,,,,
R0259,49f93398348c6c113f73,the notion that tracking is somehow undemocratic is absurd,the notion that tracking will be somehow undemocratic will be absurd,,,,
R0260,60ed35c8259eacf49cd9,for the prior year deposits exceeded withdrawals by 8.8 billion,for the prior year deposits will exceed withdrawals by 8.8 billion,,,,
R0261,094be03d64e9ea01722d,then he unleashed his own unstoppable attack,then he will unleash his own unstoppable attack,,,,
R0262,23736a0b976ad2c14ee6,but some militant sci tv junk-holders say that 's not enough,but some militant sci tv junk-holders will say that will be not enough,,,,
R0263,4d3b3b1a032654cf92fa,not that getting into town was easy,not that getting into town will be easy,,,,
R0264,4bcebf1746259e5bc1fc,"and federal insurance protected the bank 's 631,163 depositors","and federal insurance will protect the bank 's 631,163 depositors",,,,
R0265,2572a83a32bd0f08211d,the average american watches seven hours of tv a day,the average american will watch seven hours of tv a day,,,,
R0266,4c8a6039d4e1cb0db028,why did east bloc participants unanimously endorse market-based pollution approaches,why did east bloc participants will unanimously endorse market-based pollution approaches,,,,
R0267,88dbe66e1d2c3b006367,american medical is being acquired,american medical will be being acquired,,,,
R0268,d0cebe0dd08f49ebc901,but what do we mean specifically by creativity,but what do we will mean specifically by creativity,,,,
R0269,fa3541c8ce5108de55ed,chemical profits fell to 78 million from 98 million,chemical profits will fall to 78 million from 98 million,,,,
R0270,c489e6e4026faf6daaf2,but they need not be to do their jobs well,but they need not be to do their jobs well,,,,
R0271,64cd7ead7df90f63d40b,the shipments went mostly to food-service distributors that supply pizzerias and restaurants,the shipments will go mostly to food-service distributors that will supply pizzerias and restaurants,,,,
R0272,c489e6e4026faf6daaf2,but they need not be to do their jobs well,but they need not be to do their jobs well,,,,
R0273,65d1f64018fd7dd21711,the rise matches that of the dow jones industrials this year,the rise matches that of the dow jones industrials this year,,,,
R0274,f78bec13cfb0569cfa32,he predicted the problem will be solved very soon,he predicted the problem will be solved very soon,,,,
R0275,a2c38b74746240fb05d3,silicon graphics ' strategy seems to be paying off,silicon graphics ' strategy will seem to be paying off,,,,
R0276,269efd73dd89ce94a6ca,officials with meredith did n't have any immediate comment on the suit,officials with meredith will not have any immediate comment on the suit,,,,
R0277,c489e6e4026faf6daaf2,but they need not be to do their jobs well,but they need not be to do their jobs well,,,,
R0278,132a1101b60bf0e02375,the latter are modish trendy often downright silly and at best insubstantial,"the former will be will be modish, often downright silly and at best insubstantial",,,,
R0279,efa0cf1ba262641b430f,no amount of weasling could have saved this game for d.t,no amount of weasling can have saved this game for d.t,,,,
R0280,1a9c4ebfbb7e37b2fff0,what are the facts on this type of lending,what are the facts on this type of lending,,,,
R0281,f2e7146c4bca84457882,that is the way the system works,that will be the way the system will work,,,,
R0282,8d39f585fa3d55bbc645,california a trend-setter in franchising rules stirs a controversy,california a trend-setter in franchising rules will stir up a controversy,,,,
R0283,1a9c4ebfbb7e37b2fff0,what are the facts on this type of lending,what are the facts on this type of lending,,,,
R0284,df4a38f1c7ea9c06054c,since 1987 40 states have increased the speed limit on rural interstates,since 1987 40 states will have increased the speed limit on rural interstates,,,,
R0285,49f93398348c6c113f73,the notion that tracking is somehow undemocratic is absurd,the notion that tracking will be somehow undemocratic will be absurd,,,,
R0286,c45c9dfceaa5e495b326,and there is more volatility to come,and there will be more volatility to come,,,,
R0287,0ffa471f7e98f5520858,jeff rowe contributed to this article,jeff rowe will contribute to this article,,,,
R0288,c9fc799ba03b9b6be619,lethal weapon ii was also a big hit,lethal weapon ii will be also a big hit,,,,
R0289,c9dea60a5266bb8ae428,polysilicon is used in making integrated circuits,polysilicon will be used in making integrated circuits,,,,
R0290,094be03d64e9ea01722d,then he unleashed his own unstoppable attack,then he will unleash his own unstoppable attack,,,,
R0291,1a9c4ebfbb7e37b2fff0,what are the facts on this type of lending,what are the facts on this type of lending,,,,
R0292,73b185587fcf08c66612,interest is a great deal higher than it was a year ago,interest will be a great deal higher than it will be will a year ago,,,,
R0293,60ed35c8259eacf49cd9,for the prior year deposits exceeded withdrawals by 8.8 billion,for the prior year deposits will exceed withdrawals by 8.8 billion,,,,
R0294,6a05fc34fba89ccb4aaf,east germany's krenz warned against further pro-democracy protests,east germany's krenz warned against further pro-democracy protests,,,,
R0295,4376284efc1dcabd083b,the action increases the annual dividend to 1.20 a share from 1.08,the action will increase the annual dividend to 1.20 a share from 1.08,,,,
R0296,8d6a9065442715780d0f,it 's unfortunate so many must learn the hard way,it will be unfortunate so many must learn the hard way,,,,
R0297,43dce8c71897d89016f2,minority recruiting has yet to meet hopes raised by bush administration,minority recruiting will yet to meet hopes raised by bush administration,,,,
R0298,0be5c99f3dde450f32b6,world-wide production would be cut in half by 1998,world-wide production will be cut in half by 1998,,,,
R0299,a3d331285533d50fbc21,i 'm not interested said dallas investor harold simmons,i will not be interested in will will say will will will harold simmons,,,,
R0300,78ee55bb2287da982fac,mr. fried also is the managing partner of albert fried & co,mr. fried also will be the managing partner of albert fried & co,,,,
R0301,fa3541c8ce5108de55ed,chemical profits fell to 78 million from 98 million,chemical profits will fall to 78 million from 98 million,,,,
R0302,60ed35c8259eacf49cd9,for the prior year deposits exceeded withdrawals by 8.8 billion,for the prior year deposits will exceed withdrawals by 8.8 billion,,,,
R0303,6ce0acd6fe202c08ba25,they now are experimenting with measuring blood flow,they will now are experimenting with measuring blood flow,,,,
R0304,ed506f0b5793e61daa5d,that committee determined to open arizona to banking across state lines,that committee determined to open arizona to banking across state lines,,,,
R0305,a3d331285533d50fbc21,i 'm not interested said dallas investor harold simmons,i will not be interested in will will say will will will harold simmons,,,,
R0306,89e71841c91e917d5f1b,it 's worse than i thought she said,it will be worse than i will think she will say,,,,
R0307,9fc4008b41ad01180806,here too mr. roberts is way off the mark,here too mr. roberts will be way off the mark,,,,
R0308,e4112927f5e4aeeafa02,a piece down the computer resigned,a piece down the computer will resign,,,,
R0309,368dd3e83834f4385661,the scientists have experimented on the tiny neck arteries of rats,the scientists will have experimented on the tiny neck arteries of rats,,,,
R0310,89e71841c91e917d5f1b,it 's worse than i thought she said,it 's worse than i thought she said,,,,
R0311,5aff5940295992759a9b,the magazines i am looking for are underdeveloped said mr. ritterman,the magazines i will be looking for will be underdeveloped will say mr. ritterman,,,,
R0312,c5e858e49566eae3186d,suntory distributes brown-forman bourbons in japan,suntory will distribute brown-forman bourbons in japan,,,,
R0313,0ffa471f7e98f5520858,jeff rowe contributed to this article,jeff rowe contributed to this article,,,,
R0314,c9dea60a5266bb8ae428,polysilicon is used in making integrated circuits,polysilicon will be used in making integrated circuits,,,,
R0315,910389535dd5f5d012bd,this is not the case,this will not be the case,,,,
R0316,534a06f7c13f92a3ff9e,norfolk southern went up 1 1\/8 to 37 7\/8,norfolk southern will go up 1 1\/8 to 37 7\/8,,,,
R0317,e979913267a18241dd16,the 20-stock mmi mimics the dow jones industrial average,the 20-stock mmi will mimic the dow jones industrial average,,,,
R0318,f2e7146c4bca84457882,that is the way the system works,that will be the way the system will work,,,,
R0319,c5e858e49566eae3186d,suntory distributes brown-forman bourbons in japan,suntory will distory brown-forman bourbons in japan,,,,
R0320,d0cebe0dd08f49ebc901,but what do we mean specifically by creativity,but what do we will mean specifically by creativity,,,,
R0321,a36f67dde5ea2eb23a66,the report is n't generally available until late on tuesdays,the report will n't generally available until late on tuesdays,,,,
R0322,e979913267a18241dd16,the 20-stock mmi mimics the dow jones industrial average,the 20-stock mmi will mimic the dow jones industrial average,,,,
R0323,9795738b20d2fd6f6524,indeed the government is taking a calculated risk,indeed the government is taking a calculated risk,,,,
R0324,d93acd16d367bfb856ef,traders said the futures buying was finely calculated by program traders,traders will say the futures buying will be finely calculated by program traders,,,,
R0325,89e71841c91e917d5f1b,it 's worse than i thought she said,it will be worse than i will think she will say,,,,
R0326,b5c53710e92a0fc1bd52,the stock closed down 8.375 at 170 after plunging 33 to 145,the stock will close down 8.375 at 170 after plunging 33 to 145,,,,
R0327,3c69fe0470b06f9648fa,a federal judge turned down the chapter 11 petition,a federal judge will turn down the chapter 11 petition,,,,
R0328,b5c53710e92a0fc1bd52,the stock closed down 8.375 at 170 after plunging 33 to 145,the stock will close down 8.375 at 170 after plunging 33 to 145,,,,
R0329,132a1101b60bf0e02375,the latter are modish trendy often downright silly and at best insubstantial,the latter will be modish trendy often downright silly and at best insubstantial,,,,
R0330,60ed35c8259eacf49cd9,for the prior year deposits exceeded withdrawals by 8.8 billion,for the prior year deposits exceeded withdrawals by 8.8 billion,,,,
R0331,094be03d64e9ea01722d,then he unleashed his own unstoppable attack,then he will unleash his own unstoppable attack,,,,
R0332,4d978d3df86de905faf2,consequently small business is taking more pro-active steps to counter mandated leaves,consequently small business will be taking more pro-active steps to counter mandated leaves,,,,
R0333,f14d5fcfc40243feda0a,they are coming to publishers looking for ideas,they will be coming to publishers looking for ideas,,,,
R0334,49f93398348c6c113f73,the notion that tracking is somehow undemocratic is absurd,the notion that tracking will be somehow undemocratic will be absurd,,,,
R0335,df4a38f1c7ea9c06054c,since 1987 40 states have increased the speed limit on rural interstates,since 1987 40 states will have increased the speed limit on rural interstates,,,,
R0336,e979913267a18241dd16,the 20-stock mmi mimics the dow jones industrial average,the 20-stock mmi will mimics the dow jones industrial average,,,,
R0337,f62e1d4dcdc5677b1829,sales rose 2.8 % to 864.1 million from 840.4 million,sales will rise 2.8 % to 864.1 million from 840.4 million,,,,
R0338,3794c5aeac83aafcffc7,officials at carnival declined to comment,officials at carnival will decline to comment,,,,
R0339,d7e22f83b796e46de3f5,the dollar weakened against most other major currencies,the dollar will weaken against most other major currencies,,,,
R0340,f14d5fcfc40243feda0a,they are coming to publishers looking for ideas,they will be coming to publishers looking for ideas,,,,
R0341,8370ca278cea407cbec9,and the poles are engaged in commerce,and the poles will be engaged in commerce,,,,
R0342,85e814bdd87dc8bb4a64,the asset shrinkage was particularly concentrated in several large california institutions,the asset shrinkage will be particularly concentrated in several large california institutions,,,,
R0343,1753b80b44dd1cebac07,the 1988 results were restated for accounting-rules changes,the 1988 results will be restated for accounting-rules changes,,,,
R0344,e4112927f5e4aeeafa02,a piece down the computer resigned,a piece down the computer resigned,,,,
R0345,e757fdf7c99c993be023,jerell could n't immediately be reached for comment,jerell can n't immediately be reached for comment,,,,
R0346,f2e7146c4bca84457882,that is the way the system works,that will be the way the system will work,,,,
R0347,626d6d59025af7ace82c,sales rose 7.7 % to 6.66 billion from 6.19 billion,sales will rise 7.7 % to 6.66 billion from 6.19 billion,,,,
R0348,e757fdf7c99c993be023,jerell could n't immediately be reached for comment,jerell can n't immediately be reached for comment,,,,
R0349,4bcebf1746259e5bc1fc,"and federal insurance protected the bank 's 631,163 depositors","and federal insurance will protect the bank 's 631,163 depositors",,,,
R0350,88e118a218fe49059887,small business is bracing for an avalanche of similar proposals next year,small business will be bracing for an avalanche of similar proposals next year,,,,
R0351,0b7dfb285d32fd3be887,genetic defect spotted in 3-day-old embryo,genetic defect will spotted in 3-day-old embryo,,,,
R0352,4bcebf1746259e5bc1fc,"and federal insurance protected the bank 's 631,163 depositors","and federal insurance will protect the bank 's 631,163 depositors",,,,
R0353,a2c38b74746240fb05d3,silicon graphics ' strategy seems to be paying off,silicon graphics ' strategy seems to be paying off,,,,
R0354,f14d5fcfc40243feda0a,they are coming to publishers looking for ideas,they will be coming to publishers looking for ideas,,,,
R0355,78ee55bb2287da982fac,mr. fried also is the managing partner of albert fried & co,mr. fried also will be the managing partner of albert fried & co,,,,
R0356,f62e1d4dcdc5677b1829,sales rose 2.8 % to 864.1 million from 840.4 million,sales will rise 2.8 % to 864.1 million from 840.4 million,,,,
R0357,549fb2699a16d24a14ab,private-sector leaders praised the conasupo restructuring,private-sector leaders will praise the conasupo restructuring,,,,
R0358,1753b80b44dd1cebac07,the 1988 results were restated for accounting-rules changes,the 1988 results will be restated for accounting-rules changes,,,,
R0359,5ae64f21ef4d3ecfa1d0,logic plays a minimal role here,logic will play a minimal role here,,,,
R0360,f2e7146c4bca84457882,that is the way the system works,that will be the way the system will work,,,,
R0361,3396911c6194da9b3bc2,shearson lehman hutton declined to comment,shearson lehman hutton declined to comment,,,,
R0362,5497e4b7295e544058ca,mr. tannenbaum is a reporter in the journal 's new york bureau,mr. tannenbaum will be a reporter in the journal 's new york bureau,,,,
R0363,55f433c9e7f6a9bb51b1,a healthy embryo can be picked for implantation and defective ones discarded,a healthy embryo can be picked for implantation and defective ones discarded,,,,
R0364,534a06f7c13f92a3ff9e,norfolk southern went up 1 1\/8 to 37 7\/8,norfolk southern will go up 1 1\/8 to 37 7\/8,,,,
R0365,88dbe66e1d2c3b006367,american medical is being acquired,american medical will be being acquired,,,,
R0366,d1e80aafd9107094b3dd,a bankruptcy court hearing is set for nov. 3 on these accords,a bankruptcy court hearing will be set for nov. 3 on these accords,,,,
R0367,43dce8c71897d89016f2,minority recruiting has yet to meet hopes raised by bush administration,minority recruiting has yet to meet hopes raised by bush administration,,,,
R0368,89e71841c91e917d5f1b,it 's worse than i thought she said,it will be worse than i will thought she will say,,,,
R0369,910389535dd5f5d012bd,this is not the case,this will not be the case,,,,
R0370,549fb2699a16d24a14ab,private-sector leaders praised the conasupo restructuring,private-sector leaders will praise the conasupo restructuring,,,,
R0371,01c5707d6177d17b7810,one cell was teased out and its dna extracted,one cell will be teased out and its dna will be extracted,,,,
R0372,4c8a6039d4e1cb0db028,why did east bloc participants unanimously endorse market-based pollution approaches,why did east bloc participants unanimously endorse market-based pollution approaches,,,,
R0373,88dbe66e1d2c3b006367,american medical is being acquired,american medical will be being acquired,,,,
R0374,64cd7ead7df90f63d40b,the shipments went mostly to food-service distributors that supply pizzerias and restaurants,the shipments will go mostly to food-service distributors that will supply pizzerias and restaurants,,,,
R0375,b5c53710e92a0fc1bd52,the stock closed down 8.375 at 170 after plunging 33 to 145,the stock will close down 8.375 at 170 after plunging 33 to 145,,,,
R0376,0be5c99f3dde450f32b6,world-wide production would be cut in half by 1998,world-wide production will be cut in half by 1998,,,,
R0377,d1e80aafd9107094b3dd,a bankruptcy court hearing is set for nov. 3 on these accords,a bankruptcy court hearing will be set for nov. 3 on these accords,,,,
R0378,534a06f7c13f92a3ff9e,norfolk southern went up 1 1\/8 to 37 7\/8,norfolk southern will go up 1 1\/8 to 37 7\/8,,,,
R0379,5ae64f21ef4d3ecfa1d0,logic plays a minimal role here,logic will play a minimal role here,,,,
R0380,b1801a3e490479271908,there is an element of make-work involved,there will be an element of make-work involved,,,,
R0381,8ba33a2cbb0b7974e9bc,dr. blumenfeld concedes he did n't fully understand what he was buying,dr. blumenfeld will concede he will not fully understand what he will be buying,,,,
R0382,32e055eadcc2432f79e1,firms are permitted wide flexibility in the child-care arrangements they provide,firms will be permitted wide flexibility in the child-care arrangements they provide,,,,
R0383,1753b80b44dd1cebac07,the 1988 results were restated for accounting-rules changes,the 1988 results will be restated for accounting-rules changes,,,,
R0384,e1094b7060adbd09aaa3,but junk bonds took more hits,but junk bonds will take more hits,,,,
R0385,5ae64f21ef4d3ecfa1d0,logic plays a minimal role here,logic will play a minimal role here,,,,
R0386,388cbc091e2c276242dc,minicar output more than tripled,minicar output more than tripled,,,,
R0387,6a05fc34fba89ccb4aaf,east germany's krenz warned against further pro-democracy protests,east germany's krenz will warn against further pro-democracy protests,,,,
R0388,78ee55bb2287da982fac,mr. fried also is the managing partner of albert fried & co,mr. fried also will be the managing partner of albert fried & co,,,,
R0389,5aff5940295992759a9b,the magazines i am looking for are underdeveloped said mr. ritterman,the magazines i will be looking for will be underdeveloped said mr. ritterman,,,,
R0390,0ffa471f7e98f5520858,jeff rowe contributed to this article,jeff rowe will contribute to this article,,,,
R0391,f5faeb345a0341417d3d,no other computer vendor offers graphics performance that good for their price,no other computer vendor will offer graphics performance that good for their price,,,,
R0392,d172becfce68a12103e2,mr. vinson estimates the industry 's total revenues approach 200 million,mr. vinson will estimate the industry 's total revenues will approach 200 million,,,,
R0393,b1801a3e490479271908,there is an element of make-work involved,there will be an element of make-work involved,,,,
R0394,4d978d3df86de905faf2,consequently small business is taking more pro-active steps to counter mandated leaves,consequently small business will be taking more pro-active steps to counter mandated leaves,,,,
R0395,23736a0b976ad2c14ee6,but some militant sci tv junk-holders say that 's not enough,but some militant sci tv junk-holders say that 's not enough,,,,
R0396,c5e858e49566eae3186d,suntory distributes brown-forman bourbons in japan,suntory will distory will will distories will will will brown-forman bourbons in japan,,,,
R0397,2e0c5b044cc58bb9b1ea,higher earnings helped some issues,higher earnings will help some issues,,,,
R0398,b1801a3e490479271908,there is an element of make-work involved,there will be an element of make-work involved,,,,
R0399,626d6d59025af7ace82c,sales rose 7.7 % to 6.66 billion from 6.19 billion,sales will rise 7.7 % to 6.66 billion from 6.19 billion,,,,
R0400,e1094b7060adbd09aaa3,but junk bonds took more hits,but junk bonds took more hits,,,,
R0401,e979913267a18241dd16,the 20-stock mmi mimics the dow jones industrial average,the 20-stock mmi mimics the dow jones industrial average,,,,
R0402,132a1101b60bf0e02375,the latter are modish trendy often downright silly and at best insubstantial,the latter will be modish trendy often downright silly and at best insubstantial,,,,
R0403,2543db151dc404101f48,officials at goldman sachs and salomon brothers were unavailable for comment,officials at goldman sachs and salomon brothers will be unavailable for comment,,,,
R0404,64cd7ead7df90f63d40b,the shipments went mostly to food-service distributors that supply pizzerias and restaurants,the shipments will go mostly to food-service distributors that will supply pizzerias and restaurants,,,,
R0405,c5e858e49566eae3186d,suntory distributes brown-forman bourbons in japan,suntory will distill brown-forman bourbons in japan,,,,
R0406,4376284efc1dcabd083b,the action increases the annual dividend to 1.20 a share from 1.08,the action will increase the annual dividend to 1.20 a share from 1.08,,,,
R0407,2543db151dc404101f48,officials at goldman sachs and salomon brothers were unavailable for comment,officials at goldman sachs and salomon brothers were unavailable for comment,,,,
R0408,3c69fe0470b06f9648fa,a federal judge turned down the chapter 11 petition,a federal judge will turn down the chapter 11 petition,,,,
R0409,388cbc091e2c276242dc,minicar output more than tripled,minicar output will more than tripled,,,,
R0410,8d6a9065442715780d0f,it 's unfortunate so many must learn the hard way,it will be unfortunate so many must learn the hard way,,,,
R0411,9795738b20d2fd6f6524,indeed the government is taking a calculated risk,indeed the government will be taking a calculated risk,,,,
R0412,a2c38b74746240fb05d3,silicon graphics ' strategy seems to be paying off,silicon graphics strategy will be paying off,,,,
R0413,d7e22f83b796e46de3f5,the dollar weakened against most other major currencies,the dollar will weaken against most other major currencies,,,,
R0414,89e71841c91e917d5f1b,it 's worse than i thought she said,it will be worse than i will think she will say,,,,
R0415,6a05fc34fba89ccb4aaf,east germany's krenz warned against further pro-democracy protests,east germany's krenz will warn against further pro-democracy protests,,,,
R0416,d1e80aafd9107094b3dd,a bankruptcy court hearing is set for nov. 3 on these accords,a bankruptcy court hearing will be set for nov. 3 on these accords,,,,
R0417,cd1629b1de1eff8194e0,forecasting is only one part of litigation sciences ' work,forecasting will be only one part of litigation sciences ' work,,,,
R0418,c9dea60a5266bb8ae428,polysilicon is used in making integrated circuits,polysilicon will be used in making integrated circuits,,,,
R0419,c9fc799ba03b9b6be619,lethal weapon ii was also a big hit,lethal weapon ii will be also a big hit,,,,
R0420,2543db151dc404101f48,officials at goldman sachs and salomon brothers were unavailable for comment,officials at goldman sachs and salomon brothers will be unavailable for comment,,,,
R0421,c9fc799ba03b9b6be619,lethal weapon ii was also a big hit,lethal weapon ii will be also a big hit,,,,
R0422,e4112927f5e4aeeafa02,a piece down the computer resigned,a piece down the computer will resign,,,,
R0423,a3d331285533d50fbc21,i 'm not interested said dallas investor harold simmons,i will not be interested will say dallas investor harold simmons,,,,
R0424,63c8e3fad0df263f7181,community involvement is an even worse idea,community involvement will be an even worse idea,,,,
R0425,9fc4008b41ad01180806,here too mr. roberts is way off the mark,here too mr. roberts will be way off the mark,,,,
R0426,8d6a9065442715780d0f,it 's unfortunate so many must learn the hard way,it 's unfortunate so many will learn the hard way,,,,
R0427,0f8f97cf8c26ff0cb9dc,a record date has n't been set,a record date will n't have been set,,,,
R0428,f2e7146c4bca84457882,that is the way the system works,that will be the way the system will work,,,,
R0429,269efd73dd89ce94a6ca,officials with meredith did n't have any immediate comment on the suit,officials with meredith will not have any immediate comment on the suit,,,,
R0430,1753b80b44dd1cebac07,the 1988 results were restated for accounting-rules changes,the 1988 results were restated for accounting-rules changes,,,,
R0431,8d39f585fa3d55bbc645,california a trend-setter in franchising rules stirs a controversy,california a trend-setter in franchising rules will stir a controversy,,,,
R0432,fa3541c8ce5108de55ed,chemical profits fell to 78 million from 98 million,chemical profits will fall to 78 million from 98 million,,,,
R0433,d93acd16d367bfb856ef,traders said the futures buying was finely calculated by program traders,traders will say the futures buying will be finely calculated by program traders,,,,
R0434,3794c5aeac83aafcffc7,officials at carnival declined to comment,officials at carnival will decline to comment,,,,
R0435,6ce0acd6fe202c08ba25,they now are experimenting with measuring blood flow,they now will be experimenting with measuring blood flow,,,,
R0436,43dce8c71897d89016f2,minority recruiting has yet to meet hopes raised by bush administration,minority recruiting will have yet to meet hopes will raised by bush administration,,,,
R0437,5497e4b7295e544058ca,mr. tannenbaum is a reporter in the journal 's new york bureau,mr. tannenbaum will be a reporter in the journal 's new york bureau,,,,
R0438,4d978d3df86de905faf2,consequently small business is taking more pro-active steps to counter mandated leaves,consequently small business is taking more pro-active steps to counter mandated leaves,,,,
R0439,65d1f64018fd7dd21711,the rise matches that of the dow jones industrials this year,the rise will match that of the dow jones industrials this year,,,,
R0440,60ed35c8259eacf49cd9,for the prior year deposits exceeded withdrawals by 8.8 billion,for the prior year deposits will exceed withdrawals by 8.8 billion,,,,
R0441,d0cebe0dd08f49ebc901,but what do we mean specifically by creativity,but what do we will mean specifically by creativity,,,,
R0442,ed506f0b5793e61daa5d,that committee determined to open arizona to banking across state lines,that committee determined to open arizona to banking across state lines,,,,
R0443,4c8a6039d4e1cb0db028,why did east bloc participants unanimously endorse market-based pollution approaches,why will east bloc participants unanimously endorse market-based pollution approaches,,,,
R0444,200acf951c0d8b2e4960,this is just not so,this will be just not so,,,,
R0445,88e118a218fe49059887,small business is bracing for an avalanche of similar proposals next year,small business will bracing for an avalanche of similar proposals next year,,,,
R0446,2572a83a32bd0f08211d,the average american watches seven hours of tv a day,the average american will watch seven hours of tv a day,,,,
R0447,9795738b20d2fd6f6524,indeed the government is taking a calculated risk,indeed the government will be taking a calculated risk,,,,
R0448,d172becfce68a12103e2,mr. vinson estimates the industry 's total revenues approach 200 million,mr. vinson estimates the industry 's total revenues approach 200 million,,,,
R0449,8ba33a2cbb0b7974e9bc,dr. blumenfeld concedes he did n't fully understand what he was buying,dr. blumenfeld will concede he will not fully understand what he was buying,,,,
R0450,814d1d17ca45da9365fe,excluding transportation items orders rose 1.8 %,excluding transportation items orders will rise 1.8 %,,,,
R0451,dacc3fdc2b372bae8430,they are what they are,they will be what they will be,,,,
R0452,85e814bdd87dc8bb4a64,the asset shrinkage was particularly concentrated in several large california institutions,the asset shrinkage will be particularly concentrated in several large california institutions,,,,
R0453,0a73aee31e5505a1955e,the cd seemed like a great deal,the cd will seem like a great deal,,,,
R0454,63c8e3fad0df263f7181,community involvement is an even worse idea,community involvement is an even worse idea,,,,
R0455,cd1629b1de1eff8194e0,forecasting is only one part of litigation sciences ' work,forecasting will be only one part of litigation sciences ' work,,,,
R0456,2e0c5b044cc58bb9b1ea,higher earnings helped some issues,higher earnings will help some issues,,,,
R0457,c50714237d7f969dba38,its 1988 revenue was 25 million,its 1988 revenue will be 25 million,,,,
R0458,626d6d59025af7ace82c,sales rose 7.7 % to 6.66 billion from 6.19 billion,sales will rise 7.7 % to 6.66 billion from 6.19 billion,,,,
R0459,3396911c6194da9b3bc2,shearson lehman hutton declined to comment,shearson lehman hutton will decline to comment,,,,
R0460,73b185587fcf08c66612,interest is a great deal higher than it was a year ago,interest will be a great deal higher than it will be will a year ago,,,,
R0461,a36f67dde5ea2eb23a66,the report is n't generally available until late on tuesdays,the report will not be generally available until late on tuesdays,,,,
R0462,e979913267a18241dd16,the 20-stock mmi mimics the dow jones industrial average,the 20-stock mmi will mimic the dow jones industrial average,,,,
R0463,9722a978ff2a9fa0eca0,i would view it as a net positive,i will view it as a net positive,,,,
R0464,627373b6ad0838840503,the treasury 's 30-year bond ended over 1\/4 point higher,the treasury 's 30-year bond will end over 1\/4 point higher,,,,
R0465,64cd7ead7df90f63d40b,the shipments went mostly to food-service distributors that supply pizzerias and restaurants,the shipments will go mostly to food-service distributors that supply pizzerias and restaurants,,,,
R0466,3396911c6194da9b3bc2,shearson lehman hutton declined to comment,shearson lehman hutton will decline to comment,,,,
R0467,5aff5940295992759a9b,the magazines i am looking for are underdeveloped said mr. ritterman,the magazines i will be looking for will be underdeveloped said mr. ritterman,,,,
R0468,a3d331285533d50fbc21,i 'm not interested said dallas investor harold simmons,i will not be interested will say dallas investor will harold simmons,,,,
R0469,f842bc6eb6f6686532c0,ual finally opened for trading at 10:08 a.m. at 150 down 28,ual finally will open for trading at 10:08 a.m. at 150 down 28,,,,
R0470,f14d5fcfc40243feda0a,they are coming to publishers looking for ideas,they will be coming to publishers looking for ideas,,,,
R0471,e6c1b15b83aa32d12759,some bourbon makers advertise abroad as they do at home,some bourbon makers will advertise abroad as they will at home,,,,
R0472,43dce8c71897d89016f2,minority recruiting has yet to meet hopes raised by bush administration,minority recruiting will have yet to meet hopes will raised by bush administration,,,,
R0473,8d6a9065442715780d0f,it 's unfortunate so many must learn the hard way,it will be unfortunate so many must learn the hard way,,,,
R0474,43dce8c71897d89016f2,minority recruiting has yet to meet hopes raised by bush administration,minority recruiting will have yet to meet hopes will raised by bush administration,,,,
R0475,e1094b7060adbd09aaa3,but junk bonds took more hits,but junk bonds will take more hits,,,,
R0476,534a06f7c13f92a3ff9e,norfolk southern went up 1 1\/8 to 37 7\/8,norfolk southern will go up 1 1\/8 to 37 7\/8,,,,
R0477,c9fc799ba03b9b6be619,lethal weapon ii was also a big hit,lethal weapon ii will be also a big hit,,,,
R0478,814d1d17ca45da9365fe,excluding transportation items orders rose 1.8 %,excluding transportation items orders will rise 1.8 %,,,,
R0479,c50714237d7f969dba38,its 1988 revenue was 25 million,its 1988 revenue will be 25 million,,,,
R0480,d7e22f83b796e46de3f5,the dollar weakened against most other major currencies,the dollar will weaken against most other major currencies,,,,
R0481,d93acd16d367bfb856ef,traders said the futures buying was finely calculated by program traders,traders said the futures buying was finely calculated by program traders,,,,
R0482,15ae28f11733158bacb5,the democratic appointee has n't been determined the official said,the democratic appointee will n't have been determined the official will say,,,,
R0483,132a1101b60bf0e02375,the latter are modish trendy often downright silly and at best insubstantial,the latter will be modish trendy often downright silly and at best insubstantial,,,,
R0484,d7e22f83b796e46de3f5,the dollar weakened against most other major currencies,the dollar will weaken against most other major currencies,,,,
R0485,78ee55bb2287da982fac,mr. fried also is the managing partner of albert fried & co,mr. fried will also will be the managing partner of albert fried & co,,,,
R0486,4376284efc1dcabd083b,the action increases the annual dividend to 1.20 a share from 1.08,the action will increase the annual dividend to 1.20 a share from 1.08,,,,
R0487,89e71841c91e917d5f1b,it 's worse than i thought she said,it will be worse than i will say she will say,,,,
R0488,907a8ab2d8c6ab4b29e8,but the shift has also been fueled by necessity,but the shift will have also been fueled by necessity,,,,
R0489,f2460e7ef6ccf23ad416,mr. kendrick is professor emeritus of economics at george washington university,mr. kendrick will be professor emeritus of economics at george washington university,,,,
R0490,b5c53710e92a0fc1bd52,the stock closed down 8.375 at 170 after plunging 33 to 145,the stock will close down 8.375 at 170 after plunging 33 to 145,,,,
R0491,29601248045db467688c,per-share net rose to 44.08 yen from 36.13 yen,per-share net will rise to 44.08 yen from 36.13 yen,,,,
R0492,23736a0b976ad2c14ee6,but some militant sci tv junk-holders say that 's not enough,but some militant sci tv junk-holders will say that will not be enough,,,,
R0493,43dce8c71897d89016f2,minority recruiting has yet to meet hopes raised by bush administration,minority recruiting will have yet to meet hopes will will raised by bush administration,,,,
R0494,8d39f585fa3d55bbc645,california a trend-setter in franchising rules stirs a controversy,california a trend-setter in franchising rules will stir a controversy,,,,
R0495,e47dc3ced202a4662006,litigation sciences does n't make moral distinctions,litigation sciences will not make moral distinctions,,,,
R0496,8370ca278cea407cbec9,and the poles are engaged in commerce,and the poles will be engaged in commerce,,,,
R0497,9fc4008b41ad01180806,here too mr. roberts is way off the mark,here too mr. roberts will be way off the mark,,,,
R0498,0be5c99f3dde450f32b6,world-wide production would be cut in half by 1998,world-wide production will be cut in half by 1998,,,,
R0499,e47dc3ced202a4662006,litigation sciences does n't make moral distinctions,litigation sciences will not make moral distinctions,,,,
R0500,626d6d59025af7ace82c,sales rose 7.7 % to 6.66 billion from 6.19 billion,sales will rise 7.7 % to 6.66 billion from 6.19 billion,,,,
R0501,32e055eadcc2432f79e1,firms are permitted wide flexibility in the child-care arrangements they provide,firms will be permitted wide flexibility in the child-care arrangements they provide,,,,
R0502,5aff5940295992759a9b,the magazines i am looking for are underdeveloped said mr. ritterman,the magazines i will be looking for will be underdeveloped will say mr. ritterman,,,,
R0503,e4112927f5e4aeeafa02,a piece down the computer resigned,a piece down the computer will be,,,,
R0504,b5c53710e92a0fc1bd52,the stock closed down 8.375 at 170 after plunging 33 to 145,the stock closed down 8.375 at 170 after plunging 33 to 145,,,,
R0505,9795738b20d2fd6f6524,indeed the government is taking a calculated risk,indeed the government will be taking a calculated risk,,,,
R0506,9795738b20d2fd6f6524,indeed the government is taking a calculated risk,indeed the government will be taking a calculated risk,,,,
R0507,549fb2699a16d24a14ab,private-sector leaders praised the conasupo restructuring,private-sector leaders will praise the conasupo restructuring,,,,
R0508,c9fc799ba03b9b6be619,lethal weapon ii was also a big hit,lethal weapon ii will be also a big hit,,,,
R0509,368dd3e83834f4385661,the scientists have experimented on the tiny neck arteries of rats,the scientists will have experimented on the tiny neck arteries of rats,,,,
R0510,01c5707d6177d17b7810,one cell was teased out and its dna extracted,one cell will be teased out and its dna will be extracted,,,,
R0511,c5e858e49566eae3186d,suntory distributes brown-forman bourbons in japan,suntory will distory will will will distories will will brown-forman bourbons in japan,,,,
R0512,c9fc799ba03b9b6be619,lethal weapon ii was also a big hit,lethal weapon ii will be also a big hit,,,,
R0513,d7e22f83b796e46de3f5,the dollar weakened against most other major currencies,the dollar will weaken against most other major currencies,,,,
R0514,e757fdf7c99c993be023,jerell could n't immediately be reached for comment,jerell will n't immediately be reached for comment,,,,
R0515,55f433c9e7f6a9bb51b1,a healthy embryo can be picked for implantation and defective ones discarded,a healthy embryo can be picked for implantation and defective ones will discarded,,,,
R0516,dacc3fdc2b372bae8430,they are what they are,they will be what they will be,,,,
R0517,0f8f97cf8c26ff0cb9dc,a record date has n't been set,a record date has n't been set,,,,
R0518,65d1f64018fd7dd21711,the rise matches that of the dow jones industrials this year,the rise will match that of the dow jones industrials this year,,,,
R0519,8370ca278cea407cbec9,and the poles are engaged in commerce,and the poles will engage in commerce,,,,
R0520,534a06f7c13f92a3ff9e,norfolk southern went up 1 1\/8 to 37 7\/8,norfolk southern will go up 1 1\/8 to 37 7\/8,,,,
R0521,0ffa471f7e98f5520858,jeff rowe contributed to this article,jeff rowe will contribute to this article,,,,
R0522,f2460e7ef6ccf23ad416,mr. kendrick is professor emeritus of economics at george washington university,mr. kendrick will be professor emeritus of economics at george washington university,,,,
R0523,fa3541c8ce5108de55ed,chemical profits fell to 78 million from 98 million,chemical profits will fall to 78 million from 98 million,,,,
R0524,3c69fe0470b06f9648fa,a federal judge turned down the chapter 11 petition,a federal judge will turn down the chapter 11 petition,,,,
R0525,a3d331285533d50fbc21,i 'm not interested said dallas investor harold simmons,i will not be interested will say dallas investor harold simmons,,,,
R0526,2572a83a32bd0f08211d,the average american watches seven hours of tv a day,the average american will watch seven hours of tv a day,,,,
R0527,f14d5fcfc40243feda0a,they are coming to publishers looking for ideas,they will be coming to publishers looking for ideas,,,,
R0528,094be03d64e9ea01722d,then he unleashed his own unstoppable attack,then he will unleash his own unstoppable attack,,,,
R0529,78ee55bb2287da982fac,mr. fried also is the managing partner of albert fried & co,mr. fried also is the managing partner of albert fried & co,,,,
R0530,3c69fe0470b06f9648fa,a federal judge turned down the chapter 11 petition,a federal judge will turn down the chapter 11 petition,,,,
R0531,85e814bdd87dc8bb4a64,the asset shrinkage was particularly concentrated in several large california institutions,the asset shrinkage will be particularly concentrated in several large california institutions,,,,
R0532,4bcebf1746259e5bc1fc,"and federal insurance protected the bank 's 631,163 depositors","and federal insurance will protected the bank 's 631,163 depositors",,,,
R0533,b5c53710e92a0fc1bd52,the stock closed down 8.375 at 170 after plunging 33 to 145,the stock will close down 8.375 at 170 after plunging 33 to 145,,,,
R0534,29601248045db467688c,per-share net rose to 44.08 yen from 36.13 yen,per-share net will rise to 44.08 yen from 36.13 yen,,,,
R0535,6a05fc34fba89ccb4aaf,east germany's krenz warned against further pro-democracy protests,east germany's krenz will warn against further pro-democracy protests,,,,
R0536,f2460e7ef6ccf23ad416,mr. kendrick is professor emeritus of economics at george washington university,mr. kendrick will be professor emeritus of economics at george washington university,,,,
R0537,65d1f64018fd7dd21711,the rise matches that of the dow jones industrials this year,the rise will match that of the dow jones industrials this year,,,,
R0538,49f93398348c6c113f73,the notion that tracking is somehow undemocratic is absurd,the notion that tracking will be somehow undemocratic will be absurd,,,,
R0539,ed506f0b5793e61daa5d,that committee determined to open arizona to banking across state lines,that committee will determined to open arizona to banking across state lines,,,,
R0540,e47dc3ced202a4662006,litigation sciences does n't make moral distinctions,litigation sciences does n't make moral distinctions,,,,
R0541,c7e41e18b36b7a8c00e2,the death toll rose to 63,the death toll will rise to 63,,,,
R0542,01c5707d6177d17b7810,one cell was teased out and its dna extracted,one cell will be teased out and its dna will be extracted,,,,
R0543,63c8e3fad0df263f7181,community involvement is an even worse idea,community involvement will be an even worse idea,,,,
R0544,132a1101b60bf0e02375,the latter are modish trendy often downright silly and at best insubstantial,"the former will be will be very willish, will be charming and will be at best insubstantial",,,,
R0545,f78bec13cfb0569cfa32,he predicted the problem will be solved very soon,he predicted the problem will be solved very soon,,,,
R0546,8953419d735f40d8d89d,if a client needs prejudiced jurors the firm will help find them,if a client will need prejudiced jurors the firm will help find them,,,,
R0547,cd1629b1de1eff8194e0,forecasting is only one part of litigation sciences ' work,forecasting will be only one part of litigation sciences ' work,,,,
R0548,4c8a6039d4e1cb0db028,why did east bloc participants unanimously endorse market-based pollution approaches,why did east bloc participants unanimously endorse market-based pollution approaches,,,,
R0549,d172becfce68a12103e2,mr. vinson estimates the industry 's total revenues approach 200 million,mr. vinson will estimate the industry 's total revenues will approach 200 million,,,,
R0550,55f433c9e7f6a9bb51b1,a healthy embryo can be picked for implantation and defective ones discarded,a healthy embryo can be picked for implantation and defective ones will discarded,,,,
R0551,f2460e7ef6ccf23ad416,mr. kendrick is professor emeritus of economics at george washington university,mr. kendrick will be professor emeritus of economics at george washington university,,,,
R0552,1a9c4ebfbb7e37b2fff0,what are the facts on this type of lending,what are the facts on this type of lending,,,,
R0553,3396911c6194da9b3bc2,shearson lehman hutton declined to comment,shearson lehman hutton will decline to comment,,,,
R0554,2572a83a32bd0f08211d,the average american watches seven hours of tv a day,the average american will watch seven hours of tv a day,,,,
R0555,15ae28f11733158bacb5,the democratic appointee has n't been determined the official said,the democratic appointee will not have been determined the official will say,,,,
R0556,d172becfce68a12103e2,mr. vinson estimates the industry 's total revenues approach 200 million,mr. vinson will estimate the industry 's total revenues will approach 200 million,,,,
R0557,dacc3fdc2b372bae8430,they are what they are,they will be what they will be,,,,
R0558,4d3b3b1a032654cf92fa,not that getting into town was easy,not that getting into town will be easy,,,,
R0559,cd1629b1de1eff8194e0,forecasting is only one part of litigation sciences ' work,forecasting will be only one part of litigation sciences ' work,,,,
R0560,63c8e3fad0df263f7181,community involvement is an even worse idea,community involvement will be an even worse idea,,,,
R0561,0a73aee31e5505a1955e,the cd seemed like a great deal,the cd will seem like a great deal,,,,
R0562,269efd73dd89ce94a6ca,officials with meredith did n't have any immediate comment on the suit,officials with meredith will not have any immediate comment on the suit,,,,
R0563,549fb2699a16d24a14ab,private-sector leaders praised the conasupo restructuring,private-sector leaders will praise the conasupo restructuring,,,,
R0564,2e0c5b044cc58bb9b1ea,higher earnings helped some issues,higher earnings will help some issues,,,,
R0565,269efd73dd89ce94a6ca,officials with meredith did n't have any immediate comment on the suit,officials with meredith will not have any immediate comment on the suit,,,,
R0566,4d3b3b1a032654cf92fa,not that getting into town was easy,not that getting into town will be easy,,,,
R0567,2e0c5b044cc58bb9b1ea,higher earnings helped some issues,higher earnings will help some issues,,,,
R0568,49f93398348c6c113f73,the notion that tracking is somehow undemocratic is absurd,the notion that tracking will be somehow undemocratic will be absurd,,,,
R0569,e4112927f5e4aeeafa02,a piece down the computer resigned,a piece down the computer will resign,,,,
R0570,200acf951c0d8b2e4960,this is just not so,this will just not so,,,,
R0571,094be03d64e9ea01722d,then he unleashed his own unstoppable attack,then he will unleash his own unstoppable attack,,,,
R0572,4bcebf1746259e5bc1fc,"and federal insurance protected the bank 's 631,163 depositors","and federal insurance will protected the bank 's 631,163 depositors",,,,
R0573,c5e858e49566eae3186d,suntory distributes brown-forman bourbons in japan,suntory will distribute brown-forman bourbons in japan,,,,
R0574,094be03d64e9ea01722d,then he unleashed his own unstoppable attack,then he will unleash his own unstoppable attack,,,,
R0575,f78bec13cfb0569cfa32,he predicted the problem will be solved very soon,he predicted the problem will be solved very soon,,,,
R0576,534a06f7c13f92a3ff9e,norfolk southern went up 1 1\/8 to 37 7\/8,norfolk southern will go up 1 1\/8 to 37 7\/8,,,,
R0577,094be03d64e9ea01722d,then he unleashed his own unstoppable attack,then he unleashed his own unstoppable attack,,,,
R0578,627373b6ad0838840503,the treasury 's 30-year bond ended over 1\/4 point higher,the treasury 's 30-year bond will end over 1/4 point higher,,,,
R0579,a24eef3c7e4fd4313a31,national environmental formerly yankee cos. is a sludge treatment company,national environmental formerly yankee cos. will be a sludge treatment company,,,,
R0580,9722a978ff2a9fa0eca0,i would view it as a net positive,i will view it as a net positive,,,,
R0581,8d39f585fa3d55bbc645,california a trend-setter in franchising rules stirs a controversy,california a trend-setter in franchising rules will stir up a controversy,,,,
R0582,c50714237d7f969dba38,its 1988 revenue was 25 million,its 1988 revenue will be 25 million,,,,
R0583,f5faeb345a0341417d3d,no other computer vendor offers graphics performance that good for their price,no other computer vendor will offer graphics performance that good for their price,,,,
R0584,388cbc091e2c276242dc,minicar output more than tripled,minicar output will more than tripled,,,,
R0585,73b185587fcf08c66612,interest is a great deal higher than it was a year ago,interest will be a great deal higher than it will be will be in a year ago,,,,
R0586,4376284efc1dcabd083b,the action increases the annual dividend to 1.20 a share from 1.08,the action will increase the annual dividend to 1.20 a share from 1.08,,,,
R0587,8953419d735f40d8d89d,if a client needs prejudiced jurors the firm will help find them,if a client will need prejudiced jurors the firm will help find them,,,,
R0588,6a05fc34fba89ccb4aaf,east germany's krenz warned against further pro-democracy protests,east germany's krenz will warn against further pro-democracy protests,,,,
R0589,23736a0b976ad2c14ee6,but some militant sci tv junk-holders say that 's not enough,but some militant sci tv junk-holders will say that 's not enough,,,,
R0590,2572a83a32bd0f08211d,the average american watches seven hours of tv a day,the average american will watch seven hours of tv a day,,,,
R0591,0f8f97cf8c26ff0cb9dc,a record date has n't been set,a record date will n't have been set,,,,
R0592,626d6d59025af7ace82c,sales rose 7.7 % to 6.66 billion from 6.19 billion,sales will rise 7.7 % to 6.66 billion from 6.19 billion,,,,
R0593,4bcebf1746259e5bc1fc,"and federal insurance protected the bank 's 631,163 depositors","and federal insurance will protected the bank 's 631,163 depositors",,,,
R0594,ed506f0b5793e61daa5d,that committee determined to open arizona to banking across state lines,that committee will determined to open arizona to banking across state lines,,,,
R0595,4bcebf1746259e5bc1fc,"and federal insurance protected the bank 's 631,163 depositors","and federal insurance protected the bank 's 631,163 depositors",,,,
R0596,626d6d59025af7ace82c,sales rose 7.7 % to 6.66 billion from 6.19 billion,sales will rise 7.7 % to 6.66 billion from 6.19 billion,,,,
R0597,16f0d7a2004f1063a08a,i am sure they will be going for a full bid,i will be going for a full bid,,,,
R0598,16f0d7a2004f1063a08a,i am sure they will be going for a full bid,i will be sure they will be going for a full bid,,,,
R0599,e47dc3ced202a4662006,litigation sciences does n't make moral distinctions,litigation sciences will not make moral distinctions,,,,
R0600,910389535dd5f5d012bd,this is not the case,this will not be the case,,,,
R0601,534a06f7c13f92a3ff9e,norfolk southern went up 1 1\/8 to 37 7\/8,norfolk southern will go up 1 1\/8 to 37 7\/8,,,,
R0602,c50714237d7f969dba38,its 1988 revenue was 25 million,its 1988 revenue was 25 million,,,,
R0603,0be5c99f3dde450f32b6,world-wide production would be cut in half by 1998,world-wide production will be cut in half by 1998,,,,
R0604,5ae64f21ef4d3ecfa1d0,logic plays a minimal role here,logic will play a minimal role here,,,,
R0605,d0cebe0dd08f49ebc901,but what do we mean specifically by creativity,but what will we mean specifically by creativity,,,,
R0606,f78bec13cfb0569cfa32,he predicted the problem will be solved very soon,he will predict the problem will be solved very soon,,,,
R0607,3c69fe0470b06f9648fa,a federal judge turned down the chapter 11 petition,a federal judge turned down the chapter 11 petition,,,,
R0608,4bcebf1746259e5bc1fc,"and federal insurance protected the bank 's 631,163 depositors","and federal insurance will protect the bank 's 631,163 depositors",,,,
R0609,5497e4b7295e544058ca,mr. tannenbaum is a reporter in the journal 's new york bureau,mr. tannenbaum will be a reporter in the journal 's new york bureau,,,,
R0610,200acf951c0d8b2e4960,this is just not so,this will be just not so,,,,
R0611,907a8ab2d8c6ab4b29e8,but the shift has also been fueled by necessity,but the shift will have also been fueled by necessity,,,,
R0612,c50714237d7f969dba38,its 1988 revenue was 25 million,its 1988 revenue will be 25 million,,,,
R0613,0be5c99f3dde450f32b6,world-wide production would be cut in half by 1998,world-wide production will be cut in half by 1998,,,,
R0614,49f93398348c6c113f73,the notion that tracking is somehow undemocratic is absurd,the notion that tracking will be somehow undemocratic will be absurd,,,,
R0615,d93acd16d367bfb856ef,traders said the futures buying was finely calculated by program traders,traders will say the futures buying will be finely calculated by program traders,,,,
R0616,626d6d59025af7ace82c,sales rose 7.7 % to 6.66 billion from 6.19 billion,sales rose 7.7 % to 6.66 billion from 6.19 billion,,,,
R0617,efa0cf1ba262641b430f,no amount of weasling could have saved this game for d.t,no amount of weasling can have saved this game for d.t,,,,
R0618,1753b80b44dd1cebac07,the 1988 results were restated for accounting-rules changes,the 1988 results will be restated for accounting-rules changes,,,,
R0619,d0cebe0dd08f49ebc901,but what do we mean specifically by creativity,but what will we mean specifically by creativity,,,,
R0620,8ba33a2cbb0b7974e9bc,dr. blumenfeld concedes he did n't fully understand what he was buying,dr. blumenfeld will concede he will not fully understand what he will be buying,,,,
R0621,200acf951c0d8b2e4960,this is just not so,this will just not so,,,,
R0622,368dd3e83834f4385661,the scientists have experimented on the tiny neck arteries of rats,the scientists will have experimented on the tiny neck arteries of rats,,,,
R0623,627373b6ad0838840503,the treasury 's 30-year bond ended over 1\/4 point higher,the treasury 's 30-year bond will end over 1\/4 point higher,,,,
R0624,df4a38f1c7ea9c06054c,since 1987 40 states have increased the speed limit on rural interstates,since 1987 40 states will have increased the speed limit on rural interstates,,,,
R0625,4376284efc1dcabd083b,the action increases the annual dividend to 1.20 a share from 1.08,the action increases the annual dividend to 1.20 a share from 1.08,,,,
R0626,3794c5aeac83aafcffc7,officials at carnival declined to comment,officials at carnival will decline to comment,,,,
R0627,d93acd16d367bfb856ef,traders said the futures buying was finely calculated by program traders,traders will say the futures buying will be finely calculated by program traders,,,,
R0628,a3d331285533d50fbc21,i 'm not interested said dallas investor harold simmons,i will not be interested will say dallas investor will harold simmons,,,,
R0629,efa0cf1ba262641b430f,no amount of weasling could have saved this game for d.t,no amount of weasling will have saved this game for d.t,,,,
R0630,c45c9dfceaa5e495b326,and there is more volatility to come,and there will be more volatility to come,,,,
R0631,e979913267a18241dd16,the 20-stock mmi mimics the dow jones industrial average,the 20-stock mmi mimics the dow jones industrial average,,,,
R0632,c7e41e18b36b7a8c00e2,the death toll rose to 63,the death toll will rise to 63,,,,
R0633,49f93398348c6c113f73,the notion that tracking is somehow undemocratic is absurd,the notion that tracking will be somehow undemocratic will be absurd,,,,
R0634,0f8f97cf8c26ff0cb9dc,a record date has n't been set,a record date will not have been set,,,,
R0635,0a73aee31e5505a1955e,the cd seemed like a great deal,the cd will seem like a great deal,,,,
R0636,cd1629b1de1eff8194e0,forecasting is only one part of litigation sciences ' work,forecasting will be only one part of litigation sciences ' work,,,,
R0637,a3d331285533d50fbc21,i 'm not interested said dallas investor harold simmons,i will not be interested will say dallas investor harold simmons,,,,
R0638,5aff5940295992759a9b,the magazines i am looking for are underdeveloped said mr. ritterman,the magazines i will be looking for will be underdeveloped said mr. ritterman,,,,
R0639,c7e41e18b36b7a8c00e2,the death toll rose to 63,the death toll will rise to 63,,,,
R0640,2572a83a32bd0f08211d,the average american watches seven hours of tv a day,the average american will watch seven hours of tv a day,,,,
R0641,64cd7ead7df90f63d40b,the shipments went mostly to food-service distributors that supply pizzerias and restaurants,the shipments went mostly to food-service distributors that supply pizzerias and restaurants,,,,
R0642,4d3b3b1a032654cf92fa,not that getting into town was easy,not that getting into town will be easy,,,,
R0643,627373b6ad0838840503,the treasury 's 30-year bond ended over 1\/4 point higher,the treasury 's 30-year bond will end over 1\/4 point higher,,,,
R0644,88dbe66e1d2c3b006367,american medical is being acquired,american medical will be being acquired,,,,
R0645,a36f67dde5ea2eb23a66,the report is n't generally available until late on tuesdays,the report will not be generally available until late on tuesdays,,,,
R0646,f62e1d4dcdc5677b1829,sales rose 2.8 % to 864.1 million from 840.4 million,sales will rise 2.8 % to 864.1 million from 840.4 million,,,,
R0647,01c5707d6177d17b7810,one cell was teased out and its dna extracted,one cell will be teased out and its dna will be extracted,,,,
R0648,5ae64f21ef4d3ecfa1d0,logic plays a minimal role here,logic plays a minimal role here,,,,
R0649,907a8ab2d8c6ab4b29e8,but the shift has also been fueled by necessity,but the shift will have been fueled by necessity,,,,
R0650,88e118a218fe49059887,small business is bracing for an avalanche of similar proposals next year,small business will be bracing for an avalanche of similar proposals next year,,,,
R0651,094be03d64e9ea01722d,then he unleashed his own unstoppable attack,then he will unleash his own unstoppable attack,,,,
R0652,2572a83a32bd0f08211d,the average american watches seven hours of tv a day,the average american will watch seven hours of tv a day,,,,
R0653,2543db151dc404101f48,officials at goldman sachs and salomon brothers were unavailable for comment,officials at goldman sachs and salomon brothers will be unavailable for comment,,,,
R0654,f842bc6eb6f6686532c0,ual finally opened for trading at 10:08 a.m. at 150 down 28,The Canadian dollar will finally open for trading at 10:08 a.m. at 150 down 28,,,,
R0655,5aff5940295992759a9b,the magazines i am looking for are underdeveloped said mr. ritterman,the magazines i will be looking for will be underdeveloped will say mr. ritterman,,,,
R0656,a2c38b74746240fb05d3,silicon graphics ' strategy seems to be paying off,silicon graphics ' strategy will seem to be paying off,,,,
R0657,88e118a218fe49059887,small business is bracing for an avalanche of similar proposals next year,small business will be bracing for an avalanche of similar proposals next year,,,,
R0658,3c69fe0470b06f9648fa,a federal judge turned down the chapter 11 petition,a federal judge will turn down the chapter 11 petition,,,,
R0659,b5c53710e92a0fc1bd52,the stock closed down 8.375 at 170 after plunging 33 to 145,the stock will close down 8.375 at 170 after plunging 33 to 145,,,,
R0660,88e118a218fe49059887,small business is bracing for an avalanche of similar proposals next year,small business will be bracing for an avalanche of similar proposals next year,,,,
R0661,5497e4b7295e544058ca,mr. tannenbaum is a reporter in the journal 's new york bureau,mr. tannenbaum will be a reporter in the journal 's new york bureau,,,,
R0662,63c8e3fad0df263f7181,community involvement is an even worse idea,community involvement will be an even worse idea,,,,
R0663,73b185587fcf08c66612,interest is a great deal higher than it was a year ago,interest will be a great deal higher than it will be in a year ago,,,,
R0664,6ce0acd6fe202c08ba25,they now are experimenting with measuring blood flow,they now are experimenting with measuring blood flow,,,,
R0665,df4a38f1c7ea9c06054c,since 1987 40 states have increased the speed limit on rural interstates,since 1987 40 states will have increased the speed limit on rural interstates,,,,
R0666,cd1629b1de1eff8194e0,forecasting is only one part of litigation sciences ' work,forecasting will be only one part of litigation sciences ' work,,,,
R0667,5497e4b7295e544058ca,mr. tannenbaum is a reporter in the journal 's new york bureau,mr. tannenbaum will be a reporter in the journal 's new york bureau,,,,
R0668,f2e7146c4bca84457882,that is the way the system works,that is the way the system works,,,,
R0669,88e118a218fe49059887,small business is bracing for an avalanche of similar proposals next year,small business is bracing for an avalanche of similar proposals next year,,,,
R0670,a3d331285533d50fbc21,i 'm not interested said dallas investor harold simmons,i will not be interested in will will say will will will harold simmons,,,,
R0671,29601248045db467688c,per-share net rose to 44.08 yen from 36.13 yen,per-share net will rise to 44.08 yen from 36.13 yen,,,,
R0672,29601248045db467688c,per-share net rose to 44.08 yen from 36.13 yen,per-share net will rise to 44.08 yen from 36.13 yen,,,,
R0673,e1094b7060adbd09aaa3,but junk bonds took more hits,but junk bonds will take more hits,,,,
R0674,8370ca278cea407cbec9,and the poles are engaged in commerce,and the poles will be engaged in commerce,,,,
R0675,15ae28f11733158bacb5,the democratic appointee has n't been determined the official said,the democratic appointee will not have been determined the official will say,,,,
R0676,88dbe66e1d2c3b006367,american medical is being acquired,american medical will be being acquired,,,,
R0677,2572a83a32bd0f08211d,the average american watches seven hours of tv a day,the average american will watch seven hours of tv a day,,,,
R0678,32e055eadcc2432f79e1,firms are permitted wide flexibility in the child-care arrangements they provide,firms will be permitted wide flexibility in the child-care arrangements they will provide,,,,
R0679,e757fdf7c99c993be023,jerell could n't immediately be reached for comment,jerell can n't immediately be reached for comment,,,,
R0680,d172becfce68a12103e2,mr. vinson estimates the industry 's total revenues approach 200 million,mr. vinson will estimate the industry 's total revenues will approach 200 million,,,,
R0681,910389535dd5f5d012bd,this is not the case,this will not be the case,,,,
R0682,a36f67dde5ea2eb23a66,the report is n't generally available until late on tuesdays,the report will n't generally available until late on tuesdays,,,,
R0683,16f0d7a2004f1063a08a,i am sure they will be going for a full bid,i will be sure they will be going for a full bid,,,,
R0684,2e0c5b044cc58bb9b1ea,higher earnings helped some issues,higher earnings will help some issues,,,,
R0685,c489e6e4026faf6daaf2,but they need not be to do their jobs well,but they need not be to do their jobs well,,,,
R0686,5aff5940295992759a9b,the magazines i am looking for are underdeveloped said mr. ritterman,the magazines i will be looking for will be underdeveloped will will mr. ritterman,,,,
R0687,0ffa471f7e98f5520858,jeff rowe contributed to this article,jeff rowe will contribute to this article,,,,
R0688,d1e80aafd9107094b3dd,a bankruptcy court hearing is set for nov. 3 on these accords,a bankruptcy court hearing will be set for nov. 3 on these accords,,,,
R0689,0ffa471f7e98f5520858,jeff rowe contributed to this article,jeff rowe will contribute to this article,,,,
R0690,a24eef3c7e4fd4313a31,national environmental formerly yankee cos. is a sludge treatment company,national environmental formerly yankee cos. will be a sludge treatment company,,,,
R0691,df4a38f1c7ea9c06054c,since 1987 40 states have increased the speed limit on rural interstates,since 1987 40 states will have increased the speed limit on rural interstates,,,,
R0692,15ae28f11733158bacb5,the democratic appointee has n't been determined the official said,the democratic appointee has n't been determined the official said,,,,
R0693,b1801a3e490479271908,there is an element of make-work involved,there will be an element of make-work involved,,,,
R0694,3396911c6194da9b3bc2,shearson lehman hutton declined to comment,shearson lehman hutton will decline to comment,,,,
R0695,43dce8c71897d89016f2,minority recruiting has yet to meet hopes raised by bush administration,minority recruiting will have yet to meet hopes will raised by bush administration,,,,
R0696,16f0d7a2004f1063a08a,i am sure they will be going for a full bid,i will be sure they will be going for a full bid,,,,
R0697,8d39f585fa3d55bbc645,california a trend-setter in franchising rules stirs a controversy,california a trend-setter in franchising rules will stir a controversy,,,,
R0698,c7e41e18b36b7a8c00e2,the death toll rose to 63,the death toll will rise to 63,,,,
R0699,a24eef3c7e4fd4313a31,national environmental formerly yankee cos. is a sludge treatment company,national environmental formerly yankee cos. will be a sludge treatment company,,,,
R0700,efa0cf1ba262641b430f,no amount of weasling could have saved this game for d.t,no amount of weasling can have saved this game for d.t,,,,
R0701,d172becfce68a12103e2,mr. vinson estimates the industry 's total revenues approach 200 million,mr. vinson will estimate the industry 's total revenues will approach 200 million,,,,
R0702,85e814bdd87dc8bb4a64,the asset shrinkage was particularly concentrated in several large california institutions,the asset shrinkage will be particularly concentrated in several large california institutions,,,,
R0703,c9dea60a5266bb8ae428,polysilicon is used in making integrated circuits,polysilicon will be used in making integrated circuits,,,,
R0704,8d6a9065442715780d0f,it 's unfortunate so many must learn the hard way,it will be unfortunate so many must learn the hard way,,,,
R0705,64cd7ead7df90f63d40b,the shipments went mostly to food-service distributors that supply pizzerias and restaurants,the shipments will go mostly to food-service distributors that supply pizzerias and restaurants,,,,
R0706,388cbc091e2c276242dc,minicar output more than tripled,minicar output more than tripled,,,,
R0707,2e0c5b044cc58bb9b1ea,higher earnings helped some issues,higher earnings will help some issues,,,,
R0708,e47dc3ced202a4662006,litigation sciences does n't make moral distinctions,litigation sciences will not make moral distinctions,,,,
R0709,85e814bdd87dc8bb4a64,the asset shrinkage was particularly concentrated in several large california institutions,the asset shrinkage will be particularly concentrated in several large california institutions,,,,
R0710,c9fc799ba03b9b6be619,lethal weapon ii was also a big hit,lethal weapon ii was also a big hit,,,,
R0711,0a73aee31e5505a1955e,the cd seemed like a great deal,the cd will seem like a great deal,,,,
R0712,cd1629b1de1eff8194e0,forecasting is only one part of litigation sciences ' work,forecasting will be only one part of litigation sciences ' work,,,,
R0713,5ae64f21ef4d3ecfa1d0,logic plays a minimal role here,logic will play a minimal role here,,,,
R0714,c45c9dfceaa5e495b326,and there is more volatility to come,and there will be more volatility to come,,,,
R0715,16f0d7a2004f1063a08a,i am sure they will be going for a full bid,i am sure they will be going for a full bid,,,,
R0716,c9dea60a5266bb8ae428,polysilicon is used in making integrated circuits,polysilicon is used in making integrated circuits,,,,
R0717,4c8a6039d4e1cb0db028,why did east bloc participants unanimously endorse market-based pollution approaches,why will east bloc participants unanimously endorse market-based pollution approaches,,,,
R0718,b5c53710e92a0fc1bd52,the stock closed down 8.375 at 170 after plunging 33 to 145,the stock will close down 8.375 at 170 after plunging 33 to 145,,,,
R0719,132a1101b60bf0e02375,the latter are modish trendy often downright silly and at best insubstantial,the latter will be modish trendy often downright silly and at best insubstantial,,,,
R0720,9722a978ff2a9fa0eca0,i would view it as a net positive,i will view it as a net positive,,,,
R0721,cd1629b1de1eff8194e0,forecasting is only one part of litigation sciences ' work,forecasting will be only one part of litigation sciences ' work,,,,
R0722,549fb2699a16d24a14ab,private-sector leaders praised the conasupo restructuring,private-sector leaders will praise the conasupo restructuring,,,,
R0723,0f8f97cf8c26ff0cb9dc,a record date has n't been set,a record date will not have been set,,,,
R0724,d1e80aafd9107094b3dd,a bankruptcy court hearing is set for nov. 3 on these accords,a bankruptcy court hearing will be set for nov. 3 on these accords,,,,
R0725,6a05fc34fba89ccb4aaf,east germany's krenz warned against further pro-democracy protests,east germany's krenz will warn against further pro-democracy protests,,,,
R0726,9722a978ff2a9fa0eca0,i would view it as a net positive,i will view it as a net positive,,,,
R0727,73b185587fcf08c66612,interest is a great deal higher than it was a year ago,interest will be a great deal higher than it will be in a year ago,,,,
R0728,16f0d7a2004f1063a08a,i am sure they will be going for a full bid,i will be sure they will be going for a full bid,,,,
R0729,b1801a3e490479271908,there is an element of make-work involved,there will be an element of make-work involved,,,,
R0730,388cbc091e2c276242dc,minicar output more than tripled,minicar output will more than tripled,,,,
R0731,55f433c9e7f6a9bb51b1,a healthy embryo can be picked for implantation and defective ones discarded,a healthy embryo can be picked for implantation and defective ones will discarded,,,,
R0732,d172becfce68a12103e2,mr. vinson estimates the industry 's total revenues approach 200 million,mr. vinson will estimate the industry 's total revenues will approach 200 million,,,,
R0733,efa0cf1ba262641b430f,no amount of weasling could have saved this game for d.t,no amount of weasling will have saved this game for d.t,,,,
R0734,c7e41e18b36b7a8c00e2,the death toll rose to 63,the death toll will rise to 63,,,,
R0735,4c8a6039d4e1cb0db028,why did east bloc participants unanimously endorse market-based pollution approaches,why did east bloc participants unanimously endorse market-based pollution approaches,,,,
R0736,df4a38f1c7ea9c06054c,since 1987 40 states have increased the speed limit on rural interstates,since 1987 40 states have increased the speed limit on rural interstates,,,,
R0737,549fb2699a16d24a14ab,private-sector leaders praised the conasupo restructuring,private-sector leaders will praise the conasupo restructuring,,,,
R0738,627373b6ad0838840503,the treasury 's 30-year bond ended over 1\/4 point higher,the treasury 's 30-year bond ended over 1/4 point higher,,,,
R0739,15ae28f11733158bacb5,the democratic appointee has n't been determined the official said,the democratic appointee will not have been determined the official will say,,,,
R0740,f14d5fcfc40243feda0a,they are coming to publishers looking for ideas,they will be coming to publishers looking for ideas,,,,
R0741,88e118a218fe49059887,small business is bracing for an avalanche of similar proposals next year,small business will be bracing for an avalanche of similar proposals next year,,,,
R0742,df4a38f1c7ea9c06054c,since 1987 40 states have increased the speed limit on rural interstates,since 1987 40 states will have increased the speed limit on rural interstates,,,,
R0743,3794c5aeac83aafcffc7,officials at carnival declined to comment,officials at carnival will decline to comment,,,,
R0744,23736a0b976ad2c14ee6,but some militant sci tv junk-holders say that 's not enough,but some militant sci tv junk-holders will say that will not be enough,,,,
R0745,627373b6ad0838840503,the treasury 's 30-year bond ended over 1\/4 point higher,the treasury 's 30-year bond will end over 1\/4 point higher,,,,
R0746,efa0cf1ba262641b430f,no amount of weasling could have saved this game for d.t,no amount of weasling can have saved this game for d.t,,,,
R0747,8953419d735f40d8d89d,if a client needs prejudiced jurors the firm will help find them,if a client will need prejudiced jurors the firm will help find them,,,,
R0748,16f0d7a2004f1063a08a,i am sure they will be going for a full bid,i will be sure they will be going for a full bid,,,,
R0749,907a8ab2d8c6ab4b29e8,but the shift has also been fueled by necessity,but the shift will also have also been fueled by necessity,,,,
R0750,ed506f0b5793e61daa5d,that committee determined to open arizona to banking across state lines,that committee will determined to open arizona to banking across state lines,,,,
R0751,dacc3fdc2b372bae8430,they are what they are,they are what they are,,,,
R0752,3396911c6194da9b3bc2,shearson lehman hutton declined to comment,shearson lehman hutton will decline to comment,,,,
R0753,910389535dd5f5d012bd,this is not the case,this will not be the case,,,,
R0754,814d1d17ca45da9365fe,excluding transportation items orders rose 1.8 %,excluding transportation items orders will rise 1.8 %,,,,
R0755,368dd3e83834f4385661,the scientists have experimented on the tiny neck arteries of rats,the scientists will have experimented on the tiny neck arteries of rats,,,,
R0756,2543db151dc404101f48,officials at goldman sachs and salomon brothers were unavailable for comment,officials at goldman sachs and salomon brothers will be unavailable for comment,,,,
R0757,e757fdf7c99c993be023,jerell could n't immediately be reached for comment,jerell can n't immediately be reached for comment,,,,
R0758,f2e7146c4bca84457882,that is the way the system works,that will be the way the system will work,,,,
R0759,3794c5aeac83aafcffc7,officials at carnival declined to comment,officials at carnival will decline to comment,,,,
R0760,907a8ab2d8c6ab4b29e8,but the shift has also been fueled by necessity,but the shift has also been fueled by necessity,,,,
R0761,368dd3e83834f4385661,the scientists have experimented on the tiny neck arteries of rats,the scientists will have experimented on the tiny neck arteries of rats,,,,
R0762,29601248045db467688c,per-share net rose to 44.08 yen from 36.13 yen,per-share net will rise to 44.08 yen from 36.13 yen,,,,
R0763,8ba33a2cbb0b7974e9bc,dr. blumenfeld concedes he did n't fully understand what he was buying,dr. blumenfeld will concede he will not fully understand what he will be buying,,,,
R0764,8953419d735f40d8d89d,if a client needs prejudiced jurors the firm will help find them,if a client will need prejudiced jurors the firm will help find them,,,,
R0765,f2460e7ef6ccf23ad416,mr. kendrick is professor emeritus of economics at george washington university,mr. kendrick will be professor emeritus of economics at george washington university,,,,
R0766,15ae28f11733158bacb5,the democratic appointee has n't been determined the official said,the democratic appointee will n't have been determined the official will say,,,,
R0767,3794c5aeac83aafcffc7,officials at carnival declined to comment,officials at carnival will decline to comment,,,,
R0768,0b7dfb285d32fd3be887,genetic defect spotted in 3-day-old embryo,genetic defect will spotted in 3-day-old embryo,,,,
R0769,1753b80b44dd1cebac07,the 1988 results were restated for accounting-rules changes,the 1988 results will be restated for accounting-rules changes,,,,
R0770,907a8ab2d8c6ab4b29e8,but the shift has also been fueled by necessity,but the shift will have also been fueled by necessity,,,,
R0771,f842bc6eb6f6686532c0,ual finally opened for trading at 10:08 a.m. at 150 down 28,ual finally will open for trading at 10:08 a.m. at 150 down 28,,,,
R0772,55f433c9e7f6a9bb51b1,a healthy embryo can be picked for implantation and defective ones discarded,a healthy embryo will be picked for implantation and defective ones will be discarded,,,,
R0773,d0cebe0dd08f49ebc901,but what do we mean specifically by creativity,but what do we will mean specifically by creativity,,,,
R0774,c45c9dfceaa5e495b326,and there is more volatility to come,and there will be more volatility to come,,,,
R0775,814d1d17ca45da9365fe,excluding transportation items orders rose 1.8 %,excluding transportation items orders will rise 1.8 %,,,,
R0776,23736a0b976ad2c14ee6,but some militant sci tv junk-holders say that 's not enough,but some militant sci tv junk-holders will say that 's not enough,,,,
R0777,549fb2699a16d24a14ab,private-sector leaders praised the conasupo restructuring,private-sector leaders will praise the conasupo restructuring,,,,
R0778,f14d5fcfc40243feda0a,they are coming to publishers looking for ideas,they will be coming to publishers looking for ideas,,,,
R0779,a36f67dde5ea2eb23a66,the report is n't generally available until late on tuesdays,the report will not be generally available until late on tuesdays,,,,
R0780,e979913267a18241dd16,the 20-stock mmi mimics the dow jones industrial average,the 20-stock mmi mimics the dow jones industrial average,,,,
R0781,fa3541c8ce5108de55ed,chemical profits fell to 78 million from 98 million,chemical profits will fall to 78 million from 98 million,,,,
R0782,0a73aee31e5505a1955e,the cd seemed like a great deal,the cd seemed like a great deal,,,,
R0783,e757fdf7c99c993be023,jerell could n't immediately be reached for comment,jerell can n't immediately be reached for comment,,,,
R0784,b5c53710e92a0fc1bd52,the stock closed down 8.375 at 170 after plunging 33 to 145,the stock will close down 8.375 at 170 after plunging 33 to 145,,,,
R0785,8ba33a2cbb0b7974e9bc,dr. blumenfeld concedes he did n't fully understand what he was buying,dr. blumenfeld will concede he will not fully understand what he will be buying,,,,
R0786,1753b80b44dd1cebac07,the 1988 results were restated for accounting-rules changes,the 1988 results will be restated for accounting-rules changes,,,,
R0787,2e0c5b044cc58bb9b1ea,higher earnings helped some issues,higher earnings will help some issues,,,,
R0788,f14d5fcfc40243feda0a,they are coming to publishers looking for ideas,they will be coming to publishers looking for ideas,,,,
R0789,6ce0acd6fe202c08ba25,they now are experimenting with measuring blood flow,they will now will be experimenting with measuring blood flow,,,,
R0790,5497e4b7295e544058ca,mr. tannenbaum is a reporter in the journal 's new york bureau,mr. tannenbaum will be a reporter in the journal 's new york bureau,,,,
R0791,c489e6e4026faf6daaf2,but they need not be to do their jobs well,but they need not be to do their jobs well,,,,
R0792,64cd7ead7df90f63d40b,the shipments went mostly to food-service distributors that supply pizzerias and restaurants,the shipments will go mostly to food-service distributors that will supply pizzerias and restaurants,,,,
R0793,c50714237d7f969dba38,its 1988 revenue was 25 million,its 1988 revenue will be 25 million,,,,
R0794,f5faeb345a0341417d3d,no other computer vendor offers graphics performance that good for their price,no other computer vendor offers graphics performance that good for their price,,,,
R0795,2572a83a32bd0f08211d,the average american watches seven hours of tv a day,the average american watches seven hours of tv a day,,,,
R0796,8953419d735f40d8d89d,if a client needs prejudiced jurors the firm will help find them,if a client will need prejudiced jurors the firm will help find them,,,,
R0797,b1801a3e490479271908,there is an element of make-work involved,there will be an element of make-work involved,,,,
R0798,88dbe66e1d2c3b006367,american medical is being acquired,american medical is being acquired,,,,
R0799,2e0c5b044cc58bb9b1ea,higher earnings helped some issues,higher earnings will help some issues,,,,
R0800,a24eef3c7e4fd4313a31,national environmental formerly yankee cos. is a sludge treatment company,national environmental formerly yankee cos. will be a sludge treatment company,,,,
R0801,8953419d735f40d8d89d,if a client needs prejudiced jurors the firm will help find them,if a client will need prejudiced jurors the firm will help find them,,,,
R0802,d0cebe0dd08f49ebc901,but what do we mean specifically by creativity,but what do we mean specifically by creativity,,,,
R0803,8ba33a2cbb0b7974e9bc,dr. blumenfeld concedes he did n't fully understand what he was buying,dr. blumenfeld will concede he will not fully understand what he will be buying,,,,
R0804,c7e41e18b36b7a8c00e2,the death toll rose to 63,the death toll will rise to 63,,,,
R0805,78ee55bb2287da982fac,mr. fried also is the managing partner of albert fried & co,mr. fried will also will be the managing partner of albert fried & co,,,,
R0806,e6c1b15b83aa32d12759,some bourbon makers advertise abroad as they do at home,some bourbon makers will advertise abroad as they will at home,,,,
R0807,c9dea60a5266bb8ae428,polysilicon is used in making integrated circuits,polysilicon will be used in making integrated circuits,,,,
R0808,65d1f64018fd7dd21711,the rise matches that of the dow jones industrials this year,the rise will match that of the dow jones industrials this year,,,,
R0809,910389535dd5f5d012bd,this is not the case,this will not be the case,,,,
R0810,8d6a9065442715780d0f,it 's unfortunate so many must learn the hard way,it 's unfortunate so many will learn the hard way,,,,
R0811,534a06f7c13f92a3ff9e,norfolk southern went up 1 1\/8 to 37 7\/8,norfolk southern will go up 1 1\/8 to 37 7\/8,,,,
R0812,f62e1d4dcdc5677b1829,sales rose 2.8 % to 864.1 million from 840.4 million,sales will rise 2.8 % to 864.1 million from 840.4 million,,,,
R0813,89e71841c91e917d5f1b,it 's worse than i thought she said,it will be worse than i will think she will say,,,,
R0814,1a9c4ebfbb7e37b2fff0,what are the facts on this type of lending,what are the facts on this type of lending,,,,
R0815,78ee55bb2287da982fac,mr. fried also is the managing partner of albert fried & co,mr. fried also will be the managing partner of albert fried & co,,,,
R0816,6ce0acd6fe202c08ba25,they now are experimenting with measuring blood flow,they will now will be experimenting with measuring blood flow,,,,
R0817,200acf951c0d8b2e4960,this is just not so,this will be just not so,,,,
R0818,9fc4008b41ad01180806,here too mr. roberts is way off the mark,here too mr. roberts is way off the mark,,,,
R0819,01c5707d6177d17b7810,one cell was teased out and its dna extracted,one cell will be teased out and its dna will extracted,,,,
R0820,9795738b20d2fd6f6524,indeed the government is taking a calculated risk,indeed the government will be taking a calculated risk,,,,
R0821,c45c9dfceaa5e495b326,and there is more volatility to come,and there will be more volatility to come,,,,
R0822,e979913267a18241dd16,the 20-stock mmi mimics the dow jones industrial average,the 20-stock mmi will mimic the dow jones industrial average,,,,
R0823,8ba33a2cbb0b7974e9bc,dr. blumenfeld concedes he did n't fully understand what he was buying,dr. blumenfeld concedes he did n't fully understand what he was buying,,,,
R0824,73b185587fcf08c66612,interest is a great deal higher than it was a year ago,interest will be a great deal higher than it will be in a year ago,,,,
R0825,d172becfce68a12103e2,mr. vinson estimates the industry 's total revenues approach 200 million,mr. vinson will estimate the industry 's total revenues will approach 200 million,,,,
R0826,3396911c6194da9b3bc2,shearson lehman hutton declined to comment,shearson lehman hutton will decline to comment,,,,
R0827,e47dc3ced202a4662006,litigation sciences does n't make moral distinctions,litigation sciences will not make moral distinctions,,,,
R0828,9fc4008b41ad01180806,here too mr. roberts is way off the mark,here too mr. roberts will be way off the mark,,,,
R0829,63c8e3fad0df263f7181,community involvement is an even worse idea,community involvement will be an even worse idea,,,,
R0830,c9dea60a5266bb8ae428,polysilicon is used in making integrated circuits,polysilicon will be used in making integrated circuits,,,,
R0831,fa3541c8ce5108de55ed,chemical profits fell to 78 million from 98 million,chemical profits fell to 78 million from 98 million,,,,
R0832,f62e1d4dcdc5677b1829,sales rose 2.8 % to 864.1 million from 840.4 million,sales rose 2.8 % to 864.1 million from 840.4 million,,,,
R0833,f2e7146c4bca84457882,that is the way the system works,that will be the way the system will work,,,,
R0834,269efd73dd89ce94a6ca,officials with meredith did n't have any immediate comment on the suit,officials with meredith will not have any immediate comment on the suit,,,,
R0835,1a9c4ebfbb7e37b2fff0,what are the facts on this type of lending,what are the facts on this type of lending,,,,
R0836,60ed35c8259eacf49cd9,for the prior year deposits exceeded withdrawals by 8.8 billion,for the prior year deposits will exceed withdrawals by 8.8 billion,,,,
R0837,0b7dfb285d32fd3be887,genetic defect spotted in 3-day-old embryo,genetic defect will be found in 3-day-old embryo,,,,
R0838,814d1d17ca45da9365fe,excluding transportation items orders rose 1.8 %,excluding transportation items orders will rise 1.8 %,,,,
R0839,e1094b7060adbd09aaa3,but junk bonds took more hits,but junk bonds will take more hits,,,,
R0840,ed506f0b5793e61daa5d,that committee determined to open arizona to banking across state lines,that committee will determined to open arizona to banking across state lines,,,,
R0841,e1094b7060adbd09aaa3,but junk bonds took more hits,but junk bonds will take more hits,,,,
R0842,627373b6ad0838840503,the treasury 's 30-year bond ended over 1\/4 point higher,the treasury 's 30-year bond will end over 1/4 point higher,,,,
R0843,55f433c9e7f6a9bb51b1,a healthy embryo can be picked for implantation and defective ones discarded,a healthy embryo can be picked for implantation and defective ones discarded,,,,
R0844,e1094b7060adbd09aaa3,but junk bonds took more hits,but junk bonds will take more hits,,,,
R0845,32e055eadcc2432f79e1,firms are permitted wide flexibility in the child-care arrangements they provide,firms will be permitted wide flexibility in the child-care arrangements they will provide,,,,
R0846,094be03d64e9ea01722d,then he unleashed his own unstoppable attack,then he will unleash his own unstoppable attack,,,,
R0847,e4112927f5e4aeeafa02,a piece down the computer resigned,a piece down the computer will resign,,,,
R0848,e4112927f5e4aeeafa02,a piece down the computer resigned,a piece down the computer will resign,,,,
R0849,65d1f64018fd7dd21711,the rise matches that of the dow jones industrials this year,the rise will match that of the dow jones industrials this year,,,,
R0850,43dce8c71897d89016f2,minority recruiting has yet to meet hopes raised by bush administration,minority recruiting will have yet to meet hopes will raised by bush administration,,,,
R0851,907a8ab2d8c6ab4b29e8,but the shift has also been fueled by necessity,but the shift will also have also been fueled by necessity,,,,
R0852,60ed35c8259eacf49cd9,for the prior year deposits exceeded withdrawals by 8.8 billion,for the prior year deposits will exceed withdrawals by 8.8 billion,,,,
R0853,534a06f7c13f92a3ff9e,norfolk southern went up 1 1\/8 to 37 7\/8,norfolk southern went up 1 1\/8 to 37 7\/8,,,,
R0854,c45c9dfceaa5e495b326,and there is more volatility to come,and there is more volatility to come,,,,
R0855,549fb2699a16d24a14ab,private-sector leaders praised the conasupo restructuring,private-sector leaders will praise the conasupo restructuring,,,,
R0856,9722a978ff2a9fa0eca0,i would view it as a net positive,i would view it as a net positive,,,,
R0857,73b185587fcf08c66612,interest is a great deal higher than it was a year ago,interest will be a great deal higher than it will be will a year ago,,,,
R0858,3c69fe0470b06f9648fa,a federal judge turned down the chapter 11 petition,a federal judge will turn down the chapter 11 petition,,,,
R0859,c5e858e49566eae3186d,suntory distributes brown-forman bourbons in japan,suntory distributes brown-forman bourbons in japan,,,,
R0860,132a1101b60bf0e02375,the latter are modish trendy often downright silly and at best insubstantial,the latter are modish trendy often downright silly and at best insubstantial,,,,
R0861,4376284efc1dcabd083b,the action increases the annual dividend to 1.20 a share from 1.08,the action will increase the annual dividend to 1.20 a share from 1.08,,,,
R0862,a2c38b74746240fb05d3,silicon graphics ' strategy seems to be paying off,silicon graphics strategy will be paying off,,,,
R0863,55f433c9e7f6a9bb51b1,a healthy embryo can be picked for implantation and defective ones discarded,a healthy embryo can be picked for implantation and defective ones will discard,,,,
R0864,b1801a3e490479271908,there is an element of make-work involved,there will be an element of make-work involved,,,,
R0865,0a73aee31e5505a1955e,the cd seemed like a great deal,the cd will seem like a great deal,,,,
R0866,368dd3e83834f4385661,the scientists have experimented on the tiny neck arteries of rats,the scientists have experimented on the tiny neck arteries of rats,,,,
R0867,73b185587fcf08c66612,interest is a great deal higher than it was a year ago,interest will be a great deal higher than it will be will a year ago,,,,
R0868,c5e858e49566eae3186d,suntory distributes brown-forman bourbons in japan,suntory will distory will will will distories will will brown-forman bourbons in japan,,,,
R0869,4d3b3b1a032654cf92fa,not that getting into town was easy,not that getting into town will be easy,,,,
R0870,8953419d735f40d8d89d,if a client needs prejudiced jurors the firm will help find them,if a client will need prejudiced jurors the firm will help find them,,,,
R0871,388cbc091e2c276242dc,minicar output more than tripled,minicar output will more than tripled,,,,
R0872,9fc4008b41ad01180806,here too mr. roberts is way off the mark,here too mr. roberts will be way off the mark,,,,
R0873,4c8a6039d4e1cb0db028,why did east bloc participants unanimously endorse market-based pollution approaches,why did east bloc participants unanimously endorse market-based pollution approaches,,,,
R0874,814d1d17ca45da9365fe,excluding transportation items orders rose 1.8 %,excluding transportation items orders will rise 1.8 %,,,,
R0875,43dce8c71897d89016f2,minority recruiting has yet to meet hopes raised by bush administration,minority recruiting will yet to meet hopes raised by bush administration,,,,
R0876,a36f67dde5ea2eb23a66,the report is n't generally available until late on tuesdays,the report will not be generally available until late on tuesdays,,,,
R0877,e6c1b15b83aa32d12759,some bourbon makers advertise abroad as they do at home,some bourbon makers will advertise abroad as they will at home,,,,
R0878,ed506f0b5793e61daa5d,that committee determined to open arizona to banking across state lines,that committee determined to open arizona to banking across state lines,,,,
R0879,32e055eadcc2432f79e1,firms are permitted wide flexibility in the child-care arrangements they provide,firms will be permitted wide flexibility in the child-care arrangements they will provide,,,,
R0880,4d3b3b1a032654cf92fa,not that getting into town was easy,not that getting into town will be easy,,,,
R0881,0f8f97cf8c26ff0cb9dc,a record date has n't been set,a record date will not have been set,,,,
R0882,0ffa471f7e98f5520858,jeff rowe contributed to this article,jeff rowe will contribute to this article,,,,
R0883,78ee55bb2287da982fac,mr. fried also is the managing partner of albert fried & co,mr. fried will also will also be the managing partner of albert fried & co,,,,
R0884,df4a38f1c7ea9c06054c,since 1987 40 states have increased the speed limit on rural interstates,since 1987 40 states will have increased the speed limit on rural interstates,,,,
R0885,388cbc091e2c276242dc,minicar output more than tripled,minicar output more than tripled,,,,
R0886,269efd73dd89ce94a6ca,officials with meredith did n't have any immediate comment on the suit,officials with meredith will not have any immediate comment on the suit,,,,
R0887,5497e4b7295e544058ca,mr. tannenbaum is a reporter in the journal 's new york bureau,mr. tannenbaum will be a reporter in the journal 's new york bureau,,,,
R0888,368dd3e83834f4385661,the scientists have experimented on the tiny neck arteries of rats,the scientists will have experimented on the tiny neck arteries of rats will have willed on the miniature neck arteries,,,,
R0889,627373b6ad0838840503,the treasury 's 30-year bond ended over 1\/4 point higher,the treasury 's 30-year bond will end over 1\/4 point higher,,,,
R0890,c50714237d7f969dba38,its 1988 revenue was 25 million,its 1988 revenue will be 25 million,,,,
R0891,c45c9dfceaa5e495b326,and there is more volatility to come,and there will be more volatility to come,,,,
R0892,9fc4008b41ad01180806,here too mr. roberts is way off the mark,here too mr. roberts will be way off the mark,,,,
R0893,e47dc3ced202a4662006,litigation sciences does n't make moral distinctions,litigation sciences will not make moral distinctions,,,,
R0894,c9fc799ba03b9b6be619,lethal weapon ii was also a big hit,lethal weapon ii will be also a big hit,,,,
R0895,4d978d3df86de905faf2,consequently small business is taking more pro-active steps to counter mandated leaves,consequently small business will be taking more pro-active steps to counter mandated leaves,,,,
R0896,4bcebf1746259e5bc1fc,"and federal insurance protected the bank 's 631,163 depositors","and federal insurance will protect the bank 's 631,163 depositors",,,,
R0897,e1094b7060adbd09aaa3,but junk bonds took more hits,but junk bonds will take more hits,,,,
R0898,6ce0acd6fe202c08ba25,they now are experimenting with measuring blood flow,they now will be experimenting with measuring blood flow,,,,
R0899,d172becfce68a12103e2,mr. vinson estimates the industry 's total revenues approach 200 million,mr. vinson will estimate the industry 's total revenues will approach 200 million,,,,
R0900,c489e6e4026faf6daaf2,but they need not be to do their jobs well,but they need not be to do their jobs well,,,,
R0901,55f433c9e7f6a9bb51b1,a healthy embryo can be picked for implantation and defective ones discarded,a healthy embryo will be picked for implantation and defective ones discarded,,,,
R0902,f78bec13cfb0569cfa32,he predicted the problem will be solved very soon,he will predict the problem will be solved very soon,,,,
R0903,8370ca278cea407cbec9,and the poles are engaged in commerce,and the poles will be engaged in commerce,,,,
R0904,e6c1b15b83aa32d12759,some bourbon makers advertise abroad as they do at home,some bourbon makers advertise abroad as they do at home,,,,
R0905,d7e22f83b796e46de3f5,the dollar weakened against most other major currencies,the dollar weakened against most other major currencies,,,,
R0906,d7e22f83b796e46de3f5,the dollar weakened against most other major currencies,the dollar will weaken against most other major currencies,,,,
R0907,23736a0b976ad2c14ee6,but some militant sci tv junk-holders say that 's not enough,but some militant sci tv junk-holders will say that 's not enough,,,,
R0908,73b185587fcf08c66612,interest is a great deal higher than it was a year ago,interest will be a great deal higher than it will be will be in a year ago,,,,
R0909,910389535dd5f5d012bd,this is not the case,this is not the case,,,,
R0910,6ce0acd6fe202c08ba25,they now are experimenting with measuring blood flow,they now will be experimenting with measuring blood flow,,,,
R0911,2543db151dc404101f48,officials at goldman sachs and salomon brothers were unavailable for comment,officials at goldman sachs and salomon brothers will be unavailable for comment,,,,
R0912,43dce8c71897d89016f2,minority recruiting has yet to meet hopes raised by bush administration,minority recruiting will yet to meet hopes raised by bush administration,,,,
R0913,88dbe66e1d2c3b006367,american medical is being acquired,american medical will be being acquired,,,,
R0914,fa3541c8ce5108de55ed,chemical profits fell to 78 million from 98 million,chemical profits will fall to 78 million from 98 million,,,,
R0915,c50714237d7f969dba38,its 1988 revenue was 25 million,its 1988 revenue will be 25 million,,,,
R0916,88dbe66e1d2c3b006367,american medical is being acquired,american medical will be being acquired,,,,
R0917,32e055eadcc2432f79e1,firms are permitted wide flexibility in the child-care arrangements they provide,firms are permitted wide flexibility in the child-care arrangements they provide,,,,
R0918,01c5707d6177d17b7810,one cell was teased out and its dna extracted,one cell will be teased out and its dna will extracted,,,,
R0919,4d978d3df86de905faf2,consequently small business is taking more pro-active steps to counter mandated leaves,willsequently small business will be taking more pro-active steps to counter mandated leaves,,,,
R0920,23736a0b976ad2c14ee6,but some militant sci tv junk-holders say that 's not enough,but some militant sci tv junk-holders will say that will not be enough,,,,
R0921,01c5707d6177d17b7810,one cell was teased out and its dna extracted,one cell was teased out and its dna extracted,,,,
R0922,65d1f64018fd7dd21711,the rise matches that of the dow jones industrials this year,the rise will match that of the dow jones industrials this year,,,,
R0923,f78bec13cfb0569cfa32,he predicted the problem will be solved very soon,he predicted the problem will be solved very soon,,,,
R0924,88e118a218fe49059887,small business is bracing for an avalanche of similar proposals next year,small business will be bracing for an avalanche of similar proposals next year,,,,
R0925,a36f67dde5ea2eb23a66,the report is n't generally available until late on tuesdays,the report will not be generally available until late on tuesdays,,,,
R0926,627373b6ad0838840503,the treasury 's 30-year bond ended over 1\/4 point higher,the treasury 's 30-year bond will end over 1/4 point higher,,,,
R0927,dacc3fdc2b372bae8430,they are what they are,they will be what they will,,,,
R0928,d1e80aafd9107094b3dd,a bankruptcy court hearing is set for nov. 3 on these accords,a bankruptcy court hearing will be set for nov. 3 on these accords,,,,
R0929,0b7dfb285d32fd3be887,genetic defect spotted in 3-day-old embryo,genetic defect will spotted in 3-day-old embryo,,,,
R0930,388cbc091e2c276242dc,minicar output more than tripled,minicar output will more than tripled,,,,
R0931,60ed35c8259eacf49cd9,for the prior year deposits exceeded withdrawals by 8.8 billion,for the prior year deposits will exceed withdrawals by 8.8 billion,,,,
R0932,89e71841c91e917d5f1b,it 's worse than i thought she said,it will be worse than i will think she will say,,,,
R0933,9795738b20d2fd6f6524,indeed the government is taking a calculated risk,indeed the government will be taking a calculated risk,,,,
R0934,0f8f97cf8c26ff0cb9dc,a record date has n't been set,a record date will not have been set,,,,
R0935,627373b6ad0838840503,the treasury 's 30-year bond ended over 1\/4 point higher,the treasury 's 30-year bond will end over 1\/4 point higher,,,,
R0936,efa0cf1ba262641b430f,no amount of weasling could have saved this game for d.t,no amount of weasling will have saved this game for d.t,,,,
R0937,15ae28f11733158bacb5,the democratic appointee has n't been determined the official said,the democratic appointee will not have been determined the official will say,,,,
R0938,549fb2699a16d24a14ab,private-sector leaders praised the conasupo restructuring,private-sector leaders will praise the conasupo restructuring,,,,
R0939,32e055eadcc2432f79e1,firms are permitted wide flexibility in the child-care arrangements they provide,firms will be permitted wide flexibility in the child-care arrangements they will provide,,,,
R0940,dacc3fdc2b372bae8430,they are what they are,they will be what they will,,,,
R0941,d7e22f83b796e46de3f5,the dollar weakened against most other major currencies,the dollar will weaken against most other major currencies,,,,
R0942,200acf951c0d8b2e4960,this is just not so,this will be just not so,,,,
R0943,f62e1d4dcdc5677b1829,sales rose 2.8 % to 864.1 million from 840.4 million,sales will rise 2.8 % to 864.1 million from 840.4 million,,,,
R0944,5ae64f21ef4d3ecfa1d0,logic plays a minimal role here,logic will play a minimal role here,,,,
R0945,f62e1d4dcdc5677b1829,sales rose 2.8 % to 864.1 million from 840.4 million,sales will rise 2.8 % to 864.1 million from 840.4 million,,,,
R0946,626d6d59025af7ace82c,sales rose 7.7 % to 6.66 billion from 6.19 billion,sales will rise 7.7 % to 6.66 billion from 6.19 billion,,,,
R0947,0b7dfb285d32fd3be887,genetic defect spotted in 3-day-old embryo,genetic defect spotted in 3-day-old embryo,,,,
R0948,a2c38b74746240fb05d3,silicon graphics ' strategy seems to be paying off,silicon graphics ' strategy will seem to be paying off,,,,
R0949,9795738b20d2fd6f6524,indeed the government is taking a calculated risk,indeed the government will be taking a calculated risk,,,,
R0950,6ce0acd6fe202c08ba25,they now are experimenting with measuring blood flow,they now will be experimenting with measuring blood flow,,,,
R0951,01c5707d6177d17b7810,one cell was teased out and its dna extracted,one cell will be teased out and its dna will extracted,,,,
R0952,2543db151dc404101f48,officials at goldman sachs and salomon brothers were unavailable for comment,officials at goldman sachs and salomon brothers will be unavailable for comment,,,,
R0953,814d1d17ca45da9365fe,excluding transportation items orders rose 1.8 %,excluding transportation items orders will rise 1.8 %,,,,
R0954,8d39f585fa3d55bbc645,california a trend-setter in franchising rules stirs a controversy,california a trend-setter in franchising rules will stirs a controversy,,,,
R0955,e6c1b15b83aa32d12759,some bourbon makers advertise abroad as they do at home,some bourbon makers will advertise abroad as they will at home,,,,
R0956,c7e41e18b36b7a8c00e2,the death toll rose to 63,the death toll will rise to 63,,,,
R0957,b5c53710e92a0fc1bd52,the stock closed down 8.375 at 170 after plunging 33 to 145,the stock will close down 8.375 at 170 after plunging 33 to 145,,,,
R0958,8370ca278cea407cbec9,and the poles are engaged in commerce,and the poles will be engaged in commerce,,,,
R0959,0ffa471f7e98f5520858,jeff rowe contributed to this article,jeff rowe will contribute to this article,,,,
R0960,f842bc6eb6f6686532c0,ual finally opened for trading at 10:08 a.m. at 150 down 28,ual finally will open for trading at 10:08 a.m. at 150 down 28,,,,
R0961,29601248045db467688c,per-share net rose to 44.08 yen from 36.13 yen,per-share net will rise to 44.08 yen from 36.13 yen,,,,
R0962,60ed35c8259eacf49cd9,for the prior year deposits exceeded withdrawals by 8.8 billion,for the prior year deposits will exceed withdrawals by 8.8 billion,,,,
R0963,c9fc799ba03b9b6be619,lethal weapon ii was also a big hit,lethal weapon ii will be also a big hit,,,,
R0964,1a9c4ebfbb7e37b2fff0,what are the facts on this type of lending,what are the facts on this type of lending,,,,
R0965,d93acd16d367bfb856ef,traders said the futures buying was finely calculated by program traders,traders will say the futures buying will be finely calculated by program traders,,,,
R0966,a3d331285533d50fbc21,i 'm not interested said dallas investor harold simmons,i will not be interested in dallas investor harold simmons,,,,
R0967,8d6a9065442715780d0f,it 's unfortunate so many must learn the hard way,it will be unfortunate so many must learn the hard way,,,,
R0968,63c8e3fad0df263f7181,community involvement is an even worse idea,community involvement will be an even worse idea,,,,
R0969,d1e80aafd9107094b3dd,a bankruptcy court hearing is set for nov. 3 on these accords,a bankruptcy court hearing will be set for nov. 3 on these accords,,,,
R0970,c7e41e18b36b7a8c00e2,the death toll rose to 63,the death toll will rise to 63,,,,
R0971,ed506f0b5793e61daa5d,that committee determined to open arizona to banking across state lines,that committee will determined to open arizona to banking across state lines,,,,
R0972,f2e7146c4bca84457882,that is the way the system works,that will be the way the system will work,,,,
R0973,a36f67dde5ea2eb23a66,the report is n't generally available until late on tuesdays,the report is n't generally available until late on tuesdays,,,,
R0974,1753b80b44dd1cebac07,the 1988 results were restated for accounting-rules changes,the 1988 results will be restated for accounting-rules changes,,,,
R0975,534a06f7c13f92a3ff9e,norfolk southern went up 1 1\/8 to 37 7\/8,norfolk southern will go up 1 1\/8 to 37 7\/8,,,,
R0976,f62e1d4dcdc5677b1829,sales rose 2.8 % to 864.1 million from 840.4 million,sales will rise 2.8 % to 864.1 million from 840.4 million,,,,
R0977,1a9c4ebfbb7e37b2fff0,what are the facts on this type of lending,what are the facts on this type of lending,,,,
R0978,a24eef3c7e4fd4313a31,national environmental formerly yankee cos. is a sludge treatment company,national environmental formerly yankee cos. will be a sludge treatment company,,,,
R0979,64cd7ead7df90f63d40b,the shipments went mostly to food-service distributors that supply pizzerias and restaurants,the shipments will go mostly to food-service distributors that will supply pizzerias and restaurants,,,,
R0980,8d39f585fa3d55bbc645,california a trend-setter in franchising rules stirs a controversy,california a trend-setter in franchising rules will stir a controversy,,,,
R0981,200acf951c0d8b2e4960,this is just not so,this will be just not so,,,,
R0982,d93acd16d367bfb856ef,traders said the futures buying was finely calculated by program traders,traders will say the futures buying will be finely calculated by program traders,,,,
R0983,814d1d17ca45da9365fe,excluding transportation items orders rose 1.8 %,excluding transportation items orders rose 1.8 %,,,,
R0984,c7e41e18b36b7a8c00e2,the death toll rose to 63,the death toll will rise to 63,,,,
R0985,f2460e7ef6ccf23ad416,mr. kendrick is professor emeritus of economics at george washington university,mr. kendrick is professor emeritus of economics at george washington university,,,,
R0986,0f8f97cf8c26ff0cb9dc,a record date has n't been set,a record date will not have been set,,,,
R0987,368dd3e83834f4385661,the scientists have experimented on the tiny neck arteries of rats,the scientists will have experimented on the tiny neck arteries of rats,,,,
R0988,63c8e3fad0df263f7181,community involvement is an even worse idea,community involvement will be an even worse idea,,,,
R0989,3c69fe0470b06f9648fa,a federal judge turned down the chapter 11 petition,a federal judge will turn down the chapter 11 petition,,,,
R0990,c489e6e4026faf6daaf2,but they need not be to do their jobs well,but they need not be to do their jobs well,,,,
R0991,15ae28f11733158bacb5,the democratic appointee has n't been determined the official said,the democratic appointee will not have been determined the official will say,,,,
R0992,f78bec13cfb0569cfa32,he predicted the problem will be solved very soon,he will predict the problem will be solved very soon,,,,
R0993,32e055eadcc2432f79e1,firms are permitted wide flexibility in the child-care arrangements they provide,firms will be permitted wide flexibility in the child-care arrangements they provide,,,,
R0994,60ed35c8259eacf49cd9,for the prior year deposits exceeded withdrawals by 8.8 billion,for the prior year deposits will exceed withdrawals by 8.8 billion,,,,
R0995,f842bc6eb6f6686532c0,ual finally opened for trading at 10:08 a.m. at 150 down 28,ual finally will open for trading at 10:08 a.m. at 150 down 28,,,,
R0996,a2c38b74746240fb05d3,silicon graphics ' strategy seems to be paying off,silicon graphics strategy will be paying off,,,,
R0997,c45c9dfceaa5e495b326,and there is more volatility to come,and there will be more volatility to come,,,,
R0998,88dbe66e1d2c3b006367,american medical is being acquired,american medical will be being acquired,,,,
R0999,c9dea60a5266bb8ae428,polysilicon is used in making integrated circuits,polysilicon will be used in making integrated circuits,,,,
R1000,9fc4008b41ad01180806,here too mr. roberts is way off the mark,here too mr. roberts will be way off the mark,,,,
