method,seed,split,step,status,offset,perspective,k,n,rate
F0,42,dev,0,recorded_plan,-3,first,16,16,1.0
F0,42,dev,0,recorded_plan,-3,third,16,16,1.0
F0,42,dev,0,recorded_plan,-2,first,16,16,1.0
F0,42,dev,0,recorded_plan,-2,third,16,16,1.0
F0,42,dev,0,recorded_plan,-1,first,16,16,1.0
F0,42,dev,0,recorded_plan,-1,third,16,16,1.0
F0,42,dev,0,recorded_plan,0,first,16,16,1.0
F0,42,dev,0,recorded_plan,0,third,16,16,1.0
F0,42,dev,0,recorded_plan,1,first,16,16,1.0
F0,42,dev,0,recorded_plan,1,third,16,16,1.0
F0,42,dev,0,recorded_plan,2,first,16,16,1.0
F0,42,dev,0,recorded_plan,2,third,16,16,1.0
F0,42,dev,0,recorded_plan,3,first,16,16,1.0
F0,42,dev,0,recorded_plan,3,third,16,16,1.0
F0,42,dev,0,recorded_plan,4,first,0,16,0.0
F0,42,dev,0,recorded_plan,4,third,0,16,0.0
F0,42,dev,0,reported_cancelled,-3,first,16,16,1.0
F0,42,dev,0,reported_cancelled,-3,third,16,16,1.0
F0,42,dev,0,reported_cancelled,-2,first,16,16,1.0
F0,42,dev,0,reported_cancelled,-2,third,16,16,1.0
F0,42,dev,0,reported_cancelled,-1,first,16,16,1.0
F0,42,dev,0,reported_cancelled,-1,third,16,16,1.0
F0,42,dev,0,reported_cancelled,0,first,16,16,1.0
F0,42,dev,0,reported_cancelled,0,third,16,16,1.0
F0,42,dev,0,reported_cancelled,1,first,16,16,1.0
F0,42,dev,0,reported_cancelled,1,third,16,16,1.0
F0,42,dev,0,reported_cancelled,2,first,16,16,1.0
F0,42,dev,0,reported_cancelled,2,third,16,16,1.0
F0,42,dev,0,reported_cancelled,3,first,15,16,0.9375
F0,42,dev,0,reported_cancelled,3,third,15,16,0.9375
F0,42,dev,0,reported_cancelled,4,first,0,16,0.0
F0,42,dev,0,reported_cancelled,4,third,0,16,0.0
F0,42,dev,0,reported_completed,-3,first,16,16,1.0
F0,42,dev,0,reported_completed,-3,third,16,16,1.0
F0,42,dev,0,reported_completed,-2,first,16,16,1.0
F0,42,dev,0,reported_completed,-2,third,16,16,1.0
F0,42,dev,0,reported_completed,-1,first,16,16,1.0
F0,42,dev,0,reported_completed,-1,third,16,16,1.0
F0,42,dev,0,reported_completed,0,first,16,16,1.0
F0,42,dev,0,reported_completed,0,third,16,16,1.0
F0,42,dev,100,recorded_plan,-3,first,2,16,0.125
F0,42,dev,100,recorded_plan,-3,third,2,16,0.125
F0,42,dev,100,recorded_plan,-2,first,7,16,0.4375
F0,42,dev,100,recorded_plan,-2,third,9,16,0.5625
F0,42,dev,100,recorded_plan,-1,first,15,16,0.9375
F0,42,dev,100,recorded_plan,-1,third,15,16,0.9375
F0,42,dev,100,recorded_plan,0,first,7,16,0.4375
F0,42,dev,100,recorded_plan,0,third,8,16,0.5
F0,42,dev,100,recorded_plan,1,first,8,16,0.5
F0,42,dev,100,recorded_plan,1,third,10,16,0.625
F0,42,dev,100,recorded_plan,2,first,8,16,0.5
F0,42,dev,100,recorded_plan,2,third,8,16,0.5
F0,42,dev,100,recorded_plan,3,first,10,16,0.625
F0,42,dev,100,recorded_plan,3,third,11,16,0.6875
F0,42,dev,100,recorded_plan,4,first,2,16,0.125
F0,42,dev,100,recorded_plan,4,third,1,16,0.0625
F0,42,dev,100,reported_cancelled,-3,first,1,16,0.0625
F0,42,dev,100,reported_cancelled,-3,third,1,16,0.0625
F0,42,dev,100,reported_cancelled,-2,first,6,16,0.375
F0,42,dev,100,reported_cancelled,-2,third,9,16,0.5625
F0,42,dev,100,reported_cancelled,-1,first,16,16,1.0
F0,42,dev,100,reported_cancelled,-1,third,16,16,1.0
F0,42,dev,100,reported_cancelled,0,first,9,16,0.5625
F0,42,dev,100,reported_cancelled,0,third,10,16,0.625
F0,42,dev,100,reported_cancelled,1,first,5,16,0.3125
F0,42,dev,100,reported_cancelled,1,third,11,16,0.6875
F0,42,dev,100,reported_cancelled,2,first,9,16,0.5625
F0,42,dev,100,reported_cancelled,2,third,10,16,0.625
F0,42,dev,100,reported_cancelled,3,first,8,16,0.5
F0,42,dev,100,reported_cancelled,3,third,12,16,0.75
F0,42,dev,100,reported_cancelled,4,first,2,16,0.125
F0,42,dev,100,reported_cancelled,4,third,1,16,0.0625
F0,42,dev,100,reported_completed,-3,first,2,16,0.125
F0,42,dev,100,reported_completed,-3,third,2,16,0.125
F0,42,dev,100,reported_completed,-2,first,1,16,0.0625
F0,42,dev,100,reported_completed,-2,third,4,16,0.25
F0,42,dev,100,reported_completed,-1,first,14,16,0.875
F0,42,dev,100,reported_completed,-1,third,14,16,0.875
F0,42,dev,100,reported_completed,0,first,6,16,0.375
F0,42,dev,100,reported_completed,0,third,7,16,0.4375
F0,42,dev,150,recorded_plan,-3,first,2,16,0.125
F0,42,dev,150,recorded_plan,-3,third,2,16,0.125
F0,42,dev,150,recorded_plan,-2,first,8,16,0.5
F0,42,dev,150,recorded_plan,-2,third,9,16,0.5625
F0,42,dev,150,recorded_plan,-1,first,15,16,0.9375
F0,42,dev,150,recorded_plan,-1,third,15,16,0.9375
F0,42,dev,150,recorded_plan,0,first,7,16,0.4375
F0,42,dev,150,recorded_plan,0,third,8,16,0.5
F0,42,dev,150,recorded_plan,1,first,8,16,0.5
F0,42,dev,150,recorded_plan,1,third,10,16,0.625
F0,42,dev,150,recorded_plan,2,first,7,16,0.4375
F0,42,dev,150,recorded_plan,2,third,8,16,0.5
F0,42,dev,150,recorded_plan,3,first,10,16,0.625
F0,42,dev,150,recorded_plan,3,third,11,16,0.6875
F0,42,dev,150,recorded_plan,4,first,2,16,0.125
F0,42,dev,150,recorded_plan,4,third,1,16,0.0625
F0,42,dev,150,reported_cancelled,-3,first,1,16,0.0625
F0,42,dev,150,reported_cancelled,-3,third,1,16,0.0625
F0,42,dev,150,reported_cancelled,-2,first,6,16,0.375
F0,42,dev,150,reported_cancelled,-2,third,8,16,0.5
F0,42,dev,150,reported_cancelled,-1,first,16,16,1.0
F0,42,dev,150,reported_cancelled,-1,third,16,16,1.0
F0,42,dev,150,reported_cancelled,0,first,9,16,0.5625
F0,42,dev,150,reported_cancelled,0,third,10,16,0.625
F0,42,dev,150,reported_cancelled,1,first,5,16,0.3125
F0,42,dev,150,reported_cancelled,1,third,12,16,0.75
F0,42,dev,150,reported_cancelled,2,first,9,16,0.5625
F0,42,dev,150,reported_cancelled,2,third,10,16,0.625
F0,42,dev,150,reported_cancelled,3,first,8,16,0.5
F0,42,dev,150,reported_cancelled,3,third,11,16,0.6875
F0,42,dev,150,reported_cancelled,4,first,2,16,0.125
F0,42,dev,150,reported_cancelled,4,third,1,16,0.0625
F0,42,dev,150,reported_completed,-3,first,2,16,0.125
F0,42,dev,150,reported_completed,-3,third,2,16,0.125
F0,42,dev,150,reported_completed,-2,first,1,16,0.0625
F0,42,dev,150,reported_completed,-2,third,3,16,0.1875
F0,42,dev,150,reported_completed,-1,first,14,16,0.875
F0,42,dev,150,reported_completed,-1,third,14,16,0.875
F0,42,dev,150,reported_completed,0,first,6,16,0.375
F0,42,dev,150,reported_completed,0,third,7,16,0.4375
F0,42,dev,200,recorded_plan,-3,first,2,16,0.125
F0,42,dev,200,recorded_plan,-3,third,2,16,0.125
F0,42,dev,200,recorded_plan,-2,first,7,16,0.4375
F0,42,dev,200,recorded_plan,-2,third,8,16,0.5
F0,42,dev,200,recorded_plan,-1,first,15,16,0.9375
F0,42,dev,200,recorded_plan,-1,third,15,16,0.9375
F0,42,dev,200,recorded_plan,0,first,7,16,0.4375
F0,42,dev,200,recorded_plan,0,third,8,16,0.5
F0,42,dev,200,recorded_plan,1,first,8,16,0.5
F0,42,dev,200,recorded_plan,1,third,10,16,0.625
F0,42,dev,200,recorded_plan,2,first,5,16,0.3125
F0,42,dev,200,recorded_plan,2,third,6,16,0.375
F0,42,dev,200,recorded_plan,3,first,10,16,0.625
F0,42,dev,200,recorded_plan,3,third,11,16,0.6875
F0,42,dev,200,recorded_plan,4,first,2,16,0.125
F0,42,dev,200,recorded_plan,4,third,1,16,0.0625
F0,42,dev,200,reported_cancelled,-3,first,1,16,0.0625
F0,42,dev,200,reported_cancelled,-3,third,1,16,0.0625
F0,42,dev,200,reported_cancelled,-2,first,6,16,0.375
F0,42,dev,200,reported_cancelled,-2,third,7,16,0.4375
F0,42,dev,200,reported_cancelled,-1,first,15,16,0.9375
F0,42,dev,200,reported_cancelled,-1,third,16,16,1.0
F0,42,dev,200,reported_cancelled,0,first,9,16,0.5625
F0,42,dev,200,reported_cancelled,0,third,11,16,0.6875
F0,42,dev,200,reported_cancelled,1,first,6,16,0.375
F0,42,dev,200,reported_cancelled,1,third,12,16,0.75
F0,42,dev,200,reported_cancelled,2,first,8,16,0.5
F0,42,dev,200,reported_cancelled,2,third,9,16,0.5625
F0,42,dev,200,reported_cancelled,3,first,8,16,0.5
F0,42,dev,200,reported_cancelled,3,third,13,16,0.8125
F0,42,dev,200,reported_cancelled,4,first,2,16,0.125
F0,42,dev,200,reported_cancelled,4,third,0,16,0.0
F0,42,dev,200,reported_completed,-3,first,2,16,0.125
F0,42,dev,200,reported_completed,-3,third,2,16,0.125
F0,42,dev,200,reported_completed,-2,first,0,16,0.0
F0,42,dev,200,reported_completed,-2,third,3,16,0.1875
F0,42,dev,200,reported_completed,-1,first,14,16,0.875
F0,42,dev,200,reported_completed,-1,third,14,16,0.875
F0,42,dev,200,reported_completed,0,first,6,16,0.375
F0,42,dev,200,reported_completed,0,third,7,16,0.4375
F0,42,dev,50,recorded_plan,-3,first,2,16,0.125
F0,42,dev,50,recorded_plan,-3,third,2,16,0.125
F0,42,dev,50,recorded_plan,-2,first,7,16,0.4375
F0,42,dev,50,recorded_plan,-2,third,9,16,0.5625
F0,42,dev,50,recorded_plan,-1,first,15,16,0.9375
F0,42,dev,50,recorded_plan,-1,third,16,16,1.0
F0,42,dev,50,recorded_plan,0,first,7,16,0.4375
F0,42,dev,50,recorded_plan,0,third,8,16,0.5
F0,42,dev,50,recorded_plan,1,first,8,16,0.5
F0,42,dev,50,recorded_plan,1,third,10,16,0.625
F0,42,dev,50,recorded_plan,2,first,9,16,0.5625
F0,42,dev,50,recorded_plan,2,third,8,16,0.5
F0,42,dev,50,recorded_plan,3,first,10,16,0.625
F0,42,dev,50,recorded_plan,3,third,11,16,0.6875
F0,42,dev,50,recorded_plan,4,first,0,16,0.0
F0,42,dev,50,recorded_plan,4,third,0,16,0.0
F0,42,dev,50,reported_cancelled,-3,first,1,16,0.0625
F0,42,dev,50,reported_cancelled,-3,third,1,16,0.0625
F0,42,dev,50,reported_cancelled,-2,first,7,16,0.4375
F0,42,dev,50,reported_cancelled,-2,third,9,16,0.5625
F0,42,dev,50,reported_cancelled,-1,first,16,16,1.0
F0,42,dev,50,reported_cancelled,-1,third,16,16,1.0
F0,42,dev,50,reported_cancelled,0,first,9,16,0.5625
F0,42,dev,50,reported_cancelled,0,third,11,16,0.6875
F0,42,dev,50,reported_cancelled,1,first,6,16,0.375
F0,42,dev,50,reported_cancelled,1,third,12,16,0.75
F0,42,dev,50,reported_cancelled,2,first,10,16,0.625
F0,42,dev,50,reported_cancelled,2,third,10,16,0.625
F0,42,dev,50,reported_cancelled,3,first,8,16,0.5
F0,42,dev,50,reported_cancelled,3,third,12,16,0.75
F0,42,dev,50,reported_cancelled,4,first,2,16,0.125
F0,42,dev,50,reported_cancelled,4,third,1,16,0.0625
F0,42,dev,50,reported_completed,-3,first,2,16,0.125
F0,42,dev,50,reported_completed,-3,third,2,16,0.125
F0,42,dev,50,reported_completed,-2,first,3,16,0.1875
F0,42,dev,50,reported_completed,-2,third,4,16,0.25
F0,42,dev,50,reported_completed,-1,first,14,16,0.875
F0,42,dev,50,reported_completed,-1,third,15,16,0.9375
F0,42,dev,50,reported_completed,0,first,6,16,0.375
F0,42,dev,50,reported_completed,0,third,8,16,0.5
F0,42,train,0,recorded_plan,-3,first,16,16,1.0
F0,42,train,0,recorded_plan,-3,third,16,16,1.0
F0,42,train,0,recorded_plan,-2,first,16,16,1.0
F0,42,train,0,recorded_plan,-2,third,16,16,1.0
F0,42,train,0,recorded_plan,-1,first,16,16,1.0
F0,42,train,0,recorded_plan,-1,third,16,16,1.0
F0,42,train,0,recorded_plan,0,first,16,16,1.0
F0,42,train,0,recorded_plan,0,third,16,16,1.0
F0,42,train,0,recorded_plan,1,first,16,16,1.0
F0,42,train,0,recorded_plan,1,third,16,16,1.0
F0,42,train,0,recorded_plan,2,first,16,16,1.0
F0,42,train,0,recorded_plan,2,third,16,16,1.0
F0,42,train,0,recorded_plan,3,first,16,16,1.0
F0,42,train,0,recorded_plan,3,third,16,16,1.0
F0,42,train,0,recorded_plan,4,first,0,16,0.0
F0,42,train,0,recorded_plan,4,third,0,16,0.0
F0,42,train,0,reported_cancelled,-3,first,16,16,1.0
F0,42,train,0,reported_cancelled,-3,third,16,16,1.0
F0,42,train,0,reported_cancelled,-2,first,16,16,1.0
F0,42,train,0,reported_cancelled,-2,third,16,16,1.0
F0,42,train,0,reported_cancelled,-1,first,16,16,1.0
F0,42,train,0,reported_cancelled,-1,third,16,16,1.0
F0,42,train,0,reported_cancelled,0,first,16,16,1.0
F0,42,train,0,reported_cancelled,0,third,16,16,1.0
F0,42,train,0,reported_cancelled,1,first,16,16,1.0
F0,42,train,0,reported_cancelled,1,third,16,16,1.0
F0,42,train,0,reported_cancelled,2,first,16,16,1.0
F0,42,train,0,reported_cancelled,2,third,16,16,1.0
F0,42,train,0,reported_cancelled,3,first,16,16,1.0
F0,42,train,0,reported_cancelled,3,third,16,16,1.0
F0,42,train,0,reported_cancelled,4,first,0,16,0.0
F0,42,train,0,reported_cancelled,4,third,0,16,0.0
F0,42,train,0,reported_completed,-3,first,16,16,1.0
F0,42,train,0,reported_completed,-3,third,16,16,1.0
F0,42,train,0,reported_completed,-2,first,16,16,1.0
F0,42,train,0,reported_completed,-2,third,16,16,1.0
F0,42,train,0,reported_completed,-1,first,16,16,1.0
F0,42,train,0,reported_completed,-1,third,16,16,1.0
F0,42,train,0,reported_completed,0,first,16,16,1.0
F0,42,train,0,reported_completed,0,third,16,16,1.0
F0,42,train,100,recorded_plan,-3,first,2,16,0.125
F0,42,train,100,recorded_plan,-3,third,2,16,0.125
F0,42,train,100,recorded_plan,-2,first,4,16,0.25
F0,42,train,100,recorded_plan,-2,third,8,16,0.5
F0,42,train,100,recorded_plan,-1,first,16,16,1.0
F0,42,train,100,recorded_plan,-1,third,16,16,1.0
F0,42,train,100,recorded_plan,0,first,8,16,0.5
F0,42,train,100,recorded_plan,0,third,9,16,0.5625
F0,42,train,100,recorded_plan,1,first,6,16,0.375
F0,42,train,100,recorded_plan,1,third,9,16,0.5625
F0,42,train,100,recorded_plan,2,first,6,16,0.375
F0,42,train,100,recorded_plan,2,third,7,16,0.4375
F0,42,train,100,recorded_plan,3,first,8,16,0.5
F0,42,train,100,recorded_plan,3,third,11,16,0.6875
F0,42,train,100,recorded_plan,4,first,3,16,0.1875
F0,42,train,100,recorded_plan,4,third,1,16,0.0625
F0,42,train,100,reported_cancelled,-3,first,1,16,0.0625
F0,42,train,100,reported_cancelled,-3,third,1,16,0.0625
F0,42,train,100,reported_cancelled,-2,first,8,16,0.5
F0,42,train,100,reported_cancelled,-2,third,8,16,0.5
F0,42,train,100,reported_cancelled,-1,first,15,16,0.9375
F0,42,train,100,reported_cancelled,-1,third,15,16,0.9375
F0,42,train,100,reported_cancelled,0,first,8,16,0.5
F0,42,train,100,reported_cancelled,0,third,9,16,0.5625
F0,42,train,100,reported_cancelled,1,first,5,16,0.3125
F0,42,train,100,reported_cancelled,1,third,10,16,0.625
F0,42,train,100,reported_cancelled,2,first,9,16,0.5625
F0,42,train,100,reported_cancelled,2,third,10,16,0.625
F0,42,train,100,reported_cancelled,3,first,8,16,0.5
F0,42,train,100,reported_cancelled,3,third,11,16,0.6875
F0,42,train,100,reported_cancelled,4,first,2,16,0.125
F0,42,train,100,reported_cancelled,4,third,0,16,0.0
F0,42,train,100,reported_completed,-3,first,2,16,0.125
F0,42,train,100,reported_completed,-3,third,2,16,0.125
F0,42,train,100,reported_completed,-2,first,4,16,0.25
F0,42,train,100,reported_completed,-2,third,1,16,0.0625
F0,42,train,100,reported_completed,-1,first,14,16,0.875
F0,42,train,100,reported_completed,-1,third,16,16,1.0
F0,42,train,100,reported_completed,0,first,6,16,0.375
F0,42,train,100,reported_completed,0,third,8,16,0.5
F0,42,train,150,recorded_plan,-3,first,2,16,0.125
F0,42,train,150,recorded_plan,-3,third,2,16,0.125
F0,42,train,150,recorded_plan,-2,first,5,16,0.3125
F0,42,train,150,recorded_plan,-2,third,7,16,0.4375
F0,42,train,150,recorded_plan,-1,first,16,16,1.0
F0,42,train,150,recorded_plan,-1,third,16,16,1.0
F0,42,train,150,recorded_plan,0,first,8,16,0.5
F0,42,train,150,recorded_plan,0,third,9,16,0.5625
F0,42,train,150,recorded_plan,1,first,6,16,0.375
F0,42,train,150,recorded_plan,1,third,9,16,0.5625
F0,42,train,150,recorded_plan,2,first,5,16,0.3125
F0,42,train,150,recorded_plan,2,third,5,16,0.3125
F0,42,train,150,recorded_plan,3,first,8,16,0.5
F0,42,train,150,recorded_plan,3,third,10,16,0.625
F0,42,train,150,recorded_plan,4,first,3,16,0.1875
F0,42,train,150,recorded_plan,4,third,2,16,0.125
F0,42,train,150,reported_cancelled,-3,first,1,16,0.0625
F0,42,train,150,reported_cancelled,-3,third,1,16,0.0625
F0,42,train,150,reported_cancelled,-2,first,8,16,0.5
F0,42,train,150,reported_cancelled,-2,third,8,16,0.5
F0,42,train,150,reported_cancelled,-1,first,15,16,0.9375
F0,42,train,150,reported_cancelled,-1,third,15,16,0.9375
F0,42,train,150,reported_cancelled,0,first,8,16,0.5
F0,42,train,150,reported_cancelled,0,third,9,16,0.5625
F0,42,train,150,reported_cancelled,1,first,6,16,0.375
F0,42,train,150,reported_cancelled,1,third,10,16,0.625
F0,42,train,150,reported_cancelled,2,first,9,16,0.5625
F0,42,train,150,reported_cancelled,2,third,10,16,0.625
F0,42,train,150,reported_cancelled,3,first,8,16,0.5
F0,42,train,150,reported_cancelled,3,third,12,16,0.75
F0,42,train,150,reported_cancelled,4,first,2,16,0.125
F0,42,train,150,reported_cancelled,4,third,0,16,0.0
F0,42,train,150,reported_completed,-3,first,2,16,0.125
F0,42,train,150,reported_completed,-3,third,2,16,0.125
F0,42,train,150,reported_completed,-2,first,2,16,0.125
F0,42,train,150,reported_completed,-2,third,2,16,0.125
F0,42,train,150,reported_completed,-1,first,14,16,0.875
F0,42,train,150,reported_completed,-1,third,16,16,1.0
F0,42,train,150,reported_completed,0,first,6,16,0.375
F0,42,train,150,reported_completed,0,third,9,16,0.5625
F0,42,train,200,recorded_plan,-3,first,2,16,0.125
F0,42,train,200,recorded_plan,-3,third,2,16,0.125
F0,42,train,200,recorded_plan,-2,first,6,16,0.375
F0,42,train,200,recorded_plan,-2,third,7,16,0.4375
F0,42,train,200,recorded_plan,-1,first,15,16,0.9375
F0,42,train,200,recorded_plan,-1,third,16,16,1.0
F0,42,train,200,recorded_plan,0,first,8,16,0.5
F0,42,train,200,recorded_plan,0,third,9,16,0.5625
F0,42,train,200,recorded_plan,1,first,6,16,0.375
F0,42,train,200,recorded_plan,1,third,9,16,0.5625
F0,42,train,200,recorded_plan,2,first,5,16,0.3125
F0,42,train,200,recorded_plan,2,third,5,16,0.3125
F0,42,train,200,recorded_plan,3,first,8,16,0.5
F0,42,train,200,recorded_plan,3,third,11,16,0.6875
F0,42,train,200,recorded_plan,4,first,3,16,0.1875
F0,42,train,200,recorded_plan,4,third,2,16,0.125
F0,42,train,200,reported_cancelled,-3,first,1,16,0.0625
F0,42,train,200,reported_cancelled,-3,third,1,16,0.0625
F0,42,train,200,reported_cancelled,-2,first,8,16,0.5
F0,42,train,200,reported_cancelled,-2,third,7,16,0.4375
F0,42,train,200,reported_cancelled,-1,first,14,16,0.875
F0,42,train,200,reported_cancelled,-1,third,15,16,0.9375
F0,42,train,200,reported_cancelled,0,first,8,16,0.5
F0,42,train,200,reported_cancelled,0,third,9,16,0.5625
F0,42,train,200,reported_cancelled,1,first,6,16,0.375
F0,42,train,200,reported_cancelled,1,third,10,16,0.625
F0,42,train,200,reported_cancelled,2,first,9,16,0.5625
F0,42,train,200,reported_cancelled,2,third,10,16,0.625
F0,42,train,200,reported_cancelled,3,first,8,16,0.5
F0,42,train,200,reported_cancelled,3,third,12,16,0.75
F0,42,train,200,reported_cancelled,4,first,2,16,0.125
F0,42,train,200,reported_cancelled,4,third,0,16,0.0
F0,42,train,200,reported_completed,-3,first,2,16,0.125
F0,42,train,200,reported_completed,-3,third,2,16,0.125
F0,42,train,200,reported_completed,-2,first,1,16,0.0625
F0,42,train,200,reported_completed,-2,third,2,16,0.125
F0,42,train,200,reported_completed,-1,first,14,16,0.875
F0,42,train,200,reported_completed,-1,third,16,16,1.0
F0,42,train,200,reported_completed,0,first,6,16,0.375
F0,42,train,200,reported_completed,0,third,9,16,0.5625
F0,42,train,50,recorded_plan,-3,first,2,16,0.125
F0,42,train,50,recorded_plan,-3,third,2,16,0.125
F0,42,train,50,recorded_plan,-2,first,4,16,0.25
F0,42,train,50,recorded_plan,-2,third,7,16,0.4375
F0,42,train,50,recorded_plan,-1,first,16,16,1.0
F0,42,train,50,recorded_plan,-1,third,16,16,1.0
F0,42,train,50,recorded_plan,0,first,7,16,0.4375
F0,42,train,50,recorded_plan,0,third,9,16,0.5625
F0,42,train,50,recorded_plan,1,first,6,16,0.375
F0,42,train,50,recorded_plan,1,third,10,16,0.625
F0,42,train,50,recorded_plan,2,first,6,16,0.375
F0,42,train,50,recorded_plan,2,third,7,16,0.4375
F0,42,train,50,recorded_plan,3,first,8,16,0.5
F0,42,train,50,recorded_plan,3,third,12,16,0.75
F0,42,train,50,recorded_plan,4,first,3,16,0.1875
F0,42,train,50,recorded_plan,4,third,1,16,0.0625
F0,42,train,50,reported_cancelled,-3,first,1,16,0.0625
F0,42,train,50,reported_cancelled,-3,third,1,16,0.0625
F0,42,train,50,reported_cancelled,-2,first,8,16,0.5
F0,42,train,50,reported_cancelled,-2,third,9,16,0.5625
F0,42,train,50,reported_cancelled,-1,first,15,16,0.9375
F0,42,train,50,reported_cancelled,-1,third,15,16,0.9375
F0,42,train,50,reported_cancelled,0,first,8,16,0.5
F0,42,train,50,reported_cancelled,0,third,9,16,0.5625
F0,42,train,50,reported_cancelled,1,first,5,16,0.3125
F0,42,train,50,reported_cancelled,1,third,10,16,0.625
F0,42,train,50,reported_cancelled,2,first,10,16,0.625
F0,42,train,50,reported_cancelled,2,third,10,16,0.625
F0,42,train,50,reported_cancelled,3,first,8,16,0.5
F0,42,train,50,reported_cancelled,3,third,11,16,0.6875
F0,42,train,50,reported_cancelled,4,first,2,16,0.125
F0,42,train,50,reported_cancelled,4,third,0,16,0.0
F0,42,train,50,reported_completed,-3,first,2,16,0.125
F0,42,train,50,reported_completed,-3,third,2,16,0.125
F0,42,train,50,reported_completed,-2,first,3,16,0.1875
F0,42,train,50,reported_completed,-2,third,3,16,0.1875
F0,42,train,50,reported_completed,-1,first,15,16,0.9375
F0,42,train,50,reported_completed,-1,third,16,16,1.0
F0,42,train,50,reported_completed,0,first,6,16,0.375
F0,42,train,50,reported_completed,0,third,9,16,0.5625
F0,43,dev,0,recorded_plan,-3,first,16,16,1.0
F0,43,dev,0,recorded_plan,-3,third,16,16,1.0
F0,43,dev,0,recorded_plan,-2,first,16,16,1.0
F0,43,dev,0,recorded_plan,-2,third,16,16,1.0
F0,43,dev,0,recorded_plan,-1,first,16,16,1.0
F0,43,dev,0,recorded_plan,-1,third,16,16,1.0
F0,43,dev,0,recorded_plan,0,first,16,16,1.0
F0,43,dev,0,recorded_plan,0,third,16,16,1.0
F0,43,dev,0,recorded_plan,1,first,16,16,1.0
F0,43,dev,0,recorded_plan,1,third,16,16,1.0
F0,43,dev,0,recorded_plan,2,first,16,16,1.0
F0,43,dev,0,recorded_plan,2,third,16,16,1.0
F0,43,dev,0,recorded_plan,3,first,16,16,1.0
F0,43,dev,0,recorded_plan,3,third,16,16,1.0
F0,43,dev,0,recorded_plan,4,first,0,16,0.0
F0,43,dev,0,recorded_plan,4,third,0,16,0.0
F0,43,dev,0,reported_cancelled,-3,first,16,16,1.0
F0,43,dev,0,reported_cancelled,-3,third,16,16,1.0
F0,43,dev,0,reported_cancelled,-2,first,16,16,1.0
F0,43,dev,0,reported_cancelled,-2,third,16,16,1.0
F0,43,dev,0,reported_cancelled,-1,first,16,16,1.0
F0,43,dev,0,reported_cancelled,-1,third,16,16,1.0
F0,43,dev,0,reported_cancelled,0,first,16,16,1.0
F0,43,dev,0,reported_cancelled,0,third,16,16,1.0
F0,43,dev,0,reported_cancelled,1,first,16,16,1.0
F0,43,dev,0,reported_cancelled,1,third,16,16,1.0
F0,43,dev,0,reported_cancelled,2,first,16,16,1.0
F0,43,dev,0,reported_cancelled,2,third,16,16,1.0
F0,43,dev,0,reported_cancelled,3,first,16,16,1.0
F0,43,dev,0,reported_cancelled,3,third,16,16,1.0
F0,43,dev,0,reported_cancelled,4,first,0,16,0.0
F0,43,dev,0,reported_cancelled,4,third,0,16,0.0
F0,43,dev,0,reported_completed,-3,first,16,16,1.0
F0,43,dev,0,reported_completed,-3,third,16,16,1.0
F0,43,dev,0,reported_completed,-2,first,16,16,1.0
F0,43,dev,0,reported_completed,-2,third,16,16,1.0
F0,43,dev,0,reported_completed,-1,first,16,16,1.0
F0,43,dev,0,reported_completed,-1,third,16,16,1.0
F0,43,dev,0,reported_completed,0,first,16,16,1.0
F0,43,dev,0,reported_completed,0,third,16,16,1.0
F0,43,dev,100,recorded_plan,-3,first,15,16,0.9375
F0,43,dev,100,recorded_plan,-3,third,15,16,0.9375
F0,43,dev,100,recorded_plan,-2,first,11,16,0.6875
F0,43,dev,100,recorded_plan,-2,third,10,16,0.625
F0,43,dev,100,recorded_plan,-1,first,16,16,1.0
F0,43,dev,100,recorded_plan,-1,third,16,16,1.0
F0,43,dev,100,recorded_plan,0,first,0,16,0.0
F0,43,dev,100,recorded_plan,0,third,0,16,0.0
F0,43,dev,100,recorded_plan,1,first,0,16,0.0
F0,43,dev,100,recorded_plan,1,third,0,16,0.0
F0,43,dev,100,recorded_plan,2,first,2,16,0.125
F0,43,dev,100,recorded_plan,2,third,3,16,0.1875
F0,43,dev,100,recorded_plan,3,first,16,16,1.0
F0,43,dev,100,recorded_plan,3,third,16,16,1.0
F0,43,dev,100,recorded_plan,4,first,0,16,0.0
F0,43,dev,100,recorded_plan,4,third,0,16,0.0
F0,43,dev,100,reported_cancelled,-3,first,15,16,0.9375
F0,43,dev,100,reported_cancelled,-3,third,15,16,0.9375
F0,43,dev,100,reported_cancelled,-2,first,11,16,0.6875
F0,43,dev,100,reported_cancelled,-2,third,9,16,0.5625
F0,43,dev,100,reported_cancelled,-1,first,16,16,1.0
F0,43,dev,100,reported_cancelled,-1,third,16,16,1.0
F0,43,dev,100,reported_cancelled,0,first,0,16,0.0
F0,43,dev,100,reported_cancelled,0,third,0,16,0.0
F0,43,dev,100,reported_cancelled,1,first,0,16,0.0
F0,43,dev,100,reported_cancelled,1,third,0,16,0.0
F0,43,dev,100,reported_cancelled,2,first,7,16,0.4375
F0,43,dev,100,reported_cancelled,2,third,5,16,0.3125
F0,43,dev,100,reported_cancelled,3,first,16,16,1.0
F0,43,dev,100,reported_cancelled,3,third,16,16,1.0
F0,43,dev,100,reported_cancelled,4,first,0,16,0.0
F0,43,dev,100,reported_cancelled,4,third,0,16,0.0
F0,43,dev,100,reported_completed,-3,first,16,16,1.0
F0,43,dev,100,reported_completed,-3,third,16,16,1.0
F0,43,dev,100,reported_completed,-2,first,12,16,0.75
F0,43,dev,100,reported_completed,-2,third,11,16,0.6875
F0,43,dev,100,reported_completed,-1,first,16,16,1.0
F0,43,dev,100,reported_completed,-1,third,16,16,1.0
F0,43,dev,100,reported_completed,0,first,0,16,0.0
F0,43,dev,100,reported_completed,0,third,0,16,0.0
F0,43,dev,150,recorded_plan,-3,first,15,16,0.9375
F0,43,dev,150,recorded_plan,-3,third,15,16,0.9375
F0,43,dev,150,recorded_plan,-2,first,11,16,0.6875
F0,43,dev,150,recorded_plan,-2,third,10,16,0.625
F0,43,dev,150,recorded_plan,-1,first,16,16,1.0
F0,43,dev,150,recorded_plan,-1,third,16,16,1.0
F0,43,dev,150,recorded_plan,0,first,0,16,0.0
F0,43,dev,150,recorded_plan,0,third,0,16,0.0
F0,43,dev,150,recorded_plan,1,first,0,16,0.0
F0,43,dev,150,recorded_plan,1,third,0,16,0.0
F0,43,dev,150,recorded_plan,2,first,2,16,0.125
F0,43,dev,150,recorded_plan,2,third,3,16,0.1875
F0,43,dev,150,recorded_plan,3,first,16,16,1.0
F0,43,dev,150,recorded_plan,3,third,16,16,1.0
F0,43,dev,150,recorded_plan,4,first,0,16,0.0
F0,43,dev,150,recorded_plan,4,third,0,16,0.0
F0,43,dev,150,reported_cancelled,-3,first,15,16,0.9375
F0,43,dev,150,reported_cancelled,-3,third,15,16,0.9375
F0,43,dev,150,reported_cancelled,-2,first,10,16,0.625
F0,43,dev,150,reported_cancelled,-2,third,9,16,0.5625
F0,43,dev,150,reported_cancelled,-1,first,16,16,1.0
F0,43,dev,150,reported_cancelled,-1,third,16,16,1.0
F0,43,dev,150,reported_cancelled,0,first,0,16,0.0
F0,43,dev,150,reported_cancelled,0,third,0,16,0.0
F0,43,dev,150,reported_cancelled,1,first,0,16,0.0
F0,43,dev,150,reported_cancelled,1,third,0,16,0.0
F0,43,dev,150,reported_cancelled,2,first,7,16,0.4375
F0,43,dev,150,reported_cancelled,2,third,5,16,0.3125
F0,43,dev,150,reported_cancelled,3,first,16,16,1.0
F0,43,dev,150,reported_cancelled,3,third,16,16,1.0
F0,43,dev,150,reported_cancelled,4,first,0,16,0.0
F0,43,dev,150,reported_cancelled,4,third,0,16,0.0
F0,43,dev,150,reported_completed,-3,first,16,16,1.0
F0,43,dev,150,reported_completed,-3,third,16,16,1.0
F0,43,dev,150,reported_completed,-2,first,12,16,0.75
F0,43,dev,150,reported_completed,-2,third,11,16,0.6875
F0,43,dev,150,reported_completed,-1,first,16,16,1.0
F0,43,dev,150,reported_completed,-1,third,16,16,1.0
F0,43,dev,150,reported_completed,0,first,0,16,0.0
F0,43,dev,150,reported_completed,0,third,0,16,0.0
F0,43,dev,200,recorded_plan,-3,first,15,16,0.9375
F0,43,dev,200,recorded_plan,-3,third,15,16,0.9375
F0,43,dev,200,recorded_plan,-2,first,11,16,0.6875
F0,43,dev,200,recorded_plan,-2,third,10,16,0.625
F0,43,dev,200,recorded_plan,-1,first,16,16,1.0
F0,43,dev,200,recorded_plan,-1,third,16,16,1.0
F0,43,dev,200,recorded_plan,0,first,0,16,0.0
F0,43,dev,200,recorded_plan,0,third,0,16,0.0
F0,43,dev,200,recorded_plan,1,first,0,16,0.0
F0,43,dev,200,recorded_plan,1,third,0,16,0.0
F0,43,dev,200,recorded_plan,2,first,2,16,0.125
F0,43,dev,200,recorded_plan,2,third,3,16,0.1875
F0,43,dev,200,recorded_plan,3,first,16,16,1.0
F0,43,dev,200,recorded_plan,3,third,16,16,1.0
F0,43,dev,200,recorded_plan,4,first,0,16,0.0
F0,43,dev,200,recorded_plan,4,third,0,16,0.0
F0,43,dev,200,reported_cancelled,-3,first,15,16,0.9375
F0,43,dev,200,reported_cancelled,-3,third,15,16,0.9375
F0,43,dev,200,reported_cancelled,-2,first,10,16,0.625
F0,43,dev,200,reported_cancelled,-2,third,8,16,0.5
F0,43,dev,200,reported_cancelled,-1,first,16,16,1.0
F0,43,dev,200,reported_cancelled,-1,third,16,16,1.0
F0,43,dev,200,reported_cancelled,0,first,0,16,0.0
F0,43,dev,200,reported_cancelled,0,third,0,16,0.0
F0,43,dev,200,reported_cancelled,1,first,0,16,0.0
F0,43,dev,200,reported_cancelled,1,third,0,16,0.0
F0,43,dev,200,reported_cancelled,2,first,7,16,0.4375
F0,43,dev,200,reported_cancelled,2,third,5,16,0.3125
F0,43,dev,200,reported_cancelled,3,first,16,16,1.0
F0,43,dev,200,reported_cancelled,3,third,16,16,1.0
F0,43,dev,200,reported_cancelled,4,first,0,16,0.0
F0,43,dev,200,reported_cancelled,4,third,0,16,0.0
F0,43,dev,200,reported_completed,-3,first,16,16,1.0
F0,43,dev,200,reported_completed,-3,third,16,16,1.0
F0,43,dev,200,reported_completed,-2,first,12,16,0.75
F0,43,dev,200,reported_completed,-2,third,11,16,0.6875
F0,43,dev,200,reported_completed,-1,first,16,16,1.0
F0,43,dev,200,reported_completed,-1,third,16,16,1.0
F0,43,dev,200,reported_completed,0,first,0,16,0.0
F0,43,dev,200,reported_completed,0,third,0,16,0.0
F0,43,dev,50,recorded_plan,-3,first,15,16,0.9375
F0,43,dev,50,recorded_plan,-3,third,15,16,0.9375
F0,43,dev,50,recorded_plan,-2,first,12,16,0.75
F0,43,dev,50,recorded_plan,-2,third,10,16,0.625
F0,43,dev,50,recorded_plan,-1,first,16,16,1.0
F0,43,dev,50,recorded_plan,-1,third,16,16,1.0
F0,43,dev,50,recorded_plan,0,first,0,16,0.0
F0,43,dev,50,recorded_plan,0,third,0,16,0.0
F0,43,dev,50,recorded_plan,1,first,0,16,0.0
F0,43,dev,50,recorded_plan,1,third,0,16,0.0
F0,43,dev,50,recorded_plan,2,first,2,16,0.125
F0,43,dev,50,recorded_plan,2,third,3,16,0.1875
F0,43,dev,50,recorded_plan,3,first,16,16,1.0
F0,43,dev,50,recorded_plan,3,third,16,16,1.0
F0,43,dev,50,recorded_plan,4,first,0,16,0.0
F0,43,dev,50,recorded_plan,4,third,0,16,0.0
F0,43,dev,50,reported_cancelled,-3,first,14,16,0.875
F0,43,dev,50,reported_cancelled,-3,third,15,16,0.9375
F0,43,dev,50,reported_cancelled,-2,first,11,16,0.6875
F0,43,dev,50,reported_cancelled,-2,third,10,16,0.625
F0,43,dev,50,reported_cancelled,-1,first,16,16,1.0
F0,43,dev,50,reported_cancelled,-1,third,16,16,1.0
F0,43,dev,50,reported_cancelled,0,first,0,16,0.0
F0,43,dev,50,reported_cancelled,0,third,0,16,0.0
F0,43,dev,50,reported_cancelled,1,first,0,16,0.0
F0,43,dev,50,reported_cancelled,1,third,0,16,0.0
F0,43,dev,50,reported_cancelled,2,first,8,16,0.5
F0,43,dev,50,reported_cancelled,2,third,5,16,0.3125
F0,43,dev,50,reported_cancelled,3,first,16,16,1.0
F0,43,dev,50,reported_cancelled,3,third,16,16,1.0
F0,43,dev,50,reported_cancelled,4,first,0,16,0.0
F0,43,dev,50,reported_cancelled,4,third,0,16,0.0
F0,43,dev,50,reported_completed,-3,first,16,16,1.0
F0,43,dev,50,reported_completed,-3,third,16,16,1.0
F0,43,dev,50,reported_completed,-2,first,12,16,0.75
F0,43,dev,50,reported_completed,-2,third,12,16,0.75
F0,43,dev,50,reported_completed,-1,first,16,16,1.0
F0,43,dev,50,reported_completed,-1,third,16,16,1.0
F0,43,dev,50,reported_completed,0,first,0,16,0.0
F0,43,dev,50,reported_completed,0,third,0,16,0.0
F0,43,train,0,recorded_plan,-3,first,16,16,1.0
F0,43,train,0,recorded_plan,-3,third,16,16,1.0
F0,43,train,0,recorded_plan,-2,first,16,16,1.0
F0,43,train,0,recorded_plan,-2,third,16,16,1.0
F0,43,train,0,recorded_plan,-1,first,16,16,1.0
F0,43,train,0,recorded_plan,-1,third,16,16,1.0
F0,43,train,0,recorded_plan,0,first,16,16,1.0
F0,43,train,0,recorded_plan,0,third,16,16,1.0
F0,43,train,0,recorded_plan,1,first,16,16,1.0
F0,43,train,0,recorded_plan,1,third,16,16,1.0
F0,43,train,0,recorded_plan,2,first,16,16,1.0
F0,43,train,0,recorded_plan,2,third,15,16,0.9375
F0,43,train,0,recorded_plan,3,first,16,16,1.0
F0,43,train,0,recorded_plan,3,third,16,16,1.0
F0,43,train,0,recorded_plan,4,first,0,16,0.0
F0,43,train,0,recorded_plan,4,third,0,16,0.0
F0,43,train,0,reported_cancelled,-3,first,16,16,1.0
F0,43,train,0,reported_cancelled,-3,third,16,16,1.0
F0,43,train,0,reported_cancelled,-2,first,16,16,1.0
F0,43,train,0,reported_cancelled,-2,third,16,16,1.0
F0,43,train,0,reported_cancelled,-1,first,16,16,1.0
F0,43,train,0,reported_cancelled,-1,third,16,16,1.0
F0,43,train,0,reported_cancelled,0,first,16,16,1.0
F0,43,train,0,reported_cancelled,0,third,16,16,1.0
F0,43,train,0,reported_cancelled,1,first,16,16,1.0
F0,43,train,0,reported_cancelled,1,third,16,16,1.0
F0,43,train,0,reported_cancelled,2,first,16,16,1.0
F0,43,train,0,reported_cancelled,2,third,16,16,1.0
F0,43,train,0,reported_cancelled,3,first,16,16,1.0
F0,43,train,0,reported_cancelled,3,third,16,16,1.0
F0,43,train,0,reported_cancelled,4,first,0,16,0.0
F0,43,train,0,reported_cancelled,4,third,0,16,0.0
F0,43,train,0,reported_completed,-3,first,16,16,1.0
F0,43,train,0,reported_completed,-3,third,16,16,1.0
F0,43,train,0,reported_completed,-2,first,16,16,1.0
F0,43,train,0,reported_completed,-2,third,16,16,1.0
F0,43,train,0,reported_completed,-1,first,16,16,1.0
F0,43,train,0,reported_completed,-1,third,16,16,1.0
F0,43,train,0,reported_completed,0,first,16,16,1.0
F0,43,train,0,reported_completed,0,third,16,16,1.0
F0,43,train,100,recorded_plan,-3,first,16,16,1.0
F0,43,train,100,recorded_plan,-3,third,16,16,1.0
F0,43,train,100,recorded_plan,-2,first,16,16,1.0
F0,43,train,100,recorded_plan,-2,third,14,16,0.875
F0,43,train,100,recorded_plan,-1,first,16,16,1.0
F0,43,train,100,recorded_plan,-1,third,16,16,1.0
F0,43,train,100,recorded_plan,0,first,0,16,0.0
F0,43,train,100,recorded_plan,0,third,0,16,0.0
F0,43,train,100,recorded_plan,1,first,1,16,0.0625
F0,43,train,100,recorded_plan,1,third,0,16,0.0
F0,43,train,100,recorded_plan,2,first,3,16,0.1875
F0,43,train,100,recorded_plan,2,third,4,16,0.25
F0,43,train,100,recorded_plan,3,first,16,16,1.0
F0,43,train,100,recorded_plan,3,third,16,16,1.0
F0,43,train,100,recorded_plan,4,first,0,16,0.0
F0,43,train,100,recorded_plan,4,third,0,16,0.0
F0,43,train,100,reported_cancelled,-3,first,15,16,0.9375
F0,43,train,100,reported_cancelled,-3,third,16,16,1.0
F0,43,train,100,reported_cancelled,-2,first,13,16,0.8125
F0,43,train,100,reported_cancelled,-2,third,12,16,0.75
F0,43,train,100,reported_cancelled,-1,first,16,16,1.0
F0,43,train,100,reported_cancelled,-1,third,16,16,1.0
F0,43,train,100,reported_cancelled,0,first,0,16,0.0
F0,43,train,100,reported_cancelled,0,third,0,16,0.0
F0,43,train,100,reported_cancelled,1,first,0,16,0.0
F0,43,train,100,reported_cancelled,1,third,0,16,0.0
F0,43,train,100,reported_cancelled,2,first,6,16,0.375
F0,43,train,100,reported_cancelled,2,third,5,16,0.3125
F0,43,train,100,reported_cancelled,3,first,16,16,1.0
F0,43,train,100,reported_cancelled,3,third,16,16,1.0
F0,43,train,100,reported_cancelled,4,first,0,16,0.0
F0,43,train,100,reported_cancelled,4,third,0,16,0.0
F0,43,train,100,reported_completed,-3,first,15,16,0.9375
F0,43,train,100,reported_completed,-3,third,14,16,0.875
F0,43,train,100,reported_completed,-2,first,13,16,0.8125
F0,43,train,100,reported_completed,-2,third,12,16,0.75
F0,43,train,100,reported_completed,-1,first,16,16,1.0
F0,43,train,100,reported_completed,-1,third,16,16,1.0
F0,43,train,100,reported_completed,0,first,0,16,0.0
F0,43,train,100,reported_completed,0,third,0,16,0.0
F0,43,train,150,recorded_plan,-3,first,16,16,1.0
F0,43,train,150,recorded_plan,-3,third,16,16,1.0
F0,43,train,150,recorded_plan,-2,first,16,16,1.0
F0,43,train,150,recorded_plan,-2,third,14,16,0.875
F0,43,train,150,recorded_plan,-1,first,16,16,1.0
F0,43,train,150,recorded_plan,-1,third,16,16,1.0
F0,43,train,150,recorded_plan,0,first,0,16,0.0
F0,43,train,150,recorded_plan,0,third,0,16,0.0
F0,43,train,150,recorded_plan,1,first,1,16,0.0625
F0,43,train,150,recorded_plan,1,third,0,16,0.0
F0,43,train,150,recorded_plan,2,first,3,16,0.1875
F0,43,train,150,recorded_plan,2,third,3,16,0.1875
F0,43,train,150,recorded_plan,3,first,16,16,1.0
F0,43,train,150,recorded_plan,3,third,16,16,1.0
F0,43,train,150,recorded_plan,4,first,0,16,0.0
F0,43,train,150,recorded_plan,4,third,0,16,0.0
F0,43,train,150,reported_cancelled,-3,first,15,16,0.9375
F0,43,train,150,reported_cancelled,-3,third,16,16,1.0
F0,43,train,150,reported_cancelled,-2,first,13,16,0.8125
F0,43,train,150,reported_cancelled,-2,third,11,16,0.6875
F0,43,train,150,reported_cancelled,-1,first,16,16,1.0
F0,43,train,150,reported_cancelled,-1,third,16,16,1.0
F0,43,train,150,reported_cancelled,0,first,0,16,0.0
F0,43,train,150,reported_cancelled,0,third,0,16,0.0
F0,43,train,150,reported_cancelled,1,first,0,16,0.0
F0,43,train,150,reported_cancelled,1,third,0,16,0.0
F0,43,train,150,reported_cancelled,2,first,6,16,0.375
F0,43,train,150,reported_cancelled,2,third,5,16,0.3125
F0,43,train,150,reported_cancelled,3,first,16,16,1.0
F0,43,train,150,reported_cancelled,3,third,16,16,1.0
F0,43,train,150,reported_cancelled,4,first,0,16,0.0
F0,43,train,150,reported_cancelled,4,third,0,16,0.0
F0,43,train,150,reported_completed,-3,first,14,16,0.875
F0,43,train,150,reported_completed,-3,third,14,16,0.875
F0,43,train,150,reported_completed,-2,first,13,16,0.8125
F0,43,train,150,reported_completed,-2,third,12,16,0.75
F0,43,train,150,reported_completed,-1,first,16,16,1.0
F0,43,train,150,reported_completed,-1,third,16,16,1.0
F0,43,train,150,reported_completed,0,first,0,16,0.0
F0,43,train,150,reported_completed,0,third,0,16,0.0
F0,43,train,200,recorded_plan,-3,first,16,16,1.0
F0,43,train,200,recorded_plan,-3,third,16,16,1.0
F0,43,train,200,recorded_plan,-2,first,16,16,1.0
F0,43,train,200,recorded_plan,-2,third,14,16,0.875
F0,43,train,200,recorded_plan,-1,first,16,16,1.0
F0,43,train,200,recorded_plan,-1,third,16,16,1.0
F0,43,train,200,recorded_plan,0,first,0,16,0.0
F0,43,train,200,recorded_plan,0,third,0,16,0.0
F0,43,train,200,recorded_plan,1,first,1,16,0.0625
F0,43,train,200,recorded_plan,1,third,0,16,0.0
F0,43,train,200,recorded_plan,2,first,2,16,0.125
F0,43,train,200,recorded_plan,2,third,3,16,0.1875
F0,43,train,200,recorded_plan,3,first,16,16,1.0
F0,43,train,200,recorded_plan,3,third,16,16,1.0
F0,43,train,200,recorded_plan,4,first,0,16,0.0
F0,43,train,200,recorded_plan,4,third,0,16,0.0
F0,43,train,200,reported_cancelled,-3,first,16,16,1.0
F0,43,train,200,reported_cancelled,-3,third,16,16,1.0
F0,43,train,200,reported_cancelled,-2,first,12,16,0.75
F0,43,train,200,reported_cancelled,-2,third,11,16,0.6875
F0,43,train,200,reported_cancelled,-1,first,16,16,1.0
F0,43,train,200,reported_cancelled,-1,third,16,16,1.0
F0,43,train,200,reported_cancelled,0,first,0,16,0.0
F0,43,train,200,reported_cancelled,0,third,0,16,0.0
F0,43,train,200,reported_cancelled,1,first,0,16,0.0
F0,43,train,200,reported_cancelled,1,third,0,16,0.0
F0,43,train,200,reported_cancelled,2,first,6,16,0.375
F0,43,train,200,reported_cancelled,2,third,5,16,0.3125
F0,43,train,200,reported_cancelled,3,first,16,16,1.0
F0,43,train,200,reported_cancelled,3,third,16,16,1.0
F0,43,train,200,reported_cancelled,4,first,0,16,0.0
F0,43,train,200,reported_cancelled,4,third,0,16,0.0
F0,43,train,200,reported_completed,-3,first,14,16,0.875
F0,43,train,200,reported_completed,-3,third,14,16,0.875
F0,43,train,200,reported_completed,-2,first,13,16,0.8125
F0,43,train,200,reported_completed,-2,third,12,16,0.75
F0,43,train,200,reported_completed,-1,first,16,16,1.0
F0,43,train,200,reported_completed,-1,third,16,16,1.0
F0,43,train,200,reported_completed,0,first,0,16,0.0
F0,43,train,200,reported_completed,0,third,0,16,0.0
F0,43,train,50,recorded_plan,-3,first,16,16,1.0
F0,43,train,50,recorded_plan,-3,third,16,16,1.0
F0,43,train,50,recorded_plan,-2,first,16,16,1.0
F0,43,train,50,recorded_plan,-2,third,15,16,0.9375
F0,43,train,50,recorded_plan,-1,first,16,16,1.0
F0,43,train,50,recorded_plan,-1,third,16,16,1.0
F0,43,train,50,recorded_plan,0,first,0,16,0.0
F0,43,train,50,recorded_plan,0,third,0,16,0.0
F0,43,train,50,recorded_plan,1,first,1,16,0.0625
F0,43,train,50,recorded_plan,1,third,0,16,0.0
F0,43,train,50,recorded_plan,2,first,4,16,0.25
F0,43,train,50,recorded_plan,2,third,6,16,0.375
F0,43,train,50,recorded_plan,3,first,16,16,1.0
F0,43,train,50,recorded_plan,3,third,16,16,1.0
F0,43,train,50,recorded_plan,4,first,0,16,0.0
F0,43,train,50,recorded_plan,4,third,0,16,0.0
F0,43,train,50,reported_cancelled,-3,first,15,16,0.9375
F0,43,train,50,reported_cancelled,-3,third,15,16,0.9375
F0,43,train,50,reported_cancelled,-2,first,13,16,0.8125
F0,43,train,50,reported_cancelled,-2,third,12,16,0.75
F0,43,train,50,reported_cancelled,-1,first,16,16,1.0
F0,43,train,50,reported_cancelled,-1,third,16,16,1.0
F0,43,train,50,reported_cancelled,0,first,0,16,0.0
F0,43,train,50,reported_cancelled,0,third,0,16,0.0
F0,43,train,50,reported_cancelled,1,first,0,16,0.0
F0,43,train,50,reported_cancelled,1,third,0,16,0.0
F0,43,train,50,reported_cancelled,2,first,7,16,0.4375
F0,43,train,50,reported_cancelled,2,third,5,16,0.3125
F0,43,train,50,reported_cancelled,3,first,16,16,1.0
F0,43,train,50,reported_cancelled,3,third,16,16,1.0
F0,43,train,50,reported_cancelled,4,first,0,16,0.0
F0,43,train,50,reported_cancelled,4,third,0,16,0.0
F0,43,train,50,reported_completed,-3,first,16,16,1.0
F0,43,train,50,reported_completed,-3,third,14,16,0.875
F0,43,train,50,reported_completed,-2,first,12,16,0.75
F0,43,train,50,reported_completed,-2,third,12,16,0.75
F0,43,train,50,reported_completed,-1,first,16,16,1.0
F0,43,train,50,reported_completed,-1,third,16,16,1.0
F0,43,train,50,reported_completed,0,first,0,16,0.0
F0,43,train,50,reported_completed,0,third,0,16,0.0
F0,44,dev,0,recorded_plan,-3,first,16,16,1.0
F0,44,dev,0,recorded_plan,-3,third,16,16,1.0
F0,44,dev,0,recorded_plan,-2,first,16,16,1.0
F0,44,dev,0,recorded_plan,-2,third,16,16,1.0
F0,44,dev,0,recorded_plan,-1,first,16,16,1.0
F0,44,dev,0,recorded_plan,-1,third,16,16,1.0
F0,44,dev,0,recorded_plan,0,first,16,16,1.0
F0,44,dev,0,recorded_plan,0,third,16,16,1.0
F0,44,dev,0,recorded_plan,1,first,16,16,1.0
F0,44,dev,0,recorded_plan,1,third,16,16,1.0
F0,44,dev,0,recorded_plan,2,first,14,16,0.875
F0,44,dev,0,recorded_plan,2,third,14,16,0.875
F0,44,dev,0,recorded_plan,3,first,9,16,0.5625
F0,44,dev,0,recorded_plan,3,third,11,16,0.6875
F0,44,dev,0,recorded_plan,4,first,0,16,0.0
F0,44,dev,0,recorded_plan,4,third,0,16,0.0
F0,44,dev,0,reported_cancelled,-3,first,16,16,1.0
F0,44,dev,0,reported_cancelled,-3,third,16,16,1.0
F0,44,dev,0,reported_cancelled,-2,first,16,16,1.0
F0,44,dev,0,reported_cancelled,-2,third,16,16,1.0
F0,44,dev,0,reported_cancelled,-1,first,16,16,1.0
F0,44,dev,0,reported_cancelled,-1,third,16,16,1.0
F0,44,dev,0,reported_cancelled,0,first,16,16,1.0
F0,44,dev,0,reported_cancelled,0,third,16,16,1.0
F0,44,dev,0,reported_cancelled,1,first,16,16,1.0
F0,44,dev,0,reported_cancelled,1,third,16,16,1.0
F0,44,dev,0,reported_cancelled,2,first,14,16,0.875
F0,44,dev,0,reported_cancelled,2,third,14,16,0.875
F0,44,dev,0,reported_cancelled,3,first,7,16,0.4375
F0,44,dev,0,reported_cancelled,3,third,10,16,0.625
F0,44,dev,0,reported_cancelled,4,first,0,16,0.0
F0,44,dev,0,reported_cancelled,4,third,0,16,0.0
F0,44,dev,0,reported_completed,-3,first,16,16,1.0
F0,44,dev,0,reported_completed,-3,third,16,16,1.0
F0,44,dev,0,reported_completed,-2,first,16,16,1.0
F0,44,dev,0,reported_completed,-2,third,16,16,1.0
F0,44,dev,0,reported_completed,-1,first,16,16,1.0
F0,44,dev,0,reported_completed,-1,third,16,16,1.0
F0,44,dev,0,reported_completed,0,first,16,16,1.0
F0,44,dev,0,reported_completed,0,third,16,16,1.0
F0,44,dev,100,recorded_plan,-3,first,16,16,1.0
F0,44,dev,100,recorded_plan,-3,third,14,16,0.875
F0,44,dev,100,recorded_plan,-2,first,0,16,0.0
F0,44,dev,100,recorded_plan,-2,third,0,16,0.0
F0,44,dev,100,recorded_plan,-1,first,16,16,1.0
F0,44,dev,100,recorded_plan,-1,third,16,16,1.0
F0,44,dev,100,recorded_plan,0,first,0,16,0.0
F0,44,dev,100,recorded_plan,0,third,0,16,0.0
F0,44,dev,100,recorded_plan,1,first,15,16,0.9375
F0,44,dev,100,recorded_plan,1,third,14,16,0.875
F0,44,dev,100,recorded_plan,2,first,2,16,0.125
F0,44,dev,100,recorded_plan,2,third,2,16,0.125
F0,44,dev,100,recorded_plan,3,first,16,16,1.0
F0,44,dev,100,recorded_plan,3,third,16,16,1.0
F0,44,dev,100,recorded_plan,4,first,0,16,0.0
F0,44,dev,100,recorded_plan,4,third,0,16,0.0
F0,44,dev,100,reported_cancelled,-3,first,14,16,0.875
F0,44,dev,100,reported_cancelled,-3,third,14,16,0.875
F0,44,dev,100,reported_cancelled,-2,first,0,16,0.0
F0,44,dev,100,reported_cancelled,-2,third,0,16,0.0
F0,44,dev,100,reported_cancelled,-1,first,16,16,1.0
F0,44,dev,100,reported_cancelled,-1,third,16,16,1.0
F0,44,dev,100,reported_cancelled,0,first,0,16,0.0
F0,44,dev,100,reported_cancelled,0,third,0,16,0.0
F0,44,dev,100,reported_cancelled,1,first,15,16,0.9375
F0,44,dev,100,reported_cancelled,1,third,13,16,0.8125
F0,44,dev,100,reported_cancelled,2,first,2,16,0.125
F0,44,dev,100,reported_cancelled,2,third,2,16,0.125
F0,44,dev,100,reported_cancelled,3,first,14,16,0.875
F0,44,dev,100,reported_cancelled,3,third,14,16,0.875
F0,44,dev,100,reported_cancelled,4,first,0,16,0.0
F0,44,dev,100,reported_cancelled,4,third,0,16,0.0
F0,44,dev,100,reported_completed,-3,first,14,16,0.875
F0,44,dev,100,reported_completed,-3,third,14,16,0.875
F0,44,dev,100,reported_completed,-2,first,0,16,0.0
F0,44,dev,100,reported_completed,-2,third,0,16,0.0
F0,44,dev,100,reported_completed,-1,first,16,16,1.0
F0,44,dev,100,reported_completed,-1,third,16,16,1.0
F0,44,dev,100,reported_completed,0,first,0,16,0.0
F0,44,dev,100,reported_completed,0,third,0,16,0.0
F0,44,dev,150,recorded_plan,-3,first,14,16,0.875
F0,44,dev,150,recorded_plan,-3,third,14,16,0.875
F0,44,dev,150,recorded_plan,-2,first,0,16,0.0
F0,44,dev,150,recorded_plan,-2,third,0,16,0.0
F0,44,dev,150,recorded_plan,-1,first,16,16,1.0
F0,44,dev,150,recorded_plan,-1,third,16,16,1.0
F0,44,dev,150,recorded_plan,0,first,0,16,0.0
F0,44,dev,150,recorded_plan,0,third,0,16,0.0
F0,44,dev,150,recorded_plan,1,first,13,16,0.8125
F0,44,dev,150,recorded_plan,1,third,12,16,0.75
F0,44,dev,150,recorded_plan,2,first,2,16,0.125
F0,44,dev,150,recorded_plan,2,third,2,16,0.125
F0,44,dev,150,recorded_plan,3,first,16,16,1.0
F0,44,dev,150,recorded_plan,3,third,16,16,1.0
F0,44,dev,150,recorded_plan,4,first,0,16,0.0
F0,44,dev,150,recorded_plan,4,third,0,16,0.0
F0,44,dev,150,reported_cancelled,-3,first,13,16,0.8125
F0,44,dev,150,reported_cancelled,-3,third,14,16,0.875
F0,44,dev,150,reported_cancelled,-2,first,0,16,0.0
F0,44,dev,150,reported_cancelled,-2,third,0,16,0.0
F0,44,dev,150,reported_cancelled,-1,first,16,16,1.0
F0,44,dev,150,reported_cancelled,-1,third,16,16,1.0
F0,44,dev,150,reported_cancelled,0,first,0,16,0.0
F0,44,dev,150,reported_cancelled,0,third,0,16,0.0
F0,44,dev,150,reported_cancelled,1,first,14,16,0.875
F0,44,dev,150,reported_cancelled,1,third,13,16,0.8125
F0,44,dev,150,reported_cancelled,2,first,2,16,0.125
F0,44,dev,150,reported_cancelled,2,third,2,16,0.125
F0,44,dev,150,reported_cancelled,3,first,15,16,0.9375
F0,44,dev,150,reported_cancelled,3,third,14,16,0.875
F0,44,dev,150,reported_cancelled,4,first,0,16,0.0
F0,44,dev,150,reported_cancelled,4,third,0,16,0.0
F0,44,dev,150,reported_completed,-3,first,15,16,0.9375
F0,44,dev,150,reported_completed,-3,third,14,16,0.875
F0,44,dev,150,reported_completed,-2,first,0,16,0.0
F0,44,dev,150,reported_completed,-2,third,0,16,0.0
F0,44,dev,150,reported_completed,-1,first,16,16,1.0
F0,44,dev,150,reported_completed,-1,third,16,16,1.0
F0,44,dev,150,reported_completed,0,first,0,16,0.0
F0,44,dev,150,reported_completed,0,third,0,16,0.0
F0,44,dev,200,recorded_plan,-3,first,14,16,0.875
F0,44,dev,200,recorded_plan,-3,third,14,16,0.875
F0,44,dev,200,recorded_plan,-2,first,0,16,0.0
F0,44,dev,200,recorded_plan,-2,third,0,16,0.0
F0,44,dev,200,recorded_plan,-1,first,16,16,1.0
F0,44,dev,200,recorded_plan,-1,third,16,16,1.0
F0,44,dev,200,recorded_plan,0,first,0,16,0.0
F0,44,dev,200,recorded_plan,0,third,0,16,0.0
F0,44,dev,200,recorded_plan,1,first,13,16,0.8125
F0,44,dev,200,recorded_plan,1,third,12,16,0.75
F0,44,dev,200,recorded_plan,2,first,2,16,0.125
F0,44,dev,200,recorded_plan,2,third,2,16,0.125
F0,44,dev,200,recorded_plan,3,first,16,16,1.0
F0,44,dev,200,recorded_plan,3,third,16,16,1.0
F0,44,dev,200,recorded_plan,4,first,0,16,0.0
F0,44,dev,200,recorded_plan,4,third,0,16,0.0
F0,44,dev,200,reported_cancelled,-3,first,13,16,0.8125
F0,44,dev,200,reported_cancelled,-3,third,13,16,0.8125
F0,44,dev,200,reported_cancelled,-2,first,0,16,0.0
F0,44,dev,200,reported_cancelled,-2,third,0,16,0.0
F0,44,dev,200,reported_cancelled,-1,first,16,16,1.0
F0,44,dev,200,reported_cancelled,-1,third,16,16,1.0
F0,44,dev,200,reported_cancelled,0,first,0,16,0.0
F0,44,dev,200,reported_cancelled,0,third,0,16,0.0
F0,44,dev,200,reported_cancelled,1,first,14,16,0.875
F0,44,dev,200,reported_cancelled,1,third,12,16,0.75
F0,44,dev,200,reported_cancelled,2,first,2,16,0.125
F0,44,dev,200,reported_cancelled,2,third,2,16,0.125
F0,44,dev,200,reported_cancelled,3,first,15,16,0.9375
F0,44,dev,200,reported_cancelled,3,third,14,16,0.875
F0,44,dev,200,reported_cancelled,4,first,0,16,0.0
F0,44,dev,200,reported_cancelled,4,third,0,16,0.0
F0,44,dev,200,reported_completed,-3,first,15,16,0.9375
F0,44,dev,200,reported_completed,-3,third,14,16,0.875
F0,44,dev,200,reported_completed,-2,first,0,16,0.0
F0,44,dev,200,reported_completed,-2,third,0,16,0.0
F0,44,dev,200,reported_completed,-1,first,16,16,1.0
F0,44,dev,200,reported_completed,-1,third,16,16,1.0
F0,44,dev,200,reported_completed,0,first,0,16,0.0
F0,44,dev,200,reported_completed,0,third,0,16,0.0
F0,44,dev,50,recorded_plan,-3,first,16,16,1.0
F0,44,dev,50,recorded_plan,-3,third,13,16,0.8125
F0,44,dev,50,recorded_plan,-2,first,0,16,0.0
F0,44,dev,50,recorded_plan,-2,third,0,16,0.0
F0,44,dev,50,recorded_plan,-1,first,16,16,1.0
F0,44,dev,50,recorded_plan,-1,third,16,16,1.0
F0,44,dev,50,recorded_plan,0,first,0,16,0.0
F0,44,dev,50,recorded_plan,0,third,0,16,0.0
F0,44,dev,50,recorded_plan,1,first,15,16,0.9375
F0,44,dev,50,recorded_plan,1,third,14,16,0.875
F0,44,dev,50,recorded_plan,2,first,2,16,0.125
F0,44,dev,50,recorded_plan,2,third,2,16,0.125
F0,44,dev,50,recorded_plan,3,first,16,16,1.0
F0,44,dev,50,recorded_plan,3,third,16,16,1.0
F0,44,dev,50,recorded_plan,4,first,0,16,0.0
F0,44,dev,50,recorded_plan,4,third,0,16,0.0
F0,44,dev,50,reported_cancelled,-3,first,13,16,0.8125
F0,44,dev,50,reported_cancelled,-3,third,12,16,0.75
F0,44,dev,50,reported_cancelled,-2,first,0,16,0.0
F0,44,dev,50,reported_cancelled,-2,third,0,16,0.0
F0,44,dev,50,reported_cancelled,-1,first,16,16,1.0
F0,44,dev,50,reported_cancelled,-1,third,16,16,1.0
F0,44,dev,50,reported_cancelled,0,first,0,16,0.0
F0,44,dev,50,reported_cancelled,0,third,0,16,0.0
F0,44,dev,50,reported_cancelled,1,first,15,16,0.9375
F0,44,dev,50,reported_cancelled,1,third,13,16,0.8125
F0,44,dev,50,reported_cancelled,2,first,2,16,0.125
F0,44,dev,50,reported_cancelled,2,third,2,16,0.125
F0,44,dev,50,reported_cancelled,3,first,14,16,0.875
F0,44,dev,50,reported_cancelled,3,third,14,16,0.875
F0,44,dev,50,reported_cancelled,4,first,0,16,0.0
F0,44,dev,50,reported_cancelled,4,third,0,16,0.0
F0,44,dev,50,reported_completed,-3,first,14,16,0.875
F0,44,dev,50,reported_completed,-3,third,14,16,0.875
F0,44,dev,50,reported_completed,-2,first,0,16,0.0
F0,44,dev,50,reported_completed,-2,third,0,16,0.0
F0,44,dev,50,reported_completed,-1,first,16,16,1.0
F0,44,dev,50,reported_completed,-1,third,16,16,1.0
F0,44,dev,50,reported_completed,0,first,0,16,0.0
F0,44,dev,50,reported_completed,0,third,0,16,0.0
F0,44,train,0,recorded_plan,-3,first,16,16,1.0
F0,44,train,0,recorded_plan,-3,third,16,16,1.0
F0,44,train,0,recorded_plan,-2,first,16,16,1.0
F0,44,train,0,recorded_plan,-2,third,16,16,1.0
F0,44,train,0,recorded_plan,-1,first,16,16,1.0
F0,44,train,0,recorded_plan,-1,third,16,16,1.0
F0,44,train,0,recorded_plan,0,first,16,16,1.0
F0,44,train,0,recorded_plan,0,third,16,16,1.0
F0,44,train,0,recorded_plan,1,first,16,16,1.0
F0,44,train,0,recorded_plan,1,third,16,16,1.0
F0,44,train,0,recorded_plan,2,first,14,16,0.875
F0,44,train,0,recorded_plan,2,third,14,16,0.875
F0,44,train,0,recorded_plan,3,first,11,16,0.6875
F0,44,train,0,recorded_plan,3,third,12,16,0.75
F0,44,train,0,recorded_plan,4,first,0,16,0.0
F0,44,train,0,recorded_plan,4,third,0,16,0.0
F0,44,train,0,reported_cancelled,-3,first,16,16,1.0
F0,44,train,0,reported_cancelled,-3,third,16,16,1.0
F0,44,train,0,reported_cancelled,-2,first,15,16,0.9375
F0,44,train,0,reported_cancelled,-2,third,16,16,1.0
F0,44,train,0,reported_cancelled,-1,first,16,16,1.0
F0,44,train,0,reported_cancelled,-1,third,16,16,1.0
F0,44,train,0,reported_cancelled,0,first,16,16,1.0
F0,44,train,0,reported_cancelled,0,third,16,16,1.0
F0,44,train,0,reported_cancelled,1,first,16,16,1.0
F0,44,train,0,reported_cancelled,1,third,16,16,1.0
F0,44,train,0,reported_cancelled,2,first,16,16,1.0
F0,44,train,0,reported_cancelled,2,third,15,16,0.9375
F0,44,train,0,reported_cancelled,3,first,7,16,0.4375
F0,44,train,0,reported_cancelled,3,third,9,16,0.5625
F0,44,train,0,reported_cancelled,4,first,0,16,0.0
F0,44,train,0,reported_cancelled,4,third,0,16,0.0
F0,44,train,0,reported_completed,-3,first,16,16,1.0
F0,44,train,0,reported_completed,-3,third,16,16,1.0
F0,44,train,0,reported_completed,-2,first,16,16,1.0
F0,44,train,0,reported_completed,-2,third,16,16,1.0
F0,44,train,0,reported_completed,-1,first,16,16,1.0
F0,44,train,0,reported_completed,-1,third,16,16,1.0
F0,44,train,0,reported_completed,0,first,16,16,1.0
F0,44,train,0,reported_completed,0,third,16,16,1.0
F0,44,train,100,recorded_plan,-3,first,16,16,1.0
F0,44,train,100,recorded_plan,-3,third,16,16,1.0
F0,44,train,100,recorded_plan,-2,first,0,16,0.0
F0,44,train,100,recorded_plan,-2,third,0,16,0.0
F0,44,train,100,recorded_plan,-1,first,16,16,1.0
F0,44,train,100,recorded_plan,-1,third,16,16,1.0
F0,44,train,100,recorded_plan,0,first,0,16,0.0
F0,44,train,100,recorded_plan,0,third,0,16,0.0
F0,44,train,100,recorded_plan,1,first,15,16,0.9375
F0,44,train,100,recorded_plan,1,third,13,16,0.8125
F0,44,train,100,recorded_plan,2,first,2,16,0.125
F0,44,train,100,recorded_plan,2,third,2,16,0.125
F0,44,train,100,recorded_plan,3,first,16,16,1.0
F0,44,train,100,recorded_plan,3,third,16,16,1.0
F0,44,train,100,recorded_plan,4,first,0,16,0.0
F0,44,train,100,recorded_plan,4,third,0,16,0.0
F0,44,train,100,reported_cancelled,-3,first,14,16,0.875
F0,44,train,100,reported_cancelled,-3,third,12,16,0.75
F0,44,train,100,reported_cancelled,-2,first,0,16,0.0
F0,44,train,100,reported_cancelled,-2,third,0,16,0.0
F0,44,train,100,reported_cancelled,-1,first,16,16,1.0
F0,44,train,100,reported_cancelled,-1,third,16,16,1.0
F0,44,train,100,reported_cancelled,0,first,0,16,0.0
F0,44,train,100,reported_cancelled,0,third,0,16,0.0
F0,44,train,100,reported_cancelled,1,first,15,16,0.9375
F0,44,train,100,reported_cancelled,1,third,14,16,0.875
F0,44,train,100,reported_cancelled,2,first,2,16,0.125
F0,44,train,100,reported_cancelled,2,third,2,16,0.125
F0,44,train,100,reported_cancelled,3,first,15,16,0.9375
F0,44,train,100,reported_cancelled,3,third,15,16,0.9375
F0,44,train,100,reported_cancelled,4,first,0,16,0.0
F0,44,train,100,reported_cancelled,4,third,0,16,0.0
F0,44,train,100,reported_completed,-3,first,13,16,0.8125
F0,44,train,100,reported_completed,-3,third,12,16,0.75
F0,44,train,100,reported_completed,-2,first,0,16,0.0
F0,44,train,100,reported_completed,-2,third,0,16,0.0
F0,44,train,100,reported_completed,-1,first,16,16,1.0
F0,44,train,100,reported_completed,-1,third,16,16,1.0
F0,44,train,100,reported_completed,0,first,0,16,0.0
F0,44,train,100,reported_completed,0,third,0,16,0.0
F0,44,train,150,recorded_plan,-3,first,16,16,1.0
F0,44,train,150,recorded_plan,-3,third,16,16,1.0
F0,44,train,150,recorded_plan,-2,first,0,16,0.0
F0,44,train,150,recorded_plan,-2,third,0,16,0.0
F0,44,train,150,recorded_plan,-1,first,16,16,1.0
F0,44,train,150,recorded_plan,-1,third,16,16,1.0
F0,44,train,150,recorded_plan,0,first,0,16,0.0
F0,44,train,150,recorded_plan,0,third,0,16,0.0
F0,44,train,150,recorded_plan,1,first,15,16,0.9375
F0,44,train,150,recorded_plan,1,third,12,16,0.75
F0,44,train,150,recorded_plan,2,first,2,16,0.125
F0,44,train,150,recorded_plan,2,third,2,16,0.125
F0,44,train,150,recorded_plan,3,first,16,16,1.0
F0,44,train,150,recorded_plan,3,third,16,16,1.0
F0,44,train,150,recorded_plan,4,first,0,16,0.0
F0,44,train,150,recorded_plan,4,third,0,16,0.0
F0,44,train,150,reported_cancelled,-3,first,13,16,0.8125
F0,44,train,150,reported_cancelled,-3,third,12,16,0.75
F0,44,train,150,reported_cancelled,-2,first,0,16,0.0
F0,44,train,150,reported_cancelled,-2,third,0,16,0.0
F0,44,train,150,reported_cancelled,-1,first,16,16,1.0
F0,44,train,150,reported_cancelled,-1,third,16,16,1.0
F0,44,train,150,reported_cancelled,0,first,0,16,0.0
F0,44,train,150,reported_cancelled,0,third,0,16,0.0
F0,44,train,150,reported_cancelled,1,first,15,16,0.9375
F0,44,train,150,reported_cancelled,1,third,14,16,0.875
F0,44,train,150,reported_cancelled,2,first,2,16,0.125
F0,44,train,150,reported_cancelled,2,third,2,16,0.125
F0,44,train,150,reported_cancelled,3,first,15,16,0.9375
F0,44,train,150,reported_cancelled,3,third,15,16,0.9375
F0,44,train,150,reported_cancelled,4,first,0,16,0.0
F0,44,train,150,reported_cancelled,4,third,0,16,0.0
F0,44,train,150,reported_completed,-3,first,14,16,0.875
F0,44,train,150,reported_completed,-3,third,12,16,0.75
F0,44,train,150,reported_completed,-2,first,0,16,0.0
F0,44,train,150,reported_completed,-2,third,0,16,0.0
F0,44,train,150,reported_completed,-1,first,16,16,1.0
F0,44,train,150,reported_completed,-1,third,16,16,1.0
F0,44,train,150,reported_completed,0,first,0,16,0.0
F0,44,train,150,reported_completed,0,third,0,16,0.0
F0,44,train,200,recorded_plan,-3,first,16,16,1.0
F0,44,train,200,recorded_plan,-3,third,16,16,1.0
F0,44,train,200,recorded_plan,-2,first,0,16,0.0
F0,44,train,200,recorded_plan,-2,third,0,16,0.0
F0,44,train,200,recorded_plan,-1,first,16,16,1.0
F0,44,train,200,recorded_plan,-1,third,16,16,1.0
F0,44,train,200,recorded_plan,0,first,0,16,0.0
F0,44,train,200,recorded_plan,0,third,0,16,0.0
F0,44,train,200,recorded_plan,1,first,15,16,0.9375
F0,44,train,200,recorded_plan,1,third,11,16,0.6875
F0,44,train,200,recorded_plan,2,first,2,16,0.125
F0,44,train,200,recorded_plan,2,third,2,16,0.125
F0,44,train,200,recorded_plan,3,first,16,16,1.0
F0,44,train,200,recorded_plan,3,third,16,16,1.0
F0,44,train,200,recorded_plan,4,first,0,16,0.0
F0,44,train,200,recorded_plan,4,third,0,16,0.0
F0,44,train,200,reported_cancelled,-3,first,13,16,0.8125
F0,44,train,200,reported_cancelled,-3,third,12,16,0.75
F0,44,train,200,reported_cancelled,-2,first,0,16,0.0
F0,44,train,200,reported_cancelled,-2,third,0,16,0.0
F0,44,train,200,reported_cancelled,-1,first,16,16,1.0
F0,44,train,200,reported_cancelled,-1,third,16,16,1.0
F0,44,train,200,reported_cancelled,0,first,0,16,0.0
F0,44,train,200,reported_cancelled,0,third,0,16,0.0
F0,44,train,200,reported_cancelled,1,first,14,16,0.875
F0,44,train,200,reported_cancelled,1,third,12,16,0.75
F0,44,train,200,reported_cancelled,2,first,2,16,0.125
F0,44,train,200,reported_cancelled,2,third,2,16,0.125
F0,44,train,200,reported_cancelled,3,first,15,16,0.9375
F0,44,train,200,reported_cancelled,3,third,15,16,0.9375
F0,44,train,200,reported_cancelled,4,first,0,16,0.0
F0,44,train,200,reported_cancelled,4,third,0,16,0.0
F0,44,train,200,reported_completed,-3,first,14,16,0.875
F0,44,train,200,reported_completed,-3,third,13,16,0.8125
F0,44,train,200,reported_completed,-2,first,0,16,0.0
F0,44,train,200,reported_completed,-2,third,0,16,0.0
F0,44,train,200,reported_completed,-1,first,16,16,1.0
F0,44,train,200,reported_completed,-1,third,16,16,1.0
F0,44,train,200,reported_completed,0,first,0,16,0.0
F0,44,train,200,reported_completed,0,third,0,16,0.0
F0,44,train,50,recorded_plan,-3,first,16,16,1.0
F0,44,train,50,recorded_plan,-3,third,16,16,1.0
F0,44,train,50,recorded_plan,-2,first,0,16,0.0
F0,44,train,50,recorded_plan,-2,third,0,16,0.0
F0,44,train,50,recorded_plan,-1,first,16,16,1.0
F0,44,train,50,recorded_plan,-1,third,16,16,1.0
F0,44,train,50,recorded_plan,0,first,0,16,0.0
F0,44,train,50,recorded_plan,0,third,0,16,0.0
F0,44,train,50,recorded_plan,1,first,16,16,1.0
F0,44,train,50,recorded_plan,1,third,13,16,0.8125
F0,44,train,50,recorded_plan,2,first,2,16,0.125
F0,44,train,50,recorded_plan,2,third,2,16,0.125
F0,44,train,50,recorded_plan,3,first,16,16,1.0
F0,44,train,50,recorded_plan,3,third,16,16,1.0
F0,44,train,50,recorded_plan,4,first,0,16,0.0
F0,44,train,50,recorded_plan,4,third,0,16,0.0
F0,44,train,50,reported_cancelled,-3,first,11,16,0.6875
F0,44,train,50,reported_cancelled,-3,third,9,16,0.5625
F0,44,train,50,reported_cancelled,-2,first,0,16,0.0
F0,44,train,50,reported_cancelled,-2,third,0,16,0.0
F0,44,train,50,reported_cancelled,-1,first,16,16,1.0
F0,44,train,50,reported_cancelled,-1,third,16,16,1.0
F0,44,train,50,reported_cancelled,0,first,0,16,0.0
F0,44,train,50,reported_cancelled,0,third,0,16,0.0
F0,44,train,50,reported_cancelled,1,first,15,16,0.9375
F0,44,train,50,reported_cancelled,1,third,14,16,0.875
F0,44,train,50,reported_cancelled,2,first,2,16,0.125
F0,44,train,50,reported_cancelled,2,third,2,16,0.125
F0,44,train,50,reported_cancelled,3,first,15,16,0.9375
F0,44,train,50,reported_cancelled,3,third,15,16,0.9375
F0,44,train,50,reported_cancelled,4,first,0,16,0.0
F0,44,train,50,reported_cancelled,4,third,0,16,0.0
F0,44,train,50,reported_completed,-3,first,14,16,0.875
F0,44,train,50,reported_completed,-3,third,12,16,0.75
F0,44,train,50,reported_completed,-2,first,0,16,0.0
F0,44,train,50,reported_completed,-2,third,0,16,0.0
F0,44,train,50,reported_completed,-1,first,16,16,1.0
F0,44,train,50,reported_completed,-1,third,16,16,1.0
F0,44,train,50,reported_completed,0,first,0,16,0.0
F0,44,train,50,reported_completed,0,third,0,16,0.0
F1,42,dev,0,recorded_plan,-3,first,16,16,1.0
F1,42,dev,0,recorded_plan,-3,third,16,16,1.0
F1,42,dev,0,recorded_plan,-2,first,16,16,1.0
F1,42,dev,0,recorded_plan,-2,third,16,16,1.0
F1,42,dev,0,recorded_plan,-1,first,16,16,1.0
F1,42,dev,0,recorded_plan,-1,third,16,16,1.0
F1,42,dev,0,recorded_plan,0,first,16,16,1.0
F1,42,dev,0,recorded_plan,0,third,16,16,1.0
F1,42,dev,0,recorded_plan,1,first,16,16,1.0
F1,42,dev,0,recorded_plan,1,third,16,16,1.0
F1,42,dev,0,recorded_plan,2,first,16,16,1.0
F1,42,dev,0,recorded_plan,2,third,16,16,1.0
F1,42,dev,0,recorded_plan,3,first,16,16,1.0
F1,42,dev,0,recorded_plan,3,third,16,16,1.0
F1,42,dev,0,recorded_plan,4,first,0,16,0.0
F1,42,dev,0,recorded_plan,4,third,0,16,0.0
F1,42,dev,0,reported_cancelled,-3,first,16,16,1.0
F1,42,dev,0,reported_cancelled,-3,third,16,16,1.0
F1,42,dev,0,reported_cancelled,-2,first,16,16,1.0
F1,42,dev,0,reported_cancelled,-2,third,16,16,1.0
F1,42,dev,0,reported_cancelled,-1,first,16,16,1.0
F1,42,dev,0,reported_cancelled,-1,third,16,16,1.0
F1,42,dev,0,reported_cancelled,0,first,16,16,1.0
F1,42,dev,0,reported_cancelled,0,third,16,16,1.0
F1,42,dev,0,reported_cancelled,1,first,16,16,1.0
F1,42,dev,0,reported_cancelled,1,third,16,16,1.0
F1,42,dev,0,reported_cancelled,2,first,16,16,1.0
F1,42,dev,0,reported_cancelled,2,third,16,16,1.0
F1,42,dev,0,reported_cancelled,3,first,15,16,0.9375
F1,42,dev,0,reported_cancelled,3,third,15,16,0.9375
F1,42,dev,0,reported_cancelled,4,first,0,16,0.0
F1,42,dev,0,reported_cancelled,4,third,0,16,0.0
F1,42,dev,0,reported_completed,-3,first,16,16,1.0
F1,42,dev,0,reported_completed,-3,third,16,16,1.0
F1,42,dev,0,reported_completed,-2,first,16,16,1.0
F1,42,dev,0,reported_completed,-2,third,16,16,1.0
F1,42,dev,0,reported_completed,-1,first,16,16,1.0
F1,42,dev,0,reported_completed,-1,third,16,16,1.0
F1,42,dev,0,reported_completed,0,first,16,16,1.0
F1,42,dev,0,reported_completed,0,third,16,16,1.0
F1,42,dev,100,recorded_plan,-3,first,16,16,1.0
F1,42,dev,100,recorded_plan,-3,third,16,16,1.0
F1,42,dev,100,recorded_plan,-2,first,16,16,1.0
F1,42,dev,100,recorded_plan,-2,third,16,16,1.0
F1,42,dev,100,recorded_plan,-1,first,16,16,1.0
F1,42,dev,100,recorded_plan,-1,third,16,16,1.0
F1,42,dev,100,recorded_plan,0,first,16,16,1.0
F1,42,dev,100,recorded_plan,0,third,16,16,1.0
F1,42,dev,100,recorded_plan,1,first,16,16,1.0
F1,42,dev,100,recorded_plan,1,third,16,16,1.0
F1,42,dev,100,recorded_plan,2,first,16,16,1.0
F1,42,dev,100,recorded_plan,2,third,16,16,1.0
F1,42,dev,100,recorded_plan,3,first,16,16,1.0
F1,42,dev,100,recorded_plan,3,third,16,16,1.0
F1,42,dev,100,recorded_plan,4,first,16,16,1.0
F1,42,dev,100,recorded_plan,4,third,16,16,1.0
F1,42,dev,100,reported_cancelled,-3,first,16,16,1.0
F1,42,dev,100,reported_cancelled,-3,third,16,16,1.0
F1,42,dev,100,reported_cancelled,-2,first,16,16,1.0
F1,42,dev,100,reported_cancelled,-2,third,16,16,1.0
F1,42,dev,100,reported_cancelled,-1,first,16,16,1.0
F1,42,dev,100,reported_cancelled,-1,third,16,16,1.0
F1,42,dev,100,reported_cancelled,0,first,16,16,1.0
F1,42,dev,100,reported_cancelled,0,third,16,16,1.0
F1,42,dev,100,reported_cancelled,1,first,16,16,1.0
F1,42,dev,100,reported_cancelled,1,third,16,16,1.0
F1,42,dev,100,reported_cancelled,2,first,16,16,1.0
F1,42,dev,100,reported_cancelled,2,third,16,16,1.0
F1,42,dev,100,reported_cancelled,3,first,16,16,1.0
F1,42,dev,100,reported_cancelled,3,third,16,16,1.0
F1,42,dev,100,reported_cancelled,4,first,16,16,1.0
F1,42,dev,100,reported_cancelled,4,third,16,16,1.0
F1,42,dev,100,reported_completed,-3,first,16,16,1.0
F1,42,dev,100,reported_completed,-3,third,16,16,1.0
F1,42,dev,100,reported_completed,-2,first,16,16,1.0
F1,42,dev,100,reported_completed,-2,third,16,16,1.0
F1,42,dev,100,reported_completed,-1,first,16,16,1.0
F1,42,dev,100,reported_completed,-1,third,16,16,1.0
F1,42,dev,100,reported_completed,0,first,16,16,1.0
F1,42,dev,100,reported_completed,0,third,16,16,1.0
F1,42,dev,150,recorded_plan,-3,first,16,16,1.0
F1,42,dev,150,recorded_plan,-3,third,16,16,1.0
F1,42,dev,150,recorded_plan,-2,first,16,16,1.0
F1,42,dev,150,recorded_plan,-2,third,16,16,1.0
F1,42,dev,150,recorded_plan,-1,first,16,16,1.0
F1,42,dev,150,recorded_plan,-1,third,16,16,1.0
F1,42,dev,150,recorded_plan,0,first,16,16,1.0
F1,42,dev,150,recorded_plan,0,third,16,16,1.0
F1,42,dev,150,recorded_plan,1,first,16,16,1.0
F1,42,dev,150,recorded_plan,1,third,16,16,1.0
F1,42,dev,150,recorded_plan,2,first,16,16,1.0
F1,42,dev,150,recorded_plan,2,third,16,16,1.0
F1,42,dev,150,recorded_plan,3,first,16,16,1.0
F1,42,dev,150,recorded_plan,3,third,16,16,1.0
F1,42,dev,150,recorded_plan,4,first,16,16,1.0
F1,42,dev,150,recorded_plan,4,third,16,16,1.0
F1,42,dev,150,reported_cancelled,-3,first,16,16,1.0
F1,42,dev,150,reported_cancelled,-3,third,16,16,1.0
F1,42,dev,150,reported_cancelled,-2,first,16,16,1.0
F1,42,dev,150,reported_cancelled,-2,third,16,16,1.0
F1,42,dev,150,reported_cancelled,-1,first,16,16,1.0
F1,42,dev,150,reported_cancelled,-1,third,16,16,1.0
F1,42,dev,150,reported_cancelled,0,first,16,16,1.0
F1,42,dev,150,reported_cancelled,0,third,16,16,1.0
F1,42,dev,150,reported_cancelled,1,first,16,16,1.0
F1,42,dev,150,reported_cancelled,1,third,16,16,1.0
F1,42,dev,150,reported_cancelled,2,first,16,16,1.0
F1,42,dev,150,reported_cancelled,2,third,16,16,1.0
F1,42,dev,150,reported_cancelled,3,first,16,16,1.0
F1,42,dev,150,reported_cancelled,3,third,16,16,1.0
F1,42,dev,150,reported_cancelled,4,first,16,16,1.0
F1,42,dev,150,reported_cancelled,4,third,16,16,1.0
F1,42,dev,150,reported_completed,-3,first,16,16,1.0
F1,42,dev,150,reported_completed,-3,third,16,16,1.0
F1,42,dev,150,reported_completed,-2,first,16,16,1.0
F1,42,dev,150,reported_completed,-2,third,16,16,1.0
F1,42,dev,150,reported_completed,-1,first,16,16,1.0
F1,42,dev,150,reported_completed,-1,third,16,16,1.0
F1,42,dev,150,reported_completed,0,first,16,16,1.0
F1,42,dev,150,reported_completed,0,third,16,16,1.0
F1,42,dev,200,recorded_plan,-3,first,16,16,1.0
F1,42,dev,200,recorded_plan,-3,third,16,16,1.0
F1,42,dev,200,recorded_plan,-2,first,16,16,1.0
F1,42,dev,200,recorded_plan,-2,third,16,16,1.0
F1,42,dev,200,recorded_plan,-1,first,16,16,1.0
F1,42,dev,200,recorded_plan,-1,third,16,16,1.0
F1,42,dev,200,recorded_plan,0,first,16,16,1.0
F1,42,dev,200,recorded_plan,0,third,16,16,1.0
F1,42,dev,200,recorded_plan,1,first,16,16,1.0
F1,42,dev,200,recorded_plan,1,third,16,16,1.0
F1,42,dev,200,recorded_plan,2,first,16,16,1.0
F1,42,dev,200,recorded_plan,2,third,16,16,1.0
F1,42,dev,200,recorded_plan,3,first,16,16,1.0
F1,42,dev,200,recorded_plan,3,third,16,16,1.0
F1,42,dev,200,recorded_plan,4,first,16,16,1.0
F1,42,dev,200,recorded_plan,4,third,16,16,1.0
F1,42,dev,200,reported_cancelled,-3,first,16,16,1.0
F1,42,dev,200,reported_cancelled,-3,third,16,16,1.0
F1,42,dev,200,reported_cancelled,-2,first,16,16,1.0
F1,42,dev,200,reported_cancelled,-2,third,16,16,1.0
F1,42,dev,200,reported_cancelled,-1,first,16,16,1.0
F1,42,dev,200,reported_cancelled,-1,third,16,16,1.0
F1,42,dev,200,reported_cancelled,0,first,16,16,1.0
F1,42,dev,200,reported_cancelled,0,third,16,16,1.0
F1,42,dev,200,reported_cancelled,1,first,16,16,1.0
F1,42,dev,200,reported_cancelled,1,third,16,16,1.0
F1,42,dev,200,reported_cancelled,2,first,16,16,1.0
F1,42,dev,200,reported_cancelled,2,third,16,16,1.0
F1,42,dev,200,reported_cancelled,3,first,16,16,1.0
F1,42,dev,200,reported_cancelled,3,third,16,16,1.0
F1,42,dev,200,reported_cancelled,4,first,16,16,1.0
F1,42,dev,200,reported_cancelled,4,third,16,16,1.0
F1,42,dev,200,reported_completed,-3,first,16,16,1.0
F1,42,dev,200,reported_completed,-3,third,16,16,1.0
F1,42,dev,200,reported_completed,-2,first,16,16,1.0
F1,42,dev,200,reported_completed,-2,third,16,16,1.0
F1,42,dev,200,reported_completed,-1,first,16,16,1.0
F1,42,dev,200,reported_completed,-1,third,16,16,1.0
F1,42,dev,200,reported_completed,0,first,16,16,1.0
F1,42,dev,200,reported_completed,0,third,16,16,1.0
F1,42,dev,50,recorded_plan,-3,first,16,16,1.0
F1,42,dev,50,recorded_plan,-3,third,16,16,1.0
F1,42,dev,50,recorded_plan,-2,first,16,16,1.0
F1,42,dev,50,recorded_plan,-2,third,16,16,1.0
F1,42,dev,50,recorded_plan,-1,first,16,16,1.0
F1,42,dev,50,recorded_plan,-1,third,16,16,1.0
F1,42,dev,50,recorded_plan,0,first,16,16,1.0
F1,42,dev,50,recorded_plan,0,third,16,16,1.0
F1,42,dev,50,recorded_plan,1,first,16,16,1.0
F1,42,dev,50,recorded_plan,1,third,16,16,1.0
F1,42,dev,50,recorded_plan,2,first,16,16,1.0
F1,42,dev,50,recorded_plan,2,third,16,16,1.0
F1,42,dev,50,recorded_plan,3,first,16,16,1.0
F1,42,dev,50,recorded_plan,3,third,16,16,1.0
F1,42,dev,50,recorded_plan,4,first,15,16,0.9375
F1,42,dev,50,recorded_plan,4,third,16,16,1.0
F1,42,dev,50,reported_cancelled,-3,first,16,16,1.0
F1,42,dev,50,reported_cancelled,-3,third,16,16,1.0
F1,42,dev,50,reported_cancelled,-2,first,16,16,1.0
F1,42,dev,50,reported_cancelled,-2,third,16,16,1.0
F1,42,dev,50,reported_cancelled,-1,first,16,16,1.0
F1,42,dev,50,reported_cancelled,-1,third,16,16,1.0
F1,42,dev,50,reported_cancelled,0,first,16,16,1.0
F1,42,dev,50,reported_cancelled,0,third,16,16,1.0
F1,42,dev,50,reported_cancelled,1,first,16,16,1.0
F1,42,dev,50,reported_cancelled,1,third,16,16,1.0
F1,42,dev,50,reported_cancelled,2,first,16,16,1.0
F1,42,dev,50,reported_cancelled,2,third,16,16,1.0
F1,42,dev,50,reported_cancelled,3,first,15,16,0.9375
F1,42,dev,50,reported_cancelled,3,third,15,16,0.9375
F1,42,dev,50,reported_cancelled,4,first,16,16,1.0
F1,42,dev,50,reported_cancelled,4,third,16,16,1.0
F1,42,dev,50,reported_completed,-3,first,16,16,1.0
F1,42,dev,50,reported_completed,-3,third,16,16,1.0
F1,42,dev,50,reported_completed,-2,first,16,16,1.0
F1,42,dev,50,reported_completed,-2,third,16,16,1.0
F1,42,dev,50,reported_completed,-1,first,16,16,1.0
F1,42,dev,50,reported_completed,-1,third,16,16,1.0
F1,42,dev,50,reported_completed,0,first,16,16,1.0
F1,42,dev,50,reported_completed,0,third,16,16,1.0
F1,42,train,0,recorded_plan,-3,first,16,16,1.0
F1,42,train,0,recorded_plan,-3,third,16,16,1.0
F1,42,train,0,recorded_plan,-2,first,16,16,1.0
F1,42,train,0,recorded_plan,-2,third,16,16,1.0
F1,42,train,0,recorded_plan,-1,first,16,16,1.0
F1,42,train,0,recorded_plan,-1,third,16,16,1.0
F1,42,train,0,recorded_plan,0,first,16,16,1.0
F1,42,train,0,recorded_plan,0,third,16,16,1.0
F1,42,train,0,recorded_plan,1,first,16,16,1.0
F1,42,train,0,recorded_plan,1,third,16,16,1.0
F1,42,train,0,recorded_plan,2,first,16,16,1.0
F1,42,train,0,recorded_plan,2,third,16,16,1.0
F1,42,train,0,recorded_plan,3,first,16,16,1.0
F1,42,train,0,recorded_plan,3,third,16,16,1.0
F1,42,train,0,recorded_plan,4,first,0,16,0.0
F1,42,train,0,recorded_plan,4,third,0,16,0.0
F1,42,train,0,reported_cancelled,-3,first,16,16,1.0
F1,42,train,0,reported_cancelled,-3,third,16,16,1.0
F1,42,train,0,reported_cancelled,-2,first,16,16,1.0
F1,42,train,0,reported_cancelled,-2,third,16,16,1.0
F1,42,train,0,reported_cancelled,-1,first,16,16,1.0
F1,42,train,0,reported_cancelled,-1,third,16,16,1.0
F1,42,train,0,reported_cancelled,0,first,16,16,1.0
F1,42,train,0,reported_cancelled,0,third,16,16,1.0
F1,42,train,0,reported_cancelled,1,first,16,16,1.0
F1,42,train,0,reported_cancelled,1,third,16,16,1.0
F1,42,train,0,reported_cancelled,2,first,16,16,1.0
F1,42,train,0,reported_cancelled,2,third,16,16,1.0
F1,42,train,0,reported_cancelled,3,first,16,16,1.0
F1,42,train,0,reported_cancelled,3,third,16,16,1.0
F1,42,train,0,reported_cancelled,4,first,0,16,0.0
F1,42,train,0,reported_cancelled,4,third,0,16,0.0
F1,42,train,0,reported_completed,-3,first,16,16,1.0
F1,42,train,0,reported_completed,-3,third,16,16,1.0
F1,42,train,0,reported_completed,-2,first,16,16,1.0
F1,42,train,0,reported_completed,-2,third,16,16,1.0
F1,42,train,0,reported_completed,-1,first,16,16,1.0
F1,42,train,0,reported_completed,-1,third,16,16,1.0
F1,42,train,0,reported_completed,0,first,16,16,1.0
F1,42,train,0,reported_completed,0,third,16,16,1.0
F1,42,train,100,recorded_plan,-3,first,16,16,1.0
F1,42,train,100,recorded_plan,-3,third,16,16,1.0
F1,42,train,100,recorded_plan,-2,first,16,16,1.0
F1,42,train,100,recorded_plan,-2,third,16,16,1.0
F1,42,train,100,recorded_plan,-1,first,16,16,1.0
F1,42,train,100,recorded_plan,-1,third,16,16,1.0
F1,42,train,100,recorded_plan,0,first,16,16,1.0
F1,42,train,100,recorded_plan,0,third,16,16,1.0
F1,42,train,100,recorded_plan,1,first,16,16,1.0
F1,42,train,100,recorded_plan,1,third,16,16,1.0
F1,42,train,100,recorded_plan,2,first,16,16,1.0
F1,42,train,100,recorded_plan,2,third,16,16,1.0
F1,42,train,100,recorded_plan,3,first,16,16,1.0
F1,42,train,100,recorded_plan,3,third,16,16,1.0
F1,42,train,100,recorded_plan,4,first,16,16,1.0
F1,42,train,100,recorded_plan,4,third,16,16,1.0
F1,42,train,100,reported_cancelled,-3,first,16,16,1.0
F1,42,train,100,reported_cancelled,-3,third,16,16,1.0
F1,42,train,100,reported_cancelled,-2,first,16,16,1.0
F1,42,train,100,reported_cancelled,-2,third,16,16,1.0
F1,42,train,100,reported_cancelled,-1,first,16,16,1.0
F1,42,train,100,reported_cancelled,-1,third,16,16,1.0
F1,42,train,100,reported_cancelled,0,first,16,16,1.0
F1,42,train,100,reported_cancelled,0,third,16,16,1.0
F1,42,train,100,reported_cancelled,1,first,16,16,1.0
F1,42,train,100,reported_cancelled,1,third,16,16,1.0
F1,42,train,100,reported_cancelled,2,first,16,16,1.0
F1,42,train,100,reported_cancelled,2,third,16,16,1.0
F1,42,train,100,reported_cancelled,3,first,16,16,1.0
F1,42,train,100,reported_cancelled,3,third,16,16,1.0
F1,42,train,100,reported_cancelled,4,first,16,16,1.0
F1,42,train,100,reported_cancelled,4,third,16,16,1.0
F1,42,train,100,reported_completed,-3,first,16,16,1.0
F1,42,train,100,reported_completed,-3,third,16,16,1.0
F1,42,train,100,reported_completed,-2,first,16,16,1.0
F1,42,train,100,reported_completed,-2,third,16,16,1.0
F1,42,train,100,reported_completed,-1,first,16,16,1.0
F1,42,train,100,reported_completed,-1,third,16,16,1.0
F1,42,train,100,reported_completed,0,first,16,16,1.0
F1,42,train,100,reported_completed,0,third,16,16,1.0
F1,42,train,150,recorded_plan,-3,first,16,16,1.0
F1,42,train,150,recorded_plan,-3,third,16,16,1.0
F1,42,train,150,recorded_plan,-2,first,16,16,1.0
F1,42,train,150,recorded_plan,-2,third,16,16,1.0
F1,42,train,150,recorded_plan,-1,first,16,16,1.0
F1,42,train,150,recorded_plan,-1,third,16,16,1.0
F1,42,train,150,recorded_plan,0,first,16,16,1.0
F1,42,train,150,recorded_plan,0,third,16,16,1.0
F1,42,train,150,recorded_plan,1,first,16,16,1.0
F1,42,train,150,recorded_plan,1,third,16,16,1.0
F1,42,train,150,recorded_plan,2,first,16,16,1.0
F1,42,train,150,recorded_plan,2,third,16,16,1.0
F1,42,train,150,recorded_plan,3,first,16,16,1.0
F1,42,train,150,recorded_plan,3,third,16,16,1.0
F1,42,train,150,recorded_plan,4,first,16,16,1.0
F1,42,train,150,recorded_plan,4,third,16,16,1.0
F1,42,train,150,reported_cancelled,-3,first,16,16,1.0
F1,42,train,150,reported_cancelled,-3,third,16,16,1.0
F1,42,train,150,reported_cancelled,-2,first,16,16,1.0
F1,42,train,150,reported_cancelled,-2,third,16,16,1.0
F1,42,train,150,reported_cancelled,-1,first,16,16,1.0
F1,42,train,150,reported_cancelled,-1,third,16,16,1.0
F1,42,train,150,reported_cancelled,0,first,16,16,1.0
F1,42,train,150,reported_cancelled,0,third,16,16,1.0
F1,42,train,150,reported_cancelled,1,first,16,16,1.0
F1,42,train,150,reported_cancelled,1,third,16,16,1.0
F1,42,train,150,reported_cancelled,2,first,16,16,1.0
F1,42,train,150,reported_cancelled,2,third,16,16,1.0
F1,42,train,150,reported_cancelled,3,first,16,16,1.0
F1,42,train,150,reported_cancelled,3,third,16,16,1.0
F1,42,train,150,reported_cancelled,4,first,16,16,1.0
F1,42,train,150,reported_cancelled,4,third,16,16,1.0
F1,42,train,150,reported_completed,-3,first,16,16,1.0
F1,42,train,150,reported_completed,-3,third,16,16,1.0
F1,42,train,150,reported_completed,-2,first,16,16,1.0
F1,42,train,150,reported_completed,-2,third,16,16,1.0
F1,42,train,150,reported_completed,-1,first,16,16,1.0
F1,42,train,150,reported_completed,-1,third,16,16,1.0
F1,42,train,150,reported_completed,0,first,16,16,1.0
F1,42,train,150,reported_completed,0,third,16,16,1.0
F1,42,train,200,recorded_plan,-3,first,16,16,1.0
F1,42,train,200,recorded_plan,-3,third,16,16,1.0
F1,42,train,200,recorded_plan,-2,first,16,16,1.0
F1,42,train,200,recorded_plan,-2,third,16,16,1.0
F1,42,train,200,recorded_plan,-1,first,16,16,1.0
F1,42,train,200,recorded_plan,-1,third,16,16,1.0
F1,42,train,200,recorded_plan,0,first,16,16,1.0
F1,42,train,200,recorded_plan,0,third,16,16,1.0
F1,42,train,200,recorded_plan,1,first,16,16,1.0
F1,42,train,200,recorded_plan,1,third,16,16,1.0
F1,42,train,200,recorded_plan,2,first,16,16,1.0
F1,42,train,200,recorded_plan,2,third,16,16,1.0
F1,42,train,200,recorded_plan,3,first,16,16,1.0
F1,42,train,200,recorded_plan,3,third,16,16,1.0
F1,42,train,200,recorded_plan,4,first,16,16,1.0
F1,42,train,200,recorded_plan,4,third,16,16,1.0
F1,42,train,200,reported_cancelled,-3,first,16,16,1.0
F1,42,train,200,reported_cancelled,-3,third,16,16,1.0
F1,42,train,200,reported_cancelled,-2,first,16,16,1.0
F1,42,train,200,reported_cancelled,-2,third,16,16,1.0
F1,42,train,200,reported_cancelled,-1,first,16,16,1.0
F1,42,train,200,reported_cancelled,-1,third,16,16,1.0
F1,42,train,200,reported_cancelled,0,first,16,16,1.0
F1,42,train,200,reported_cancelled,0,third,16,16,1.0
F1,42,train,200,reported_cancelled,1,first,16,16,1.0
F1,42,train,200,reported_cancelled,1,third,16,16,1.0
F1,42,train,200,reported_cancelled,2,first,16,16,1.0
F1,42,train,200,reported_cancelled,2,third,16,16,1.0
F1,42,train,200,reported_cancelled,3,first,16,16,1.0
F1,42,train,200,reported_cancelled,3,third,16,16,1.0
F1,42,train,200,reported_cancelled,4,first,16,16,1.0
F1,42,train,200,reported_cancelled,4,third,16,16,1.0
F1,42,train,200,reported_completed,-3,first,16,16,1.0
F1,42,train,200,reported_completed,-3,third,16,16,1.0
F1,42,train,200,reported_completed,-2,first,16,16,1.0
F1,42,train,200,reported_completed,-2,third,16,16,1.0
F1,42,train,200,reported_completed,-1,first,16,16,1.0
F1,42,train,200,reported_completed,-1,third,16,16,1.0
F1,42,train,200,reported_completed,0,first,16,16,1.0
F1,42,train,200,reported_completed,0,third,16,16,1.0
F1,42,train,50,recorded_plan,-3,first,16,16,1.0
F1,42,train,50,recorded_plan,-3,third,16,16,1.0
F1,42,train,50,recorded_plan,-2,first,16,16,1.0
F1,42,train,50,recorded_plan,-2,third,16,16,1.0
F1,42,train,50,recorded_plan,-1,first,16,16,1.0
F1,42,train,50,recorded_plan,-1,third,16,16,1.0
F1,42,train,50,recorded_plan,0,first,16,16,1.0
F1,42,train,50,recorded_plan,0,third,16,16,1.0
F1,42,train,50,recorded_plan,1,first,16,16,1.0
F1,42,train,50,recorded_plan,1,third,16,16,1.0
F1,42,train,50,recorded_plan,2,first,16,16,1.0
F1,42,train,50,recorded_plan,2,third,16,16,1.0
F1,42,train,50,recorded_plan,3,first,16,16,1.0
F1,42,train,50,recorded_plan,3,third,16,16,1.0
F1,42,train,50,recorded_plan,4,first,16,16,1.0
F1,42,train,50,recorded_plan,4,third,16,16,1.0
F1,42,train,50,reported_cancelled,-3,first,16,16,1.0
F1,42,train,50,reported_cancelled,-3,third,16,16,1.0
F1,42,train,50,reported_cancelled,-2,first,16,16,1.0
F1,42,train,50,reported_cancelled,-2,third,16,16,1.0
F1,42,train,50,reported_cancelled,-1,first,16,16,1.0
F1,42,train,50,reported_cancelled,-1,third,16,16,1.0
F1,42,train,50,reported_cancelled,0,first,16,16,1.0
F1,42,train,50,reported_cancelled,0,third,16,16,1.0
F1,42,train,50,reported_cancelled,1,first,16,16,1.0
F1,42,train,50,reported_cancelled,1,third,16,16,1.0
F1,42,train,50,reported_cancelled,2,first,16,16,1.0
F1,42,train,50,reported_cancelled,2,third,16,16,1.0
F1,42,train,50,reported_cancelled,3,first,16,16,1.0
F1,42,train,50,reported_cancelled,3,third,16,16,1.0
F1,42,train,50,reported_cancelled,4,first,16,16,1.0
F1,42,train,50,reported_cancelled,4,third,16,16,1.0
F1,42,train,50,reported_completed,-3,first,16,16,1.0
F1,42,train,50,reported_completed,-3,third,16,16,1.0
F1,42,train,50,reported_completed,-2,first,16,16,1.0
F1,42,train,50,reported_completed,-2,third,16,16,1.0
F1,42,train,50,reported_completed,-1,first,16,16,1.0
F1,42,train,50,reported_completed,-1,third,16,16,1.0
F1,42,train,50,reported_completed,0,first,16,16,1.0
F1,42,train,50,reported_completed,0,third,16,16,1.0
F1,43,dev,0,recorded_plan,-3,first,16,16,1.0
F1,43,dev,0,recorded_plan,-3,third,16,16,1.0
F1,43,dev,0,recorded_plan,-2,first,16,16,1.0
F1,43,dev,0,recorded_plan,-2,third,16,16,1.0
F1,43,dev,0,recorded_plan,-1,first,16,16,1.0
F1,43,dev,0,recorded_plan,-1,third,16,16,1.0
F1,43,dev,0,recorded_plan,0,first,16,16,1.0
F1,43,dev,0,recorded_plan,0,third,16,16,1.0
F1,43,dev,0,recorded_plan,1,first,16,16,1.0
F1,43,dev,0,recorded_plan,1,third,16,16,1.0
F1,43,dev,0,recorded_plan,2,first,16,16,1.0
F1,43,dev,0,recorded_plan,2,third,16,16,1.0
F1,43,dev,0,recorded_plan,3,first,16,16,1.0
F1,43,dev,0,recorded_plan,3,third,16,16,1.0
F1,43,dev,0,recorded_plan,4,first,0,16,0.0
F1,43,dev,0,recorded_plan,4,third,0,16,0.0
F1,43,dev,0,reported_cancelled,-3,first,16,16,1.0
F1,43,dev,0,reported_cancelled,-3,third,16,16,1.0
F1,43,dev,0,reported_cancelled,-2,first,16,16,1.0
F1,43,dev,0,reported_cancelled,-2,third,16,16,1.0
F1,43,dev,0,reported_cancelled,-1,first,16,16,1.0
F1,43,dev,0,reported_cancelled,-1,third,16,16,1.0
F1,43,dev,0,reported_cancelled,0,first,16,16,1.0
F1,43,dev,0,reported_cancelled,0,third,16,16,1.0
F1,43,dev,0,reported_cancelled,1,first,16,16,1.0
F1,43,dev,0,reported_cancelled,1,third,16,16,1.0
F1,43,dev,0,reported_cancelled,2,first,16,16,1.0
F1,43,dev,0,reported_cancelled,2,third,16,16,1.0
F1,43,dev,0,reported_cancelled,3,first,16,16,1.0
F1,43,dev,0,reported_cancelled,3,third,16,16,1.0
F1,43,dev,0,reported_cancelled,4,first,0,16,0.0
F1,43,dev,0,reported_cancelled,4,third,0,16,0.0
F1,43,dev,0,reported_completed,-3,first,16,16,1.0
F1,43,dev,0,reported_completed,-3,third,16,16,1.0
F1,43,dev,0,reported_completed,-2,first,16,16,1.0
F1,43,dev,0,reported_completed,-2,third,16,16,1.0
F1,43,dev,0,reported_completed,-1,first,16,16,1.0
F1,43,dev,0,reported_completed,-1,third,16,16,1.0
F1,43,dev,0,reported_completed,0,first,16,16,1.0
F1,43,dev,0,reported_completed,0,third,16,16,1.0
F1,43,dev,100,recorded_plan,-3,first,16,16,1.0
F1,43,dev,100,recorded_plan,-3,third,16,16,1.0
F1,43,dev,100,recorded_plan,-2,first,16,16,1.0
F1,43,dev,100,recorded_plan,-2,third,16,16,1.0
F1,43,dev,100,recorded_plan,-1,first,16,16,1.0
F1,43,dev,100,recorded_plan,-1,third,16,16,1.0
F1,43,dev,100,recorded_plan,0,first,16,16,1.0
F1,43,dev,100,recorded_plan,0,third,16,16,1.0
F1,43,dev,100,recorded_plan,1,first,16,16,1.0
F1,43,dev,100,recorded_plan,1,third,16,16,1.0
F1,43,dev,100,recorded_plan,2,first,16,16,1.0
F1,43,dev,100,recorded_plan,2,third,16,16,1.0
F1,43,dev,100,recorded_plan,3,first,16,16,1.0
F1,43,dev,100,recorded_plan,3,third,16,16,1.0
F1,43,dev,100,recorded_plan,4,first,16,16,1.0
F1,43,dev,100,recorded_plan,4,third,16,16,1.0
F1,43,dev,100,reported_cancelled,-3,first,16,16,1.0
F1,43,dev,100,reported_cancelled,-3,third,16,16,1.0
F1,43,dev,100,reported_cancelled,-2,first,16,16,1.0
F1,43,dev,100,reported_cancelled,-2,third,16,16,1.0
F1,43,dev,100,reported_cancelled,-1,first,16,16,1.0
F1,43,dev,100,reported_cancelled,-1,third,16,16,1.0
F1,43,dev,100,reported_cancelled,0,first,16,16,1.0
F1,43,dev,100,reported_cancelled,0,third,16,16,1.0
F1,43,dev,100,reported_cancelled,1,first,16,16,1.0
F1,43,dev,100,reported_cancelled,1,third,16,16,1.0
F1,43,dev,100,reported_cancelled,2,first,16,16,1.0
F1,43,dev,100,reported_cancelled,2,third,16,16,1.0
F1,43,dev,100,reported_cancelled,3,first,16,16,1.0
F1,43,dev,100,reported_cancelled,3,third,16,16,1.0
F1,43,dev,100,reported_cancelled,4,first,16,16,1.0
F1,43,dev,100,reported_cancelled,4,third,16,16,1.0
F1,43,dev,100,reported_completed,-3,first,16,16,1.0
F1,43,dev,100,reported_completed,-3,third,16,16,1.0
F1,43,dev,100,reported_completed,-2,first,16,16,1.0
F1,43,dev,100,reported_completed,-2,third,16,16,1.0
F1,43,dev,100,reported_completed,-1,first,16,16,1.0
F1,43,dev,100,reported_completed,-1,third,16,16,1.0
F1,43,dev,100,reported_completed,0,first,16,16,1.0
F1,43,dev,100,reported_completed,0,third,16,16,1.0
F1,43,dev,150,recorded_plan,-3,first,16,16,1.0
F1,43,dev,150,recorded_plan,-3,third,16,16,1.0
F1,43,dev,150,recorded_plan,-2,first,16,16,1.0
F1,43,dev,150,recorded_plan,-2,third,16,16,1.0
F1,43,dev,150,recorded_plan,-1,first,16,16,1.0
F1,43,dev,150,recorded_plan,-1,third,16,16,1.0
F1,43,dev,150,recorded_plan,0,first,16,16,1.0
F1,43,dev,150,recorded_plan,0,third,16,16,1.0
F1,43,dev,150,recorded_plan,1,first,16,16,1.0
F1,43,dev,150,recorded_plan,1,third,16,16,1.0
F1,43,dev,150,recorded_plan,2,first,16,16,1.0
F1,43,dev,150,recorded_plan,2,third,16,16,1.0
F1,43,dev,150,recorded_plan,3,first,16,16,1.0
F1,43,dev,150,recorded_plan,3,third,16,16,1.0
F1,43,dev,150,recorded_plan,4,first,16,16,1.0
F1,43,dev,150,recorded_plan,4,third,16,16,1.0
F1,43,dev,150,reported_cancelled,-3,first,16,16,1.0
F1,43,dev,150,reported_cancelled,-3,third,16,16,1.0
F1,43,dev,150,reported_cancelled,-2,first,16,16,1.0
F1,43,dev,150,reported_cancelled,-2,third,16,16,1.0
F1,43,dev,150,reported_cancelled,-1,first,16,16,1.0
F1,43,dev,150,reported_cancelled,-1,third,16,16,1.0
F1,43,dev,150,reported_cancelled,0,first,16,16,1.0
F1,43,dev,150,reported_cancelled,0,third,16,16,1.0
F1,43,dev,150,reported_cancelled,1,first,16,16,1.0
F1,43,dev,150,reported_cancelled,1,third,16,16,1.0
F1,43,dev,150,reported_cancelled,2,first,16,16,1.0
F1,43,dev,150,reported_cancelled,2,third,16,16,1.0
F1,43,dev,150,reported_cancelled,3,first,16,16,1.0
F1,43,dev,150,reported_cancelled,3,third,16,16,1.0
F1,43,dev,150,reported_cancelled,4,first,16,16,1.0
F1,43,dev,150,reported_cancelled,4,third,16,16,1.0
F1,43,dev,150,reported_completed,-3,first,16,16,1.0
F1,43,dev,150,reported_completed,-3,third,16,16,1.0
F1,43,dev,150,reported_completed,-2,first,16,16,1.0
F1,43,dev,150,reported_completed,-2,third,16,16,1.0
F1,43,dev,150,reported_completed,-1,first,16,16,1.0
F1,43,dev,150,reported_completed,-1,third,16,16,1.0
F1,43,dev,150,reported_completed,0,first,16,16,1.0
F1,43,dev,150,reported_completed,0,third,16,16,1.0
F1,43,dev,200,recorded_plan,-3,first,16,16,1.0
F1,43,dev,200,recorded_plan,-3,third,16,16,1.0
F1,43,dev,200,recorded_plan,-2,first,16,16,1.0
F1,43,dev,200,recorded_plan,-2,third,16,16,1.0
F1,43,dev,200,recorded_plan,-1,first,16,16,1.0
F1,43,dev,200,recorded_plan,-1,third,16,16,1.0
F1,43,dev,200,recorded_plan,0,first,16,16,1.0
F1,43,dev,200,recorded_plan,0,third,16,16,1.0
F1,43,dev,200,recorded_plan,1,first,16,16,1.0
F1,43,dev,200,recorded_plan,1,third,16,16,1.0
F1,43,dev,200,recorded_plan,2,first,16,16,1.0
F1,43,dev,200,recorded_plan,2,third,16,16,1.0
F1,43,dev,200,recorded_plan,3,first,16,16,1.0
F1,43,dev,200,recorded_plan,3,third,16,16,1.0
F1,43,dev,200,recorded_plan,4,first,16,16,1.0
F1,43,dev,200,recorded_plan,4,third,16,16,1.0
F1,43,dev,200,reported_cancelled,-3,first,16,16,1.0
F1,43,dev,200,reported_cancelled,-3,third,16,16,1.0
F1,43,dev,200,reported_cancelled,-2,first,16,16,1.0
F1,43,dev,200,reported_cancelled,-2,third,16,16,1.0
F1,43,dev,200,reported_cancelled,-1,first,16,16,1.0
F1,43,dev,200,reported_cancelled,-1,third,16,16,1.0
F1,43,dev,200,reported_cancelled,0,first,16,16,1.0
F1,43,dev,200,reported_cancelled,0,third,16,16,1.0
F1,43,dev,200,reported_cancelled,1,first,16,16,1.0
F1,43,dev,200,reported_cancelled,1,third,16,16,1.0
F1,43,dev,200,reported_cancelled,2,first,16,16,1.0
F1,43,dev,200,reported_cancelled,2,third,16,16,1.0
F1,43,dev,200,reported_cancelled,3,first,16,16,1.0
F1,43,dev,200,reported_cancelled,3,third,16,16,1.0
F1,43,dev,200,reported_cancelled,4,first,16,16,1.0
F1,43,dev,200,reported_cancelled,4,third,16,16,1.0
F1,43,dev,200,reported_completed,-3,first,16,16,1.0
F1,43,dev,200,reported_completed,-3,third,16,16,1.0
F1,43,dev,200,reported_completed,-2,first,16,16,1.0
F1,43,dev,200,reported_completed,-2,third,16,16,1.0
F1,43,dev,200,reported_completed,-1,first,16,16,1.0
F1,43,dev,200,reported_completed,-1,third,16,16,1.0
F1,43,dev,200,reported_completed,0,first,16,16,1.0
F1,43,dev,200,reported_completed,0,third,16,16,1.0
F1,43,dev,50,recorded_plan,-3,first,16,16,1.0
F1,43,dev,50,recorded_plan,-3,third,16,16,1.0
F1,43,dev,50,recorded_plan,-2,first,16,16,1.0
F1,43,dev,50,recorded_plan,-2,third,16,16,1.0
F1,43,dev,50,recorded_plan,-1,first,16,16,1.0
F1,43,dev,50,recorded_plan,-1,third,16,16,1.0
F1,43,dev,50,recorded_plan,0,first,16,16,1.0
F1,43,dev,50,recorded_plan,0,third,16,16,1.0
F1,43,dev,50,recorded_plan,1,first,16,16,1.0
F1,43,dev,50,recorded_plan,1,third,16,16,1.0
F1,43,dev,50,recorded_plan,2,first,16,16,1.0
F1,43,dev,50,recorded_plan,2,third,16,16,1.0
F1,43,dev,50,recorded_plan,3,first,16,16,1.0
F1,43,dev,50,recorded_plan,3,third,16,16,1.0
F1,43,dev,50,recorded_plan,4,first,16,16,1.0
F1,43,dev,50,recorded_plan,4,third,16,16,1.0
F1,43,dev,50,reported_cancelled,-3,first,16,16,1.0
F1,43,dev,50,reported_cancelled,-3,third,16,16,1.0
F1,43,dev,50,reported_cancelled,-2,first,16,16,1.0
F1,43,dev,50,reported_cancelled,-2,third,16,16,1.0
F1,43,dev,50,reported_cancelled,-1,first,16,16,1.0
F1,43,dev,50,reported_cancelled,-1,third,16,16,1.0
F1,43,dev,50,reported_cancelled,0,first,16,16,1.0
F1,43,dev,50,reported_cancelled,0,third,16,16,1.0
F1,43,dev,50,reported_cancelled,1,first,16,16,1.0
F1,43,dev,50,reported_cancelled,1,third,16,16,1.0
F1,43,dev,50,reported_cancelled,2,first,16,16,1.0
F1,43,dev,50,reported_cancelled,2,third,16,16,1.0
F1,43,dev,50,reported_cancelled,3,first,16,16,1.0
F1,43,dev,50,reported_cancelled,3,third,16,16,1.0
F1,43,dev,50,reported_cancelled,4,first,16,16,1.0
F1,43,dev,50,reported_cancelled,4,third,16,16,1.0
F1,43,dev,50,reported_completed,-3,first,16,16,1.0
F1,43,dev,50,reported_completed,-3,third,16,16,1.0
F1,43,dev,50,reported_completed,-2,first,16,16,1.0
F1,43,dev,50,reported_completed,-2,third,16,16,1.0
F1,43,dev,50,reported_completed,-1,first,16,16,1.0
F1,43,dev,50,reported_completed,-1,third,16,16,1.0
F1,43,dev,50,reported_completed,0,first,16,16,1.0
F1,43,dev,50,reported_completed,0,third,16,16,1.0
F1,43,train,0,recorded_plan,-3,first,16,16,1.0
F1,43,train,0,recorded_plan,-3,third,16,16,1.0
F1,43,train,0,recorded_plan,-2,first,16,16,1.0
F1,43,train,0,recorded_plan,-2,third,16,16,1.0
F1,43,train,0,recorded_plan,-1,first,16,16,1.0
F1,43,train,0,recorded_plan,-1,third,16,16,1.0
F1,43,train,0,recorded_plan,0,first,16,16,1.0
F1,43,train,0,recorded_plan,0,third,16,16,1.0
F1,43,train,0,recorded_plan,1,first,16,16,1.0
F1,43,train,0,recorded_plan,1,third,16,16,1.0
F1,43,train,0,recorded_plan,2,first,16,16,1.0
F1,43,train,0,recorded_plan,2,third,15,16,0.9375
F1,43,train,0,recorded_plan,3,first,16,16,1.0
F1,43,train,0,recorded_plan,3,third,16,16,1.0
F1,43,train,0,recorded_plan,4,first,0,16,0.0
F1,43,train,0,recorded_plan,4,third,0,16,0.0
F1,43,train,0,reported_cancelled,-3,first,16,16,1.0
F1,43,train,0,reported_cancelled,-3,third,16,16,1.0
F1,43,train,0,reported_cancelled,-2,first,16,16,1.0
F1,43,train,0,reported_cancelled,-2,third,16,16,1.0
F1,43,train,0,reported_cancelled,-1,first,16,16,1.0
F1,43,train,0,reported_cancelled,-1,third,16,16,1.0
F1,43,train,0,reported_cancelled,0,first,16,16,1.0
F1,43,train,0,reported_cancelled,0,third,16,16,1.0
F1,43,train,0,reported_cancelled,1,first,16,16,1.0
F1,43,train,0,reported_cancelled,1,third,16,16,1.0
F1,43,train,0,reported_cancelled,2,first,16,16,1.0
F1,43,train,0,reported_cancelled,2,third,16,16,1.0
F1,43,train,0,reported_cancelled,3,first,16,16,1.0
F1,43,train,0,reported_cancelled,3,third,16,16,1.0
F1,43,train,0,reported_cancelled,4,first,0,16,0.0
F1,43,train,0,reported_cancelled,4,third,0,16,0.0
F1,43,train,0,reported_completed,-3,first,16,16,1.0
F1,43,train,0,reported_completed,-3,third,16,16,1.0
F1,43,train,0,reported_completed,-2,first,16,16,1.0
F1,43,train,0,reported_completed,-2,third,16,16,1.0
F1,43,train,0,reported_completed,-1,first,16,16,1.0
F1,43,train,0,reported_completed,-1,third,16,16,1.0
F1,43,train,0,reported_completed,0,first,16,16,1.0
F1,43,train,0,reported_completed,0,third,16,16,1.0
F1,43,train,100,recorded_plan,-3,first,16,16,1.0
F1,43,train,100,recorded_plan,-3,third,16,16,1.0
F1,43,train,100,recorded_plan,-2,first,16,16,1.0
F1,43,train,100,recorded_plan,-2,third,16,16,1.0
F1,43,train,100,recorded_plan,-1,first,16,16,1.0
F1,43,train,100,recorded_plan,-1,third,16,16,1.0
F1,43,train,100,recorded_plan,0,first,16,16,1.0
F1,43,train,100,recorded_plan,0,third,16,16,1.0
F1,43,train,100,recorded_plan,1,first,16,16,1.0
F1,43,train,100,recorded_plan,1,third,16,16,1.0
F1,43,train,100,recorded_plan,2,first,16,16,1.0
F1,43,train,100,recorded_plan,2,third,16,16,1.0
F1,43,train,100,recorded_plan,3,first,16,16,1.0
F1,43,train,100,recorded_plan,3,third,16,16,1.0
F1,43,train,100,recorded_plan,4,first,16,16,1.0
F1,43,train,100,recorded_plan,4,third,16,16,1.0
F1,43,train,100,reported_cancelled,-3,first,16,16,1.0
F1,43,train,100,reported_cancelled,-3,third,16,16,1.0
F1,43,train,100,reported_cancelled,-2,first,16,16,1.0
F1,43,train,100,reported_cancelled,-2,third,16,16,1.0
F1,43,train,100,reported_cancelled,-1,first,16,16,1.0
F1,43,train,100,reported_cancelled,-1,third,16,16,1.0
F1,43,train,100,reported_cancelled,0,first,16,16,1.0
F1,43,train,100,reported_cancelled,0,third,16,16,1.0
F1,43,train,100,reported_cancelled,1,first,16,16,1.0
F1,43,train,100,reported_cancelled,1,third,16,16,1.0
F1,43,train,100,reported_cancelled,2,first,16,16,1.0
F1,43,train,100,reported_cancelled,2,third,16,16,1.0
F1,43,train,100,reported_cancelled,3,first,16,16,1.0
F1,43,train,100,reported_cancelled,3,third,16,16,1.0
F1,43,train,100,reported_cancelled,4,first,16,16,1.0
F1,43,train,100,reported_cancelled,4,third,16,16,1.0
F1,43,train,100,reported_completed,-3,first,16,16,1.0
F1,43,train,100,reported_completed,-3,third,16,16,1.0
F1,43,train,100,reported_completed,-2,first,16,16,1.0
F1,43,train,100,reported_completed,-2,third,16,16,1.0
F1,43,train,100,reported_completed,-1,first,16,16,1.0
F1,43,train,100,reported_completed,-1,third,16,16,1.0
F1,43,train,100,reported_completed,0,first,16,16,1.0
F1,43,train,100,reported_completed,0,third,16,16,1.0
F1,43,train,150,recorded_plan,-3,first,16,16,1.0
F1,43,train,150,recorded_plan,-3,third,16,16,1.0
F1,43,train,150,recorded_plan,-2,first,16,16,1.0
F1,43,train,150,recorded_plan,-2,third,16,16,1.0
F1,43,train,150,recorded_plan,-1,first,16,16,1.0
F1,43,train,150,recorded_plan,-1,third,16,16,1.0
F1,43,train,150,recorded_plan,0,first,16,16,1.0
F1,43,train,150,recorded_plan,0,third,16,16,1.0
F1,43,train,150,recorded_plan,1,first,16,16,1.0
F1,43,train,150,recorded_plan,1,third,16,16,1.0
F1,43,train,150,recorded_plan,2,first,16,16,1.0
F1,43,train,150,recorded_plan,2,third,16,16,1.0
F1,43,train,150,recorded_plan,3,first,16,16,1.0
F1,43,train,150,recorded_plan,3,third,16,16,1.0
F1,43,train,150,recorded_plan,4,first,16,16,1.0
F1,43,train,150,recorded_plan,4,third,16,16,1.0
F1,43,train,150,reported_cancelled,-3,first,16,16,1.0
F1,43,train,150,reported_cancelled,-3,third,16,16,1.0
F1,43,train,150,reported_cancelled,-2,first,16,16,1.0
F1,43,train,150,reported_cancelled,-2,third,16,16,1.0
F1,43,train,150,reported_cancelled,-1,first,16,16,1.0
F1,43,train,150,reported_cancelled,-1,third,16,16,1.0
F1,43,train,150,reported_cancelled,0,first,16,16,1.0
F1,43,train,150,reported_cancelled,0,third,16,16,1.0
F1,43,train,150,reported_cancelled,1,first,16,16,1.0
F1,43,train,150,reported_cancelled,1,third,16,16,1.0
F1,43,train,150,reported_cancelled,2,first,16,16,1.0
F1,43,train,150,reported_cancelled,2,third,16,16,1.0
F1,43,train,150,reported_cancelled,3,first,16,16,1.0
F1,43,train,150,reported_cancelled,3,third,16,16,1.0
F1,43,train,150,reported_cancelled,4,first,16,16,1.0
F1,43,train,150,reported_cancelled,4,third,16,16,1.0
F1,43,train,150,reported_completed,-3,first,16,16,1.0
F1,43,train,150,reported_completed,-3,third,16,16,1.0
F1,43,train,150,reported_completed,-2,first,16,16,1.0
F1,43,train,150,reported_completed,-2,third,16,16,1.0
F1,43,train,150,reported_completed,-1,first,16,16,1.0
F1,43,train,150,reported_completed,-1,third,16,16,1.0
F1,43,train,150,reported_completed,0,first,16,16,1.0
F1,43,train,150,reported_completed,0,third,16,16,1.0
F1,43,train,200,recorded_plan,-3,first,16,16,1.0
F1,43,train,200,recorded_plan,-3,third,16,16,1.0
F1,43,train,200,recorded_plan,-2,first,16,16,1.0
F1,43,train,200,recorded_plan,-2,third,16,16,1.0
F1,43,train,200,recorded_plan,-1,first,16,16,1.0
F1,43,train,200,recorded_plan,-1,third,16,16,1.0
F1,43,train,200,recorded_plan,0,first,16,16,1.0
F1,43,train,200,recorded_plan,0,third,16,16,1.0
F1,43,train,200,recorded_plan,1,first,16,16,1.0
F1,43,train,200,recorded_plan,1,third,16,16,1.0
F1,43,train,200,recorded_plan,2,first,16,16,1.0
F1,43,train,200,recorded_plan,2,third,16,16,1.0
F1,43,train,200,recorded_plan,3,first,16,16,1.0
F1,43,train,200,recorded_plan,3,third,16,16,1.0
F1,43,train,200,recorded_plan,4,first,16,16,1.0
F1,43,train,200,recorded_plan,4,third,16,16,1.0
F1,43,train,200,reported_cancelled,-3,first,16,16,1.0
F1,43,train,200,reported_cancelled,-3,third,16,16,1.0
F1,43,train,200,reported_cancelled,-2,first,16,16,1.0
F1,43,train,200,reported_cancelled,-2,third,16,16,1.0
F1,43,train,200,reported_cancelled,-1,first,16,16,1.0
F1,43,train,200,reported_cancelled,-1,third,16,16,1.0
F1,43,train,200,reported_cancelled,0,first,16,16,1.0
F1,43,train,200,reported_cancelled,0,third,16,16,1.0
F1,43,train,200,reported_cancelled,1,first,16,16,1.0
F1,43,train,200,reported_cancelled,1,third,16,16,1.0
F1,43,train,200,reported_cancelled,2,first,16,16,1.0
F1,43,train,200,reported_cancelled,2,third,16,16,1.0
F1,43,train,200,reported_cancelled,3,first,16,16,1.0
F1,43,train,200,reported_cancelled,3,third,16,16,1.0
F1,43,train,200,reported_cancelled,4,first,16,16,1.0
F1,43,train,200,reported_cancelled,4,third,16,16,1.0
F1,43,train,200,reported_completed,-3,first,16,16,1.0
F1,43,train,200,reported_completed,-3,third,16,16,1.0
F1,43,train,200,reported_completed,-2,first,16,16,1.0
F1,43,train,200,reported_completed,-2,third,16,16,1.0
F1,43,train,200,reported_completed,-1,first,16,16,1.0
F1,43,train,200,reported_completed,-1,third,16,16,1.0
F1,43,train,200,reported_completed,0,first,16,16,1.0
F1,43,train,200,reported_completed,0,third,16,16,1.0
F1,43,train,50,recorded_plan,-3,first,16,16,1.0
F1,43,train,50,recorded_plan,-3,third,16,16,1.0
F1,43,train,50,recorded_plan,-2,first,16,16,1.0
F1,43,train,50,recorded_plan,-2,third,16,16,1.0
F1,43,train,50,recorded_plan,-1,first,16,16,1.0
F1,43,train,50,recorded_plan,-1,third,16,16,1.0
F1,43,train,50,recorded_plan,0,first,16,16,1.0
F1,43,train,50,recorded_plan,0,third,16,16,1.0
F1,43,train,50,recorded_plan,1,first,16,16,1.0
F1,43,train,50,recorded_plan,1,third,16,16,1.0
F1,43,train,50,recorded_plan,2,first,16,16,1.0
F1,43,train,50,recorded_plan,2,third,16,16,1.0
F1,43,train,50,recorded_plan,3,first,16,16,1.0
F1,43,train,50,recorded_plan,3,third,16,16,1.0
F1,43,train,50,recorded_plan,4,first,16,16,1.0
F1,43,train,50,recorded_plan,4,third,16,16,1.0
F1,43,train,50,reported_cancelled,-3,first,16,16,1.0
F1,43,train,50,reported_cancelled,-3,third,16,16,1.0
F1,43,train,50,reported_cancelled,-2,first,16,16,1.0
F1,43,train,50,reported_cancelled,-2,third,16,16,1.0
F1,43,train,50,reported_cancelled,-1,first,16,16,1.0
F1,43,train,50,reported_cancelled,-1,third,16,16,1.0
F1,43,train,50,reported_cancelled,0,first,16,16,1.0
F1,43,train,50,reported_cancelled,0,third,16,16,1.0
F1,43,train,50,reported_cancelled,1,first,16,16,1.0
F1,43,train,50,reported_cancelled,1,third,16,16,1.0
F1,43,train,50,reported_cancelled,2,first,16,16,1.0
F1,43,train,50,reported_cancelled,2,third,16,16,1.0
F1,43,train,50,reported_cancelled,3,first,16,16,1.0
F1,43,train,50,reported_cancelled,3,third,16,16,1.0
F1,43,train,50,reported_cancelled,4,first,16,16,1.0
F1,43,train,50,reported_cancelled,4,third,16,16,1.0
F1,43,train,50,reported_completed,-3,first,16,16,1.0
F1,43,train,50,reported_completed,-3,third,16,16,1.0
F1,43,train,50,reported_completed,-2,first,16,16,1.0
F1,43,train,50,reported_completed,-2,third,16,16,1.0
F1,43,train,50,reported_completed,-1,first,16,16,1.0
F1,43,train,50,reported_completed,-1,third,16,16,1.0
F1,43,train,50,reported_completed,0,first,16,16,1.0
F1,43,train,50,reported_completed,0,third,16,16,1.0
F1,44,dev,0,recorded_plan,-3,first,16,16,1.0
F1,44,dev,0,recorded_plan,-3,third,16,16,1.0
F1,44,dev,0,recorded_plan,-2,first,16,16,1.0
F1,44,dev,0,recorded_plan,-2,third,16,16,1.0
F1,44,dev,0,recorded_plan,-1,first,16,16,1.0
F1,44,dev,0,recorded_plan,-1,third,16,16,1.0
F1,44,dev,0,recorded_plan,0,first,16,16,1.0
F1,44,dev,0,recorded_plan,0,third,16,16,1.0
F1,44,dev,0,recorded_plan,1,first,16,16,1.0
F1,44,dev,0,recorded_plan,1,third,16,16,1.0
F1,44,dev,0,recorded_plan,2,first,14,16,0.875
F1,44,dev,0,recorded_plan,2,third,14,16,0.875
F1,44,dev,0,recorded_plan,3,first,9,16,0.5625
F1,44,dev,0,recorded_plan,3,third,11,16,0.6875
F1,44,dev,0,recorded_plan,4,first,0,16,0.0
F1,44,dev,0,recorded_plan,4,third,0,16,0.0
F1,44,dev,0,reported_cancelled,-3,first,16,16,1.0
F1,44,dev,0,reported_cancelled,-3,third,16,16,1.0
F1,44,dev,0,reported_cancelled,-2,first,16,16,1.0
F1,44,dev,0,reported_cancelled,-2,third,16,16,1.0
F1,44,dev,0,reported_cancelled,-1,first,16,16,1.0
F1,44,dev,0,reported_cancelled,-1,third,16,16,1.0
F1,44,dev,0,reported_cancelled,0,first,16,16,1.0
F1,44,dev,0,reported_cancelled,0,third,16,16,1.0
F1,44,dev,0,reported_cancelled,1,first,16,16,1.0
F1,44,dev,0,reported_cancelled,1,third,16,16,1.0
F1,44,dev,0,reported_cancelled,2,first,14,16,0.875
F1,44,dev,0,reported_cancelled,2,third,14,16,0.875
F1,44,dev,0,reported_cancelled,3,first,7,16,0.4375
F1,44,dev,0,reported_cancelled,3,third,10,16,0.625
F1,44,dev,0,reported_cancelled,4,first,0,16,0.0
F1,44,dev,0,reported_cancelled,4,third,0,16,0.0
F1,44,dev,0,reported_completed,-3,first,16,16,1.0
F1,44,dev,0,reported_completed,-3,third,16,16,1.0
F1,44,dev,0,reported_completed,-2,first,16,16,1.0
F1,44,dev,0,reported_completed,-2,third,16,16,1.0
F1,44,dev,0,reported_completed,-1,first,16,16,1.0
F1,44,dev,0,reported_completed,-1,third,16,16,1.0
F1,44,dev,0,reported_completed,0,first,16,16,1.0
F1,44,dev,0,reported_completed,0,third,16,16,1.0
F1,44,dev,100,recorded_plan,-3,first,16,16,1.0
F1,44,dev,100,recorded_plan,-3,third,16,16,1.0
F1,44,dev,100,recorded_plan,-2,first,16,16,1.0
F1,44,dev,100,recorded_plan,-2,third,16,16,1.0
F1,44,dev,100,recorded_plan,-1,first,16,16,1.0
F1,44,dev,100,recorded_plan,-1,third,16,16,1.0
F1,44,dev,100,recorded_plan,0,first,16,16,1.0
F1,44,dev,100,recorded_plan,0,third,16,16,1.0
F1,44,dev,100,recorded_plan,1,first,16,16,1.0
F1,44,dev,100,recorded_plan,1,third,16,16,1.0
F1,44,dev,100,recorded_plan,2,first,16,16,1.0
F1,44,dev,100,recorded_plan,2,third,16,16,1.0
F1,44,dev,100,recorded_plan,3,first,16,16,1.0
F1,44,dev,100,recorded_plan,3,third,16,16,1.0
F1,44,dev,100,recorded_plan,4,first,16,16,1.0
F1,44,dev,100,recorded_plan,4,third,16,16,1.0
F1,44,dev,100,reported_cancelled,-3,first,16,16,1.0
F1,44,dev,100,reported_cancelled,-3,third,16,16,1.0
F1,44,dev,100,reported_cancelled,-2,first,16,16,1.0
F1,44,dev,100,reported_cancelled,-2,third,16,16,1.0
F1,44,dev,100,reported_cancelled,-1,first,16,16,1.0
F1,44,dev,100,reported_cancelled,-1,third,16,16,1.0
F1,44,dev,100,reported_cancelled,0,first,16,16,1.0
F1,44,dev,100,reported_cancelled,0,third,16,16,1.0
F1,44,dev,100,reported_cancelled,1,first,16,16,1.0
F1,44,dev,100,reported_cancelled,1,third,16,16,1.0
F1,44,dev,100,reported_cancelled,2,first,16,16,1.0
F1,44,dev,100,reported_cancelled,2,third,16,16,1.0
F1,44,dev,100,reported_cancelled,3,first,16,16,1.0
F1,44,dev,100,reported_cancelled,3,third,16,16,1.0
F1,44,dev,100,reported_cancelled,4,first,16,16,1.0
F1,44,dev,100,reported_cancelled,4,third,16,16,1.0
F1,44,dev,100,reported_completed,-3,first,16,16,1.0
F1,44,dev,100,reported_completed,-3,third,16,16,1.0
F1,44,dev,100,reported_completed,-2,first,16,16,1.0
F1,44,dev,100,reported_completed,-2,third,16,16,1.0
F1,44,dev,100,reported_completed,-1,first,16,16,1.0
F1,44,dev,100,reported_completed,-1,third,16,16,1.0
F1,44,dev,100,reported_completed,0,first,16,16,1.0
F1,44,dev,100,reported_completed,0,third,16,16,1.0
F1,44,dev,150,recorded_plan,-3,first,16,16,1.0
F1,44,dev,150,recorded_plan,-3,third,16,16,1.0
F1,44,dev,150,recorded_plan,-2,first,16,16,1.0
F1,44,dev,150,recorded_plan,-2,third,16,16,1.0
F1,44,dev,150,recorded_plan,-1,first,16,16,1.0
F1,44,dev,150,recorded_plan,-1,third,16,16,1.0
F1,44,dev,150,recorded_plan,0,first,16,16,1.0
F1,44,dev,150,recorded_plan,0,third,16,16,1.0
F1,44,dev,150,recorded_plan,1,first,16,16,1.0
F1,44,dev,150,recorded_plan,1,third,16,16,1.0
F1,44,dev,150,recorded_plan,2,first,16,16,1.0
F1,44,dev,150,recorded_plan,2,third,16,16,1.0
F1,44,dev,150,recorded_plan,3,first,16,16,1.0
F1,44,dev,150,recorded_plan,3,third,16,16,1.0
F1,44,dev,150,recorded_plan,4,first,16,16,1.0
F1,44,dev,150,recorded_plan,4,third,16,16,1.0
F1,44,dev,150,reported_cancelled,-3,first,16,16,1.0
F1,44,dev,150,reported_cancelled,-3,third,16,16,1.0
F1,44,dev,150,reported_cancelled,-2,first,16,16,1.0
F1,44,dev,150,reported_cancelled,-2,third,16,16,1.0
F1,44,dev,150,reported_cancelled,-1,first,16,16,1.0
F1,44,dev,150,reported_cancelled,-1,third,16,16,1.0
F1,44,dev,150,reported_cancelled,0,first,16,16,1.0
F1,44,dev,150,reported_cancelled,0,third,16,16,1.0
F1,44,dev,150,reported_cancelled,1,first,16,16,1.0
F1,44,dev,150,reported_cancelled,1,third,16,16,1.0
F1,44,dev,150,reported_cancelled,2,first,16,16,1.0
F1,44,dev,150,reported_cancelled,2,third,16,16,1.0
F1,44,dev,150,reported_cancelled,3,first,16,16,1.0
F1,44,dev,150,reported_cancelled,3,third,16,16,1.0
F1,44,dev,150,reported_cancelled,4,first,16,16,1.0
F1,44,dev,150,reported_cancelled,4,third,16,16,1.0
F1,44,dev,150,reported_completed,-3,first,16,16,1.0
F1,44,dev,150,reported_completed,-3,third,16,16,1.0
F1,44,dev,150,reported_completed,-2,first,16,16,1.0
F1,44,dev,150,reported_completed,-2,third,16,16,1.0
F1,44,dev,150,reported_completed,-1,first,16,16,1.0
F1,44,dev,150,reported_completed,-1,third,16,16,1.0
F1,44,dev,150,reported_completed,0,first,16,16,1.0
F1,44,dev,150,reported_completed,0,third,16,16,1.0
F1,44,dev,200,recorded_plan,-3,first,16,16,1.0
F1,44,dev,200,recorded_plan,-3,third,16,16,1.0
F1,44,dev,200,recorded_plan,-2,first,16,16,1.0
F1,44,dev,200,recorded_plan,-2,third,16,16,1.0
F1,44,dev,200,recorded_plan,-1,first,16,16,1.0
F1,44,dev,200,recorded_plan,-1,third,16,16,1.0
F1,44,dev,200,recorded_plan,0,first,16,16,1.0
F1,44,dev,200,recorded_plan,0,third,16,16,1.0
F1,44,dev,200,recorded_plan,1,first,16,16,1.0
F1,44,dev,200,recorded_plan,1,third,16,16,1.0
F1,44,dev,200,recorded_plan,2,first,16,16,1.0
F1,44,dev,200,recorded_plan,2,third,16,16,1.0
F1,44,dev,200,recorded_plan,3,first,16,16,1.0
F1,44,dev,200,recorded_plan,3,third,16,16,1.0
F1,44,dev,200,recorded_plan,4,first,16,16,1.0
F1,44,dev,200,recorded_plan,4,third,16,16,1.0
F1,44,dev,200,reported_cancelled,-3,first,16,16,1.0
F1,44,dev,200,reported_cancelled,-3,third,16,16,1.0
F1,44,dev,200,reported_cancelled,-2,first,16,16,1.0
F1,44,dev,200,reported_cancelled,-2,third,16,16,1.0
F1,44,dev,200,reported_cancelled,-1,first,16,16,1.0
F1,44,dev,200,reported_cancelled,-1,third,16,16,1.0
F1,44,dev,200,reported_cancelled,0,first,16,16,1.0
F1,44,dev,200,reported_cancelled,0,third,16,16,1.0
F1,44,dev,200,reported_cancelled,1,first,16,16,1.0
F1,44,dev,200,reported_cancelled,1,third,16,16,1.0
F1,44,dev,200,reported_cancelled,2,first,16,16,1.0
F1,44,dev,200,reported_cancelled,2,third,16,16,1.0
F1,44,dev,200,reported_cancelled,3,first,16,16,1.0
F1,44,dev,200,reported_cancelled,3,third,16,16,1.0
F1,44,dev,200,reported_cancelled,4,first,16,16,1.0
F1,44,dev,200,reported_cancelled,4,third,16,16,1.0
F1,44,dev,200,reported_completed,-3,first,16,16,1.0
F1,44,dev,200,reported_completed,-3,third,16,16,1.0
F1,44,dev,200,reported_completed,-2,first,16,16,1.0
F1,44,dev,200,reported_completed,-2,third,16,16,1.0
F1,44,dev,200,reported_completed,-1,first,16,16,1.0
F1,44,dev,200,reported_completed,-1,third,16,16,1.0
F1,44,dev,200,reported_completed,0,first,16,16,1.0
F1,44,dev,200,reported_completed,0,third,16,16,1.0
F1,44,dev,50,recorded_plan,-3,first,16,16,1.0
F1,44,dev,50,recorded_plan,-3,third,16,16,1.0
F1,44,dev,50,recorded_plan,-2,first,16,16,1.0
F1,44,dev,50,recorded_plan,-2,third,16,16,1.0
F1,44,dev,50,recorded_plan,-1,first,16,16,1.0
F1,44,dev,50,recorded_plan,-1,third,16,16,1.0
F1,44,dev,50,recorded_plan,0,first,16,16,1.0
F1,44,dev,50,recorded_plan,0,third,16,16,1.0
F1,44,dev,50,recorded_plan,1,first,16,16,1.0
F1,44,dev,50,recorded_plan,1,third,16,16,1.0
F1,44,dev,50,recorded_plan,2,first,16,16,1.0
F1,44,dev,50,recorded_plan,2,third,15,16,0.9375
F1,44,dev,50,recorded_plan,3,first,16,16,1.0
F1,44,dev,50,recorded_plan,3,third,16,16,1.0
F1,44,dev,50,recorded_plan,4,first,16,16,1.0
F1,44,dev,50,recorded_plan,4,third,16,16,1.0
F1,44,dev,50,reported_cancelled,-3,first,16,16,1.0
F1,44,dev,50,reported_cancelled,-3,third,16,16,1.0
F1,44,dev,50,reported_cancelled,-2,first,16,16,1.0
F1,44,dev,50,reported_cancelled,-2,third,16,16,1.0
F1,44,dev,50,reported_cancelled,-1,first,16,16,1.0
F1,44,dev,50,reported_cancelled,-1,third,16,16,1.0
F1,44,dev,50,reported_cancelled,0,first,16,16,1.0
F1,44,dev,50,reported_cancelled,0,third,16,16,1.0
F1,44,dev,50,reported_cancelled,1,first,16,16,1.0
F1,44,dev,50,reported_cancelled,1,third,16,16,1.0
F1,44,dev,50,reported_cancelled,2,first,16,16,1.0
F1,44,dev,50,reported_cancelled,2,third,16,16,1.0
F1,44,dev,50,reported_cancelled,3,first,16,16,1.0
F1,44,dev,50,reported_cancelled,3,third,16,16,1.0
F1,44,dev,50,reported_cancelled,4,first,16,16,1.0
F1,44,dev,50,reported_cancelled,4,third,16,16,1.0
F1,44,dev,50,reported_completed,-3,first,16,16,1.0
F1,44,dev,50,reported_completed,-3,third,16,16,1.0
F1,44,dev,50,reported_completed,-2,first,16,16,1.0
F1,44,dev,50,reported_completed,-2,third,16,16,1.0
F1,44,dev,50,reported_completed,-1,first,16,16,1.0
F1,44,dev,50,reported_completed,-1,third,16,16,1.0
F1,44,dev,50,reported_completed,0,first,16,16,1.0
F1,44,dev,50,reported_completed,0,third,16,16,1.0
F1,44,train,0,recorded_plan,-3,first,16,16,1.0
F1,44,train,0,recorded_plan,-3,third,16,16,1.0
F1,44,train,0,recorded_plan,-2,first,16,16,1.0
F1,44,train,0,recorded_plan,-2,third,16,16,1.0
F1,44,train,0,recorded_plan,-1,first,16,16,1.0
F1,44,train,0,recorded_plan,-1,third,16,16,1.0
F1,44,train,0,recorded_plan,0,first,16,16,1.0
F1,44,train,0,recorded_plan,0,third,16,16,1.0
F1,44,train,0,recorded_plan,1,first,16,16,1.0
F1,44,train,0,recorded_plan,1,third,16,16,1.0
F1,44,train,0,recorded_plan,2,first,14,16,0.875
F1,44,train,0,recorded_plan,2,third,14,16,0.875
F1,44,train,0,recorded_plan,3,first,11,16,0.6875
F1,44,train,0,recorded_plan,3,third,12,16,0.75
F1,44,train,0,recorded_plan,4,first,0,16,0.0
F1,44,train,0,recorded_plan,4,third,0,16,0.0
F1,44,train,0,reported_cancelled,-3,first,16,16,1.0
F1,44,train,0,reported_cancelled,-3,third,16,16,1.0
F1,44,train,0,reported_cancelled,-2,first,15,16,0.9375
F1,44,train,0,reported_cancelled,-2,third,16,16,1.0
F1,44,train,0,reported_cancelled,-1,first,16,16,1.0
F1,44,train,0,reported_cancelled,-1,third,16,16,1.0
F1,44,train,0,reported_cancelled,0,first,16,16,1.0
F1,44,train,0,reported_cancelled,0,third,16,16,1.0
F1,44,train,0,reported_cancelled,1,first,16,16,1.0
F1,44,train,0,reported_cancelled,1,third,16,16,1.0
F1,44,train,0,reported_cancelled,2,first,16,16,1.0
F1,44,train,0,reported_cancelled,2,third,15,16,0.9375
F1,44,train,0,reported_cancelled,3,first,7,16,0.4375
F1,44,train,0,reported_cancelled,3,third,9,16,0.5625
F1,44,train,0,reported_cancelled,4,first,0,16,0.0
F1,44,train,0,reported_cancelled,4,third,0,16,0.0
F1,44,train,0,reported_completed,-3,first,16,16,1.0
F1,44,train,0,reported_completed,-3,third,16,16,1.0
F1,44,train,0,reported_completed,-2,first,16,16,1.0
F1,44,train,0,reported_completed,-2,third,16,16,1.0
F1,44,train,0,reported_completed,-1,first,16,16,1.0
F1,44,train,0,reported_completed,-1,third,16,16,1.0
F1,44,train,0,reported_completed,0,first,16,16,1.0
F1,44,train,0,reported_completed,0,third,16,16,1.0
F1,44,train,100,recorded_plan,-3,first,16,16,1.0
F1,44,train,100,recorded_plan,-3,third,16,16,1.0
F1,44,train,100,recorded_plan,-2,first,16,16,1.0
F1,44,train,100,recorded_plan,-2,third,16,16,1.0
F1,44,train,100,recorded_plan,-1,first,16,16,1.0
F1,44,train,100,recorded_plan,-1,third,16,16,1.0
F1,44,train,100,recorded_plan,0,first,16,16,1.0
F1,44,train,100,recorded_plan,0,third,16,16,1.0
F1,44,train,100,recorded_plan,1,first,16,16,1.0
F1,44,train,100,recorded_plan,1,third,16,16,1.0
F1,44,train,100,recorded_plan,2,first,16,16,1.0
F1,44,train,100,recorded_plan,2,third,16,16,1.0
F1,44,train,100,recorded_plan,3,first,16,16,1.0
F1,44,train,100,recorded_plan,3,third,16,16,1.0
F1,44,train,100,recorded_plan,4,first,16,16,1.0
F1,44,train,100,recorded_plan,4,third,16,16,1.0
F1,44,train,100,reported_cancelled,-3,first,16,16,1.0
F1,44,train,100,reported_cancelled,-3,third,16,16,1.0
F1,44,train,100,reported_cancelled,-2,first,16,16,1.0
F1,44,train,100,reported_cancelled,-2,third,16,16,1.0
F1,44,train,100,reported_cancelled,-1,first,16,16,1.0
F1,44,train,100,reported_cancelled,-1,third,16,16,1.0
F1,44,train,100,reported_cancelled,0,first,16,16,1.0
F1,44,train,100,reported_cancelled,0,third,16,16,1.0
F1,44,train,100,reported_cancelled,1,first,16,16,1.0
F1,44,train,100,reported_cancelled,1,third,16,16,1.0
F1,44,train,100,reported_cancelled,2,first,16,16,1.0
F1,44,train,100,reported_cancelled,2,third,16,16,1.0
F1,44,train,100,reported_cancelled,3,first,16,16,1.0
F1,44,train,100,reported_cancelled,3,third,16,16,1.0
F1,44,train,100,reported_cancelled,4,first,16,16,1.0
F1,44,train,100,reported_cancelled,4,third,16,16,1.0
F1,44,train,100,reported_completed,-3,first,16,16,1.0
F1,44,train,100,reported_completed,-3,third,16,16,1.0
F1,44,train,100,reported_completed,-2,first,16,16,1.0
F1,44,train,100,reported_completed,-2,third,16,16,1.0
F1,44,train,100,reported_completed,-1,first,16,16,1.0
F1,44,train,100,reported_completed,-1,third,16,16,1.0
F1,44,train,100,reported_completed,0,first,16,16,1.0
F1,44,train,100,reported_completed,0,third,16,16,1.0
F1,44,train,150,recorded_plan,-3,first,16,16,1.0
F1,44,train,150,recorded_plan,-3,third,16,16,1.0
F1,44,train,150,recorded_plan,-2,first,16,16,1.0
F1,44,train,150,recorded_plan,-2,third,16,16,1.0
F1,44,train,150,recorded_plan,-1,first,16,16,1.0
F1,44,train,150,recorded_plan,-1,third,16,16,1.0
F1,44,train,150,recorded_plan,0,first,16,16,1.0
F1,44,train,150,recorded_plan,0,third,16,16,1.0
F1,44,train,150,recorded_plan,1,first,16,16,1.0
F1,44,train,150,recorded_plan,1,third,16,16,1.0
F1,44,train,150,recorded_plan,2,first,16,16,1.0
F1,44,train,150,recorded_plan,2,third,16,16,1.0
F1,44,train,150,recorded_plan,3,first,16,16,1.0
F1,44,train,150,recorded_plan,3,third,16,16,1.0
F1,44,train,150,recorded_plan,4,first,16,16,1.0
F1,44,train,150,recorded_plan,4,third,16,16,1.0
F1,44,train,150,reported_cancelled,-3,first,16,16,1.0
F1,44,train,150,reported_cancelled,-3,third,16,16,1.0
F1,44,train,150,reported_cancelled,-2,first,16,16,1.0
F1,44,train,150,reported_cancelled,-2,third,16,16,1.0
F1,44,train,150,reported_cancelled,-1,first,16,16,1.0
F1,44,train,150,reported_cancelled,-1,third,16,16,1.0
F1,44,train,150,reported_cancelled,0,first,16,16,1.0
F1,44,train,150,reported_cancelled,0,third,16,16,1.0
F1,44,train,150,reported_cancelled,1,first,16,16,1.0
F1,44,train,150,reported_cancelled,1,third,16,16,1.0
F1,44,train,150,reported_cancelled,2,first,16,16,1.0
F1,44,train,150,reported_cancelled,2,third,16,16,1.0
F1,44,train,150,reported_cancelled,3,first,16,16,1.0
F1,44,train,150,reported_cancelled,3,third,16,16,1.0
F1,44,train,150,reported_cancelled,4,first,16,16,1.0
F1,44,train,150,reported_cancelled,4,third,16,16,1.0
F1,44,train,150,reported_completed,-3,first,16,16,1.0
F1,44,train,150,reported_completed,-3,third,16,16,1.0
F1,44,train,150,reported_completed,-2,first,16,16,1.0
F1,44,train,150,reported_completed,-2,third,16,16,1.0
F1,44,train,150,reported_completed,-1,first,16,16,1.0
F1,44,train,150,reported_completed,-1,third,16,16,1.0
F1,44,train,150,reported_completed,0,first,16,16,1.0
F1,44,train,150,reported_completed,0,third,16,16,1.0
F1,44,train,200,recorded_plan,-3,first,16,16,1.0
F1,44,train,200,recorded_plan,-3,third,16,16,1.0
F1,44,train,200,recorded_plan,-2,first,16,16,1.0
F1,44,train,200,recorded_plan,-2,third,16,16,1.0
F1,44,train,200,recorded_plan,-1,first,16,16,1.0
F1,44,train,200,recorded_plan,-1,third,16,16,1.0
F1,44,train,200,recorded_plan,0,first,16,16,1.0
F1,44,train,200,recorded_plan,0,third,16,16,1.0
F1,44,train,200,recorded_plan,1,first,16,16,1.0
F1,44,train,200,recorded_plan,1,third,16,16,1.0
F1,44,train,200,recorded_plan,2,first,16,16,1.0
F1,44,train,200,recorded_plan,2,third,16,16,1.0
F1,44,train,200,recorded_plan,3,first,16,16,1.0
F1,44,train,200,recorded_plan,3,third,16,16,1.0
F1,44,train,200,recorded_plan,4,first,16,16,1.0
F1,44,train,200,recorded_plan,4,third,16,16,1.0
F1,44,train,200,reported_cancelled,-3,first,16,16,1.0
F1,44,train,200,reported_cancelled,-3,third,16,16,1.0
F1,44,train,200,reported_cancelled,-2,first,16,16,1.0
F1,44,train,200,reported_cancelled,-2,third,16,16,1.0
F1,44,train,200,reported_cancelled,-1,first,16,16,1.0
F1,44,train,200,reported_cancelled,-1,third,16,16,1.0
F1,44,train,200,reported_cancelled,0,first,16,16,1.0
F1,44,train,200,reported_cancelled,0,third,16,16,1.0
F1,44,train,200,reported_cancelled,1,first,16,16,1.0
F1,44,train,200,reported_cancelled,1,third,16,16,1.0
F1,44,train,200,reported_cancelled,2,first,16,16,1.0
F1,44,train,200,reported_cancelled,2,third,16,16,1.0
F1,44,train,200,reported_cancelled,3,first,16,16,1.0
F1,44,train,200,reported_cancelled,3,third,16,16,1.0
F1,44,train,200,reported_cancelled,4,first,16,16,1.0
F1,44,train,200,reported_cancelled,4,third,16,16,1.0
F1,44,train,200,reported_completed,-3,first,16,16,1.0
F1,44,train,200,reported_completed,-3,third,16,16,1.0
F1,44,train,200,reported_completed,-2,first,16,16,1.0
F1,44,train,200,reported_completed,-2,third,16,16,1.0
F1,44,train,200,reported_completed,-1,first,16,16,1.0
F1,44,train,200,reported_completed,-1,third,16,16,1.0
F1,44,train,200,reported_completed,0,first,16,16,1.0
F1,44,train,200,reported_completed,0,third,16,16,1.0
F1,44,train,50,recorded_plan,-3,first,16,16,1.0
F1,44,train,50,recorded_plan,-3,third,16,16,1.0
F1,44,train,50,recorded_plan,-2,first,16,16,1.0
F1,44,train,50,recorded_plan,-2,third,16,16,1.0
F1,44,train,50,recorded_plan,-1,first,16,16,1.0
F1,44,train,50,recorded_plan,-1,third,16,16,1.0
F1,44,train,50,recorded_plan,0,first,16,16,1.0
F1,44,train,50,recorded_plan,0,third,16,16,1.0
F1,44,train,50,recorded_plan,1,first,16,16,1.0
F1,44,train,50,recorded_plan,1,third,16,16,1.0
F1,44,train,50,recorded_plan,2,first,15,16,0.9375
F1,44,train,50,recorded_plan,2,third,15,16,0.9375
F1,44,train,50,recorded_plan,3,first,16,16,1.0
F1,44,train,50,recorded_plan,3,third,16,16,1.0
F1,44,train,50,recorded_plan,4,first,16,16,1.0
F1,44,train,50,recorded_plan,4,third,16,16,1.0
F1,44,train,50,reported_cancelled,-3,first,16,16,1.0
F1,44,train,50,reported_cancelled,-3,third,16,16,1.0
F1,44,train,50,reported_cancelled,-2,first,16,16,1.0
F1,44,train,50,reported_cancelled,-2,third,16,16,1.0
F1,44,train,50,reported_cancelled,-1,first,16,16,1.0
F1,44,train,50,reported_cancelled,-1,third,16,16,1.0
F1,44,train,50,reported_cancelled,0,first,16,16,1.0
F1,44,train,50,reported_cancelled,0,third,16,16,1.0
F1,44,train,50,reported_cancelled,1,first,16,16,1.0
F1,44,train,50,reported_cancelled,1,third,16,16,1.0
F1,44,train,50,reported_cancelled,2,first,16,16,1.0
F1,44,train,50,reported_cancelled,2,third,16,16,1.0
F1,44,train,50,reported_cancelled,3,first,16,16,1.0
F1,44,train,50,reported_cancelled,3,third,16,16,1.0
F1,44,train,50,reported_cancelled,4,first,16,16,1.0
F1,44,train,50,reported_cancelled,4,third,16,16,1.0
F1,44,train,50,reported_completed,-3,first,16,16,1.0
F1,44,train,50,reported_completed,-3,third,16,16,1.0
F1,44,train,50,reported_completed,-2,first,16,16,1.0
F1,44,train,50,reported_completed,-2,third,16,16,1.0
F1,44,train,50,reported_completed,-1,first,16,16,1.0
F1,44,train,50,reported_completed,-1,third,16,16,1.0
F1,44,train,50,reported_completed,0,first,16,16,1.0
F1,44,train,50,reported_completed,0,third,16,16,1.0
F2,42,dev,0,recorded_plan,-3,first,16,16,1.0
F2,42,dev,0,recorded_plan,-3,third,16,16,1.0
F2,42,dev,0,recorded_plan,-2,first,16,16,1.0
F2,42,dev,0,recorded_plan,-2,third,16,16,1.0
F2,42,dev,0,recorded_plan,-1,first,16,16,1.0
F2,42,dev,0,recorded_plan,-1,third,16,16,1.0
F2,42,dev,0,recorded_plan,0,first,16,16,1.0
F2,42,dev,0,recorded_plan,0,third,16,16,1.0
F2,42,dev,0,recorded_plan,1,first,16,16,1.0
F2,42,dev,0,recorded_plan,1,third,16,16,1.0
F2,42,dev,0,recorded_plan,2,first,16,16,1.0
F2,42,dev,0,recorded_plan,2,third,16,16,1.0
F2,42,dev,0,recorded_plan,3,first,16,16,1.0
F2,42,dev,0,recorded_plan,3,third,16,16,1.0
F2,42,dev,0,recorded_plan,4,first,0,16,0.0
F2,42,dev,0,recorded_plan,4,third,0,16,0.0
F2,42,dev,0,reported_cancelled,-3,first,16,16,1.0
F2,42,dev,0,reported_cancelled,-3,third,16,16,1.0
F2,42,dev,0,reported_cancelled,-2,first,16,16,1.0
F2,42,dev,0,reported_cancelled,-2,third,16,16,1.0
F2,42,dev,0,reported_cancelled,-1,first,16,16,1.0
F2,42,dev,0,reported_cancelled,-1,third,16,16,1.0
F2,42,dev,0,reported_cancelled,0,first,16,16,1.0
F2,42,dev,0,reported_cancelled,0,third,16,16,1.0
F2,42,dev,0,reported_cancelled,1,first,16,16,1.0
F2,42,dev,0,reported_cancelled,1,third,16,16,1.0
F2,42,dev,0,reported_cancelled,2,first,16,16,1.0
F2,42,dev,0,reported_cancelled,2,third,16,16,1.0
F2,42,dev,0,reported_cancelled,3,first,15,16,0.9375
F2,42,dev,0,reported_cancelled,3,third,15,16,0.9375
F2,42,dev,0,reported_cancelled,4,first,0,16,0.0
F2,42,dev,0,reported_cancelled,4,third,0,16,0.0
F2,42,dev,0,reported_completed,-3,first,16,16,1.0
F2,42,dev,0,reported_completed,-3,third,16,16,1.0
F2,42,dev,0,reported_completed,-2,first,16,16,1.0
F2,42,dev,0,reported_completed,-2,third,16,16,1.0
F2,42,dev,0,reported_completed,-1,first,16,16,1.0
F2,42,dev,0,reported_completed,-1,third,16,16,1.0
F2,42,dev,0,reported_completed,0,first,16,16,1.0
F2,42,dev,0,reported_completed,0,third,16,16,1.0
F2,42,dev,100,recorded_plan,-3,first,16,16,1.0
F2,42,dev,100,recorded_plan,-3,third,16,16,1.0
F2,42,dev,100,recorded_plan,-2,first,16,16,1.0
F2,42,dev,100,recorded_plan,-2,third,16,16,1.0
F2,42,dev,100,recorded_plan,-1,first,16,16,1.0
F2,42,dev,100,recorded_plan,-1,third,16,16,1.0
F2,42,dev,100,recorded_plan,0,first,16,16,1.0
F2,42,dev,100,recorded_plan,0,third,16,16,1.0
F2,42,dev,100,recorded_plan,1,first,16,16,1.0
F2,42,dev,100,recorded_plan,1,third,16,16,1.0
F2,42,dev,100,recorded_plan,2,first,16,16,1.0
F2,42,dev,100,recorded_plan,2,third,16,16,1.0
F2,42,dev,100,recorded_plan,3,first,16,16,1.0
F2,42,dev,100,recorded_plan,3,third,16,16,1.0
F2,42,dev,100,recorded_plan,4,first,16,16,1.0
F2,42,dev,100,recorded_plan,4,third,16,16,1.0
F2,42,dev,100,reported_cancelled,-3,first,16,16,1.0
F2,42,dev,100,reported_cancelled,-3,third,16,16,1.0
F2,42,dev,100,reported_cancelled,-2,first,16,16,1.0
F2,42,dev,100,reported_cancelled,-2,third,16,16,1.0
F2,42,dev,100,reported_cancelled,-1,first,16,16,1.0
F2,42,dev,100,reported_cancelled,-1,third,16,16,1.0
F2,42,dev,100,reported_cancelled,0,first,16,16,1.0
F2,42,dev,100,reported_cancelled,0,third,16,16,1.0
F2,42,dev,100,reported_cancelled,1,first,16,16,1.0
F2,42,dev,100,reported_cancelled,1,third,16,16,1.0
F2,42,dev,100,reported_cancelled,2,first,16,16,1.0
F2,42,dev,100,reported_cancelled,2,third,16,16,1.0
F2,42,dev,100,reported_cancelled,3,first,16,16,1.0
F2,42,dev,100,reported_cancelled,3,third,16,16,1.0
F2,42,dev,100,reported_cancelled,4,first,16,16,1.0
F2,42,dev,100,reported_cancelled,4,third,16,16,1.0
F2,42,dev,100,reported_completed,-3,first,16,16,1.0
F2,42,dev,100,reported_completed,-3,third,16,16,1.0
F2,42,dev,100,reported_completed,-2,first,16,16,1.0
F2,42,dev,100,reported_completed,-2,third,16,16,1.0
F2,42,dev,100,reported_completed,-1,first,16,16,1.0
F2,42,dev,100,reported_completed,-1,third,16,16,1.0
F2,42,dev,100,reported_completed,0,first,16,16,1.0
F2,42,dev,100,reported_completed,0,third,16,16,1.0
F2,42,dev,150,recorded_plan,-3,first,16,16,1.0
F2,42,dev,150,recorded_plan,-3,third,16,16,1.0
F2,42,dev,150,recorded_plan,-2,first,16,16,1.0
F2,42,dev,150,recorded_plan,-2,third,16,16,1.0
F2,42,dev,150,recorded_plan,-1,first,16,16,1.0
F2,42,dev,150,recorded_plan,-1,third,16,16,1.0
F2,42,dev,150,recorded_plan,0,first,16,16,1.0
F2,42,dev,150,recorded_plan,0,third,16,16,1.0
F2,42,dev,150,recorded_plan,1,first,16,16,1.0
F2,42,dev,150,recorded_plan,1,third,16,16,1.0
F2,42,dev,150,recorded_plan,2,first,16,16,1.0
F2,42,dev,150,recorded_plan,2,third,16,16,1.0
F2,42,dev,150,recorded_plan,3,first,16,16,1.0
F2,42,dev,150,recorded_plan,3,third,16,16,1.0
F2,42,dev,150,recorded_plan,4,first,16,16,1.0
F2,42,dev,150,recorded_plan,4,third,16,16,1.0
F2,42,dev,150,reported_cancelled,-3,first,16,16,1.0
F2,42,dev,150,reported_cancelled,-3,third,16,16,1.0
F2,42,dev,150,reported_cancelled,-2,first,16,16,1.0
F2,42,dev,150,reported_cancelled,-2,third,16,16,1.0
F2,42,dev,150,reported_cancelled,-1,first,16,16,1.0
F2,42,dev,150,reported_cancelled,-1,third,16,16,1.0
F2,42,dev,150,reported_cancelled,0,first,16,16,1.0
F2,42,dev,150,reported_cancelled,0,third,16,16,1.0
F2,42,dev,150,reported_cancelled,1,first,16,16,1.0
F2,42,dev,150,reported_cancelled,1,third,16,16,1.0
F2,42,dev,150,reported_cancelled,2,first,16,16,1.0
F2,42,dev,150,reported_cancelled,2,third,16,16,1.0
F2,42,dev,150,reported_cancelled,3,first,16,16,1.0
F2,42,dev,150,reported_cancelled,3,third,16,16,1.0
F2,42,dev,150,reported_cancelled,4,first,16,16,1.0
F2,42,dev,150,reported_cancelled,4,third,16,16,1.0
F2,42,dev,150,reported_completed,-3,first,16,16,1.0
F2,42,dev,150,reported_completed,-3,third,16,16,1.0
F2,42,dev,150,reported_completed,-2,first,16,16,1.0
F2,42,dev,150,reported_completed,-2,third,16,16,1.0
F2,42,dev,150,reported_completed,-1,first,16,16,1.0
F2,42,dev,150,reported_completed,-1,third,16,16,1.0
F2,42,dev,150,reported_completed,0,first,16,16,1.0
F2,42,dev,150,reported_completed,0,third,16,16,1.0
F2,42,dev,200,recorded_plan,-3,first,16,16,1.0
F2,42,dev,200,recorded_plan,-3,third,16,16,1.0
F2,42,dev,200,recorded_plan,-2,first,16,16,1.0
F2,42,dev,200,recorded_plan,-2,third,16,16,1.0
F2,42,dev,200,recorded_plan,-1,first,16,16,1.0
F2,42,dev,200,recorded_plan,-1,third,16,16,1.0
F2,42,dev,200,recorded_plan,0,first,16,16,1.0
F2,42,dev,200,recorded_plan,0,third,16,16,1.0
F2,42,dev,200,recorded_plan,1,first,16,16,1.0
F2,42,dev,200,recorded_plan,1,third,16,16,1.0
F2,42,dev,200,recorded_plan,2,first,16,16,1.0
F2,42,dev,200,recorded_plan,2,third,16,16,1.0
F2,42,dev,200,recorded_plan,3,first,16,16,1.0
F2,42,dev,200,recorded_plan,3,third,16,16,1.0
F2,42,dev,200,recorded_plan,4,first,16,16,1.0
F2,42,dev,200,recorded_plan,4,third,16,16,1.0
F2,42,dev,200,reported_cancelled,-3,first,16,16,1.0
F2,42,dev,200,reported_cancelled,-3,third,16,16,1.0
F2,42,dev,200,reported_cancelled,-2,first,16,16,1.0
F2,42,dev,200,reported_cancelled,-2,third,16,16,1.0
F2,42,dev,200,reported_cancelled,-1,first,16,16,1.0
F2,42,dev,200,reported_cancelled,-1,third,16,16,1.0
F2,42,dev,200,reported_cancelled,0,first,16,16,1.0
F2,42,dev,200,reported_cancelled,0,third,16,16,1.0
F2,42,dev,200,reported_cancelled,1,first,16,16,1.0
F2,42,dev,200,reported_cancelled,1,third,16,16,1.0
F2,42,dev,200,reported_cancelled,2,first,16,16,1.0
F2,42,dev,200,reported_cancelled,2,third,16,16,1.0
F2,42,dev,200,reported_cancelled,3,first,16,16,1.0
F2,42,dev,200,reported_cancelled,3,third,16,16,1.0
F2,42,dev,200,reported_cancelled,4,first,16,16,1.0
F2,42,dev,200,reported_cancelled,4,third,16,16,1.0
F2,42,dev,200,reported_completed,-3,first,16,16,1.0
F2,42,dev,200,reported_completed,-3,third,16,16,1.0
F2,42,dev,200,reported_completed,-2,first,16,16,1.0
F2,42,dev,200,reported_completed,-2,third,16,16,1.0
F2,42,dev,200,reported_completed,-1,first,16,16,1.0
F2,42,dev,200,reported_completed,-1,third,16,16,1.0
F2,42,dev,200,reported_completed,0,first,16,16,1.0
F2,42,dev,200,reported_completed,0,third,16,16,1.0
F2,42,dev,50,recorded_plan,-3,first,16,16,1.0
F2,42,dev,50,recorded_plan,-3,third,16,16,1.0
F2,42,dev,50,recorded_plan,-2,first,16,16,1.0
F2,42,dev,50,recorded_plan,-2,third,16,16,1.0
F2,42,dev,50,recorded_plan,-1,first,16,16,1.0
F2,42,dev,50,recorded_plan,-1,third,16,16,1.0
F2,42,dev,50,recorded_plan,0,first,16,16,1.0
F2,42,dev,50,recorded_plan,0,third,16,16,1.0
F2,42,dev,50,recorded_plan,1,first,16,16,1.0
F2,42,dev,50,recorded_plan,1,third,16,16,1.0
F2,42,dev,50,recorded_plan,2,first,16,16,1.0
F2,42,dev,50,recorded_plan,2,third,16,16,1.0
F2,42,dev,50,recorded_plan,3,first,16,16,1.0
F2,42,dev,50,recorded_plan,3,third,16,16,1.0
F2,42,dev,50,recorded_plan,4,first,16,16,1.0
F2,42,dev,50,recorded_plan,4,third,16,16,1.0
F2,42,dev,50,reported_cancelled,-3,first,16,16,1.0
F2,42,dev,50,reported_cancelled,-3,third,16,16,1.0
F2,42,dev,50,reported_cancelled,-2,first,16,16,1.0
F2,42,dev,50,reported_cancelled,-2,third,16,16,1.0
F2,42,dev,50,reported_cancelled,-1,first,16,16,1.0
F2,42,dev,50,reported_cancelled,-1,third,16,16,1.0
F2,42,dev,50,reported_cancelled,0,first,16,16,1.0
F2,42,dev,50,reported_cancelled,0,third,16,16,1.0
F2,42,dev,50,reported_cancelled,1,first,16,16,1.0
F2,42,dev,50,reported_cancelled,1,third,16,16,1.0
F2,42,dev,50,reported_cancelled,2,first,16,16,1.0
F2,42,dev,50,reported_cancelled,2,third,16,16,1.0
F2,42,dev,50,reported_cancelled,3,first,16,16,1.0
F2,42,dev,50,reported_cancelled,3,third,16,16,1.0
F2,42,dev,50,reported_cancelled,4,first,16,16,1.0
F2,42,dev,50,reported_cancelled,4,third,16,16,1.0
F2,42,dev,50,reported_completed,-3,first,16,16,1.0
F2,42,dev,50,reported_completed,-3,third,16,16,1.0
F2,42,dev,50,reported_completed,-2,first,16,16,1.0
F2,42,dev,50,reported_completed,-2,third,16,16,1.0
F2,42,dev,50,reported_completed,-1,first,16,16,1.0
F2,42,dev,50,reported_completed,-1,third,16,16,1.0
F2,42,dev,50,reported_completed,0,first,16,16,1.0
F2,42,dev,50,reported_completed,0,third,16,16,1.0
F2,42,train,0,recorded_plan,-3,first,16,16,1.0
F2,42,train,0,recorded_plan,-3,third,16,16,1.0
F2,42,train,0,recorded_plan,-2,first,16,16,1.0
F2,42,train,0,recorded_plan,-2,third,16,16,1.0
F2,42,train,0,recorded_plan,-1,first,16,16,1.0
F2,42,train,0,recorded_plan,-1,third,16,16,1.0
F2,42,train,0,recorded_plan,0,first,16,16,1.0
F2,42,train,0,recorded_plan,0,third,16,16,1.0
F2,42,train,0,recorded_plan,1,first,16,16,1.0
F2,42,train,0,recorded_plan,1,third,16,16,1.0
F2,42,train,0,recorded_plan,2,first,16,16,1.0
F2,42,train,0,recorded_plan,2,third,16,16,1.0
F2,42,train,0,recorded_plan,3,first,16,16,1.0
F2,42,train,0,recorded_plan,3,third,16,16,1.0
F2,42,train,0,recorded_plan,4,first,0,16,0.0
F2,42,train,0,recorded_plan,4,third,0,16,0.0
F2,42,train,0,reported_cancelled,-3,first,16,16,1.0
F2,42,train,0,reported_cancelled,-3,third,16,16,1.0
F2,42,train,0,reported_cancelled,-2,first,16,16,1.0
F2,42,train,0,reported_cancelled,-2,third,16,16,1.0
F2,42,train,0,reported_cancelled,-1,first,16,16,1.0
F2,42,train,0,reported_cancelled,-1,third,16,16,1.0
F2,42,train,0,reported_cancelled,0,first,16,16,1.0
F2,42,train,0,reported_cancelled,0,third,16,16,1.0
F2,42,train,0,reported_cancelled,1,first,16,16,1.0
F2,42,train,0,reported_cancelled,1,third,16,16,1.0
F2,42,train,0,reported_cancelled,2,first,16,16,1.0
F2,42,train,0,reported_cancelled,2,third,16,16,1.0
F2,42,train,0,reported_cancelled,3,first,16,16,1.0
F2,42,train,0,reported_cancelled,3,third,16,16,1.0
F2,42,train,0,reported_cancelled,4,first,0,16,0.0
F2,42,train,0,reported_cancelled,4,third,0,16,0.0
F2,42,train,0,reported_completed,-3,first,16,16,1.0
F2,42,train,0,reported_completed,-3,third,16,16,1.0
F2,42,train,0,reported_completed,-2,first,16,16,1.0
F2,42,train,0,reported_completed,-2,third,16,16,1.0
F2,42,train,0,reported_completed,-1,first,16,16,1.0
F2,42,train,0,reported_completed,-1,third,16,16,1.0
F2,42,train,0,reported_completed,0,first,16,16,1.0
F2,42,train,0,reported_completed,0,third,16,16,1.0
F2,42,train,100,recorded_plan,-3,first,16,16,1.0
F2,42,train,100,recorded_plan,-3,third,16,16,1.0
F2,42,train,100,recorded_plan,-2,first,16,16,1.0
F2,42,train,100,recorded_plan,-2,third,16,16,1.0
F2,42,train,100,recorded_plan,-1,first,16,16,1.0
F2,42,train,100,recorded_plan,-1,third,16,16,1.0
F2,42,train,100,recorded_plan,0,first,16,16,1.0
F2,42,train,100,recorded_plan,0,third,16,16,1.0
F2,42,train,100,recorded_plan,1,first,16,16,1.0
F2,42,train,100,recorded_plan,1,third,16,16,1.0
F2,42,train,100,recorded_plan,2,first,16,16,1.0
F2,42,train,100,recorded_plan,2,third,16,16,1.0
F2,42,train,100,recorded_plan,3,first,16,16,1.0
F2,42,train,100,recorded_plan,3,third,16,16,1.0
F2,42,train,100,recorded_plan,4,first,16,16,1.0
F2,42,train,100,recorded_plan,4,third,16,16,1.0
F2,42,train,100,reported_cancelled,-3,first,16,16,1.0
F2,42,train,100,reported_cancelled,-3,third,16,16,1.0
F2,42,train,100,reported_cancelled,-2,first,16,16,1.0
F2,42,train,100,reported_cancelled,-2,third,16,16,1.0
F2,42,train,100,reported_cancelled,-1,first,16,16,1.0
F2,42,train,100,reported_cancelled,-1,third,16,16,1.0
F2,42,train,100,reported_cancelled,0,first,16,16,1.0
F2,42,train,100,reported_cancelled,0,third,16,16,1.0
F2,42,train,100,reported_cancelled,1,first,16,16,1.0
F2,42,train,100,reported_cancelled,1,third,16,16,1.0
F2,42,train,100,reported_cancelled,2,first,16,16,1.0
F2,42,train,100,reported_cancelled,2,third,16,16,1.0
F2,42,train,100,reported_cancelled,3,first,16,16,1.0
F2,42,train,100,reported_cancelled,3,third,16,16,1.0
F2,42,train,100,reported_cancelled,4,first,16,16,1.0
F2,42,train,100,reported_cancelled,4,third,16,16,1.0
F2,42,train,100,reported_completed,-3,first,16,16,1.0
F2,42,train,100,reported_completed,-3,third,16,16,1.0
F2,42,train,100,reported_completed,-2,first,16,16,1.0
F2,42,train,100,reported_completed,-2,third,16,16,1.0
F2,42,train,100,reported_completed,-1,first,16,16,1.0
F2,42,train,100,reported_completed,-1,third,16,16,1.0
F2,42,train,100,reported_completed,0,first,16,16,1.0
F2,42,train,100,reported_completed,0,third,16,16,1.0
F2,42,train,150,recorded_plan,-3,first,16,16,1.0
F2,42,train,150,recorded_plan,-3,third,16,16,1.0
F2,42,train,150,recorded_plan,-2,first,16,16,1.0
F2,42,train,150,recorded_plan,-2,third,16,16,1.0
F2,42,train,150,recorded_plan,-1,first,16,16,1.0
F2,42,train,150,recorded_plan,-1,third,16,16,1.0
F2,42,train,150,recorded_plan,0,first,16,16,1.0
F2,42,train,150,recorded_plan,0,third,16,16,1.0
F2,42,train,150,recorded_plan,1,first,16,16,1.0
F2,42,train,150,recorded_plan,1,third,16,16,1.0
F2,42,train,150,recorded_plan,2,first,16,16,1.0
F2,42,train,150,recorded_plan,2,third,16,16,1.0
F2,42,train,150,recorded_plan,3,first,16,16,1.0
F2,42,train,150,recorded_plan,3,third,16,16,1.0
F2,42,train,150,recorded_plan,4,first,16,16,1.0
F2,42,train,150,recorded_plan,4,third,16,16,1.0
F2,42,train,150,reported_cancelled,-3,first,16,16,1.0
F2,42,train,150,reported_cancelled,-3,third,16,16,1.0
F2,42,train,150,reported_cancelled,-2,first,16,16,1.0
F2,42,train,150,reported_cancelled,-2,third,16,16,1.0
F2,42,train,150,reported_cancelled,-1,first,16,16,1.0
F2,42,train,150,reported_cancelled,-1,third,16,16,1.0
F2,42,train,150,reported_cancelled,0,first,16,16,1.0
F2,42,train,150,reported_cancelled,0,third,16,16,1.0
F2,42,train,150,reported_cancelled,1,first,16,16,1.0
F2,42,train,150,reported_cancelled,1,third,16,16,1.0
F2,42,train,150,reported_cancelled,2,first,16,16,1.0
F2,42,train,150,reported_cancelled,2,third,16,16,1.0
F2,42,train,150,reported_cancelled,3,first,16,16,1.0
F2,42,train,150,reported_cancelled,3,third,16,16,1.0
F2,42,train,150,reported_cancelled,4,first,16,16,1.0
F2,42,train,150,reported_cancelled,4,third,16,16,1.0
F2,42,train,150,reported_completed,-3,first,16,16,1.0
F2,42,train,150,reported_completed,-3,third,16,16,1.0
F2,42,train,150,reported_completed,-2,first,16,16,1.0
F2,42,train,150,reported_completed,-2,third,16,16,1.0
F2,42,train,150,reported_completed,-1,first,16,16,1.0
F2,42,train,150,reported_completed,-1,third,16,16,1.0
F2,42,train,150,reported_completed,0,first,16,16,1.0
F2,42,train,150,reported_completed,0,third,16,16,1.0
F2,42,train,200,recorded_plan,-3,first,16,16,1.0
F2,42,train,200,recorded_plan,-3,third,16,16,1.0
F2,42,train,200,recorded_plan,-2,first,16,16,1.0
F2,42,train,200,recorded_plan,-2,third,16,16,1.0
F2,42,train,200,recorded_plan,-1,first,16,16,1.0
F2,42,train,200,recorded_plan,-1,third,16,16,1.0
F2,42,train,200,recorded_plan,0,first,16,16,1.0
F2,42,train,200,recorded_plan,0,third,16,16,1.0
F2,42,train,200,recorded_plan,1,first,16,16,1.0
F2,42,train,200,recorded_plan,1,third,16,16,1.0
F2,42,train,200,recorded_plan,2,first,16,16,1.0
F2,42,train,200,recorded_plan,2,third,16,16,1.0
F2,42,train,200,recorded_plan,3,first,16,16,1.0
F2,42,train,200,recorded_plan,3,third,16,16,1.0
F2,42,train,200,recorded_plan,4,first,16,16,1.0
F2,42,train,200,recorded_plan,4,third,16,16,1.0
F2,42,train,200,reported_cancelled,-3,first,16,16,1.0
F2,42,train,200,reported_cancelled,-3,third,16,16,1.0
F2,42,train,200,reported_cancelled,-2,first,16,16,1.0
F2,42,train,200,reported_cancelled,-2,third,16,16,1.0
F2,42,train,200,reported_cancelled,-1,first,16,16,1.0
F2,42,train,200,reported_cancelled,-1,third,16,16,1.0
F2,42,train,200,reported_cancelled,0,first,16,16,1.0
F2,42,train,200,reported_cancelled,0,third,16,16,1.0
F2,42,train,200,reported_cancelled,1,first,16,16,1.0
F2,42,train,200,reported_cancelled,1,third,16,16,1.0
F2,42,train,200,reported_cancelled,2,first,16,16,1.0
F2,42,train,200,reported_cancelled,2,third,16,16,1.0
F2,42,train,200,reported_cancelled,3,first,16,16,1.0
F2,42,train,200,reported_cancelled,3,third,16,16,1.0
F2,42,train,200,reported_cancelled,4,first,16,16,1.0
F2,42,train,200,reported_cancelled,4,third,16,16,1.0
F2,42,train,200,reported_completed,-3,first,16,16,1.0
F2,42,train,200,reported_completed,-3,third,16,16,1.0
F2,42,train,200,reported_completed,-2,first,16,16,1.0
F2,42,train,200,reported_completed,-2,third,16,16,1.0
F2,42,train,200,reported_completed,-1,first,16,16,1.0
F2,42,train,200,reported_completed,-1,third,16,16,1.0
F2,42,train,200,reported_completed,0,first,16,16,1.0
F2,42,train,200,reported_completed,0,third,16,16,1.0
F2,42,train,50,recorded_plan,-3,first,16,16,1.0
F2,42,train,50,recorded_plan,-3,third,16,16,1.0
F2,42,train,50,recorded_plan,-2,first,16,16,1.0
F2,42,train,50,recorded_plan,-2,third,16,16,1.0
F2,42,train,50,recorded_plan,-1,first,16,16,1.0
F2,42,train,50,recorded_plan,-1,third,16,16,1.0
F2,42,train,50,recorded_plan,0,first,16,16,1.0
F2,42,train,50,recorded_plan,0,third,16,16,1.0
F2,42,train,50,recorded_plan,1,first,16,16,1.0
F2,42,train,50,recorded_plan,1,third,16,16,1.0
F2,42,train,50,recorded_plan,2,first,16,16,1.0
F2,42,train,50,recorded_plan,2,third,16,16,1.0
F2,42,train,50,recorded_plan,3,first,16,16,1.0
F2,42,train,50,recorded_plan,3,third,16,16,1.0
F2,42,train,50,recorded_plan,4,first,16,16,1.0
F2,42,train,50,recorded_plan,4,third,16,16,1.0
F2,42,train,50,reported_cancelled,-3,first,16,16,1.0
F2,42,train,50,reported_cancelled,-3,third,16,16,1.0
F2,42,train,50,reported_cancelled,-2,first,16,16,1.0
F2,42,train,50,reported_cancelled,-2,third,16,16,1.0
F2,42,train,50,reported_cancelled,-1,first,16,16,1.0
F2,42,train,50,reported_cancelled,-1,third,16,16,1.0
F2,42,train,50,reported_cancelled,0,first,16,16,1.0
F2,42,train,50,reported_cancelled,0,third,16,16,1.0
F2,42,train,50,reported_cancelled,1,first,16,16,1.0
F2,42,train,50,reported_cancelled,1,third,16,16,1.0
F2,42,train,50,reported_cancelled,2,first,16,16,1.0
F2,42,train,50,reported_cancelled,2,third,16,16,1.0
F2,42,train,50,reported_cancelled,3,first,16,16,1.0
F2,42,train,50,reported_cancelled,3,third,16,16,1.0
F2,42,train,50,reported_cancelled,4,first,16,16,1.0
F2,42,train,50,reported_cancelled,4,third,16,16,1.0
F2,42,train,50,reported_completed,-3,first,16,16,1.0
F2,42,train,50,reported_completed,-3,third,16,16,1.0
F2,42,train,50,reported_completed,-2,first,16,16,1.0
F2,42,train,50,reported_completed,-2,third,16,16,1.0
F2,42,train,50,reported_completed,-1,first,16,16,1.0
F2,42,train,50,reported_completed,-1,third,16,16,1.0
F2,42,train,50,reported_completed,0,first,16,16,1.0
F2,42,train,50,reported_completed,0,third,16,16,1.0
F2,43,dev,0,recorded_plan,-3,first,16,16,1.0
F2,43,dev,0,recorded_plan,-3,third,16,16,1.0
F2,43,dev,0,recorded_plan,-2,first,16,16,1.0
F2,43,dev,0,recorded_plan,-2,third,16,16,1.0
F2,43,dev,0,recorded_plan,-1,first,16,16,1.0
F2,43,dev,0,recorded_plan,-1,third,16,16,1.0
F2,43,dev,0,recorded_plan,0,first,16,16,1.0
F2,43,dev,0,recorded_plan,0,third,16,16,1.0
F2,43,dev,0,recorded_plan,1,first,16,16,1.0
F2,43,dev,0,recorded_plan,1,third,16,16,1.0
F2,43,dev,0,recorded_plan,2,first,16,16,1.0
F2,43,dev,0,recorded_plan,2,third,16,16,1.0
F2,43,dev,0,recorded_plan,3,first,16,16,1.0
F2,43,dev,0,recorded_plan,3,third,16,16,1.0
F2,43,dev,0,recorded_plan,4,first,0,16,0.0
F2,43,dev,0,recorded_plan,4,third,0,16,0.0
F2,43,dev,0,reported_cancelled,-3,first,16,16,1.0
F2,43,dev,0,reported_cancelled,-3,third,16,16,1.0
F2,43,dev,0,reported_cancelled,-2,first,16,16,1.0
F2,43,dev,0,reported_cancelled,-2,third,16,16,1.0
F2,43,dev,0,reported_cancelled,-1,first,16,16,1.0
F2,43,dev,0,reported_cancelled,-1,third,16,16,1.0
F2,43,dev,0,reported_cancelled,0,first,16,16,1.0
F2,43,dev,0,reported_cancelled,0,third,16,16,1.0
F2,43,dev,0,reported_cancelled,1,first,16,16,1.0
F2,43,dev,0,reported_cancelled,1,third,16,16,1.0
F2,43,dev,0,reported_cancelled,2,first,16,16,1.0
F2,43,dev,0,reported_cancelled,2,third,16,16,1.0
F2,43,dev,0,reported_cancelled,3,first,16,16,1.0
F2,43,dev,0,reported_cancelled,3,third,16,16,1.0
F2,43,dev,0,reported_cancelled,4,first,0,16,0.0
F2,43,dev,0,reported_cancelled,4,third,0,16,0.0
F2,43,dev,0,reported_completed,-3,first,16,16,1.0
F2,43,dev,0,reported_completed,-3,third,16,16,1.0
F2,43,dev,0,reported_completed,-2,first,16,16,1.0
F2,43,dev,0,reported_completed,-2,third,16,16,1.0
F2,43,dev,0,reported_completed,-1,first,16,16,1.0
F2,43,dev,0,reported_completed,-1,third,16,16,1.0
F2,43,dev,0,reported_completed,0,first,16,16,1.0
F2,43,dev,0,reported_completed,0,third,16,16,1.0
F2,43,dev,100,recorded_plan,-3,first,16,16,1.0
F2,43,dev,100,recorded_plan,-3,third,16,16,1.0
F2,43,dev,100,recorded_plan,-2,first,16,16,1.0
F2,43,dev,100,recorded_plan,-2,third,16,16,1.0
F2,43,dev,100,recorded_plan,-1,first,16,16,1.0
F2,43,dev,100,recorded_plan,-1,third,16,16,1.0
F2,43,dev,100,recorded_plan,0,first,16,16,1.0
F2,43,dev,100,recorded_plan,0,third,16,16,1.0
F2,43,dev,100,recorded_plan,1,first,16,16,1.0
F2,43,dev,100,recorded_plan,1,third,16,16,1.0
F2,43,dev,100,recorded_plan,2,first,12,16,0.75
F2,43,dev,100,recorded_plan,2,third,13,16,0.8125
F2,43,dev,100,recorded_plan,3,first,16,16,1.0
F2,43,dev,100,recorded_plan,3,third,16,16,1.0
F2,43,dev,100,recorded_plan,4,first,16,16,1.0
F2,43,dev,100,recorded_plan,4,third,16,16,1.0
F2,43,dev,100,reported_cancelled,-3,first,16,16,1.0
F2,43,dev,100,reported_cancelled,-3,third,16,16,1.0
F2,43,dev,100,reported_cancelled,-2,first,16,16,1.0
F2,43,dev,100,reported_cancelled,-2,third,16,16,1.0
F2,43,dev,100,reported_cancelled,-1,first,16,16,1.0
F2,43,dev,100,reported_cancelled,-1,third,16,16,1.0
F2,43,dev,100,reported_cancelled,0,first,16,16,1.0
F2,43,dev,100,reported_cancelled,0,third,16,16,1.0
F2,43,dev,100,reported_cancelled,1,first,16,16,1.0
F2,43,dev,100,reported_cancelled,1,third,16,16,1.0
F2,43,dev,100,reported_cancelled,2,first,12,16,0.75
F2,43,dev,100,reported_cancelled,2,third,12,16,0.75
F2,43,dev,100,reported_cancelled,3,first,15,16,0.9375
F2,43,dev,100,reported_cancelled,3,third,16,16,1.0
F2,43,dev,100,reported_cancelled,4,first,16,16,1.0
F2,43,dev,100,reported_cancelled,4,third,16,16,1.0
F2,43,dev,100,reported_completed,-3,first,16,16,1.0
F2,43,dev,100,reported_completed,-3,third,16,16,1.0
F2,43,dev,100,reported_completed,-2,first,16,16,1.0
F2,43,dev,100,reported_completed,-2,third,16,16,1.0
F2,43,dev,100,reported_completed,-1,first,16,16,1.0
F2,43,dev,100,reported_completed,-1,third,16,16,1.0
F2,43,dev,100,reported_completed,0,first,16,16,1.0
F2,43,dev,100,reported_completed,0,third,16,16,1.0
F2,43,dev,150,recorded_plan,-3,first,16,16,1.0
F2,43,dev,150,recorded_plan,-3,third,16,16,1.0
F2,43,dev,150,recorded_plan,-2,first,16,16,1.0
F2,43,dev,150,recorded_plan,-2,third,16,16,1.0
F2,43,dev,150,recorded_plan,-1,first,16,16,1.0
F2,43,dev,150,recorded_plan,-1,third,16,16,1.0
F2,43,dev,150,recorded_plan,0,first,16,16,1.0
F2,43,dev,150,recorded_plan,0,third,16,16,1.0
F2,43,dev,150,recorded_plan,1,first,16,16,1.0
F2,43,dev,150,recorded_plan,1,third,16,16,1.0
F2,43,dev,150,recorded_plan,2,first,16,16,1.0
F2,43,dev,150,recorded_plan,2,third,16,16,1.0
F2,43,dev,150,recorded_plan,3,first,16,16,1.0
F2,43,dev,150,recorded_plan,3,third,16,16,1.0
F2,43,dev,150,recorded_plan,4,first,16,16,1.0
F2,43,dev,150,recorded_plan,4,third,16,16,1.0
F2,43,dev,150,reported_cancelled,-3,first,16,16,1.0
F2,43,dev,150,reported_cancelled,-3,third,16,16,1.0
F2,43,dev,150,reported_cancelled,-2,first,16,16,1.0
F2,43,dev,150,reported_cancelled,-2,third,16,16,1.0
F2,43,dev,150,reported_cancelled,-1,first,16,16,1.0
F2,43,dev,150,reported_cancelled,-1,third,16,16,1.0
F2,43,dev,150,reported_cancelled,0,first,16,16,1.0
F2,43,dev,150,reported_cancelled,0,third,16,16,1.0
F2,43,dev,150,reported_cancelled,1,first,16,16,1.0
F2,43,dev,150,reported_cancelled,1,third,16,16,1.0
F2,43,dev,150,reported_cancelled,2,first,16,16,1.0
F2,43,dev,150,reported_cancelled,2,third,16,16,1.0
F2,43,dev,150,reported_cancelled,3,first,16,16,1.0
F2,43,dev,150,reported_cancelled,3,third,16,16,1.0
F2,43,dev,150,reported_cancelled,4,first,16,16,1.0
F2,43,dev,150,reported_cancelled,4,third,16,16,1.0
F2,43,dev,150,reported_completed,-3,first,16,16,1.0
F2,43,dev,150,reported_completed,-3,third,16,16,1.0
F2,43,dev,150,reported_completed,-2,first,16,16,1.0
F2,43,dev,150,reported_completed,-2,third,16,16,1.0
F2,43,dev,150,reported_completed,-1,first,16,16,1.0
F2,43,dev,150,reported_completed,-1,third,16,16,1.0
F2,43,dev,150,reported_completed,0,first,16,16,1.0
F2,43,dev,150,reported_completed,0,third,16,16,1.0
F2,43,dev,200,recorded_plan,-3,first,16,16,1.0
F2,43,dev,200,recorded_plan,-3,third,16,16,1.0
F2,43,dev,200,recorded_plan,-2,first,16,16,1.0
F2,43,dev,200,recorded_plan,-2,third,16,16,1.0
F2,43,dev,200,recorded_plan,-1,first,16,16,1.0
F2,43,dev,200,recorded_plan,-1,third,16,16,1.0
F2,43,dev,200,recorded_plan,0,first,16,16,1.0
F2,43,dev,200,recorded_plan,0,third,16,16,1.0
F2,43,dev,200,recorded_plan,1,first,16,16,1.0
F2,43,dev,200,recorded_plan,1,third,16,16,1.0
F2,43,dev,200,recorded_plan,2,first,16,16,1.0
F2,43,dev,200,recorded_plan,2,third,16,16,1.0
F2,43,dev,200,recorded_plan,3,first,16,16,1.0
F2,43,dev,200,recorded_plan,3,third,16,16,1.0
F2,43,dev,200,recorded_plan,4,first,16,16,1.0
F2,43,dev,200,recorded_plan,4,third,16,16,1.0
F2,43,dev,200,reported_cancelled,-3,first,16,16,1.0
F2,43,dev,200,reported_cancelled,-3,third,16,16,1.0
F2,43,dev,200,reported_cancelled,-2,first,16,16,1.0
F2,43,dev,200,reported_cancelled,-2,third,16,16,1.0
F2,43,dev,200,reported_cancelled,-1,first,16,16,1.0
F2,43,dev,200,reported_cancelled,-1,third,16,16,1.0
F2,43,dev,200,reported_cancelled,0,first,16,16,1.0
F2,43,dev,200,reported_cancelled,0,third,16,16,1.0
F2,43,dev,200,reported_cancelled,1,first,16,16,1.0
F2,43,dev,200,reported_cancelled,1,third,16,16,1.0
F2,43,dev,200,reported_cancelled,2,first,16,16,1.0
F2,43,dev,200,reported_cancelled,2,third,16,16,1.0
F2,43,dev,200,reported_cancelled,3,first,16,16,1.0
F2,43,dev,200,reported_cancelled,3,third,16,16,1.0
F2,43,dev,200,reported_cancelled,4,first,16,16,1.0
F2,43,dev,200,reported_cancelled,4,third,16,16,1.0
F2,43,dev,200,reported_completed,-3,first,16,16,1.0
F2,43,dev,200,reported_completed,-3,third,16,16,1.0
F2,43,dev,200,reported_completed,-2,first,16,16,1.0
F2,43,dev,200,reported_completed,-2,third,16,16,1.0
F2,43,dev,200,reported_completed,-1,first,16,16,1.0
F2,43,dev,200,reported_completed,-1,third,16,16,1.0
F2,43,dev,200,reported_completed,0,first,16,16,1.0
F2,43,dev,200,reported_completed,0,third,16,16,1.0
F2,43,dev,50,recorded_plan,-3,first,16,16,1.0
F2,43,dev,50,recorded_plan,-3,third,16,16,1.0
F2,43,dev,50,recorded_plan,-2,first,16,16,1.0
F2,43,dev,50,recorded_plan,-2,third,16,16,1.0
F2,43,dev,50,recorded_plan,-1,first,16,16,1.0
F2,43,dev,50,recorded_plan,-1,third,16,16,1.0
F2,43,dev,50,recorded_plan,0,first,16,16,1.0
F2,43,dev,50,recorded_plan,0,third,16,16,1.0
F2,43,dev,50,recorded_plan,1,first,16,16,1.0
F2,43,dev,50,recorded_plan,1,third,16,16,1.0
F2,43,dev,50,recorded_plan,2,first,16,16,1.0
F2,43,dev,50,recorded_plan,2,third,16,16,1.0
F2,43,dev,50,recorded_plan,3,first,16,16,1.0
F2,43,dev,50,recorded_plan,3,third,16,16,1.0
F2,43,dev,50,recorded_plan,4,first,16,16,1.0
F2,43,dev,50,recorded_plan,4,third,16,16,1.0
F2,43,dev,50,reported_cancelled,-3,first,16,16,1.0
F2,43,dev,50,reported_cancelled,-3,third,16,16,1.0
F2,43,dev,50,reported_cancelled,-2,first,16,16,1.0
F2,43,dev,50,reported_cancelled,-2,third,16,16,1.0
F2,43,dev,50,reported_cancelled,-1,first,16,16,1.0
F2,43,dev,50,reported_cancelled,-1,third,16,16,1.0
F2,43,dev,50,reported_cancelled,0,first,16,16,1.0
F2,43,dev,50,reported_cancelled,0,third,16,16,1.0
F2,43,dev,50,reported_cancelled,1,first,16,16,1.0
F2,43,dev,50,reported_cancelled,1,third,16,16,1.0
F2,43,dev,50,reported_cancelled,2,first,16,16,1.0
F2,43,dev,50,reported_cancelled,2,third,16,16,1.0
F2,43,dev,50,reported_cancelled,3,first,16,16,1.0
F2,43,dev,50,reported_cancelled,3,third,16,16,1.0
F2,43,dev,50,reported_cancelled,4,first,16,16,1.0
F2,43,dev,50,reported_cancelled,4,third,16,16,1.0
F2,43,dev,50,reported_completed,-3,first,16,16,1.0
F2,43,dev,50,reported_completed,-3,third,16,16,1.0
F2,43,dev,50,reported_completed,-2,first,16,16,1.0
F2,43,dev,50,reported_completed,-2,third,16,16,1.0
F2,43,dev,50,reported_completed,-1,first,16,16,1.0
F2,43,dev,50,reported_completed,-1,third,16,16,1.0
F2,43,dev,50,reported_completed,0,first,16,16,1.0
F2,43,dev,50,reported_completed,0,third,16,16,1.0
F2,43,train,0,recorded_plan,-3,first,16,16,1.0
F2,43,train,0,recorded_plan,-3,third,16,16,1.0
F2,43,train,0,recorded_plan,-2,first,16,16,1.0
F2,43,train,0,recorded_plan,-2,third,16,16,1.0
F2,43,train,0,recorded_plan,-1,first,16,16,1.0
F2,43,train,0,recorded_plan,-1,third,16,16,1.0
F2,43,train,0,recorded_plan,0,first,16,16,1.0
F2,43,train,0,recorded_plan,0,third,16,16,1.0
F2,43,train,0,recorded_plan,1,first,16,16,1.0
F2,43,train,0,recorded_plan,1,third,16,16,1.0
F2,43,train,0,recorded_plan,2,first,16,16,1.0
F2,43,train,0,recorded_plan,2,third,15,16,0.9375
F2,43,train,0,recorded_plan,3,first,16,16,1.0
F2,43,train,0,recorded_plan,3,third,16,16,1.0
F2,43,train,0,recorded_plan,4,first,0,16,0.0
F2,43,train,0,recorded_plan,4,third,0,16,0.0
F2,43,train,0,reported_cancelled,-3,first,16,16,1.0
F2,43,train,0,reported_cancelled,-3,third,16,16,1.0
F2,43,train,0,reported_cancelled,-2,first,16,16,1.0
F2,43,train,0,reported_cancelled,-2,third,16,16,1.0
F2,43,train,0,reported_cancelled,-1,first,16,16,1.0
F2,43,train,0,reported_cancelled,-1,third,16,16,1.0
F2,43,train,0,reported_cancelled,0,first,16,16,1.0
F2,43,train,0,reported_cancelled,0,third,16,16,1.0
F2,43,train,0,reported_cancelled,1,first,16,16,1.0
F2,43,train,0,reported_cancelled,1,third,16,16,1.0
F2,43,train,0,reported_cancelled,2,first,16,16,1.0
F2,43,train,0,reported_cancelled,2,third,16,16,1.0
F2,43,train,0,reported_cancelled,3,first,16,16,1.0
F2,43,train,0,reported_cancelled,3,third,16,16,1.0
F2,43,train,0,reported_cancelled,4,first,0,16,0.0
F2,43,train,0,reported_cancelled,4,third,0,16,0.0
F2,43,train,0,reported_completed,-3,first,16,16,1.0
F2,43,train,0,reported_completed,-3,third,16,16,1.0
F2,43,train,0,reported_completed,-2,first,16,16,1.0
F2,43,train,0,reported_completed,-2,third,16,16,1.0
F2,43,train,0,reported_completed,-1,first,16,16,1.0
F2,43,train,0,reported_completed,-1,third,16,16,1.0
F2,43,train,0,reported_completed,0,first,16,16,1.0
F2,43,train,0,reported_completed,0,third,16,16,1.0
F2,43,train,100,recorded_plan,-3,first,16,16,1.0
F2,43,train,100,recorded_plan,-3,third,16,16,1.0
F2,43,train,100,recorded_plan,-2,first,16,16,1.0
F2,43,train,100,recorded_plan,-2,third,16,16,1.0
F2,43,train,100,recorded_plan,-1,first,16,16,1.0
F2,43,train,100,recorded_plan,-1,third,16,16,1.0
F2,43,train,100,recorded_plan,0,first,16,16,1.0
F2,43,train,100,recorded_plan,0,third,16,16,1.0
F2,43,train,100,recorded_plan,1,first,16,16,1.0
F2,43,train,100,recorded_plan,1,third,16,16,1.0
F2,43,train,100,recorded_plan,2,first,13,16,0.8125
F2,43,train,100,recorded_plan,2,third,14,16,0.875
F2,43,train,100,recorded_plan,3,first,16,16,1.0
F2,43,train,100,recorded_plan,3,third,16,16,1.0
F2,43,train,100,recorded_plan,4,first,16,16,1.0
F2,43,train,100,recorded_plan,4,third,16,16,1.0
F2,43,train,100,reported_cancelled,-3,first,16,16,1.0
F2,43,train,100,reported_cancelled,-3,third,16,16,1.0
F2,43,train,100,reported_cancelled,-2,first,16,16,1.0
F2,43,train,100,reported_cancelled,-2,third,16,16,1.0
F2,43,train,100,reported_cancelled,-1,first,16,16,1.0
F2,43,train,100,reported_cancelled,-1,third,16,16,1.0
F2,43,train,100,reported_cancelled,0,first,16,16,1.0
F2,43,train,100,reported_cancelled,0,third,16,16,1.0
F2,43,train,100,reported_cancelled,1,first,16,16,1.0
F2,43,train,100,reported_cancelled,1,third,16,16,1.0
F2,43,train,100,reported_cancelled,2,first,12,16,0.75
F2,43,train,100,reported_cancelled,2,third,14,16,0.875
F2,43,train,100,reported_cancelled,3,first,16,16,1.0
F2,43,train,100,reported_cancelled,3,third,16,16,1.0
F2,43,train,100,reported_cancelled,4,first,16,16,1.0
F2,43,train,100,reported_cancelled,4,third,16,16,1.0
F2,43,train,100,reported_completed,-3,first,16,16,1.0
F2,43,train,100,reported_completed,-3,third,16,16,1.0
F2,43,train,100,reported_completed,-2,first,16,16,1.0
F2,43,train,100,reported_completed,-2,third,16,16,1.0
F2,43,train,100,reported_completed,-1,first,16,16,1.0
F2,43,train,100,reported_completed,-1,third,16,16,1.0
F2,43,train,100,reported_completed,0,first,16,16,1.0
F2,43,train,100,reported_completed,0,third,16,16,1.0
F2,43,train,150,recorded_plan,-3,first,16,16,1.0
F2,43,train,150,recorded_plan,-3,third,16,16,1.0
F2,43,train,150,recorded_plan,-2,first,16,16,1.0
F2,43,train,150,recorded_plan,-2,third,16,16,1.0
F2,43,train,150,recorded_plan,-1,first,16,16,1.0
F2,43,train,150,recorded_plan,-1,third,16,16,1.0
F2,43,train,150,recorded_plan,0,first,16,16,1.0
F2,43,train,150,recorded_plan,0,third,16,16,1.0
F2,43,train,150,recorded_plan,1,first,16,16,1.0
F2,43,train,150,recorded_plan,1,third,16,16,1.0
F2,43,train,150,recorded_plan,2,first,16,16,1.0
F2,43,train,150,recorded_plan,2,third,16,16,1.0
F2,43,train,150,recorded_plan,3,first,16,16,1.0
F2,43,train,150,recorded_plan,3,third,16,16,1.0
F2,43,train,150,recorded_plan,4,first,16,16,1.0
F2,43,train,150,recorded_plan,4,third,16,16,1.0
F2,43,train,150,reported_cancelled,-3,first,16,16,1.0
F2,43,train,150,reported_cancelled,-3,third,16,16,1.0
F2,43,train,150,reported_cancelled,-2,first,16,16,1.0
F2,43,train,150,reported_cancelled,-2,third,16,16,1.0
F2,43,train,150,reported_cancelled,-1,first,16,16,1.0
F2,43,train,150,reported_cancelled,-1,third,16,16,1.0
F2,43,train,150,reported_cancelled,0,first,16,16,1.0
F2,43,train,150,reported_cancelled,0,third,16,16,1.0
F2,43,train,150,reported_cancelled,1,first,16,16,1.0
F2,43,train,150,reported_cancelled,1,third,16,16,1.0
F2,43,train,150,reported_cancelled,2,first,16,16,1.0
F2,43,train,150,reported_cancelled,2,third,16,16,1.0
F2,43,train,150,reported_cancelled,3,first,16,16,1.0
F2,43,train,150,reported_cancelled,3,third,16,16,1.0
F2,43,train,150,reported_cancelled,4,first,16,16,1.0
F2,43,train,150,reported_cancelled,4,third,16,16,1.0
F2,43,train,150,reported_completed,-3,first,16,16,1.0
F2,43,train,150,reported_completed,-3,third,16,16,1.0
F2,43,train,150,reported_completed,-2,first,16,16,1.0
F2,43,train,150,reported_completed,-2,third,16,16,1.0
F2,43,train,150,reported_completed,-1,first,16,16,1.0
F2,43,train,150,reported_completed,-1,third,16,16,1.0
F2,43,train,150,reported_completed,0,first,16,16,1.0
F2,43,train,150,reported_completed,0,third,16,16,1.0
F2,43,train,200,recorded_plan,-3,first,16,16,1.0
F2,43,train,200,recorded_plan,-3,third,16,16,1.0
F2,43,train,200,recorded_plan,-2,first,16,16,1.0
F2,43,train,200,recorded_plan,-2,third,16,16,1.0
F2,43,train,200,recorded_plan,-1,first,16,16,1.0
F2,43,train,200,recorded_plan,-1,third,16,16,1.0
F2,43,train,200,recorded_plan,0,first,16,16,1.0
F2,43,train,200,recorded_plan,0,third,16,16,1.0
F2,43,train,200,recorded_plan,1,first,16,16,1.0
F2,43,train,200,recorded_plan,1,third,16,16,1.0
F2,43,train,200,recorded_plan,2,first,16,16,1.0
F2,43,train,200,recorded_plan,2,third,16,16,1.0
F2,43,train,200,recorded_plan,3,first,16,16,1.0
F2,43,train,200,recorded_plan,3,third,16,16,1.0
F2,43,train,200,recorded_plan,4,first,16,16,1.0
F2,43,train,200,recorded_plan,4,third,16,16,1.0
F2,43,train,200,reported_cancelled,-3,first,16,16,1.0
F2,43,train,200,reported_cancelled,-3,third,16,16,1.0
F2,43,train,200,reported_cancelled,-2,first,16,16,1.0
F2,43,train,200,reported_cancelled,-2,third,16,16,1.0
F2,43,train,200,reported_cancelled,-1,first,16,16,1.0
F2,43,train,200,reported_cancelled,-1,third,16,16,1.0
F2,43,train,200,reported_cancelled,0,first,16,16,1.0
F2,43,train,200,reported_cancelled,0,third,16,16,1.0
F2,43,train,200,reported_cancelled,1,first,16,16,1.0
F2,43,train,200,reported_cancelled,1,third,16,16,1.0
F2,43,train,200,reported_cancelled,2,first,16,16,1.0
F2,43,train,200,reported_cancelled,2,third,16,16,1.0
F2,43,train,200,reported_cancelled,3,first,16,16,1.0
F2,43,train,200,reported_cancelled,3,third,16,16,1.0
F2,43,train,200,reported_cancelled,4,first,16,16,1.0
F2,43,train,200,reported_cancelled,4,third,16,16,1.0
F2,43,train,200,reported_completed,-3,first,16,16,1.0
F2,43,train,200,reported_completed,-3,third,16,16,1.0
F2,43,train,200,reported_completed,-2,first,16,16,1.0
F2,43,train,200,reported_completed,-2,third,16,16,1.0
F2,43,train,200,reported_completed,-1,first,16,16,1.0
F2,43,train,200,reported_completed,-1,third,16,16,1.0
F2,43,train,200,reported_completed,0,first,16,16,1.0
F2,43,train,200,reported_completed,0,third,16,16,1.0
F2,43,train,50,recorded_plan,-3,first,16,16,1.0
F2,43,train,50,recorded_plan,-3,third,16,16,1.0
F2,43,train,50,recorded_plan,-2,first,16,16,1.0
F2,43,train,50,recorded_plan,-2,third,16,16,1.0
F2,43,train,50,recorded_plan,-1,first,16,16,1.0
F2,43,train,50,recorded_plan,-1,third,16,16,1.0
F2,43,train,50,recorded_plan,0,first,16,16,1.0
F2,43,train,50,recorded_plan,0,third,16,16,1.0
F2,43,train,50,recorded_plan,1,first,16,16,1.0
F2,43,train,50,recorded_plan,1,third,16,16,1.0
F2,43,train,50,recorded_plan,2,first,16,16,1.0
F2,43,train,50,recorded_plan,2,third,16,16,1.0
F2,43,train,50,recorded_plan,3,first,16,16,1.0
F2,43,train,50,recorded_plan,3,third,16,16,1.0
F2,43,train,50,recorded_plan,4,first,16,16,1.0
F2,43,train,50,recorded_plan,4,third,16,16,1.0
F2,43,train,50,reported_cancelled,-3,first,16,16,1.0
F2,43,train,50,reported_cancelled,-3,third,16,16,1.0
F2,43,train,50,reported_cancelled,-2,first,16,16,1.0
F2,43,train,50,reported_cancelled,-2,third,16,16,1.0
F2,43,train,50,reported_cancelled,-1,first,16,16,1.0
F2,43,train,50,reported_cancelled,-1,third,16,16,1.0
F2,43,train,50,reported_cancelled,0,first,16,16,1.0
F2,43,train,50,reported_cancelled,0,third,16,16,1.0
F2,43,train,50,reported_cancelled,1,first,16,16,1.0
F2,43,train,50,reported_cancelled,1,third,16,16,1.0
F2,43,train,50,reported_cancelled,2,first,16,16,1.0
F2,43,train,50,reported_cancelled,2,third,16,16,1.0
F2,43,train,50,reported_cancelled,3,first,16,16,1.0
F2,43,train,50,reported_cancelled,3,third,16,16,1.0
F2,43,train,50,reported_cancelled,4,first,16,16,1.0
F2,43,train,50,reported_cancelled,4,third,16,16,1.0
F2,43,train,50,reported_completed,-3,first,16,16,1.0
F2,43,train,50,reported_completed,-3,third,16,16,1.0
F2,43,train,50,reported_completed,-2,first,16,16,1.0
F2,43,train,50,reported_completed,-2,third,16,16,1.0
F2,43,train,50,reported_completed,-1,first,16,16,1.0
F2,43,train,50,reported_completed,-1,third,16,16,1.0
F2,43,train,50,reported_completed,0,first,16,16,1.0
F2,43,train,50,reported_completed,0,third,16,16,1.0
F2,44,dev,0,recorded_plan,-3,first,16,16,1.0
F2,44,dev,0,recorded_plan,-3,third,16,16,1.0
F2,44,dev,0,recorded_plan,-2,first,16,16,1.0
F2,44,dev,0,recorded_plan,-2,third,16,16,1.0
F2,44,dev,0,recorded_plan,-1,first,16,16,1.0
F2,44,dev,0,recorded_plan,-1,third,16,16,1.0
F2,44,dev,0,recorded_plan,0,first,16,16,1.0
F2,44,dev,0,recorded_plan,0,third,16,16,1.0
F2,44,dev,0,recorded_plan,1,first,16,16,1.0
F2,44,dev,0,recorded_plan,1,third,16,16,1.0
F2,44,dev,0,recorded_plan,2,first,14,16,0.875
F2,44,dev,0,recorded_plan,2,third,14,16,0.875
F2,44,dev,0,recorded_plan,3,first,9,16,0.5625
F2,44,dev,0,recorded_plan,3,third,11,16,0.6875
F2,44,dev,0,recorded_plan,4,first,0,16,0.0
F2,44,dev,0,recorded_plan,4,third,0,16,0.0
F2,44,dev,0,reported_cancelled,-3,first,16,16,1.0
F2,44,dev,0,reported_cancelled,-3,third,16,16,1.0
F2,44,dev,0,reported_cancelled,-2,first,16,16,1.0
F2,44,dev,0,reported_cancelled,-2,third,16,16,1.0
F2,44,dev,0,reported_cancelled,-1,first,16,16,1.0
F2,44,dev,0,reported_cancelled,-1,third,16,16,1.0
F2,44,dev,0,reported_cancelled,0,first,16,16,1.0
F2,44,dev,0,reported_cancelled,0,third,16,16,1.0
F2,44,dev,0,reported_cancelled,1,first,16,16,1.0
F2,44,dev,0,reported_cancelled,1,third,16,16,1.0
F2,44,dev,0,reported_cancelled,2,first,14,16,0.875
F2,44,dev,0,reported_cancelled,2,third,14,16,0.875
F2,44,dev,0,reported_cancelled,3,first,7,16,0.4375
F2,44,dev,0,reported_cancelled,3,third,10,16,0.625
F2,44,dev,0,reported_cancelled,4,first,0,16,0.0
F2,44,dev,0,reported_cancelled,4,third,0,16,0.0
F2,44,dev,0,reported_completed,-3,first,16,16,1.0
F2,44,dev,0,reported_completed,-3,third,16,16,1.0
F2,44,dev,0,reported_completed,-2,first,16,16,1.0
F2,44,dev,0,reported_completed,-2,third,16,16,1.0
F2,44,dev,0,reported_completed,-1,first,16,16,1.0
F2,44,dev,0,reported_completed,-1,third,16,16,1.0
F2,44,dev,0,reported_completed,0,first,16,16,1.0
F2,44,dev,0,reported_completed,0,third,16,16,1.0
F2,44,dev,100,recorded_plan,-3,first,16,16,1.0
F2,44,dev,100,recorded_plan,-3,third,16,16,1.0
F2,44,dev,100,recorded_plan,-2,first,16,16,1.0
F2,44,dev,100,recorded_plan,-2,third,16,16,1.0
F2,44,dev,100,recorded_plan,-1,first,16,16,1.0
F2,44,dev,100,recorded_plan,-1,third,16,16,1.0
F2,44,dev,100,recorded_plan,0,first,16,16,1.0
F2,44,dev,100,recorded_plan,0,third,16,16,1.0
F2,44,dev,100,recorded_plan,1,first,16,16,1.0
F2,44,dev,100,recorded_plan,1,third,16,16,1.0
F2,44,dev,100,recorded_plan,2,first,16,16,1.0
F2,44,dev,100,recorded_plan,2,third,16,16,1.0
F2,44,dev,100,recorded_plan,3,first,16,16,1.0
F2,44,dev,100,recorded_plan,3,third,16,16,1.0
F2,44,dev,100,recorded_plan,4,first,16,16,1.0
F2,44,dev,100,recorded_plan,4,third,16,16,1.0
F2,44,dev,100,reported_cancelled,-3,first,16,16,1.0
F2,44,dev,100,reported_cancelled,-3,third,16,16,1.0
F2,44,dev,100,reported_cancelled,-2,first,16,16,1.0
F2,44,dev,100,reported_cancelled,-2,third,16,16,1.0
F2,44,dev,100,reported_cancelled,-1,first,16,16,1.0
F2,44,dev,100,reported_cancelled,-1,third,16,16,1.0
F2,44,dev,100,reported_cancelled,0,first,16,16,1.0
F2,44,dev,100,reported_cancelled,0,third,16,16,1.0
F2,44,dev,100,reported_cancelled,1,first,16,16,1.0
F2,44,dev,100,reported_cancelled,1,third,16,16,1.0
F2,44,dev,100,reported_cancelled,2,first,16,16,1.0
F2,44,dev,100,reported_cancelled,2,third,16,16,1.0
F2,44,dev,100,reported_cancelled,3,first,16,16,1.0
F2,44,dev,100,reported_cancelled,3,third,16,16,1.0
F2,44,dev,100,reported_cancelled,4,first,16,16,1.0
F2,44,dev,100,reported_cancelled,4,third,16,16,1.0
F2,44,dev,100,reported_completed,-3,first,16,16,1.0
F2,44,dev,100,reported_completed,-3,third,16,16,1.0
F2,44,dev,100,reported_completed,-2,first,16,16,1.0
F2,44,dev,100,reported_completed,-2,third,16,16,1.0
F2,44,dev,100,reported_completed,-1,first,16,16,1.0
F2,44,dev,100,reported_completed,-1,third,16,16,1.0
F2,44,dev,100,reported_completed,0,first,16,16,1.0
F2,44,dev,100,reported_completed,0,third,16,16,1.0
F2,44,dev,150,recorded_plan,-3,first,16,16,1.0
F2,44,dev,150,recorded_plan,-3,third,16,16,1.0
F2,44,dev,150,recorded_plan,-2,first,16,16,1.0
F2,44,dev,150,recorded_plan,-2,third,16,16,1.0
F2,44,dev,150,recorded_plan,-1,first,16,16,1.0
F2,44,dev,150,recorded_plan,-1,third,16,16,1.0
F2,44,dev,150,recorded_plan,0,first,16,16,1.0
F2,44,dev,150,recorded_plan,0,third,16,16,1.0
F2,44,dev,150,recorded_plan,1,first,16,16,1.0
F2,44,dev,150,recorded_plan,1,third,16,16,1.0
F2,44,dev,150,recorded_plan,2,first,16,16,1.0
F2,44,dev,150,recorded_plan,2,third,16,16,1.0
F2,44,dev,150,recorded_plan,3,first,16,16,1.0
F2,44,dev,150,recorded_plan,3,third,16,16,1.0
F2,44,dev,150,recorded_plan,4,first,16,16,1.0
F2,44,dev,150,recorded_plan,4,third,16,16,1.0
F2,44,dev,150,reported_cancelled,-3,first,16,16,1.0
F2,44,dev,150,reported_cancelled,-3,third,16,16,1.0
F2,44,dev,150,reported_cancelled,-2,first,16,16,1.0
F2,44,dev,150,reported_cancelled,-2,third,16,16,1.0
F2,44,dev,150,reported_cancelled,-1,first,16,16,1.0
F2,44,dev,150,reported_cancelled,-1,third,16,16,1.0
F2,44,dev,150,reported_cancelled,0,first,16,16,1.0
F2,44,dev,150,reported_cancelled,0,third,16,16,1.0
F2,44,dev,150,reported_cancelled,1,first,16,16,1.0
F2,44,dev,150,reported_cancelled,1,third,16,16,1.0
F2,44,dev,150,reported_cancelled,2,first,16,16,1.0
F2,44,dev,150,reported_cancelled,2,third,16,16,1.0
F2,44,dev,150,reported_cancelled,3,first,16,16,1.0
F2,44,dev,150,reported_cancelled,3,third,16,16,1.0
F2,44,dev,150,reported_cancelled,4,first,16,16,1.0
F2,44,dev,150,reported_cancelled,4,third,16,16,1.0
F2,44,dev,150,reported_completed,-3,first,16,16,1.0
F2,44,dev,150,reported_completed,-3,third,16,16,1.0
F2,44,dev,150,reported_completed,-2,first,16,16,1.0
F2,44,dev,150,reported_completed,-2,third,16,16,1.0
F2,44,dev,150,reported_completed,-1,first,16,16,1.0
F2,44,dev,150,reported_completed,-1,third,16,16,1.0
F2,44,dev,150,reported_completed,0,first,16,16,1.0
F2,44,dev,150,reported_completed,0,third,16,16,1.0
F2,44,dev,200,recorded_plan,-3,first,16,16,1.0
F2,44,dev,200,recorded_plan,-3,third,13,16,0.8125
F2,44,dev,200,recorded_plan,-2,first,16,16,1.0
F2,44,dev,200,recorded_plan,-2,third,16,16,1.0
F2,44,dev,200,recorded_plan,-1,first,16,16,1.0
F2,44,dev,200,recorded_plan,-1,third,16,16,1.0
F2,44,dev,200,recorded_plan,0,first,16,16,1.0
F2,44,dev,200,recorded_plan,0,third,16,16,1.0
F2,44,dev,200,recorded_plan,1,first,16,16,1.0
F2,44,dev,200,recorded_plan,1,third,16,16,1.0
F2,44,dev,200,recorded_plan,2,first,16,16,1.0
F2,44,dev,200,recorded_plan,2,third,16,16,1.0
F2,44,dev,200,recorded_plan,3,first,16,16,1.0
F2,44,dev,200,recorded_plan,3,third,16,16,1.0
F2,44,dev,200,recorded_plan,4,first,16,16,1.0
F2,44,dev,200,recorded_plan,4,third,16,16,1.0
F2,44,dev,200,reported_cancelled,-3,first,16,16,1.0
F2,44,dev,200,reported_cancelled,-3,third,16,16,1.0
F2,44,dev,200,reported_cancelled,-2,first,16,16,1.0
F2,44,dev,200,reported_cancelled,-2,third,16,16,1.0
F2,44,dev,200,reported_cancelled,-1,first,16,16,1.0
F2,44,dev,200,reported_cancelled,-1,third,16,16,1.0
F2,44,dev,200,reported_cancelled,0,first,16,16,1.0
F2,44,dev,200,reported_cancelled,0,third,16,16,1.0
F2,44,dev,200,reported_cancelled,1,first,16,16,1.0
F2,44,dev,200,reported_cancelled,1,third,16,16,1.0
F2,44,dev,200,reported_cancelled,2,first,16,16,1.0
F2,44,dev,200,reported_cancelled,2,third,16,16,1.0
F2,44,dev,200,reported_cancelled,3,first,16,16,1.0
F2,44,dev,200,reported_cancelled,3,third,16,16,1.0
F2,44,dev,200,reported_cancelled,4,first,16,16,1.0
F2,44,dev,200,reported_cancelled,4,third,16,16,1.0
F2,44,dev,200,reported_completed,-3,first,16,16,1.0
F2,44,dev,200,reported_completed,-3,third,16,16,1.0
F2,44,dev,200,reported_completed,-2,first,16,16,1.0
F2,44,dev,200,reported_completed,-2,third,16,16,1.0
F2,44,dev,200,reported_completed,-1,first,16,16,1.0
F2,44,dev,200,reported_completed,-1,third,16,16,1.0
F2,44,dev,200,reported_completed,0,first,16,16,1.0
F2,44,dev,200,reported_completed,0,third,16,16,1.0
F2,44,dev,50,recorded_plan,-3,first,16,16,1.0
F2,44,dev,50,recorded_plan,-3,third,16,16,1.0
F2,44,dev,50,recorded_plan,-2,first,16,16,1.0
F2,44,dev,50,recorded_plan,-2,third,16,16,1.0
F2,44,dev,50,recorded_plan,-1,first,16,16,1.0
F2,44,dev,50,recorded_plan,-1,third,16,16,1.0
F2,44,dev,50,recorded_plan,0,first,16,16,1.0
F2,44,dev,50,recorded_plan,0,third,16,16,1.0
F2,44,dev,50,recorded_plan,1,first,16,16,1.0
F2,44,dev,50,recorded_plan,1,third,16,16,1.0
F2,44,dev,50,recorded_plan,2,first,16,16,1.0
F2,44,dev,50,recorded_plan,2,third,16,16,1.0
F2,44,dev,50,recorded_plan,3,first,16,16,1.0
F2,44,dev,50,recorded_plan,3,third,16,16,1.0
F2,44,dev,50,recorded_plan,4,first,16,16,1.0
F2,44,dev,50,recorded_plan,4,third,16,16,1.0
F2,44,dev,50,reported_cancelled,-3,first,16,16,1.0
F2,44,dev,50,reported_cancelled,-3,third,16,16,1.0
F2,44,dev,50,reported_cancelled,-2,first,16,16,1.0
F2,44,dev,50,reported_cancelled,-2,third,16,16,1.0
F2,44,dev,50,reported_cancelled,-1,first,16,16,1.0
F2,44,dev,50,reported_cancelled,-1,third,16,16,1.0
F2,44,dev,50,reported_cancelled,0,first,16,16,1.0
F2,44,dev,50,reported_cancelled,0,third,16,16,1.0
F2,44,dev,50,reported_cancelled,1,first,16,16,1.0
F2,44,dev,50,reported_cancelled,1,third,16,16,1.0
F2,44,dev,50,reported_cancelled,2,first,16,16,1.0
F2,44,dev,50,reported_cancelled,2,third,16,16,1.0
F2,44,dev,50,reported_cancelled,3,first,16,16,1.0
F2,44,dev,50,reported_cancelled,3,third,16,16,1.0
F2,44,dev,50,reported_cancelled,4,first,16,16,1.0
F2,44,dev,50,reported_cancelled,4,third,16,16,1.0
F2,44,dev,50,reported_completed,-3,first,16,16,1.0
F2,44,dev,50,reported_completed,-3,third,16,16,1.0
F2,44,dev,50,reported_completed,-2,first,16,16,1.0
F2,44,dev,50,reported_completed,-2,third,16,16,1.0
F2,44,dev,50,reported_completed,-1,first,16,16,1.0
F2,44,dev,50,reported_completed,-1,third,16,16,1.0
F2,44,dev,50,reported_completed,0,first,16,16,1.0
F2,44,dev,50,reported_completed,0,third,16,16,1.0
F2,44,train,0,recorded_plan,-3,first,16,16,1.0
F2,44,train,0,recorded_plan,-3,third,16,16,1.0
F2,44,train,0,recorded_plan,-2,first,16,16,1.0
F2,44,train,0,recorded_plan,-2,third,16,16,1.0
F2,44,train,0,recorded_plan,-1,first,16,16,1.0
F2,44,train,0,recorded_plan,-1,third,16,16,1.0
F2,44,train,0,recorded_plan,0,first,16,16,1.0
F2,44,train,0,recorded_plan,0,third,16,16,1.0
F2,44,train,0,recorded_plan,1,first,16,16,1.0
F2,44,train,0,recorded_plan,1,third,16,16,1.0
F2,44,train,0,recorded_plan,2,first,14,16,0.875
F2,44,train,0,recorded_plan,2,third,14,16,0.875
F2,44,train,0,recorded_plan,3,first,11,16,0.6875
F2,44,train,0,recorded_plan,3,third,12,16,0.75
F2,44,train,0,recorded_plan,4,first,0,16,0.0
F2,44,train,0,recorded_plan,4,third,0,16,0.0
F2,44,train,0,reported_cancelled,-3,first,16,16,1.0
F2,44,train,0,reported_cancelled,-3,third,16,16,1.0
F2,44,train,0,reported_cancelled,-2,first,15,16,0.9375
F2,44,train,0,reported_cancelled,-2,third,16,16,1.0
F2,44,train,0,reported_cancelled,-1,first,16,16,1.0
F2,44,train,0,reported_cancelled,-1,third,16,16,1.0
F2,44,train,0,reported_cancelled,0,first,16,16,1.0
F2,44,train,0,reported_cancelled,0,third,16,16,1.0
F2,44,train,0,reported_cancelled,1,first,16,16,1.0
F2,44,train,0,reported_cancelled,1,third,16,16,1.0
F2,44,train,0,reported_cancelled,2,first,16,16,1.0
F2,44,train,0,reported_cancelled,2,third,15,16,0.9375
F2,44,train,0,reported_cancelled,3,first,7,16,0.4375
F2,44,train,0,reported_cancelled,3,third,9,16,0.5625
F2,44,train,0,reported_cancelled,4,first,0,16,0.0
F2,44,train,0,reported_cancelled,4,third,0,16,0.0
F2,44,train,0,reported_completed,-3,first,16,16,1.0
F2,44,train,0,reported_completed,-3,third,16,16,1.0
F2,44,train,0,reported_completed,-2,first,16,16,1.0
F2,44,train,0,reported_completed,-2,third,16,16,1.0
F2,44,train,0,reported_completed,-1,first,16,16,1.0
F2,44,train,0,reported_completed,-1,third,16,16,1.0
F2,44,train,0,reported_completed,0,first,16,16,1.0
F2,44,train,0,reported_completed,0,third,16,16,1.0
F2,44,train,100,recorded_plan,-3,first,16,16,1.0
F2,44,train,100,recorded_plan,-3,third,16,16,1.0
F2,44,train,100,recorded_plan,-2,first,16,16,1.0
F2,44,train,100,recorded_plan,-2,third,16,16,1.0
F2,44,train,100,recorded_plan,-1,first,16,16,1.0
F2,44,train,100,recorded_plan,-1,third,16,16,1.0
F2,44,train,100,recorded_plan,0,first,16,16,1.0
F2,44,train,100,recorded_plan,0,third,16,16,1.0
F2,44,train,100,recorded_plan,1,first,16,16,1.0
F2,44,train,100,recorded_plan,1,third,16,16,1.0
F2,44,train,100,recorded_plan,2,first,16,16,1.0
F2,44,train,100,recorded_plan,2,third,16,16,1.0
F2,44,train,100,recorded_plan,3,first,16,16,1.0
F2,44,train,100,recorded_plan,3,third,16,16,1.0
F2,44,train,100,recorded_plan,4,first,16,16,1.0
F2,44,train,100,recorded_plan,4,third,16,16,1.0
F2,44,train,100,reported_cancelled,-3,first,16,16,1.0
F2,44,train,100,reported_cancelled,-3,third,16,16,1.0
F2,44,train,100,reported_cancelled,-2,first,16,16,1.0
F2,44,train,100,reported_cancelled,-2,third,16,16,1.0
F2,44,train,100,reported_cancelled,-1,first,16,16,1.0
F2,44,train,100,reported_cancelled,-1,third,16,16,1.0
F2,44,train,100,reported_cancelled,0,first,16,16,1.0
F2,44,train,100,reported_cancelled,0,third,16,16,1.0
F2,44,train,100,reported_cancelled,1,first,16,16,1.0
F2,44,train,100,reported_cancelled,1,third,16,16,1.0
F2,44,train,100,reported_cancelled,2,first,16,16,1.0
F2,44,train,100,reported_cancelled,2,third,16,16,1.0
F2,44,train,100,reported_cancelled,3,first,16,16,1.0
F2,44,train,100,reported_cancelled,3,third,16,16,1.0
F2,44,train,100,reported_cancelled,4,first,16,16,1.0
F2,44,train,100,reported_cancelled,4,third,16,16,1.0
F2,44,train,100,reported_completed,-3,first,16,16,1.0
F2,44,train,100,reported_completed,-3,third,16,16,1.0
F2,44,train,100,reported_completed,-2,first,16,16,1.0
F2,44,train,100,reported_completed,-2,third,16,16,1.0
F2,44,train,100,reported_completed,-1,first,16,16,1.0
F2,44,train,100,reported_completed,-1,third,16,16,1.0
F2,44,train,100,reported_completed,0,first,16,16,1.0
F2,44,train,100,reported_completed,0,third,16,16,1.0
F2,44,train,150,recorded_plan,-3,first,16,16,1.0
F2,44,train,150,recorded_plan,-3,third,16,16,1.0
F2,44,train,150,recorded_plan,-2,first,16,16,1.0
F2,44,train,150,recorded_plan,-2,third,16,16,1.0
F2,44,train,150,recorded_plan,-1,first,16,16,1.0
F2,44,train,150,recorded_plan,-1,third,16,16,1.0
F2,44,train,150,recorded_plan,0,first,16,16,1.0
F2,44,train,150,recorded_plan,0,third,16,16,1.0
F2,44,train,150,recorded_plan,1,first,16,16,1.0
F2,44,train,150,recorded_plan,1,third,16,16,1.0
F2,44,train,150,recorded_plan,2,first,16,16,1.0
F2,44,train,150,recorded_plan,2,third,16,16,1.0
F2,44,train,150,recorded_plan,3,first,16,16,1.0
F2,44,train,150,recorded_plan,3,third,16,16,1.0
F2,44,train,150,recorded_plan,4,first,16,16,1.0
F2,44,train,150,recorded_plan,4,third,16,16,1.0
F2,44,train,150,reported_cancelled,-3,first,16,16,1.0
F2,44,train,150,reported_cancelled,-3,third,16,16,1.0
F2,44,train,150,reported_cancelled,-2,first,16,16,1.0
F2,44,train,150,reported_cancelled,-2,third,16,16,1.0
F2,44,train,150,reported_cancelled,-1,first,16,16,1.0
F2,44,train,150,reported_cancelled,-1,third,16,16,1.0
F2,44,train,150,reported_cancelled,0,first,16,16,1.0
F2,44,train,150,reported_cancelled,0,third,16,16,1.0
F2,44,train,150,reported_cancelled,1,first,16,16,1.0
F2,44,train,150,reported_cancelled,1,third,16,16,1.0
F2,44,train,150,reported_cancelled,2,first,16,16,1.0
F2,44,train,150,reported_cancelled,2,third,16,16,1.0
F2,44,train,150,reported_cancelled,3,first,16,16,1.0
F2,44,train,150,reported_cancelled,3,third,16,16,1.0
F2,44,train,150,reported_cancelled,4,first,16,16,1.0
F2,44,train,150,reported_cancelled,4,third,16,16,1.0
F2,44,train,150,reported_completed,-3,first,16,16,1.0
F2,44,train,150,reported_completed,-3,third,16,16,1.0
F2,44,train,150,reported_completed,-2,first,16,16,1.0
F2,44,train,150,reported_completed,-2,third,16,16,1.0
F2,44,train,150,reported_completed,-1,first,16,16,1.0
F2,44,train,150,reported_completed,-1,third,16,16,1.0
F2,44,train,150,reported_completed,0,first,16,16,1.0
F2,44,train,150,reported_completed,0,third,16,16,1.0
F2,44,train,200,recorded_plan,-3,first,16,16,1.0
F2,44,train,200,recorded_plan,-3,third,16,16,1.0
F2,44,train,200,recorded_plan,-2,first,16,16,1.0
F2,44,train,200,recorded_plan,-2,third,16,16,1.0
F2,44,train,200,recorded_plan,-1,first,16,16,1.0
F2,44,train,200,recorded_plan,-1,third,16,16,1.0
F2,44,train,200,recorded_plan,0,first,16,16,1.0
F2,44,train,200,recorded_plan,0,third,16,16,1.0
F2,44,train,200,recorded_plan,1,first,16,16,1.0
F2,44,train,200,recorded_plan,1,third,16,16,1.0
F2,44,train,200,recorded_plan,2,first,16,16,1.0
F2,44,train,200,recorded_plan,2,third,16,16,1.0
F2,44,train,200,recorded_plan,3,first,15,16,0.9375
F2,44,train,200,recorded_plan,3,third,15,16,0.9375
F2,44,train,200,recorded_plan,4,first,14,16,0.875
F2,44,train,200,recorded_plan,4,third,14,16,0.875
F2,44,train,200,reported_cancelled,-3,first,16,16,1.0
F2,44,train,200,reported_cancelled,-3,third,16,16,1.0
F2,44,train,200,reported_cancelled,-2,first,16,16,1.0
F2,44,train,200,reported_cancelled,-2,third,16,16,1.0
F2,44,train,200,reported_cancelled,-1,first,16,16,1.0
F2,44,train,200,reported_cancelled,-1,third,16,16,1.0
F2,44,train,200,reported_cancelled,0,first,16,16,1.0
F2,44,train,200,reported_cancelled,0,third,16,16,1.0
F2,44,train,200,reported_cancelled,1,first,16,16,1.0
F2,44,train,200,reported_cancelled,1,third,16,16,1.0
F2,44,train,200,reported_cancelled,2,first,16,16,1.0
F2,44,train,200,reported_cancelled,2,third,16,16,1.0
F2,44,train,200,reported_cancelled,3,first,16,16,1.0
F2,44,train,200,reported_cancelled,3,third,16,16,1.0
F2,44,train,200,reported_cancelled,4,first,16,16,1.0
F2,44,train,200,reported_cancelled,4,third,16,16,1.0
F2,44,train,200,reported_completed,-3,first,16,16,1.0
F2,44,train,200,reported_completed,-3,third,16,16,1.0
F2,44,train,200,reported_completed,-2,first,16,16,1.0
F2,44,train,200,reported_completed,-2,third,16,16,1.0
F2,44,train,200,reported_completed,-1,first,16,16,1.0
F2,44,train,200,reported_completed,-1,third,16,16,1.0
F2,44,train,200,reported_completed,0,first,16,16,1.0
F2,44,train,200,reported_completed,0,third,16,16,1.0
F2,44,train,50,recorded_plan,-3,first,16,16,1.0
F2,44,train,50,recorded_plan,-3,third,16,16,1.0
F2,44,train,50,recorded_plan,-2,first,16,16,1.0
F2,44,train,50,recorded_plan,-2,third,16,16,1.0
F2,44,train,50,recorded_plan,-1,first,16,16,1.0
F2,44,train,50,recorded_plan,-1,third,16,16,1.0
F2,44,train,50,recorded_plan,0,first,16,16,1.0
F2,44,train,50,recorded_plan,0,third,16,16,1.0
F2,44,train,50,recorded_plan,1,first,16,16,1.0
F2,44,train,50,recorded_plan,1,third,16,16,1.0
F2,44,train,50,recorded_plan,2,first,16,16,1.0
F2,44,train,50,recorded_plan,2,third,16,16,1.0
F2,44,train,50,recorded_plan,3,first,16,16,1.0
F2,44,train,50,recorded_plan,3,third,16,16,1.0
F2,44,train,50,recorded_plan,4,first,16,16,1.0
F2,44,train,50,recorded_plan,4,third,16,16,1.0
F2,44,train,50,reported_cancelled,-3,first,16,16,1.0
F2,44,train,50,reported_cancelled,-3,third,16,16,1.0
F2,44,train,50,reported_cancelled,-2,first,16,16,1.0
F2,44,train,50,reported_cancelled,-2,third,16,16,1.0
F2,44,train,50,reported_cancelled,-1,first,16,16,1.0
F2,44,train,50,reported_cancelled,-1,third,16,16,1.0
F2,44,train,50,reported_cancelled,0,first,16,16,1.0
F2,44,train,50,reported_cancelled,0,third,16,16,1.0
F2,44,train,50,reported_cancelled,1,first,16,16,1.0
F2,44,train,50,reported_cancelled,1,third,16,16,1.0
F2,44,train,50,reported_cancelled,2,first,16,16,1.0
F2,44,train,50,reported_cancelled,2,third,16,16,1.0
F2,44,train,50,reported_cancelled,3,first,16,16,1.0
F2,44,train,50,reported_cancelled,3,third,16,16,1.0
F2,44,train,50,reported_cancelled,4,first,16,16,1.0
F2,44,train,50,reported_cancelled,4,third,16,16,1.0
F2,44,train,50,reported_completed,-3,first,16,16,1.0
F2,44,train,50,reported_completed,-3,third,16,16,1.0
F2,44,train,50,reported_completed,-2,first,16,16,1.0
F2,44,train,50,reported_completed,-2,third,16,16,1.0
F2,44,train,50,reported_completed,-1,first,16,16,1.0
F2,44,train,50,reported_completed,-1,third,16,16,1.0
F2,44,train,50,reported_completed,0,first,16,16,1.0
F2,44,train,50,reported_completed,0,third,16,16,1.0
F3,42,dev,0,recorded_plan,-3,first,16,16,1.0
F3,42,dev,0,recorded_plan,-3,third,16,16,1.0
F3,42,dev,0,recorded_plan,-2,first,16,16,1.0
F3,42,dev,0,recorded_plan,-2,third,16,16,1.0
F3,42,dev,0,recorded_plan,-1,first,16,16,1.0
F3,42,dev,0,recorded_plan,-1,third,16,16,1.0
F3,42,dev,0,recorded_plan,0,first,16,16,1.0
F3,42,dev,0,recorded_plan,0,third,16,16,1.0
F3,42,dev,0,recorded_plan,1,first,16,16,1.0
F3,42,dev,0,recorded_plan,1,third,16,16,1.0
F3,42,dev,0,recorded_plan,2,first,16,16,1.0
F3,42,dev,0,recorded_plan,2,third,16,16,1.0
F3,42,dev,0,recorded_plan,3,first,16,16,1.0
F3,42,dev,0,recorded_plan,3,third,16,16,1.0
F3,42,dev,0,recorded_plan,4,first,0,16,0.0
F3,42,dev,0,recorded_plan,4,third,0,16,0.0
F3,42,dev,0,reported_cancelled,-3,first,16,16,1.0
F3,42,dev,0,reported_cancelled,-3,third,16,16,1.0
F3,42,dev,0,reported_cancelled,-2,first,16,16,1.0
F3,42,dev,0,reported_cancelled,-2,third,16,16,1.0
F3,42,dev,0,reported_cancelled,-1,first,16,16,1.0
F3,42,dev,0,reported_cancelled,-1,third,16,16,1.0
F3,42,dev,0,reported_cancelled,0,first,16,16,1.0
F3,42,dev,0,reported_cancelled,0,third,16,16,1.0
F3,42,dev,0,reported_cancelled,1,first,16,16,1.0
F3,42,dev,0,reported_cancelled,1,third,16,16,1.0
F3,42,dev,0,reported_cancelled,2,first,16,16,1.0
F3,42,dev,0,reported_cancelled,2,third,16,16,1.0
F3,42,dev,0,reported_cancelled,3,first,15,16,0.9375
F3,42,dev,0,reported_cancelled,3,third,15,16,0.9375
F3,42,dev,0,reported_cancelled,4,first,0,16,0.0
F3,42,dev,0,reported_cancelled,4,third,0,16,0.0
F3,42,dev,0,reported_completed,-3,first,16,16,1.0
F3,42,dev,0,reported_completed,-3,third,16,16,1.0
F3,42,dev,0,reported_completed,-2,first,16,16,1.0
F3,42,dev,0,reported_completed,-2,third,16,16,1.0
F3,42,dev,0,reported_completed,-1,first,16,16,1.0
F3,42,dev,0,reported_completed,-1,third,16,16,1.0
F3,42,dev,0,reported_completed,0,first,16,16,1.0
F3,42,dev,0,reported_completed,0,third,16,16,1.0
F3,42,dev,100,recorded_plan,-3,first,16,16,1.0
F3,42,dev,100,recorded_plan,-3,third,16,16,1.0
F3,42,dev,100,recorded_plan,-2,first,16,16,1.0
F3,42,dev,100,recorded_plan,-2,third,16,16,1.0
F3,42,dev,100,recorded_plan,-1,first,16,16,1.0
F3,42,dev,100,recorded_plan,-1,third,16,16,1.0
F3,42,dev,100,recorded_plan,0,first,16,16,1.0
F3,42,dev,100,recorded_plan,0,third,16,16,1.0
F3,42,dev,100,recorded_plan,1,first,16,16,1.0
F3,42,dev,100,recorded_plan,1,third,16,16,1.0
F3,42,dev,100,recorded_plan,2,first,16,16,1.0
F3,42,dev,100,recorded_plan,2,third,16,16,1.0
F3,42,dev,100,recorded_plan,3,first,16,16,1.0
F3,42,dev,100,recorded_plan,3,third,16,16,1.0
F3,42,dev,100,recorded_plan,4,first,16,16,1.0
F3,42,dev,100,recorded_plan,4,third,16,16,1.0
F3,42,dev,100,reported_cancelled,-3,first,16,16,1.0
F3,42,dev,100,reported_cancelled,-3,third,16,16,1.0
F3,42,dev,100,reported_cancelled,-2,first,16,16,1.0
F3,42,dev,100,reported_cancelled,-2,third,16,16,1.0
F3,42,dev,100,reported_cancelled,-1,first,16,16,1.0
F3,42,dev,100,reported_cancelled,-1,third,16,16,1.0
F3,42,dev,100,reported_cancelled,0,first,16,16,1.0
F3,42,dev,100,reported_cancelled,0,third,16,16,1.0
F3,42,dev,100,reported_cancelled,1,first,16,16,1.0
F3,42,dev,100,reported_cancelled,1,third,16,16,1.0
F3,42,dev,100,reported_cancelled,2,first,16,16,1.0
F3,42,dev,100,reported_cancelled,2,third,16,16,1.0
F3,42,dev,100,reported_cancelled,3,first,16,16,1.0
F3,42,dev,100,reported_cancelled,3,third,16,16,1.0
F3,42,dev,100,reported_cancelled,4,first,16,16,1.0
F3,42,dev,100,reported_cancelled,4,third,16,16,1.0
F3,42,dev,100,reported_completed,-3,first,16,16,1.0
F3,42,dev,100,reported_completed,-3,third,16,16,1.0
F3,42,dev,100,reported_completed,-2,first,16,16,1.0
F3,42,dev,100,reported_completed,-2,third,16,16,1.0
F3,42,dev,100,reported_completed,-1,first,16,16,1.0
F3,42,dev,100,reported_completed,-1,third,16,16,1.0
F3,42,dev,100,reported_completed,0,first,16,16,1.0
F3,42,dev,100,reported_completed,0,third,16,16,1.0
F3,42,dev,150,recorded_plan,-3,first,16,16,1.0
F3,42,dev,150,recorded_plan,-3,third,16,16,1.0
F3,42,dev,150,recorded_plan,-2,first,16,16,1.0
F3,42,dev,150,recorded_plan,-2,third,16,16,1.0
F3,42,dev,150,recorded_plan,-1,first,16,16,1.0
F3,42,dev,150,recorded_plan,-1,third,16,16,1.0
F3,42,dev,150,recorded_plan,0,first,16,16,1.0
F3,42,dev,150,recorded_plan,0,third,16,16,1.0
F3,42,dev,150,recorded_plan,1,first,16,16,1.0
F3,42,dev,150,recorded_plan,1,third,16,16,1.0
F3,42,dev,150,recorded_plan,2,first,16,16,1.0
F3,42,dev,150,recorded_plan,2,third,16,16,1.0
F3,42,dev,150,recorded_plan,3,first,16,16,1.0
F3,42,dev,150,recorded_plan,3,third,16,16,1.0
F3,42,dev,150,recorded_plan,4,first,16,16,1.0
F3,42,dev,150,recorded_plan,4,third,16,16,1.0
F3,42,dev,150,reported_cancelled,-3,first,16,16,1.0
F3,42,dev,150,reported_cancelled,-3,third,16,16,1.0
F3,42,dev,150,reported_cancelled,-2,first,16,16,1.0
F3,42,dev,150,reported_cancelled,-2,third,16,16,1.0
F3,42,dev,150,reported_cancelled,-1,first,16,16,1.0
F3,42,dev,150,reported_cancelled,-1,third,16,16,1.0
F3,42,dev,150,reported_cancelled,0,first,16,16,1.0
F3,42,dev,150,reported_cancelled,0,third,16,16,1.0
F3,42,dev,150,reported_cancelled,1,first,16,16,1.0
F3,42,dev,150,reported_cancelled,1,third,16,16,1.0
F3,42,dev,150,reported_cancelled,2,first,16,16,1.0
F3,42,dev,150,reported_cancelled,2,third,16,16,1.0
F3,42,dev,150,reported_cancelled,3,first,16,16,1.0
F3,42,dev,150,reported_cancelled,3,third,16,16,1.0
F3,42,dev,150,reported_cancelled,4,first,16,16,1.0
F3,42,dev,150,reported_cancelled,4,third,16,16,1.0
F3,42,dev,150,reported_completed,-3,first,16,16,1.0
F3,42,dev,150,reported_completed,-3,third,16,16,1.0
F3,42,dev,150,reported_completed,-2,first,16,16,1.0
F3,42,dev,150,reported_completed,-2,third,16,16,1.0
F3,42,dev,150,reported_completed,-1,first,16,16,1.0
F3,42,dev,150,reported_completed,-1,third,16,16,1.0
F3,42,dev,150,reported_completed,0,first,16,16,1.0
F3,42,dev,150,reported_completed,0,third,16,16,1.0
F3,42,dev,200,recorded_plan,-3,first,16,16,1.0
F3,42,dev,200,recorded_plan,-3,third,16,16,1.0
F3,42,dev,200,recorded_plan,-2,first,16,16,1.0
F3,42,dev,200,recorded_plan,-2,third,16,16,1.0
F3,42,dev,200,recorded_plan,-1,first,16,16,1.0
F3,42,dev,200,recorded_plan,-1,third,16,16,1.0
F3,42,dev,200,recorded_plan,0,first,16,16,1.0
F3,42,dev,200,recorded_plan,0,third,16,16,1.0
F3,42,dev,200,recorded_plan,1,first,16,16,1.0
F3,42,dev,200,recorded_plan,1,third,16,16,1.0
F3,42,dev,200,recorded_plan,2,first,16,16,1.0
F3,42,dev,200,recorded_plan,2,third,16,16,1.0
F3,42,dev,200,recorded_plan,3,first,16,16,1.0
F3,42,dev,200,recorded_plan,3,third,16,16,1.0
F3,42,dev,200,recorded_plan,4,first,16,16,1.0
F3,42,dev,200,recorded_plan,4,third,16,16,1.0
F3,42,dev,200,reported_cancelled,-3,first,16,16,1.0
F3,42,dev,200,reported_cancelled,-3,third,16,16,1.0
F3,42,dev,200,reported_cancelled,-2,first,16,16,1.0
F3,42,dev,200,reported_cancelled,-2,third,16,16,1.0
F3,42,dev,200,reported_cancelled,-1,first,16,16,1.0
F3,42,dev,200,reported_cancelled,-1,third,16,16,1.0
F3,42,dev,200,reported_cancelled,0,first,16,16,1.0
F3,42,dev,200,reported_cancelled,0,third,16,16,1.0
F3,42,dev,200,reported_cancelled,1,first,16,16,1.0
F3,42,dev,200,reported_cancelled,1,third,16,16,1.0
F3,42,dev,200,reported_cancelled,2,first,16,16,1.0
F3,42,dev,200,reported_cancelled,2,third,16,16,1.0
F3,42,dev,200,reported_cancelled,3,first,16,16,1.0
F3,42,dev,200,reported_cancelled,3,third,16,16,1.0
F3,42,dev,200,reported_cancelled,4,first,16,16,1.0
F3,42,dev,200,reported_cancelled,4,third,16,16,1.0
F3,42,dev,200,reported_completed,-3,first,16,16,1.0
F3,42,dev,200,reported_completed,-3,third,16,16,1.0
F3,42,dev,200,reported_completed,-2,first,16,16,1.0
F3,42,dev,200,reported_completed,-2,third,16,16,1.0
F3,42,dev,200,reported_completed,-1,first,16,16,1.0
F3,42,dev,200,reported_completed,-1,third,16,16,1.0
F3,42,dev,200,reported_completed,0,first,16,16,1.0
F3,42,dev,200,reported_completed,0,third,16,16,1.0
F3,42,dev,50,recorded_plan,-3,first,16,16,1.0
F3,42,dev,50,recorded_plan,-3,third,16,16,1.0
F3,42,dev,50,recorded_plan,-2,first,16,16,1.0
F3,42,dev,50,recorded_plan,-2,third,16,16,1.0
F3,42,dev,50,recorded_plan,-1,first,16,16,1.0
F3,42,dev,50,recorded_plan,-1,third,16,16,1.0
F3,42,dev,50,recorded_plan,0,first,16,16,1.0
F3,42,dev,50,recorded_plan,0,third,16,16,1.0
F3,42,dev,50,recorded_plan,1,first,16,16,1.0
F3,42,dev,50,recorded_plan,1,third,16,16,1.0
F3,42,dev,50,recorded_plan,2,first,16,16,1.0
F3,42,dev,50,recorded_plan,2,third,16,16,1.0
F3,42,dev,50,recorded_plan,3,first,16,16,1.0
F3,42,dev,50,recorded_plan,3,third,16,16,1.0
F3,42,dev,50,recorded_plan,4,first,16,16,1.0
F3,42,dev,50,recorded_plan,4,third,16,16,1.0
F3,42,dev,50,reported_cancelled,-3,first,16,16,1.0
F3,42,dev,50,reported_cancelled,-3,third,16,16,1.0
F3,42,dev,50,reported_cancelled,-2,first,16,16,1.0
F3,42,dev,50,reported_cancelled,-2,third,16,16,1.0
F3,42,dev,50,reported_cancelled,-1,first,16,16,1.0
F3,42,dev,50,reported_cancelled,-1,third,16,16,1.0
F3,42,dev,50,reported_cancelled,0,first,16,16,1.0
F3,42,dev,50,reported_cancelled,0,third,16,16,1.0
F3,42,dev,50,reported_cancelled,1,first,16,16,1.0
F3,42,dev,50,reported_cancelled,1,third,16,16,1.0
F3,42,dev,50,reported_cancelled,2,first,16,16,1.0
F3,42,dev,50,reported_cancelled,2,third,16,16,1.0
F3,42,dev,50,reported_cancelled,3,first,16,16,1.0
F3,42,dev,50,reported_cancelled,3,third,15,16,0.9375
F3,42,dev,50,reported_cancelled,4,first,16,16,1.0
F3,42,dev,50,reported_cancelled,4,third,16,16,1.0
F3,42,dev,50,reported_completed,-3,first,16,16,1.0
F3,42,dev,50,reported_completed,-3,third,16,16,1.0
F3,42,dev,50,reported_completed,-2,first,16,16,1.0
F3,42,dev,50,reported_completed,-2,third,16,16,1.0
F3,42,dev,50,reported_completed,-1,first,16,16,1.0
F3,42,dev,50,reported_completed,-1,third,16,16,1.0
F3,42,dev,50,reported_completed,0,first,16,16,1.0
F3,42,dev,50,reported_completed,0,third,16,16,1.0
F3,42,train,0,recorded_plan,-3,first,16,16,1.0
F3,42,train,0,recorded_plan,-3,third,16,16,1.0
F3,42,train,0,recorded_plan,-2,first,16,16,1.0
F3,42,train,0,recorded_plan,-2,third,16,16,1.0
F3,42,train,0,recorded_plan,-1,first,16,16,1.0
F3,42,train,0,recorded_plan,-1,third,16,16,1.0
F3,42,train,0,recorded_plan,0,first,16,16,1.0
F3,42,train,0,recorded_plan,0,third,16,16,1.0
F3,42,train,0,recorded_plan,1,first,16,16,1.0
F3,42,train,0,recorded_plan,1,third,16,16,1.0
F3,42,train,0,recorded_plan,2,first,16,16,1.0
F3,42,train,0,recorded_plan,2,third,16,16,1.0
F3,42,train,0,recorded_plan,3,first,16,16,1.0
F3,42,train,0,recorded_plan,3,third,16,16,1.0
F3,42,train,0,recorded_plan,4,first,0,16,0.0
F3,42,train,0,recorded_plan,4,third,0,16,0.0
F3,42,train,0,reported_cancelled,-3,first,16,16,1.0
F3,42,train,0,reported_cancelled,-3,third,16,16,1.0
F3,42,train,0,reported_cancelled,-2,first,16,16,1.0
F3,42,train,0,reported_cancelled,-2,third,16,16,1.0
F3,42,train,0,reported_cancelled,-1,first,16,16,1.0
F3,42,train,0,reported_cancelled,-1,third,16,16,1.0
F3,42,train,0,reported_cancelled,0,first,16,16,1.0
F3,42,train,0,reported_cancelled,0,third,16,16,1.0
F3,42,train,0,reported_cancelled,1,first,16,16,1.0
F3,42,train,0,reported_cancelled,1,third,16,16,1.0
F3,42,train,0,reported_cancelled,2,first,16,16,1.0
F3,42,train,0,reported_cancelled,2,third,16,16,1.0
F3,42,train,0,reported_cancelled,3,first,16,16,1.0
F3,42,train,0,reported_cancelled,3,third,16,16,1.0
F3,42,train,0,reported_cancelled,4,first,0,16,0.0
F3,42,train,0,reported_cancelled,4,third,0,16,0.0
F3,42,train,0,reported_completed,-3,first,16,16,1.0
F3,42,train,0,reported_completed,-3,third,16,16,1.0
F3,42,train,0,reported_completed,-2,first,16,16,1.0
F3,42,train,0,reported_completed,-2,third,16,16,1.0
F3,42,train,0,reported_completed,-1,first,16,16,1.0
F3,42,train,0,reported_completed,-1,third,16,16,1.0
F3,42,train,0,reported_completed,0,first,16,16,1.0
F3,42,train,0,reported_completed,0,third,16,16,1.0
F3,42,train,100,recorded_plan,-3,first,16,16,1.0
F3,42,train,100,recorded_plan,-3,third,16,16,1.0
F3,42,train,100,recorded_plan,-2,first,16,16,1.0
F3,42,train,100,recorded_plan,-2,third,16,16,1.0
F3,42,train,100,recorded_plan,-1,first,16,16,1.0
F3,42,train,100,recorded_plan,-1,third,16,16,1.0
F3,42,train,100,recorded_plan,0,first,16,16,1.0
F3,42,train,100,recorded_plan,0,third,16,16,1.0
F3,42,train,100,recorded_plan,1,first,16,16,1.0
F3,42,train,100,recorded_plan,1,third,16,16,1.0
F3,42,train,100,recorded_plan,2,first,16,16,1.0
F3,42,train,100,recorded_plan,2,third,16,16,1.0
F3,42,train,100,recorded_plan,3,first,16,16,1.0
F3,42,train,100,recorded_plan,3,third,16,16,1.0
F3,42,train,100,recorded_plan,4,first,16,16,1.0
F3,42,train,100,recorded_plan,4,third,16,16,1.0
F3,42,train,100,reported_cancelled,-3,first,16,16,1.0
F3,42,train,100,reported_cancelled,-3,third,16,16,1.0
F3,42,train,100,reported_cancelled,-2,first,16,16,1.0
F3,42,train,100,reported_cancelled,-2,third,16,16,1.0
F3,42,train,100,reported_cancelled,-1,first,16,16,1.0
F3,42,train,100,reported_cancelled,-1,third,16,16,1.0
F3,42,train,100,reported_cancelled,0,first,16,16,1.0
F3,42,train,100,reported_cancelled,0,third,16,16,1.0
F3,42,train,100,reported_cancelled,1,first,16,16,1.0
F3,42,train,100,reported_cancelled,1,third,16,16,1.0
F3,42,train,100,reported_cancelled,2,first,16,16,1.0
F3,42,train,100,reported_cancelled,2,third,16,16,1.0
F3,42,train,100,reported_cancelled,3,first,16,16,1.0
F3,42,train,100,reported_cancelled,3,third,16,16,1.0
F3,42,train,100,reported_cancelled,4,first,16,16,1.0
F3,42,train,100,reported_cancelled,4,third,16,16,1.0
F3,42,train,100,reported_completed,-3,first,16,16,1.0
F3,42,train,100,reported_completed,-3,third,16,16,1.0
F3,42,train,100,reported_completed,-2,first,16,16,1.0
F3,42,train,100,reported_completed,-2,third,16,16,1.0
F3,42,train,100,reported_completed,-1,first,16,16,1.0
F3,42,train,100,reported_completed,-1,third,16,16,1.0
F3,42,train,100,reported_completed,0,first,16,16,1.0
F3,42,train,100,reported_completed,0,third,16,16,1.0
F3,42,train,150,recorded_plan,-3,first,16,16,1.0
F3,42,train,150,recorded_plan,-3,third,16,16,1.0
F3,42,train,150,recorded_plan,-2,first,16,16,1.0
F3,42,train,150,recorded_plan,-2,third,16,16,1.0
F3,42,train,150,recorded_plan,-1,first,16,16,1.0
F3,42,train,150,recorded_plan,-1,third,16,16,1.0
F3,42,train,150,recorded_plan,0,first,16,16,1.0
F3,42,train,150,recorded_plan,0,third,16,16,1.0
F3,42,train,150,recorded_plan,1,first,16,16,1.0
F3,42,train,150,recorded_plan,1,third,16,16,1.0
F3,42,train,150,recorded_plan,2,first,16,16,1.0
F3,42,train,150,recorded_plan,2,third,16,16,1.0
F3,42,train,150,recorded_plan,3,first,16,16,1.0
F3,42,train,150,recorded_plan,3,third,16,16,1.0
F3,42,train,150,recorded_plan,4,first,16,16,1.0
F3,42,train,150,recorded_plan,4,third,16,16,1.0
F3,42,train,150,reported_cancelled,-3,first,16,16,1.0
F3,42,train,150,reported_cancelled,-3,third,16,16,1.0
F3,42,train,150,reported_cancelled,-2,first,16,16,1.0
F3,42,train,150,reported_cancelled,-2,third,16,16,1.0
F3,42,train,150,reported_cancelled,-1,first,16,16,1.0
F3,42,train,150,reported_cancelled,-1,third,16,16,1.0
F3,42,train,150,reported_cancelled,0,first,16,16,1.0
F3,42,train,150,reported_cancelled,0,third,16,16,1.0
F3,42,train,150,reported_cancelled,1,first,16,16,1.0
F3,42,train,150,reported_cancelled,1,third,16,16,1.0
F3,42,train,150,reported_cancelled,2,first,16,16,1.0
F3,42,train,150,reported_cancelled,2,third,16,16,1.0
F3,42,train,150,reported_cancelled,3,first,16,16,1.0
F3,42,train,150,reported_cancelled,3,third,16,16,1.0
F3,42,train,150,reported_cancelled,4,first,16,16,1.0
F3,42,train,150,reported_cancelled,4,third,16,16,1.0
F3,42,train,150,reported_completed,-3,first,16,16,1.0
F3,42,train,150,reported_completed,-3,third,16,16,1.0
F3,42,train,150,reported_completed,-2,first,16,16,1.0
F3,42,train,150,reported_completed,-2,third,16,16,1.0
F3,42,train,150,reported_completed,-1,first,16,16,1.0
F3,42,train,150,reported_completed,-1,third,16,16,1.0
F3,42,train,150,reported_completed,0,first,16,16,1.0
F3,42,train,150,reported_completed,0,third,16,16,1.0
F3,42,train,200,recorded_plan,-3,first,16,16,1.0
F3,42,train,200,recorded_plan,-3,third,16,16,1.0
F3,42,train,200,recorded_plan,-2,first,16,16,1.0
F3,42,train,200,recorded_plan,-2,third,16,16,1.0
F3,42,train,200,recorded_plan,-1,first,16,16,1.0
F3,42,train,200,recorded_plan,-1,third,16,16,1.0
F3,42,train,200,recorded_plan,0,first,16,16,1.0
F3,42,train,200,recorded_plan,0,third,16,16,1.0
F3,42,train,200,recorded_plan,1,first,16,16,1.0
F3,42,train,200,recorded_plan,1,third,16,16,1.0
F3,42,train,200,recorded_plan,2,first,16,16,1.0
F3,42,train,200,recorded_plan,2,third,16,16,1.0
F3,42,train,200,recorded_plan,3,first,16,16,1.0
F3,42,train,200,recorded_plan,3,third,16,16,1.0
F3,42,train,200,recorded_plan,4,first,16,16,1.0
F3,42,train,200,recorded_plan,4,third,16,16,1.0
F3,42,train,200,reported_cancelled,-3,first,16,16,1.0
F3,42,train,200,reported_cancelled,-3,third,16,16,1.0
F3,42,train,200,reported_cancelled,-2,first,16,16,1.0
F3,42,train,200,reported_cancelled,-2,third,16,16,1.0
F3,42,train,200,reported_cancelled,-1,first,16,16,1.0
F3,42,train,200,reported_cancelled,-1,third,16,16,1.0
F3,42,train,200,reported_cancelled,0,first,16,16,1.0
F3,42,train,200,reported_cancelled,0,third,16,16,1.0
F3,42,train,200,reported_cancelled,1,first,16,16,1.0
F3,42,train,200,reported_cancelled,1,third,16,16,1.0
F3,42,train,200,reported_cancelled,2,first,16,16,1.0
F3,42,train,200,reported_cancelled,2,third,16,16,1.0
F3,42,train,200,reported_cancelled,3,first,16,16,1.0
F3,42,train,200,reported_cancelled,3,third,16,16,1.0
F3,42,train,200,reported_cancelled,4,first,16,16,1.0
F3,42,train,200,reported_cancelled,4,third,16,16,1.0
F3,42,train,200,reported_completed,-3,first,16,16,1.0
F3,42,train,200,reported_completed,-3,third,16,16,1.0
F3,42,train,200,reported_completed,-2,first,16,16,1.0
F3,42,train,200,reported_completed,-2,third,16,16,1.0
F3,42,train,200,reported_completed,-1,first,16,16,1.0
F3,42,train,200,reported_completed,-1,third,16,16,1.0
F3,42,train,200,reported_completed,0,first,16,16,1.0
F3,42,train,200,reported_completed,0,third,16,16,1.0
F3,42,train,50,recorded_plan,-3,first,16,16,1.0
F3,42,train,50,recorded_plan,-3,third,16,16,1.0
F3,42,train,50,recorded_plan,-2,first,16,16,1.0
F3,42,train,50,recorded_plan,-2,third,16,16,1.0
F3,42,train,50,recorded_plan,-1,first,16,16,1.0
F3,42,train,50,recorded_plan,-1,third,16,16,1.0
F3,42,train,50,recorded_plan,0,first,16,16,1.0
F3,42,train,50,recorded_plan,0,third,16,16,1.0
F3,42,train,50,recorded_plan,1,first,16,16,1.0
F3,42,train,50,recorded_plan,1,third,16,16,1.0
F3,42,train,50,recorded_plan,2,first,16,16,1.0
F3,42,train,50,recorded_plan,2,third,16,16,1.0
F3,42,train,50,recorded_plan,3,first,16,16,1.0
F3,42,train,50,recorded_plan,3,third,16,16,1.0
F3,42,train,50,recorded_plan,4,first,16,16,1.0
F3,42,train,50,recorded_plan,4,third,16,16,1.0
F3,42,train,50,reported_cancelled,-3,first,16,16,1.0
F3,42,train,50,reported_cancelled,-3,third,16,16,1.0
F3,42,train,50,reported_cancelled,-2,first,16,16,1.0
F3,42,train,50,reported_cancelled,-2,third,16,16,1.0
F3,42,train,50,reported_cancelled,-1,first,16,16,1.0
F3,42,train,50,reported_cancelled,-1,third,16,16,1.0
F3,42,train,50,reported_cancelled,0,first,16,16,1.0
F3,42,train,50,reported_cancelled,0,third,16,16,1.0
F3,42,train,50,reported_cancelled,1,first,16,16,1.0
F3,42,train,50,reported_cancelled,1,third,16,16,1.0
F3,42,train,50,reported_cancelled,2,first,16,16,1.0
F3,42,train,50,reported_cancelled,2,third,16,16,1.0
F3,42,train,50,reported_cancelled,3,first,16,16,1.0
F3,42,train,50,reported_cancelled,3,third,16,16,1.0
F3,42,train,50,reported_cancelled,4,first,16,16,1.0
F3,42,train,50,reported_cancelled,4,third,16,16,1.0
F3,42,train,50,reported_completed,-3,first,16,16,1.0
F3,42,train,50,reported_completed,-3,third,16,16,1.0
F3,42,train,50,reported_completed,-2,first,16,16,1.0
F3,42,train,50,reported_completed,-2,third,16,16,1.0
F3,42,train,50,reported_completed,-1,first,16,16,1.0
F3,42,train,50,reported_completed,-1,third,16,16,1.0
F3,42,train,50,reported_completed,0,first,16,16,1.0
F3,42,train,50,reported_completed,0,third,16,16,1.0
F3,43,dev,0,recorded_plan,-3,first,16,16,1.0
F3,43,dev,0,recorded_plan,-3,third,16,16,1.0
F3,43,dev,0,recorded_plan,-2,first,16,16,1.0
F3,43,dev,0,recorded_plan,-2,third,16,16,1.0
F3,43,dev,0,recorded_plan,-1,first,16,16,1.0
F3,43,dev,0,recorded_plan,-1,third,16,16,1.0
F3,43,dev,0,recorded_plan,0,first,16,16,1.0
F3,43,dev,0,recorded_plan,0,third,16,16,1.0
F3,43,dev,0,recorded_plan,1,first,16,16,1.0
F3,43,dev,0,recorded_plan,1,third,16,16,1.0
F3,43,dev,0,recorded_plan,2,first,16,16,1.0
F3,43,dev,0,recorded_plan,2,third,16,16,1.0
F3,43,dev,0,recorded_plan,3,first,16,16,1.0
F3,43,dev,0,recorded_plan,3,third,16,16,1.0
F3,43,dev,0,recorded_plan,4,first,0,16,0.0
F3,43,dev,0,recorded_plan,4,third,0,16,0.0
F3,43,dev,0,reported_cancelled,-3,first,16,16,1.0
F3,43,dev,0,reported_cancelled,-3,third,16,16,1.0
F3,43,dev,0,reported_cancelled,-2,first,16,16,1.0
F3,43,dev,0,reported_cancelled,-2,third,16,16,1.0
F3,43,dev,0,reported_cancelled,-1,first,16,16,1.0
F3,43,dev,0,reported_cancelled,-1,third,16,16,1.0
F3,43,dev,0,reported_cancelled,0,first,16,16,1.0
F3,43,dev,0,reported_cancelled,0,third,16,16,1.0
F3,43,dev,0,reported_cancelled,1,first,16,16,1.0
F3,43,dev,0,reported_cancelled,1,third,16,16,1.0
F3,43,dev,0,reported_cancelled,2,first,16,16,1.0
F3,43,dev,0,reported_cancelled,2,third,16,16,1.0
F3,43,dev,0,reported_cancelled,3,first,16,16,1.0
F3,43,dev,0,reported_cancelled,3,third,16,16,1.0
F3,43,dev,0,reported_cancelled,4,first,0,16,0.0
F3,43,dev,0,reported_cancelled,4,third,0,16,0.0
F3,43,dev,0,reported_completed,-3,first,16,16,1.0
F3,43,dev,0,reported_completed,-3,third,16,16,1.0
F3,43,dev,0,reported_completed,-2,first,16,16,1.0
F3,43,dev,0,reported_completed,-2,third,16,16,1.0
F3,43,dev,0,reported_completed,-1,first,16,16,1.0
F3,43,dev,0,reported_completed,-1,third,16,16,1.0
F3,43,dev,0,reported_completed,0,first,16,16,1.0
F3,43,dev,0,reported_completed,0,third,16,16,1.0
F3,43,dev,100,recorded_plan,-3,first,16,16,1.0
F3,43,dev,100,recorded_plan,-3,third,16,16,1.0
F3,43,dev,100,recorded_plan,-2,first,16,16,1.0
F3,43,dev,100,recorded_plan,-2,third,16,16,1.0
F3,43,dev,100,recorded_plan,-1,first,16,16,1.0
F3,43,dev,100,recorded_plan,-1,third,16,16,1.0
F3,43,dev,100,recorded_plan,0,first,16,16,1.0
F3,43,dev,100,recorded_plan,0,third,16,16,1.0
F3,43,dev,100,recorded_plan,1,first,16,16,1.0
F3,43,dev,100,recorded_plan,1,third,16,16,1.0
F3,43,dev,100,recorded_plan,2,first,16,16,1.0
F3,43,dev,100,recorded_plan,2,third,16,16,1.0
F3,43,dev,100,recorded_plan,3,first,16,16,1.0
F3,43,dev,100,recorded_plan,3,third,16,16,1.0
F3,43,dev,100,recorded_plan,4,first,16,16,1.0
F3,43,dev,100,recorded_plan,4,third,16,16,1.0
F3,43,dev,100,reported_cancelled,-3,first,16,16,1.0
F3,43,dev,100,reported_cancelled,-3,third,16,16,1.0
F3,43,dev,100,reported_cancelled,-2,first,16,16,1.0
F3,43,dev,100,reported_cancelled,-2,third,16,16,1.0
F3,43,dev,100,reported_cancelled,-1,first,16,16,1.0
F3,43,dev,100,reported_cancelled,-1,third,16,16,1.0
F3,43,dev,100,reported_cancelled,0,first,16,16,1.0
F3,43,dev,100,reported_cancelled,0,third,16,16,1.0
F3,43,dev,100,reported_cancelled,1,first,16,16,1.0
F3,43,dev,100,reported_cancelled,1,third,16,16,1.0
F3,43,dev,100,reported_cancelled,2,first,16,16,1.0
F3,43,dev,100,reported_cancelled,2,third,16,16,1.0
F3,43,dev,100,reported_cancelled,3,first,16,16,1.0
F3,43,dev,100,reported_cancelled,3,third,16,16,1.0
F3,43,dev,100,reported_cancelled,4,first,16,16,1.0
F3,43,dev,100,reported_cancelled,4,third,16,16,1.0
F3,43,dev,100,reported_completed,-3,first,16,16,1.0
F3,43,dev,100,reported_completed,-3,third,16,16,1.0
F3,43,dev,100,reported_completed,-2,first,16,16,1.0
F3,43,dev,100,reported_completed,-2,third,16,16,1.0
F3,43,dev,100,reported_completed,-1,first,16,16,1.0
F3,43,dev,100,reported_completed,-1,third,16,16,1.0
F3,43,dev,100,reported_completed,0,first,16,16,1.0
F3,43,dev,100,reported_completed,0,third,16,16,1.0
F3,43,dev,150,recorded_plan,-3,first,16,16,1.0
F3,43,dev,150,recorded_plan,-3,third,16,16,1.0
F3,43,dev,150,recorded_plan,-2,first,16,16,1.0
F3,43,dev,150,recorded_plan,-2,third,16,16,1.0
F3,43,dev,150,recorded_plan,-1,first,16,16,1.0
F3,43,dev,150,recorded_plan,-1,third,16,16,1.0
F3,43,dev,150,recorded_plan,0,first,16,16,1.0
F3,43,dev,150,recorded_plan,0,third,16,16,1.0
F3,43,dev,150,recorded_plan,1,first,16,16,1.0
F3,43,dev,150,recorded_plan,1,third,16,16,1.0
F3,43,dev,150,recorded_plan,2,first,16,16,1.0
F3,43,dev,150,recorded_plan,2,third,16,16,1.0
F3,43,dev,150,recorded_plan,3,first,16,16,1.0
F3,43,dev,150,recorded_plan,3,third,16,16,1.0
F3,43,dev,150,recorded_plan,4,first,16,16,1.0
F3,43,dev,150,recorded_plan,4,third,16,16,1.0
F3,43,dev,150,reported_cancelled,-3,first,16,16,1.0
F3,43,dev,150,reported_cancelled,-3,third,16,16,1.0
F3,43,dev,150,reported_cancelled,-2,first,16,16,1.0
F3,43,dev,150,reported_cancelled,-2,third,16,16,1.0
F3,43,dev,150,reported_cancelled,-1,first,16,16,1.0
F3,43,dev,150,reported_cancelled,-1,third,16,16,1.0
F3,43,dev,150,reported_cancelled,0,first,16,16,1.0
F3,43,dev,150,reported_cancelled,0,third,16,16,1.0
F3,43,dev,150,reported_cancelled,1,first,16,16,1.0
F3,43,dev,150,reported_cancelled,1,third,16,16,1.0
F3,43,dev,150,reported_cancelled,2,first,16,16,1.0
F3,43,dev,150,reported_cancelled,2,third,16,16,1.0
F3,43,dev,150,reported_cancelled,3,first,16,16,1.0
F3,43,dev,150,reported_cancelled,3,third,16,16,1.0
F3,43,dev,150,reported_cancelled,4,first,16,16,1.0
F3,43,dev,150,reported_cancelled,4,third,16,16,1.0
F3,43,dev,150,reported_completed,-3,first,16,16,1.0
F3,43,dev,150,reported_completed,-3,third,16,16,1.0
F3,43,dev,150,reported_completed,-2,first,16,16,1.0
F3,43,dev,150,reported_completed,-2,third,16,16,1.0
F3,43,dev,150,reported_completed,-1,first,16,16,1.0
F3,43,dev,150,reported_completed,-1,third,16,16,1.0
F3,43,dev,150,reported_completed,0,first,16,16,1.0
F3,43,dev,150,reported_completed,0,third,16,16,1.0
F3,43,dev,200,recorded_plan,-3,first,16,16,1.0
F3,43,dev,200,recorded_plan,-3,third,16,16,1.0
F3,43,dev,200,recorded_plan,-2,first,16,16,1.0
F3,43,dev,200,recorded_plan,-2,third,16,16,1.0
F3,43,dev,200,recorded_plan,-1,first,16,16,1.0
F3,43,dev,200,recorded_plan,-1,third,16,16,1.0
F3,43,dev,200,recorded_plan,0,first,16,16,1.0
F3,43,dev,200,recorded_plan,0,third,16,16,1.0
F3,43,dev,200,recorded_plan,1,first,16,16,1.0
F3,43,dev,200,recorded_plan,1,third,16,16,1.0
F3,43,dev,200,recorded_plan,2,first,16,16,1.0
F3,43,dev,200,recorded_plan,2,third,16,16,1.0
F3,43,dev,200,recorded_plan,3,first,16,16,1.0
F3,43,dev,200,recorded_plan,3,third,16,16,1.0
F3,43,dev,200,recorded_plan,4,first,16,16,1.0
F3,43,dev,200,recorded_plan,4,third,16,16,1.0
F3,43,dev,200,reported_cancelled,-3,first,16,16,1.0
F3,43,dev,200,reported_cancelled,-3,third,16,16,1.0
F3,43,dev,200,reported_cancelled,-2,first,16,16,1.0
F3,43,dev,200,reported_cancelled,-2,third,16,16,1.0
F3,43,dev,200,reported_cancelled,-1,first,16,16,1.0
F3,43,dev,200,reported_cancelled,-1,third,16,16,1.0
F3,43,dev,200,reported_cancelled,0,first,16,16,1.0
F3,43,dev,200,reported_cancelled,0,third,16,16,1.0
F3,43,dev,200,reported_cancelled,1,first,16,16,1.0
F3,43,dev,200,reported_cancelled,1,third,16,16,1.0
F3,43,dev,200,reported_cancelled,2,first,16,16,1.0
F3,43,dev,200,reported_cancelled,2,third,16,16,1.0
F3,43,dev,200,reported_cancelled,3,first,16,16,1.0
F3,43,dev,200,reported_cancelled,3,third,16,16,1.0
F3,43,dev,200,reported_cancelled,4,first,16,16,1.0
F3,43,dev,200,reported_cancelled,4,third,16,16,1.0
F3,43,dev,200,reported_completed,-3,first,16,16,1.0
F3,43,dev,200,reported_completed,-3,third,16,16,1.0
F3,43,dev,200,reported_completed,-2,first,16,16,1.0
F3,43,dev,200,reported_completed,-2,third,16,16,1.0
F3,43,dev,200,reported_completed,-1,first,16,16,1.0
F3,43,dev,200,reported_completed,-1,third,16,16,1.0
F3,43,dev,200,reported_completed,0,first,16,16,1.0
F3,43,dev,200,reported_completed,0,third,16,16,1.0
F3,43,dev,50,recorded_plan,-3,first,16,16,1.0
F3,43,dev,50,recorded_plan,-3,third,16,16,1.0
F3,43,dev,50,recorded_plan,-2,first,16,16,1.0
F3,43,dev,50,recorded_plan,-2,third,16,16,1.0
F3,43,dev,50,recorded_plan,-1,first,16,16,1.0
F3,43,dev,50,recorded_plan,-1,third,16,16,1.0
F3,43,dev,50,recorded_plan,0,first,16,16,1.0
F3,43,dev,50,recorded_plan,0,third,16,16,1.0
F3,43,dev,50,recorded_plan,1,first,16,16,1.0
F3,43,dev,50,recorded_plan,1,third,16,16,1.0
F3,43,dev,50,recorded_plan,2,first,16,16,1.0
F3,43,dev,50,recorded_plan,2,third,16,16,1.0
F3,43,dev,50,recorded_plan,3,first,16,16,1.0
F3,43,dev,50,recorded_plan,3,third,16,16,1.0
F3,43,dev,50,recorded_plan,4,first,16,16,1.0
F3,43,dev,50,recorded_plan,4,third,16,16,1.0
F3,43,dev,50,reported_cancelled,-3,first,16,16,1.0
F3,43,dev,50,reported_cancelled,-3,third,16,16,1.0
F3,43,dev,50,reported_cancelled,-2,first,16,16,1.0
F3,43,dev,50,reported_cancelled,-2,third,16,16,1.0
F3,43,dev,50,reported_cancelled,-1,first,16,16,1.0
F3,43,dev,50,reported_cancelled,-1,third,16,16,1.0
F3,43,dev,50,reported_cancelled,0,first,16,16,1.0
F3,43,dev,50,reported_cancelled,0,third,16,16,1.0
F3,43,dev,50,reported_cancelled,1,first,16,16,1.0
F3,43,dev,50,reported_cancelled,1,third,16,16,1.0
F3,43,dev,50,reported_cancelled,2,first,16,16,1.0
F3,43,dev,50,reported_cancelled,2,third,16,16,1.0
F3,43,dev,50,reported_cancelled,3,first,16,16,1.0
F3,43,dev,50,reported_cancelled,3,third,16,16,1.0
F3,43,dev,50,reported_cancelled,4,first,16,16,1.0
F3,43,dev,50,reported_cancelled,4,third,16,16,1.0
F3,43,dev,50,reported_completed,-3,first,16,16,1.0
F3,43,dev,50,reported_completed,-3,third,16,16,1.0
F3,43,dev,50,reported_completed,-2,first,16,16,1.0
F3,43,dev,50,reported_completed,-2,third,16,16,1.0
F3,43,dev,50,reported_completed,-1,first,16,16,1.0
F3,43,dev,50,reported_completed,-1,third,16,16,1.0
F3,43,dev,50,reported_completed,0,first,16,16,1.0
F3,43,dev,50,reported_completed,0,third,16,16,1.0
F3,43,train,0,recorded_plan,-3,first,16,16,1.0
F3,43,train,0,recorded_plan,-3,third,16,16,1.0
F3,43,train,0,recorded_plan,-2,first,16,16,1.0
F3,43,train,0,recorded_plan,-2,third,16,16,1.0
F3,43,train,0,recorded_plan,-1,first,16,16,1.0
F3,43,train,0,recorded_plan,-1,third,16,16,1.0
F3,43,train,0,recorded_plan,0,first,16,16,1.0
F3,43,train,0,recorded_plan,0,third,16,16,1.0
F3,43,train,0,recorded_plan,1,first,16,16,1.0
F3,43,train,0,recorded_plan,1,third,16,16,1.0
F3,43,train,0,recorded_plan,2,first,16,16,1.0
F3,43,train,0,recorded_plan,2,third,15,16,0.9375
F3,43,train,0,recorded_plan,3,first,16,16,1.0
F3,43,train,0,recorded_plan,3,third,16,16,1.0
F3,43,train,0,recorded_plan,4,first,0,16,0.0
F3,43,train,0,recorded_plan,4,third,0,16,0.0
F3,43,train,0,reported_cancelled,-3,first,16,16,1.0
F3,43,train,0,reported_cancelled,-3,third,16,16,1.0
F3,43,train,0,reported_cancelled,-2,first,16,16,1.0
F3,43,train,0,reported_cancelled,-2,third,16,16,1.0
F3,43,train,0,reported_cancelled,-1,first,16,16,1.0
F3,43,train,0,reported_cancelled,-1,third,16,16,1.0
F3,43,train,0,reported_cancelled,0,first,16,16,1.0
F3,43,train,0,reported_cancelled,0,third,16,16,1.0
F3,43,train,0,reported_cancelled,1,first,16,16,1.0
F3,43,train,0,reported_cancelled,1,third,16,16,1.0
F3,43,train,0,reported_cancelled,2,first,16,16,1.0
F3,43,train,0,reported_cancelled,2,third,16,16,1.0
F3,43,train,0,reported_cancelled,3,first,16,16,1.0
F3,43,train,0,reported_cancelled,3,third,16,16,1.0
F3,43,train,0,reported_cancelled,4,first,0,16,0.0
F3,43,train,0,reported_cancelled,4,third,0,16,0.0
F3,43,train,0,reported_completed,-3,first,16,16,1.0
F3,43,train,0,reported_completed,-3,third,16,16,1.0
F3,43,train,0,reported_completed,-2,first,16,16,1.0
F3,43,train,0,reported_completed,-2,third,16,16,1.0
F3,43,train,0,reported_completed,-1,first,16,16,1.0
F3,43,train,0,reported_completed,-1,third,16,16,1.0
F3,43,train,0,reported_completed,0,first,16,16,1.0
F3,43,train,0,reported_completed,0,third,16,16,1.0
F3,43,train,100,recorded_plan,-3,first,16,16,1.0
F3,43,train,100,recorded_plan,-3,third,16,16,1.0
F3,43,train,100,recorded_plan,-2,first,16,16,1.0
F3,43,train,100,recorded_plan,-2,third,16,16,1.0
F3,43,train,100,recorded_plan,-1,first,16,16,1.0
F3,43,train,100,recorded_plan,-1,third,16,16,1.0
F3,43,train,100,recorded_plan,0,first,16,16,1.0
F3,43,train,100,recorded_plan,0,third,16,16,1.0
F3,43,train,100,recorded_plan,1,first,16,16,1.0
F3,43,train,100,recorded_plan,1,third,16,16,1.0
F3,43,train,100,recorded_plan,2,first,16,16,1.0
F3,43,train,100,recorded_plan,2,third,16,16,1.0
F3,43,train,100,recorded_plan,3,first,16,16,1.0
F3,43,train,100,recorded_plan,3,third,16,16,1.0
F3,43,train,100,recorded_plan,4,first,16,16,1.0
F3,43,train,100,recorded_plan,4,third,16,16,1.0
F3,43,train,100,reported_cancelled,-3,first,16,16,1.0
F3,43,train,100,reported_cancelled,-3,third,16,16,1.0
F3,43,train,100,reported_cancelled,-2,first,16,16,1.0
F3,43,train,100,reported_cancelled,-2,third,16,16,1.0
F3,43,train,100,reported_cancelled,-1,first,16,16,1.0
F3,43,train,100,reported_cancelled,-1,third,16,16,1.0
F3,43,train,100,reported_cancelled,0,first,16,16,1.0
F3,43,train,100,reported_cancelled,0,third,16,16,1.0
F3,43,train,100,reported_cancelled,1,first,16,16,1.0
F3,43,train,100,reported_cancelled,1,third,16,16,1.0
F3,43,train,100,reported_cancelled,2,first,16,16,1.0
F3,43,train,100,reported_cancelled,2,third,16,16,1.0
F3,43,train,100,reported_cancelled,3,first,16,16,1.0
F3,43,train,100,reported_cancelled,3,third,16,16,1.0
F3,43,train,100,reported_cancelled,4,first,16,16,1.0
F3,43,train,100,reported_cancelled,4,third,16,16,1.0
F3,43,train,100,reported_completed,-3,first,16,16,1.0
F3,43,train,100,reported_completed,-3,third,16,16,1.0
F3,43,train,100,reported_completed,-2,first,16,16,1.0
F3,43,train,100,reported_completed,-2,third,16,16,1.0
F3,43,train,100,reported_completed,-1,first,16,16,1.0
F3,43,train,100,reported_completed,-1,third,16,16,1.0
F3,43,train,100,reported_completed,0,first,16,16,1.0
F3,43,train,100,reported_completed,0,third,16,16,1.0
F3,43,train,150,recorded_plan,-3,first,16,16,1.0
F3,43,train,150,recorded_plan,-3,third,16,16,1.0
F3,43,train,150,recorded_plan,-2,first,16,16,1.0
F3,43,train,150,recorded_plan,-2,third,16,16,1.0
F3,43,train,150,recorded_plan,-1,first,16,16,1.0
F3,43,train,150,recorded_plan,-1,third,16,16,1.0
F3,43,train,150,recorded_plan,0,first,16,16,1.0
F3,43,train,150,recorded_plan,0,third,16,16,1.0
F3,43,train,150,recorded_plan,1,first,16,16,1.0
F3,43,train,150,recorded_plan,1,third,16,16,1.0
F3,43,train,150,recorded_plan,2,first,16,16,1.0
F3,43,train,150,recorded_plan,2,third,16,16,1.0
F3,43,train,150,recorded_plan,3,first,16,16,1.0
F3,43,train,150,recorded_plan,3,third,16,16,1.0
F3,43,train,150,recorded_plan,4,first,16,16,1.0
F3,43,train,150,recorded_plan,4,third,16,16,1.0
F3,43,train,150,reported_cancelled,-3,first,16,16,1.0
F3,43,train,150,reported_cancelled,-3,third,16,16,1.0
F3,43,train,150,reported_cancelled,-2,first,16,16,1.0
F3,43,train,150,reported_cancelled,-2,third,16,16,1.0
F3,43,train,150,reported_cancelled,-1,first,16,16,1.0
F3,43,train,150,reported_cancelled,-1,third,16,16,1.0
F3,43,train,150,reported_cancelled,0,first,16,16,1.0
F3,43,train,150,reported_cancelled,0,third,16,16,1.0
F3,43,train,150,reported_cancelled,1,first,16,16,1.0
F3,43,train,150,reported_cancelled,1,third,16,16,1.0
F3,43,train,150,reported_cancelled,2,first,16,16,1.0
F3,43,train,150,reported_cancelled,2,third,16,16,1.0
F3,43,train,150,reported_cancelled,3,first,16,16,1.0
F3,43,train,150,reported_cancelled,3,third,16,16,1.0
F3,43,train,150,reported_cancelled,4,first,16,16,1.0
F3,43,train,150,reported_cancelled,4,third,16,16,1.0
F3,43,train,150,reported_completed,-3,first,16,16,1.0
F3,43,train,150,reported_completed,-3,third,16,16,1.0
F3,43,train,150,reported_completed,-2,first,16,16,1.0
F3,43,train,150,reported_completed,-2,third,16,16,1.0
F3,43,train,150,reported_completed,-1,first,16,16,1.0
F3,43,train,150,reported_completed,-1,third,16,16,1.0
F3,43,train,150,reported_completed,0,first,16,16,1.0
F3,43,train,150,reported_completed,0,third,16,16,1.0
F3,43,train,200,recorded_plan,-3,first,16,16,1.0
F3,43,train,200,recorded_plan,-3,third,16,16,1.0
F3,43,train,200,recorded_plan,-2,first,16,16,1.0
F3,43,train,200,recorded_plan,-2,third,16,16,1.0
F3,43,train,200,recorded_plan,-1,first,16,16,1.0
F3,43,train,200,recorded_plan,-1,third,16,16,1.0
F3,43,train,200,recorded_plan,0,first,16,16,1.0
F3,43,train,200,recorded_plan,0,third,16,16,1.0
F3,43,train,200,recorded_plan,1,first,16,16,1.0
F3,43,train,200,recorded_plan,1,third,16,16,1.0
F3,43,train,200,recorded_plan,2,first,16,16,1.0
F3,43,train,200,recorded_plan,2,third,16,16,1.0
F3,43,train,200,recorded_plan,3,first,16,16,1.0
F3,43,train,200,recorded_plan,3,third,16,16,1.0
F3,43,train,200,recorded_plan,4,first,16,16,1.0
F3,43,train,200,recorded_plan,4,third,16,16,1.0
F3,43,train,200,reported_cancelled,-3,first,16,16,1.0
F3,43,train,200,reported_cancelled,-3,third,16,16,1.0
F3,43,train,200,reported_cancelled,-2,first,16,16,1.0
F3,43,train,200,reported_cancelled,-2,third,16,16,1.0
F3,43,train,200,reported_cancelled,-1,first,16,16,1.0
F3,43,train,200,reported_cancelled,-1,third,16,16,1.0
F3,43,train,200,reported_cancelled,0,first,16,16,1.0
F3,43,train,200,reported_cancelled,0,third,16,16,1.0
F3,43,train,200,reported_cancelled,1,first,16,16,1.0
F3,43,train,200,reported_cancelled,1,third,16,16,1.0
F3,43,train,200,reported_cancelled,2,first,16,16,1.0
F3,43,train,200,reported_cancelled,2,third,16,16,1.0
F3,43,train,200,reported_cancelled,3,first,16,16,1.0
F3,43,train,200,reported_cancelled,3,third,16,16,1.0
F3,43,train,200,reported_cancelled,4,first,16,16,1.0
F3,43,train,200,reported_cancelled,4,third,16,16,1.0
F3,43,train,200,reported_completed,-3,first,16,16,1.0
F3,43,train,200,reported_completed,-3,third,16,16,1.0
F3,43,train,200,reported_completed,-2,first,16,16,1.0
F3,43,train,200,reported_completed,-2,third,16,16,1.0
F3,43,train,200,reported_completed,-1,first,16,16,1.0
F3,43,train,200,reported_completed,-1,third,16,16,1.0
F3,43,train,200,reported_completed,0,first,16,16,1.0
F3,43,train,200,reported_completed,0,third,16,16,1.0
F3,43,train,50,recorded_plan,-3,first,16,16,1.0
F3,43,train,50,recorded_plan,-3,third,16,16,1.0
F3,43,train,50,recorded_plan,-2,first,16,16,1.0
F3,43,train,50,recorded_plan,-2,third,16,16,1.0
F3,43,train,50,recorded_plan,-1,first,16,16,1.0
F3,43,train,50,recorded_plan,-1,third,16,16,1.0
F3,43,train,50,recorded_plan,0,first,16,16,1.0
F3,43,train,50,recorded_plan,0,third,16,16,1.0
F3,43,train,50,recorded_plan,1,first,16,16,1.0
F3,43,train,50,recorded_plan,1,third,16,16,1.0
F3,43,train,50,recorded_plan,2,first,16,16,1.0
F3,43,train,50,recorded_plan,2,third,16,16,1.0
F3,43,train,50,recorded_plan,3,first,16,16,1.0
F3,43,train,50,recorded_plan,3,third,16,16,1.0
F3,43,train,50,recorded_plan,4,first,16,16,1.0
F3,43,train,50,recorded_plan,4,third,16,16,1.0
F3,43,train,50,reported_cancelled,-3,first,16,16,1.0
F3,43,train,50,reported_cancelled,-3,third,16,16,1.0
F3,43,train,50,reported_cancelled,-2,first,16,16,1.0
F3,43,train,50,reported_cancelled,-2,third,16,16,1.0
F3,43,train,50,reported_cancelled,-1,first,16,16,1.0
F3,43,train,50,reported_cancelled,-1,third,16,16,1.0
F3,43,train,50,reported_cancelled,0,first,16,16,1.0
F3,43,train,50,reported_cancelled,0,third,16,16,1.0
F3,43,train,50,reported_cancelled,1,first,16,16,1.0
F3,43,train,50,reported_cancelled,1,third,16,16,1.0
F3,43,train,50,reported_cancelled,2,first,16,16,1.0
F3,43,train,50,reported_cancelled,2,third,16,16,1.0
F3,43,train,50,reported_cancelled,3,first,16,16,1.0
F3,43,train,50,reported_cancelled,3,third,16,16,1.0
F3,43,train,50,reported_cancelled,4,first,16,16,1.0
F3,43,train,50,reported_cancelled,4,third,16,16,1.0
F3,43,train,50,reported_completed,-3,first,16,16,1.0
F3,43,train,50,reported_completed,-3,third,16,16,1.0
F3,43,train,50,reported_completed,-2,first,16,16,1.0
F3,43,train,50,reported_completed,-2,third,16,16,1.0
F3,43,train,50,reported_completed,-1,first,16,16,1.0
F3,43,train,50,reported_completed,-1,third,16,16,1.0
F3,43,train,50,reported_completed,0,first,16,16,1.0
F3,43,train,50,reported_completed,0,third,16,16,1.0
F3,44,dev,0,recorded_plan,-3,first,16,16,1.0
F3,44,dev,0,recorded_plan,-3,third,16,16,1.0
F3,44,dev,0,recorded_plan,-2,first,16,16,1.0
F3,44,dev,0,recorded_plan,-2,third,16,16,1.0
F3,44,dev,0,recorded_plan,-1,first,16,16,1.0
F3,44,dev,0,recorded_plan,-1,third,16,16,1.0
F3,44,dev,0,recorded_plan,0,first,16,16,1.0
F3,44,dev,0,recorded_plan,0,third,16,16,1.0
F3,44,dev,0,recorded_plan,1,first,16,16,1.0
F3,44,dev,0,recorded_plan,1,third,16,16,1.0
F3,44,dev,0,recorded_plan,2,first,14,16,0.875
F3,44,dev,0,recorded_plan,2,third,14,16,0.875
F3,44,dev,0,recorded_plan,3,first,9,16,0.5625
F3,44,dev,0,recorded_plan,3,third,11,16,0.6875
F3,44,dev,0,recorded_plan,4,first,0,16,0.0
F3,44,dev,0,recorded_plan,4,third,0,16,0.0
F3,44,dev,0,reported_cancelled,-3,first,16,16,1.0
F3,44,dev,0,reported_cancelled,-3,third,16,16,1.0
F3,44,dev,0,reported_cancelled,-2,first,16,16,1.0
F3,44,dev,0,reported_cancelled,-2,third,16,16,1.0
F3,44,dev,0,reported_cancelled,-1,first,16,16,1.0
F3,44,dev,0,reported_cancelled,-1,third,16,16,1.0
F3,44,dev,0,reported_cancelled,0,first,16,16,1.0
F3,44,dev,0,reported_cancelled,0,third,16,16,1.0
F3,44,dev,0,reported_cancelled,1,first,16,16,1.0
F3,44,dev,0,reported_cancelled,1,third,16,16,1.0
F3,44,dev,0,reported_cancelled,2,first,14,16,0.875
F3,44,dev,0,reported_cancelled,2,third,14,16,0.875
F3,44,dev,0,reported_cancelled,3,first,7,16,0.4375
F3,44,dev,0,reported_cancelled,3,third,10,16,0.625
F3,44,dev,0,reported_cancelled,4,first,0,16,0.0
F3,44,dev,0,reported_cancelled,4,third,0,16,0.0
F3,44,dev,0,reported_completed,-3,first,16,16,1.0
F3,44,dev,0,reported_completed,-3,third,16,16,1.0
F3,44,dev,0,reported_completed,-2,first,16,16,1.0
F3,44,dev,0,reported_completed,-2,third,16,16,1.0
F3,44,dev,0,reported_completed,-1,first,16,16,1.0
F3,44,dev,0,reported_completed,-1,third,16,16,1.0
F3,44,dev,0,reported_completed,0,first,16,16,1.0
F3,44,dev,0,reported_completed,0,third,16,16,1.0
F3,44,dev,100,recorded_plan,-3,first,16,16,1.0
F3,44,dev,100,recorded_plan,-3,third,16,16,1.0
F3,44,dev,100,recorded_plan,-2,first,16,16,1.0
F3,44,dev,100,recorded_plan,-2,third,16,16,1.0
F3,44,dev,100,recorded_plan,-1,first,16,16,1.0
F3,44,dev,100,recorded_plan,-1,third,16,16,1.0
F3,44,dev,100,recorded_plan,0,first,16,16,1.0
F3,44,dev,100,recorded_plan,0,third,16,16,1.0
F3,44,dev,100,recorded_plan,1,first,16,16,1.0
F3,44,dev,100,recorded_plan,1,third,16,16,1.0
F3,44,dev,100,recorded_plan,2,first,16,16,1.0
F3,44,dev,100,recorded_plan,2,third,16,16,1.0
F3,44,dev,100,recorded_plan,3,first,16,16,1.0
F3,44,dev,100,recorded_plan,3,third,16,16,1.0
F3,44,dev,100,recorded_plan,4,first,16,16,1.0
F3,44,dev,100,recorded_plan,4,third,16,16,1.0
F3,44,dev,100,reported_cancelled,-3,first,16,16,1.0
F3,44,dev,100,reported_cancelled,-3,third,16,16,1.0
F3,44,dev,100,reported_cancelled,-2,first,16,16,1.0
F3,44,dev,100,reported_cancelled,-2,third,16,16,1.0
F3,44,dev,100,reported_cancelled,-1,first,16,16,1.0
F3,44,dev,100,reported_cancelled,-1,third,16,16,1.0
F3,44,dev,100,reported_cancelled,0,first,16,16,1.0
F3,44,dev,100,reported_cancelled,0,third,16,16,1.0
F3,44,dev,100,reported_cancelled,1,first,16,16,1.0
F3,44,dev,100,reported_cancelled,1,third,16,16,1.0
F3,44,dev,100,reported_cancelled,2,first,16,16,1.0
F3,44,dev,100,reported_cancelled,2,third,16,16,1.0
F3,44,dev,100,reported_cancelled,3,first,16,16,1.0
F3,44,dev,100,reported_cancelled,3,third,16,16,1.0
F3,44,dev,100,reported_cancelled,4,first,16,16,1.0
F3,44,dev,100,reported_cancelled,4,third,16,16,1.0
F3,44,dev,100,reported_completed,-3,first,16,16,1.0
F3,44,dev,100,reported_completed,-3,third,16,16,1.0
F3,44,dev,100,reported_completed,-2,first,16,16,1.0
F3,44,dev,100,reported_completed,-2,third,16,16,1.0
F3,44,dev,100,reported_completed,-1,first,16,16,1.0
F3,44,dev,100,reported_completed,-1,third,16,16,1.0
F3,44,dev,100,reported_completed,0,first,16,16,1.0
F3,44,dev,100,reported_completed,0,third,16,16,1.0
F3,44,dev,150,recorded_plan,-3,first,16,16,1.0
F3,44,dev,150,recorded_plan,-3,third,16,16,1.0
F3,44,dev,150,recorded_plan,-2,first,16,16,1.0
F3,44,dev,150,recorded_plan,-2,third,16,16,1.0
F3,44,dev,150,recorded_plan,-1,first,16,16,1.0
F3,44,dev,150,recorded_plan,-1,third,16,16,1.0
F3,44,dev,150,recorded_plan,0,first,16,16,1.0
F3,44,dev,150,recorded_plan,0,third,16,16,1.0
F3,44,dev,150,recorded_plan,1,first,16,16,1.0
F3,44,dev,150,recorded_plan,1,third,16,16,1.0
F3,44,dev,150,recorded_plan,2,first,16,16,1.0
F3,44,dev,150,recorded_plan,2,third,16,16,1.0
F3,44,dev,150,recorded_plan,3,first,16,16,1.0
F3,44,dev,150,recorded_plan,3,third,16,16,1.0
F3,44,dev,150,recorded_plan,4,first,16,16,1.0
F3,44,dev,150,recorded_plan,4,third,16,16,1.0
F3,44,dev,150,reported_cancelled,-3,first,16,16,1.0
F3,44,dev,150,reported_cancelled,-3,third,16,16,1.0
F3,44,dev,150,reported_cancelled,-2,first,16,16,1.0
F3,44,dev,150,reported_cancelled,-2,third,16,16,1.0
F3,44,dev,150,reported_cancelled,-1,first,16,16,1.0
F3,44,dev,150,reported_cancelled,-1,third,16,16,1.0
F3,44,dev,150,reported_cancelled,0,first,16,16,1.0
F3,44,dev,150,reported_cancelled,0,third,16,16,1.0
F3,44,dev,150,reported_cancelled,1,first,16,16,1.0
F3,44,dev,150,reported_cancelled,1,third,16,16,1.0
F3,44,dev,150,reported_cancelled,2,first,16,16,1.0
F3,44,dev,150,reported_cancelled,2,third,16,16,1.0
F3,44,dev,150,reported_cancelled,3,first,16,16,1.0
F3,44,dev,150,reported_cancelled,3,third,16,16,1.0
F3,44,dev,150,reported_cancelled,4,first,16,16,1.0
F3,44,dev,150,reported_cancelled,4,third,16,16,1.0
F3,44,dev,150,reported_completed,-3,first,16,16,1.0
F3,44,dev,150,reported_completed,-3,third,16,16,1.0
F3,44,dev,150,reported_completed,-2,first,16,16,1.0
F3,44,dev,150,reported_completed,-2,third,16,16,1.0
F3,44,dev,150,reported_completed,-1,first,16,16,1.0
F3,44,dev,150,reported_completed,-1,third,16,16,1.0
F3,44,dev,150,reported_completed,0,first,16,16,1.0
F3,44,dev,150,reported_completed,0,third,16,16,1.0
F3,44,dev,200,recorded_plan,-3,first,16,16,1.0
F3,44,dev,200,recorded_plan,-3,third,16,16,1.0
F3,44,dev,200,recorded_plan,-2,first,16,16,1.0
F3,44,dev,200,recorded_plan,-2,third,16,16,1.0
F3,44,dev,200,recorded_plan,-1,first,16,16,1.0
F3,44,dev,200,recorded_plan,-1,third,16,16,1.0
F3,44,dev,200,recorded_plan,0,first,16,16,1.0
F3,44,dev,200,recorded_plan,0,third,16,16,1.0
F3,44,dev,200,recorded_plan,1,first,16,16,1.0
F3,44,dev,200,recorded_plan,1,third,16,16,1.0
F3,44,dev,200,recorded_plan,2,first,16,16,1.0
F3,44,dev,200,recorded_plan,2,third,16,16,1.0
F3,44,dev,200,recorded_plan,3,first,16,16,1.0
F3,44,dev,200,recorded_plan,3,third,16,16,1.0
F3,44,dev,200,recorded_plan,4,first,16,16,1.0
F3,44,dev,200,recorded_plan,4,third,16,16,1.0
F3,44,dev,200,reported_cancelled,-3,first,16,16,1.0
F3,44,dev,200,reported_cancelled,-3,third,16,16,1.0
F3,44,dev,200,reported_cancelled,-2,first,16,16,1.0
F3,44,dev,200,reported_cancelled,-2,third,16,16,1.0
F3,44,dev,200,reported_cancelled,-1,first,16,16,1.0
F3,44,dev,200,reported_cancelled,-1,third,16,16,1.0
F3,44,dev,200,reported_cancelled,0,first,16,16,1.0
F3,44,dev,200,reported_cancelled,0,third,16,16,1.0
F3,44,dev,200,reported_cancelled,1,first,16,16,1.0
F3,44,dev,200,reported_cancelled,1,third,16,16,1.0
F3,44,dev,200,reported_cancelled,2,first,16,16,1.0
F3,44,dev,200,reported_cancelled,2,third,16,16,1.0
F3,44,dev,200,reported_cancelled,3,first,16,16,1.0
F3,44,dev,200,reported_cancelled,3,third,16,16,1.0
F3,44,dev,200,reported_cancelled,4,first,16,16,1.0
F3,44,dev,200,reported_cancelled,4,third,16,16,1.0
F3,44,dev,200,reported_completed,-3,first,16,16,1.0
F3,44,dev,200,reported_completed,-3,third,16,16,1.0
F3,44,dev,200,reported_completed,-2,first,16,16,1.0
F3,44,dev,200,reported_completed,-2,third,16,16,1.0
F3,44,dev,200,reported_completed,-1,first,16,16,1.0
F3,44,dev,200,reported_completed,-1,third,16,16,1.0
F3,44,dev,200,reported_completed,0,first,16,16,1.0
F3,44,dev,200,reported_completed,0,third,16,16,1.0
F3,44,dev,50,recorded_plan,-3,first,16,16,1.0
F3,44,dev,50,recorded_plan,-3,third,16,16,1.0
F3,44,dev,50,recorded_plan,-2,first,16,16,1.0
F3,44,dev,50,recorded_plan,-2,third,16,16,1.0
F3,44,dev,50,recorded_plan,-1,first,16,16,1.0
F3,44,dev,50,recorded_plan,-1,third,16,16,1.0
F3,44,dev,50,recorded_plan,0,first,16,16,1.0
F3,44,dev,50,recorded_plan,0,third,16,16,1.0
F3,44,dev,50,recorded_plan,1,first,16,16,1.0
F3,44,dev,50,recorded_plan,1,third,16,16,1.0
F3,44,dev,50,recorded_plan,2,first,16,16,1.0
F3,44,dev,50,recorded_plan,2,third,16,16,1.0
F3,44,dev,50,recorded_plan,3,first,16,16,1.0
F3,44,dev,50,recorded_plan,3,third,16,16,1.0
F3,44,dev,50,recorded_plan,4,first,16,16,1.0
F3,44,dev,50,recorded_plan,4,third,16,16,1.0
F3,44,dev,50,reported_cancelled,-3,first,16,16,1.0
F3,44,dev,50,reported_cancelled,-3,third,16,16,1.0
F3,44,dev,50,reported_cancelled,-2,first,16,16,1.0
F3,44,dev,50,reported_cancelled,-2,third,16,16,1.0
F3,44,dev,50,reported_cancelled,-1,first,16,16,1.0
F3,44,dev,50,reported_cancelled,-1,third,16,16,1.0
F3,44,dev,50,reported_cancelled,0,first,16,16,1.0
F3,44,dev,50,reported_cancelled,0,third,16,16,1.0
F3,44,dev,50,reported_cancelled,1,first,16,16,1.0
F3,44,dev,50,reported_cancelled,1,third,16,16,1.0
F3,44,dev,50,reported_cancelled,2,first,16,16,1.0
F3,44,dev,50,reported_cancelled,2,third,16,16,1.0
F3,44,dev,50,reported_cancelled,3,first,16,16,1.0
F3,44,dev,50,reported_cancelled,3,third,16,16,1.0
F3,44,dev,50,reported_cancelled,4,first,16,16,1.0
F3,44,dev,50,reported_cancelled,4,third,16,16,1.0
F3,44,dev,50,reported_completed,-3,first,16,16,1.0
F3,44,dev,50,reported_completed,-3,third,16,16,1.0
F3,44,dev,50,reported_completed,-2,first,16,16,1.0
F3,44,dev,50,reported_completed,-2,third,16,16,1.0
F3,44,dev,50,reported_completed,-1,first,16,16,1.0
F3,44,dev,50,reported_completed,-1,third,16,16,1.0
F3,44,dev,50,reported_completed,0,first,16,16,1.0
F3,44,dev,50,reported_completed,0,third,16,16,1.0
F3,44,train,0,recorded_plan,-3,first,16,16,1.0
F3,44,train,0,recorded_plan,-3,third,16,16,1.0
F3,44,train,0,recorded_plan,-2,first,16,16,1.0
F3,44,train,0,recorded_plan,-2,third,16,16,1.0
F3,44,train,0,recorded_plan,-1,first,16,16,1.0
F3,44,train,0,recorded_plan,-1,third,16,16,1.0
F3,44,train,0,recorded_plan,0,first,16,16,1.0
F3,44,train,0,recorded_plan,0,third,16,16,1.0
F3,44,train,0,recorded_plan,1,first,16,16,1.0
F3,44,train,0,recorded_plan,1,third,16,16,1.0
F3,44,train,0,recorded_plan,2,first,14,16,0.875
F3,44,train,0,recorded_plan,2,third,14,16,0.875
F3,44,train,0,recorded_plan,3,first,11,16,0.6875
F3,44,train,0,recorded_plan,3,third,12,16,0.75
F3,44,train,0,recorded_plan,4,first,0,16,0.0
F3,44,train,0,recorded_plan,4,third,0,16,0.0
F3,44,train,0,reported_cancelled,-3,first,16,16,1.0
F3,44,train,0,reported_cancelled,-3,third,16,16,1.0
F3,44,train,0,reported_cancelled,-2,first,15,16,0.9375
F3,44,train,0,reported_cancelled,-2,third,16,16,1.0
F3,44,train,0,reported_cancelled,-1,first,16,16,1.0
F3,44,train,0,reported_cancelled,-1,third,16,16,1.0
F3,44,train,0,reported_cancelled,0,first,16,16,1.0
F3,44,train,0,reported_cancelled,0,third,16,16,1.0
F3,44,train,0,reported_cancelled,1,first,16,16,1.0
F3,44,train,0,reported_cancelled,1,third,16,16,1.0
F3,44,train,0,reported_cancelled,2,first,16,16,1.0
F3,44,train,0,reported_cancelled,2,third,15,16,0.9375
F3,44,train,0,reported_cancelled,3,first,7,16,0.4375
F3,44,train,0,reported_cancelled,3,third,9,16,0.5625
F3,44,train,0,reported_cancelled,4,first,0,16,0.0
F3,44,train,0,reported_cancelled,4,third,0,16,0.0
F3,44,train,0,reported_completed,-3,first,16,16,1.0
F3,44,train,0,reported_completed,-3,third,16,16,1.0
F3,44,train,0,reported_completed,-2,first,16,16,1.0
F3,44,train,0,reported_completed,-2,third,16,16,1.0
F3,44,train,0,reported_completed,-1,first,16,16,1.0
F3,44,train,0,reported_completed,-1,third,16,16,1.0
F3,44,train,0,reported_completed,0,first,16,16,1.0
F3,44,train,0,reported_completed,0,third,16,16,1.0
F3,44,train,100,recorded_plan,-3,first,16,16,1.0
F3,44,train,100,recorded_plan,-3,third,16,16,1.0
F3,44,train,100,recorded_plan,-2,first,16,16,1.0
F3,44,train,100,recorded_plan,-2,third,16,16,1.0
F3,44,train,100,recorded_plan,-1,first,16,16,1.0
F3,44,train,100,recorded_plan,-1,third,16,16,1.0
F3,44,train,100,recorded_plan,0,first,16,16,1.0
F3,44,train,100,recorded_plan,0,third,16,16,1.0
F3,44,train,100,recorded_plan,1,first,16,16,1.0
F3,44,train,100,recorded_plan,1,third,16,16,1.0
F3,44,train,100,recorded_plan,2,first,16,16,1.0
F3,44,train,100,recorded_plan,2,third,16,16,1.0
F3,44,train,100,recorded_plan,3,first,16,16,1.0
F3,44,train,100,recorded_plan,3,third,16,16,1.0
F3,44,train,100,recorded_plan,4,first,16,16,1.0
F3,44,train,100,recorded_plan,4,third,16,16,1.0
F3,44,train,100,reported_cancelled,-3,first,16,16,1.0
F3,44,train,100,reported_cancelled,-3,third,16,16,1.0
F3,44,train,100,reported_cancelled,-2,first,16,16,1.0
F3,44,train,100,reported_cancelled,-2,third,16,16,1.0
F3,44,train,100,reported_cancelled,-1,first,16,16,1.0
F3,44,train,100,reported_cancelled,-1,third,16,16,1.0
F3,44,train,100,reported_cancelled,0,first,16,16,1.0
F3,44,train,100,reported_cancelled,0,third,16,16,1.0
F3,44,train,100,reported_cancelled,1,first,16,16,1.0
F3,44,train,100,reported_cancelled,1,third,16,16,1.0
F3,44,train,100,reported_cancelled,2,first,16,16,1.0
F3,44,train,100,reported_cancelled,2,third,16,16,1.0
F3,44,train,100,reported_cancelled,3,first,16,16,1.0
F3,44,train,100,reported_cancelled,3,third,16,16,1.0
F3,44,train,100,reported_cancelled,4,first,16,16,1.0
F3,44,train,100,reported_cancelled,4,third,16,16,1.0
F3,44,train,100,reported_completed,-3,first,16,16,1.0
F3,44,train,100,reported_completed,-3,third,16,16,1.0
F3,44,train,100,reported_completed,-2,first,16,16,1.0
F3,44,train,100,reported_completed,-2,third,16,16,1.0
F3,44,train,100,reported_completed,-1,first,16,16,1.0
F3,44,train,100,reported_completed,-1,third,16,16,1.0
F3,44,train,100,reported_completed,0,first,16,16,1.0
F3,44,train,100,reported_completed,0,third,16,16,1.0
F3,44,train,150,recorded_plan,-3,first,16,16,1.0
F3,44,train,150,recorded_plan,-3,third,16,16,1.0
F3,44,train,150,recorded_plan,-2,first,16,16,1.0
F3,44,train,150,recorded_plan,-2,third,16,16,1.0
F3,44,train,150,recorded_plan,-1,first,16,16,1.0
F3,44,train,150,recorded_plan,-1,third,16,16,1.0
F3,44,train,150,recorded_plan,0,first,16,16,1.0
F3,44,train,150,recorded_plan,0,third,16,16,1.0
F3,44,train,150,recorded_plan,1,first,16,16,1.0
F3,44,train,150,recorded_plan,1,third,16,16,1.0
F3,44,train,150,recorded_plan,2,first,16,16,1.0
F3,44,train,150,recorded_plan,2,third,16,16,1.0
F3,44,train,150,recorded_plan,3,first,16,16,1.0
F3,44,train,150,recorded_plan,3,third,16,16,1.0
F3,44,train,150,recorded_plan,4,first,16,16,1.0
F3,44,train,150,recorded_plan,4,third,16,16,1.0
F3,44,train,150,reported_cancelled,-3,first,16,16,1.0
F3,44,train,150,reported_cancelled,-3,third,16,16,1.0
F3,44,train,150,reported_cancelled,-2,first,16,16,1.0
F3,44,train,150,reported_cancelled,-2,third,16,16,1.0
F3,44,train,150,reported_cancelled,-1,first,16,16,1.0
F3,44,train,150,reported_cancelled,-1,third,16,16,1.0
F3,44,train,150,reported_cancelled,0,first,16,16,1.0
F3,44,train,150,reported_cancelled,0,third,16,16,1.0
F3,44,train,150,reported_cancelled,1,first,16,16,1.0
F3,44,train,150,reported_cancelled,1,third,16,16,1.0
F3,44,train,150,reported_cancelled,2,first,16,16,1.0
F3,44,train,150,reported_cancelled,2,third,16,16,1.0
F3,44,train,150,reported_cancelled,3,first,16,16,1.0
F3,44,train,150,reported_cancelled,3,third,16,16,1.0
F3,44,train,150,reported_cancelled,4,first,16,16,1.0
F3,44,train,150,reported_cancelled,4,third,16,16,1.0
F3,44,train,150,reported_completed,-3,first,16,16,1.0
F3,44,train,150,reported_completed,-3,third,16,16,1.0
F3,44,train,150,reported_completed,-2,first,16,16,1.0
F3,44,train,150,reported_completed,-2,third,16,16,1.0
F3,44,train,150,reported_completed,-1,first,16,16,1.0
F3,44,train,150,reported_completed,-1,third,16,16,1.0
F3,44,train,150,reported_completed,0,first,16,16,1.0
F3,44,train,150,reported_completed,0,third,16,16,1.0
F3,44,train,200,recorded_plan,-3,first,16,16,1.0
F3,44,train,200,recorded_plan,-3,third,16,16,1.0
F3,44,train,200,recorded_plan,-2,first,16,16,1.0
F3,44,train,200,recorded_plan,-2,third,16,16,1.0
F3,44,train,200,recorded_plan,-1,first,16,16,1.0
F3,44,train,200,recorded_plan,-1,third,16,16,1.0
F3,44,train,200,recorded_plan,0,first,16,16,1.0
F3,44,train,200,recorded_plan,0,third,16,16,1.0
F3,44,train,200,recorded_plan,1,first,16,16,1.0
F3,44,train,200,recorded_plan,1,third,16,16,1.0
F3,44,train,200,recorded_plan,2,first,16,16,1.0
F3,44,train,200,recorded_plan,2,third,16,16,1.0
F3,44,train,200,recorded_plan,3,first,16,16,1.0
F3,44,train,200,recorded_plan,3,third,16,16,1.0
F3,44,train,200,recorded_plan,4,first,16,16,1.0
F3,44,train,200,recorded_plan,4,third,16,16,1.0
F3,44,train,200,reported_cancelled,-3,first,16,16,1.0
F3,44,train,200,reported_cancelled,-3,third,16,16,1.0
F3,44,train,200,reported_cancelled,-2,first,16,16,1.0
F3,44,train,200,reported_cancelled,-2,third,16,16,1.0
F3,44,train,200,reported_cancelled,-1,first,16,16,1.0
F3,44,train,200,reported_cancelled,-1,third,16,16,1.0
F3,44,train,200,reported_cancelled,0,first,16,16,1.0
F3,44,train,200,reported_cancelled,0,third,16,16,1.0
F3,44,train,200,reported_cancelled,1,first,16,16,1.0
F3,44,train,200,reported_cancelled,1,third,16,16,1.0
F3,44,train,200,reported_cancelled,2,first,16,16,1.0
F3,44,train,200,reported_cancelled,2,third,16,16,1.0
F3,44,train,200,reported_cancelled,3,first,16,16,1.0
F3,44,train,200,reported_cancelled,3,third,16,16,1.0
F3,44,train,200,reported_cancelled,4,first,16,16,1.0
F3,44,train,200,reported_cancelled,4,third,16,16,1.0
F3,44,train,200,reported_completed,-3,first,16,16,1.0
F3,44,train,200,reported_completed,-3,third,16,16,1.0
F3,44,train,200,reported_completed,-2,first,16,16,1.0
F3,44,train,200,reported_completed,-2,third,16,16,1.0
F3,44,train,200,reported_completed,-1,first,16,16,1.0
F3,44,train,200,reported_completed,-1,third,16,16,1.0
F3,44,train,200,reported_completed,0,first,16,16,1.0
F3,44,train,200,reported_completed,0,third,16,16,1.0
F3,44,train,50,recorded_plan,-3,first,16,16,1.0
F3,44,train,50,recorded_plan,-3,third,16,16,1.0
F3,44,train,50,recorded_plan,-2,first,16,16,1.0
F3,44,train,50,recorded_plan,-2,third,16,16,1.0
F3,44,train,50,recorded_plan,-1,first,16,16,1.0
F3,44,train,50,recorded_plan,-1,third,16,16,1.0
F3,44,train,50,recorded_plan,0,first,16,16,1.0
F3,44,train,50,recorded_plan,0,third,16,16,1.0
F3,44,train,50,recorded_plan,1,first,16,16,1.0
F3,44,train,50,recorded_plan,1,third,16,16,1.0
F3,44,train,50,recorded_plan,2,first,16,16,1.0
F3,44,train,50,recorded_plan,2,third,16,16,1.0
F3,44,train,50,recorded_plan,3,first,16,16,1.0
F3,44,train,50,recorded_plan,3,third,16,16,1.0
F3,44,train,50,recorded_plan,4,first,16,16,1.0
F3,44,train,50,recorded_plan,4,third,16,16,1.0
F3,44,train,50,reported_cancelled,-3,first,16,16,1.0
F3,44,train,50,reported_cancelled,-3,third,16,16,1.0
F3,44,train,50,reported_cancelled,-2,first,16,16,1.0
F3,44,train,50,reported_cancelled,-2,third,16,16,1.0
F3,44,train,50,reported_cancelled,-1,first,16,16,1.0
F3,44,train,50,reported_cancelled,-1,third,16,16,1.0
F3,44,train,50,reported_cancelled,0,first,16,16,1.0
F3,44,train,50,reported_cancelled,0,third,16,16,1.0
F3,44,train,50,reported_cancelled,1,first,16,16,1.0
F3,44,train,50,reported_cancelled,1,third,16,16,1.0
F3,44,train,50,reported_cancelled,2,first,16,16,1.0
F3,44,train,50,reported_cancelled,2,third,16,16,1.0
F3,44,train,50,reported_cancelled,3,first,16,16,1.0
F3,44,train,50,reported_cancelled,3,third,16,16,1.0
F3,44,train,50,reported_cancelled,4,first,16,16,1.0
F3,44,train,50,reported_cancelled,4,third,16,16,1.0
F3,44,train,50,reported_completed,-3,first,16,16,1.0
F3,44,train,50,reported_completed,-3,third,16,16,1.0
F3,44,train,50,reported_completed,-2,first,16,16,1.0
F3,44,train,50,reported_completed,-2,third,16,16,1.0
F3,44,train,50,reported_completed,-1,first,16,16,1.0
F3,44,train,50,reported_completed,-1,third,16,16,1.0
F3,44,train,50,reported_completed,0,first,16,16,1.0
F3,44,train,50,reported_completed,0,third,16,16,1.0
