seed,split,anchor,producer,receiver,metric,scope,k,n,rate,wilson_low,wilson_high,exploratory,empty,sources
42,iid,2,P,P,conditional_k,C,0,160,0.0,0,0.02344619517150519,False,False,
42,iid,2,P,P,conditional_exact_k,C,0,160,0.0,0,0.02344619517150519,False,False,
42,iid,2,P,P,conditional_EOS_k,C,160,160,1.0,0.9765538048284949,1,False,False,
42,iid,2,P,P,gate_and_next_k,raw160,0,160,0.0,0,0.02344619517150519,False,False,
42,iid,2,P,P,raw_full2_k,raw160,0,160,0.0,0,0.02344619517150519,False,False,
42,iid,2,P,P,raw_next_k,raw160,0,160,0.0,0,0.02344619517150519,False,False,
42,iid,2,P,N,conditional_k,C,0,160,0.0,0,0.02344619517150519,False,False,
42,iid,2,P,N,conditional_exact_k,C,0,160,0.0,0,0.02344619517150519,False,False,
42,iid,2,P,N,conditional_EOS_k,C,160,160,1.0,0.9765538048284949,1,False,False,
42,iid,2,P,N,gate_and_next_k,raw160,0,160,0.0,0,0.02344619517150519,False,False,
42,iid,2,P,N,raw_full2_k,raw160,0,160,0.0,0,0.02344619517150519,False,False,
42,iid,2,P,N,raw_next_k,raw160,0,160,0.0,0,0.02344619517150519,False,False,
42,iid,2,P,F,conditional_k,C,30,160,0.1875,0.1346142688298028,0.25503960315238794,False,False,
42,iid,2,P,F,conditional_exact_k,C,30,160,0.1875,0.1346142688298028,0.25503960315238794,False,False,
42,iid,2,P,F,conditional_EOS_k,C,160,160,1.0,0.9765538048284949,1,False,False,
42,iid,2,P,F,gate_and_next_k,raw160,30,160,0.1875,0.1346142688298028,0.25503960315238794,False,False,
42,iid,2,P,F,raw_full2_k,raw160,30,160,0.1875,0.1346142688298028,0.25503960315238794,False,False,
42,iid,2,P,F,raw_next_k,raw160,30,160,0.1875,0.1346142688298028,0.25503960315238794,False,False,
42,iid,2,U,P,conditional_k,C,0,160,0.0,0,0.02344619517150519,False,False,
42,iid,2,U,P,conditional_exact_k,C,0,160,0.0,0,0.02344619517150519,False,False,
42,iid,2,U,P,conditional_EOS_k,C,160,160,1.0,0.9765538048284949,1,False,False,
42,iid,2,U,P,gate_and_next_k,raw160,0,160,0.0,0,0.02344619517150519,False,False,
42,iid,2,U,P,raw_full2_k,raw160,0,160,0.0,0,0.02344619517150519,False,False,
42,iid,2,U,P,raw_next_k,raw160,0,160,0.0,0,0.02344619517150519,False,False,
42,iid,2,U,N,conditional_k,C,0,160,0.0,0,0.02344619517150519,False,False,
42,iid,2,U,N,conditional_exact_k,C,0,160,0.0,0,0.02344619517150519,False,False,
42,iid,2,U,N,conditional_EOS_k,C,160,160,1.0,0.9765538048284949,1,False,False,
42,iid,2,U,N,gate_and_next_k,raw160,0,160,0.0,0,0.02344619517150519,False,False,
42,iid,2,U,N,raw_full2_k,raw160,0,160,0.0,0,0.02344619517150519,False,False,
42,iid,2,U,N,raw_next_k,raw160,0,160,0.0,0,0.02344619517150519,False,False,
42,iid,2,U,F,conditional_k,C,106,160,0.6625,0.5861852427313052,0.7311947438379556,False,False,
42,iid,2,U,F,conditional_exact_k,C,106,160,0.6625,0.5861852427313052,0.7311947438379556,False,False,
42,iid,2,U,F,conditional_EOS_k,C,160,160,1.0,0.9765538048284949,1,False,False,
42,iid,2,U,F,gate_and_next_k,raw160,106,160,0.6625,0.5861852427313052,0.7311947438379556,False,False,
42,iid,2,U,F,raw_full2_k,raw160,106,160,0.6625,0.5861852427313052,0.7311947438379556,False,False,
42,iid,2,U,F,raw_next_k,raw160,106,160,0.6625,0.5861852427313052,0.7311947438379556,False,False,
42,iid,2,G,P,conditional_k,C,87,158,0.5506329113924051,0.4727853010967712,0.6260768824042228,False,False,
42,iid,2,G,P,conditional_exact_k,C,87,158,0.5506329113924051,0.4727853010967712,0.6260768824042228,False,False,
42,iid,2,G,P,conditional_EOS_k,C,158,158,1.0,0.9762640620723142,1,False,False,
42,iid,2,G,P,gate_and_next_k,raw160,87,160,0.54375,0.466450226075894,0.6189982318465993,False,False,
42,iid,2,G,P,raw_full2_k,raw160,87,160,0.54375,0.466450226075894,0.6189982318465993,False,False,
42,iid,2,G,P,raw_next_k,raw160,89,160,0.55625,0.47884499688572035,0.6310173061574854,False,False,
42,iid,2,G,N,conditional_k,C,2,158,0.012658227848101266,0.0034782344575124864,0.04497324934542185,False,False,
42,iid,2,G,N,conditional_exact_k,C,2,158,0.012658227848101266,0.0034782344575124864,0.04497324934542185,False,False,
42,iid,2,G,N,conditional_EOS_k,C,158,158,1.0,0.9762640620723142,1,False,False,
42,iid,2,G,N,gate_and_next_k,raw160,2,160,0.0125,0.0034346711081265323,0.044425369184091026,False,False,
42,iid,2,G,N,raw_full2_k,raw160,2,160,0.0125,0.0034346711081265323,0.044425369184091026,False,False,
42,iid,2,G,N,raw_next_k,raw160,2,160,0.0125,0.0034346711081265323,0.044425369184091026,False,False,
42,iid,2,G,F,conditional_k,C,27,158,0.17088607594936708,0.12018271008852661,0.23721309715501349,False,False,
42,iid,2,G,F,conditional_exact_k,C,27,158,0.17088607594936708,0.12018271008852661,0.23721309715501349,False,False,
42,iid,2,G,F,conditional_EOS_k,C,158,158,1.0,0.9762640620723142,1,False,False,
42,iid,2,G,F,gate_and_next_k,raw160,27,160,0.16875,0.11864429864933376,0.23438880565178846,False,False,
42,iid,2,G,F,raw_full2_k,raw160,27,160,0.16875,0.11864429864933376,0.23438880565178846,False,False,
42,iid,2,G,F,raw_next_k,raw160,27,160,0.16875,0.11864429864933376,0.23438880565178846,False,False,
42,iid,0,P,P,conditional_k,C,0,160,0.0,0,0.02344619517150519,False,False,
42,iid,0,P,P,conditional_exact_k,C,0,160,0.0,0,0.02344619517150519,False,False,
42,iid,0,P,P,conditional_EOS_k,C,160,160,1.0,0.9765538048284949,1,False,False,
42,iid,0,P,P,gate_and_next_k,raw160,0,160,0.0,0,0.02344619517150519,False,False,
42,iid,0,P,P,raw_full2_k,raw160,0,160,0.0,0,0.02344619517150519,False,False,
42,iid,0,P,P,raw_next_k,raw160,0,160,0.0,0,0.02344619517150519,False,False,
42,iid,0,P,N,conditional_k,C,0,160,0.0,0,0.02344619517150519,False,False,
42,iid,0,P,N,conditional_exact_k,C,0,160,0.0,0,0.02344619517150519,False,False,
42,iid,0,P,N,conditional_EOS_k,C,160,160,1.0,0.9765538048284949,1,False,False,
42,iid,0,P,N,gate_and_next_k,raw160,0,160,0.0,0,0.02344619517150519,False,False,
42,iid,0,P,N,raw_full2_k,raw160,0,160,0.0,0,0.02344619517150519,False,False,
42,iid,0,P,N,raw_next_k,raw160,0,160,0.0,0,0.02344619517150519,False,False,
42,iid,0,P,F,conditional_k,C,160,160,1.0,0.9765538048284949,1,False,False,
42,iid,0,P,F,conditional_exact_k,C,160,160,1.0,0.9765538048284949,1,False,False,
42,iid,0,P,F,conditional_EOS_k,C,160,160,1.0,0.9765538048284949,1,False,False,
42,iid,0,P,F,gate_and_next_k,raw160,160,160,1.0,0.9765538048284949,1,False,False,
42,iid,0,P,F,raw_full2_k,raw160,160,160,1.0,0.9765538048284949,1,False,False,
42,iid,0,P,F,raw_next_k,raw160,160,160,1.0,0.9765538048284949,1,False,False,
42,iid,0,U,P,conditional_k,C,0,160,0.0,0,0.02344619517150519,False,False,
42,iid,0,U,P,conditional_exact_k,C,0,160,0.0,0,0.02344619517150519,False,False,
42,iid,0,U,P,conditional_EOS_k,C,160,160,1.0,0.9765538048284949,1,False,False,
42,iid,0,U,P,gate_and_next_k,raw160,0,160,0.0,0,0.02344619517150519,False,False,
42,iid,0,U,P,raw_full2_k,raw160,0,160,0.0,0,0.02344619517150519,False,False,
42,iid,0,U,P,raw_next_k,raw160,0,160,0.0,0,0.02344619517150519,False,False,
42,iid,0,U,N,conditional_k,C,0,160,0.0,0,0.02344619517150519,False,False,
42,iid,0,U,N,conditional_exact_k,C,0,160,0.0,0,0.02344619517150519,False,False,
42,iid,0,U,N,conditional_EOS_k,C,160,160,1.0,0.9765538048284949,1,False,False,
42,iid,0,U,N,gate_and_next_k,raw160,0,160,0.0,0,0.02344619517150519,False,False,
42,iid,0,U,N,raw_full2_k,raw160,0,160,0.0,0,0.02344619517150519,False,False,
42,iid,0,U,N,raw_next_k,raw160,0,160,0.0,0,0.02344619517150519,False,False,
42,iid,0,U,F,conditional_k,C,160,160,1.0,0.9765538048284949,1,False,False,
42,iid,0,U,F,conditional_exact_k,C,160,160,1.0,0.9765538048284949,1,False,False,
42,iid,0,U,F,conditional_EOS_k,C,160,160,1.0,0.9765538048284949,1,False,False,
42,iid,0,U,F,gate_and_next_k,raw160,160,160,1.0,0.9765538048284949,1,False,False,
42,iid,0,U,F,raw_full2_k,raw160,160,160,1.0,0.9765538048284949,1,False,False,
42,iid,0,U,F,raw_next_k,raw160,160,160,1.0,0.9765538048284949,1,False,False,
42,iid,0,G,P,conditional_k,C,0,160,0.0,0,0.02344619517150519,False,False,
42,iid,0,G,P,conditional_exact_k,C,0,160,0.0,0,0.02344619517150519,False,False,
42,iid,0,G,P,conditional_EOS_k,C,160,160,1.0,0.9765538048284949,1,False,False,
42,iid,0,G,P,gate_and_next_k,raw160,0,160,0.0,0,0.02344619517150519,False,False,
42,iid,0,G,P,raw_full2_k,raw160,0,160,0.0,0,0.02344619517150519,False,False,
42,iid,0,G,P,raw_next_k,raw160,0,160,0.0,0,0.02344619517150519,False,False,
42,iid,0,G,N,conditional_k,C,0,160,0.0,0,0.02344619517150519,False,False,
42,iid,0,G,N,conditional_exact_k,C,0,160,0.0,0,0.02344619517150519,False,False,
42,iid,0,G,N,conditional_EOS_k,C,160,160,1.0,0.9765538048284949,1,False,False,
42,iid,0,G,N,gate_and_next_k,raw160,0,160,0.0,0,0.02344619517150519,False,False,
42,iid,0,G,N,raw_full2_k,raw160,0,160,0.0,0,0.02344619517150519,False,False,
42,iid,0,G,N,raw_next_k,raw160,0,160,0.0,0,0.02344619517150519,False,False,
42,iid,0,G,F,conditional_k,C,134,160,0.8375,0.7725474698683045,0.8866263483909297,False,False,
42,iid,0,G,F,conditional_exact_k,C,134,160,0.8375,0.7725474698683045,0.8866263483909297,False,False,
42,iid,0,G,F,conditional_EOS_k,C,160,160,1.0,0.9765538048284949,1,False,False,
42,iid,0,G,F,gate_and_next_k,raw160,134,160,0.8375,0.7725474698683045,0.8866263483909297,False,False,
42,iid,0,G,F,raw_full2_k,raw160,134,160,0.8375,0.7725474698683045,0.8866263483909297,False,False,
42,iid,0,G,F,raw_next_k,raw160,134,160,0.8375,0.7725474698683045,0.8866263483909297,False,False,
42,iid,-1,P,P,conditional_k,C,159,160,0.99375,0.965451014037521,0.9988958682306179,False,False,
42,iid,-1,P,P,conditional_exact_k,C,159,160,0.99375,0.965451014037521,0.9988958682306179,False,False,
42,iid,-1,P,P,conditional_EOS_k,C,160,160,1.0,0.9765538048284949,1,False,False,
42,iid,-1,P,P,gate_and_next_k,raw160,159,160,0.99375,0.965451014037521,0.9988958682306179,False,False,
42,iid,-1,P,P,raw_full2_k,raw160,159,160,0.99375,0.965451014037521,0.9988958682306179,False,False,
42,iid,-1,P,P,raw_next_k,raw160,159,160,0.99375,0.965451014037521,0.9988958682306179,False,False,
42,iid,-1,P,N,conditional_k,C,158,160,0.9875,0.9555746308159091,0.9965653288918735,False,False,
42,iid,-1,P,N,conditional_exact_k,C,158,160,0.9875,0.9555746308159091,0.9965653288918735,False,False,
42,iid,-1,P,N,conditional_EOS_k,C,160,160,1.0,0.9765538048284949,1,False,False,
42,iid,-1,P,N,gate_and_next_k,raw160,158,160,0.9875,0.9555746308159091,0.9965653288918735,False,False,
42,iid,-1,P,N,raw_full2_k,raw160,158,160,0.9875,0.9555746308159091,0.9965653288918735,False,False,
42,iid,-1,P,N,raw_next_k,raw160,158,160,0.9875,0.9555746308159091,0.9965653288918735,False,False,
42,iid,-1,P,F,conditional_k,C,160,160,1.0,0.9765538048284949,1,False,False,
42,iid,-1,P,F,conditional_exact_k,C,160,160,1.0,0.9765538048284949,1,False,False,
42,iid,-1,P,F,conditional_EOS_k,C,160,160,1.0,0.9765538048284949,1,False,False,
42,iid,-1,P,F,gate_and_next_k,raw160,160,160,1.0,0.9765538048284949,1,False,False,
42,iid,-1,P,F,raw_full2_k,raw160,160,160,1.0,0.9765538048284949,1,False,False,
42,iid,-1,P,F,raw_next_k,raw160,160,160,1.0,0.9765538048284949,1,False,False,
42,iid,-1,U,P,conditional_k,C,158,160,0.9875,0.9555746308159091,0.9965653288918735,False,False,
42,iid,-1,U,P,conditional_exact_k,C,158,160,0.9875,0.9555746308159091,0.9965653288918735,False,False,
42,iid,-1,U,P,conditional_EOS_k,C,160,160,1.0,0.9765538048284949,1,False,False,
42,iid,-1,U,P,gate_and_next_k,raw160,158,160,0.9875,0.9555746308159091,0.9965653288918735,False,False,
42,iid,-1,U,P,raw_full2_k,raw160,158,160,0.9875,0.9555746308159091,0.9965653288918735,False,False,
42,iid,-1,U,P,raw_next_k,raw160,158,160,0.9875,0.9555746308159091,0.9965653288918735,False,False,
42,iid,-1,U,N,conditional_k,C,157,160,0.98125,0.9463298879006856,0.9936031492467405,False,False,
42,iid,-1,U,N,conditional_exact_k,C,157,160,0.98125,0.9463298879006856,0.9936031492467405,False,False,
42,iid,-1,U,N,conditional_EOS_k,C,160,160,1.0,0.9765538048284949,1,False,False,
42,iid,-1,U,N,gate_and_next_k,raw160,157,160,0.98125,0.9463298879006856,0.9936031492467405,False,False,
42,iid,-1,U,N,raw_full2_k,raw160,157,160,0.98125,0.9463298879006856,0.9936031492467405,False,False,
42,iid,-1,U,N,raw_next_k,raw160,157,160,0.98125,0.9463298879006856,0.9936031492467405,False,False,
42,iid,-1,U,F,conditional_k,C,160,160,1.0,0.9765538048284949,1,False,False,
42,iid,-1,U,F,conditional_exact_k,C,160,160,1.0,0.9765538048284949,1,False,False,
42,iid,-1,U,F,conditional_EOS_k,C,160,160,1.0,0.9765538048284949,1,False,False,
42,iid,-1,U,F,gate_and_next_k,raw160,160,160,1.0,0.9765538048284949,1,False,False,
42,iid,-1,U,F,raw_full2_k,raw160,160,160,1.0,0.9765538048284949,1,False,False,
42,iid,-1,U,F,raw_next_k,raw160,160,160,1.0,0.9765538048284949,1,False,False,
42,iid,-1,G,P,conditional_k,C,160,160,1.0,0.9765538048284949,1,False,False,
42,iid,-1,G,P,conditional_exact_k,C,160,160,1.0,0.9765538048284949,1,False,False,
42,iid,-1,G,P,conditional_EOS_k,C,160,160,1.0,0.9765538048284949,1,False,False,
42,iid,-1,G,P,gate_and_next_k,raw160,160,160,1.0,0.9765538048284949,1,False,False,
42,iid,-1,G,P,raw_full2_k,raw160,160,160,1.0,0.9765538048284949,1,False,False,
42,iid,-1,G,P,raw_next_k,raw160,160,160,1.0,0.9765538048284949,1,False,False,
42,iid,-1,G,N,conditional_k,C,160,160,1.0,0.9765538048284949,1,False,False,
42,iid,-1,G,N,conditional_exact_k,C,160,160,1.0,0.9765538048284949,1,False,False,
42,iid,-1,G,N,conditional_EOS_k,C,160,160,1.0,0.9765538048284949,1,False,False,
42,iid,-1,G,N,gate_and_next_k,raw160,160,160,1.0,0.9765538048284949,1,False,False,
42,iid,-1,G,N,raw_full2_k,raw160,160,160,1.0,0.9765538048284949,1,False,False,
42,iid,-1,G,N,raw_next_k,raw160,160,160,1.0,0.9765538048284949,1,False,False,
42,iid,-1,G,F,conditional_k,C,160,160,1.0,0.9765538048284949,1,False,False,
42,iid,-1,G,F,conditional_exact_k,C,160,160,1.0,0.9765538048284949,1,False,False,
42,iid,-1,G,F,conditional_EOS_k,C,160,160,1.0,0.9765538048284949,1,False,False,
42,iid,-1,G,F,gate_and_next_k,raw160,160,160,1.0,0.9765538048284949,1,False,False,
42,iid,-1,G,F,raw_full2_k,raw160,160,160,1.0,0.9765538048284949,1,False,False,
42,iid,-1,G,F,raw_next_k,raw160,160,160,1.0,0.9765538048284949,1,False,False,
42,iid,-2,P,P,conditional_k,C,0,160,0.0,0,0.02344619517150519,False,False,
42,iid,-2,P,P,conditional_exact_k,C,0,160,0.0,0,0.02344619517150519,False,False,
42,iid,-2,P,P,conditional_EOS_k,C,160,160,1.0,0.9765538048284949,1,False,False,
42,iid,-2,P,P,gate_and_next_k,raw160,0,160,0.0,0,0.02344619517150519,False,False,
42,iid,-2,P,P,raw_full2_k,raw160,0,160,0.0,0,0.02344619517150519,False,False,
42,iid,-2,P,P,raw_next_k,raw160,0,160,0.0,0,0.02344619517150519,False,False,
42,iid,-2,P,N,conditional_k,C,0,160,0.0,0,0.02344619517150519,False,False,
42,iid,-2,P,N,conditional_exact_k,C,0,160,0.0,0,0.02344619517150519,False,False,
42,iid,-2,P,N,conditional_EOS_k,C,160,160,1.0,0.9765538048284949,1,False,False,
42,iid,-2,P,N,gate_and_next_k,raw160,0,160,0.0,0,0.02344619517150519,False,False,
42,iid,-2,P,N,raw_full2_k,raw160,0,160,0.0,0,0.02344619517150519,False,False,
42,iid,-2,P,N,raw_next_k,raw160,0,160,0.0,0,0.02344619517150519,False,False,
42,iid,-2,P,F,conditional_k,C,0,160,0.0,0,0.02344619517150519,False,False,
42,iid,-2,P,F,conditional_exact_k,C,0,160,0.0,0,0.02344619517150519,False,False,
42,iid,-2,P,F,conditional_EOS_k,C,160,160,1.0,0.9765538048284949,1,False,False,
42,iid,-2,P,F,gate_and_next_k,raw160,0,160,0.0,0,0.02344619517150519,False,False,
42,iid,-2,P,F,raw_full2_k,raw160,0,160,0.0,0,0.02344619517150519,False,False,
42,iid,-2,P,F,raw_next_k,raw160,0,160,0.0,0,0.02344619517150519,False,False,
42,iid,-2,U,P,conditional_k,C,6,160,0.0375,0.017297923166500122,0.07938980736714218,False,False,
42,iid,-2,U,P,conditional_exact_k,C,6,160,0.0375,0.017297923166500122,0.07938980736714218,False,False,
42,iid,-2,U,P,conditional_EOS_k,C,160,160,1.0,0.9765538048284949,1,False,False,
42,iid,-2,U,P,gate_and_next_k,raw160,6,160,0.0375,0.017297923166500122,0.07938980736714218,False,False,
42,iid,-2,U,P,raw_full2_k,raw160,6,160,0.0375,0.017297923166500122,0.07938980736714218,False,False,
42,iid,-2,U,P,raw_next_k,raw160,6,160,0.0375,0.017297923166500122,0.07938980736714218,False,False,
42,iid,-2,U,N,conditional_k,C,0,160,0.0,0,0.02344619517150519,False,False,
42,iid,-2,U,N,conditional_exact_k,C,0,160,0.0,0,0.02344619517150519,False,False,
42,iid,-2,U,N,conditional_EOS_k,C,160,160,1.0,0.9765538048284949,1,False,False,
42,iid,-2,U,N,gate_and_next_k,raw160,0,160,0.0,0,0.02344619517150519,False,False,
42,iid,-2,U,N,raw_full2_k,raw160,0,160,0.0,0,0.02344619517150519,False,False,
42,iid,-2,U,N,raw_next_k,raw160,0,160,0.0,0,0.02344619517150519,False,False,
42,iid,-2,U,F,conditional_k,C,18,160,0.1125,0.07235633854421358,0.17081446271370296,False,False,
42,iid,-2,U,F,conditional_exact_k,C,18,160,0.1125,0.07235633854421358,0.17081446271370296,False,False,
42,iid,-2,U,F,conditional_EOS_k,C,160,160,1.0,0.9765538048284949,1,False,False,
42,iid,-2,U,F,gate_and_next_k,raw160,18,160,0.1125,0.07235633854421358,0.17081446271370296,False,False,
42,iid,-2,U,F,raw_full2_k,raw160,18,160,0.1125,0.07235633854421358,0.17081446271370296,False,False,
42,iid,-2,U,F,raw_next_k,raw160,18,160,0.1125,0.07235633854421358,0.17081446271370296,False,False,
42,iid,-2,G,P,conditional_k,C,0,160,0.0,0,0.02344619517150519,False,False,
42,iid,-2,G,P,conditional_exact_k,C,0,160,0.0,0,0.02344619517150519,False,False,
42,iid,-2,G,P,conditional_EOS_k,C,160,160,1.0,0.9765538048284949,1,False,False,
42,iid,-2,G,P,gate_and_next_k,raw160,0,160,0.0,0,0.02344619517150519,False,False,
42,iid,-2,G,P,raw_full2_k,raw160,0,160,0.0,0,0.02344619517150519,False,False,
42,iid,-2,G,P,raw_next_k,raw160,0,160,0.0,0,0.02344619517150519,False,False,
42,iid,-2,G,N,conditional_k,C,0,160,0.0,0,0.02344619517150519,False,False,
42,iid,-2,G,N,conditional_exact_k,C,0,160,0.0,0,0.02344619517150519,False,False,
42,iid,-2,G,N,conditional_EOS_k,C,160,160,1.0,0.9765538048284949,1,False,False,
42,iid,-2,G,N,gate_and_next_k,raw160,0,160,0.0,0,0.02344619517150519,False,False,
42,iid,-2,G,N,raw_full2_k,raw160,0,160,0.0,0,0.02344619517150519,False,False,
42,iid,-2,G,N,raw_next_k,raw160,0,160,0.0,0,0.02344619517150519,False,False,
42,iid,-2,G,F,conditional_k,C,0,160,0.0,0,0.02344619517150519,False,False,
42,iid,-2,G,F,conditional_exact_k,C,0,160,0.0,0,0.02344619517150519,False,False,
42,iid,-2,G,F,conditional_EOS_k,C,160,160,1.0,0.9765538048284949,1,False,False,
42,iid,-2,G,F,gate_and_next_k,raw160,0,160,0.0,0,0.02344619517150519,False,False,
42,iid,-2,G,F,raw_full2_k,raw160,0,160,0.0,0,0.02344619517150519,False,False,
42,iid,-2,G,F,raw_next_k,raw160,0,160,0.0,0,0.02344619517150519,False,False,
42,template_ood,2,P,P,conditional_k,C,0,160,0.0,0,0.02344619517150519,False,False,
42,template_ood,2,P,P,conditional_exact_k,C,0,160,0.0,0,0.02344619517150519,False,False,
42,template_ood,2,P,P,conditional_EOS_k,C,160,160,1.0,0.9765538048284949,1,False,False,
42,template_ood,2,P,P,gate_and_next_k,raw160,0,160,0.0,0,0.02344619517150519,False,False,
42,template_ood,2,P,P,raw_full2_k,raw160,0,160,0.0,0,0.02344619517150519,False,False,
42,template_ood,2,P,P,raw_next_k,raw160,0,160,0.0,0,0.02344619517150519,False,False,
42,template_ood,2,P,N,conditional_k,C,0,160,0.0,0,0.02344619517150519,False,False,
42,template_ood,2,P,N,conditional_exact_k,C,0,160,0.0,0,0.02344619517150519,False,False,
42,template_ood,2,P,N,conditional_EOS_k,C,160,160,1.0,0.9765538048284949,1,False,False,
42,template_ood,2,P,N,gate_and_next_k,raw160,0,160,0.0,0,0.02344619517150519,False,False,
42,template_ood,2,P,N,raw_full2_k,raw160,0,160,0.0,0,0.02344619517150519,False,False,
42,template_ood,2,P,N,raw_next_k,raw160,0,160,0.0,0,0.02344619517150519,False,False,
42,template_ood,2,P,F,conditional_k,C,78,160,0.4875,0.4112556929842917,0.564330461894996,False,False,
42,template_ood,2,P,F,conditional_exact_k,C,78,160,0.4875,0.4112556929842917,0.564330461894996,False,False,
42,template_ood,2,P,F,conditional_EOS_k,C,160,160,1.0,0.9765538048284949,1,False,False,
42,template_ood,2,P,F,gate_and_next_k,raw160,78,160,0.4875,0.4112556929842917,0.564330461894996,False,False,
42,template_ood,2,P,F,raw_full2_k,raw160,78,160,0.4875,0.4112556929842917,0.564330461894996,False,False,
42,template_ood,2,P,F,raw_next_k,raw160,78,160,0.4875,0.4112556929842917,0.564330461894996,False,False,
42,template_ood,2,U,P,conditional_k,C,0,160,0.0,0,0.02344619517150519,False,False,
42,template_ood,2,U,P,conditional_exact_k,C,0,160,0.0,0,0.02344619517150519,False,False,
42,template_ood,2,U,P,conditional_EOS_k,C,160,160,1.0,0.9765538048284949,1,False,False,
42,template_ood,2,U,P,gate_and_next_k,raw160,0,160,0.0,0,0.02344619517150519,False,False,
42,template_ood,2,U,P,raw_full2_k,raw160,0,160,0.0,0,0.02344619517150519,False,False,
42,template_ood,2,U,P,raw_next_k,raw160,0,160,0.0,0,0.02344619517150519,False,False,
42,template_ood,2,U,N,conditional_k,C,0,160,0.0,0,0.02344619517150519,False,False,
42,template_ood,2,U,N,conditional_exact_k,C,0,160,0.0,0,0.02344619517150519,False,False,
42,template_ood,2,U,N,conditional_EOS_k,C,160,160,1.0,0.9765538048284949,1,False,False,
42,template_ood,2,U,N,gate_and_next_k,raw160,0,160,0.0,0,0.02344619517150519,False,False,
42,template_ood,2,U,N,raw_full2_k,raw160,0,160,0.0,0,0.02344619517150519,False,False,
42,template_ood,2,U,N,raw_next_k,raw160,0,160,0.0,0,0.02344619517150519,False,False,
42,template_ood,2,U,F,conditional_k,C,110,160,0.6875,0.6119941011632154,0.7542135756474703,False,False,
42,template_ood,2,U,F,conditional_exact_k,C,110,160,0.6875,0.6119941011632154,0.7542135756474703,False,False,
42,template_ood,2,U,F,conditional_EOS_k,C,160,160,1.0,0.9765538048284949,1,False,False,
42,template_ood,2,U,F,gate_and_next_k,raw160,110,160,0.6875,0.6119941011632154,0.7542135756474703,False,False,
42,template_ood,2,U,F,raw_full2_k,raw160,110,160,0.6875,0.6119941011632154,0.7542135756474703,False,False,
42,template_ood,2,U,F,raw_next_k,raw160,110,160,0.6875,0.6119941011632154,0.7542135756474703,False,False,
42,template_ood,2,G,P,conditional_k,C,42,157,0.267515923566879,0.2044329565414798,0.3417039627873835,False,False,
42,template_ood,2,G,P,conditional_exact_k,C,42,157,0.267515923566879,0.2044329565414798,0.3417039627873835,False,False,
42,template_ood,2,G,P,conditional_EOS_k,C,157,157,1.0,0.976116488566691,0.9999999999999999,False,False,
42,template_ood,2,G,P,gate_and_next_k,raw160,42,160,0.2625,0.2004663654711274,0.33567057723533766,False,False,
42,template_ood,2,G,P,raw_full2_k,raw160,42,160,0.2625,0.2004663654711274,0.33567057723533766,False,False,
42,template_ood,2,G,P,raw_next_k,raw160,45,160,0.28125,0.217343234860214,0.35541447552731964,False,False,
42,template_ood,2,G,N,conditional_k,C,0,157,0.0,0,0.023883511433308864,False,False,
42,template_ood,2,G,N,conditional_exact_k,C,0,157,0.0,0,0.023883511433308864,False,False,
42,template_ood,2,G,N,conditional_EOS_k,C,157,157,1.0,0.976116488566691,0.9999999999999999,False,False,
42,template_ood,2,G,N,gate_and_next_k,raw160,0,160,0.0,0,0.02344619517150519,False,False,
42,template_ood,2,G,N,raw_full2_k,raw160,0,160,0.0,0,0.02344619517150519,False,False,
42,template_ood,2,G,N,raw_next_k,raw160,0,160,0.0,0,0.02344619517150519,False,False,
42,template_ood,2,G,F,conditional_k,C,5,157,0.03184713375796178,0.013678386706999463,0.07237814947578017,False,False,
42,template_ood,2,G,F,conditional_exact_k,C,5,157,0.03184713375796178,0.013678386706999463,0.07237814947578017,False,False,
42,template_ood,2,G,F,conditional_EOS_k,C,157,157,1.0,0.976116488566691,0.9999999999999999,False,False,
42,template_ood,2,G,F,gate_and_next_k,raw160,5,160,0.03125,0.013420516687644407,0.07106029128564172,False,False,
42,template_ood,2,G,F,raw_full2_k,raw160,5,160,0.03125,0.013420516687644407,0.07106029128564172,False,False,
42,template_ood,2,G,F,raw_next_k,raw160,6,160,0.0375,0.017297923166500122,0.07938980736714218,False,False,
42,template_ood,0,P,P,conditional_k,C,0,160,0.0,0,0.02344619517150519,False,False,
42,template_ood,0,P,P,conditional_exact_k,C,0,160,0.0,0,0.02344619517150519,False,False,
42,template_ood,0,P,P,conditional_EOS_k,C,160,160,1.0,0.9765538048284949,1,False,False,
42,template_ood,0,P,P,gate_and_next_k,raw160,0,160,0.0,0,0.02344619517150519,False,False,
42,template_ood,0,P,P,raw_full2_k,raw160,0,160,0.0,0,0.02344619517150519,False,False,
42,template_ood,0,P,P,raw_next_k,raw160,0,160,0.0,0,0.02344619517150519,False,False,
42,template_ood,0,P,N,conditional_k,C,0,160,0.0,0,0.02344619517150519,False,False,
42,template_ood,0,P,N,conditional_exact_k,C,0,160,0.0,0,0.02344619517150519,False,False,
42,template_ood,0,P,N,conditional_EOS_k,C,160,160,1.0,0.9765538048284949,1,False,False,
42,template_ood,0,P,N,gate_and_next_k,raw160,0,160,0.0,0,0.02344619517150519,False,False,
42,template_ood,0,P,N,raw_full2_k,raw160,0,160,0.0,0,0.02344619517150519,False,False,
42,template_ood,0,P,N,raw_next_k,raw160,0,160,0.0,0,0.02344619517150519,False,False,
42,template_ood,0,P,F,conditional_k,C,132,160,0.825,0.7587019750779815,0.8760579980605401,False,False,
42,template_ood,0,P,F,conditional_exact_k,C,132,160,0.825,0.7587019750779815,0.8760579980605401,False,False,
42,template_ood,0,P,F,conditional_EOS_k,C,160,160,1.0,0.9765538048284949,1,False,False,
42,template_ood,0,P,F,gate_and_next_k,raw160,132,160,0.825,0.7587019750779815,0.8760579980605401,False,False,
42,template_ood,0,P,F,raw_full2_k,raw160,132,160,0.825,0.7587019750779815,0.8760579980605401,False,False,
42,template_ood,0,P,F,raw_next_k,raw160,132,160,0.825,0.7587019750779815,0.8760579980605401,False,False,
42,template_ood,0,U,P,conditional_k,C,0,160,0.0,0,0.02344619517150519,False,False,
42,template_ood,0,U,P,conditional_exact_k,C,0,160,0.0,0,0.02344619517150519,False,False,
42,template_ood,0,U,P,conditional_EOS_k,C,160,160,1.0,0.9765538048284949,1,False,False,
42,template_ood,0,U,P,gate_and_next_k,raw160,0,160,0.0,0,0.02344619517150519,False,False,
42,template_ood,0,U,P,raw_full2_k,raw160,0,160,0.0,0,0.02344619517150519,False,False,
42,template_ood,0,U,P,raw_next_k,raw160,0,160,0.0,0,0.02344619517150519,False,False,
42,template_ood,0,U,N,conditional_k,C,0,160,0.0,0,0.02344619517150519,False,False,
42,template_ood,0,U,N,conditional_exact_k,C,0,160,0.0,0,0.02344619517150519,False,False,
42,template_ood,0,U,N,conditional_EOS_k,C,160,160,1.0,0.9765538048284949,1,False,False,
42,template_ood,0,U,N,gate_and_next_k,raw160,0,160,0.0,0,0.02344619517150519,False,False,
42,template_ood,0,U,N,raw_full2_k,raw160,0,160,0.0,0,0.02344619517150519,False,False,
42,template_ood,0,U,N,raw_next_k,raw160,0,160,0.0,0,0.02344619517150519,False,False,
42,template_ood,0,U,F,conditional_k,C,110,160,0.6875,0.6119941011632154,0.7542135756474703,False,False,
42,template_ood,0,U,F,conditional_exact_k,C,110,160,0.6875,0.6119941011632154,0.7542135756474703,False,False,
42,template_ood,0,U,F,conditional_EOS_k,C,160,160,1.0,0.9765538048284949,1,False,False,
42,template_ood,0,U,F,gate_and_next_k,raw160,110,160,0.6875,0.6119941011632154,0.7542135756474703,False,False,
42,template_ood,0,U,F,raw_full2_k,raw160,110,160,0.6875,0.6119941011632154,0.7542135756474703,False,False,
42,template_ood,0,U,F,raw_next_k,raw160,110,160,0.6875,0.6119941011632154,0.7542135756474703,False,False,
42,template_ood,0,G,P,conditional_k,C,0,160,0.0,0,0.02344619517150519,False,False,
42,template_ood,0,G,P,conditional_exact_k,C,0,160,0.0,0,0.02344619517150519,False,False,
42,template_ood,0,G,P,conditional_EOS_k,C,160,160,1.0,0.9765538048284949,1,False,False,
42,template_ood,0,G,P,gate_and_next_k,raw160,0,160,0.0,0,0.02344619517150519,False,False,
42,template_ood,0,G,P,raw_full2_k,raw160,0,160,0.0,0,0.02344619517150519,False,False,
42,template_ood,0,G,P,raw_next_k,raw160,0,160,0.0,0,0.02344619517150519,False,False,
42,template_ood,0,G,N,conditional_k,C,0,160,0.0,0,0.02344619517150519,False,False,
42,template_ood,0,G,N,conditional_exact_k,C,0,160,0.0,0,0.02344619517150519,False,False,
42,template_ood,0,G,N,conditional_EOS_k,C,160,160,1.0,0.9765538048284949,1,False,False,
42,template_ood,0,G,N,gate_and_next_k,raw160,0,160,0.0,0,0.02344619517150519,False,False,
42,template_ood,0,G,N,raw_full2_k,raw160,0,160,0.0,0,0.02344619517150519,False,False,
42,template_ood,0,G,N,raw_next_k,raw160,0,160,0.0,0,0.02344619517150519,False,False,
42,template_ood,0,G,F,conditional_k,C,157,160,0.98125,0.9463298879006856,0.9936031492467405,False,False,
42,template_ood,0,G,F,conditional_exact_k,C,157,160,0.98125,0.9463298879006856,0.9936031492467405,False,False,
42,template_ood,0,G,F,conditional_EOS_k,C,160,160,1.0,0.9765538048284949,1,False,False,
42,template_ood,0,G,F,gate_and_next_k,raw160,157,160,0.98125,0.9463298879006856,0.9936031492467405,False,False,
42,template_ood,0,G,F,raw_full2_k,raw160,157,160,0.98125,0.9463298879006856,0.9936031492467405,False,False,
42,template_ood,0,G,F,raw_next_k,raw160,157,160,0.98125,0.9463298879006856,0.9936031492467405,False,False,
42,template_ood,-1,P,P,conditional_k,C,158,159,0.9937106918238994,0.965239019933237,0.9988889185966789,False,False,
42,template_ood,-1,P,P,conditional_exact_k,C,158,159,0.9937106918238994,0.965239019933237,0.9988889185966789,False,False,
42,template_ood,-1,P,P,conditional_EOS_k,C,159,159,1.0,0.9764098230971759,1,False,False,
42,template_ood,-1,P,P,gate_and_next_k,raw160,158,160,0.9875,0.9555746308159091,0.9965653288918735,False,False,
42,template_ood,-1,P,P,raw_full2_k,raw160,158,160,0.9875,0.9555746308159091,0.9965653288918735,False,False,
42,template_ood,-1,P,P,raw_next_k,raw160,159,160,0.99375,0.965451014037521,0.9988958682306179,False,False,
42,template_ood,-1,P,N,conditional_k,C,158,159,0.9937106918238994,0.965239019933237,0.9988889185966789,False,False,
42,template_ood,-1,P,N,conditional_exact_k,C,158,159,0.9937106918238994,0.965239019933237,0.9988889185966789,False,False,
42,template_ood,-1,P,N,conditional_EOS_k,C,159,159,1.0,0.9764098230971759,1,False,False,
42,template_ood,-1,P,N,gate_and_next_k,raw160,158,160,0.9875,0.9555746308159091,0.9965653288918735,False,False,
42,template_ood,-1,P,N,raw_full2_k,raw160,158,160,0.9875,0.9555746308159091,0.9965653288918735,False,False,
42,template_ood,-1,P,N,raw_next_k,raw160,159,160,0.99375,0.965451014037521,0.9988958682306179,False,False,
42,template_ood,-1,P,F,conditional_k,C,124,159,0.779874213836478,0.7092928271285971,0.8372510361144764,False,False,
42,template_ood,-1,P,F,conditional_exact_k,C,124,159,0.779874213836478,0.7092928271285971,0.8372510361144764,False,False,
42,template_ood,-1,P,F,conditional_EOS_k,C,159,159,1.0,0.9764098230971759,1,False,False,
42,template_ood,-1,P,F,gate_and_next_k,raw160,124,160,0.775,0.7042871956457765,0.8328173970098957,False,False,
42,template_ood,-1,P,F,raw_full2_k,raw160,124,160,0.775,0.7042871956457765,0.8328173970098957,False,False,
42,template_ood,-1,P,F,raw_next_k,raw160,124,160,0.775,0.7042871956457765,0.8328173970098957,False,False,
42,template_ood,-1,U,P,conditional_k,C,130,131,0.9923664122137404,0.9580278484997883,0.9986512109543083,False,False,
42,template_ood,-1,U,P,conditional_exact_k,C,130,131,0.9923664122137404,0.9580278484997883,0.9986512109543083,False,False,
42,template_ood,-1,U,P,conditional_EOS_k,C,131,131,1.0,0.9715112929340055,1,False,False,
42,template_ood,-1,U,P,gate_and_next_k,raw160,130,160,0.8125,0.7449603968476121,0.8653857311701972,False,False,
42,template_ood,-1,U,P,raw_full2_k,raw160,130,160,0.8125,0.7449603968476121,0.8653857311701972,False,False,
42,template_ood,-1,U,P,raw_next_k,raw160,159,160,0.99375,0.965451014037521,0.9988958682306179,False,False,
42,template_ood,-1,U,N,conditional_k,C,131,131,1.0,0.9715112929340055,1,False,False,
42,template_ood,-1,U,N,conditional_exact_k,C,131,131,1.0,0.9715112929340055,1,False,False,
42,template_ood,-1,U,N,conditional_EOS_k,C,131,131,1.0,0.9715112929340055,1,False,False,
42,template_ood,-1,U,N,gate_and_next_k,raw160,131,160,0.81875,0.7518187120680591,0.8707343385101063,False,False,
42,template_ood,-1,U,N,raw_full2_k,raw160,131,160,0.81875,0.7518187120680591,0.8707343385101063,False,False,
42,template_ood,-1,U,N,raw_next_k,raw160,160,160,1.0,0.9765538048284949,1,False,False,
42,template_ood,-1,U,F,conditional_k,C,130,131,0.9923664122137404,0.9580278484997883,0.9986512109543083,False,False,
42,template_ood,-1,U,F,conditional_exact_k,C,130,131,0.9923664122137404,0.9580278484997883,0.9986512109543083,False,False,
42,template_ood,-1,U,F,conditional_EOS_k,C,131,131,1.0,0.9715112929340055,1,False,False,
42,template_ood,-1,U,F,gate_and_next_k,raw160,130,160,0.8125,0.7449603968476121,0.8653857311701972,False,False,
42,template_ood,-1,U,F,raw_full2_k,raw160,130,160,0.8125,0.7449603968476121,0.8653857311701972,False,False,
42,template_ood,-1,U,F,raw_next_k,raw160,133,160,0.83125,0.7656111943482116,0.8813557013506663,False,False,
42,template_ood,-1,G,P,conditional_k,C,120,120,1.0,0.9689808335812966,1,False,False,
42,template_ood,-1,G,P,conditional_exact_k,C,120,120,1.0,0.9689808335812966,1,False,False,
42,template_ood,-1,G,P,conditional_EOS_k,C,120,120,1.0,0.9689808335812966,1,False,False,
42,template_ood,-1,G,P,gate_and_next_k,raw160,120,160,0.75,0.6775763046904398,0.8107005977238076,False,False,
42,template_ood,-1,G,P,raw_full2_k,raw160,120,160,0.75,0.6775763046904398,0.8107005977238076,False,False,
42,template_ood,-1,G,P,raw_next_k,raw160,142,160,0.8875,0.8291855372862971,0.9276436614557864,False,False,
42,template_ood,-1,G,N,conditional_k,C,120,120,1.0,0.9689808335812966,1,False,False,
42,template_ood,-1,G,N,conditional_exact_k,C,120,120,1.0,0.9689808335812966,1,False,False,
42,template_ood,-1,G,N,conditional_EOS_k,C,120,120,1.0,0.9689808335812966,1,False,False,
42,template_ood,-1,G,N,gate_and_next_k,raw160,120,160,0.75,0.6775763046904398,0.8107005977238076,False,False,
42,template_ood,-1,G,N,raw_full2_k,raw160,120,160,0.75,0.6775763046904398,0.8107005977238076,False,False,
42,template_ood,-1,G,N,raw_next_k,raw160,160,160,1.0,0.9765538048284949,1,False,False,
42,template_ood,-1,G,F,conditional_k,C,120,120,1.0,0.9689808335812966,1,False,False,
42,template_ood,-1,G,F,conditional_exact_k,C,120,120,1.0,0.9689808335812966,1,False,False,
42,template_ood,-1,G,F,conditional_EOS_k,C,120,120,1.0,0.9689808335812966,1,False,False,
42,template_ood,-1,G,F,gate_and_next_k,raw160,120,160,0.75,0.6775763046904398,0.8107005977238076,False,False,
42,template_ood,-1,G,F,raw_full2_k,raw160,120,160,0.75,0.6775763046904398,0.8107005977238076,False,False,
42,template_ood,-1,G,F,raw_next_k,raw160,139,160,0.86875,0.8076812686575604,0.9125271624034547,False,False,
42,template_ood,-2,P,P,conditional_k,C,0,160,0.0,0,0.02344619517150519,False,False,
42,template_ood,-2,P,P,conditional_exact_k,C,0,160,0.0,0,0.02344619517150519,False,False,
42,template_ood,-2,P,P,conditional_EOS_k,C,160,160,1.0,0.9765538048284949,1,False,False,
42,template_ood,-2,P,P,gate_and_next_k,raw160,0,160,0.0,0,0.02344619517150519,False,False,
42,template_ood,-2,P,P,raw_full2_k,raw160,0,160,0.0,0,0.02344619517150519,False,False,
42,template_ood,-2,P,P,raw_next_k,raw160,0,160,0.0,0,0.02344619517150519,False,False,
42,template_ood,-2,P,N,conditional_k,C,0,160,0.0,0,0.02344619517150519,False,False,
42,template_ood,-2,P,N,conditional_exact_k,C,0,160,0.0,0,0.02344619517150519,False,False,
42,template_ood,-2,P,N,conditional_EOS_k,C,160,160,1.0,0.9765538048284949,1,False,False,
42,template_ood,-2,P,N,gate_and_next_k,raw160,0,160,0.0,0,0.02344619517150519,False,False,
42,template_ood,-2,P,N,raw_full2_k,raw160,0,160,0.0,0,0.02344619517150519,False,False,
42,template_ood,-2,P,N,raw_next_k,raw160,0,160,0.0,0,0.02344619517150519,False,False,
42,template_ood,-2,P,F,conditional_k,C,0,160,0.0,0,0.02344619517150519,False,False,
42,template_ood,-2,P,F,conditional_exact_k,C,0,160,0.0,0,0.02344619517150519,False,False,
42,template_ood,-2,P,F,conditional_EOS_k,C,160,160,1.0,0.9765538048284949,1,False,False,
42,template_ood,-2,P,F,gate_and_next_k,raw160,0,160,0.0,0,0.02344619517150519,False,False,
42,template_ood,-2,P,F,raw_full2_k,raw160,0,160,0.0,0,0.02344619517150519,False,False,
42,template_ood,-2,P,F,raw_next_k,raw160,0,160,0.0,0,0.02344619517150519,False,False,
42,template_ood,-2,U,P,conditional_k,C,34,160,0.2125,0.15624068307038502,0.2822408791532305,False,False,
42,template_ood,-2,U,P,conditional_exact_k,C,34,160,0.2125,0.15624068307038502,0.2822408791532305,False,False,
42,template_ood,-2,U,P,conditional_EOS_k,C,160,160,1.0,0.9765538048284949,1,False,False,
42,template_ood,-2,U,P,gate_and_next_k,raw160,34,160,0.2125,0.15624068307038502,0.2822408791532305,False,False,
42,template_ood,-2,U,P,raw_full2_k,raw160,34,160,0.2125,0.15624068307038502,0.2822408791532305,False,False,
42,template_ood,-2,U,P,raw_next_k,raw160,34,160,0.2125,0.15624068307038502,0.2822408791532305,False,False,
42,template_ood,-2,U,N,conditional_k,C,0,160,0.0,0,0.02344619517150519,False,False,
42,template_ood,-2,U,N,conditional_exact_k,C,0,160,0.0,0,0.02344619517150519,False,False,
42,template_ood,-2,U,N,conditional_EOS_k,C,160,160,1.0,0.9765538048284949,1,False,False,
42,template_ood,-2,U,N,gate_and_next_k,raw160,0,160,0.0,0,0.02344619517150519,False,False,
42,template_ood,-2,U,N,raw_full2_k,raw160,0,160,0.0,0,0.02344619517150519,False,False,
42,template_ood,-2,U,N,raw_next_k,raw160,0,160,0.0,0,0.02344619517150519,False,False,
42,template_ood,-2,U,F,conditional_k,C,0,160,0.0,0,0.02344619517150519,False,False,
42,template_ood,-2,U,F,conditional_exact_k,C,0,160,0.0,0,0.02344619517150519,False,False,
42,template_ood,-2,U,F,conditional_EOS_k,C,160,160,1.0,0.9765538048284949,1,False,False,
42,template_ood,-2,U,F,gate_and_next_k,raw160,0,160,0.0,0,0.02344619517150519,False,False,
42,template_ood,-2,U,F,raw_full2_k,raw160,0,160,0.0,0,0.02344619517150519,False,False,
42,template_ood,-2,U,F,raw_next_k,raw160,0,160,0.0,0,0.02344619517150519,False,False,
42,template_ood,-2,G,P,conditional_k,C,0,160,0.0,0,0.02344619517150519,False,False,
42,template_ood,-2,G,P,conditional_exact_k,C,0,160,0.0,0,0.02344619517150519,False,False,
42,template_ood,-2,G,P,conditional_EOS_k,C,160,160,1.0,0.9765538048284949,1,False,False,
42,template_ood,-2,G,P,gate_and_next_k,raw160,0,160,0.0,0,0.02344619517150519,False,False,
42,template_ood,-2,G,P,raw_full2_k,raw160,0,160,0.0,0,0.02344619517150519,False,False,
42,template_ood,-2,G,P,raw_next_k,raw160,0,160,0.0,0,0.02344619517150519,False,False,
42,template_ood,-2,G,N,conditional_k,C,0,160,0.0,0,0.02344619517150519,False,False,
42,template_ood,-2,G,N,conditional_exact_k,C,0,160,0.0,0,0.02344619517150519,False,False,
42,template_ood,-2,G,N,conditional_EOS_k,C,160,160,1.0,0.9765538048284949,1,False,False,
42,template_ood,-2,G,N,gate_and_next_k,raw160,0,160,0.0,0,0.02344619517150519,False,False,
42,template_ood,-2,G,N,raw_full2_k,raw160,0,160,0.0,0,0.02344619517150519,False,False,
42,template_ood,-2,G,N,raw_next_k,raw160,0,160,0.0,0,0.02344619517150519,False,False,
42,template_ood,-2,G,F,conditional_k,C,0,160,0.0,0,0.02344619517150519,False,False,
42,template_ood,-2,G,F,conditional_exact_k,C,0,160,0.0,0,0.02344619517150519,False,False,
42,template_ood,-2,G,F,conditional_EOS_k,C,160,160,1.0,0.9765538048284949,1,False,False,
42,template_ood,-2,G,F,gate_and_next_k,raw160,0,160,0.0,0,0.02344619517150519,False,False,
42,template_ood,-2,G,F,raw_full2_k,raw160,0,160,0.0,0,0.02344619517150519,False,False,
42,template_ood,-2,G,F,raw_next_k,raw160,0,160,0.0,0,0.02344619517150519,False,False,
43,iid,2,P,P,conditional_k,C,0,160,0.0,0,0.02344619517150519,False,False,
43,iid,2,P,P,conditional_exact_k,C,0,160,0.0,0,0.02344619517150519,False,False,
43,iid,2,P,P,conditional_EOS_k,C,160,160,1.0,0.9765538048284949,1,False,False,
43,iid,2,P,P,gate_and_next_k,raw160,0,160,0.0,0,0.02344619517150519,False,False,
43,iid,2,P,P,raw_full2_k,raw160,0,160,0.0,0,0.02344619517150519,False,False,
43,iid,2,P,P,raw_next_k,raw160,0,160,0.0,0,0.02344619517150519,False,False,
43,iid,2,P,N,conditional_k,C,0,160,0.0,0,0.02344619517150519,False,False,
43,iid,2,P,N,conditional_exact_k,C,0,160,0.0,0,0.02344619517150519,False,False,
43,iid,2,P,N,conditional_EOS_k,C,160,160,1.0,0.9765538048284949,1,False,False,
43,iid,2,P,N,gate_and_next_k,raw160,0,160,0.0,0,0.02344619517150519,False,False,
43,iid,2,P,N,raw_full2_k,raw160,0,160,0.0,0,0.02344619517150519,False,False,
43,iid,2,P,N,raw_next_k,raw160,0,160,0.0,0,0.02344619517150519,False,False,
43,iid,2,P,F,conditional_k,C,0,160,0.0,0,0.02344619517150519,False,False,
43,iid,2,P,F,conditional_exact_k,C,0,160,0.0,0,0.02344619517150519,False,False,
43,iid,2,P,F,conditional_EOS_k,C,160,160,1.0,0.9765538048284949,1,False,False,
43,iid,2,P,F,gate_and_next_k,raw160,0,160,0.0,0,0.02344619517150519,False,False,
43,iid,2,P,F,raw_full2_k,raw160,0,160,0.0,0,0.02344619517150519,False,False,
43,iid,2,P,F,raw_next_k,raw160,0,160,0.0,0,0.02344619517150519,False,False,
43,iid,2,U,P,conditional_k,C,0,160,0.0,0,0.02344619517150519,False,False,
43,iid,2,U,P,conditional_exact_k,C,0,160,0.0,0,0.02344619517150519,False,False,
43,iid,2,U,P,conditional_EOS_k,C,160,160,1.0,0.9765538048284949,1,False,False,
43,iid,2,U,P,gate_and_next_k,raw160,0,160,0.0,0,0.02344619517150519,False,False,
43,iid,2,U,P,raw_full2_k,raw160,0,160,0.0,0,0.02344619517150519,False,False,
43,iid,2,U,P,raw_next_k,raw160,0,160,0.0,0,0.02344619517150519,False,False,
43,iid,2,U,N,conditional_k,C,0,160,0.0,0,0.02344619517150519,False,False,
43,iid,2,U,N,conditional_exact_k,C,0,160,0.0,0,0.02344619517150519,False,False,
43,iid,2,U,N,conditional_EOS_k,C,160,160,1.0,0.9765538048284949,1,False,False,
43,iid,2,U,N,gate_and_next_k,raw160,0,160,0.0,0,0.02344619517150519,False,False,
43,iid,2,U,N,raw_full2_k,raw160,0,160,0.0,0,0.02344619517150519,False,False,
43,iid,2,U,N,raw_next_k,raw160,0,160,0.0,0,0.02344619517150519,False,False,
43,iid,2,U,F,conditional_k,C,0,160,0.0,0,0.02344619517150519,False,False,
43,iid,2,U,F,conditional_exact_k,C,0,160,0.0,0,0.02344619517150519,False,False,
43,iid,2,U,F,conditional_EOS_k,C,160,160,1.0,0.9765538048284949,1,False,False,
43,iid,2,U,F,gate_and_next_k,raw160,0,160,0.0,0,0.02344619517150519,False,False,
43,iid,2,U,F,raw_full2_k,raw160,0,160,0.0,0,0.02344619517150519,False,False,
43,iid,2,U,F,raw_next_k,raw160,0,160,0.0,0,0.02344619517150519,False,False,
43,iid,2,G,P,conditional_k,C,0,160,0.0,0,0.02344619517150519,False,False,
43,iid,2,G,P,conditional_exact_k,C,0,160,0.0,0,0.02344619517150519,False,False,
43,iid,2,G,P,conditional_EOS_k,C,160,160,1.0,0.9765538048284949,1,False,False,
43,iid,2,G,P,gate_and_next_k,raw160,0,160,0.0,0,0.02344619517150519,False,False,
43,iid,2,G,P,raw_full2_k,raw160,0,160,0.0,0,0.02344619517150519,False,False,
43,iid,2,G,P,raw_next_k,raw160,0,160,0.0,0,0.02344619517150519,False,False,
43,iid,2,G,N,conditional_k,C,0,160,0.0,0,0.02344619517150519,False,False,
43,iid,2,G,N,conditional_exact_k,C,0,160,0.0,0,0.02344619517150519,False,False,
43,iid,2,G,N,conditional_EOS_k,C,160,160,1.0,0.9765538048284949,1,False,False,
43,iid,2,G,N,gate_and_next_k,raw160,0,160,0.0,0,0.02344619517150519,False,False,
43,iid,2,G,N,raw_full2_k,raw160,0,160,0.0,0,0.02344619517150519,False,False,
43,iid,2,G,N,raw_next_k,raw160,0,160,0.0,0,0.02344619517150519,False,False,
43,iid,2,G,F,conditional_k,C,0,160,0.0,0,0.02344619517150519,False,False,
43,iid,2,G,F,conditional_exact_k,C,0,160,0.0,0,0.02344619517150519,False,False,
43,iid,2,G,F,conditional_EOS_k,C,160,160,1.0,0.9765538048284949,1,False,False,
43,iid,2,G,F,gate_and_next_k,raw160,0,160,0.0,0,0.02344619517150519,False,False,
43,iid,2,G,F,raw_full2_k,raw160,0,160,0.0,0,0.02344619517150519,False,False,
43,iid,2,G,F,raw_next_k,raw160,0,160,0.0,0,0.02344619517150519,False,False,
43,iid,0,P,P,conditional_k,C,0,160,0.0,0,0.02344619517150519,False,False,
43,iid,0,P,P,conditional_exact_k,C,0,160,0.0,0,0.02344619517150519,False,False,
43,iid,0,P,P,conditional_EOS_k,C,160,160,1.0,0.9765538048284949,1,False,False,
43,iid,0,P,P,gate_and_next_k,raw160,0,160,0.0,0,0.02344619517150519,False,False,
43,iid,0,P,P,raw_full2_k,raw160,0,160,0.0,0,0.02344619517150519,False,False,
43,iid,0,P,P,raw_next_k,raw160,0,160,0.0,0,0.02344619517150519,False,False,
43,iid,0,P,N,conditional_k,C,0,160,0.0,0,0.02344619517150519,False,False,
43,iid,0,P,N,conditional_exact_k,C,0,160,0.0,0,0.02344619517150519,False,False,
43,iid,0,P,N,conditional_EOS_k,C,160,160,1.0,0.9765538048284949,1,False,False,
43,iid,0,P,N,gate_and_next_k,raw160,0,160,0.0,0,0.02344619517150519,False,False,
43,iid,0,P,N,raw_full2_k,raw160,0,160,0.0,0,0.02344619517150519,False,False,
43,iid,0,P,N,raw_next_k,raw160,0,160,0.0,0,0.02344619517150519,False,False,
43,iid,0,P,F,conditional_k,C,160,160,1.0,0.9765538048284949,1,False,False,
43,iid,0,P,F,conditional_exact_k,C,160,160,1.0,0.9765538048284949,1,False,False,
43,iid,0,P,F,conditional_EOS_k,C,160,160,1.0,0.9765538048284949,1,False,False,
43,iid,0,P,F,gate_and_next_k,raw160,160,160,1.0,0.9765538048284949,1,False,False,
43,iid,0,P,F,raw_full2_k,raw160,160,160,1.0,0.9765538048284949,1,False,False,
43,iid,0,P,F,raw_next_k,raw160,160,160,1.0,0.9765538048284949,1,False,False,
43,iid,0,U,P,conditional_k,C,0,160,0.0,0,0.02344619517150519,False,False,
43,iid,0,U,P,conditional_exact_k,C,0,160,0.0,0,0.02344619517150519,False,False,
43,iid,0,U,P,conditional_EOS_k,C,160,160,1.0,0.9765538048284949,1,False,False,
43,iid,0,U,P,gate_and_next_k,raw160,0,160,0.0,0,0.02344619517150519,False,False,
43,iid,0,U,P,raw_full2_k,raw160,0,160,0.0,0,0.02344619517150519,False,False,
43,iid,0,U,P,raw_next_k,raw160,0,160,0.0,0,0.02344619517150519,False,False,
43,iid,0,U,N,conditional_k,C,0,160,0.0,0,0.02344619517150519,False,False,
43,iid,0,U,N,conditional_exact_k,C,0,160,0.0,0,0.02344619517150519,False,False,
43,iid,0,U,N,conditional_EOS_k,C,160,160,1.0,0.9765538048284949,1,False,False,
43,iid,0,U,N,gate_and_next_k,raw160,0,160,0.0,0,0.02344619517150519,False,False,
43,iid,0,U,N,raw_full2_k,raw160,0,160,0.0,0,0.02344619517150519,False,False,
43,iid,0,U,N,raw_next_k,raw160,0,160,0.0,0,0.02344619517150519,False,False,
43,iid,0,U,F,conditional_k,C,160,160,1.0,0.9765538048284949,1,False,False,
43,iid,0,U,F,conditional_exact_k,C,160,160,1.0,0.9765538048284949,1,False,False,
43,iid,0,U,F,conditional_EOS_k,C,160,160,1.0,0.9765538048284949,1,False,False,
43,iid,0,U,F,gate_and_next_k,raw160,160,160,1.0,0.9765538048284949,1,False,False,
43,iid,0,U,F,raw_full2_k,raw160,160,160,1.0,0.9765538048284949,1,False,False,
43,iid,0,U,F,raw_next_k,raw160,160,160,1.0,0.9765538048284949,1,False,False,
43,iid,0,G,P,conditional_k,C,0,160,0.0,0,0.02344619517150519,False,False,
43,iid,0,G,P,conditional_exact_k,C,0,160,0.0,0,0.02344619517150519,False,False,
43,iid,0,G,P,conditional_EOS_k,C,160,160,1.0,0.9765538048284949,1,False,False,
43,iid,0,G,P,gate_and_next_k,raw160,0,160,0.0,0,0.02344619517150519,False,False,
43,iid,0,G,P,raw_full2_k,raw160,0,160,0.0,0,0.02344619517150519,False,False,
43,iid,0,G,P,raw_next_k,raw160,0,160,0.0,0,0.02344619517150519,False,False,
43,iid,0,G,N,conditional_k,C,0,160,0.0,0,0.02344619517150519,False,False,
43,iid,0,G,N,conditional_exact_k,C,0,160,0.0,0,0.02344619517150519,False,False,
43,iid,0,G,N,conditional_EOS_k,C,160,160,1.0,0.9765538048284949,1,False,False,
43,iid,0,G,N,gate_and_next_k,raw160,0,160,0.0,0,0.02344619517150519,False,False,
43,iid,0,G,N,raw_full2_k,raw160,0,160,0.0,0,0.02344619517150519,False,False,
43,iid,0,G,N,raw_next_k,raw160,0,160,0.0,0,0.02344619517150519,False,False,
43,iid,0,G,F,conditional_k,C,155,160,0.96875,0.9289397087143583,0.9865794833123556,False,False,
43,iid,0,G,F,conditional_exact_k,C,155,160,0.96875,0.9289397087143583,0.9865794833123556,False,False,
43,iid,0,G,F,conditional_EOS_k,C,160,160,1.0,0.9765538048284949,1,False,False,
43,iid,0,G,F,gate_and_next_k,raw160,155,160,0.96875,0.9289397087143583,0.9865794833123556,False,False,
43,iid,0,G,F,raw_full2_k,raw160,155,160,0.96875,0.9289397087143583,0.9865794833123556,False,False,
43,iid,0,G,F,raw_next_k,raw160,155,160,0.96875,0.9289397087143583,0.9865794833123556,False,False,
43,iid,-1,P,P,conditional_k,C,160,160,1.0,0.9765538048284949,1,False,False,
43,iid,-1,P,P,conditional_exact_k,C,160,160,1.0,0.9765538048284949,1,False,False,
43,iid,-1,P,P,conditional_EOS_k,C,160,160,1.0,0.9765538048284949,1,False,False,
43,iid,-1,P,P,gate_and_next_k,raw160,160,160,1.0,0.9765538048284949,1,False,False,
43,iid,-1,P,P,raw_full2_k,raw160,160,160,1.0,0.9765538048284949,1,False,False,
43,iid,-1,P,P,raw_next_k,raw160,160,160,1.0,0.9765538048284949,1,False,False,
43,iid,-1,P,N,conditional_k,C,160,160,1.0,0.9765538048284949,1,False,False,
43,iid,-1,P,N,conditional_exact_k,C,160,160,1.0,0.9765538048284949,1,False,False,
43,iid,-1,P,N,conditional_EOS_k,C,160,160,1.0,0.9765538048284949,1,False,False,
43,iid,-1,P,N,gate_and_next_k,raw160,160,160,1.0,0.9765538048284949,1,False,False,
43,iid,-1,P,N,raw_full2_k,raw160,160,160,1.0,0.9765538048284949,1,False,False,
43,iid,-1,P,N,raw_next_k,raw160,160,160,1.0,0.9765538048284949,1,False,False,
43,iid,-1,P,F,conditional_k,C,143,160,0.89375,0.8364379048857311,0.9325982164167086,False,False,
43,iid,-1,P,F,conditional_exact_k,C,143,160,0.89375,0.8364379048857311,0.9325982164167086,False,False,
43,iid,-1,P,F,conditional_EOS_k,C,160,160,1.0,0.9765538048284949,1,False,False,
43,iid,-1,P,F,gate_and_next_k,raw160,143,160,0.89375,0.8364379048857311,0.9325982164167086,False,False,
43,iid,-1,P,F,raw_full2_k,raw160,143,160,0.89375,0.8364379048857311,0.9325982164167086,False,False,
43,iid,-1,P,F,raw_next_k,raw160,143,160,0.89375,0.8364379048857311,0.9325982164167086,False,False,
43,iid,-1,U,P,conditional_k,C,160,160,1.0,0.9765538048284949,1,False,False,
43,iid,-1,U,P,conditional_exact_k,C,160,160,1.0,0.9765538048284949,1,False,False,
43,iid,-1,U,P,conditional_EOS_k,C,160,160,1.0,0.9765538048284949,1,False,False,
43,iid,-1,U,P,gate_and_next_k,raw160,160,160,1.0,0.9765538048284949,1,False,False,
43,iid,-1,U,P,raw_full2_k,raw160,160,160,1.0,0.9765538048284949,1,False,False,
43,iid,-1,U,P,raw_next_k,raw160,160,160,1.0,0.9765538048284949,1,False,False,
43,iid,-1,U,N,conditional_k,C,160,160,1.0,0.9765538048284949,1,False,False,
43,iid,-1,U,N,conditional_exact_k,C,160,160,1.0,0.9765538048284949,1,False,False,
43,iid,-1,U,N,conditional_EOS_k,C,160,160,1.0,0.9765538048284949,1,False,False,
43,iid,-1,U,N,gate_and_next_k,raw160,160,160,1.0,0.9765538048284949,1,False,False,
43,iid,-1,U,N,raw_full2_k,raw160,160,160,1.0,0.9765538048284949,1,False,False,
43,iid,-1,U,N,raw_next_k,raw160,160,160,1.0,0.9765538048284949,1,False,False,
43,iid,-1,U,F,conditional_k,C,160,160,1.0,0.9765538048284949,1,False,False,
43,iid,-1,U,F,conditional_exact_k,C,160,160,1.0,0.9765538048284949,1,False,False,
43,iid,-1,U,F,conditional_EOS_k,C,160,160,1.0,0.9765538048284949,1,False,False,
43,iid,-1,U,F,gate_and_next_k,raw160,160,160,1.0,0.9765538048284949,1,False,False,
43,iid,-1,U,F,raw_full2_k,raw160,160,160,1.0,0.9765538048284949,1,False,False,
43,iid,-1,U,F,raw_next_k,raw160,160,160,1.0,0.9765538048284949,1,False,False,
43,iid,-1,G,P,conditional_k,C,160,160,1.0,0.9765538048284949,1,False,False,
43,iid,-1,G,P,conditional_exact_k,C,160,160,1.0,0.9765538048284949,1,False,False,
43,iid,-1,G,P,conditional_EOS_k,C,160,160,1.0,0.9765538048284949,1,False,False,
43,iid,-1,G,P,gate_and_next_k,raw160,160,160,1.0,0.9765538048284949,1,False,False,
43,iid,-1,G,P,raw_full2_k,raw160,160,160,1.0,0.9765538048284949,1,False,False,
43,iid,-1,G,P,raw_next_k,raw160,160,160,1.0,0.9765538048284949,1,False,False,
43,iid,-1,G,N,conditional_k,C,160,160,1.0,0.9765538048284949,1,False,False,
43,iid,-1,G,N,conditional_exact_k,C,160,160,1.0,0.9765538048284949,1,False,False,
43,iid,-1,G,N,conditional_EOS_k,C,160,160,1.0,0.9765538048284949,1,False,False,
43,iid,-1,G,N,gate_and_next_k,raw160,160,160,1.0,0.9765538048284949,1,False,False,
43,iid,-1,G,N,raw_full2_k,raw160,160,160,1.0,0.9765538048284949,1,False,False,
43,iid,-1,G,N,raw_next_k,raw160,160,160,1.0,0.9765538048284949,1,False,False,
43,iid,-1,G,F,conditional_k,C,160,160,1.0,0.9765538048284949,1,False,False,
43,iid,-1,G,F,conditional_exact_k,C,160,160,1.0,0.9765538048284949,1,False,False,
43,iid,-1,G,F,conditional_EOS_k,C,160,160,1.0,0.9765538048284949,1,False,False,
43,iid,-1,G,F,gate_and_next_k,raw160,160,160,1.0,0.9765538048284949,1,False,False,
43,iid,-1,G,F,raw_full2_k,raw160,160,160,1.0,0.9765538048284949,1,False,False,
43,iid,-1,G,F,raw_next_k,raw160,160,160,1.0,0.9765538048284949,1,False,False,
43,iid,-2,P,P,conditional_k,C,0,160,0.0,0,0.02344619517150519,False,False,
43,iid,-2,P,P,conditional_exact_k,C,0,160,0.0,0,0.02344619517150519,False,False,
43,iid,-2,P,P,conditional_EOS_k,C,160,160,1.0,0.9765538048284949,1,False,False,
43,iid,-2,P,P,gate_and_next_k,raw160,0,160,0.0,0,0.02344619517150519,False,False,
43,iid,-2,P,P,raw_full2_k,raw160,0,160,0.0,0,0.02344619517150519,False,False,
43,iid,-2,P,P,raw_next_k,raw160,0,160,0.0,0,0.02344619517150519,False,False,
43,iid,-2,P,N,conditional_k,C,0,160,0.0,0,0.02344619517150519,False,False,
43,iid,-2,P,N,conditional_exact_k,C,0,160,0.0,0,0.02344619517150519,False,False,
43,iid,-2,P,N,conditional_EOS_k,C,160,160,1.0,0.9765538048284949,1,False,False,
43,iid,-2,P,N,gate_and_next_k,raw160,0,160,0.0,0,0.02344619517150519,False,False,
43,iid,-2,P,N,raw_full2_k,raw160,0,160,0.0,0,0.02344619517150519,False,False,
43,iid,-2,P,N,raw_next_k,raw160,0,160,0.0,0,0.02344619517150519,False,False,
43,iid,-2,P,F,conditional_k,C,0,160,0.0,0,0.02344619517150519,False,False,
43,iid,-2,P,F,conditional_exact_k,C,0,160,0.0,0,0.02344619517150519,False,False,
43,iid,-2,P,F,conditional_EOS_k,C,160,160,1.0,0.9765538048284949,1,False,False,
43,iid,-2,P,F,gate_and_next_k,raw160,0,160,0.0,0,0.02344619517150519,False,False,
43,iid,-2,P,F,raw_full2_k,raw160,0,160,0.0,0,0.02344619517150519,False,False,
43,iid,-2,P,F,raw_next_k,raw160,0,160,0.0,0,0.02344619517150519,False,False,
43,iid,-2,U,P,conditional_k,C,0,160,0.0,0,0.02344619517150519,False,False,
43,iid,-2,U,P,conditional_exact_k,C,0,160,0.0,0,0.02344619517150519,False,False,
43,iid,-2,U,P,conditional_EOS_k,C,160,160,1.0,0.9765538048284949,1,False,False,
43,iid,-2,U,P,gate_and_next_k,raw160,0,160,0.0,0,0.02344619517150519,False,False,
43,iid,-2,U,P,raw_full2_k,raw160,0,160,0.0,0,0.02344619517150519,False,False,
43,iid,-2,U,P,raw_next_k,raw160,0,160,0.0,0,0.02344619517150519,False,False,
43,iid,-2,U,N,conditional_k,C,0,160,0.0,0,0.02344619517150519,False,False,
43,iid,-2,U,N,conditional_exact_k,C,0,160,0.0,0,0.02344619517150519,False,False,
43,iid,-2,U,N,conditional_EOS_k,C,160,160,1.0,0.9765538048284949,1,False,False,
43,iid,-2,U,N,gate_and_next_k,raw160,0,160,0.0,0,0.02344619517150519,False,False,
43,iid,-2,U,N,raw_full2_k,raw160,0,160,0.0,0,0.02344619517150519,False,False,
43,iid,-2,U,N,raw_next_k,raw160,0,160,0.0,0,0.02344619517150519,False,False,
43,iid,-2,U,F,conditional_k,C,0,160,0.0,0,0.02344619517150519,False,False,
43,iid,-2,U,F,conditional_exact_k,C,0,160,0.0,0,0.02344619517150519,False,False,
43,iid,-2,U,F,conditional_EOS_k,C,160,160,1.0,0.9765538048284949,1,False,False,
43,iid,-2,U,F,gate_and_next_k,raw160,0,160,0.0,0,0.02344619517150519,False,False,
43,iid,-2,U,F,raw_full2_k,raw160,0,160,0.0,0,0.02344619517150519,False,False,
43,iid,-2,U,F,raw_next_k,raw160,0,160,0.0,0,0.02344619517150519,False,False,
43,iid,-2,G,P,conditional_k,C,0,160,0.0,0,0.02344619517150519,False,False,
43,iid,-2,G,P,conditional_exact_k,C,0,160,0.0,0,0.02344619517150519,False,False,
43,iid,-2,G,P,conditional_EOS_k,C,160,160,1.0,0.9765538048284949,1,False,False,
43,iid,-2,G,P,gate_and_next_k,raw160,0,160,0.0,0,0.02344619517150519,False,False,
43,iid,-2,G,P,raw_full2_k,raw160,0,160,0.0,0,0.02344619517150519,False,False,
43,iid,-2,G,P,raw_next_k,raw160,0,160,0.0,0,0.02344619517150519,False,False,
43,iid,-2,G,N,conditional_k,C,0,160,0.0,0,0.02344619517150519,False,False,
43,iid,-2,G,N,conditional_exact_k,C,0,160,0.0,0,0.02344619517150519,False,False,
43,iid,-2,G,N,conditional_EOS_k,C,160,160,1.0,0.9765538048284949,1,False,False,
43,iid,-2,G,N,gate_and_next_k,raw160,0,160,0.0,0,0.02344619517150519,False,False,
43,iid,-2,G,N,raw_full2_k,raw160,0,160,0.0,0,0.02344619517150519,False,False,
43,iid,-2,G,N,raw_next_k,raw160,0,160,0.0,0,0.02344619517150519,False,False,
43,iid,-2,G,F,conditional_k,C,0,160,0.0,0,0.02344619517150519,False,False,
43,iid,-2,G,F,conditional_exact_k,C,0,160,0.0,0,0.02344619517150519,False,False,
43,iid,-2,G,F,conditional_EOS_k,C,160,160,1.0,0.9765538048284949,1,False,False,
43,iid,-2,G,F,gate_and_next_k,raw160,0,160,0.0,0,0.02344619517150519,False,False,
43,iid,-2,G,F,raw_full2_k,raw160,0,160,0.0,0,0.02344619517150519,False,False,
43,iid,-2,G,F,raw_next_k,raw160,0,160,0.0,0,0.02344619517150519,False,False,
43,template_ood,2,P,P,conditional_k,C,0,160,0.0,0,0.02344619517150519,False,False,
43,template_ood,2,P,P,conditional_exact_k,C,0,160,0.0,0,0.02344619517150519,False,False,
43,template_ood,2,P,P,conditional_EOS_k,C,160,160,1.0,0.9765538048284949,1,False,False,
43,template_ood,2,P,P,gate_and_next_k,raw160,0,160,0.0,0,0.02344619517150519,False,False,
43,template_ood,2,P,P,raw_full2_k,raw160,0,160,0.0,0,0.02344619517150519,False,False,
43,template_ood,2,P,P,raw_next_k,raw160,0,160,0.0,0,0.02344619517150519,False,False,
43,template_ood,2,P,N,conditional_k,C,0,160,0.0,0,0.02344619517150519,False,False,
43,template_ood,2,P,N,conditional_exact_k,C,0,160,0.0,0,0.02344619517150519,False,False,
43,template_ood,2,P,N,conditional_EOS_k,C,160,160,1.0,0.9765538048284949,1,False,False,
43,template_ood,2,P,N,gate_and_next_k,raw160,0,160,0.0,0,0.02344619517150519,False,False,
43,template_ood,2,P,N,raw_full2_k,raw160,0,160,0.0,0,0.02344619517150519,False,False,
43,template_ood,2,P,N,raw_next_k,raw160,0,160,0.0,0,0.02344619517150519,False,False,
43,template_ood,2,P,F,conditional_k,C,0,160,0.0,0,0.02344619517150519,False,False,
43,template_ood,2,P,F,conditional_exact_k,C,0,160,0.0,0,0.02344619517150519,False,False,
43,template_ood,2,P,F,conditional_EOS_k,C,160,160,1.0,0.9765538048284949,1,False,False,
43,template_ood,2,P,F,gate_and_next_k,raw160,0,160,0.0,0,0.02344619517150519,False,False,
43,template_ood,2,P,F,raw_full2_k,raw160,0,160,0.0,0,0.02344619517150519,False,False,
43,template_ood,2,P,F,raw_next_k,raw160,0,160,0.0,0,0.02344619517150519,False,False,
43,template_ood,2,U,P,conditional_k,C,0,160,0.0,0,0.02344619517150519,False,False,
43,template_ood,2,U,P,conditional_exact_k,C,0,160,0.0,0,0.02344619517150519,False,False,
43,template_ood,2,U,P,conditional_EOS_k,C,160,160,1.0,0.9765538048284949,1,False,False,
43,template_ood,2,U,P,gate_and_next_k,raw160,0,160,0.0,0,0.02344619517150519,False,False,
43,template_ood,2,U,P,raw_full2_k,raw160,0,160,0.0,0,0.02344619517150519,False,False,
43,template_ood,2,U,P,raw_next_k,raw160,0,160,0.0,0,0.02344619517150519,False,False,
43,template_ood,2,U,N,conditional_k,C,0,160,0.0,0,0.02344619517150519,False,False,
43,template_ood,2,U,N,conditional_exact_k,C,0,160,0.0,0,0.02344619517150519,False,False,
43,template_ood,2,U,N,conditional_EOS_k,C,160,160,1.0,0.9765538048284949,1,False,False,
43,template_ood,2,U,N,gate_and_next_k,raw160,0,160,0.0,0,0.02344619517150519,False,False,
43,template_ood,2,U,N,raw_full2_k,raw160,0,160,0.0,0,0.02344619517150519,False,False,
43,template_ood,2,U,N,raw_next_k,raw160,0,160,0.0,0,0.02344619517150519,False,False,
43,template_ood,2,U,F,conditional_k,C,0,160,0.0,0,0.02344619517150519,False,False,
43,template_ood,2,U,F,conditional_exact_k,C,0,160,0.0,0,0.02344619517150519,False,False,
43,template_ood,2,U,F,conditional_EOS_k,C,160,160,1.0,0.9765538048284949,1,False,False,
43,template_ood,2,U,F,gate_and_next_k,raw160,0,160,0.0,0,0.02344619517150519,False,False,
43,template_ood,2,U,F,raw_full2_k,raw160,0,160,0.0,0,0.02344619517150519,False,False,
43,template_ood,2,U,F,raw_next_k,raw160,0,160,0.0,0,0.02344619517150519,False,False,
43,template_ood,2,G,P,conditional_k,C,0,160,0.0,0,0.02344619517150519,False,False,
43,template_ood,2,G,P,conditional_exact_k,C,0,160,0.0,0,0.02344619517150519,False,False,
43,template_ood,2,G,P,conditional_EOS_k,C,160,160,1.0,0.9765538048284949,1,False,False,
43,template_ood,2,G,P,gate_and_next_k,raw160,0,160,0.0,0,0.02344619517150519,False,False,
43,template_ood,2,G,P,raw_full2_k,raw160,0,160,0.0,0,0.02344619517150519,False,False,
43,template_ood,2,G,P,raw_next_k,raw160,0,160,0.0,0,0.02344619517150519,False,False,
43,template_ood,2,G,N,conditional_k,C,0,160,0.0,0,0.02344619517150519,False,False,
43,template_ood,2,G,N,conditional_exact_k,C,0,160,0.0,0,0.02344619517150519,False,False,
43,template_ood,2,G,N,conditional_EOS_k,C,160,160,1.0,0.9765538048284949,1,False,False,
43,template_ood,2,G,N,gate_and_next_k,raw160,0,160,0.0,0,0.02344619517150519,False,False,
43,template_ood,2,G,N,raw_full2_k,raw160,0,160,0.0,0,0.02344619517150519,False,False,
43,template_ood,2,G,N,raw_next_k,raw160,0,160,0.0,0,0.02344619517150519,False,False,
43,template_ood,2,G,F,conditional_k,C,0,160,0.0,0,0.02344619517150519,False,False,
43,template_ood,2,G,F,conditional_exact_k,C,0,160,0.0,0,0.02344619517150519,False,False,
43,template_ood,2,G,F,conditional_EOS_k,C,160,160,1.0,0.9765538048284949,1,False,False,
43,template_ood,2,G,F,gate_and_next_k,raw160,0,160,0.0,0,0.02344619517150519,False,False,
43,template_ood,2,G,F,raw_full2_k,raw160,0,160,0.0,0,0.02344619517150519,False,False,
43,template_ood,2,G,F,raw_next_k,raw160,0,160,0.0,0,0.02344619517150519,False,False,
43,template_ood,0,P,P,conditional_k,C,0,160,0.0,0,0.02344619517150519,False,False,
43,template_ood,0,P,P,conditional_exact_k,C,0,160,0.0,0,0.02344619517150519,False,False,
43,template_ood,0,P,P,conditional_EOS_k,C,160,160,1.0,0.9765538048284949,1,False,False,
43,template_ood,0,P,P,gate_and_next_k,raw160,0,160,0.0,0,0.02344619517150519,False,False,
43,template_ood,0,P,P,raw_full2_k,raw160,0,160,0.0,0,0.02344619517150519,False,False,
43,template_ood,0,P,P,raw_next_k,raw160,0,160,0.0,0,0.02344619517150519,False,False,
43,template_ood,0,P,N,conditional_k,C,0,160,0.0,0,0.02344619517150519,False,False,
43,template_ood,0,P,N,conditional_exact_k,C,0,160,0.0,0,0.02344619517150519,False,False,
43,template_ood,0,P,N,conditional_EOS_k,C,160,160,1.0,0.9765538048284949,1,False,False,
43,template_ood,0,P,N,gate_and_next_k,raw160,0,160,0.0,0,0.02344619517150519,False,False,
43,template_ood,0,P,N,raw_full2_k,raw160,0,160,0.0,0,0.02344619517150519,False,False,
43,template_ood,0,P,N,raw_next_k,raw160,0,160,0.0,0,0.02344619517150519,False,False,
43,template_ood,0,P,F,conditional_k,C,160,160,1.0,0.9765538048284949,1,False,False,
43,template_ood,0,P,F,conditional_exact_k,C,160,160,1.0,0.9765538048284949,1,False,False,
43,template_ood,0,P,F,conditional_EOS_k,C,160,160,1.0,0.9765538048284949,1,False,False,
43,template_ood,0,P,F,gate_and_next_k,raw160,160,160,1.0,0.9765538048284949,1,False,False,
43,template_ood,0,P,F,raw_full2_k,raw160,160,160,1.0,0.9765538048284949,1,False,False,
43,template_ood,0,P,F,raw_next_k,raw160,160,160,1.0,0.9765538048284949,1,False,False,
43,template_ood,0,U,P,conditional_k,C,0,160,0.0,0,0.02344619517150519,False,False,
43,template_ood,0,U,P,conditional_exact_k,C,0,160,0.0,0,0.02344619517150519,False,False,
43,template_ood,0,U,P,conditional_EOS_k,C,160,160,1.0,0.9765538048284949,1,False,False,
43,template_ood,0,U,P,gate_and_next_k,raw160,0,160,0.0,0,0.02344619517150519,False,False,
43,template_ood,0,U,P,raw_full2_k,raw160,0,160,0.0,0,0.02344619517150519,False,False,
43,template_ood,0,U,P,raw_next_k,raw160,0,160,0.0,0,0.02344619517150519,False,False,
43,template_ood,0,U,N,conditional_k,C,0,160,0.0,0,0.02344619517150519,False,False,
43,template_ood,0,U,N,conditional_exact_k,C,0,160,0.0,0,0.02344619517150519,False,False,
43,template_ood,0,U,N,conditional_EOS_k,C,160,160,1.0,0.9765538048284949,1,False,False,
43,template_ood,0,U,N,gate_and_next_k,raw160,0,160,0.0,0,0.02344619517150519,False,False,
43,template_ood,0,U,N,raw_full2_k,raw160,0,160,0.0,0,0.02344619517150519,False,False,
43,template_ood,0,U,N,raw_next_k,raw160,0,160,0.0,0,0.02344619517150519,False,False,
43,template_ood,0,U,F,conditional_k,C,160,160,1.0,0.9765538048284949,1,False,False,
43,template_ood,0,U,F,conditional_exact_k,C,160,160,1.0,0.9765538048284949,1,False,False,
43,template_ood,0,U,F,conditional_EOS_k,C,160,160,1.0,0.9765538048284949,1,False,False,
43,template_ood,0,U,F,gate_and_next_k,raw160,160,160,1.0,0.9765538048284949,1,False,False,
43,template_ood,0,U,F,raw_full2_k,raw160,160,160,1.0,0.9765538048284949,1,False,False,
43,template_ood,0,U,F,raw_next_k,raw160,160,160,1.0,0.9765538048284949,1,False,False,
43,template_ood,0,G,P,conditional_k,C,0,160,0.0,0,0.02344619517150519,False,False,
43,template_ood,0,G,P,conditional_exact_k,C,0,160,0.0,0,0.02344619517150519,False,False,
43,template_ood,0,G,P,conditional_EOS_k,C,160,160,1.0,0.9765538048284949,1,False,False,
43,template_ood,0,G,P,gate_and_next_k,raw160,0,160,0.0,0,0.02344619517150519,False,False,
43,template_ood,0,G,P,raw_full2_k,raw160,0,160,0.0,0,0.02344619517150519,False,False,
43,template_ood,0,G,P,raw_next_k,raw160,0,160,0.0,0,0.02344619517150519,False,False,
43,template_ood,0,G,N,conditional_k,C,0,160,0.0,0,0.02344619517150519,False,False,
43,template_ood,0,G,N,conditional_exact_k,C,0,160,0.0,0,0.02344619517150519,False,False,
43,template_ood,0,G,N,conditional_EOS_k,C,160,160,1.0,0.9765538048284949,1,False,False,
43,template_ood,0,G,N,gate_and_next_k,raw160,0,160,0.0,0,0.02344619517150519,False,False,
43,template_ood,0,G,N,raw_full2_k,raw160,0,160,0.0,0,0.02344619517150519,False,False,
43,template_ood,0,G,N,raw_next_k,raw160,0,160,0.0,0,0.02344619517150519,False,False,
43,template_ood,0,G,F,conditional_k,C,117,160,0.73125,0.6577316340908198,0.7939245006423591,False,False,
43,template_ood,0,G,F,conditional_exact_k,C,117,160,0.73125,0.6577316340908198,0.7939245006423591,False,False,
43,template_ood,0,G,F,conditional_EOS_k,C,160,160,1.0,0.9765538048284949,1,False,False,
43,template_ood,0,G,F,gate_and_next_k,raw160,117,160,0.73125,0.6577316340908198,0.7939245006423591,False,False,
43,template_ood,0,G,F,raw_full2_k,raw160,117,160,0.73125,0.6577316340908198,0.7939245006423591,False,False,
43,template_ood,0,G,F,raw_next_k,raw160,117,160,0.73125,0.6577316340908198,0.7939245006423591,False,False,
43,template_ood,-1,P,P,conditional_k,C,145,145,1.0,0.9741909354347176,1,False,False,
43,template_ood,-1,P,P,conditional_exact_k,C,145,145,1.0,0.9741909354347176,1,False,False,
43,template_ood,-1,P,P,conditional_EOS_k,C,145,145,1.0,0.9741909354347176,1,False,False,
43,template_ood,-1,P,P,gate_and_next_k,raw160,145,160,0.90625,0.8510879733686995,0.9423619930544526,False,False,
43,template_ood,-1,P,P,raw_full2_k,raw160,145,160,0.90625,0.8510879733686995,0.9423619930544526,False,False,
43,template_ood,-1,P,P,raw_next_k,raw160,160,160,1.0,0.9765538048284949,1,False,False,
43,template_ood,-1,P,N,conditional_k,C,145,145,1.0,0.9741909354347176,1,False,False,
43,template_ood,-1,P,N,conditional_exact_k,C,145,145,1.0,0.9741909354347176,1,False,False,
43,template_ood,-1,P,N,conditional_EOS_k,C,145,145,1.0,0.9741909354347176,1,False,False,
43,template_ood,-1,P,N,gate_and_next_k,raw160,145,160,0.90625,0.8510879733686995,0.9423619930544526,False,False,
43,template_ood,-1,P,N,raw_full2_k,raw160,145,160,0.90625,0.8510879733686995,0.9423619930544526,False,False,
43,template_ood,-1,P,N,raw_next_k,raw160,160,160,1.0,0.9765538048284949,1,False,False,
43,template_ood,-1,P,F,conditional_k,C,99,145,0.6827586206896552,0.6031253485406506,0.7529582347561773,False,False,
43,template_ood,-1,P,F,conditional_exact_k,C,99,145,0.6827586206896552,0.6031253485406506,0.7529582347561773,False,False,
43,template_ood,-1,P,F,conditional_EOS_k,C,145,145,1.0,0.9741909354347176,1,False,False,
43,template_ood,-1,P,F,gate_and_next_k,raw160,99,160,0.61875,0.5415435043833561,0.6903880242634115,False,False,
43,template_ood,-1,P,F,raw_full2_k,raw160,99,160,0.61875,0.5415435043833561,0.6903880242634115,False,False,
43,template_ood,-1,P,F,raw_next_k,raw160,99,160,0.61875,0.5415435043833561,0.6903880242634115,False,False,
43,template_ood,-1,U,P,conditional_k,C,153,153,1.0,0.9755073763686055,1,False,False,
43,template_ood,-1,U,P,conditional_exact_k,C,153,153,1.0,0.9755073763686055,1,False,False,
43,template_ood,-1,U,P,conditional_EOS_k,C,153,153,1.0,0.9755073763686055,1,False,False,
43,template_ood,-1,U,P,gate_and_next_k,raw160,153,160,0.95625,0.9124569584575362,0.9786483884484656,False,False,
43,template_ood,-1,U,P,raw_full2_k,raw160,153,160,0.95625,0.9124569584575362,0.9786483884484656,False,False,
43,template_ood,-1,U,P,raw_next_k,raw160,160,160,1.0,0.9765538048284949,1,False,False,
43,template_ood,-1,U,N,conditional_k,C,153,153,1.0,0.9755073763686055,1,False,False,
43,template_ood,-1,U,N,conditional_exact_k,C,153,153,1.0,0.9755073763686055,1,False,False,
43,template_ood,-1,U,N,conditional_EOS_k,C,153,153,1.0,0.9755073763686055,1,False,False,
43,template_ood,-1,U,N,gate_and_next_k,raw160,153,160,0.95625,0.9124569584575362,0.9786483884484656,False,False,
43,template_ood,-1,U,N,raw_full2_k,raw160,153,160,0.95625,0.9124569584575362,0.9786483884484656,False,False,
43,template_ood,-1,U,N,raw_next_k,raw160,160,160,1.0,0.9765538048284949,1,False,False,
43,template_ood,-1,U,F,conditional_k,C,120,153,0.7843137254901961,0.7126059974648088,0.8420942753722415,False,False,
43,template_ood,-1,U,F,conditional_exact_k,C,120,153,0.7843137254901961,0.7126059974648088,0.8420942753722415,False,False,
43,template_ood,-1,U,F,conditional_EOS_k,C,153,153,1.0,0.9755073763686055,1,False,False,
43,template_ood,-1,U,F,gate_and_next_k,raw160,120,160,0.75,0.6775763046904398,0.8107005977238076,False,False,
43,template_ood,-1,U,F,raw_full2_k,raw160,120,160,0.75,0.6775763046904398,0.8107005977238076,False,False,
43,template_ood,-1,U,F,raw_next_k,raw160,120,160,0.75,0.6775763046904398,0.8107005977238076,False,False,
43,template_ood,-1,G,P,conditional_k,C,120,120,1.0,0.9689808335812966,1,False,False,
43,template_ood,-1,G,P,conditional_exact_k,C,120,120,1.0,0.9689808335812966,1,False,False,
43,template_ood,-1,G,P,conditional_EOS_k,C,120,120,1.0,0.9689808335812966,1,False,False,
43,template_ood,-1,G,P,gate_and_next_k,raw160,120,160,0.75,0.6775763046904398,0.8107005977238076,False,False,
43,template_ood,-1,G,P,raw_full2_k,raw160,120,160,0.75,0.6775763046904398,0.8107005977238076,False,False,
43,template_ood,-1,G,P,raw_next_k,raw160,160,160,1.0,0.9765538048284949,1,False,False,
43,template_ood,-1,G,N,conditional_k,C,120,120,1.0,0.9689808335812966,1,False,False,
43,template_ood,-1,G,N,conditional_exact_k,C,120,120,1.0,0.9689808335812966,1,False,False,
43,template_ood,-1,G,N,conditional_EOS_k,C,120,120,1.0,0.9689808335812966,1,False,False,
43,template_ood,-1,G,N,gate_and_next_k,raw160,120,160,0.75,0.6775763046904398,0.8107005977238076,False,False,
43,template_ood,-1,G,N,raw_full2_k,raw160,120,160,0.75,0.6775763046904398,0.8107005977238076,False,False,
43,template_ood,-1,G,N,raw_next_k,raw160,160,160,1.0,0.9765538048284949,1,False,False,
43,template_ood,-1,G,F,conditional_k,C,120,120,1.0,0.9689808335812966,1,False,False,
43,template_ood,-1,G,F,conditional_exact_k,C,120,120,1.0,0.9689808335812966,1,False,False,
43,template_ood,-1,G,F,conditional_EOS_k,C,120,120,1.0,0.9689808335812966,1,False,False,
43,template_ood,-1,G,F,gate_and_next_k,raw160,120,160,0.75,0.6775763046904398,0.8107005977238076,False,False,
43,template_ood,-1,G,F,raw_full2_k,raw160,120,160,0.75,0.6775763046904398,0.8107005977238076,False,False,
43,template_ood,-1,G,F,raw_next_k,raw160,160,160,1.0,0.9765538048284949,1,False,False,
43,template_ood,-2,P,P,conditional_k,C,0,157,0.0,0,0.023883511433308864,False,False,
43,template_ood,-2,P,P,conditional_exact_k,C,0,157,0.0,0,0.023883511433308864,False,False,
43,template_ood,-2,P,P,conditional_EOS_k,C,157,157,1.0,0.976116488566691,0.9999999999999999,False,False,
43,template_ood,-2,P,P,gate_and_next_k,raw160,0,160,0.0,0,0.02344619517150519,False,False,
43,template_ood,-2,P,P,raw_full2_k,raw160,0,160,0.0,0,0.02344619517150519,False,False,
43,template_ood,-2,P,P,raw_next_k,raw160,0,160,0.0,0,0.02344619517150519,False,False,
43,template_ood,-2,P,N,conditional_k,C,0,157,0.0,0,0.023883511433308864,False,False,
43,template_ood,-2,P,N,conditional_exact_k,C,0,157,0.0,0,0.023883511433308864,False,False,
43,template_ood,-2,P,N,conditional_EOS_k,C,157,157,1.0,0.976116488566691,0.9999999999999999,False,False,
43,template_ood,-2,P,N,gate_and_next_k,raw160,0,160,0.0,0,0.02344619517150519,False,False,
43,template_ood,-2,P,N,raw_full2_k,raw160,0,160,0.0,0,0.02344619517150519,False,False,
43,template_ood,-2,P,N,raw_next_k,raw160,0,160,0.0,0,0.02344619517150519,False,False,
43,template_ood,-2,P,F,conditional_k,C,0,157,0.0,0,0.023883511433308864,False,False,
43,template_ood,-2,P,F,conditional_exact_k,C,0,157,0.0,0,0.023883511433308864,False,False,
43,template_ood,-2,P,F,conditional_EOS_k,C,157,157,1.0,0.976116488566691,0.9999999999999999,False,False,
43,template_ood,-2,P,F,gate_and_next_k,raw160,0,160,0.0,0,0.02344619517150519,False,False,
43,template_ood,-2,P,F,raw_full2_k,raw160,0,160,0.0,0,0.02344619517150519,False,False,
43,template_ood,-2,P,F,raw_next_k,raw160,0,160,0.0,0,0.02344619517150519,False,False,
43,template_ood,-2,U,P,conditional_k,C,0,160,0.0,0,0.02344619517150519,False,False,
43,template_ood,-2,U,P,conditional_exact_k,C,0,160,0.0,0,0.02344619517150519,False,False,
43,template_ood,-2,U,P,conditional_EOS_k,C,160,160,1.0,0.9765538048284949,1,False,False,
43,template_ood,-2,U,P,gate_and_next_k,raw160,0,160,0.0,0,0.02344619517150519,False,False,
43,template_ood,-2,U,P,raw_full2_k,raw160,0,160,0.0,0,0.02344619517150519,False,False,
43,template_ood,-2,U,P,raw_next_k,raw160,0,160,0.0,0,0.02344619517150519,False,False,
43,template_ood,-2,U,N,conditional_k,C,0,160,0.0,0,0.02344619517150519,False,False,
43,template_ood,-2,U,N,conditional_exact_k,C,0,160,0.0,0,0.02344619517150519,False,False,
43,template_ood,-2,U,N,conditional_EOS_k,C,160,160,1.0,0.9765538048284949,1,False,False,
43,template_ood,-2,U,N,gate_and_next_k,raw160,0,160,0.0,0,0.02344619517150519,False,False,
43,template_ood,-2,U,N,raw_full2_k,raw160,0,160,0.0,0,0.02344619517150519,False,False,
43,template_ood,-2,U,N,raw_next_k,raw160,0,160,0.0,0,0.02344619517150519,False,False,
43,template_ood,-2,U,F,conditional_k,C,0,160,0.0,0,0.02344619517150519,False,False,
43,template_ood,-2,U,F,conditional_exact_k,C,0,160,0.0,0,0.02344619517150519,False,False,
43,template_ood,-2,U,F,conditional_EOS_k,C,160,160,1.0,0.9765538048284949,1,False,False,
43,template_ood,-2,U,F,gate_and_next_k,raw160,0,160,0.0,0,0.02344619517150519,False,False,
43,template_ood,-2,U,F,raw_full2_k,raw160,0,160,0.0,0,0.02344619517150519,False,False,
43,template_ood,-2,U,F,raw_next_k,raw160,0,160,0.0,0,0.02344619517150519,False,False,
43,template_ood,-2,G,P,conditional_k,C,0,139,0.0,0,0.026893164298442428,False,False,
43,template_ood,-2,G,P,conditional_exact_k,C,0,139,0.0,0,0.026893164298442428,False,False,
43,template_ood,-2,G,P,conditional_EOS_k,C,139,139,1.0,0.9731068357015575,1,False,False,
43,template_ood,-2,G,P,gate_and_next_k,raw160,0,160,0.0,0,0.02344619517150519,False,False,
43,template_ood,-2,G,P,raw_full2_k,raw160,0,160,0.0,0,0.02344619517150519,False,False,
43,template_ood,-2,G,P,raw_next_k,raw160,0,160,0.0,0,0.02344619517150519,False,False,
43,template_ood,-2,G,N,conditional_k,C,0,139,0.0,0,0.026893164298442428,False,False,
43,template_ood,-2,G,N,conditional_exact_k,C,0,139,0.0,0,0.026893164298442428,False,False,
43,template_ood,-2,G,N,conditional_EOS_k,C,139,139,1.0,0.9731068357015575,1,False,False,
43,template_ood,-2,G,N,gate_and_next_k,raw160,0,160,0.0,0,0.02344619517150519,False,False,
43,template_ood,-2,G,N,raw_full2_k,raw160,0,160,0.0,0,0.02344619517150519,False,False,
43,template_ood,-2,G,N,raw_next_k,raw160,0,160,0.0,0,0.02344619517150519,False,False,
43,template_ood,-2,G,F,conditional_k,C,0,139,0.0,0,0.026893164298442428,False,False,
43,template_ood,-2,G,F,conditional_exact_k,C,0,139,0.0,0,0.026893164298442428,False,False,
43,template_ood,-2,G,F,conditional_EOS_k,C,139,139,1.0,0.9731068357015575,1,False,False,
43,template_ood,-2,G,F,gate_and_next_k,raw160,0,160,0.0,0,0.02344619517150519,False,False,
43,template_ood,-2,G,F,raw_full2_k,raw160,0,160,0.0,0,0.02344619517150519,False,False,
43,template_ood,-2,G,F,raw_next_k,raw160,0,160,0.0,0,0.02344619517150519,False,False,
44,iid,2,P,P,conditional_k,C,0,160,0.0,0,0.02344619517150519,False,False,
44,iid,2,P,P,conditional_exact_k,C,0,160,0.0,0,0.02344619517150519,False,False,
44,iid,2,P,P,conditional_EOS_k,C,160,160,1.0,0.9765538048284949,1,False,False,
44,iid,2,P,P,gate_and_next_k,raw160,0,160,0.0,0,0.02344619517150519,False,False,
44,iid,2,P,P,raw_full2_k,raw160,0,160,0.0,0,0.02344619517150519,False,False,
44,iid,2,P,P,raw_next_k,raw160,0,160,0.0,0,0.02344619517150519,False,False,
44,iid,2,P,N,conditional_k,C,0,160,0.0,0,0.02344619517150519,False,False,
44,iid,2,P,N,conditional_exact_k,C,0,160,0.0,0,0.02344619517150519,False,False,
44,iid,2,P,N,conditional_EOS_k,C,160,160,1.0,0.9765538048284949,1,False,False,
44,iid,2,P,N,gate_and_next_k,raw160,0,160,0.0,0,0.02344619517150519,False,False,
44,iid,2,P,N,raw_full2_k,raw160,0,160,0.0,0,0.02344619517150519,False,False,
44,iid,2,P,N,raw_next_k,raw160,0,160,0.0,0,0.02344619517150519,False,False,
44,iid,2,P,F,conditional_k,C,0,160,0.0,0,0.02344619517150519,False,False,
44,iid,2,P,F,conditional_exact_k,C,0,160,0.0,0,0.02344619517150519,False,False,
44,iid,2,P,F,conditional_EOS_k,C,160,160,1.0,0.9765538048284949,1,False,False,
44,iid,2,P,F,gate_and_next_k,raw160,0,160,0.0,0,0.02344619517150519,False,False,
44,iid,2,P,F,raw_full2_k,raw160,0,160,0.0,0,0.02344619517150519,False,False,
44,iid,2,P,F,raw_next_k,raw160,0,160,0.0,0,0.02344619517150519,False,False,
44,iid,2,U,P,conditional_k,C,0,157,0.0,0,0.023883511433308864,False,False,
44,iid,2,U,P,conditional_exact_k,C,0,157,0.0,0,0.023883511433308864,False,False,
44,iid,2,U,P,conditional_EOS_k,C,157,157,1.0,0.976116488566691,0.9999999999999999,False,False,
44,iid,2,U,P,gate_and_next_k,raw160,0,160,0.0,0,0.02344619517150519,False,False,
44,iid,2,U,P,raw_full2_k,raw160,0,160,0.0,0,0.02344619517150519,False,False,
44,iid,2,U,P,raw_next_k,raw160,0,160,0.0,0,0.02344619517150519,False,False,
44,iid,2,U,N,conditional_k,C,0,157,0.0,0,0.023883511433308864,False,False,
44,iid,2,U,N,conditional_exact_k,C,0,157,0.0,0,0.023883511433308864,False,False,
44,iid,2,U,N,conditional_EOS_k,C,157,157,1.0,0.976116488566691,0.9999999999999999,False,False,
44,iid,2,U,N,gate_and_next_k,raw160,0,160,0.0,0,0.02344619517150519,False,False,
44,iid,2,U,N,raw_full2_k,raw160,0,160,0.0,0,0.02344619517150519,False,False,
44,iid,2,U,N,raw_next_k,raw160,0,160,0.0,0,0.02344619517150519,False,False,
44,iid,2,U,F,conditional_k,C,0,157,0.0,0,0.023883511433308864,False,False,
44,iid,2,U,F,conditional_exact_k,C,0,157,0.0,0,0.023883511433308864,False,False,
44,iid,2,U,F,conditional_EOS_k,C,157,157,1.0,0.976116488566691,0.9999999999999999,False,False,
44,iid,2,U,F,gate_and_next_k,raw160,0,160,0.0,0,0.02344619517150519,False,False,
44,iid,2,U,F,raw_full2_k,raw160,0,160,0.0,0,0.02344619517150519,False,False,
44,iid,2,U,F,raw_next_k,raw160,0,160,0.0,0,0.02344619517150519,False,False,
44,iid,2,G,P,conditional_k,C,0,95,0.0,0,0.038864853539472964,False,False,
44,iid,2,G,P,conditional_exact_k,C,0,95,0.0,0,0.038864853539472964,False,False,
44,iid,2,G,P,conditional_EOS_k,C,95,95,1.0,0.9611351464605271,1,False,False,
44,iid,2,G,P,gate_and_next_k,raw160,0,160,0.0,0,0.02344619517150519,False,False,
44,iid,2,G,P,raw_full2_k,raw160,0,160,0.0,0,0.02344619517150519,False,False,
44,iid,2,G,P,raw_next_k,raw160,0,160,0.0,0,0.02344619517150519,False,False,
44,iid,2,G,N,conditional_k,C,0,95,0.0,0,0.038864853539472964,False,False,
44,iid,2,G,N,conditional_exact_k,C,0,95,0.0,0,0.038864853539472964,False,False,
44,iid,2,G,N,conditional_EOS_k,C,95,95,1.0,0.9611351464605271,1,False,False,
44,iid,2,G,N,gate_and_next_k,raw160,0,160,0.0,0,0.02344619517150519,False,False,
44,iid,2,G,N,raw_full2_k,raw160,0,160,0.0,0,0.02344619517150519,False,False,
44,iid,2,G,N,raw_next_k,raw160,0,160,0.0,0,0.02344619517150519,False,False,
44,iid,2,G,F,conditional_k,C,0,95,0.0,0,0.038864853539472964,False,False,
44,iid,2,G,F,conditional_exact_k,C,0,95,0.0,0,0.038864853539472964,False,False,
44,iid,2,G,F,conditional_EOS_k,C,95,95,1.0,0.9611351464605271,1,False,False,
44,iid,2,G,F,gate_and_next_k,raw160,0,160,0.0,0,0.02344619517150519,False,False,
44,iid,2,G,F,raw_full2_k,raw160,0,160,0.0,0,0.02344619517150519,False,False,
44,iid,2,G,F,raw_next_k,raw160,0,160,0.0,0,0.02344619517150519,False,False,
44,iid,0,P,P,conditional_k,C,0,160,0.0,0,0.02344619517150519,False,False,
44,iid,0,P,P,conditional_exact_k,C,0,160,0.0,0,0.02344619517150519,False,False,
44,iid,0,P,P,conditional_EOS_k,C,160,160,1.0,0.9765538048284949,1,False,False,
44,iid,0,P,P,gate_and_next_k,raw160,0,160,0.0,0,0.02344619517150519,False,False,
44,iid,0,P,P,raw_full2_k,raw160,0,160,0.0,0,0.02344619517150519,False,False,
44,iid,0,P,P,raw_next_k,raw160,0,160,0.0,0,0.02344619517150519,False,False,
44,iid,0,P,N,conditional_k,C,0,160,0.0,0,0.02344619517150519,False,False,
44,iid,0,P,N,conditional_exact_k,C,0,160,0.0,0,0.02344619517150519,False,False,
44,iid,0,P,N,conditional_EOS_k,C,160,160,1.0,0.9765538048284949,1,False,False,
44,iid,0,P,N,gate_and_next_k,raw160,0,160,0.0,0,0.02344619517150519,False,False,
44,iid,0,P,N,raw_full2_k,raw160,0,160,0.0,0,0.02344619517150519,False,False,
44,iid,0,P,N,raw_next_k,raw160,0,160,0.0,0,0.02344619517150519,False,False,
44,iid,0,P,F,conditional_k,C,160,160,1.0,0.9765538048284949,1,False,False,
44,iid,0,P,F,conditional_exact_k,C,160,160,1.0,0.9765538048284949,1,False,False,
44,iid,0,P,F,conditional_EOS_k,C,160,160,1.0,0.9765538048284949,1,False,False,
44,iid,0,P,F,gate_and_next_k,raw160,160,160,1.0,0.9765538048284949,1,False,False,
44,iid,0,P,F,raw_full2_k,raw160,160,160,1.0,0.9765538048284949,1,False,False,
44,iid,0,P,F,raw_next_k,raw160,160,160,1.0,0.9765538048284949,1,False,False,
44,iid,0,U,P,conditional_k,C,0,160,0.0,0,0.02344619517150519,False,False,
44,iid,0,U,P,conditional_exact_k,C,0,160,0.0,0,0.02344619517150519,False,False,
44,iid,0,U,P,conditional_EOS_k,C,160,160,1.0,0.9765538048284949,1,False,False,
44,iid,0,U,P,gate_and_next_k,raw160,0,160,0.0,0,0.02344619517150519,False,False,
44,iid,0,U,P,raw_full2_k,raw160,0,160,0.0,0,0.02344619517150519,False,False,
44,iid,0,U,P,raw_next_k,raw160,0,160,0.0,0,0.02344619517150519,False,False,
44,iid,0,U,N,conditional_k,C,0,160,0.0,0,0.02344619517150519,False,False,
44,iid,0,U,N,conditional_exact_k,C,0,160,0.0,0,0.02344619517150519,False,False,
44,iid,0,U,N,conditional_EOS_k,C,160,160,1.0,0.9765538048284949,1,False,False,
44,iid,0,U,N,gate_and_next_k,raw160,0,160,0.0,0,0.02344619517150519,False,False,
44,iid,0,U,N,raw_full2_k,raw160,0,160,0.0,0,0.02344619517150519,False,False,
44,iid,0,U,N,raw_next_k,raw160,0,160,0.0,0,0.02344619517150519,False,False,
44,iid,0,U,F,conditional_k,C,160,160,1.0,0.9765538048284949,1,False,False,
44,iid,0,U,F,conditional_exact_k,C,160,160,1.0,0.9765538048284949,1,False,False,
44,iid,0,U,F,conditional_EOS_k,C,160,160,1.0,0.9765538048284949,1,False,False,
44,iid,0,U,F,gate_and_next_k,raw160,160,160,1.0,0.9765538048284949,1,False,False,
44,iid,0,U,F,raw_full2_k,raw160,160,160,1.0,0.9765538048284949,1,False,False,
44,iid,0,U,F,raw_next_k,raw160,160,160,1.0,0.9765538048284949,1,False,False,
44,iid,0,G,P,conditional_k,C,0,160,0.0,0,0.02344619517150519,False,False,
44,iid,0,G,P,conditional_exact_k,C,0,160,0.0,0,0.02344619517150519,False,False,
44,iid,0,G,P,conditional_EOS_k,C,160,160,1.0,0.9765538048284949,1,False,False,
44,iid,0,G,P,gate_and_next_k,raw160,0,160,0.0,0,0.02344619517150519,False,False,
44,iid,0,G,P,raw_full2_k,raw160,0,160,0.0,0,0.02344619517150519,False,False,
44,iid,0,G,P,raw_next_k,raw160,0,160,0.0,0,0.02344619517150519,False,False,
44,iid,0,G,N,conditional_k,C,0,160,0.0,0,0.02344619517150519,False,False,
44,iid,0,G,N,conditional_exact_k,C,0,160,0.0,0,0.02344619517150519,False,False,
44,iid,0,G,N,conditional_EOS_k,C,160,160,1.0,0.9765538048284949,1,False,False,
44,iid,0,G,N,gate_and_next_k,raw160,0,160,0.0,0,0.02344619517150519,False,False,
44,iid,0,G,N,raw_full2_k,raw160,0,160,0.0,0,0.02344619517150519,False,False,
44,iid,0,G,N,raw_next_k,raw160,0,160,0.0,0,0.02344619517150519,False,False,
44,iid,0,G,F,conditional_k,C,134,160,0.8375,0.7725474698683045,0.8866263483909297,False,False,
44,iid,0,G,F,conditional_exact_k,C,134,160,0.8375,0.7725474698683045,0.8866263483909297,False,False,
44,iid,0,G,F,conditional_EOS_k,C,160,160,1.0,0.9765538048284949,1,False,False,
44,iid,0,G,F,gate_and_next_k,raw160,134,160,0.8375,0.7725474698683045,0.8866263483909297,False,False,
44,iid,0,G,F,raw_full2_k,raw160,134,160,0.8375,0.7725474698683045,0.8866263483909297,False,False,
44,iid,0,G,F,raw_next_k,raw160,134,160,0.8375,0.7725474698683045,0.8866263483909297,False,False,
44,iid,-1,P,P,conditional_k,C,160,160,1.0,0.9765538048284949,1,False,False,
44,iid,-1,P,P,conditional_exact_k,C,160,160,1.0,0.9765538048284949,1,False,False,
44,iid,-1,P,P,conditional_EOS_k,C,160,160,1.0,0.9765538048284949,1,False,False,
44,iid,-1,P,P,gate_and_next_k,raw160,160,160,1.0,0.9765538048284949,1,False,False,
44,iid,-1,P,P,raw_full2_k,raw160,160,160,1.0,0.9765538048284949,1,False,False,
44,iid,-1,P,P,raw_next_k,raw160,160,160,1.0,0.9765538048284949,1,False,False,
44,iid,-1,P,N,conditional_k,C,160,160,1.0,0.9765538048284949,1,False,False,
44,iid,-1,P,N,conditional_exact_k,C,160,160,1.0,0.9765538048284949,1,False,False,
44,iid,-1,P,N,conditional_EOS_k,C,160,160,1.0,0.9765538048284949,1,False,False,
44,iid,-1,P,N,gate_and_next_k,raw160,160,160,1.0,0.9765538048284949,1,False,False,
44,iid,-1,P,N,raw_full2_k,raw160,160,160,1.0,0.9765538048284949,1,False,False,
44,iid,-1,P,N,raw_next_k,raw160,160,160,1.0,0.9765538048284949,1,False,False,
44,iid,-1,P,F,conditional_k,C,144,160,0.9,0.8437374796961266,0.9375055641666694,False,False,
44,iid,-1,P,F,conditional_exact_k,C,144,160,0.9,0.8437374796961266,0.9375055641666694,False,False,
44,iid,-1,P,F,conditional_EOS_k,C,160,160,1.0,0.9765538048284949,1,False,False,
44,iid,-1,P,F,gate_and_next_k,raw160,144,160,0.9,0.8437374796961266,0.9375055641666694,False,False,
44,iid,-1,P,F,raw_full2_k,raw160,144,160,0.9,0.8437374796961266,0.9375055641666694,False,False,
44,iid,-1,P,F,raw_next_k,raw160,144,160,0.9,0.8437374796961266,0.9375055641666694,False,False,
44,iid,-1,U,P,conditional_k,C,160,160,1.0,0.9765538048284949,1,False,False,
44,iid,-1,U,P,conditional_exact_k,C,160,160,1.0,0.9765538048284949,1,False,False,
44,iid,-1,U,P,conditional_EOS_k,C,160,160,1.0,0.9765538048284949,1,False,False,
44,iid,-1,U,P,gate_and_next_k,raw160,160,160,1.0,0.9765538048284949,1,False,False,
44,iid,-1,U,P,raw_full2_k,raw160,160,160,1.0,0.9765538048284949,1,False,False,
44,iid,-1,U,P,raw_next_k,raw160,160,160,1.0,0.9765538048284949,1,False,False,
44,iid,-1,U,N,conditional_k,C,160,160,1.0,0.9765538048284949,1,False,False,
44,iid,-1,U,N,conditional_exact_k,C,160,160,1.0,0.9765538048284949,1,False,False,
44,iid,-1,U,N,conditional_EOS_k,C,160,160,1.0,0.9765538048284949,1,False,False,
44,iid,-1,U,N,gate_and_next_k,raw160,160,160,1.0,0.9765538048284949,1,False,False,
44,iid,-1,U,N,raw_full2_k,raw160,160,160,1.0,0.9765538048284949,1,False,False,
44,iid,-1,U,N,raw_next_k,raw160,160,160,1.0,0.9765538048284949,1,False,False,
44,iid,-1,U,F,conditional_k,C,20,160,0.125,0.08239453584444192,0.18519011053418696,False,False,
44,iid,-1,U,F,conditional_exact_k,C,20,160,0.125,0.08239453584444192,0.18519011053418696,False,False,
44,iid,-1,U,F,conditional_EOS_k,C,160,160,1.0,0.9765538048284949,1,False,False,
44,iid,-1,U,F,gate_and_next_k,raw160,20,160,0.125,0.08239453584444192,0.18519011053418696,False,False,
44,iid,-1,U,F,raw_full2_k,raw160,20,160,0.125,0.08239453584444192,0.18519011053418696,False,False,
44,iid,-1,U,F,raw_next_k,raw160,20,160,0.125,0.08239453584444192,0.18519011053418696,False,False,
44,iid,-1,G,P,conditional_k,C,160,160,1.0,0.9765538048284949,1,False,False,
44,iid,-1,G,P,conditional_exact_k,C,160,160,1.0,0.9765538048284949,1,False,False,
44,iid,-1,G,P,conditional_EOS_k,C,160,160,1.0,0.9765538048284949,1,False,False,
44,iid,-1,G,P,gate_and_next_k,raw160,160,160,1.0,0.9765538048284949,1,False,False,
44,iid,-1,G,P,raw_full2_k,raw160,160,160,1.0,0.9765538048284949,1,False,False,
44,iid,-1,G,P,raw_next_k,raw160,160,160,1.0,0.9765538048284949,1,False,False,
44,iid,-1,G,N,conditional_k,C,160,160,1.0,0.9765538048284949,1,False,False,
44,iid,-1,G,N,conditional_exact_k,C,160,160,1.0,0.9765538048284949,1,False,False,
44,iid,-1,G,N,conditional_EOS_k,C,160,160,1.0,0.9765538048284949,1,False,False,
44,iid,-1,G,N,gate_and_next_k,raw160,160,160,1.0,0.9765538048284949,1,False,False,
44,iid,-1,G,N,raw_full2_k,raw160,160,160,1.0,0.9765538048284949,1,False,False,
44,iid,-1,G,N,raw_next_k,raw160,160,160,1.0,0.9765538048284949,1,False,False,
44,iid,-1,G,F,conditional_k,C,160,160,1.0,0.9765538048284949,1,False,False,
44,iid,-1,G,F,conditional_exact_k,C,160,160,1.0,0.9765538048284949,1,False,False,
44,iid,-1,G,F,conditional_EOS_k,C,160,160,1.0,0.9765538048284949,1,False,False,
44,iid,-1,G,F,gate_and_next_k,raw160,160,160,1.0,0.9765538048284949,1,False,False,
44,iid,-1,G,F,raw_full2_k,raw160,160,160,1.0,0.9765538048284949,1,False,False,
44,iid,-1,G,F,raw_next_k,raw160,160,160,1.0,0.9765538048284949,1,False,False,
44,iid,-2,P,P,conditional_k,C,0,160,0.0,0,0.02344619517150519,False,False,
44,iid,-2,P,P,conditional_exact_k,C,0,160,0.0,0,0.02344619517150519,False,False,
44,iid,-2,P,P,conditional_EOS_k,C,160,160,1.0,0.9765538048284949,1,False,False,
44,iid,-2,P,P,gate_and_next_k,raw160,0,160,0.0,0,0.02344619517150519,False,False,
44,iid,-2,P,P,raw_full2_k,raw160,0,160,0.0,0,0.02344619517150519,False,False,
44,iid,-2,P,P,raw_next_k,raw160,0,160,0.0,0,0.02344619517150519,False,False,
44,iid,-2,P,N,conditional_k,C,0,160,0.0,0,0.02344619517150519,False,False,
44,iid,-2,P,N,conditional_exact_k,C,0,160,0.0,0,0.02344619517150519,False,False,
44,iid,-2,P,N,conditional_EOS_k,C,160,160,1.0,0.9765538048284949,1,False,False,
44,iid,-2,P,N,gate_and_next_k,raw160,0,160,0.0,0,0.02344619517150519,False,False,
44,iid,-2,P,N,raw_full2_k,raw160,0,160,0.0,0,0.02344619517150519,False,False,
44,iid,-2,P,N,raw_next_k,raw160,0,160,0.0,0,0.02344619517150519,False,False,
44,iid,-2,P,F,conditional_k,C,0,160,0.0,0,0.02344619517150519,False,False,
44,iid,-2,P,F,conditional_exact_k,C,0,160,0.0,0,0.02344619517150519,False,False,
44,iid,-2,P,F,conditional_EOS_k,C,160,160,1.0,0.9765538048284949,1,False,False,
44,iid,-2,P,F,gate_and_next_k,raw160,0,160,0.0,0,0.02344619517150519,False,False,
44,iid,-2,P,F,raw_full2_k,raw160,0,160,0.0,0,0.02344619517150519,False,False,
44,iid,-2,P,F,raw_next_k,raw160,0,160,0.0,0,0.02344619517150519,False,False,
44,iid,-2,U,P,conditional_k,C,0,160,0.0,0,0.02344619517150519,False,False,
44,iid,-2,U,P,conditional_exact_k,C,0,160,0.0,0,0.02344619517150519,False,False,
44,iid,-2,U,P,conditional_EOS_k,C,160,160,1.0,0.9765538048284949,1,False,False,
44,iid,-2,U,P,gate_and_next_k,raw160,0,160,0.0,0,0.02344619517150519,False,False,
44,iid,-2,U,P,raw_full2_k,raw160,0,160,0.0,0,0.02344619517150519,False,False,
44,iid,-2,U,P,raw_next_k,raw160,0,160,0.0,0,0.02344619517150519,False,False,
44,iid,-2,U,N,conditional_k,C,0,160,0.0,0,0.02344619517150519,False,False,
44,iid,-2,U,N,conditional_exact_k,C,0,160,0.0,0,0.02344619517150519,False,False,
44,iid,-2,U,N,conditional_EOS_k,C,160,160,1.0,0.9765538048284949,1,False,False,
44,iid,-2,U,N,gate_and_next_k,raw160,0,160,0.0,0,0.02344619517150519,False,False,
44,iid,-2,U,N,raw_full2_k,raw160,0,160,0.0,0,0.02344619517150519,False,False,
44,iid,-2,U,N,raw_next_k,raw160,0,160,0.0,0,0.02344619517150519,False,False,
44,iid,-2,U,F,conditional_k,C,0,160,0.0,0,0.02344619517150519,False,False,
44,iid,-2,U,F,conditional_exact_k,C,0,160,0.0,0,0.02344619517150519,False,False,
44,iid,-2,U,F,conditional_EOS_k,C,160,160,1.0,0.9765538048284949,1,False,False,
44,iid,-2,U,F,gate_and_next_k,raw160,0,160,0.0,0,0.02344619517150519,False,False,
44,iid,-2,U,F,raw_full2_k,raw160,0,160,0.0,0,0.02344619517150519,False,False,
44,iid,-2,U,F,raw_next_k,raw160,0,160,0.0,0,0.02344619517150519,False,False,
44,iid,-2,G,P,conditional_k,C,0,160,0.0,0,0.02344619517150519,False,False,
44,iid,-2,G,P,conditional_exact_k,C,0,160,0.0,0,0.02344619517150519,False,False,
44,iid,-2,G,P,conditional_EOS_k,C,160,160,1.0,0.9765538048284949,1,False,False,
44,iid,-2,G,P,gate_and_next_k,raw160,0,160,0.0,0,0.02344619517150519,False,False,
44,iid,-2,G,P,raw_full2_k,raw160,0,160,0.0,0,0.02344619517150519,False,False,
44,iid,-2,G,P,raw_next_k,raw160,0,160,0.0,0,0.02344619517150519,False,False,
44,iid,-2,G,N,conditional_k,C,0,160,0.0,0,0.02344619517150519,False,False,
44,iid,-2,G,N,conditional_exact_k,C,0,160,0.0,0,0.02344619517150519,False,False,
44,iid,-2,G,N,conditional_EOS_k,C,160,160,1.0,0.9765538048284949,1,False,False,
44,iid,-2,G,N,gate_and_next_k,raw160,0,160,0.0,0,0.02344619517150519,False,False,
44,iid,-2,G,N,raw_full2_k,raw160,0,160,0.0,0,0.02344619517150519,False,False,
44,iid,-2,G,N,raw_next_k,raw160,0,160,0.0,0,0.02344619517150519,False,False,
44,iid,-2,G,F,conditional_k,C,0,160,0.0,0,0.02344619517150519,False,False,
44,iid,-2,G,F,conditional_exact_k,C,0,160,0.0,0,0.02344619517150519,False,False,
44,iid,-2,G,F,conditional_EOS_k,C,160,160,1.0,0.9765538048284949,1,False,False,
44,iid,-2,G,F,gate_and_next_k,raw160,0,160,0.0,0,0.02344619517150519,False,False,
44,iid,-2,G,F,raw_full2_k,raw160,0,160,0.0,0,0.02344619517150519,False,False,
44,iid,-2,G,F,raw_next_k,raw160,0,160,0.0,0,0.02344619517150519,False,False,
44,template_ood,2,P,P,conditional_k,C,0,160,0.0,0,0.02344619517150519,False,False,
44,template_ood,2,P,P,conditional_exact_k,C,0,160,0.0,0,0.02344619517150519,False,False,
44,template_ood,2,P,P,conditional_EOS_k,C,160,160,1.0,0.9765538048284949,1,False,False,
44,template_ood,2,P,P,gate_and_next_k,raw160,0,160,0.0,0,0.02344619517150519,False,False,
44,template_ood,2,P,P,raw_full2_k,raw160,0,160,0.0,0,0.02344619517150519,False,False,
44,template_ood,2,P,P,raw_next_k,raw160,0,160,0.0,0,0.02344619517150519,False,False,
44,template_ood,2,P,N,conditional_k,C,0,160,0.0,0,0.02344619517150519,False,False,
44,template_ood,2,P,N,conditional_exact_k,C,0,160,0.0,0,0.02344619517150519,False,False,
44,template_ood,2,P,N,conditional_EOS_k,C,160,160,1.0,0.9765538048284949,1,False,False,
44,template_ood,2,P,N,gate_and_next_k,raw160,0,160,0.0,0,0.02344619517150519,False,False,
44,template_ood,2,P,N,raw_full2_k,raw160,0,160,0.0,0,0.02344619517150519,False,False,
44,template_ood,2,P,N,raw_next_k,raw160,0,160,0.0,0,0.02344619517150519,False,False,
44,template_ood,2,P,F,conditional_k,C,0,160,0.0,0,0.02344619517150519,False,False,
44,template_ood,2,P,F,conditional_exact_k,C,0,160,0.0,0,0.02344619517150519,False,False,
44,template_ood,2,P,F,conditional_EOS_k,C,160,160,1.0,0.9765538048284949,1,False,False,
44,template_ood,2,P,F,gate_and_next_k,raw160,0,160,0.0,0,0.02344619517150519,False,False,
44,template_ood,2,P,F,raw_full2_k,raw160,0,160,0.0,0,0.02344619517150519,False,False,
44,template_ood,2,P,F,raw_next_k,raw160,0,160,0.0,0,0.02344619517150519,False,False,
44,template_ood,2,U,P,conditional_k,C,0,131,0.0,0,0.028488707065994576,False,False,
44,template_ood,2,U,P,conditional_exact_k,C,0,131,0.0,0,0.028488707065994576,False,False,
44,template_ood,2,U,P,conditional_EOS_k,C,131,131,1.0,0.9715112929340055,1,False,False,
44,template_ood,2,U,P,gate_and_next_k,raw160,0,160,0.0,0,0.02344619517150519,False,False,
44,template_ood,2,U,P,raw_full2_k,raw160,0,160,0.0,0,0.02344619517150519,False,False,
44,template_ood,2,U,P,raw_next_k,raw160,0,160,0.0,0,0.02344619517150519,False,False,
44,template_ood,2,U,N,conditional_k,C,0,131,0.0,0,0.028488707065994576,False,False,
44,template_ood,2,U,N,conditional_exact_k,C,0,131,0.0,0,0.028488707065994576,False,False,
44,template_ood,2,U,N,conditional_EOS_k,C,131,131,1.0,0.9715112929340055,1,False,False,
44,template_ood,2,U,N,gate_and_next_k,raw160,0,160,0.0,0,0.02344619517150519,False,False,
44,template_ood,2,U,N,raw_full2_k,raw160,0,160,0.0,0,0.02344619517150519,False,False,
44,template_ood,2,U,N,raw_next_k,raw160,0,160,0.0,0,0.02344619517150519,False,False,
44,template_ood,2,U,F,conditional_k,C,0,131,0.0,0,0.028488707065994576,False,False,
44,template_ood,2,U,F,conditional_exact_k,C,0,131,0.0,0,0.028488707065994576,False,False,
44,template_ood,2,U,F,conditional_EOS_k,C,131,131,1.0,0.9715112929340055,1,False,False,
44,template_ood,2,U,F,gate_and_next_k,raw160,0,160,0.0,0,0.02344619517150519,False,False,
44,template_ood,2,U,F,raw_full2_k,raw160,0,160,0.0,0,0.02344619517150519,False,False,
44,template_ood,2,U,F,raw_next_k,raw160,0,160,0.0,0,0.02344619517150519,False,False,
44,template_ood,2,G,P,conditional_k,C,0,147,0.0,0,0.02546686335923391,False,False,
44,template_ood,2,G,P,conditional_exact_k,C,0,147,0.0,0,0.02546686335923391,False,False,
44,template_ood,2,G,P,conditional_EOS_k,C,147,147,1.0,0.9745331366407661,1,False,False,
44,template_ood,2,G,P,gate_and_next_k,raw160,0,160,0.0,0,0.02344619517150519,False,False,
44,template_ood,2,G,P,raw_full2_k,raw160,0,160,0.0,0,0.02344619517150519,False,False,
44,template_ood,2,G,P,raw_next_k,raw160,0,160,0.0,0,0.02344619517150519,False,False,
44,template_ood,2,G,N,conditional_k,C,0,147,0.0,0,0.02546686335923391,False,False,
44,template_ood,2,G,N,conditional_exact_k,C,0,147,0.0,0,0.02546686335923391,False,False,
44,template_ood,2,G,N,conditional_EOS_k,C,147,147,1.0,0.9745331366407661,1,False,False,
44,template_ood,2,G,N,gate_and_next_k,raw160,0,160,0.0,0,0.02344619517150519,False,False,
44,template_ood,2,G,N,raw_full2_k,raw160,0,160,0.0,0,0.02344619517150519,False,False,
44,template_ood,2,G,N,raw_next_k,raw160,0,160,0.0,0,0.02344619517150519,False,False,
44,template_ood,2,G,F,conditional_k,C,0,147,0.0,0,0.02546686335923391,False,False,
44,template_ood,2,G,F,conditional_exact_k,C,0,147,0.0,0,0.02546686335923391,False,False,
44,template_ood,2,G,F,conditional_EOS_k,C,147,147,1.0,0.9745331366407661,1,False,False,
44,template_ood,2,G,F,gate_and_next_k,raw160,0,160,0.0,0,0.02344619517150519,False,False,
44,template_ood,2,G,F,raw_full2_k,raw160,0,160,0.0,0,0.02344619517150519,False,False,
44,template_ood,2,G,F,raw_next_k,raw160,0,160,0.0,0,0.02344619517150519,False,False,
44,template_ood,0,P,P,conditional_k,C,0,160,0.0,0,0.02344619517150519,False,False,
44,template_ood,0,P,P,conditional_exact_k,C,0,160,0.0,0,0.02344619517150519,False,False,
44,template_ood,0,P,P,conditional_EOS_k,C,160,160,1.0,0.9765538048284949,1,False,False,
44,template_ood,0,P,P,gate_and_next_k,raw160,0,160,0.0,0,0.02344619517150519,False,False,
44,template_ood,0,P,P,raw_full2_k,raw160,0,160,0.0,0,0.02344619517150519,False,False,
44,template_ood,0,P,P,raw_next_k,raw160,0,160,0.0,0,0.02344619517150519,False,False,
44,template_ood,0,P,N,conditional_k,C,0,160,0.0,0,0.02344619517150519,False,False,
44,template_ood,0,P,N,conditional_exact_k,C,0,160,0.0,0,0.02344619517150519,False,False,
44,template_ood,0,P,N,conditional_EOS_k,C,160,160,1.0,0.9765538048284949,1,False,False,
44,template_ood,0,P,N,gate_and_next_k,raw160,0,160,0.0,0,0.02344619517150519,False,False,
44,template_ood,0,P,N,raw_full2_k,raw160,0,160,0.0,0,0.02344619517150519,False,False,
44,template_ood,0,P,N,raw_next_k,raw160,0,160,0.0,0,0.02344619517150519,False,False,
44,template_ood,0,P,F,conditional_k,C,160,160,1.0,0.9765538048284949,1,False,False,
44,template_ood,0,P,F,conditional_exact_k,C,160,160,1.0,0.9765538048284949,1,False,False,
44,template_ood,0,P,F,conditional_EOS_k,C,160,160,1.0,0.9765538048284949,1,False,False,
44,template_ood,0,P,F,gate_and_next_k,raw160,160,160,1.0,0.9765538048284949,1,False,False,
44,template_ood,0,P,F,raw_full2_k,raw160,160,160,1.0,0.9765538048284949,1,False,False,
44,template_ood,0,P,F,raw_next_k,raw160,160,160,1.0,0.9765538048284949,1,False,False,
44,template_ood,0,U,P,conditional_k,C,0,160,0.0,0,0.02344619517150519,False,False,
44,template_ood,0,U,P,conditional_exact_k,C,0,160,0.0,0,0.02344619517150519,False,False,
44,template_ood,0,U,P,conditional_EOS_k,C,160,160,1.0,0.9765538048284949,1,False,False,
44,template_ood,0,U,P,gate_and_next_k,raw160,0,160,0.0,0,0.02344619517150519,False,False,
44,template_ood,0,U,P,raw_full2_k,raw160,0,160,0.0,0,0.02344619517150519,False,False,
44,template_ood,0,U,P,raw_next_k,raw160,0,160,0.0,0,0.02344619517150519,False,False,
44,template_ood,0,U,N,conditional_k,C,0,160,0.0,0,0.02344619517150519,False,False,
44,template_ood,0,U,N,conditional_exact_k,C,0,160,0.0,0,0.02344619517150519,False,False,
44,template_ood,0,U,N,conditional_EOS_k,C,160,160,1.0,0.9765538048284949,1,False,False,
44,template_ood,0,U,N,gate_and_next_k,raw160,0,160,0.0,0,0.02344619517150519,False,False,
44,template_ood,0,U,N,raw_full2_k,raw160,0,160,0.0,0,0.02344619517150519,False,False,
44,template_ood,0,U,N,raw_next_k,raw160,0,160,0.0,0,0.02344619517150519,False,False,
44,template_ood,0,U,F,conditional_k,C,160,160,1.0,0.9765538048284949,1,False,False,
44,template_ood,0,U,F,conditional_exact_k,C,160,160,1.0,0.9765538048284949,1,False,False,
44,template_ood,0,U,F,conditional_EOS_k,C,160,160,1.0,0.9765538048284949,1,False,False,
44,template_ood,0,U,F,gate_and_next_k,raw160,160,160,1.0,0.9765538048284949,1,False,False,
44,template_ood,0,U,F,raw_full2_k,raw160,160,160,1.0,0.9765538048284949,1,False,False,
44,template_ood,0,U,F,raw_next_k,raw160,160,160,1.0,0.9765538048284949,1,False,False,
44,template_ood,0,G,P,conditional_k,C,0,160,0.0,0,0.02344619517150519,False,False,
44,template_ood,0,G,P,conditional_exact_k,C,0,160,0.0,0,0.02344619517150519,False,False,
44,template_ood,0,G,P,conditional_EOS_k,C,160,160,1.0,0.9765538048284949,1,False,False,
44,template_ood,0,G,P,gate_and_next_k,raw160,0,160,0.0,0,0.02344619517150519,False,False,
44,template_ood,0,G,P,raw_full2_k,raw160,0,160,0.0,0,0.02344619517150519,False,False,
44,template_ood,0,G,P,raw_next_k,raw160,0,160,0.0,0,0.02344619517150519,False,False,
44,template_ood,0,G,N,conditional_k,C,0,160,0.0,0,0.02344619517150519,False,False,
44,template_ood,0,G,N,conditional_exact_k,C,0,160,0.0,0,0.02344619517150519,False,False,
44,template_ood,0,G,N,conditional_EOS_k,C,160,160,1.0,0.9765538048284949,1,False,False,
44,template_ood,0,G,N,gate_and_next_k,raw160,0,160,0.0,0,0.02344619517150519,False,False,
44,template_ood,0,G,N,raw_full2_k,raw160,0,160,0.0,0,0.02344619517150519,False,False,
44,template_ood,0,G,N,raw_next_k,raw160,0,160,0.0,0,0.02344619517150519,False,False,
44,template_ood,0,G,F,conditional_k,C,122,160,0.7625,0.6908943322868297,0.8217964152481301,False,False,
44,template_ood,0,G,F,conditional_exact_k,C,122,160,0.7625,0.6908943322868297,0.8217964152481301,False,False,
44,template_ood,0,G,F,conditional_EOS_k,C,160,160,1.0,0.9765538048284949,1,False,False,
44,template_ood,0,G,F,gate_and_next_k,raw160,122,160,0.7625,0.6908943322868297,0.8217964152481301,False,False,
44,template_ood,0,G,F,raw_full2_k,raw160,122,160,0.7625,0.6908943322868297,0.8217964152481301,False,False,
44,template_ood,0,G,F,raw_next_k,raw160,122,160,0.7625,0.6908943322868297,0.8217964152481301,False,False,
44,template_ood,-1,P,P,conditional_k,C,160,160,1.0,0.9765538048284949,1,False,False,
44,template_ood,-1,P,P,conditional_exact_k,C,160,160,1.0,0.9765538048284949,1,False,False,
44,template_ood,-1,P,P,conditional_EOS_k,C,160,160,1.0,0.9765538048284949,1,False,False,
44,template_ood,-1,P,P,gate_and_next_k,raw160,160,160,1.0,0.9765538048284949,1,False,False,
44,template_ood,-1,P,P,raw_full2_k,raw160,160,160,1.0,0.9765538048284949,1,False,False,
44,template_ood,-1,P,P,raw_next_k,raw160,160,160,1.0,0.9765538048284949,1,False,False,
44,template_ood,-1,P,N,conditional_k,C,160,160,1.0,0.9765538048284949,1,False,False,
44,template_ood,-1,P,N,conditional_exact_k,C,160,160,1.0,0.9765538048284949,1,False,False,
44,template_ood,-1,P,N,conditional_EOS_k,C,160,160,1.0,0.9765538048284949,1,False,False,
44,template_ood,-1,P,N,gate_and_next_k,raw160,160,160,1.0,0.9765538048284949,1,False,False,
44,template_ood,-1,P,N,raw_full2_k,raw160,160,160,1.0,0.9765538048284949,1,False,False,
44,template_ood,-1,P,N,raw_next_k,raw160,160,160,1.0,0.9765538048284949,1,False,False,
44,template_ood,-1,P,F,conditional_k,C,113,160,0.70625,0.6315031760687836,0.7713252684229707,False,False,
44,template_ood,-1,P,F,conditional_exact_k,C,113,160,0.70625,0.6315031760687836,0.7713252684229707,False,False,
44,template_ood,-1,P,F,conditional_EOS_k,C,160,160,1.0,0.9765538048284949,1,False,False,
44,template_ood,-1,P,F,gate_and_next_k,raw160,113,160,0.70625,0.6315031760687836,0.7713252684229707,False,False,
44,template_ood,-1,P,F,raw_full2_k,raw160,113,160,0.70625,0.6315031760687836,0.7713252684229707,False,False,
44,template_ood,-1,P,F,raw_next_k,raw160,113,160,0.70625,0.6315031760687836,0.7713252684229707,False,False,
44,template_ood,-1,U,P,conditional_k,C,160,160,1.0,0.9765538048284949,1,False,False,
44,template_ood,-1,U,P,conditional_exact_k,C,160,160,1.0,0.9765538048284949,1,False,False,
44,template_ood,-1,U,P,conditional_EOS_k,C,160,160,1.0,0.9765538048284949,1,False,False,
44,template_ood,-1,U,P,gate_and_next_k,raw160,160,160,1.0,0.9765538048284949,1,False,False,
44,template_ood,-1,U,P,raw_full2_k,raw160,160,160,1.0,0.9765538048284949,1,False,False,
44,template_ood,-1,U,P,raw_next_k,raw160,160,160,1.0,0.9765538048284949,1,False,False,
44,template_ood,-1,U,N,conditional_k,C,160,160,1.0,0.9765538048284949,1,False,False,
44,template_ood,-1,U,N,conditional_exact_k,C,160,160,1.0,0.9765538048284949,1,False,False,
44,template_ood,-1,U,N,conditional_EOS_k,C,160,160,1.0,0.9765538048284949,1,False,False,
44,template_ood,-1,U,N,gate_and_next_k,raw160,160,160,1.0,0.9765538048284949,1,False,False,
44,template_ood,-1,U,N,raw_full2_k,raw160,160,160,1.0,0.9765538048284949,1,False,False,
44,template_ood,-1,U,N,raw_next_k,raw160,160,160,1.0,0.9765538048284949,1,False,False,
44,template_ood,-1,U,F,conditional_k,C,22,160,0.1375,0.09258754865124484,0.19941094284809646,False,False,
44,template_ood,-1,U,F,conditional_exact_k,C,22,160,0.1375,0.09258754865124484,0.19941094284809646,False,False,
44,template_ood,-1,U,F,conditional_EOS_k,C,160,160,1.0,0.9765538048284949,1,False,False,
44,template_ood,-1,U,F,gate_and_next_k,raw160,22,160,0.1375,0.09258754865124484,0.19941094284809646,False,False,
44,template_ood,-1,U,F,raw_full2_k,raw160,22,160,0.1375,0.09258754865124484,0.19941094284809646,False,False,
44,template_ood,-1,U,F,raw_next_k,raw160,22,160,0.1375,0.09258754865124484,0.19941094284809646,False,False,
44,template_ood,-1,G,P,conditional_k,C,138,138,1.0,0.9729172355344272,1,False,False,
44,template_ood,-1,G,P,conditional_exact_k,C,138,138,1.0,0.9729172355344272,1,False,False,
44,template_ood,-1,G,P,conditional_EOS_k,C,138,138,1.0,0.9729172355344272,1,False,False,
44,template_ood,-1,G,P,gate_and_next_k,raw160,138,160,0.8625,0.8005890571519036,0.9074124513487551,False,False,
44,template_ood,-1,G,P,raw_full2_k,raw160,138,160,0.8625,0.8005890571519036,0.9074124513487551,False,False,
44,template_ood,-1,G,P,raw_next_k,raw160,160,160,1.0,0.9765538048284949,1,False,False,
44,template_ood,-1,G,N,conditional_k,C,138,138,1.0,0.9729172355344272,1,False,False,
44,template_ood,-1,G,N,conditional_exact_k,C,138,138,1.0,0.9729172355344272,1,False,False,
44,template_ood,-1,G,N,conditional_EOS_k,C,138,138,1.0,0.9729172355344272,1,False,False,
44,template_ood,-1,G,N,gate_and_next_k,raw160,138,160,0.8625,0.8005890571519036,0.9074124513487551,False,False,
44,template_ood,-1,G,N,raw_full2_k,raw160,138,160,0.8625,0.8005890571519036,0.9074124513487551,False,False,
44,template_ood,-1,G,N,raw_next_k,raw160,160,160,1.0,0.9765538048284949,1,False,False,
44,template_ood,-1,G,F,conditional_k,C,138,138,1.0,0.9729172355344272,1,False,False,
44,template_ood,-1,G,F,conditional_exact_k,C,138,138,1.0,0.9729172355344272,1,False,False,
44,template_ood,-1,G,F,conditional_EOS_k,C,138,138,1.0,0.9729172355344272,1,False,False,
44,template_ood,-1,G,F,gate_and_next_k,raw160,138,160,0.8625,0.8005890571519036,0.9074124513487551,False,False,
44,template_ood,-1,G,F,raw_full2_k,raw160,138,160,0.8625,0.8005890571519036,0.9074124513487551,False,False,
44,template_ood,-1,G,F,raw_next_k,raw160,160,160,1.0,0.9765538048284949,1,False,False,
44,template_ood,-2,P,P,conditional_k,C,0,151,0.0,0,0.02480898106974387,False,False,
44,template_ood,-2,P,P,conditional_exact_k,C,0,151,0.0,0,0.02480898106974387,False,False,
44,template_ood,-2,P,P,conditional_EOS_k,C,151,151,1.0,0.9751910189302563,1,False,False,
44,template_ood,-2,P,P,gate_and_next_k,raw160,0,160,0.0,0,0.02344619517150519,False,False,
44,template_ood,-2,P,P,raw_full2_k,raw160,0,160,0.0,0,0.02344619517150519,False,False,
44,template_ood,-2,P,P,raw_next_k,raw160,0,160,0.0,0,0.02344619517150519,False,False,
44,template_ood,-2,P,N,conditional_k,C,0,151,0.0,0,0.02480898106974387,False,False,
44,template_ood,-2,P,N,conditional_exact_k,C,0,151,0.0,0,0.02480898106974387,False,False,
44,template_ood,-2,P,N,conditional_EOS_k,C,151,151,1.0,0.9751910189302563,1,False,False,
44,template_ood,-2,P,N,gate_and_next_k,raw160,0,160,0.0,0,0.02344619517150519,False,False,
44,template_ood,-2,P,N,raw_full2_k,raw160,0,160,0.0,0,0.02344619517150519,False,False,
44,template_ood,-2,P,N,raw_next_k,raw160,0,160,0.0,0,0.02344619517150519,False,False,
44,template_ood,-2,P,F,conditional_k,C,0,151,0.0,0,0.02480898106974387,False,False,
44,template_ood,-2,P,F,conditional_exact_k,C,0,151,0.0,0,0.02480898106974387,False,False,
44,template_ood,-2,P,F,conditional_EOS_k,C,151,151,1.0,0.9751910189302563,1,False,False,
44,template_ood,-2,P,F,gate_and_next_k,raw160,0,160,0.0,0,0.02344619517150519,False,False,
44,template_ood,-2,P,F,raw_full2_k,raw160,0,160,0.0,0,0.02344619517150519,False,False,
44,template_ood,-2,P,F,raw_next_k,raw160,0,160,0.0,0,0.02344619517150519,False,False,
44,template_ood,-2,U,P,conditional_k,C,0,160,0.0,0,0.02344619517150519,False,False,
44,template_ood,-2,U,P,conditional_exact_k,C,0,160,0.0,0,0.02344619517150519,False,False,
44,template_ood,-2,U,P,conditional_EOS_k,C,160,160,1.0,0.9765538048284949,1,False,False,
44,template_ood,-2,U,P,gate_and_next_k,raw160,0,160,0.0,0,0.02344619517150519,False,False,
44,template_ood,-2,U,P,raw_full2_k,raw160,0,160,0.0,0,0.02344619517150519,False,False,
44,template_ood,-2,U,P,raw_next_k,raw160,0,160,0.0,0,0.02344619517150519,False,False,
44,template_ood,-2,U,N,conditional_k,C,0,160,0.0,0,0.02344619517150519,False,False,
44,template_ood,-2,U,N,conditional_exact_k,C,0,160,0.0,0,0.02344619517150519,False,False,
44,template_ood,-2,U,N,conditional_EOS_k,C,160,160,1.0,0.9765538048284949,1,False,False,
44,template_ood,-2,U,N,gate_and_next_k,raw160,0,160,0.0,0,0.02344619517150519,False,False,
44,template_ood,-2,U,N,raw_full2_k,raw160,0,160,0.0,0,0.02344619517150519,False,False,
44,template_ood,-2,U,N,raw_next_k,raw160,0,160,0.0,0,0.02344619517150519,False,False,
44,template_ood,-2,U,F,conditional_k,C,0,160,0.0,0,0.02344619517150519,False,False,
44,template_ood,-2,U,F,conditional_exact_k,C,0,160,0.0,0,0.02344619517150519,False,False,
44,template_ood,-2,U,F,conditional_EOS_k,C,160,160,1.0,0.9765538048284949,1,False,False,
44,template_ood,-2,U,F,gate_and_next_k,raw160,0,160,0.0,0,0.02344619517150519,False,False,
44,template_ood,-2,U,F,raw_full2_k,raw160,0,160,0.0,0,0.02344619517150519,False,False,
44,template_ood,-2,U,F,raw_next_k,raw160,0,160,0.0,0,0.02344619517150519,False,False,
44,template_ood,-2,G,P,conditional_k,C,0,121,0.0,0,0.03077069794747827,False,False,
44,template_ood,-2,G,P,conditional_exact_k,C,0,121,0.0,0,0.03077069794747827,False,False,
44,template_ood,-2,G,P,conditional_EOS_k,C,121,121,1.0,0.9692293020525218,1,False,False,
44,template_ood,-2,G,P,gate_and_next_k,raw160,0,160,0.0,0,0.02344619517150519,False,False,
44,template_ood,-2,G,P,raw_full2_k,raw160,0,160,0.0,0,0.02344619517150519,False,False,
44,template_ood,-2,G,P,raw_next_k,raw160,0,160,0.0,0,0.02344619517150519,False,False,
44,template_ood,-2,G,N,conditional_k,C,0,121,0.0,0,0.03077069794747827,False,False,
44,template_ood,-2,G,N,conditional_exact_k,C,0,121,0.0,0,0.03077069794747827,False,False,
44,template_ood,-2,G,N,conditional_EOS_k,C,121,121,1.0,0.9692293020525218,1,False,False,
44,template_ood,-2,G,N,gate_and_next_k,raw160,0,160,0.0,0,0.02344619517150519,False,False,
44,template_ood,-2,G,N,raw_full2_k,raw160,0,160,0.0,0,0.02344619517150519,False,False,
44,template_ood,-2,G,N,raw_next_k,raw160,0,160,0.0,0,0.02344619517150519,False,False,
44,template_ood,-2,G,F,conditional_k,C,0,121,0.0,0,0.03077069794747827,False,False,
44,template_ood,-2,G,F,conditional_exact_k,C,0,121,0.0,0,0.03077069794747827,False,False,
44,template_ood,-2,G,F,conditional_EOS_k,C,121,121,1.0,0.9692293020525218,1,False,False,
44,template_ood,-2,G,F,gate_and_next_k,raw160,0,160,0.0,0,0.02344619517150519,False,False,
44,template_ood,-2,G,F,raw_full2_k,raw160,0,160,0.0,0,0.02344619517150519,False,False,
44,template_ood,-2,G,F,raw_next_k,raw160,0,160,0.0,0,0.02344619517150519,False,False,
42,iid,2,E,,current_k,raw160,160,160,1.0,0.9765538048284949,1,False,False,
42,iid,2,E,,current_exact_k,raw160,160,160,1.0,0.9765538048284949,1,False,False,
42,iid,2,E,,current_EOS_k,raw160,160,160,1.0,0.9765538048284949,1,False,False,
42,iid,2,E,,natural_mask_equal,raw160,160,160,1.0,0.9765538048284949,1,False,False,
42,iid,2,P,,current_k,raw160,160,160,1.0,0.9765538048284949,1,False,False,
42,iid,2,P,,current_exact_k,raw160,160,160,1.0,0.9765538048284949,1,False,False,
42,iid,2,P,,current_EOS_k,raw160,160,160,1.0,0.9765538048284949,1,False,False,
42,iid,2,P,,C_coverage,raw160,160,160,1.0,0.9765538048284949,1,False,False,
42,iid,2,P,,natural_mask_equal,raw160,160,160,1.0,0.9765538048284949,1,False,False,
42,iid,2,U,,current_k,raw160,160,160,1.0,0.9765538048284949,1,False,False,
42,iid,2,U,,current_exact_k,raw160,160,160,1.0,0.9765538048284949,1,False,False,
42,iid,2,U,,current_EOS_k,raw160,160,160,1.0,0.9765538048284949,1,False,False,
42,iid,2,U,,C_coverage,raw160,160,160,1.0,0.9765538048284949,1,False,False,
42,iid,2,U,,natural_mask_equal,raw160,160,160,1.0,0.9765538048284949,1,False,False,
42,iid,2,G,,current_k,raw160,158,160,0.9875,0.9555746308159091,0.9965653288918735,False,False,
42,iid,2,G,,current_exact_k,raw160,158,160,0.9875,0.9555746308159091,0.9965653288918735,False,False,
42,iid,2,G,,current_EOS_k,raw160,160,160,1.0,0.9765538048284949,1,False,False,
42,iid,2,G,,C_coverage,raw160,158,160,0.9875,0.9555746308159091,0.9965653288918735,False,False,
42,iid,2,G,,natural_mask_equal,raw160,160,160,1.0,0.9765538048284949,1,False,False,
42,iid,0,E,,current_k,raw160,160,160,1.0,0.9765538048284949,1,False,False,
42,iid,0,E,,current_exact_k,raw160,160,160,1.0,0.9765538048284949,1,False,False,
42,iid,0,E,,current_EOS_k,raw160,160,160,1.0,0.9765538048284949,1,False,False,
42,iid,0,E,,natural_mask_equal,raw160,160,160,1.0,0.9765538048284949,1,False,False,
42,iid,0,P,,current_k,raw160,160,160,1.0,0.9765538048284949,1,False,False,
42,iid,0,P,,current_exact_k,raw160,160,160,1.0,0.9765538048284949,1,False,False,
42,iid,0,P,,current_EOS_k,raw160,160,160,1.0,0.9765538048284949,1,False,False,
42,iid,0,P,,C_coverage,raw160,160,160,1.0,0.9765538048284949,1,False,False,
42,iid,0,P,,natural_mask_equal,raw160,160,160,1.0,0.9765538048284949,1,False,False,
42,iid,0,U,,current_k,raw160,160,160,1.0,0.9765538048284949,1,False,False,
42,iid,0,U,,current_exact_k,raw160,160,160,1.0,0.9765538048284949,1,False,False,
42,iid,0,U,,current_EOS_k,raw160,160,160,1.0,0.9765538048284949,1,False,False,
42,iid,0,U,,C_coverage,raw160,160,160,1.0,0.9765538048284949,1,False,False,
42,iid,0,U,,natural_mask_equal,raw160,160,160,1.0,0.9765538048284949,1,False,False,
42,iid,0,G,,current_k,raw160,160,160,1.0,0.9765538048284949,1,False,False,
42,iid,0,G,,current_exact_k,raw160,160,160,1.0,0.9765538048284949,1,False,False,
42,iid,0,G,,current_EOS_k,raw160,160,160,1.0,0.9765538048284949,1,False,False,
42,iid,0,G,,C_coverage,raw160,160,160,1.0,0.9765538048284949,1,False,False,
42,iid,0,G,,natural_mask_equal,raw160,160,160,1.0,0.9765538048284949,1,False,False,
42,iid,-1,E,,current_k,raw160,160,160,1.0,0.9765538048284949,1,False,False,
42,iid,-1,E,,current_exact_k,raw160,160,160,1.0,0.9765538048284949,1,False,False,
42,iid,-1,E,,current_EOS_k,raw160,160,160,1.0,0.9765538048284949,1,False,False,
42,iid,-1,E,,natural_mask_equal,raw160,160,160,1.0,0.9765538048284949,1,False,False,
42,iid,-1,P,,current_k,raw160,160,160,1.0,0.9765538048284949,1,False,False,
42,iid,-1,P,,current_exact_k,raw160,160,160,1.0,0.9765538048284949,1,False,False,
42,iid,-1,P,,current_EOS_k,raw160,160,160,1.0,0.9765538048284949,1,False,False,
42,iid,-1,P,,C_coverage,raw160,160,160,1.0,0.9765538048284949,1,False,False,
42,iid,-1,P,,natural_mask_equal,raw160,160,160,1.0,0.9765538048284949,1,False,False,
42,iid,-1,U,,current_k,raw160,160,160,1.0,0.9765538048284949,1,False,False,
42,iid,-1,U,,current_exact_k,raw160,160,160,1.0,0.9765538048284949,1,False,False,
42,iid,-1,U,,current_EOS_k,raw160,160,160,1.0,0.9765538048284949,1,False,False,
42,iid,-1,U,,C_coverage,raw160,160,160,1.0,0.9765538048284949,1,False,False,
42,iid,-1,U,,natural_mask_equal,raw160,160,160,1.0,0.9765538048284949,1,False,False,
42,iid,-1,G,,current_k,raw160,160,160,1.0,0.9765538048284949,1,False,False,
42,iid,-1,G,,current_exact_k,raw160,160,160,1.0,0.9765538048284949,1,False,False,
42,iid,-1,G,,current_EOS_k,raw160,160,160,1.0,0.9765538048284949,1,False,False,
42,iid,-1,G,,C_coverage,raw160,160,160,1.0,0.9765538048284949,1,False,False,
42,iid,-1,G,,natural_mask_equal,raw160,160,160,1.0,0.9765538048284949,1,False,False,
42,iid,-2,E,,current_k,raw160,160,160,1.0,0.9765538048284949,1,False,False,
42,iid,-2,E,,current_exact_k,raw160,160,160,1.0,0.9765538048284949,1,False,False,
42,iid,-2,E,,current_EOS_k,raw160,160,160,1.0,0.9765538048284949,1,False,False,
42,iid,-2,E,,natural_mask_equal,raw160,0,160,0.0,0,0.02344619517150519,False,False,
42,iid,-2,P,,current_k,raw160,160,160,1.0,0.9765538048284949,1,False,False,
42,iid,-2,P,,current_exact_k,raw160,160,160,1.0,0.9765538048284949,1,False,False,
42,iid,-2,P,,current_EOS_k,raw160,160,160,1.0,0.9765538048284949,1,False,False,
42,iid,-2,P,,C_coverage,raw160,160,160,1.0,0.9765538048284949,1,False,False,
42,iid,-2,P,,natural_mask_equal,raw160,0,160,0.0,0,0.02344619517150519,False,False,
42,iid,-2,U,,current_k,raw160,160,160,1.0,0.9765538048284949,1,False,False,
42,iid,-2,U,,current_exact_k,raw160,160,160,1.0,0.9765538048284949,1,False,False,
42,iid,-2,U,,current_EOS_k,raw160,160,160,1.0,0.9765538048284949,1,False,False,
42,iid,-2,U,,C_coverage,raw160,160,160,1.0,0.9765538048284949,1,False,False,
42,iid,-2,U,,natural_mask_equal,raw160,0,160,0.0,0,0.02344619517150519,False,False,
42,iid,-2,G,,current_k,raw160,160,160,1.0,0.9765538048284949,1,False,False,
42,iid,-2,G,,current_exact_k,raw160,160,160,1.0,0.9765538048284949,1,False,False,
42,iid,-2,G,,current_EOS_k,raw160,160,160,1.0,0.9765538048284949,1,False,False,
42,iid,-2,G,,C_coverage,raw160,160,160,1.0,0.9765538048284949,1,False,False,
42,iid,-2,G,,natural_mask_equal,raw160,0,160,0.0,0,0.02344619517150519,False,False,
42,template_ood,2,E,,current_k,raw160,160,160,1.0,0.9765538048284949,1,False,False,
42,template_ood,2,E,,current_exact_k,raw160,160,160,1.0,0.9765538048284949,1,False,False,
42,template_ood,2,E,,current_EOS_k,raw160,160,160,1.0,0.9765538048284949,1,False,False,
42,template_ood,2,E,,natural_mask_equal,raw160,160,160,1.0,0.9765538048284949,1,False,False,
42,template_ood,2,P,,current_k,raw160,160,160,1.0,0.9765538048284949,1,False,False,
42,template_ood,2,P,,current_exact_k,raw160,160,160,1.0,0.9765538048284949,1,False,False,
42,template_ood,2,P,,current_EOS_k,raw160,160,160,1.0,0.9765538048284949,1,False,False,
42,template_ood,2,P,,C_coverage,raw160,160,160,1.0,0.9765538048284949,1,False,False,
42,template_ood,2,P,,natural_mask_equal,raw160,160,160,1.0,0.9765538048284949,1,False,False,
42,template_ood,2,U,,current_k,raw160,160,160,1.0,0.9765538048284949,1,False,False,
42,template_ood,2,U,,current_exact_k,raw160,160,160,1.0,0.9765538048284949,1,False,False,
42,template_ood,2,U,,current_EOS_k,raw160,160,160,1.0,0.9765538048284949,1,False,False,
42,template_ood,2,U,,C_coverage,raw160,160,160,1.0,0.9765538048284949,1,False,False,
42,template_ood,2,U,,natural_mask_equal,raw160,160,160,1.0,0.9765538048284949,1,False,False,
42,template_ood,2,G,,current_k,raw160,157,160,0.98125,0.9463298879006856,0.9936031492467405,False,False,
42,template_ood,2,G,,current_exact_k,raw160,157,160,0.98125,0.9463298879006856,0.9936031492467405,False,False,
42,template_ood,2,G,,current_EOS_k,raw160,160,160,1.0,0.9765538048284949,1,False,False,
42,template_ood,2,G,,C_coverage,raw160,157,160,0.98125,0.9463298879006856,0.9936031492467405,False,False,
42,template_ood,2,G,,natural_mask_equal,raw160,160,160,1.0,0.9765538048284949,1,False,False,
42,template_ood,0,E,,current_k,raw160,160,160,1.0,0.9765538048284949,1,False,False,
42,template_ood,0,E,,current_exact_k,raw160,160,160,1.0,0.9765538048284949,1,False,False,
42,template_ood,0,E,,current_EOS_k,raw160,160,160,1.0,0.9765538048284949,1,False,False,
42,template_ood,0,E,,natural_mask_equal,raw160,160,160,1.0,0.9765538048284949,1,False,False,
42,template_ood,0,P,,current_k,raw160,160,160,1.0,0.9765538048284949,1,False,False,
42,template_ood,0,P,,current_exact_k,raw160,160,160,1.0,0.9765538048284949,1,False,False,
42,template_ood,0,P,,current_EOS_k,raw160,160,160,1.0,0.9765538048284949,1,False,False,
42,template_ood,0,P,,C_coverage,raw160,160,160,1.0,0.9765538048284949,1,False,False,
42,template_ood,0,P,,natural_mask_equal,raw160,160,160,1.0,0.9765538048284949,1,False,False,
42,template_ood,0,U,,current_k,raw160,160,160,1.0,0.9765538048284949,1,False,False,
42,template_ood,0,U,,current_exact_k,raw160,160,160,1.0,0.9765538048284949,1,False,False,
42,template_ood,0,U,,current_EOS_k,raw160,160,160,1.0,0.9765538048284949,1,False,False,
42,template_ood,0,U,,C_coverage,raw160,160,160,1.0,0.9765538048284949,1,False,False,
42,template_ood,0,U,,natural_mask_equal,raw160,160,160,1.0,0.9765538048284949,1,False,False,
42,template_ood,0,G,,current_k,raw160,160,160,1.0,0.9765538048284949,1,False,False,
42,template_ood,0,G,,current_exact_k,raw160,160,160,1.0,0.9765538048284949,1,False,False,
42,template_ood,0,G,,current_EOS_k,raw160,160,160,1.0,0.9765538048284949,1,False,False,
42,template_ood,0,G,,C_coverage,raw160,160,160,1.0,0.9765538048284949,1,False,False,
42,template_ood,0,G,,natural_mask_equal,raw160,160,160,1.0,0.9765538048284949,1,False,False,
42,template_ood,-1,E,,current_k,raw160,160,160,1.0,0.9765538048284949,1,False,False,
42,template_ood,-1,E,,current_exact_k,raw160,160,160,1.0,0.9765538048284949,1,False,False,
42,template_ood,-1,E,,current_EOS_k,raw160,160,160,1.0,0.9765538048284949,1,False,False,
42,template_ood,-1,E,,natural_mask_equal,raw160,160,160,1.0,0.9765538048284949,1,False,False,
42,template_ood,-1,P,,current_k,raw160,159,160,0.99375,0.965451014037521,0.9988958682306179,False,False,
42,template_ood,-1,P,,current_exact_k,raw160,159,160,0.99375,0.965451014037521,0.9988958682306179,False,False,
42,template_ood,-1,P,,current_EOS_k,raw160,160,160,1.0,0.9765538048284949,1,False,False,
42,template_ood,-1,P,,C_coverage,raw160,159,160,0.99375,0.965451014037521,0.9988958682306179,False,False,
42,template_ood,-1,P,,natural_mask_equal,raw160,160,160,1.0,0.9765538048284949,1,False,False,
42,template_ood,-1,U,,current_k,raw160,131,160,0.81875,0.7518187120680591,0.8707343385101063,False,False,
42,template_ood,-1,U,,current_exact_k,raw160,131,160,0.81875,0.7518187120680591,0.8707343385101063,False,False,
42,template_ood,-1,U,,current_EOS_k,raw160,160,160,1.0,0.9765538048284949,1,False,False,
42,template_ood,-1,U,,C_coverage,raw160,131,160,0.81875,0.7518187120680591,0.8707343385101063,False,False,
42,template_ood,-1,U,,natural_mask_equal,raw160,160,160,1.0,0.9765538048284949,1,False,False,
42,template_ood,-1,G,,current_k,raw160,120,160,0.75,0.6775763046904398,0.8107005977238076,False,False,
42,template_ood,-1,G,,current_exact_k,raw160,120,160,0.75,0.6775763046904398,0.8107005977238076,False,False,
42,template_ood,-1,G,,current_EOS_k,raw160,160,160,1.0,0.9765538048284949,1,False,False,
42,template_ood,-1,G,,C_coverage,raw160,120,160,0.75,0.6775763046904398,0.8107005977238076,False,False,
42,template_ood,-1,G,,natural_mask_equal,raw160,160,160,1.0,0.9765538048284949,1,False,False,
42,template_ood,-2,E,,current_k,raw160,160,160,1.0,0.9765538048284949,1,False,False,
42,template_ood,-2,E,,current_exact_k,raw160,160,160,1.0,0.9765538048284949,1,False,False,
42,template_ood,-2,E,,current_EOS_k,raw160,160,160,1.0,0.9765538048284949,1,False,False,
42,template_ood,-2,E,,natural_mask_equal,raw160,0,160,0.0,0,0.02344619517150519,False,False,
42,template_ood,-2,P,,current_k,raw160,160,160,1.0,0.9765538048284949,1,False,False,
42,template_ood,-2,P,,current_exact_k,raw160,160,160,1.0,0.9765538048284949,1,False,False,
42,template_ood,-2,P,,current_EOS_k,raw160,160,160,1.0,0.9765538048284949,1,False,False,
42,template_ood,-2,P,,C_coverage,raw160,160,160,1.0,0.9765538048284949,1,False,False,
42,template_ood,-2,P,,natural_mask_equal,raw160,0,160,0.0,0,0.02344619517150519,False,False,
42,template_ood,-2,U,,current_k,raw160,160,160,1.0,0.9765538048284949,1,False,False,
42,template_ood,-2,U,,current_exact_k,raw160,160,160,1.0,0.9765538048284949,1,False,False,
42,template_ood,-2,U,,current_EOS_k,raw160,160,160,1.0,0.9765538048284949,1,False,False,
42,template_ood,-2,U,,C_coverage,raw160,160,160,1.0,0.9765538048284949,1,False,False,
42,template_ood,-2,U,,natural_mask_equal,raw160,0,160,0.0,0,0.02344619517150519,False,False,
42,template_ood,-2,G,,current_k,raw160,160,160,1.0,0.9765538048284949,1,False,False,
42,template_ood,-2,G,,current_exact_k,raw160,160,160,1.0,0.9765538048284949,1,False,False,
42,template_ood,-2,G,,current_EOS_k,raw160,160,160,1.0,0.9765538048284949,1,False,False,
42,template_ood,-2,G,,C_coverage,raw160,160,160,1.0,0.9765538048284949,1,False,False,
42,template_ood,-2,G,,natural_mask_equal,raw160,0,160,0.0,0,0.02344619517150519,False,False,
43,iid,2,E,,current_k,raw160,160,160,1.0,0.9765538048284949,1,False,False,
43,iid,2,E,,current_exact_k,raw160,160,160,1.0,0.9765538048284949,1,False,False,
43,iid,2,E,,current_EOS_k,raw160,160,160,1.0,0.9765538048284949,1,False,False,
43,iid,2,E,,natural_mask_equal,raw160,160,160,1.0,0.9765538048284949,1,False,False,
43,iid,2,P,,current_k,raw160,160,160,1.0,0.9765538048284949,1,False,False,
43,iid,2,P,,current_exact_k,raw160,160,160,1.0,0.9765538048284949,1,False,False,
43,iid,2,P,,current_EOS_k,raw160,160,160,1.0,0.9765538048284949,1,False,False,
43,iid,2,P,,C_coverage,raw160,160,160,1.0,0.9765538048284949,1,False,False,
43,iid,2,P,,natural_mask_equal,raw160,160,160,1.0,0.9765538048284949,1,False,False,
43,iid,2,U,,current_k,raw160,160,160,1.0,0.9765538048284949,1,False,False,
43,iid,2,U,,current_exact_k,raw160,160,160,1.0,0.9765538048284949,1,False,False,
43,iid,2,U,,current_EOS_k,raw160,160,160,1.0,0.9765538048284949,1,False,False,
43,iid,2,U,,C_coverage,raw160,160,160,1.0,0.9765538048284949,1,False,False,
43,iid,2,U,,natural_mask_equal,raw160,160,160,1.0,0.9765538048284949,1,False,False,
43,iid,2,G,,current_k,raw160,160,160,1.0,0.9765538048284949,1,False,False,
43,iid,2,G,,current_exact_k,raw160,160,160,1.0,0.9765538048284949,1,False,False,
43,iid,2,G,,current_EOS_k,raw160,160,160,1.0,0.9765538048284949,1,False,False,
43,iid,2,G,,C_coverage,raw160,160,160,1.0,0.9765538048284949,1,False,False,
43,iid,2,G,,natural_mask_equal,raw160,160,160,1.0,0.9765538048284949,1,False,False,
43,iid,0,E,,current_k,raw160,160,160,1.0,0.9765538048284949,1,False,False,
43,iid,0,E,,current_exact_k,raw160,160,160,1.0,0.9765538048284949,1,False,False,
43,iid,0,E,,current_EOS_k,raw160,160,160,1.0,0.9765538048284949,1,False,False,
43,iid,0,E,,natural_mask_equal,raw160,160,160,1.0,0.9765538048284949,1,False,False,
43,iid,0,P,,current_k,raw160,160,160,1.0,0.9765538048284949,1,False,False,
43,iid,0,P,,current_exact_k,raw160,160,160,1.0,0.9765538048284949,1,False,False,
43,iid,0,P,,current_EOS_k,raw160,160,160,1.0,0.9765538048284949,1,False,False,
43,iid,0,P,,C_coverage,raw160,160,160,1.0,0.9765538048284949,1,False,False,
43,iid,0,P,,natural_mask_equal,raw160,160,160,1.0,0.9765538048284949,1,False,False,
43,iid,0,U,,current_k,raw160,160,160,1.0,0.9765538048284949,1,False,False,
43,iid,0,U,,current_exact_k,raw160,160,160,1.0,0.9765538048284949,1,False,False,
43,iid,0,U,,current_EOS_k,raw160,160,160,1.0,0.9765538048284949,1,False,False,
43,iid,0,U,,C_coverage,raw160,160,160,1.0,0.9765538048284949,1,False,False,
43,iid,0,U,,natural_mask_equal,raw160,160,160,1.0,0.9765538048284949,1,False,False,
43,iid,0,G,,current_k,raw160,160,160,1.0,0.9765538048284949,1,False,False,
43,iid,0,G,,current_exact_k,raw160,160,160,1.0,0.9765538048284949,1,False,False,
43,iid,0,G,,current_EOS_k,raw160,160,160,1.0,0.9765538048284949,1,False,False,
43,iid,0,G,,C_coverage,raw160,160,160,1.0,0.9765538048284949,1,False,False,
43,iid,0,G,,natural_mask_equal,raw160,160,160,1.0,0.9765538048284949,1,False,False,
43,iid,-1,E,,current_k,raw160,160,160,1.0,0.9765538048284949,1,False,False,
43,iid,-1,E,,current_exact_k,raw160,160,160,1.0,0.9765538048284949,1,False,False,
43,iid,-1,E,,current_EOS_k,raw160,160,160,1.0,0.9765538048284949,1,False,False,
43,iid,-1,E,,natural_mask_equal,raw160,160,160,1.0,0.9765538048284949,1,False,False,
43,iid,-1,P,,current_k,raw160,160,160,1.0,0.9765538048284949,1,False,False,
43,iid,-1,P,,current_exact_k,raw160,160,160,1.0,0.9765538048284949,1,False,False,
43,iid,-1,P,,current_EOS_k,raw160,160,160,1.0,0.9765538048284949,1,False,False,
43,iid,-1,P,,C_coverage,raw160,160,160,1.0,0.9765538048284949,1,False,False,
43,iid,-1,P,,natural_mask_equal,raw160,160,160,1.0,0.9765538048284949,1,False,False,
43,iid,-1,U,,current_k,raw160,160,160,1.0,0.9765538048284949,1,False,False,
43,iid,-1,U,,current_exact_k,raw160,160,160,1.0,0.9765538048284949,1,False,False,
43,iid,-1,U,,current_EOS_k,raw160,160,160,1.0,0.9765538048284949,1,False,False,
43,iid,-1,U,,C_coverage,raw160,160,160,1.0,0.9765538048284949,1,False,False,
43,iid,-1,U,,natural_mask_equal,raw160,160,160,1.0,0.9765538048284949,1,False,False,
43,iid,-1,G,,current_k,raw160,160,160,1.0,0.9765538048284949,1,False,False,
43,iid,-1,G,,current_exact_k,raw160,160,160,1.0,0.9765538048284949,1,False,False,
43,iid,-1,G,,current_EOS_k,raw160,160,160,1.0,0.9765538048284949,1,False,False,
43,iid,-1,G,,C_coverage,raw160,160,160,1.0,0.9765538048284949,1,False,False,
43,iid,-1,G,,natural_mask_equal,raw160,160,160,1.0,0.9765538048284949,1,False,False,
43,iid,-2,E,,current_k,raw160,160,160,1.0,0.9765538048284949,1,False,False,
43,iid,-2,E,,current_exact_k,raw160,160,160,1.0,0.9765538048284949,1,False,False,
43,iid,-2,E,,current_EOS_k,raw160,160,160,1.0,0.9765538048284949,1,False,False,
43,iid,-2,E,,natural_mask_equal,raw160,0,160,0.0,0,0.02344619517150519,False,False,
43,iid,-2,P,,current_k,raw160,160,160,1.0,0.9765538048284949,1,False,False,
43,iid,-2,P,,current_exact_k,raw160,160,160,1.0,0.9765538048284949,1,False,False,
43,iid,-2,P,,current_EOS_k,raw160,160,160,1.0,0.9765538048284949,1,False,False,
43,iid,-2,P,,C_coverage,raw160,160,160,1.0,0.9765538048284949,1,False,False,
43,iid,-2,P,,natural_mask_equal,raw160,0,160,0.0,0,0.02344619517150519,False,False,
43,iid,-2,U,,current_k,raw160,160,160,1.0,0.9765538048284949,1,False,False,
43,iid,-2,U,,current_exact_k,raw160,160,160,1.0,0.9765538048284949,1,False,False,
43,iid,-2,U,,current_EOS_k,raw160,160,160,1.0,0.9765538048284949,1,False,False,
43,iid,-2,U,,C_coverage,raw160,160,160,1.0,0.9765538048284949,1,False,False,
43,iid,-2,U,,natural_mask_equal,raw160,0,160,0.0,0,0.02344619517150519,False,False,
43,iid,-2,G,,current_k,raw160,160,160,1.0,0.9765538048284949,1,False,False,
43,iid,-2,G,,current_exact_k,raw160,160,160,1.0,0.9765538048284949,1,False,False,
43,iid,-2,G,,current_EOS_k,raw160,160,160,1.0,0.9765538048284949,1,False,False,
43,iid,-2,G,,C_coverage,raw160,160,160,1.0,0.9765538048284949,1,False,False,
43,iid,-2,G,,natural_mask_equal,raw160,0,160,0.0,0,0.02344619517150519,False,False,
43,template_ood,2,E,,current_k,raw160,160,160,1.0,0.9765538048284949,1,False,False,
43,template_ood,2,E,,current_exact_k,raw160,160,160,1.0,0.9765538048284949,1,False,False,
43,template_ood,2,E,,current_EOS_k,raw160,160,160,1.0,0.9765538048284949,1,False,False,
43,template_ood,2,E,,natural_mask_equal,raw160,160,160,1.0,0.9765538048284949,1,False,False,
43,template_ood,2,P,,current_k,raw160,160,160,1.0,0.9765538048284949,1,False,False,
43,template_ood,2,P,,current_exact_k,raw160,160,160,1.0,0.9765538048284949,1,False,False,
43,template_ood,2,P,,current_EOS_k,raw160,160,160,1.0,0.9765538048284949,1,False,False,
43,template_ood,2,P,,C_coverage,raw160,160,160,1.0,0.9765538048284949,1,False,False,
43,template_ood,2,P,,natural_mask_equal,raw160,160,160,1.0,0.9765538048284949,1,False,False,
43,template_ood,2,U,,current_k,raw160,160,160,1.0,0.9765538048284949,1,False,False,
43,template_ood,2,U,,current_exact_k,raw160,160,160,1.0,0.9765538048284949,1,False,False,
43,template_ood,2,U,,current_EOS_k,raw160,160,160,1.0,0.9765538048284949,1,False,False,
43,template_ood,2,U,,C_coverage,raw160,160,160,1.0,0.9765538048284949,1,False,False,
43,template_ood,2,U,,natural_mask_equal,raw160,160,160,1.0,0.9765538048284949,1,False,False,
43,template_ood,2,G,,current_k,raw160,160,160,1.0,0.9765538048284949,1,False,False,
43,template_ood,2,G,,current_exact_k,raw160,160,160,1.0,0.9765538048284949,1,False,False,
43,template_ood,2,G,,current_EOS_k,raw160,160,160,1.0,0.9765538048284949,1,False,False,
43,template_ood,2,G,,C_coverage,raw160,160,160,1.0,0.9765538048284949,1,False,False,
43,template_ood,2,G,,natural_mask_equal,raw160,160,160,1.0,0.9765538048284949,1,False,False,
43,template_ood,0,E,,current_k,raw160,160,160,1.0,0.9765538048284949,1,False,False,
43,template_ood,0,E,,current_exact_k,raw160,160,160,1.0,0.9765538048284949,1,False,False,
43,template_ood,0,E,,current_EOS_k,raw160,160,160,1.0,0.9765538048284949,1,False,False,
43,template_ood,0,E,,natural_mask_equal,raw160,160,160,1.0,0.9765538048284949,1,False,False,
43,template_ood,0,P,,current_k,raw160,160,160,1.0,0.9765538048284949,1,False,False,
43,template_ood,0,P,,current_exact_k,raw160,160,160,1.0,0.9765538048284949,1,False,False,
43,template_ood,0,P,,current_EOS_k,raw160,160,160,1.0,0.9765538048284949,1,False,False,
43,template_ood,0,P,,C_coverage,raw160,160,160,1.0,0.9765538048284949,1,False,False,
43,template_ood,0,P,,natural_mask_equal,raw160,160,160,1.0,0.9765538048284949,1,False,False,
43,template_ood,0,U,,current_k,raw160,160,160,1.0,0.9765538048284949,1,False,False,
43,template_ood,0,U,,current_exact_k,raw160,160,160,1.0,0.9765538048284949,1,False,False,
43,template_ood,0,U,,current_EOS_k,raw160,160,160,1.0,0.9765538048284949,1,False,False,
43,template_ood,0,U,,C_coverage,raw160,160,160,1.0,0.9765538048284949,1,False,False,
43,template_ood,0,U,,natural_mask_equal,raw160,160,160,1.0,0.9765538048284949,1,False,False,
43,template_ood,0,G,,current_k,raw160,160,160,1.0,0.9765538048284949,1,False,False,
43,template_ood,0,G,,current_exact_k,raw160,160,160,1.0,0.9765538048284949,1,False,False,
43,template_ood,0,G,,current_EOS_k,raw160,160,160,1.0,0.9765538048284949,1,False,False,
43,template_ood,0,G,,C_coverage,raw160,160,160,1.0,0.9765538048284949,1,False,False,
43,template_ood,0,G,,natural_mask_equal,raw160,160,160,1.0,0.9765538048284949,1,False,False,
43,template_ood,-1,E,,current_k,raw160,160,160,1.0,0.9765538048284949,1,False,False,
43,template_ood,-1,E,,current_exact_k,raw160,160,160,1.0,0.9765538048284949,1,False,False,
43,template_ood,-1,E,,current_EOS_k,raw160,160,160,1.0,0.9765538048284949,1,False,False,
43,template_ood,-1,E,,natural_mask_equal,raw160,160,160,1.0,0.9765538048284949,1,False,False,
43,template_ood,-1,P,,current_k,raw160,145,160,0.90625,0.8510879733686995,0.9423619930544526,False,False,
43,template_ood,-1,P,,current_exact_k,raw160,145,160,0.90625,0.8510879733686995,0.9423619930544526,False,False,
43,template_ood,-1,P,,current_EOS_k,raw160,160,160,1.0,0.9765538048284949,1,False,False,
43,template_ood,-1,P,,C_coverage,raw160,145,160,0.90625,0.8510879733686995,0.9423619930544526,False,False,
43,template_ood,-1,P,,natural_mask_equal,raw160,160,160,1.0,0.9765538048284949,1,False,False,
43,template_ood,-1,U,,current_k,raw160,153,160,0.95625,0.9124569584575362,0.9786483884484656,False,False,
43,template_ood,-1,U,,current_exact_k,raw160,153,160,0.95625,0.9124569584575362,0.9786483884484656,False,False,
43,template_ood,-1,U,,current_EOS_k,raw160,160,160,1.0,0.9765538048284949,1,False,False,
43,template_ood,-1,U,,C_coverage,raw160,153,160,0.95625,0.9124569584575362,0.9786483884484656,False,False,
43,template_ood,-1,U,,natural_mask_equal,raw160,160,160,1.0,0.9765538048284949,1,False,False,
43,template_ood,-1,G,,current_k,raw160,120,160,0.75,0.6775763046904398,0.8107005977238076,False,False,
43,template_ood,-1,G,,current_exact_k,raw160,120,160,0.75,0.6775763046904398,0.8107005977238076,False,False,
43,template_ood,-1,G,,current_EOS_k,raw160,160,160,1.0,0.9765538048284949,1,False,False,
43,template_ood,-1,G,,C_coverage,raw160,120,160,0.75,0.6775763046904398,0.8107005977238076,False,False,
43,template_ood,-1,G,,natural_mask_equal,raw160,160,160,1.0,0.9765538048284949,1,False,False,
43,template_ood,-2,E,,current_k,raw160,160,160,1.0,0.9765538048284949,1,False,False,
43,template_ood,-2,E,,current_exact_k,raw160,160,160,1.0,0.9765538048284949,1,False,False,
43,template_ood,-2,E,,current_EOS_k,raw160,160,160,1.0,0.9765538048284949,1,False,False,
43,template_ood,-2,E,,natural_mask_equal,raw160,0,160,0.0,0,0.02344619517150519,False,False,
43,template_ood,-2,P,,current_k,raw160,157,160,0.98125,0.9463298879006856,0.9936031492467405,False,False,
43,template_ood,-2,P,,current_exact_k,raw160,157,160,0.98125,0.9463298879006856,0.9936031492467405,False,False,
43,template_ood,-2,P,,current_EOS_k,raw160,160,160,1.0,0.9765538048284949,1,False,False,
43,template_ood,-2,P,,C_coverage,raw160,157,160,0.98125,0.9463298879006856,0.9936031492467405,False,False,
43,template_ood,-2,P,,natural_mask_equal,raw160,0,160,0.0,0,0.02344619517150519,False,False,
43,template_ood,-2,U,,current_k,raw160,160,160,1.0,0.9765538048284949,1,False,False,
43,template_ood,-2,U,,current_exact_k,raw160,160,160,1.0,0.9765538048284949,1,False,False,
43,template_ood,-2,U,,current_EOS_k,raw160,160,160,1.0,0.9765538048284949,1,False,False,
43,template_ood,-2,U,,C_coverage,raw160,160,160,1.0,0.9765538048284949,1,False,False,
43,template_ood,-2,U,,natural_mask_equal,raw160,0,160,0.0,0,0.02344619517150519,False,False,
43,template_ood,-2,G,,current_k,raw160,139,160,0.86875,0.8076812686575604,0.9125271624034547,False,False,
43,template_ood,-2,G,,current_exact_k,raw160,139,160,0.86875,0.8076812686575604,0.9125271624034547,False,False,
43,template_ood,-2,G,,current_EOS_k,raw160,160,160,1.0,0.9765538048284949,1,False,False,
43,template_ood,-2,G,,C_coverage,raw160,139,160,0.86875,0.8076812686575604,0.9125271624034547,False,False,
43,template_ood,-2,G,,natural_mask_equal,raw160,0,160,0.0,0,0.02344619517150519,False,False,
44,iid,2,E,,current_k,raw160,160,160,1.0,0.9765538048284949,1,False,False,
44,iid,2,E,,current_exact_k,raw160,160,160,1.0,0.9765538048284949,1,False,False,
44,iid,2,E,,current_EOS_k,raw160,160,160,1.0,0.9765538048284949,1,False,False,
44,iid,2,E,,natural_mask_equal,raw160,160,160,1.0,0.9765538048284949,1,False,False,
44,iid,2,P,,current_k,raw160,160,160,1.0,0.9765538048284949,1,False,False,
44,iid,2,P,,current_exact_k,raw160,160,160,1.0,0.9765538048284949,1,False,False,
44,iid,2,P,,current_EOS_k,raw160,160,160,1.0,0.9765538048284949,1,False,False,
44,iid,2,P,,C_coverage,raw160,160,160,1.0,0.9765538048284949,1,False,False,
44,iid,2,P,,natural_mask_equal,raw160,160,160,1.0,0.9765538048284949,1,False,False,
44,iid,2,U,,current_k,raw160,157,160,0.98125,0.9463298879006856,0.9936031492467405,False,False,
44,iid,2,U,,current_exact_k,raw160,157,160,0.98125,0.9463298879006856,0.9936031492467405,False,False,
44,iid,2,U,,current_EOS_k,raw160,160,160,1.0,0.9765538048284949,1,False,False,
44,iid,2,U,,C_coverage,raw160,157,160,0.98125,0.9463298879006856,0.9936031492467405,False,False,
44,iid,2,U,,natural_mask_equal,raw160,160,160,1.0,0.9765538048284949,1,False,False,
44,iid,2,G,,current_k,raw160,95,160,0.59375,0.5163168856257644,0.6667869527795783,False,False,
44,iid,2,G,,current_exact_k,raw160,95,160,0.59375,0.5163168856257644,0.6667869527795783,False,False,
44,iid,2,G,,current_EOS_k,raw160,160,160,1.0,0.9765538048284949,1,False,False,
44,iid,2,G,,C_coverage,raw160,95,160,0.59375,0.5163168856257644,0.6667869527795783,False,False,
44,iid,2,G,,natural_mask_equal,raw160,160,160,1.0,0.9765538048284949,1,False,False,
44,iid,0,E,,current_k,raw160,160,160,1.0,0.9765538048284949,1,False,False,
44,iid,0,E,,current_exact_k,raw160,160,160,1.0,0.9765538048284949,1,False,False,
44,iid,0,E,,current_EOS_k,raw160,160,160,1.0,0.9765538048284949,1,False,False,
44,iid,0,E,,natural_mask_equal,raw160,160,160,1.0,0.9765538048284949,1,False,False,
44,iid,0,P,,current_k,raw160,160,160,1.0,0.9765538048284949,1,False,False,
44,iid,0,P,,current_exact_k,raw160,160,160,1.0,0.9765538048284949,1,False,False,
44,iid,0,P,,current_EOS_k,raw160,160,160,1.0,0.9765538048284949,1,False,False,
44,iid,0,P,,C_coverage,raw160,160,160,1.0,0.9765538048284949,1,False,False,
44,iid,0,P,,natural_mask_equal,raw160,160,160,1.0,0.9765538048284949,1,False,False,
44,iid,0,U,,current_k,raw160,160,160,1.0,0.9765538048284949,1,False,False,
44,iid,0,U,,current_exact_k,raw160,160,160,1.0,0.9765538048284949,1,False,False,
44,iid,0,U,,current_EOS_k,raw160,160,160,1.0,0.9765538048284949,1,False,False,
44,iid,0,U,,C_coverage,raw160,160,160,1.0,0.9765538048284949,1,False,False,
44,iid,0,U,,natural_mask_equal,raw160,160,160,1.0,0.9765538048284949,1,False,False,
44,iid,0,G,,current_k,raw160,160,160,1.0,0.9765538048284949,1,False,False,
44,iid,0,G,,current_exact_k,raw160,160,160,1.0,0.9765538048284949,1,False,False,
44,iid,0,G,,current_EOS_k,raw160,160,160,1.0,0.9765538048284949,1,False,False,
44,iid,0,G,,C_coverage,raw160,160,160,1.0,0.9765538048284949,1,False,False,
44,iid,0,G,,natural_mask_equal,raw160,160,160,1.0,0.9765538048284949,1,False,False,
44,iid,-1,E,,current_k,raw160,160,160,1.0,0.9765538048284949,1,False,False,
44,iid,-1,E,,current_exact_k,raw160,160,160,1.0,0.9765538048284949,1,False,False,
44,iid,-1,E,,current_EOS_k,raw160,160,160,1.0,0.9765538048284949,1,False,False,
44,iid,-1,E,,natural_mask_equal,raw160,160,160,1.0,0.9765538048284949,1,False,False,
44,iid,-1,P,,current_k,raw160,160,160,1.0,0.9765538048284949,1,False,False,
44,iid,-1,P,,current_exact_k,raw160,160,160,1.0,0.9765538048284949,1,False,False,
44,iid,-1,P,,current_EOS_k,raw160,160,160,1.0,0.9765538048284949,1,False,False,
44,iid,-1,P,,C_coverage,raw160,160,160,1.0,0.9765538048284949,1,False,False,
44,iid,-1,P,,natural_mask_equal,raw160,160,160,1.0,0.9765538048284949,1,False,False,
44,iid,-1,U,,current_k,raw160,160,160,1.0,0.9765538048284949,1,False,False,
44,iid,-1,U,,current_exact_k,raw160,160,160,1.0,0.9765538048284949,1,False,False,
44,iid,-1,U,,current_EOS_k,raw160,160,160,1.0,0.9765538048284949,1,False,False,
44,iid,-1,U,,C_coverage,raw160,160,160,1.0,0.9765538048284949,1,False,False,
44,iid,-1,U,,natural_mask_equal,raw160,160,160,1.0,0.9765538048284949,1,False,False,
44,iid,-1,G,,current_k,raw160,160,160,1.0,0.9765538048284949,1,False,False,
44,iid,-1,G,,current_exact_k,raw160,160,160,1.0,0.9765538048284949,1,False,False,
44,iid,-1,G,,current_EOS_k,raw160,160,160,1.0,0.9765538048284949,1,False,False,
44,iid,-1,G,,C_coverage,raw160,160,160,1.0,0.9765538048284949,1,False,False,
44,iid,-1,G,,natural_mask_equal,raw160,160,160,1.0,0.9765538048284949,1,False,False,
44,iid,-2,E,,current_k,raw160,160,160,1.0,0.9765538048284949,1,False,False,
44,iid,-2,E,,current_exact_k,raw160,160,160,1.0,0.9765538048284949,1,False,False,
44,iid,-2,E,,current_EOS_k,raw160,160,160,1.0,0.9765538048284949,1,False,False,
44,iid,-2,E,,natural_mask_equal,raw160,0,160,0.0,0,0.02344619517150519,False,False,
44,iid,-2,P,,current_k,raw160,160,160,1.0,0.9765538048284949,1,False,False,
44,iid,-2,P,,current_exact_k,raw160,160,160,1.0,0.9765538048284949,1,False,False,
44,iid,-2,P,,current_EOS_k,raw160,160,160,1.0,0.9765538048284949,1,False,False,
44,iid,-2,P,,C_coverage,raw160,160,160,1.0,0.9765538048284949,1,False,False,
44,iid,-2,P,,natural_mask_equal,raw160,0,160,0.0,0,0.02344619517150519,False,False,
44,iid,-2,U,,current_k,raw160,160,160,1.0,0.9765538048284949,1,False,False,
44,iid,-2,U,,current_exact_k,raw160,160,160,1.0,0.9765538048284949,1,False,False,
44,iid,-2,U,,current_EOS_k,raw160,160,160,1.0,0.9765538048284949,1,False,False,
44,iid,-2,U,,C_coverage,raw160,160,160,1.0,0.9765538048284949,1,False,False,
44,iid,-2,U,,natural_mask_equal,raw160,0,160,0.0,0,0.02344619517150519,False,False,
44,iid,-2,G,,current_k,raw160,160,160,1.0,0.9765538048284949,1,False,False,
44,iid,-2,G,,current_exact_k,raw160,160,160,1.0,0.9765538048284949,1,False,False,
44,iid,-2,G,,current_EOS_k,raw160,160,160,1.0,0.9765538048284949,1,False,False,
44,iid,-2,G,,C_coverage,raw160,160,160,1.0,0.9765538048284949,1,False,False,
44,iid,-2,G,,natural_mask_equal,raw160,0,160,0.0,0,0.02344619517150519,False,False,
44,template_ood,2,E,,current_k,raw160,160,160,1.0,0.9765538048284949,1,False,False,
44,template_ood,2,E,,current_exact_k,raw160,160,160,1.0,0.9765538048284949,1,False,False,
44,template_ood,2,E,,current_EOS_k,raw160,160,160,1.0,0.9765538048284949,1,False,False,
44,template_ood,2,E,,natural_mask_equal,raw160,160,160,1.0,0.9765538048284949,1,False,False,
44,template_ood,2,P,,current_k,raw160,160,160,1.0,0.9765538048284949,1,False,False,
44,template_ood,2,P,,current_exact_k,raw160,160,160,1.0,0.9765538048284949,1,False,False,
44,template_ood,2,P,,current_EOS_k,raw160,160,160,1.0,0.9765538048284949,1,False,False,
44,template_ood,2,P,,C_coverage,raw160,160,160,1.0,0.9765538048284949,1,False,False,
44,template_ood,2,P,,natural_mask_equal,raw160,160,160,1.0,0.9765538048284949,1,False,False,
44,template_ood,2,U,,current_k,raw160,131,160,0.81875,0.7518187120680591,0.8707343385101063,False,False,
44,template_ood,2,U,,current_exact_k,raw160,131,160,0.81875,0.7518187120680591,0.8707343385101063,False,False,
44,template_ood,2,U,,current_EOS_k,raw160,160,160,1.0,0.9765538048284949,1,False,False,
44,template_ood,2,U,,C_coverage,raw160,131,160,0.81875,0.7518187120680591,0.8707343385101063,False,False,
44,template_ood,2,U,,natural_mask_equal,raw160,160,160,1.0,0.9765538048284949,1,False,False,
44,template_ood,2,G,,current_k,raw160,147,160,0.91875,0.8659596262286716,0.9519041853151927,False,False,
44,template_ood,2,G,,current_exact_k,raw160,147,160,0.91875,0.8659596262286716,0.9519041853151927,False,False,
44,template_ood,2,G,,current_EOS_k,raw160,160,160,1.0,0.9765538048284949,1,False,False,
44,template_ood,2,G,,C_coverage,raw160,147,160,0.91875,0.8659596262286716,0.9519041853151927,False,False,
44,template_ood,2,G,,natural_mask_equal,raw160,160,160,1.0,0.9765538048284949,1,False,False,
44,template_ood,0,E,,current_k,raw160,160,160,1.0,0.9765538048284949,1,False,False,
44,template_ood,0,E,,current_exact_k,raw160,160,160,1.0,0.9765538048284949,1,False,False,
44,template_ood,0,E,,current_EOS_k,raw160,160,160,1.0,0.9765538048284949,1,False,False,
44,template_ood,0,E,,natural_mask_equal,raw160,160,160,1.0,0.9765538048284949,1,False,False,
44,template_ood,0,P,,current_k,raw160,160,160,1.0,0.9765538048284949,1,False,False,
44,template_ood,0,P,,current_exact_k,raw160,160,160,1.0,0.9765538048284949,1,False,False,
44,template_ood,0,P,,current_EOS_k,raw160,160,160,1.0,0.9765538048284949,1,False,False,
44,template_ood,0,P,,C_coverage,raw160,160,160,1.0,0.9765538048284949,1,False,False,
44,template_ood,0,P,,natural_mask_equal,raw160,160,160,1.0,0.9765538048284949,1,False,False,
44,template_ood,0,U,,current_k,raw160,160,160,1.0,0.9765538048284949,1,False,False,
44,template_ood,0,U,,current_exact_k,raw160,160,160,1.0,0.9765538048284949,1,False,False,
44,template_ood,0,U,,current_EOS_k,raw160,160,160,1.0,0.9765538048284949,1,False,False,
44,template_ood,0,U,,C_coverage,raw160,160,160,1.0,0.9765538048284949,1,False,False,
44,template_ood,0,U,,natural_mask_equal,raw160,160,160,1.0,0.9765538048284949,1,False,False,
44,template_ood,0,G,,current_k,raw160,160,160,1.0,0.9765538048284949,1,False,False,
44,template_ood,0,G,,current_exact_k,raw160,160,160,1.0,0.9765538048284949,1,False,False,
44,template_ood,0,G,,current_EOS_k,raw160,160,160,1.0,0.9765538048284949,1,False,False,
44,template_ood,0,G,,C_coverage,raw160,160,160,1.0,0.9765538048284949,1,False,False,
44,template_ood,0,G,,natural_mask_equal,raw160,160,160,1.0,0.9765538048284949,1,False,False,
44,template_ood,-1,E,,current_k,raw160,160,160,1.0,0.9765538048284949,1,False,False,
44,template_ood,-1,E,,current_exact_k,raw160,160,160,1.0,0.9765538048284949,1,False,False,
44,template_ood,-1,E,,current_EOS_k,raw160,160,160,1.0,0.9765538048284949,1,False,False,
44,template_ood,-1,E,,natural_mask_equal,raw160,160,160,1.0,0.9765538048284949,1,False,False,
44,template_ood,-1,P,,current_k,raw160,160,160,1.0,0.9765538048284949,1,False,False,
44,template_ood,-1,P,,current_exact_k,raw160,160,160,1.0,0.9765538048284949,1,False,False,
44,template_ood,-1,P,,current_EOS_k,raw160,160,160,1.0,0.9765538048284949,1,False,False,
44,template_ood,-1,P,,C_coverage,raw160,160,160,1.0,0.9765538048284949,1,False,False,
44,template_ood,-1,P,,natural_mask_equal,raw160,160,160,1.0,0.9765538048284949,1,False,False,
44,template_ood,-1,U,,current_k,raw160,160,160,1.0,0.9765538048284949,1,False,False,
44,template_ood,-1,U,,current_exact_k,raw160,160,160,1.0,0.9765538048284949,1,False,False,
44,template_ood,-1,U,,current_EOS_k,raw160,160,160,1.0,0.9765538048284949,1,False,False,
44,template_ood,-1,U,,C_coverage,raw160,160,160,1.0,0.9765538048284949,1,False,False,
44,template_ood,-1,U,,natural_mask_equal,raw160,160,160,1.0,0.9765538048284949,1,False,False,
44,template_ood,-1,G,,current_k,raw160,138,160,0.8625,0.8005890571519036,0.9074124513487551,False,False,
44,template_ood,-1,G,,current_exact_k,raw160,138,160,0.8625,0.8005890571519036,0.9074124513487551,False,False,
44,template_ood,-1,G,,current_EOS_k,raw160,160,160,1.0,0.9765538048284949,1,False,False,
44,template_ood,-1,G,,C_coverage,raw160,138,160,0.8625,0.8005890571519036,0.9074124513487551,False,False,
44,template_ood,-1,G,,natural_mask_equal,raw160,160,160,1.0,0.9765538048284949,1,False,False,
44,template_ood,-2,E,,current_k,raw160,160,160,1.0,0.9765538048284949,1,False,False,
44,template_ood,-2,E,,current_exact_k,raw160,160,160,1.0,0.9765538048284949,1,False,False,
44,template_ood,-2,E,,current_EOS_k,raw160,160,160,1.0,0.9765538048284949,1,False,False,
44,template_ood,-2,E,,natural_mask_equal,raw160,0,160,0.0,0,0.02344619517150519,False,False,
44,template_ood,-2,P,,current_k,raw160,151,160,0.94375,0.8965638035410534,0.9701276982442358,False,False,
44,template_ood,-2,P,,current_exact_k,raw160,151,160,0.94375,0.8965638035410534,0.9701276982442358,False,False,
44,template_ood,-2,P,,current_EOS_k,raw160,160,160,1.0,0.9765538048284949,1,False,False,
44,template_ood,-2,P,,C_coverage,raw160,151,160,0.94375,0.8965638035410534,0.9701276982442358,False,False,
44,template_ood,-2,P,,natural_mask_equal,raw160,0,160,0.0,0,0.02344619517150519,False,False,
44,template_ood,-2,U,,current_k,raw160,160,160,1.0,0.9765538048284949,1,False,False,
44,template_ood,-2,U,,current_exact_k,raw160,160,160,1.0,0.9765538048284949,1,False,False,
44,template_ood,-2,U,,current_EOS_k,raw160,160,160,1.0,0.9765538048284949,1,False,False,
44,template_ood,-2,U,,C_coverage,raw160,160,160,1.0,0.9765538048284949,1,False,False,
44,template_ood,-2,U,,natural_mask_equal,raw160,0,160,0.0,0,0.02344619517150519,False,False,
44,template_ood,-2,G,,current_k,raw160,121,160,0.75625,0.6842262061492823,0.8162576188253212,False,False,
44,template_ood,-2,G,,current_exact_k,raw160,121,160,0.75625,0.6842262061492823,0.8162576188253212,False,False,
44,template_ood,-2,G,,current_EOS_k,raw160,160,160,1.0,0.9765538048284949,1,False,False,
44,template_ood,-2,G,,C_coverage,raw160,121,160,0.75625,0.6842262061492823,0.8162576188253212,False,False,
44,template_ood,-2,G,,natural_mask_equal,raw160,0,160,0.0,0,0.02344619517150519,False,False,
42,iid,2,,P,natural_k,raw160,160,160,1.0,0.9765538048284949,1,False,False,
42,iid,2,,P,natural_exact_k,raw160,160,160,1.0,0.9765538048284949,1,False,False,
42,iid,2,,P,natural_EOS_k,raw160,160,160,1.0,0.9765538048284949,1,False,False,
42,iid,2,,N,natural_k,raw160,160,160,1.0,0.9765538048284949,1,False,False,
42,iid,2,,N,natural_exact_k,raw160,160,160,1.0,0.9765538048284949,1,False,False,
42,iid,2,,N,natural_EOS_k,raw160,160,160,1.0,0.9765538048284949,1,False,False,
42,iid,2,,F,natural_k,raw160,160,160,1.0,0.9765538048284949,1,False,False,
42,iid,2,,F,natural_exact_k,raw160,160,160,1.0,0.9765538048284949,1,False,False,
42,iid,2,,F,natural_EOS_k,raw160,160,160,1.0,0.9765538048284949,1,False,False,
42,iid,2,,G,natural_k,raw160,160,160,1.0,0.9765538048284949,1,False,False,
42,iid,2,,G,natural_exact_k,raw160,160,160,1.0,0.9765538048284949,1,False,False,
42,iid,2,,G,natural_EOS_k,raw160,160,160,1.0,0.9765538048284949,1,False,False,
42,iid,0,,P,natural_k,raw160,160,160,1.0,0.9765538048284949,1,False,False,
42,iid,0,,P,natural_exact_k,raw160,160,160,1.0,0.9765538048284949,1,False,False,
42,iid,0,,P,natural_EOS_k,raw160,160,160,1.0,0.9765538048284949,1,False,False,
42,iid,0,,N,natural_k,raw160,160,160,1.0,0.9765538048284949,1,False,False,
42,iid,0,,N,natural_exact_k,raw160,160,160,1.0,0.9765538048284949,1,False,False,
42,iid,0,,N,natural_EOS_k,raw160,160,160,1.0,0.9765538048284949,1,False,False,
42,iid,0,,F,natural_k,raw160,160,160,1.0,0.9765538048284949,1,False,False,
42,iid,0,,F,natural_exact_k,raw160,160,160,1.0,0.9765538048284949,1,False,False,
42,iid,0,,F,natural_EOS_k,raw160,160,160,1.0,0.9765538048284949,1,False,False,
42,iid,0,,G,natural_k,raw160,160,160,1.0,0.9765538048284949,1,False,False,
42,iid,0,,G,natural_exact_k,raw160,160,160,1.0,0.9765538048284949,1,False,False,
42,iid,0,,G,natural_EOS_k,raw160,160,160,1.0,0.9765538048284949,1,False,False,
42,iid,-1,,P,natural_k,raw160,160,160,1.0,0.9765538048284949,1,False,False,
42,iid,-1,,P,natural_exact_k,raw160,160,160,1.0,0.9765538048284949,1,False,False,
42,iid,-1,,P,natural_EOS_k,raw160,160,160,1.0,0.9765538048284949,1,False,False,
42,iid,-1,,N,natural_k,raw160,160,160,1.0,0.9765538048284949,1,False,False,
42,iid,-1,,N,natural_exact_k,raw160,160,160,1.0,0.9765538048284949,1,False,False,
42,iid,-1,,N,natural_EOS_k,raw160,160,160,1.0,0.9765538048284949,1,False,False,
42,iid,-1,,F,natural_k,raw160,160,160,1.0,0.9765538048284949,1,False,False,
42,iid,-1,,F,natural_exact_k,raw160,160,160,1.0,0.9765538048284949,1,False,False,
42,iid,-1,,F,natural_EOS_k,raw160,160,160,1.0,0.9765538048284949,1,False,False,
42,iid,-1,,G,natural_k,raw160,160,160,1.0,0.9765538048284949,1,False,False,
42,iid,-1,,G,natural_exact_k,raw160,160,160,1.0,0.9765538048284949,1,False,False,
42,iid,-1,,G,natural_EOS_k,raw160,160,160,1.0,0.9765538048284949,1,False,False,
42,iid,-2,,P,natural_k,raw160,160,160,1.0,0.9765538048284949,1,False,False,
42,iid,-2,,P,natural_exact_k,raw160,160,160,1.0,0.9765538048284949,1,False,False,
42,iid,-2,,P,natural_EOS_k,raw160,160,160,1.0,0.9765538048284949,1,False,False,
42,iid,-2,,N,natural_k,raw160,160,160,1.0,0.9765538048284949,1,False,False,
42,iid,-2,,N,natural_exact_k,raw160,160,160,1.0,0.9765538048284949,1,False,False,
42,iid,-2,,N,natural_EOS_k,raw160,160,160,1.0,0.9765538048284949,1,False,False,
42,iid,-2,,F,natural_k,raw160,160,160,1.0,0.9765538048284949,1,False,False,
42,iid,-2,,F,natural_exact_k,raw160,160,160,1.0,0.9765538048284949,1,False,False,
42,iid,-2,,F,natural_EOS_k,raw160,160,160,1.0,0.9765538048284949,1,False,False,
42,iid,-2,,G,natural_k,raw160,160,160,1.0,0.9765538048284949,1,False,False,
42,iid,-2,,G,natural_exact_k,raw160,160,160,1.0,0.9765538048284949,1,False,False,
42,iid,-2,,G,natural_EOS_k,raw160,160,160,1.0,0.9765538048284949,1,False,False,
42,template_ood,2,,P,natural_k,raw160,158,160,0.9875,0.9555746308159091,0.9965653288918735,False,False,
42,template_ood,2,,P,natural_exact_k,raw160,158,160,0.9875,0.9555746308159091,0.9965653288918735,False,False,
42,template_ood,2,,P,natural_EOS_k,raw160,160,160,1.0,0.9765538048284949,1,False,False,
42,template_ood,2,,N,natural_k,raw160,160,160,1.0,0.9765538048284949,1,False,False,
42,template_ood,2,,N,natural_exact_k,raw160,160,160,1.0,0.9765538048284949,1,False,False,
42,template_ood,2,,N,natural_EOS_k,raw160,160,160,1.0,0.9765538048284949,1,False,False,
42,template_ood,2,,F,natural_k,raw160,160,160,1.0,0.9765538048284949,1,False,False,
42,template_ood,2,,F,natural_exact_k,raw160,160,160,1.0,0.9765538048284949,1,False,False,
42,template_ood,2,,F,natural_EOS_k,raw160,160,160,1.0,0.9765538048284949,1,False,False,
42,template_ood,2,,G,natural_k,raw160,133,160,0.83125,0.7656111943482116,0.8813557013506663,False,False,
42,template_ood,2,,G,natural_exact_k,raw160,133,160,0.83125,0.7656111943482116,0.8813557013506663,False,False,
42,template_ood,2,,G,natural_EOS_k,raw160,160,160,1.0,0.9765538048284949,1,False,False,
42,template_ood,0,,P,natural_k,raw160,159,160,0.99375,0.965451014037521,0.9988958682306179,False,False,
42,template_ood,0,,P,natural_exact_k,raw160,159,160,0.99375,0.965451014037521,0.9988958682306179,False,False,
42,template_ood,0,,P,natural_EOS_k,raw160,160,160,1.0,0.9765538048284949,1,False,False,
42,template_ood,0,,N,natural_k,raw160,160,160,1.0,0.9765538048284949,1,False,False,
42,template_ood,0,,N,natural_exact_k,raw160,160,160,1.0,0.9765538048284949,1,False,False,
42,template_ood,0,,N,natural_EOS_k,raw160,160,160,1.0,0.9765538048284949,1,False,False,
42,template_ood,0,,F,natural_k,raw160,127,160,0.79375,0.7245262240066808,0.84919913633006,False,False,
42,template_ood,0,,F,natural_exact_k,raw160,127,160,0.79375,0.7245262240066808,0.84919913633006,False,False,
42,template_ood,0,,F,natural_EOS_k,raw160,160,160,1.0,0.9765538048284949,1,False,False,
42,template_ood,0,,G,natural_k,raw160,120,160,0.75,0.6775763046904398,0.8107005977238076,False,False,
42,template_ood,0,,G,natural_exact_k,raw160,120,160,0.75,0.6775763046904398,0.8107005977238076,False,False,
42,template_ood,0,,G,natural_EOS_k,raw160,160,160,1.0,0.9765538048284949,1,False,False,
42,template_ood,-1,,P,natural_k,raw160,160,160,1.0,0.9765538048284949,1,False,False,
42,template_ood,-1,,P,natural_exact_k,raw160,160,160,1.0,0.9765538048284949,1,False,False,
42,template_ood,-1,,P,natural_EOS_k,raw160,160,160,1.0,0.9765538048284949,1,False,False,
42,template_ood,-1,,N,natural_k,raw160,160,160,1.0,0.9765538048284949,1,False,False,
42,template_ood,-1,,N,natural_exact_k,raw160,160,160,1.0,0.9765538048284949,1,False,False,
42,template_ood,-1,,N,natural_EOS_k,raw160,160,160,1.0,0.9765538048284949,1,False,False,
42,template_ood,-1,,F,natural_k,raw160,160,160,1.0,0.9765538048284949,1,False,False,
42,template_ood,-1,,F,natural_exact_k,raw160,160,160,1.0,0.9765538048284949,1,False,False,
42,template_ood,-1,,F,natural_EOS_k,raw160,160,160,1.0,0.9765538048284949,1,False,False,
42,template_ood,-1,,G,natural_k,raw160,160,160,1.0,0.9765538048284949,1,False,False,
42,template_ood,-1,,G,natural_exact_k,raw160,160,160,1.0,0.9765538048284949,1,False,False,
42,template_ood,-1,,G,natural_EOS_k,raw160,160,160,1.0,0.9765538048284949,1,False,False,
42,template_ood,-2,,P,natural_k,raw160,160,160,1.0,0.9765538048284949,1,False,False,
42,template_ood,-2,,P,natural_exact_k,raw160,160,160,1.0,0.9765538048284949,1,False,False,
42,template_ood,-2,,P,natural_EOS_k,raw160,160,160,1.0,0.9765538048284949,1,False,False,
42,template_ood,-2,,N,natural_k,raw160,160,160,1.0,0.9765538048284949,1,False,False,
42,template_ood,-2,,N,natural_exact_k,raw160,160,160,1.0,0.9765538048284949,1,False,False,
42,template_ood,-2,,N,natural_EOS_k,raw160,160,160,1.0,0.9765538048284949,1,False,False,
42,template_ood,-2,,F,natural_k,raw160,160,160,1.0,0.9765538048284949,1,False,False,
42,template_ood,-2,,F,natural_exact_k,raw160,160,160,1.0,0.9765538048284949,1,False,False,
42,template_ood,-2,,F,natural_EOS_k,raw160,160,160,1.0,0.9765538048284949,1,False,False,
42,template_ood,-2,,G,natural_k,raw160,125,160,0.78125,0.7110129877684279,0.8382985274476005,False,False,
42,template_ood,-2,,G,natural_exact_k,raw160,125,160,0.78125,0.7110129877684279,0.8382985274476005,False,False,
42,template_ood,-2,,G,natural_EOS_k,raw160,160,160,1.0,0.9765538048284949,1,False,False,
43,iid,2,,P,natural_k,raw160,160,160,1.0,0.9765538048284949,1,False,False,
43,iid,2,,P,natural_exact_k,raw160,160,160,1.0,0.9765538048284949,1,False,False,
43,iid,2,,P,natural_EOS_k,raw160,160,160,1.0,0.9765538048284949,1,False,False,
43,iid,2,,N,natural_k,raw160,160,160,1.0,0.9765538048284949,1,False,False,
43,iid,2,,N,natural_exact_k,raw160,160,160,1.0,0.9765538048284949,1,False,False,
43,iid,2,,N,natural_EOS_k,raw160,160,160,1.0,0.9765538048284949,1,False,False,
43,iid,2,,F,natural_k,raw160,160,160,1.0,0.9765538048284949,1,False,False,
43,iid,2,,F,natural_exact_k,raw160,160,160,1.0,0.9765538048284949,1,False,False,
43,iid,2,,F,natural_EOS_k,raw160,160,160,1.0,0.9765538048284949,1,False,False,
43,iid,2,,G,natural_k,raw160,158,160,0.9875,0.9555746308159091,0.9965653288918735,False,False,
43,iid,2,,G,natural_exact_k,raw160,158,160,0.9875,0.9555746308159091,0.9965653288918735,False,False,
43,iid,2,,G,natural_EOS_k,raw160,160,160,1.0,0.9765538048284949,1,False,False,
43,iid,0,,P,natural_k,raw160,160,160,1.0,0.9765538048284949,1,False,False,
43,iid,0,,P,natural_exact_k,raw160,160,160,1.0,0.9765538048284949,1,False,False,
43,iid,0,,P,natural_EOS_k,raw160,160,160,1.0,0.9765538048284949,1,False,False,
43,iid,0,,N,natural_k,raw160,160,160,1.0,0.9765538048284949,1,False,False,
43,iid,0,,N,natural_exact_k,raw160,160,160,1.0,0.9765538048284949,1,False,False,
43,iid,0,,N,natural_EOS_k,raw160,160,160,1.0,0.9765538048284949,1,False,False,
43,iid,0,,F,natural_k,raw160,160,160,1.0,0.9765538048284949,1,False,False,
43,iid,0,,F,natural_exact_k,raw160,160,160,1.0,0.9765538048284949,1,False,False,
43,iid,0,,F,natural_EOS_k,raw160,160,160,1.0,0.9765538048284949,1,False,False,
43,iid,0,,G,natural_k,raw160,160,160,1.0,0.9765538048284949,1,False,False,
43,iid,0,,G,natural_exact_k,raw160,160,160,1.0,0.9765538048284949,1,False,False,
43,iid,0,,G,natural_EOS_k,raw160,160,160,1.0,0.9765538048284949,1,False,False,
43,iid,-1,,P,natural_k,raw160,160,160,1.0,0.9765538048284949,1,False,False,
43,iid,-1,,P,natural_exact_k,raw160,160,160,1.0,0.9765538048284949,1,False,False,
43,iid,-1,,P,natural_EOS_k,raw160,160,160,1.0,0.9765538048284949,1,False,False,
43,iid,-1,,N,natural_k,raw160,160,160,1.0,0.9765538048284949,1,False,False,
43,iid,-1,,N,natural_exact_k,raw160,160,160,1.0,0.9765538048284949,1,False,False,
43,iid,-1,,N,natural_EOS_k,raw160,160,160,1.0,0.9765538048284949,1,False,False,
43,iid,-1,,F,natural_k,raw160,160,160,1.0,0.9765538048284949,1,False,False,
43,iid,-1,,F,natural_exact_k,raw160,160,160,1.0,0.9765538048284949,1,False,False,
43,iid,-1,,F,natural_EOS_k,raw160,160,160,1.0,0.9765538048284949,1,False,False,
43,iid,-1,,G,natural_k,raw160,160,160,1.0,0.9765538048284949,1,False,False,
43,iid,-1,,G,natural_exact_k,raw160,160,160,1.0,0.9765538048284949,1,False,False,
43,iid,-1,,G,natural_EOS_k,raw160,160,160,1.0,0.9765538048284949,1,False,False,
43,iid,-2,,P,natural_k,raw160,160,160,1.0,0.9765538048284949,1,False,False,
43,iid,-2,,P,natural_exact_k,raw160,160,160,1.0,0.9765538048284949,1,False,False,
43,iid,-2,,P,natural_EOS_k,raw160,160,160,1.0,0.9765538048284949,1,False,False,
43,iid,-2,,N,natural_k,raw160,160,160,1.0,0.9765538048284949,1,False,False,
43,iid,-2,,N,natural_exact_k,raw160,160,160,1.0,0.9765538048284949,1,False,False,
43,iid,-2,,N,natural_EOS_k,raw160,160,160,1.0,0.9765538048284949,1,False,False,
43,iid,-2,,F,natural_k,raw160,160,160,1.0,0.9765538048284949,1,False,False,
43,iid,-2,,F,natural_exact_k,raw160,160,160,1.0,0.9765538048284949,1,False,False,
43,iid,-2,,F,natural_EOS_k,raw160,160,160,1.0,0.9765538048284949,1,False,False,
43,iid,-2,,G,natural_k,raw160,160,160,1.0,0.9765538048284949,1,False,False,
43,iid,-2,,G,natural_exact_k,raw160,160,160,1.0,0.9765538048284949,1,False,False,
43,iid,-2,,G,natural_EOS_k,raw160,160,160,1.0,0.9765538048284949,1,False,False,
43,template_ood,2,,P,natural_k,raw160,160,160,1.0,0.9765538048284949,1,False,False,
43,template_ood,2,,P,natural_exact_k,raw160,160,160,1.0,0.9765538048284949,1,False,False,
43,template_ood,2,,P,natural_EOS_k,raw160,160,160,1.0,0.9765538048284949,1,False,False,
43,template_ood,2,,N,natural_k,raw160,160,160,1.0,0.9765538048284949,1,False,False,
43,template_ood,2,,N,natural_exact_k,raw160,160,160,1.0,0.9765538048284949,1,False,False,
43,template_ood,2,,N,natural_EOS_k,raw160,160,160,1.0,0.9765538048284949,1,False,False,
43,template_ood,2,,F,natural_k,raw160,160,160,1.0,0.9765538048284949,1,False,False,
43,template_ood,2,,F,natural_exact_k,raw160,160,160,1.0,0.9765538048284949,1,False,False,
43,template_ood,2,,F,natural_EOS_k,raw160,160,160,1.0,0.9765538048284949,1,False,False,
43,template_ood,2,,G,natural_k,raw160,119,160,0.74375,0.6709441826005733,0.8051257972533179,False,False,
43,template_ood,2,,G,natural_exact_k,raw160,119,160,0.74375,0.6709441826005733,0.8051257972533179,False,False,
43,template_ood,2,,G,natural_EOS_k,raw160,160,160,1.0,0.9765538048284949,1,False,False,
43,template_ood,0,,P,natural_k,raw160,145,160,0.90625,0.8510879733686995,0.9423619930544526,False,False,
43,template_ood,0,,P,natural_exact_k,raw160,145,160,0.90625,0.8510879733686995,0.9423619930544526,False,False,
43,template_ood,0,,P,natural_EOS_k,raw160,160,160,1.0,0.9765538048284949,1,False,False,
43,template_ood,0,,N,natural_k,raw160,160,160,1.0,0.9765538048284949,1,False,False,
43,template_ood,0,,N,natural_exact_k,raw160,160,160,1.0,0.9765538048284949,1,False,False,
43,template_ood,0,,N,natural_EOS_k,raw160,160,160,1.0,0.9765538048284949,1,False,False,
43,template_ood,0,,F,natural_k,raw160,122,160,0.7625,0.6908943322868297,0.8217964152481301,False,False,
43,template_ood,0,,F,natural_exact_k,raw160,122,160,0.7625,0.6908943322868297,0.8217964152481301,False,False,
43,template_ood,0,,F,natural_EOS_k,raw160,160,160,1.0,0.9765538048284949,1,False,False,
43,template_ood,0,,G,natural_k,raw160,120,160,0.75,0.6775763046904398,0.8107005977238076,False,False,
43,template_ood,0,,G,natural_exact_k,raw160,120,160,0.75,0.6775763046904398,0.8107005977238076,False,False,
43,template_ood,0,,G,natural_EOS_k,raw160,160,160,1.0,0.9765538048284949,1,False,False,
43,template_ood,-1,,P,natural_k,raw160,157,160,0.98125,0.9463298879006856,0.9936031492467405,False,False,
43,template_ood,-1,,P,natural_exact_k,raw160,157,160,0.98125,0.9463298879006856,0.9936031492467405,False,False,
43,template_ood,-1,,P,natural_EOS_k,raw160,160,160,1.0,0.9765538048284949,1,False,False,
43,template_ood,-1,,N,natural_k,raw160,160,160,1.0,0.9765538048284949,1,False,False,
43,template_ood,-1,,N,natural_exact_k,raw160,160,160,1.0,0.9765538048284949,1,False,False,
43,template_ood,-1,,N,natural_EOS_k,raw160,160,160,1.0,0.9765538048284949,1,False,False,
43,template_ood,-1,,F,natural_k,raw160,149,160,0.93125,0.8810970775754896,0.9611805790890873,False,False,
43,template_ood,-1,,F,natural_exact_k,raw160,149,160,0.93125,0.8810970775754896,0.9611805790890873,False,False,
43,template_ood,-1,,F,natural_EOS_k,raw160,160,160,1.0,0.9765538048284949,1,False,False,
43,template_ood,-1,,G,natural_k,raw160,139,160,0.86875,0.8076812686575604,0.9125271624034547,False,False,
43,template_ood,-1,,G,natural_exact_k,raw160,139,160,0.86875,0.8076812686575604,0.9125271624034547,False,False,
43,template_ood,-1,,G,natural_EOS_k,raw160,160,160,1.0,0.9765538048284949,1,False,False,
43,template_ood,-2,,P,natural_k,raw160,160,160,1.0,0.9765538048284949,1,False,False,
43,template_ood,-2,,P,natural_exact_k,raw160,160,160,1.0,0.9765538048284949,1,False,False,
43,template_ood,-2,,P,natural_EOS_k,raw160,160,160,1.0,0.9765538048284949,1,False,False,
43,template_ood,-2,,N,natural_k,raw160,160,160,1.0,0.9765538048284949,1,False,False,
43,template_ood,-2,,N,natural_exact_k,raw160,160,160,1.0,0.9765538048284949,1,False,False,
43,template_ood,-2,,N,natural_EOS_k,raw160,160,160,1.0,0.9765538048284949,1,False,False,
43,template_ood,-2,,F,natural_k,raw160,160,160,1.0,0.9765538048284949,1,False,False,
43,template_ood,-2,,F,natural_exact_k,raw160,160,160,1.0,0.9765538048284949,1,False,False,
43,template_ood,-2,,F,natural_EOS_k,raw160,160,160,1.0,0.9765538048284949,1,False,False,
43,template_ood,-2,,G,natural_k,raw160,160,160,1.0,0.9765538048284949,1,False,False,
43,template_ood,-2,,G,natural_exact_k,raw160,160,160,1.0,0.9765538048284949,1,False,False,
43,template_ood,-2,,G,natural_EOS_k,raw160,160,160,1.0,0.9765538048284949,1,False,False,
44,iid,2,,P,natural_k,raw160,160,160,1.0,0.9765538048284949,1,False,False,
44,iid,2,,P,natural_exact_k,raw160,160,160,1.0,0.9765538048284949,1,False,False,
44,iid,2,,P,natural_EOS_k,raw160,160,160,1.0,0.9765538048284949,1,False,False,
44,iid,2,,N,natural_k,raw160,160,160,1.0,0.9765538048284949,1,False,False,
44,iid,2,,N,natural_exact_k,raw160,160,160,1.0,0.9765538048284949,1,False,False,
44,iid,2,,N,natural_EOS_k,raw160,160,160,1.0,0.9765538048284949,1,False,False,
44,iid,2,,F,natural_k,raw160,160,160,1.0,0.9765538048284949,1,False,False,
44,iid,2,,F,natural_exact_k,raw160,160,160,1.0,0.9765538048284949,1,False,False,
44,iid,2,,F,natural_EOS_k,raw160,160,160,1.0,0.9765538048284949,1,False,False,
44,iid,2,,G,natural_k,raw160,140,160,0.875,0.814809889465813,0.9176054641555581,False,False,
44,iid,2,,G,natural_exact_k,raw160,140,160,0.875,0.814809889465813,0.9176054641555581,False,False,
44,iid,2,,G,natural_EOS_k,raw160,160,160,1.0,0.9765538048284949,1,False,False,
44,iid,0,,P,natural_k,raw160,160,160,1.0,0.9765538048284949,1,False,False,
44,iid,0,,P,natural_exact_k,raw160,160,160,1.0,0.9765538048284949,1,False,False,
44,iid,0,,P,natural_EOS_k,raw160,160,160,1.0,0.9765538048284949,1,False,False,
44,iid,0,,N,natural_k,raw160,160,160,1.0,0.9765538048284949,1,False,False,
44,iid,0,,N,natural_exact_k,raw160,160,160,1.0,0.9765538048284949,1,False,False,
44,iid,0,,N,natural_EOS_k,raw160,160,160,1.0,0.9765538048284949,1,False,False,
44,iid,0,,F,natural_k,raw160,160,160,1.0,0.9765538048284949,1,False,False,
44,iid,0,,F,natural_exact_k,raw160,160,160,1.0,0.9765538048284949,1,False,False,
44,iid,0,,F,natural_EOS_k,raw160,160,160,1.0,0.9765538048284949,1,False,False,
44,iid,0,,G,natural_k,raw160,160,160,1.0,0.9765538048284949,1,False,False,
44,iid,0,,G,natural_exact_k,raw160,160,160,1.0,0.9765538048284949,1,False,False,
44,iid,0,,G,natural_EOS_k,raw160,160,160,1.0,0.9765538048284949,1,False,False,
44,iid,-1,,P,natural_k,raw160,160,160,1.0,0.9765538048284949,1,False,False,
44,iid,-1,,P,natural_exact_k,raw160,160,160,1.0,0.9765538048284949,1,False,False,
44,iid,-1,,P,natural_EOS_k,raw160,160,160,1.0,0.9765538048284949,1,False,False,
44,iid,-1,,N,natural_k,raw160,160,160,1.0,0.9765538048284949,1,False,False,
44,iid,-1,,N,natural_exact_k,raw160,160,160,1.0,0.9765538048284949,1,False,False,
44,iid,-1,,N,natural_EOS_k,raw160,160,160,1.0,0.9765538048284949,1,False,False,
44,iid,-1,,F,natural_k,raw160,160,160,1.0,0.9765538048284949,1,False,False,
44,iid,-1,,F,natural_exact_k,raw160,160,160,1.0,0.9765538048284949,1,False,False,
44,iid,-1,,F,natural_EOS_k,raw160,160,160,1.0,0.9765538048284949,1,False,False,
44,iid,-1,,G,natural_k,raw160,160,160,1.0,0.9765538048284949,1,False,False,
44,iid,-1,,G,natural_exact_k,raw160,160,160,1.0,0.9765538048284949,1,False,False,
44,iid,-1,,G,natural_EOS_k,raw160,160,160,1.0,0.9765538048284949,1,False,False,
44,iid,-2,,P,natural_k,raw160,160,160,1.0,0.9765538048284949,1,False,False,
44,iid,-2,,P,natural_exact_k,raw160,160,160,1.0,0.9765538048284949,1,False,False,
44,iid,-2,,P,natural_EOS_k,raw160,160,160,1.0,0.9765538048284949,1,False,False,
44,iid,-2,,N,natural_k,raw160,160,160,1.0,0.9765538048284949,1,False,False,
44,iid,-2,,N,natural_exact_k,raw160,160,160,1.0,0.9765538048284949,1,False,False,
44,iid,-2,,N,natural_EOS_k,raw160,160,160,1.0,0.9765538048284949,1,False,False,
44,iid,-2,,F,natural_k,raw160,160,160,1.0,0.9765538048284949,1,False,False,
44,iid,-2,,F,natural_exact_k,raw160,160,160,1.0,0.9765538048284949,1,False,False,
44,iid,-2,,F,natural_EOS_k,raw160,160,160,1.0,0.9765538048284949,1,False,False,
44,iid,-2,,G,natural_k,raw160,159,160,0.99375,0.965451014037521,0.9988958682306179,False,False,
44,iid,-2,,G,natural_exact_k,raw160,159,160,0.99375,0.965451014037521,0.9988958682306179,False,False,
44,iid,-2,,G,natural_EOS_k,raw160,160,160,1.0,0.9765538048284949,1,False,False,
44,template_ood,2,,P,natural_k,raw160,150,160,0.9375,0.8887842459710525,0.9657003332538804,False,False,
44,template_ood,2,,P,natural_exact_k,raw160,150,160,0.9375,0.8887842459710525,0.9657003332538804,False,False,
44,template_ood,2,,P,natural_EOS_k,raw160,160,160,1.0,0.9765538048284949,1,False,False,
44,template_ood,2,,N,natural_k,raw160,142,160,0.8875,0.8291855372862971,0.9276436614557864,False,False,
44,template_ood,2,,N,natural_exact_k,raw160,142,160,0.8875,0.8291855372862971,0.9276436614557864,False,False,
44,template_ood,2,,N,natural_EOS_k,raw160,160,160,1.0,0.9765538048284949,1,False,False,
44,template_ood,2,,F,natural_k,raw160,155,160,0.96875,0.9289397087143583,0.9865794833123556,False,False,
44,template_ood,2,,F,natural_exact_k,raw160,155,160,0.96875,0.9289397087143583,0.9865794833123556,False,False,
44,template_ood,2,,F,natural_EOS_k,raw160,160,160,1.0,0.9765538048284949,1,False,False,
44,template_ood,2,,G,natural_k,raw160,119,160,0.74375,0.6709441826005733,0.8051257972533179,False,False,
44,template_ood,2,,G,natural_exact_k,raw160,119,160,0.74375,0.6709441826005733,0.8051257972533179,False,False,
44,template_ood,2,,G,natural_EOS_k,raw160,160,160,1.0,0.9765538048284949,1,False,False,
44,template_ood,0,,P,natural_k,raw160,160,160,1.0,0.9765538048284949,1,False,False,
44,template_ood,0,,P,natural_exact_k,raw160,160,160,1.0,0.9765538048284949,1,False,False,
44,template_ood,0,,P,natural_EOS_k,raw160,160,160,1.0,0.9765538048284949,1,False,False,
44,template_ood,0,,N,natural_k,raw160,160,160,1.0,0.9765538048284949,1,False,False,
44,template_ood,0,,N,natural_exact_k,raw160,160,160,1.0,0.9765538048284949,1,False,False,
44,template_ood,0,,N,natural_EOS_k,raw160,160,160,1.0,0.9765538048284949,1,False,False,
44,template_ood,0,,F,natural_k,raw160,160,160,1.0,0.9765538048284949,1,False,False,
44,template_ood,0,,F,natural_exact_k,raw160,160,160,1.0,0.9765538048284949,1,False,False,
44,template_ood,0,,F,natural_EOS_k,raw160,160,160,1.0,0.9765538048284949,1,False,False,
44,template_ood,0,,G,natural_k,raw160,138,160,0.8625,0.8005890571519036,0.9074124513487551,False,False,
44,template_ood,0,,G,natural_exact_k,raw160,138,160,0.8625,0.8005890571519036,0.9074124513487551,False,False,
44,template_ood,0,,G,natural_EOS_k,raw160,160,160,1.0,0.9765538048284949,1,False,False,
44,template_ood,-1,,P,natural_k,raw160,151,160,0.94375,0.8965638035410534,0.9701276982442358,False,False,
44,template_ood,-1,,P,natural_exact_k,raw160,151,160,0.94375,0.8965638035410534,0.9701276982442358,False,False,
44,template_ood,-1,,P,natural_EOS_k,raw160,160,160,1.0,0.9765538048284949,1,False,False,
44,template_ood,-1,,N,natural_k,raw160,160,160,1.0,0.9765538048284949,1,False,False,
44,template_ood,-1,,N,natural_exact_k,raw160,160,160,1.0,0.9765538048284949,1,False,False,
44,template_ood,-1,,N,natural_EOS_k,raw160,160,160,1.0,0.9765538048284949,1,False,False,
44,template_ood,-1,,F,natural_k,raw160,157,160,0.98125,0.9463298879006856,0.9936031492467405,False,False,
44,template_ood,-1,,F,natural_exact_k,raw160,157,160,0.98125,0.9463298879006856,0.9936031492467405,False,False,
44,template_ood,-1,,F,natural_EOS_k,raw160,160,160,1.0,0.9765538048284949,1,False,False,
44,template_ood,-1,,G,natural_k,raw160,121,160,0.75625,0.6842262061492823,0.8162576188253212,False,False,
44,template_ood,-1,,G,natural_exact_k,raw160,121,160,0.75625,0.6842262061492823,0.8162576188253212,False,False,
44,template_ood,-1,,G,natural_EOS_k,raw160,160,160,1.0,0.9765538048284949,1,False,False,
44,template_ood,-2,,P,natural_k,raw160,160,160,1.0,0.9765538048284949,1,False,False,
44,template_ood,-2,,P,natural_exact_k,raw160,160,160,1.0,0.9765538048284949,1,False,False,
44,template_ood,-2,,P,natural_EOS_k,raw160,160,160,1.0,0.9765538048284949,1,False,False,
44,template_ood,-2,,N,natural_k,raw160,160,160,1.0,0.9765538048284949,1,False,False,
44,template_ood,-2,,N,natural_exact_k,raw160,160,160,1.0,0.9765538048284949,1,False,False,
44,template_ood,-2,,N,natural_EOS_k,raw160,160,160,1.0,0.9765538048284949,1,False,False,
44,template_ood,-2,,F,natural_k,raw160,160,160,1.0,0.9765538048284949,1,False,False,
44,template_ood,-2,,F,natural_exact_k,raw160,160,160,1.0,0.9765538048284949,1,False,False,
44,template_ood,-2,,F,natural_EOS_k,raw160,160,160,1.0,0.9765538048284949,1,False,False,
44,template_ood,-2,,G,natural_k,raw160,151,160,0.94375,0.8965638035410534,0.9701276982442358,False,False,
44,template_ood,-2,,G,natural_exact_k,raw160,151,160,0.94375,0.8965638035410534,0.9701276982442358,False,False,
44,template_ood,-2,,G,natural_EOS_k,raw160,160,160,1.0,0.9765538048284949,1,False,False,
42,iid,2,,P,self_k,raw160,0,160,0.0,0,0.02344619517150519,False,False,
42,iid,2,,P,self_first_k,raw160,160,160,1.0,0.9765538048284949,1,False,False,
42,iid,2,,P,self_first_exact_k,raw160,160,160,1.0,0.9765538048284949,1,False,False,
42,iid,2,,P,self_endpoint_k,raw160,0,160,0.0,0,0.02344619517150519,False,False,
42,iid,2,,P,self_endpoint_exact_k,raw160,0,160,0.0,0,0.02344619517150519,False,False,
42,iid,2,,N,self_k,raw160,0,160,0.0,0,0.02344619517150519,False,False,
42,iid,2,,N,self_first_k,raw160,160,160,1.0,0.9765538048284949,1,False,False,
42,iid,2,,N,self_first_exact_k,raw160,160,160,1.0,0.9765538048284949,1,False,False,
42,iid,2,,N,self_endpoint_k,raw160,0,160,0.0,0,0.02344619517150519,False,False,
42,iid,2,,N,self_endpoint_exact_k,raw160,0,160,0.0,0,0.02344619517150519,False,False,
42,iid,2,,F,self_k,raw160,20,160,0.125,0.08239453584444192,0.18519011053418696,False,False,
42,iid,2,,F,self_first_k,raw160,160,160,1.0,0.9765538048284949,1,False,False,
42,iid,2,,F,self_first_exact_k,raw160,160,160,1.0,0.9765538048284949,1,False,False,
42,iid,2,,F,self_endpoint_k,raw160,20,160,0.125,0.08239453584444192,0.18519011053418696,False,False,
42,iid,2,,F,self_endpoint_exact_k,raw160,20,160,0.125,0.08239453584444192,0.18519011053418696,False,False,
42,iid,2,,G,self_k,raw160,0,160,0.0,0,0.02344619517150519,False,False,
42,iid,2,,G,self_first_k,raw160,158,160,0.9875,0.9555746308159091,0.9965653288918735,False,False,
42,iid,2,,G,self_first_exact_k,raw160,158,160,0.9875,0.9555746308159091,0.9965653288918735,False,False,
42,iid,2,,G,self_endpoint_k,raw160,0,160,0.0,0,0.02344619517150519,False,False,
42,iid,2,,G,self_endpoint_exact_k,raw160,0,160,0.0,0,0.02344619517150519,False,False,
42,iid,0,,P,self_k,raw160,0,160,0.0,0,0.02344619517150519,False,False,
42,iid,0,,P,self_first_k,raw160,160,160,1.0,0.9765538048284949,1,False,False,
42,iid,0,,P,self_first_exact_k,raw160,160,160,1.0,0.9765538048284949,1,False,False,
42,iid,0,,P,self_endpoint_k,raw160,0,160,0.0,0,0.02344619517150519,False,False,
42,iid,0,,P,self_endpoint_exact_k,raw160,0,160,0.0,0,0.02344619517150519,False,False,
42,iid,0,,N,self_k,raw160,0,160,0.0,0,0.02344619517150519,False,False,
42,iid,0,,N,self_first_k,raw160,160,160,1.0,0.9765538048284949,1,False,False,
42,iid,0,,N,self_first_exact_k,raw160,160,160,1.0,0.9765538048284949,1,False,False,
42,iid,0,,N,self_endpoint_k,raw160,0,160,0.0,0,0.02344619517150519,False,False,
42,iid,0,,N,self_endpoint_exact_k,raw160,0,160,0.0,0,0.02344619517150519,False,False,
42,iid,0,,F,self_k,raw160,159,160,0.99375,0.965451014037521,0.9988958682306179,False,False,
42,iid,0,,F,self_first_k,raw160,160,160,1.0,0.9765538048284949,1,False,False,
42,iid,0,,F,self_first_exact_k,raw160,160,160,1.0,0.9765538048284949,1,False,False,
42,iid,0,,F,self_endpoint_k,raw160,159,160,0.99375,0.965451014037521,0.9988958682306179,False,False,
42,iid,0,,F,self_endpoint_exact_k,raw160,159,160,0.99375,0.965451014037521,0.9988958682306179,False,False,
42,iid,0,,G,self_k,raw160,160,160,1.0,0.9765538048284949,1,False,False,
42,iid,0,,G,self_first_k,raw160,160,160,1.0,0.9765538048284949,1,False,False,
42,iid,0,,G,self_first_exact_k,raw160,160,160,1.0,0.9765538048284949,1,False,False,
42,iid,0,,G,self_endpoint_k,raw160,160,160,1.0,0.9765538048284949,1,False,False,
42,iid,0,,G,self_endpoint_exact_k,raw160,160,160,1.0,0.9765538048284949,1,False,False,
42,iid,-1,,P,self_k,raw160,159,160,0.99375,0.965451014037521,0.9988958682306179,False,False,
42,iid,-1,,P,self_first_k,raw160,160,160,1.0,0.9765538048284949,1,False,False,
42,iid,-1,,P,self_first_exact_k,raw160,160,160,1.0,0.9765538048284949,1,False,False,
42,iid,-1,,P,self_endpoint_k,raw160,159,160,0.99375,0.965451014037521,0.9988958682306179,False,False,
42,iid,-1,,P,self_endpoint_exact_k,raw160,159,160,0.99375,0.965451014037521,0.9988958682306179,False,False,
42,iid,-1,,N,self_k,raw160,151,160,0.94375,0.8965638035410534,0.9701276982442358,False,False,
42,iid,-1,,N,self_first_k,raw160,160,160,1.0,0.9765538048284949,1,False,False,
42,iid,-1,,N,self_first_exact_k,raw160,160,160,1.0,0.9765538048284949,1,False,False,
42,iid,-1,,N,self_endpoint_k,raw160,151,160,0.94375,0.8965638035410534,0.9701276982442358,False,False,
42,iid,-1,,N,self_endpoint_exact_k,raw160,151,160,0.94375,0.8965638035410534,0.9701276982442358,False,False,
42,iid,-1,,F,self_k,raw160,145,160,0.90625,0.8510879733686995,0.9423619930544526,False,False,
42,iid,-1,,F,self_first_k,raw160,160,160,1.0,0.9765538048284949,1,False,False,
42,iid,-1,,F,self_first_exact_k,raw160,160,160,1.0,0.9765538048284949,1,False,False,
42,iid,-1,,F,self_endpoint_k,raw160,145,160,0.90625,0.8510879733686995,0.9423619930544526,False,False,
42,iid,-1,,F,self_endpoint_exact_k,raw160,145,160,0.90625,0.8510879733686995,0.9423619930544526,False,False,
42,iid,-1,,G,self_k,raw160,160,160,1.0,0.9765538048284949,1,False,False,
42,iid,-1,,G,self_first_k,raw160,160,160,1.0,0.9765538048284949,1,False,False,
42,iid,-1,,G,self_first_exact_k,raw160,160,160,1.0,0.9765538048284949,1,False,False,
42,iid,-1,,G,self_endpoint_k,raw160,160,160,1.0,0.9765538048284949,1,False,False,
42,iid,-1,,G,self_endpoint_exact_k,raw160,160,160,1.0,0.9765538048284949,1,False,False,
42,iid,-2,,P,self_k,raw160,0,160,0.0,0,0.02344619517150519,False,False,
42,iid,-2,,P,self_first_k,raw160,160,160,1.0,0.9765538048284949,1,False,False,
42,iid,-2,,P,self_first_exact_k,raw160,160,160,1.0,0.9765538048284949,1,False,False,
42,iid,-2,,P,self_endpoint_k,raw160,0,160,0.0,0,0.02344619517150519,False,False,
42,iid,-2,,P,self_endpoint_exact_k,raw160,0,160,0.0,0,0.02344619517150519,False,False,
42,iid,-2,,N,self_k,raw160,0,160,0.0,0,0.02344619517150519,False,False,
42,iid,-2,,N,self_first_k,raw160,160,160,1.0,0.9765538048284949,1,False,False,
42,iid,-2,,N,self_first_exact_k,raw160,160,160,1.0,0.9765538048284949,1,False,False,
42,iid,-2,,N,self_endpoint_k,raw160,0,160,0.0,0,0.02344619517150519,False,False,
42,iid,-2,,N,self_endpoint_exact_k,raw160,0,160,0.0,0,0.02344619517150519,False,False,
42,iid,-2,,F,self_k,raw160,0,160,0.0,0,0.02344619517150519,False,False,
42,iid,-2,,F,self_first_k,raw160,160,160,1.0,0.9765538048284949,1,False,False,
42,iid,-2,,F,self_first_exact_k,raw160,160,160,1.0,0.9765538048284949,1,False,False,
42,iid,-2,,F,self_endpoint_k,raw160,0,160,0.0,0,0.02344619517150519,False,False,
42,iid,-2,,F,self_endpoint_exact_k,raw160,0,160,0.0,0,0.02344619517150519,False,False,
42,iid,-2,,G,self_k,raw160,160,160,1.0,0.9765538048284949,1,False,False,
42,iid,-2,,G,self_first_k,raw160,160,160,1.0,0.9765538048284949,1,False,False,
42,iid,-2,,G,self_first_exact_k,raw160,160,160,1.0,0.9765538048284949,1,False,False,
42,iid,-2,,G,self_endpoint_k,raw160,160,160,1.0,0.9765538048284949,1,False,False,
42,iid,-2,,G,self_endpoint_exact_k,raw160,160,160,1.0,0.9765538048284949,1,False,False,
42,template_ood,2,,P,self_k,raw160,0,160,0.0,0,0.02344619517150519,False,False,
42,template_ood,2,,P,self_first_k,raw160,160,160,1.0,0.9765538048284949,1,False,False,
42,template_ood,2,,P,self_first_exact_k,raw160,160,160,1.0,0.9765538048284949,1,False,False,
42,template_ood,2,,P,self_endpoint_k,raw160,0,160,0.0,0,0.02344619517150519,False,False,
42,template_ood,2,,P,self_endpoint_exact_k,raw160,0,160,0.0,0,0.02344619517150519,False,False,
42,template_ood,2,,N,self_k,raw160,0,160,0.0,0,0.02344619517150519,False,False,
42,template_ood,2,,N,self_first_k,raw160,160,160,1.0,0.9765538048284949,1,False,False,
42,template_ood,2,,N,self_first_exact_k,raw160,160,160,1.0,0.9765538048284949,1,False,False,
42,template_ood,2,,N,self_endpoint_k,raw160,0,160,0.0,0,0.02344619517150519,False,False,
42,template_ood,2,,N,self_endpoint_exact_k,raw160,0,160,0.0,0,0.02344619517150519,False,False,
42,template_ood,2,,F,self_k,raw160,39,160,0.24375,0.18374238117467875,0.3157737938507177,False,False,
42,template_ood,2,,F,self_first_k,raw160,160,160,1.0,0.9765538048284949,1,False,False,
42,template_ood,2,,F,self_first_exact_k,raw160,160,160,1.0,0.9765538048284949,1,False,False,
42,template_ood,2,,F,self_endpoint_k,raw160,39,160,0.24375,0.18374238117467875,0.3157737938507177,False,False,
42,template_ood,2,,F,self_endpoint_exact_k,raw160,39,160,0.24375,0.18374238117467875,0.3157737938507177,False,False,
42,template_ood,2,,G,self_k,raw160,1,160,0.00625,0.001104131769382205,0.03454898596247918,False,False,
42,template_ood,2,,G,self_first_k,raw160,157,160,0.98125,0.9463298879006856,0.9936031492467405,False,False,
42,template_ood,2,,G,self_first_exact_k,raw160,157,160,0.98125,0.9463298879006856,0.9936031492467405,False,False,
42,template_ood,2,,G,self_endpoint_k,raw160,1,160,0.00625,0.001104131769382205,0.03454898596247918,False,False,
42,template_ood,2,,G,self_endpoint_exact_k,raw160,1,160,0.00625,0.001104131769382205,0.03454898596247918,False,False,
42,template_ood,0,,P,self_k,raw160,0,160,0.0,0,0.02344619517150519,False,False,
42,template_ood,0,,P,self_first_k,raw160,160,160,1.0,0.9765538048284949,1,False,False,
42,template_ood,0,,P,self_first_exact_k,raw160,160,160,1.0,0.9765538048284949,1,False,False,
42,template_ood,0,,P,self_endpoint_k,raw160,0,160,0.0,0,0.02344619517150519,False,False,
42,template_ood,0,,P,self_endpoint_exact_k,raw160,0,160,0.0,0,0.02344619517150519,False,False,
42,template_ood,0,,N,self_k,raw160,0,160,0.0,0,0.02344619517150519,False,False,
42,template_ood,0,,N,self_first_k,raw160,160,160,1.0,0.9765538048284949,1,False,False,
42,template_ood,0,,N,self_first_exact_k,raw160,160,160,1.0,0.9765538048284949,1,False,False,
42,template_ood,0,,N,self_endpoint_k,raw160,0,160,0.0,0,0.02344619517150519,False,False,
42,template_ood,0,,N,self_endpoint_exact_k,raw160,0,160,0.0,0,0.02344619517150519,False,False,
42,template_ood,0,,F,self_k,raw160,122,160,0.7625,0.6908943322868297,0.8217964152481301,False,False,
42,template_ood,0,,F,self_first_k,raw160,159,160,0.99375,0.965451014037521,0.9988958682306179,False,False,
42,template_ood,0,,F,self_first_exact_k,raw160,159,160,0.99375,0.965451014037521,0.9988958682306179,False,False,
42,template_ood,0,,F,self_endpoint_k,raw160,122,160,0.7625,0.6908943322868297,0.8217964152481301,False,False,
42,template_ood,0,,F,self_endpoint_exact_k,raw160,122,160,0.7625,0.6908943322868297,0.8217964152481301,False,False,
42,template_ood,0,,G,self_k,raw160,108,160,0.675,0.5990613789197846,0.7427324527701887,False,False,
42,template_ood,0,,G,self_first_k,raw160,160,160,1.0,0.9765538048284949,1,False,False,
42,template_ood,0,,G,self_first_exact_k,raw160,160,160,1.0,0.9765538048284949,1,False,False,
42,template_ood,0,,G,self_endpoint_k,raw160,108,160,0.675,0.5990613789197846,0.7427324527701887,False,False,
42,template_ood,0,,G,self_endpoint_exact_k,raw160,108,160,0.675,0.5990613789197846,0.7427324527701887,False,False,
42,template_ood,-1,,P,self_k,raw160,158,160,0.9875,0.9555746308159091,0.9965653288918735,False,False,
42,template_ood,-1,,P,self_first_k,raw160,159,160,0.99375,0.965451014037521,0.9988958682306179,False,False,
42,template_ood,-1,,P,self_first_exact_k,raw160,159,160,0.99375,0.965451014037521,0.9988958682306179,False,False,
42,template_ood,-1,,P,self_endpoint_k,raw160,159,160,0.99375,0.965451014037521,0.9988958682306179,False,False,
42,template_ood,-1,,P,self_endpoint_exact_k,raw160,159,160,0.99375,0.965451014037521,0.9988958682306179,False,False,
42,template_ood,-1,,N,self_k,raw160,156,160,0.975,0.9374901071333326,0.9902360074537375,False,False,
42,template_ood,-1,,N,self_first_k,raw160,160,160,1.0,0.9765538048284949,1,False,False,
42,template_ood,-1,,N,self_first_exact_k,raw160,160,160,1.0,0.9765538048284949,1,False,False,
42,template_ood,-1,,N,self_endpoint_k,raw160,156,160,0.975,0.9374901071333326,0.9902360074537375,False,False,
42,template_ood,-1,,N,self_endpoint_exact_k,raw160,156,160,0.975,0.9374901071333326,0.9902360074537375,False,False,
42,template_ood,-1,,F,self_k,raw160,68,160,0.425,0.35104349819846475,0.5024734310772612,False,False,
42,template_ood,-1,,F,self_first_k,raw160,127,160,0.79375,0.7245262240066808,0.84919913633006,False,False,
42,template_ood,-1,,F,self_first_exact_k,raw160,127,160,0.79375,0.7245262240066808,0.84919913633006,False,False,
42,template_ood,-1,,F,self_endpoint_k,raw160,75,160,0.46875,0.39306810757121635,0.5458972796270029,False,False,
42,template_ood,-1,,F,self_endpoint_exact_k,raw160,75,160,0.46875,0.39306810757121635,0.5458972796270029,False,False,
42,template_ood,-1,,G,self_k,raw160,63,160,0.39375,0.32138750702636276,0.4710948094475822,False,False,
42,template_ood,-1,,G,self_first_k,raw160,120,160,0.75,0.6775763046904398,0.8107005977238076,False,False,
42,template_ood,-1,,G,self_first_exact_k,raw160,120,160,0.75,0.6775763046904398,0.8107005977238076,False,False,
42,template_ood,-1,,G,self_endpoint_k,raw160,87,160,0.54375,0.466450226075894,0.6189982318465993,False,False,
42,template_ood,-1,,G,self_endpoint_exact_k,raw160,87,160,0.54375,0.466450226075894,0.6189982318465993,False,False,
42,template_ood,-2,,P,self_k,raw160,0,160,0.0,0,0.02344619517150519,False,False,
42,template_ood,-2,,P,self_first_k,raw160,160,160,1.0,0.9765538048284949,1,False,False,
42,template_ood,-2,,P,self_first_exact_k,raw160,160,160,1.0,0.9765538048284949,1,False,False,
42,template_ood,-2,,P,self_endpoint_k,raw160,0,160,0.0,0,0.02344619517150519,False,False,
42,template_ood,-2,,P,self_endpoint_exact_k,raw160,0,160,0.0,0,0.02344619517150519,False,False,
42,template_ood,-2,,N,self_k,raw160,0,160,0.0,0,0.02344619517150519,False,False,
42,template_ood,-2,,N,self_first_k,raw160,160,160,1.0,0.9765538048284949,1,False,False,
42,template_ood,-2,,N,self_first_exact_k,raw160,160,160,1.0,0.9765538048284949,1,False,False,
42,template_ood,-2,,N,self_endpoint_k,raw160,0,160,0.0,0,0.02344619517150519,False,False,
42,template_ood,-2,,N,self_endpoint_exact_k,raw160,0,160,0.0,0,0.02344619517150519,False,False,
42,template_ood,-2,,F,self_k,raw160,0,160,0.0,0,0.02344619517150519,False,False,
42,template_ood,-2,,F,self_first_k,raw160,160,160,1.0,0.9765538048284949,1,False,False,
42,template_ood,-2,,F,self_first_exact_k,raw160,160,160,1.0,0.9765538048284949,1,False,False,
42,template_ood,-2,,F,self_endpoint_k,raw160,0,160,0.0,0,0.02344619517150519,False,False,
42,template_ood,-2,,F,self_endpoint_exact_k,raw160,0,160,0.0,0,0.02344619517150519,False,False,
42,template_ood,-2,,G,self_k,raw160,157,160,0.98125,0.9463298879006856,0.9936031492467405,False,False,
42,template_ood,-2,,G,self_first_k,raw160,160,160,1.0,0.9765538048284949,1,False,False,
42,template_ood,-2,,G,self_first_exact_k,raw160,160,160,1.0,0.9765538048284949,1,False,False,
42,template_ood,-2,,G,self_endpoint_k,raw160,157,160,0.98125,0.9463298879006856,0.9936031492467405,False,False,
42,template_ood,-2,,G,self_endpoint_exact_k,raw160,157,160,0.98125,0.9463298879006856,0.9936031492467405,False,False,
43,iid,2,,P,self_k,raw160,0,160,0.0,0,0.02344619517150519,False,False,
43,iid,2,,P,self_first_k,raw160,160,160,1.0,0.9765538048284949,1,False,False,
43,iid,2,,P,self_first_exact_k,raw160,160,160,1.0,0.9765538048284949,1,False,False,
43,iid,2,,P,self_endpoint_k,raw160,0,160,0.0,0,0.02344619517150519,False,False,
43,iid,2,,P,self_endpoint_exact_k,raw160,0,160,0.0,0,0.02344619517150519,False,False,
43,iid,2,,N,self_k,raw160,0,160,0.0,0,0.02344619517150519,False,False,
43,iid,2,,N,self_first_k,raw160,160,160,1.0,0.9765538048284949,1,False,False,
43,iid,2,,N,self_first_exact_k,raw160,160,160,1.0,0.9765538048284949,1,False,False,
43,iid,2,,N,self_endpoint_k,raw160,0,160,0.0,0,0.02344619517150519,False,False,
43,iid,2,,N,self_endpoint_exact_k,raw160,0,160,0.0,0,0.02344619517150519,False,False,
43,iid,2,,F,self_k,raw160,0,160,0.0,0,0.02344619517150519,False,False,
43,iid,2,,F,self_first_k,raw160,160,160,1.0,0.9765538048284949,1,False,False,
43,iid,2,,F,self_first_exact_k,raw160,160,160,1.0,0.9765538048284949,1,False,False,
43,iid,2,,F,self_endpoint_k,raw160,0,160,0.0,0,0.02344619517150519,False,False,
43,iid,2,,F,self_endpoint_exact_k,raw160,0,160,0.0,0,0.02344619517150519,False,False,
43,iid,2,,G,self_k,raw160,0,160,0.0,0,0.02344619517150519,False,False,
43,iid,2,,G,self_first_k,raw160,160,160,1.0,0.9765538048284949,1,False,False,
43,iid,2,,G,self_first_exact_k,raw160,160,160,1.0,0.9765538048284949,1,False,False,
43,iid,2,,G,self_endpoint_k,raw160,0,160,0.0,0,0.02344619517150519,False,False,
43,iid,2,,G,self_endpoint_exact_k,raw160,0,160,0.0,0,0.02344619517150519,False,False,
43,iid,0,,P,self_k,raw160,0,160,0.0,0,0.02344619517150519,False,False,
43,iid,0,,P,self_first_k,raw160,160,160,1.0,0.9765538048284949,1,False,False,
43,iid,0,,P,self_first_exact_k,raw160,160,160,1.0,0.9765538048284949,1,False,False,
43,iid,0,,P,self_endpoint_k,raw160,0,160,0.0,0,0.02344619517150519,False,False,
43,iid,0,,P,self_endpoint_exact_k,raw160,0,160,0.0,0,0.02344619517150519,False,False,
43,iid,0,,N,self_k,raw160,0,160,0.0,0,0.02344619517150519,False,False,
43,iid,0,,N,self_first_k,raw160,160,160,1.0,0.9765538048284949,1,False,False,
43,iid,0,,N,self_first_exact_k,raw160,160,160,1.0,0.9765538048284949,1,False,False,
43,iid,0,,N,self_endpoint_k,raw160,0,160,0.0,0,0.02344619517150519,False,False,
43,iid,0,,N,self_endpoint_exact_k,raw160,0,160,0.0,0,0.02344619517150519,False,False,
43,iid,0,,F,self_k,raw160,160,160,1.0,0.9765538048284949,1,False,False,
43,iid,0,,F,self_first_k,raw160,160,160,1.0,0.9765538048284949,1,False,False,
43,iid,0,,F,self_first_exact_k,raw160,160,160,1.0,0.9765538048284949,1,False,False,
43,iid,0,,F,self_endpoint_k,raw160,160,160,1.0,0.9765538048284949,1,False,False,
43,iid,0,,F,self_endpoint_exact_k,raw160,160,160,1.0,0.9765538048284949,1,False,False,
43,iid,0,,G,self_k,raw160,160,160,1.0,0.9765538048284949,1,False,False,
43,iid,0,,G,self_first_k,raw160,160,160,1.0,0.9765538048284949,1,False,False,
43,iid,0,,G,self_first_exact_k,raw160,160,160,1.0,0.9765538048284949,1,False,False,
43,iid,0,,G,self_endpoint_k,raw160,160,160,1.0,0.9765538048284949,1,False,False,
43,iid,0,,G,self_endpoint_exact_k,raw160,160,160,1.0,0.9765538048284949,1,False,False,
43,iid,-1,,P,self_k,raw160,160,160,1.0,0.9765538048284949,1,False,False,
43,iid,-1,,P,self_first_k,raw160,160,160,1.0,0.9765538048284949,1,False,False,
43,iid,-1,,P,self_first_exact_k,raw160,160,160,1.0,0.9765538048284949,1,False,False,
43,iid,-1,,P,self_endpoint_k,raw160,160,160,1.0,0.9765538048284949,1,False,False,
43,iid,-1,,P,self_endpoint_exact_k,raw160,160,160,1.0,0.9765538048284949,1,False,False,
43,iid,-1,,N,self_k,raw160,160,160,1.0,0.9765538048284949,1,False,False,
43,iid,-1,,N,self_first_k,raw160,160,160,1.0,0.9765538048284949,1,False,False,
43,iid,-1,,N,self_first_exact_k,raw160,160,160,1.0,0.9765538048284949,1,False,False,
43,iid,-1,,N,self_endpoint_k,raw160,160,160,1.0,0.9765538048284949,1,False,False,
43,iid,-1,,N,self_endpoint_exact_k,raw160,160,160,1.0,0.9765538048284949,1,False,False,
43,iid,-1,,F,self_k,raw160,140,160,0.875,0.814809889465813,0.9176054641555581,False,False,
43,iid,-1,,F,self_first_k,raw160,160,160,1.0,0.9765538048284949,1,False,False,
43,iid,-1,,F,self_first_exact_k,raw160,160,160,1.0,0.9765538048284949,1,False,False,
43,iid,-1,,F,self_endpoint_k,raw160,140,160,0.875,0.814809889465813,0.9176054641555581,False,False,
43,iid,-1,,F,self_endpoint_exact_k,raw160,140,160,0.875,0.814809889465813,0.9176054641555581,False,False,
43,iid,-1,,G,self_k,raw160,160,160,1.0,0.9765538048284949,1,False,False,
43,iid,-1,,G,self_first_k,raw160,160,160,1.0,0.9765538048284949,1,False,False,
43,iid,-1,,G,self_first_exact_k,raw160,160,160,1.0,0.9765538048284949,1,False,False,
43,iid,-1,,G,self_endpoint_k,raw160,160,160,1.0,0.9765538048284949,1,False,False,
43,iid,-1,,G,self_endpoint_exact_k,raw160,160,160,1.0,0.9765538048284949,1,False,False,
43,iid,-2,,P,self_k,raw160,0,160,0.0,0,0.02344619517150519,False,False,
43,iid,-2,,P,self_first_k,raw160,160,160,1.0,0.9765538048284949,1,False,False,
43,iid,-2,,P,self_first_exact_k,raw160,160,160,1.0,0.9765538048284949,1,False,False,
43,iid,-2,,P,self_endpoint_k,raw160,0,160,0.0,0,0.02344619517150519,False,False,
43,iid,-2,,P,self_endpoint_exact_k,raw160,0,160,0.0,0,0.02344619517150519,False,False,
43,iid,-2,,N,self_k,raw160,0,160,0.0,0,0.02344619517150519,False,False,
43,iid,-2,,N,self_first_k,raw160,160,160,1.0,0.9765538048284949,1,False,False,
43,iid,-2,,N,self_first_exact_k,raw160,160,160,1.0,0.9765538048284949,1,False,False,
43,iid,-2,,N,self_endpoint_k,raw160,0,160,0.0,0,0.02344619517150519,False,False,
43,iid,-2,,N,self_endpoint_exact_k,raw160,0,160,0.0,0,0.02344619517150519,False,False,
43,iid,-2,,F,self_k,raw160,0,160,0.0,0,0.02344619517150519,False,False,
43,iid,-2,,F,self_first_k,raw160,160,160,1.0,0.9765538048284949,1,False,False,
43,iid,-2,,F,self_first_exact_k,raw160,160,160,1.0,0.9765538048284949,1,False,False,
43,iid,-2,,F,self_endpoint_k,raw160,0,160,0.0,0,0.02344619517150519,False,False,
43,iid,-2,,F,self_endpoint_exact_k,raw160,0,160,0.0,0,0.02344619517150519,False,False,
43,iid,-2,,G,self_k,raw160,160,160,1.0,0.9765538048284949,1,False,False,
43,iid,-2,,G,self_first_k,raw160,160,160,1.0,0.9765538048284949,1,False,False,
43,iid,-2,,G,self_first_exact_k,raw160,160,160,1.0,0.9765538048284949,1,False,False,
43,iid,-2,,G,self_endpoint_k,raw160,160,160,1.0,0.9765538048284949,1,False,False,
43,iid,-2,,G,self_endpoint_exact_k,raw160,160,160,1.0,0.9765538048284949,1,False,False,
43,template_ood,2,,P,self_k,raw160,0,160,0.0,0,0.02344619517150519,False,False,
43,template_ood,2,,P,self_first_k,raw160,160,160,1.0,0.9765538048284949,1,False,False,
43,template_ood,2,,P,self_first_exact_k,raw160,160,160,1.0,0.9765538048284949,1,False,False,
43,template_ood,2,,P,self_endpoint_k,raw160,0,160,0.0,0,0.02344619517150519,False,False,
43,template_ood,2,,P,self_endpoint_exact_k,raw160,0,160,0.0,0,0.02344619517150519,False,False,
43,template_ood,2,,N,self_k,raw160,0,160,0.0,0,0.02344619517150519,False,False,
43,template_ood,2,,N,self_first_k,raw160,160,160,1.0,0.9765538048284949,1,False,False,
43,template_ood,2,,N,self_first_exact_k,raw160,160,160,1.0,0.9765538048284949,1,False,False,
43,template_ood,2,,N,self_endpoint_k,raw160,0,160,0.0,0,0.02344619517150519,False,False,
43,template_ood,2,,N,self_endpoint_exact_k,raw160,0,160,0.0,0,0.02344619517150519,False,False,
43,template_ood,2,,F,self_k,raw160,0,160,0.0,0,0.02344619517150519,False,False,
43,template_ood,2,,F,self_first_k,raw160,160,160,1.0,0.9765538048284949,1,False,False,
43,template_ood,2,,F,self_first_exact_k,raw160,160,160,1.0,0.9765538048284949,1,False,False,
43,template_ood,2,,F,self_endpoint_k,raw160,0,160,0.0,0,0.02344619517150519,False,False,
43,template_ood,2,,F,self_endpoint_exact_k,raw160,0,160,0.0,0,0.02344619517150519,False,False,
43,template_ood,2,,G,self_k,raw160,0,160,0.0,0,0.02344619517150519,False,False,
43,template_ood,2,,G,self_first_k,raw160,160,160,1.0,0.9765538048284949,1,False,False,
43,template_ood,2,,G,self_first_exact_k,raw160,160,160,1.0,0.9765538048284949,1,False,False,
43,template_ood,2,,G,self_endpoint_k,raw160,0,160,0.0,0,0.02344619517150519,False,False,
43,template_ood,2,,G,self_endpoint_exact_k,raw160,0,160,0.0,0,0.02344619517150519,False,False,
43,template_ood,0,,P,self_k,raw160,0,160,0.0,0,0.02344619517150519,False,False,
43,template_ood,0,,P,self_first_k,raw160,160,160,1.0,0.9765538048284949,1,False,False,
43,template_ood,0,,P,self_first_exact_k,raw160,160,160,1.0,0.9765538048284949,1,False,False,
43,template_ood,0,,P,self_endpoint_k,raw160,0,160,0.0,0,0.02344619517150519,False,False,
43,template_ood,0,,P,self_endpoint_exact_k,raw160,0,160,0.0,0,0.02344619517150519,False,False,
43,template_ood,0,,N,self_k,raw160,0,160,0.0,0,0.02344619517150519,False,False,
43,template_ood,0,,N,self_first_k,raw160,160,160,1.0,0.9765538048284949,1,False,False,
43,template_ood,0,,N,self_first_exact_k,raw160,160,160,1.0,0.9765538048284949,1,False,False,
43,template_ood,0,,N,self_endpoint_k,raw160,0,160,0.0,0,0.02344619517150519,False,False,
43,template_ood,0,,N,self_endpoint_exact_k,raw160,0,160,0.0,0,0.02344619517150519,False,False,
43,template_ood,0,,F,self_k,raw160,160,160,1.0,0.9765538048284949,1,False,False,
43,template_ood,0,,F,self_first_k,raw160,160,160,1.0,0.9765538048284949,1,False,False,
43,template_ood,0,,F,self_first_exact_k,raw160,160,160,1.0,0.9765538048284949,1,False,False,
43,template_ood,0,,F,self_endpoint_k,raw160,160,160,1.0,0.9765538048284949,1,False,False,
43,template_ood,0,,F,self_endpoint_exact_k,raw160,160,160,1.0,0.9765538048284949,1,False,False,
43,template_ood,0,,G,self_k,raw160,120,160,0.75,0.6775763046904398,0.8107005977238076,False,False,
43,template_ood,0,,G,self_first_k,raw160,160,160,1.0,0.9765538048284949,1,False,False,
43,template_ood,0,,G,self_first_exact_k,raw160,160,160,1.0,0.9765538048284949,1,False,False,
43,template_ood,0,,G,self_endpoint_k,raw160,120,160,0.75,0.6775763046904398,0.8107005977238076,False,False,
43,template_ood,0,,G,self_endpoint_exact_k,raw160,120,160,0.75,0.6775763046904398,0.8107005977238076,False,False,
43,template_ood,-1,,P,self_k,raw160,145,160,0.90625,0.8510879733686995,0.9423619930544526,False,False,
43,template_ood,-1,,P,self_first_k,raw160,145,160,0.90625,0.8510879733686995,0.9423619930544526,False,False,
43,template_ood,-1,,P,self_first_exact_k,raw160,145,160,0.90625,0.8510879733686995,0.9423619930544526,False,False,
43,template_ood,-1,,P,self_endpoint_k,raw160,160,160,1.0,0.9765538048284949,1,False,False,
43,template_ood,-1,,P,self_endpoint_exact_k,raw160,160,160,1.0,0.9765538048284949,1,False,False,
43,template_ood,-1,,N,self_k,raw160,157,160,0.98125,0.9463298879006856,0.9936031492467405,False,False,
43,template_ood,-1,,N,self_first_k,raw160,160,160,1.0,0.9765538048284949,1,False,False,
43,template_ood,-1,,N,self_first_exact_k,raw160,160,160,1.0,0.9765538048284949,1,False,False,
43,template_ood,-1,,N,self_endpoint_k,raw160,157,160,0.98125,0.9463298879006856,0.9936031492467405,False,False,
43,template_ood,-1,,N,self_endpoint_exact_k,raw160,157,160,0.98125,0.9463298879006856,0.9936031492467405,False,False,
43,template_ood,-1,,F,self_k,raw160,108,160,0.675,0.5990613789197846,0.7427324527701887,False,False,
43,template_ood,-1,,F,self_first_k,raw160,122,160,0.7625,0.6908943322868297,0.8217964152481301,False,False,
43,template_ood,-1,,F,self_first_exact_k,raw160,122,160,0.7625,0.6908943322868297,0.8217964152481301,False,False,
43,template_ood,-1,,F,self_endpoint_k,raw160,108,160,0.675,0.5990613789197846,0.7427324527701887,False,False,
43,template_ood,-1,,F,self_endpoint_exact_k,raw160,108,160,0.675,0.5990613789197846,0.7427324527701887,False,False,
43,template_ood,-1,,G,self_k,raw160,120,160,0.75,0.6775763046904398,0.8107005977238076,False,False,
43,template_ood,-1,,G,self_first_k,raw160,120,160,0.75,0.6775763046904398,0.8107005977238076,False,False,
43,template_ood,-1,,G,self_first_exact_k,raw160,120,160,0.75,0.6775763046904398,0.8107005977238076,False,False,
43,template_ood,-1,,G,self_endpoint_k,raw160,152,160,0.95,0.9044490208244798,0.9744494035211655,False,False,
43,template_ood,-1,,G,self_endpoint_exact_k,raw160,152,160,0.95,0.9044490208244798,0.9744494035211655,False,False,
43,template_ood,-2,,P,self_k,raw160,0,160,0.0,0,0.02344619517150519,False,False,
43,template_ood,-2,,P,self_first_k,raw160,157,160,0.98125,0.9463298879006856,0.9936031492467405,False,False,
43,template_ood,-2,,P,self_first_exact_k,raw160,157,160,0.98125,0.9463298879006856,0.9936031492467405,False,False,
43,template_ood,-2,,P,self_endpoint_k,raw160,0,160,0.0,0,0.02344619517150519,False,False,
43,template_ood,-2,,P,self_endpoint_exact_k,raw160,0,160,0.0,0,0.02344619517150519,False,False,
43,template_ood,-2,,N,self_k,raw160,0,160,0.0,0,0.02344619517150519,False,False,
43,template_ood,-2,,N,self_first_k,raw160,160,160,1.0,0.9765538048284949,1,False,False,
43,template_ood,-2,,N,self_first_exact_k,raw160,160,160,1.0,0.9765538048284949,1,False,False,
43,template_ood,-2,,N,self_endpoint_k,raw160,0,160,0.0,0,0.02344619517150519,False,False,
43,template_ood,-2,,N,self_endpoint_exact_k,raw160,0,160,0.0,0,0.02344619517150519,False,False,
43,template_ood,-2,,F,self_k,raw160,0,160,0.0,0,0.02344619517150519,False,False,
43,template_ood,-2,,F,self_first_k,raw160,149,160,0.93125,0.8810970775754896,0.9611805790890873,False,False,
43,template_ood,-2,,F,self_first_exact_k,raw160,149,160,0.93125,0.8810970775754896,0.9611805790890873,False,False,
43,template_ood,-2,,F,self_endpoint_k,raw160,0,160,0.0,0,0.02344619517150519,False,False,
43,template_ood,-2,,F,self_endpoint_exact_k,raw160,0,160,0.0,0,0.02344619517150519,False,False,
43,template_ood,-2,,G,self_k,raw160,122,160,0.7625,0.6908943322868297,0.8217964152481301,False,False,
43,template_ood,-2,,G,self_first_k,raw160,139,160,0.86875,0.8076812686575604,0.9125271624034547,False,False,
43,template_ood,-2,,G,self_first_exact_k,raw160,139,160,0.86875,0.8076812686575604,0.9125271624034547,False,False,
43,template_ood,-2,,G,self_endpoint_k,raw160,126,160,0.7875,0.7177591208467695,0.8437593169296149,False,False,
43,template_ood,-2,,G,self_endpoint_exact_k,raw160,126,160,0.7875,0.7177591208467695,0.8437593169296149,False,False,
44,iid,2,,P,self_k,raw160,0,160,0.0,0,0.02344619517150519,False,False,
44,iid,2,,P,self_first_k,raw160,160,160,1.0,0.9765538048284949,1,False,False,
44,iid,2,,P,self_first_exact_k,raw160,160,160,1.0,0.9765538048284949,1,False,False,
44,iid,2,,P,self_endpoint_k,raw160,0,160,0.0,0,0.02344619517150519,False,False,
44,iid,2,,P,self_endpoint_exact_k,raw160,0,160,0.0,0,0.02344619517150519,False,False,
44,iid,2,,N,self_k,raw160,0,160,0.0,0,0.02344619517150519,False,False,
44,iid,2,,N,self_first_k,raw160,160,160,1.0,0.9765538048284949,1,False,False,
44,iid,2,,N,self_first_exact_k,raw160,160,160,1.0,0.9765538048284949,1,False,False,
44,iid,2,,N,self_endpoint_k,raw160,0,160,0.0,0,0.02344619517150519,False,False,
44,iid,2,,N,self_endpoint_exact_k,raw160,0,160,0.0,0,0.02344619517150519,False,False,
44,iid,2,,F,self_k,raw160,0,160,0.0,0,0.02344619517150519,False,False,
44,iid,2,,F,self_first_k,raw160,160,160,1.0,0.9765538048284949,1,False,False,
44,iid,2,,F,self_first_exact_k,raw160,160,160,1.0,0.9765538048284949,1,False,False,
44,iid,2,,F,self_endpoint_k,raw160,0,160,0.0,0,0.02344619517150519,False,False,
44,iid,2,,F,self_endpoint_exact_k,raw160,0,160,0.0,0,0.02344619517150519,False,False,
44,iid,2,,G,self_k,raw160,0,160,0.0,0,0.02344619517150519,False,False,
44,iid,2,,G,self_first_k,raw160,95,160,0.59375,0.5163168856257644,0.6667869527795783,False,False,
44,iid,2,,G,self_first_exact_k,raw160,95,160,0.59375,0.5163168856257644,0.6667869527795783,False,False,
44,iid,2,,G,self_endpoint_k,raw160,0,160,0.0,0,0.02344619517150519,False,False,
44,iid,2,,G,self_endpoint_exact_k,raw160,0,160,0.0,0,0.02344619517150519,False,False,
44,iid,0,,P,self_k,raw160,0,160,0.0,0,0.02344619517150519,False,False,
44,iid,0,,P,self_first_k,raw160,160,160,1.0,0.9765538048284949,1,False,False,
44,iid,0,,P,self_first_exact_k,raw160,160,160,1.0,0.9765538048284949,1,False,False,
44,iid,0,,P,self_endpoint_k,raw160,0,160,0.0,0,0.02344619517150519,False,False,
44,iid,0,,P,self_endpoint_exact_k,raw160,0,160,0.0,0,0.02344619517150519,False,False,
44,iid,0,,N,self_k,raw160,0,160,0.0,0,0.02344619517150519,False,False,
44,iid,0,,N,self_first_k,raw160,160,160,1.0,0.9765538048284949,1,False,False,
44,iid,0,,N,self_first_exact_k,raw160,160,160,1.0,0.9765538048284949,1,False,False,
44,iid,0,,N,self_endpoint_k,raw160,0,160,0.0,0,0.02344619517150519,False,False,
44,iid,0,,N,self_endpoint_exact_k,raw160,0,160,0.0,0,0.02344619517150519,False,False,
44,iid,0,,F,self_k,raw160,160,160,1.0,0.9765538048284949,1,False,False,
44,iid,0,,F,self_first_k,raw160,160,160,1.0,0.9765538048284949,1,False,False,
44,iid,0,,F,self_first_exact_k,raw160,160,160,1.0,0.9765538048284949,1,False,False,
44,iid,0,,F,self_endpoint_k,raw160,160,160,1.0,0.9765538048284949,1,False,False,
44,iid,0,,F,self_endpoint_exact_k,raw160,160,160,1.0,0.9765538048284949,1,False,False,
44,iid,0,,G,self_k,raw160,160,160,1.0,0.9765538048284949,1,False,False,
44,iid,0,,G,self_first_k,raw160,160,160,1.0,0.9765538048284949,1,False,False,
44,iid,0,,G,self_first_exact_k,raw160,160,160,1.0,0.9765538048284949,1,False,False,
44,iid,0,,G,self_endpoint_k,raw160,160,160,1.0,0.9765538048284949,1,False,False,
44,iid,0,,G,self_endpoint_exact_k,raw160,160,160,1.0,0.9765538048284949,1,False,False,
44,iid,-1,,P,self_k,raw160,160,160,1.0,0.9765538048284949,1,False,False,
44,iid,-1,,P,self_first_k,raw160,160,160,1.0,0.9765538048284949,1,False,False,
44,iid,-1,,P,self_first_exact_k,raw160,160,160,1.0,0.9765538048284949,1,False,False,
44,iid,-1,,P,self_endpoint_k,raw160,160,160,1.0,0.9765538048284949,1,False,False,
44,iid,-1,,P,self_endpoint_exact_k,raw160,160,160,1.0,0.9765538048284949,1,False,False,
44,iid,-1,,N,self_k,raw160,160,160,1.0,0.9765538048284949,1,False,False,
44,iid,-1,,N,self_first_k,raw160,160,160,1.0,0.9765538048284949,1,False,False,
44,iid,-1,,N,self_first_exact_k,raw160,160,160,1.0,0.9765538048284949,1,False,False,
44,iid,-1,,N,self_endpoint_k,raw160,160,160,1.0,0.9765538048284949,1,False,False,
44,iid,-1,,N,self_endpoint_exact_k,raw160,160,160,1.0,0.9765538048284949,1,False,False,
44,iid,-1,,F,self_k,raw160,40,160,0.25,0.1892994022761924,0.3224236953095602,False,False,
44,iid,-1,,F,self_first_k,raw160,160,160,1.0,0.9765538048284949,1,False,False,
44,iid,-1,,F,self_first_exact_k,raw160,160,160,1.0,0.9765538048284949,1,False,False,
44,iid,-1,,F,self_endpoint_k,raw160,40,160,0.25,0.1892994022761924,0.3224236953095602,False,False,
44,iid,-1,,F,self_endpoint_exact_k,raw160,40,160,0.25,0.1892994022761924,0.3224236953095602,False,False,
44,iid,-1,,G,self_k,raw160,160,160,1.0,0.9765538048284949,1,False,False,
44,iid,-1,,G,self_first_k,raw160,160,160,1.0,0.9765538048284949,1,False,False,
44,iid,-1,,G,self_first_exact_k,raw160,160,160,1.0,0.9765538048284949,1,False,False,
44,iid,-1,,G,self_endpoint_k,raw160,160,160,1.0,0.9765538048284949,1,False,False,
44,iid,-1,,G,self_endpoint_exact_k,raw160,160,160,1.0,0.9765538048284949,1,False,False,
44,iid,-2,,P,self_k,raw160,0,160,0.0,0,0.02344619517150519,False,False,
44,iid,-2,,P,self_first_k,raw160,160,160,1.0,0.9765538048284949,1,False,False,
44,iid,-2,,P,self_first_exact_k,raw160,160,160,1.0,0.9765538048284949,1,False,False,
44,iid,-2,,P,self_endpoint_k,raw160,0,160,0.0,0,0.02344619517150519,False,False,
44,iid,-2,,P,self_endpoint_exact_k,raw160,0,160,0.0,0,0.02344619517150519,False,False,
44,iid,-2,,N,self_k,raw160,0,160,0.0,0,0.02344619517150519,False,False,
44,iid,-2,,N,self_first_k,raw160,160,160,1.0,0.9765538048284949,1,False,False,
44,iid,-2,,N,self_first_exact_k,raw160,160,160,1.0,0.9765538048284949,1,False,False,
44,iid,-2,,N,self_endpoint_k,raw160,0,160,0.0,0,0.02344619517150519,False,False,
44,iid,-2,,N,self_endpoint_exact_k,raw160,0,160,0.0,0,0.02344619517150519,False,False,
44,iid,-2,,F,self_k,raw160,0,160,0.0,0,0.02344619517150519,False,False,
44,iid,-2,,F,self_first_k,raw160,160,160,1.0,0.9765538048284949,1,False,False,
44,iid,-2,,F,self_first_exact_k,raw160,160,160,1.0,0.9765538048284949,1,False,False,
44,iid,-2,,F,self_endpoint_k,raw160,0,160,0.0,0,0.02344619517150519,False,False,
44,iid,-2,,F,self_endpoint_exact_k,raw160,0,160,0.0,0,0.02344619517150519,False,False,
44,iid,-2,,G,self_k,raw160,160,160,1.0,0.9765538048284949,1,False,False,
44,iid,-2,,G,self_first_k,raw160,160,160,1.0,0.9765538048284949,1,False,False,
44,iid,-2,,G,self_first_exact_k,raw160,160,160,1.0,0.9765538048284949,1,False,False,
44,iid,-2,,G,self_endpoint_k,raw160,160,160,1.0,0.9765538048284949,1,False,False,
44,iid,-2,,G,self_endpoint_exact_k,raw160,160,160,1.0,0.9765538048284949,1,False,False,
44,template_ood,2,,P,self_k,raw160,0,160,0.0,0,0.02344619517150519,False,False,
44,template_ood,2,,P,self_first_k,raw160,160,160,1.0,0.9765538048284949,1,False,False,
44,template_ood,2,,P,self_first_exact_k,raw160,160,160,1.0,0.9765538048284949,1,False,False,
44,template_ood,2,,P,self_endpoint_k,raw160,0,160,0.0,0,0.02344619517150519,False,False,
44,template_ood,2,,P,self_endpoint_exact_k,raw160,0,160,0.0,0,0.02344619517150519,False,False,
44,template_ood,2,,N,self_k,raw160,0,160,0.0,0,0.02344619517150519,False,False,
44,template_ood,2,,N,self_first_k,raw160,160,160,1.0,0.9765538048284949,1,False,False,
44,template_ood,2,,N,self_first_exact_k,raw160,160,160,1.0,0.9765538048284949,1,False,False,
44,template_ood,2,,N,self_endpoint_k,raw160,0,160,0.0,0,0.02344619517150519,False,False,
44,template_ood,2,,N,self_endpoint_exact_k,raw160,0,160,0.0,0,0.02344619517150519,False,False,
44,template_ood,2,,F,self_k,raw160,0,160,0.0,0,0.02344619517150519,False,False,
44,template_ood,2,,F,self_first_k,raw160,160,160,1.0,0.9765538048284949,1,False,False,
44,template_ood,2,,F,self_first_exact_k,raw160,160,160,1.0,0.9765538048284949,1,False,False,
44,template_ood,2,,F,self_endpoint_k,raw160,0,160,0.0,0,0.02344619517150519,False,False,
44,template_ood,2,,F,self_endpoint_exact_k,raw160,0,160,0.0,0,0.02344619517150519,False,False,
44,template_ood,2,,G,self_k,raw160,0,160,0.0,0,0.02344619517150519,False,False,
44,template_ood,2,,G,self_first_k,raw160,147,160,0.91875,0.8659596262286716,0.9519041853151927,False,False,
44,template_ood,2,,G,self_first_exact_k,raw160,147,160,0.91875,0.8659596262286716,0.9519041853151927,False,False,
44,template_ood,2,,G,self_endpoint_k,raw160,0,160,0.0,0,0.02344619517150519,False,False,
44,template_ood,2,,G,self_endpoint_exact_k,raw160,0,160,0.0,0,0.02344619517150519,False,False,
44,template_ood,0,,P,self_k,raw160,0,160,0.0,0,0.02344619517150519,False,False,
44,template_ood,0,,P,self_first_k,raw160,160,160,1.0,0.9765538048284949,1,False,False,
44,template_ood,0,,P,self_first_exact_k,raw160,160,160,1.0,0.9765538048284949,1,False,False,
44,template_ood,0,,P,self_endpoint_k,raw160,0,160,0.0,0,0.02344619517150519,False,False,
44,template_ood,0,,P,self_endpoint_exact_k,raw160,0,160,0.0,0,0.02344619517150519,False,False,
44,template_ood,0,,N,self_k,raw160,0,160,0.0,0,0.02344619517150519,False,False,
44,template_ood,0,,N,self_first_k,raw160,160,160,1.0,0.9765538048284949,1,False,False,
44,template_ood,0,,N,self_first_exact_k,raw160,160,160,1.0,0.9765538048284949,1,False,False,
44,template_ood,0,,N,self_endpoint_k,raw160,0,160,0.0,0,0.02344619517150519,False,False,
44,template_ood,0,,N,self_endpoint_exact_k,raw160,0,160,0.0,0,0.02344619517150519,False,False,
44,template_ood,0,,F,self_k,raw160,160,160,1.0,0.9765538048284949,1,False,False,
44,template_ood,0,,F,self_first_k,raw160,160,160,1.0,0.9765538048284949,1,False,False,
44,template_ood,0,,F,self_first_exact_k,raw160,160,160,1.0,0.9765538048284949,1,False,False,
44,template_ood,0,,F,self_endpoint_k,raw160,160,160,1.0,0.9765538048284949,1,False,False,
44,template_ood,0,,F,self_endpoint_exact_k,raw160,160,160,1.0,0.9765538048284949,1,False,False,
44,template_ood,0,,G,self_k,raw160,118,160,0.7375,0.6643294227646624,0.7995336345288727,False,False,
44,template_ood,0,,G,self_first_k,raw160,160,160,1.0,0.9765538048284949,1,False,False,
44,template_ood,0,,G,self_first_exact_k,raw160,160,160,1.0,0.9765538048284949,1,False,False,
44,template_ood,0,,G,self_endpoint_k,raw160,118,160,0.7375,0.6643294227646624,0.7995336345288727,False,False,
44,template_ood,0,,G,self_endpoint_exact_k,raw160,118,160,0.7375,0.6643294227646624,0.7995336345288727,False,False,
44,template_ood,-1,,P,self_k,raw160,160,160,1.0,0.9765538048284949,1,False,False,
44,template_ood,-1,,P,self_first_k,raw160,160,160,1.0,0.9765538048284949,1,False,False,
44,template_ood,-1,,P,self_first_exact_k,raw160,160,160,1.0,0.9765538048284949,1,False,False,
44,template_ood,-1,,P,self_endpoint_k,raw160,160,160,1.0,0.9765538048284949,1,False,False,
44,template_ood,-1,,P,self_endpoint_exact_k,raw160,160,160,1.0,0.9765538048284949,1,False,False,
44,template_ood,-1,,N,self_k,raw160,160,160,1.0,0.9765538048284949,1,False,False,
44,template_ood,-1,,N,self_first_k,raw160,160,160,1.0,0.9765538048284949,1,False,False,
44,template_ood,-1,,N,self_first_exact_k,raw160,160,160,1.0,0.9765538048284949,1,False,False,
44,template_ood,-1,,N,self_endpoint_k,raw160,160,160,1.0,0.9765538048284949,1,False,False,
44,template_ood,-1,,N,self_endpoint_exact_k,raw160,160,160,1.0,0.9765538048284949,1,False,False,
44,template_ood,-1,,F,self_k,raw160,37,160,0.23125,0.17268348893654045,0.30241884096814364,False,False,
44,template_ood,-1,,F,self_first_k,raw160,160,160,1.0,0.9765538048284949,1,False,False,
44,template_ood,-1,,F,self_first_exact_k,raw160,160,160,1.0,0.9765538048284949,1,False,False,
44,template_ood,-1,,F,self_endpoint_k,raw160,37,160,0.23125,0.17268348893654045,0.30241884096814364,False,False,
44,template_ood,-1,,F,self_endpoint_exact_k,raw160,37,160,0.23125,0.17268348893654045,0.30241884096814364,False,False,
44,template_ood,-1,,G,self_k,raw160,138,160,0.8625,0.8005890571519036,0.9074124513487551,False,False,
44,template_ood,-1,,G,self_first_k,raw160,138,160,0.8625,0.8005890571519036,0.9074124513487551,False,False,
44,template_ood,-1,,G,self_first_exact_k,raw160,138,160,0.8625,0.8005890571519036,0.9074124513487551,False,False,
44,template_ood,-1,,G,self_endpoint_k,raw160,159,160,0.99375,0.965451014037521,0.9988958682306179,False,False,
44,template_ood,-1,,G,self_endpoint_exact_k,raw160,159,160,0.99375,0.965451014037521,0.9988958682306179,False,False,
44,template_ood,-2,,P,self_k,raw160,0,160,0.0,0,0.02344619517150519,False,False,
44,template_ood,-2,,P,self_first_k,raw160,151,160,0.94375,0.8965638035410534,0.9701276982442358,False,False,
44,template_ood,-2,,P,self_first_exact_k,raw160,151,160,0.94375,0.8965638035410534,0.9701276982442358,False,False,
44,template_ood,-2,,P,self_endpoint_k,raw160,0,160,0.0,0,0.02344619517150519,False,False,
44,template_ood,-2,,P,self_endpoint_exact_k,raw160,0,160,0.0,0,0.02344619517150519,False,False,
44,template_ood,-2,,N,self_k,raw160,0,160,0.0,0,0.02344619517150519,False,False,
44,template_ood,-2,,N,self_first_k,raw160,160,160,1.0,0.9765538048284949,1,False,False,
44,template_ood,-2,,N,self_first_exact_k,raw160,160,160,1.0,0.9765538048284949,1,False,False,
44,template_ood,-2,,N,self_endpoint_k,raw160,0,160,0.0,0,0.02344619517150519,False,False,
44,template_ood,-2,,N,self_endpoint_exact_k,raw160,0,160,0.0,0,0.02344619517150519,False,False,
44,template_ood,-2,,F,self_k,raw160,0,160,0.0,0,0.02344619517150519,False,False,
44,template_ood,-2,,F,self_first_k,raw160,157,160,0.98125,0.9463298879006856,0.9936031492467405,False,False,
44,template_ood,-2,,F,self_first_exact_k,raw160,157,160,0.98125,0.9463298879006856,0.9936031492467405,False,False,
44,template_ood,-2,,F,self_endpoint_k,raw160,0,160,0.0,0,0.02344619517150519,False,False,
44,template_ood,-2,,F,self_endpoint_exact_k,raw160,0,160,0.0,0,0.02344619517150519,False,False,
44,template_ood,-2,,G,self_k,raw160,121,160,0.75625,0.6842262061492823,0.8162576188253212,False,False,
44,template_ood,-2,,G,self_first_k,raw160,121,160,0.75625,0.6842262061492823,0.8162576188253212,False,False,
44,template_ood,-2,,G,self_first_exact_k,raw160,121,160,0.75625,0.6842262061492823,0.8162576188253212,False,False,
44,template_ood,-2,,G,self_endpoint_k,raw160,148,160,0.925,0.8734917309593303,0.9565790031448905,False,False,
44,template_ood,-2,,G,self_endpoint_exact_k,raw160,148,160,0.925,0.8734917309593303,0.9565790031448905,False,False,
42,iid,2,,P,both_correct,C,0,160,0.0,0,0.02344619517150519,False,False,E-P
42,iid,2,,P,only_left_correct,C,160,160,1.0,0.9765538048284949,1,False,False,E-P
42,iid,2,,P,only_right_correct,C,0,160,0.0,0,0.02344619517150519,False,False,E-P
42,iid,2,,P,both_wrong,C,0,160,0.0,0,0.02344619517150519,False,False,E-P
42,iid,2,,P,all_success,C,0,160,0.0,0,0.02344619517150519,False,False,E-P
42,iid,2,,P,both_correct,C_equal_mask,0,160,0.0,0,0.02344619517150519,False,False,E-P
42,iid,2,,P,only_left_correct,C_equal_mask,160,160,1.0,0.9765538048284949,1,False,False,E-P
42,iid,2,,P,only_right_correct,C_equal_mask,0,160,0.0,0,0.02344619517150519,False,False,E-P
42,iid,2,,P,both_wrong,C_equal_mask,0,160,0.0,0,0.02344619517150519,False,False,E-P
42,iid,2,,P,all_success,C_equal_mask,0,160,0.0,0,0.02344619517150519,False,False,E-P
42,iid,2,,N,both_correct,C,0,160,0.0,0,0.02344619517150519,False,False,E-P
42,iid,2,,N,only_left_correct,C,160,160,1.0,0.9765538048284949,1,False,False,E-P
42,iid,2,,N,only_right_correct,C,0,160,0.0,0,0.02344619517150519,False,False,E-P
42,iid,2,,N,both_wrong,C,0,160,0.0,0,0.02344619517150519,False,False,E-P
42,iid,2,,N,all_success,C,0,160,0.0,0,0.02344619517150519,False,False,E-P
42,iid,2,,N,both_correct,C_equal_mask,0,160,0.0,0,0.02344619517150519,False,False,E-P
42,iid,2,,N,only_left_correct,C_equal_mask,160,160,1.0,0.9765538048284949,1,False,False,E-P
42,iid,2,,N,only_right_correct,C_equal_mask,0,160,0.0,0,0.02344619517150519,False,False,E-P
42,iid,2,,N,both_wrong,C_equal_mask,0,160,0.0,0,0.02344619517150519,False,False,E-P
42,iid,2,,N,all_success,C_equal_mask,0,160,0.0,0,0.02344619517150519,False,False,E-P
42,iid,2,,F,both_correct,C,30,160,0.1875,0.1346142688298028,0.25503960315238794,False,False,E-P
42,iid,2,,F,only_left_correct,C,130,160,0.8125,0.7449603968476121,0.8653857311701972,False,False,E-P
42,iid,2,,F,only_right_correct,C,0,160,0.0,0,0.02344619517150519,False,False,E-P
42,iid,2,,F,both_wrong,C,0,160,0.0,0,0.02344619517150519,False,False,E-P
42,iid,2,,F,all_success,C,30,160,0.1875,0.1346142688298028,0.25503960315238794,False,False,E-P
42,iid,2,,F,both_correct,C_equal_mask,30,160,0.1875,0.1346142688298028,0.25503960315238794,False,False,E-P
42,iid,2,,F,only_left_correct,C_equal_mask,130,160,0.8125,0.7449603968476121,0.8653857311701972,False,False,E-P
42,iid,2,,F,only_right_correct,C_equal_mask,0,160,0.0,0,0.02344619517150519,False,False,E-P
42,iid,2,,F,both_wrong,C_equal_mask,0,160,0.0,0,0.02344619517150519,False,False,E-P
42,iid,2,,F,all_success,C_equal_mask,30,160,0.1875,0.1346142688298028,0.25503960315238794,False,False,E-P
42,iid,2,,P,both_correct,C,0,160,0.0,0,0.02344619517150519,False,False,E-U
42,iid,2,,P,only_left_correct,C,160,160,1.0,0.9765538048284949,1,False,False,E-U
42,iid,2,,P,only_right_correct,C,0,160,0.0,0,0.02344619517150519,False,False,E-U
42,iid,2,,P,both_wrong,C,0,160,0.0,0,0.02344619517150519,False,False,E-U
42,iid,2,,P,all_success,C,0,160,0.0,0,0.02344619517150519,False,False,E-U
42,iid,2,,P,both_correct,C_equal_mask,0,160,0.0,0,0.02344619517150519,False,False,E-U
42,iid,2,,P,only_left_correct,C_equal_mask,160,160,1.0,0.9765538048284949,1,False,False,E-U
42,iid,2,,P,only_right_correct,C_equal_mask,0,160,0.0,0,0.02344619517150519,False,False,E-U
42,iid,2,,P,both_wrong,C_equal_mask,0,160,0.0,0,0.02344619517150519,False,False,E-U
42,iid,2,,P,all_success,C_equal_mask,0,160,0.0,0,0.02344619517150519,False,False,E-U
42,iid,2,,N,both_correct,C,0,160,0.0,0,0.02344619517150519,False,False,E-U
42,iid,2,,N,only_left_correct,C,160,160,1.0,0.9765538048284949,1,False,False,E-U
42,iid,2,,N,only_right_correct,C,0,160,0.0,0,0.02344619517150519,False,False,E-U
42,iid,2,,N,both_wrong,C,0,160,0.0,0,0.02344619517150519,False,False,E-U
42,iid,2,,N,all_success,C,0,160,0.0,0,0.02344619517150519,False,False,E-U
42,iid,2,,N,both_correct,C_equal_mask,0,160,0.0,0,0.02344619517150519,False,False,E-U
42,iid,2,,N,only_left_correct,C_equal_mask,160,160,1.0,0.9765538048284949,1,False,False,E-U
42,iid,2,,N,only_right_correct,C_equal_mask,0,160,0.0,0,0.02344619517150519,False,False,E-U
42,iid,2,,N,both_wrong,C_equal_mask,0,160,0.0,0,0.02344619517150519,False,False,E-U
42,iid,2,,N,all_success,C_equal_mask,0,160,0.0,0,0.02344619517150519,False,False,E-U
42,iid,2,,F,both_correct,C,106,160,0.6625,0.5861852427313052,0.7311947438379556,False,False,E-U
42,iid,2,,F,only_left_correct,C,54,160,0.3375,0.26880525616204454,0.41381475726869477,False,False,E-U
42,iid,2,,F,only_right_correct,C,0,160,0.0,0,0.02344619517150519,False,False,E-U
42,iid,2,,F,both_wrong,C,0,160,0.0,0,0.02344619517150519,False,False,E-U
42,iid,2,,F,all_success,C,106,160,0.6625,0.5861852427313052,0.7311947438379556,False,False,E-U
42,iid,2,,F,both_correct,C_equal_mask,106,160,0.6625,0.5861852427313052,0.7311947438379556,False,False,E-U
42,iid,2,,F,only_left_correct,C_equal_mask,54,160,0.3375,0.26880525616204454,0.41381475726869477,False,False,E-U
42,iid,2,,F,only_right_correct,C_equal_mask,0,160,0.0,0,0.02344619517150519,False,False,E-U
42,iid,2,,F,both_wrong,C_equal_mask,0,160,0.0,0,0.02344619517150519,False,False,E-U
42,iid,2,,F,all_success,C_equal_mask,106,160,0.6625,0.5861852427313052,0.7311947438379556,False,False,E-U
42,iid,2,,P,both_correct,C,87,158,0.5506329113924051,0.4727853010967712,0.6260768824042228,False,False,E-G
42,iid,2,,P,only_left_correct,C,71,158,0.44936708860759494,0.37392311759577734,0.5272146989032289,False,False,E-G
42,iid,2,,P,only_right_correct,C,0,158,0.0,0,0.023735937927685878,False,False,E-G
42,iid,2,,P,both_wrong,C,0,158,0.0,0,0.023735937927685878,False,False,E-G
42,iid,2,,P,all_success,C,87,158,0.5506329113924051,0.4727853010967712,0.6260768824042228,False,False,E-G
42,iid,2,,P,both_correct,C_equal_mask,87,158,0.5506329113924051,0.4727853010967712,0.6260768824042228,False,False,E-G
42,iid,2,,P,only_left_correct,C_equal_mask,71,158,0.44936708860759494,0.37392311759577734,0.5272146989032289,False,False,E-G
42,iid,2,,P,only_right_correct,C_equal_mask,0,158,0.0,0,0.023735937927685878,False,False,E-G
42,iid,2,,P,both_wrong,C_equal_mask,0,158,0.0,0,0.023735937927685878,False,False,E-G
42,iid,2,,P,all_success,C_equal_mask,87,158,0.5506329113924051,0.4727853010967712,0.6260768824042228,False,False,E-G
42,iid,2,,N,both_correct,C,2,158,0.012658227848101266,0.0034782344575124864,0.04497324934542185,False,False,E-G
42,iid,2,,N,only_left_correct,C,156,158,0.9873417721518988,0.9550267506545783,0.9965217655424877,False,False,E-G
42,iid,2,,N,only_right_correct,C,0,158,0.0,0,0.023735937927685878,False,False,E-G
42,iid,2,,N,both_wrong,C,0,158,0.0,0,0.023735937927685878,False,False,E-G
42,iid,2,,N,all_success,C,2,158,0.012658227848101266,0.0034782344575124864,0.04497324934542185,False,False,E-G
42,iid,2,,N,both_correct,C_equal_mask,2,158,0.012658227848101266,0.0034782344575124864,0.04497324934542185,False,False,E-G
42,iid,2,,N,only_left_correct,C_equal_mask,156,158,0.9873417721518988,0.9550267506545783,0.9965217655424877,False,False,E-G
42,iid,2,,N,only_right_correct,C_equal_mask,0,158,0.0,0,0.023735937927685878,False,False,E-G
42,iid,2,,N,both_wrong,C_equal_mask,0,158,0.0,0,0.023735937927685878,False,False,E-G
42,iid,2,,N,all_success,C_equal_mask,2,158,0.012658227848101266,0.0034782344575124864,0.04497324934542185,False,False,E-G
42,iid,2,,F,both_correct,C,27,158,0.17088607594936708,0.12018271008852661,0.23721309715501349,False,False,E-G
42,iid,2,,F,only_left_correct,C,131,158,0.8291139240506329,0.7627869028449865,0.8798172899114733,False,False,E-G
42,iid,2,,F,only_right_correct,C,0,158,0.0,0,0.023735937927685878,False,False,E-G
42,iid,2,,F,both_wrong,C,0,158,0.0,0,0.023735937927685878,False,False,E-G
42,iid,2,,F,all_success,C,27,158,0.17088607594936708,0.12018271008852661,0.23721309715501349,False,False,E-G
42,iid,2,,F,both_correct,C_equal_mask,27,158,0.17088607594936708,0.12018271008852661,0.23721309715501349,False,False,E-G
42,iid,2,,F,only_left_correct,C_equal_mask,131,158,0.8291139240506329,0.7627869028449865,0.8798172899114733,False,False,E-G
42,iid,2,,F,only_right_correct,C_equal_mask,0,158,0.0,0,0.023735937927685878,False,False,E-G
42,iid,2,,F,both_wrong,C_equal_mask,0,158,0.0,0,0.023735937927685878,False,False,E-G
42,iid,2,,F,all_success,C_equal_mask,27,158,0.17088607594936708,0.12018271008852661,0.23721309715501349,False,False,E-G
42,iid,2,,F,both_correct,pair_C_intersection,13,160,0.08125,0.048095814684807295,0.13404037377132832,False,False,P-U
42,iid,2,,F,only_left_correct,pair_C_intersection,17,160,0.10625,0.06740178358329141,0.16356209511426892,False,False,P-U
42,iid,2,,F,only_right_correct,pair_C_intersection,93,160,0.58125,0.5037778324249305,0.6549121608596999,False,False,P-U
42,iid,2,,F,both_wrong,pair_C_intersection,37,160,0.23125,0.17268348893654045,0.30241884096814364,False,False,P-U
42,iid,2,,F,all_success,pair_C_intersection,13,160,0.08125,0.048095814684807295,0.13404037377132832,False,False,P-U
42,iid,2,,F,both_correct,pair_C_intersection,0,158,0.0,0,0.023735937927685878,False,False,P-G
42,iid,2,,F,only_left_correct,pair_C_intersection,30,158,0.189873417721519,0.13636351813386116,0.25810560792255166,False,False,P-G
42,iid,2,,F,only_right_correct,pair_C_intersection,27,158,0.17088607594936708,0.12018271008852661,0.23721309715501349,False,False,P-G
42,iid,2,,F,both_wrong,pair_C_intersection,101,158,0.6392405063291139,0.5618766264044966,0.7099943782232366,False,False,P-G
42,iid,2,,F,all_success,pair_C_intersection,0,158,0.0,0,0.023735937927685878,False,False,P-G
42,iid,2,,F,both_correct,pair_C_intersection,5,158,0.03164556962025317,0.01359133591776018,0.07193346669804684,False,False,U-G
42,iid,2,,F,only_left_correct,pair_C_intersection,99,158,0.6265822784810127,0.5489942920341988,0.6981611667182859,False,False,U-G
42,iid,2,,F,only_right_correct,pair_C_intersection,22,158,0.13924050632911392,0.09378367905804727,0.20182326349737165,False,False,U-G
42,iid,2,,F,both_wrong,pair_C_intersection,32,158,0.20253164556962025,0.1472745545748863,0.27191011735677495,False,False,U-G
42,iid,2,,F,all_success,pair_C_intersection,5,158,0.03164556962025317,0.01359133591776018,0.07193346669804684,False,False,U-G
42,iid,2,,F,all_success,triple_C_intersection,0,158,0.0,0,0.023735937927685878,False,False,P-U-G
42,iid,0,,P,both_correct,C,0,160,0.0,0,0.02344619517150519,False,False,E-P
42,iid,0,,P,only_left_correct,C,160,160,1.0,0.9765538048284949,1,False,False,E-P
42,iid,0,,P,only_right_correct,C,0,160,0.0,0,0.02344619517150519,False,False,E-P
42,iid,0,,P,both_wrong,C,0,160,0.0,0,0.02344619517150519,False,False,E-P
42,iid,0,,P,all_success,C,0,160,0.0,0,0.02344619517150519,False,False,E-P
42,iid,0,,P,both_correct,C_equal_mask,0,160,0.0,0,0.02344619517150519,False,False,E-P
42,iid,0,,P,only_left_correct,C_equal_mask,160,160,1.0,0.9765538048284949,1,False,False,E-P
42,iid,0,,P,only_right_correct,C_equal_mask,0,160,0.0,0,0.02344619517150519,False,False,E-P
42,iid,0,,P,both_wrong,C_equal_mask,0,160,0.0,0,0.02344619517150519,False,False,E-P
42,iid,0,,P,all_success,C_equal_mask,0,160,0.0,0,0.02344619517150519,False,False,E-P
42,iid,0,,N,both_correct,C,0,160,0.0,0,0.02344619517150519,False,False,E-P
42,iid,0,,N,only_left_correct,C,160,160,1.0,0.9765538048284949,1,False,False,E-P
42,iid,0,,N,only_right_correct,C,0,160,0.0,0,0.02344619517150519,False,False,E-P
42,iid,0,,N,both_wrong,C,0,160,0.0,0,0.02344619517150519,False,False,E-P
42,iid,0,,N,all_success,C,0,160,0.0,0,0.02344619517150519,False,False,E-P
42,iid,0,,N,both_correct,C_equal_mask,0,160,0.0,0,0.02344619517150519,False,False,E-P
42,iid,0,,N,only_left_correct,C_equal_mask,160,160,1.0,0.9765538048284949,1,False,False,E-P
42,iid,0,,N,only_right_correct,C_equal_mask,0,160,0.0,0,0.02344619517150519,False,False,E-P
42,iid,0,,N,both_wrong,C_equal_mask,0,160,0.0,0,0.02344619517150519,False,False,E-P
42,iid,0,,N,all_success,C_equal_mask,0,160,0.0,0,0.02344619517150519,False,False,E-P
42,iid,0,,F,both_correct,C,160,160,1.0,0.9765538048284949,1,False,False,E-P
42,iid,0,,F,only_left_correct,C,0,160,0.0,0,0.02344619517150519,False,False,E-P
42,iid,0,,F,only_right_correct,C,0,160,0.0,0,0.02344619517150519,False,False,E-P
42,iid,0,,F,both_wrong,C,0,160,0.0,0,0.02344619517150519,False,False,E-P
42,iid,0,,F,all_success,C,160,160,1.0,0.9765538048284949,1,False,False,E-P
42,iid,0,,F,both_correct,C_equal_mask,160,160,1.0,0.9765538048284949,1,False,False,E-P
42,iid,0,,F,only_left_correct,C_equal_mask,0,160,0.0,0,0.02344619517150519,False,False,E-P
42,iid,0,,F,only_right_correct,C_equal_mask,0,160,0.0,0,0.02344619517150519,False,False,E-P
42,iid,0,,F,both_wrong,C_equal_mask,0,160,0.0,0,0.02344619517150519,False,False,E-P
42,iid,0,,F,all_success,C_equal_mask,160,160,1.0,0.9765538048284949,1,False,False,E-P
42,iid,0,,P,both_correct,C,0,160,0.0,0,0.02344619517150519,False,False,E-U
42,iid,0,,P,only_left_correct,C,160,160,1.0,0.9765538048284949,1,False,False,E-U
42,iid,0,,P,only_right_correct,C,0,160,0.0,0,0.02344619517150519,False,False,E-U
42,iid,0,,P,both_wrong,C,0,160,0.0,0,0.02344619517150519,False,False,E-U
42,iid,0,,P,all_success,C,0,160,0.0,0,0.02344619517150519,False,False,E-U
42,iid,0,,P,both_correct,C_equal_mask,0,160,0.0,0,0.02344619517150519,False,False,E-U
42,iid,0,,P,only_left_correct,C_equal_mask,160,160,1.0,0.9765538048284949,1,False,False,E-U
42,iid,0,,P,only_right_correct,C_equal_mask,0,160,0.0,0,0.02344619517150519,False,False,E-U
42,iid,0,,P,both_wrong,C_equal_mask,0,160,0.0,0,0.02344619517150519,False,False,E-U
42,iid,0,,P,all_success,C_equal_mask,0,160,0.0,0,0.02344619517150519,False,False,E-U
42,iid,0,,N,both_correct,C,0,160,0.0,0,0.02344619517150519,False,False,E-U
42,iid,0,,N,only_left_correct,C,160,160,1.0,0.9765538048284949,1,False,False,E-U
42,iid,0,,N,only_right_correct,C,0,160,0.0,0,0.02344619517150519,False,False,E-U
42,iid,0,,N,both_wrong,C,0,160,0.0,0,0.02344619517150519,False,False,E-U
42,iid,0,,N,all_success,C,0,160,0.0,0,0.02344619517150519,False,False,E-U
42,iid,0,,N,both_correct,C_equal_mask,0,160,0.0,0,0.02344619517150519,False,False,E-U
42,iid,0,,N,only_left_correct,C_equal_mask,160,160,1.0,0.9765538048284949,1,False,False,E-U
42,iid,0,,N,only_right_correct,C_equal_mask,0,160,0.0,0,0.02344619517150519,False,False,E-U
42,iid,0,,N,both_wrong,C_equal_mask,0,160,0.0,0,0.02344619517150519,False,False,E-U
42,iid,0,,N,all_success,C_equal_mask,0,160,0.0,0,0.02344619517150519,False,False,E-U
42,iid,0,,F,both_correct,C,160,160,1.0,0.9765538048284949,1,False,False,E-U
42,iid,0,,F,only_left_correct,C,0,160,0.0,0,0.02344619517150519,False,False,E-U
42,iid,0,,F,only_right_correct,C,0,160,0.0,0,0.02344619517150519,False,False,E-U
42,iid,0,,F,both_wrong,C,0,160,0.0,0,0.02344619517150519,False,False,E-U
42,iid,0,,F,all_success,C,160,160,1.0,0.9765538048284949,1,False,False,E-U
42,iid,0,,F,both_correct,C_equal_mask,160,160,1.0,0.9765538048284949,1,False,False,E-U
42,iid,0,,F,only_left_correct,C_equal_mask,0,160,0.0,0,0.02344619517150519,False,False,E-U
42,iid,0,,F,only_right_correct,C_equal_mask,0,160,0.0,0,0.02344619517150519,False,False,E-U
42,iid,0,,F,both_wrong,C_equal_mask,0,160,0.0,0,0.02344619517150519,False,False,E-U
42,iid,0,,F,all_success,C_equal_mask,160,160,1.0,0.9765538048284949,1,False,False,E-U
42,iid,0,,P,both_correct,C,0,160,0.0,0,0.02344619517150519,False,False,E-G
42,iid,0,,P,only_left_correct,C,160,160,1.0,0.9765538048284949,1,False,False,E-G
42,iid,0,,P,only_right_correct,C,0,160,0.0,0,0.02344619517150519,False,False,E-G
42,iid,0,,P,both_wrong,C,0,160,0.0,0,0.02344619517150519,False,False,E-G
42,iid,0,,P,all_success,C,0,160,0.0,0,0.02344619517150519,False,False,E-G
42,iid,0,,P,both_correct,C_equal_mask,0,160,0.0,0,0.02344619517150519,False,False,E-G
42,iid,0,,P,only_left_correct,C_equal_mask,160,160,1.0,0.9765538048284949,1,False,False,E-G
42,iid,0,,P,only_right_correct,C_equal_mask,0,160,0.0,0,0.02344619517150519,False,False,E-G
42,iid,0,,P,both_wrong,C_equal_mask,0,160,0.0,0,0.02344619517150519,False,False,E-G
42,iid,0,,P,all_success,C_equal_mask,0,160,0.0,0,0.02344619517150519,False,False,E-G
42,iid,0,,N,both_correct,C,0,160,0.0,0,0.02344619517150519,False,False,E-G
42,iid,0,,N,only_left_correct,C,160,160,1.0,0.9765538048284949,1,False,False,E-G
42,iid,0,,N,only_right_correct,C,0,160,0.0,0,0.02344619517150519,False,False,E-G
42,iid,0,,N,both_wrong,C,0,160,0.0,0,0.02344619517150519,False,False,E-G
42,iid,0,,N,all_success,C,0,160,0.0,0,0.02344619517150519,False,False,E-G
42,iid,0,,N,both_correct,C_equal_mask,0,160,0.0,0,0.02344619517150519,False,False,E-G
42,iid,0,,N,only_left_correct,C_equal_mask,160,160,1.0,0.9765538048284949,1,False,False,E-G
42,iid,0,,N,only_right_correct,C_equal_mask,0,160,0.0,0,0.02344619517150519,False,False,E-G
42,iid,0,,N,both_wrong,C_equal_mask,0,160,0.0,0,0.02344619517150519,False,False,E-G
42,iid,0,,N,all_success,C_equal_mask,0,160,0.0,0,0.02344619517150519,False,False,E-G
42,iid,0,,F,both_correct,C,134,160,0.8375,0.7725474698683045,0.8866263483909297,False,False,E-G
42,iid,0,,F,only_left_correct,C,26,160,0.1625,0.11337365160907037,0.22745253013169564,False,False,E-G
42,iid,0,,F,only_right_correct,C,0,160,0.0,0,0.02344619517150519,False,False,E-G
42,iid,0,,F,both_wrong,C,0,160,0.0,0,0.02344619517150519,False,False,E-G
42,iid,0,,F,all_success,C,134,160,0.8375,0.7725474698683045,0.8866263483909297,False,False,E-G
42,iid,0,,F,both_correct,C_equal_mask,134,160,0.8375,0.7725474698683045,0.8866263483909297,False,False,E-G
42,iid,0,,F,only_left_correct,C_equal_mask,26,160,0.1625,0.11337365160907037,0.22745253013169564,False,False,E-G
42,iid,0,,F,only_right_correct,C_equal_mask,0,160,0.0,0,0.02344619517150519,False,False,E-G
42,iid,0,,F,both_wrong,C_equal_mask,0,160,0.0,0,0.02344619517150519,False,False,E-G
42,iid,0,,F,all_success,C_equal_mask,134,160,0.8375,0.7725474698683045,0.8866263483909297,False,False,E-G
42,iid,0,,F,both_correct,pair_C_intersection,160,160,1.0,0.9765538048284949,1,False,False,P-U
42,iid,0,,F,only_left_correct,pair_C_intersection,0,160,0.0,0,0.02344619517150519,False,False,P-U
42,iid,0,,F,only_right_correct,pair_C_intersection,0,160,0.0,0,0.02344619517150519,False,False,P-U
42,iid,0,,F,both_wrong,pair_C_intersection,0,160,0.0,0,0.02344619517150519,False,False,P-U
42,iid,0,,F,all_success,pair_C_intersection,160,160,1.0,0.9765538048284949,1,False,False,P-U
42,iid,0,,F,both_correct,pair_C_intersection,134,160,0.8375,0.7725474698683045,0.8866263483909297,False,False,P-G
42,iid,0,,F,only_left_correct,pair_C_intersection,26,160,0.1625,0.11337365160907037,0.22745253013169564,False,False,P-G
42,iid,0,,F,only_right_correct,pair_C_intersection,0,160,0.0,0,0.02344619517150519,False,False,P-G
42,iid,0,,F,both_wrong,pair_C_intersection,0,160,0.0,0,0.02344619517150519,False,False,P-G
42,iid,0,,F,all_success,pair_C_intersection,134,160,0.8375,0.7725474698683045,0.8866263483909297,False,False,P-G
42,iid,0,,F,both_correct,pair_C_intersection,134,160,0.8375,0.7725474698683045,0.8866263483909297,False,False,U-G
42,iid,0,,F,only_left_correct,pair_C_intersection,26,160,0.1625,0.11337365160907037,0.22745253013169564,False,False,U-G
42,iid,0,,F,only_right_correct,pair_C_intersection,0,160,0.0,0,0.02344619517150519,False,False,U-G
42,iid,0,,F,both_wrong,pair_C_intersection,0,160,0.0,0,0.02344619517150519,False,False,U-G
42,iid,0,,F,all_success,pair_C_intersection,134,160,0.8375,0.7725474698683045,0.8866263483909297,False,False,U-G
42,iid,0,,F,all_success,triple_C_intersection,134,160,0.8375,0.7725474698683045,0.8866263483909297,False,False,P-U-G
42,iid,-1,,P,both_correct,C,159,160,0.99375,0.965451014037521,0.9988958682306179,False,False,E-P
42,iid,-1,,P,only_left_correct,C,1,160,0.00625,0.001104131769382205,0.03454898596247918,False,False,E-P
42,iid,-1,,P,only_right_correct,C,0,160,0.0,0,0.02344619517150519,False,False,E-P
42,iid,-1,,P,both_wrong,C,0,160,0.0,0,0.02344619517150519,False,False,E-P
42,iid,-1,,P,all_success,C,159,160,0.99375,0.965451014037521,0.9988958682306179,False,False,E-P
42,iid,-1,,P,both_correct,C_equal_mask,159,160,0.99375,0.965451014037521,0.9988958682306179,False,False,E-P
42,iid,-1,,P,only_left_correct,C_equal_mask,1,160,0.00625,0.001104131769382205,0.03454898596247918,False,False,E-P
42,iid,-1,,P,only_right_correct,C_equal_mask,0,160,0.0,0,0.02344619517150519,False,False,E-P
42,iid,-1,,P,both_wrong,C_equal_mask,0,160,0.0,0,0.02344619517150519,False,False,E-P
42,iid,-1,,P,all_success,C_equal_mask,159,160,0.99375,0.965451014037521,0.9988958682306179,False,False,E-P
42,iid,-1,,N,both_correct,C,158,160,0.9875,0.9555746308159091,0.9965653288918735,False,False,E-P
42,iid,-1,,N,only_left_correct,C,2,160,0.0125,0.0034346711081265323,0.044425369184091026,False,False,E-P
42,iid,-1,,N,only_right_correct,C,0,160,0.0,0,0.02344619517150519,False,False,E-P
42,iid,-1,,N,both_wrong,C,0,160,0.0,0,0.02344619517150519,False,False,E-P
42,iid,-1,,N,all_success,C,158,160,0.9875,0.9555746308159091,0.9965653288918735,False,False,E-P
42,iid,-1,,N,both_correct,C_equal_mask,158,160,0.9875,0.9555746308159091,0.9965653288918735,False,False,E-P
42,iid,-1,,N,only_left_correct,C_equal_mask,2,160,0.0125,0.0034346711081265323,0.044425369184091026,False,False,E-P
42,iid,-1,,N,only_right_correct,C_equal_mask,0,160,0.0,0,0.02344619517150519,False,False,E-P
42,iid,-1,,N,both_wrong,C_equal_mask,0,160,0.0,0,0.02344619517150519,False,False,E-P
42,iid,-1,,N,all_success,C_equal_mask,158,160,0.9875,0.9555746308159091,0.9965653288918735,False,False,E-P
42,iid,-1,,F,both_correct,C,160,160,1.0,0.9765538048284949,1,False,False,E-P
42,iid,-1,,F,only_left_correct,C,0,160,0.0,0,0.02344619517150519,False,False,E-P
42,iid,-1,,F,only_right_correct,C,0,160,0.0,0,0.02344619517150519,False,False,E-P
42,iid,-1,,F,both_wrong,C,0,160,0.0,0,0.02344619517150519,False,False,E-P
42,iid,-1,,F,all_success,C,160,160,1.0,0.9765538048284949,1,False,False,E-P
42,iid,-1,,F,both_correct,C_equal_mask,160,160,1.0,0.9765538048284949,1,False,False,E-P
42,iid,-1,,F,only_left_correct,C_equal_mask,0,160,0.0,0,0.02344619517150519,False,False,E-P
42,iid,-1,,F,only_right_correct,C_equal_mask,0,160,0.0,0,0.02344619517150519,False,False,E-P
42,iid,-1,,F,both_wrong,C_equal_mask,0,160,0.0,0,0.02344619517150519,False,False,E-P
42,iid,-1,,F,all_success,C_equal_mask,160,160,1.0,0.9765538048284949,1,False,False,E-P
42,iid,-1,,P,both_correct,C,158,160,0.9875,0.9555746308159091,0.9965653288918735,False,False,E-U
42,iid,-1,,P,only_left_correct,C,2,160,0.0125,0.0034346711081265323,0.044425369184091026,False,False,E-U
42,iid,-1,,P,only_right_correct,C,0,160,0.0,0,0.02344619517150519,False,False,E-U
42,iid,-1,,P,both_wrong,C,0,160,0.0,0,0.02344619517150519,False,False,E-U
42,iid,-1,,P,all_success,C,158,160,0.9875,0.9555746308159091,0.9965653288918735,False,False,E-U
42,iid,-1,,P,both_correct,C_equal_mask,158,160,0.9875,0.9555746308159091,0.9965653288918735,False,False,E-U
42,iid,-1,,P,only_left_correct,C_equal_mask,2,160,0.0125,0.0034346711081265323,0.044425369184091026,False,False,E-U
42,iid,-1,,P,only_right_correct,C_equal_mask,0,160,0.0,0,0.02344619517150519,False,False,E-U
42,iid,-1,,P,both_wrong,C_equal_mask,0,160,0.0,0,0.02344619517150519,False,False,E-U
42,iid,-1,,P,all_success,C_equal_mask,158,160,0.9875,0.9555746308159091,0.9965653288918735,False,False,E-U
42,iid,-1,,N,both_correct,C,157,160,0.98125,0.9463298879006856,0.9936031492467405,False,False,E-U
42,iid,-1,,N,only_left_correct,C,3,160,0.01875,0.00639685075325945,0.0536701120993143,False,False,E-U
42,iid,-1,,N,only_right_correct,C,0,160,0.0,0,0.02344619517150519,False,False,E-U
42,iid,-1,,N,both_wrong,C,0,160,0.0,0,0.02344619517150519,False,False,E-U
42,iid,-1,,N,all_success,C,157,160,0.98125,0.9463298879006856,0.9936031492467405,False,False,E-U
42,iid,-1,,N,both_correct,C_equal_mask,157,160,0.98125,0.9463298879006856,0.9936031492467405,False,False,E-U
42,iid,-1,,N,only_left_correct,C_equal_mask,3,160,0.01875,0.00639685075325945,0.0536701120993143,False,False,E-U
42,iid,-1,,N,only_right_correct,C_equal_mask,0,160,0.0,0,0.02344619517150519,False,False,E-U
42,iid,-1,,N,both_wrong,C_equal_mask,0,160,0.0,0,0.02344619517150519,False,False,E-U
42,iid,-1,,N,all_success,C_equal_mask,157,160,0.98125,0.9463298879006856,0.9936031492467405,False,False,E-U
42,iid,-1,,F,both_correct,C,160,160,1.0,0.9765538048284949,1,False,False,E-U
42,iid,-1,,F,only_left_correct,C,0,160,0.0,0,0.02344619517150519,False,False,E-U
42,iid,-1,,F,only_right_correct,C,0,160,0.0,0,0.02344619517150519,False,False,E-U
42,iid,-1,,F,both_wrong,C,0,160,0.0,0,0.02344619517150519,False,False,E-U
42,iid,-1,,F,all_success,C,160,160,1.0,0.9765538048284949,1,False,False,E-U
42,iid,-1,,F,both_correct,C_equal_mask,160,160,1.0,0.9765538048284949,1,False,False,E-U
42,iid,-1,,F,only_left_correct,C_equal_mask,0,160,0.0,0,0.02344619517150519,False,False,E-U
42,iid,-1,,F,only_right_correct,C_equal_mask,0,160,0.0,0,0.02344619517150519,False,False,E-U
42,iid,-1,,F,both_wrong,C_equal_mask,0,160,0.0,0,0.02344619517150519,False,False,E-U
42,iid,-1,,F,all_success,C_equal_mask,160,160,1.0,0.9765538048284949,1,False,False,E-U
42,iid,-1,,P,both_correct,C,160,160,1.0,0.9765538048284949,1,False,False,E-G
42,iid,-1,,P,only_left_correct,C,0,160,0.0,0,0.02344619517150519,False,False,E-G
42,iid,-1,,P,only_right_correct,C,0,160,0.0,0,0.02344619517150519,False,False,E-G
42,iid,-1,,P,both_wrong,C,0,160,0.0,0,0.02344619517150519,False,False,E-G
42,iid,-1,,P,all_success,C,160,160,1.0,0.9765538048284949,1,False,False,E-G
42,iid,-1,,P,both_correct,C_equal_mask,160,160,1.0,0.9765538048284949,1,False,False,E-G
42,iid,-1,,P,only_left_correct,C_equal_mask,0,160,0.0,0,0.02344619517150519,False,False,E-G
42,iid,-1,,P,only_right_correct,C_equal_mask,0,160,0.0,0,0.02344619517150519,False,False,E-G
42,iid,-1,,P,both_wrong,C_equal_mask,0,160,0.0,0,0.02344619517150519,False,False,E-G
42,iid,-1,,P,all_success,C_equal_mask,160,160,1.0,0.9765538048284949,1,False,False,E-G
42,iid,-1,,N,both_correct,C,160,160,1.0,0.9765538048284949,1,False,False,E-G
42,iid,-1,,N,only_left_correct,C,0,160,0.0,0,0.02344619517150519,False,False,E-G
42,iid,-1,,N,only_right_correct,C,0,160,0.0,0,0.02344619517150519,False,False,E-G
42,iid,-1,,N,both_wrong,C,0,160,0.0,0,0.02344619517150519,False,False,E-G
42,iid,-1,,N,all_success,C,160,160,1.0,0.9765538048284949,1,False,False,E-G
42,iid,-1,,N,both_correct,C_equal_mask,160,160,1.0,0.9765538048284949,1,False,False,E-G
42,iid,-1,,N,only_left_correct,C_equal_mask,0,160,0.0,0,0.02344619517150519,False,False,E-G
42,iid,-1,,N,only_right_correct,C_equal_mask,0,160,0.0,0,0.02344619517150519,False,False,E-G
42,iid,-1,,N,both_wrong,C_equal_mask,0,160,0.0,0,0.02344619517150519,False,False,E-G
42,iid,-1,,N,all_success,C_equal_mask,160,160,1.0,0.9765538048284949,1,False,False,E-G
42,iid,-1,,F,both_correct,C,160,160,1.0,0.9765538048284949,1,False,False,E-G
42,iid,-1,,F,only_left_correct,C,0,160,0.0,0,0.02344619517150519,False,False,E-G
42,iid,-1,,F,only_right_correct,C,0,160,0.0,0,0.02344619517150519,False,False,E-G
42,iid,-1,,F,both_wrong,C,0,160,0.0,0,0.02344619517150519,False,False,E-G
42,iid,-1,,F,all_success,C,160,160,1.0,0.9765538048284949,1,False,False,E-G
42,iid,-1,,F,both_correct,C_equal_mask,160,160,1.0,0.9765538048284949,1,False,False,E-G
42,iid,-1,,F,only_left_correct,C_equal_mask,0,160,0.0,0,0.02344619517150519,False,False,E-G
42,iid,-1,,F,only_right_correct,C_equal_mask,0,160,0.0,0,0.02344619517150519,False,False,E-G
42,iid,-1,,F,both_wrong,C_equal_mask,0,160,0.0,0,0.02344619517150519,False,False,E-G
42,iid,-1,,F,all_success,C_equal_mask,160,160,1.0,0.9765538048284949,1,False,False,E-G
42,iid,-1,,F,both_correct,pair_C_intersection,160,160,1.0,0.9765538048284949,1,False,False,P-U
42,iid,-1,,F,only_left_correct,pair_C_intersection,0,160,0.0,0,0.02344619517150519,False,False,P-U
42,iid,-1,,F,only_right_correct,pair_C_intersection,0,160,0.0,0,0.02344619517150519,False,False,P-U
42,iid,-1,,F,both_wrong,pair_C_intersection,0,160,0.0,0,0.02344619517150519,False,False,P-U
42,iid,-1,,F,all_success,pair_C_intersection,160,160,1.0,0.9765538048284949,1,False,False,P-U
42,iid,-1,,F,both_correct,pair_C_intersection,160,160,1.0,0.9765538048284949,1,False,False,P-G
42,iid,-1,,F,only_left_correct,pair_C_intersection,0,160,0.0,0,0.02344619517150519,False,False,P-G
42,iid,-1,,F,only_right_correct,pair_C_intersection,0,160,0.0,0,0.02344619517150519,False,False,P-G
42,iid,-1,,F,both_wrong,pair_C_intersection,0,160,0.0,0,0.02344619517150519,False,False,P-G
42,iid,-1,,F,all_success,pair_C_intersection,160,160,1.0,0.9765538048284949,1,False,False,P-G
42,iid,-1,,F,both_correct,pair_C_intersection,160,160,1.0,0.9765538048284949,1,False,False,U-G
42,iid,-1,,F,only_left_correct,pair_C_intersection,0,160,0.0,0,0.02344619517150519,False,False,U-G
42,iid,-1,,F,only_right_correct,pair_C_intersection,0,160,0.0,0,0.02344619517150519,False,False,U-G
42,iid,-1,,F,both_wrong,pair_C_intersection,0,160,0.0,0,0.02344619517150519,False,False,U-G
42,iid,-1,,F,all_success,pair_C_intersection,160,160,1.0,0.9765538048284949,1,False,False,U-G
42,iid,-1,,F,all_success,triple_C_intersection,160,160,1.0,0.9765538048284949,1,False,False,P-U-G
42,iid,-2,,P,both_correct,C,0,160,0.0,0,0.02344619517150519,False,False,E-P
42,iid,-2,,P,only_left_correct,C,160,160,1.0,0.9765538048284949,1,False,False,E-P
42,iid,-2,,P,only_right_correct,C,0,160,0.0,0,0.02344619517150519,False,False,E-P
42,iid,-2,,P,both_wrong,C,0,160,0.0,0,0.02344619517150519,False,False,E-P
42,iid,-2,,P,all_success,C,0,160,0.0,0,0.02344619517150519,False,False,E-P
42,iid,-2,,P,both_correct,C_equal_mask,0,0,,,,True,True,E-P
42,iid,-2,,P,only_left_correct,C_equal_mask,0,0,,,,True,True,E-P
42,iid,-2,,P,only_right_correct,C_equal_mask,0,0,,,,True,True,E-P
42,iid,-2,,P,both_wrong,C_equal_mask,0,0,,,,True,True,E-P
42,iid,-2,,P,all_success,C_equal_mask,0,0,,,,True,True,E-P
42,iid,-2,,N,both_correct,C,0,160,0.0,0,0.02344619517150519,False,False,E-P
42,iid,-2,,N,only_left_correct,C,160,160,1.0,0.9765538048284949,1,False,False,E-P
42,iid,-2,,N,only_right_correct,C,0,160,0.0,0,0.02344619517150519,False,False,E-P
42,iid,-2,,N,both_wrong,C,0,160,0.0,0,0.02344619517150519,False,False,E-P
42,iid,-2,,N,all_success,C,0,160,0.0,0,0.02344619517150519,False,False,E-P
42,iid,-2,,N,both_correct,C_equal_mask,0,0,,,,True,True,E-P
42,iid,-2,,N,only_left_correct,C_equal_mask,0,0,,,,True,True,E-P
42,iid,-2,,N,only_right_correct,C_equal_mask,0,0,,,,True,True,E-P
42,iid,-2,,N,both_wrong,C_equal_mask,0,0,,,,True,True,E-P
42,iid,-2,,N,all_success,C_equal_mask,0,0,,,,True,True,E-P
42,iid,-2,,F,both_correct,C,0,160,0.0,0,0.02344619517150519,False,False,E-P
42,iid,-2,,F,only_left_correct,C,160,160,1.0,0.9765538048284949,1,False,False,E-P
42,iid,-2,,F,only_right_correct,C,0,160,0.0,0,0.02344619517150519,False,False,E-P
42,iid,-2,,F,both_wrong,C,0,160,0.0,0,0.02344619517150519,False,False,E-P
42,iid,-2,,F,all_success,C,0,160,0.0,0,0.02344619517150519,False,False,E-P
42,iid,-2,,F,both_correct,C_equal_mask,0,0,,,,True,True,E-P
42,iid,-2,,F,only_left_correct,C_equal_mask,0,0,,,,True,True,E-P
42,iid,-2,,F,only_right_correct,C_equal_mask,0,0,,,,True,True,E-P
42,iid,-2,,F,both_wrong,C_equal_mask,0,0,,,,True,True,E-P
42,iid,-2,,F,all_success,C_equal_mask,0,0,,,,True,True,E-P
42,iid,-2,,P,both_correct,C,6,160,0.0375,0.017297923166500122,0.07938980736714218,False,False,E-U
42,iid,-2,,P,only_left_correct,C,154,160,0.9625,0.9206101926328578,0.9827020768335,False,False,E-U
42,iid,-2,,P,only_right_correct,C,0,160,0.0,0,0.02344619517150519,False,False,E-U
42,iid,-2,,P,both_wrong,C,0,160,0.0,0,0.02344619517150519,False,False,E-U
42,iid,-2,,P,all_success,C,6,160,0.0375,0.017297923166500122,0.07938980736714218,False,False,E-U
42,iid,-2,,P,both_correct,C_equal_mask,0,0,,,,True,True,E-U
42,iid,-2,,P,only_left_correct,C_equal_mask,0,0,,,,True,True,E-U
42,iid,-2,,P,only_right_correct,C_equal_mask,0,0,,,,True,True,E-U
42,iid,-2,,P,both_wrong,C_equal_mask,0,0,,,,True,True,E-U
42,iid,-2,,P,all_success,C_equal_mask,0,0,,,,True,True,E-U
42,iid,-2,,N,both_correct,C,0,160,0.0,0,0.02344619517150519,False,False,E-U
42,iid,-2,,N,only_left_correct,C,160,160,1.0,0.9765538048284949,1,False,False,E-U
42,iid,-2,,N,only_right_correct,C,0,160,0.0,0,0.02344619517150519,False,False,E-U
42,iid,-2,,N,both_wrong,C,0,160,0.0,0,0.02344619517150519,False,False,E-U
42,iid,-2,,N,all_success,C,0,160,0.0,0,0.02344619517150519,False,False,E-U
42,iid,-2,,N,both_correct,C_equal_mask,0,0,,,,True,True,E-U
42,iid,-2,,N,only_left_correct,C_equal_mask,0,0,,,,True,True,E-U
42,iid,-2,,N,only_right_correct,C_equal_mask,0,0,,,,True,True,E-U
42,iid,-2,,N,both_wrong,C_equal_mask,0,0,,,,True,True,E-U
42,iid,-2,,N,all_success,C_equal_mask,0,0,,,,True,True,E-U
42,iid,-2,,F,both_correct,C,18,160,0.1125,0.07235633854421358,0.17081446271370296,False,False,E-U
42,iid,-2,,F,only_left_correct,C,142,160,0.8875,0.8291855372862971,0.9276436614557864,False,False,E-U
42,iid,-2,,F,only_right_correct,C,0,160,0.0,0,0.02344619517150519,False,False,E-U
42,iid,-2,,F,both_wrong,C,0,160,0.0,0,0.02344619517150519,False,False,E-U
42,iid,-2,,F,all_success,C,18,160,0.1125,0.07235633854421358,0.17081446271370296,False,False,E-U
42,iid,-2,,F,both_correct,C_equal_mask,0,0,,,,True,True,E-U
42,iid,-2,,F,only_left_correct,C_equal_mask,0,0,,,,True,True,E-U
42,iid,-2,,F,only_right_correct,C_equal_mask,0,0,,,,True,True,E-U
42,iid,-2,,F,both_wrong,C_equal_mask,0,0,,,,True,True,E-U
42,iid,-2,,F,all_success,C_equal_mask,0,0,,,,True,True,E-U
42,iid,-2,,P,both_correct,C,0,160,0.0,0,0.02344619517150519,False,False,E-G
42,iid,-2,,P,only_left_correct,C,160,160,1.0,0.9765538048284949,1,False,False,E-G
42,iid,-2,,P,only_right_correct,C,0,160,0.0,0,0.02344619517150519,False,False,E-G
42,iid,-2,,P,both_wrong,C,0,160,0.0,0,0.02344619517150519,False,False,E-G
42,iid,-2,,P,all_success,C,0,160,0.0,0,0.02344619517150519,False,False,E-G
42,iid,-2,,P,both_correct,C_equal_mask,0,0,,,,True,True,E-G
42,iid,-2,,P,only_left_correct,C_equal_mask,0,0,,,,True,True,E-G
42,iid,-2,,P,only_right_correct,C_equal_mask,0,0,,,,True,True,E-G
42,iid,-2,,P,both_wrong,C_equal_mask,0,0,,,,True,True,E-G
42,iid,-2,,P,all_success,C_equal_mask,0,0,,,,True,True,E-G
42,iid,-2,,N,both_correct,C,0,160,0.0,0,0.02344619517150519,False,False,E-G
42,iid,-2,,N,only_left_correct,C,160,160,1.0,0.9765538048284949,1,False,False,E-G
42,iid,-2,,N,only_right_correct,C,0,160,0.0,0,0.02344619517150519,False,False,E-G
42,iid,-2,,N,both_wrong,C,0,160,0.0,0,0.02344619517150519,False,False,E-G
42,iid,-2,,N,all_success,C,0,160,0.0,0,0.02344619517150519,False,False,E-G
42,iid,-2,,N,both_correct,C_equal_mask,0,0,,,,True,True,E-G
42,iid,-2,,N,only_left_correct,C_equal_mask,0,0,,,,True,True,E-G
42,iid,-2,,N,only_right_correct,C_equal_mask,0,0,,,,True,True,E-G
42,iid,-2,,N,both_wrong,C_equal_mask,0,0,,,,True,True,E-G
42,iid,-2,,N,all_success,C_equal_mask,0,0,,,,True,True,E-G
42,iid,-2,,F,both_correct,C,0,160,0.0,0,0.02344619517150519,False,False,E-G
42,iid,-2,,F,only_left_correct,C,160,160,1.0,0.9765538048284949,1,False,False,E-G
42,iid,-2,,F,only_right_correct,C,0,160,0.0,0,0.02344619517150519,False,False,E-G
42,iid,-2,,F,both_wrong,C,0,160,0.0,0,0.02344619517150519,False,False,E-G
42,iid,-2,,F,all_success,C,0,160,0.0,0,0.02344619517150519,False,False,E-G
42,iid,-2,,F,both_correct,C_equal_mask,0,0,,,,True,True,E-G
42,iid,-2,,F,only_left_correct,C_equal_mask,0,0,,,,True,True,E-G
42,iid,-2,,F,only_right_correct,C_equal_mask,0,0,,,,True,True,E-G
42,iid,-2,,F,both_wrong,C_equal_mask,0,0,,,,True,True,E-G
42,iid,-2,,F,all_success,C_equal_mask,0,0,,,,True,True,E-G
42,iid,-2,,F,both_correct,pair_C_intersection,0,160,0.0,0,0.02344619517150519,False,False,P-U
42,iid,-2,,F,only_left_correct,pair_C_intersection,0,160,0.0,0,0.02344619517150519,False,False,P-U
42,iid,-2,,F,only_right_correct,pair_C_intersection,18,160,0.1125,0.07235633854421358,0.17081446271370296,False,False,P-U
42,iid,-2,,F,both_wrong,pair_C_intersection,142,160,0.8875,0.8291855372862971,0.9276436614557864,False,False,P-U
42,iid,-2,,F,all_success,pair_C_intersection,0,160,0.0,0,0.02344619517150519,False,False,P-U
42,iid,-2,,F,both_correct,pair_C_intersection,0,160,0.0,0,0.02344619517150519,False,False,P-G
42,iid,-2,,F,only_left_correct,pair_C_intersection,0,160,0.0,0,0.02344619517150519,False,False,P-G
42,iid,-2,,F,only_right_correct,pair_C_intersection,0,160,0.0,0,0.02344619517150519,False,False,P-G
42,iid,-2,,F,both_wrong,pair_C_intersection,160,160,1.0,0.9765538048284949,1,False,False,P-G
42,iid,-2,,F,all_success,pair_C_intersection,0,160,0.0,0,0.02344619517150519,False,False,P-G
42,iid,-2,,F,both_correct,pair_C_intersection,0,160,0.0,0,0.02344619517150519,False,False,U-G
42,iid,-2,,F,only_left_correct,pair_C_intersection,18,160,0.1125,0.07235633854421358,0.17081446271370296,False,False,U-G
42,iid,-2,,F,only_right_correct,pair_C_intersection,0,160,0.0,0,0.02344619517150519,False,False,U-G
42,iid,-2,,F,both_wrong,pair_C_intersection,142,160,0.8875,0.8291855372862971,0.9276436614557864,False,False,U-G
42,iid,-2,,F,all_success,pair_C_intersection,0,160,0.0,0,0.02344619517150519,False,False,U-G
42,iid,-2,,F,all_success,triple_C_intersection,0,160,0.0,0,0.02344619517150519,False,False,P-U-G
42,template_ood,2,,P,both_correct,C,0,160,0.0,0,0.02344619517150519,False,False,E-P
42,template_ood,2,,P,only_left_correct,C,158,160,0.9875,0.9555746308159091,0.9965653288918735,False,False,E-P
42,template_ood,2,,P,only_right_correct,C,0,160,0.0,0,0.02344619517150519,False,False,E-P
42,template_ood,2,,P,both_wrong,C,2,160,0.0125,0.0034346711081265323,0.044425369184091026,False,False,E-P
42,template_ood,2,,P,all_success,C,0,160,0.0,0,0.02344619517150519,False,False,E-P
42,template_ood,2,,P,both_correct,C_equal_mask,0,160,0.0,0,0.02344619517150519,False,False,E-P
42,template_ood,2,,P,only_left_correct,C_equal_mask,158,160,0.9875,0.9555746308159091,0.9965653288918735,False,False,E-P
42,template_ood,2,,P,only_right_correct,C_equal_mask,0,160,0.0,0,0.02344619517150519,False,False,E-P
42,template_ood,2,,P,both_wrong,C_equal_mask,2,160,0.0125,0.0034346711081265323,0.044425369184091026,False,False,E-P
42,template_ood,2,,P,all_success,C_equal_mask,0,160,0.0,0,0.02344619517150519,False,False,E-P
42,template_ood,2,,N,both_correct,C,0,160,0.0,0,0.02344619517150519,False,False,E-P
42,template_ood,2,,N,only_left_correct,C,160,160,1.0,0.9765538048284949,1,False,False,E-P
42,template_ood,2,,N,only_right_correct,C,0,160,0.0,0,0.02344619517150519,False,False,E-P
42,template_ood,2,,N,both_wrong,C,0,160,0.0,0,0.02344619517150519,False,False,E-P
42,template_ood,2,,N,all_success,C,0,160,0.0,0,0.02344619517150519,False,False,E-P
42,template_ood,2,,N,both_correct,C_equal_mask,0,160,0.0,0,0.02344619517150519,False,False,E-P
42,template_ood,2,,N,only_left_correct,C_equal_mask,160,160,1.0,0.9765538048284949,1,False,False,E-P
42,template_ood,2,,N,only_right_correct,C_equal_mask,0,160,0.0,0,0.02344619517150519,False,False,E-P
42,template_ood,2,,N,both_wrong,C_equal_mask,0,160,0.0,0,0.02344619517150519,False,False,E-P
42,template_ood,2,,N,all_success,C_equal_mask,0,160,0.0,0,0.02344619517150519,False,False,E-P
42,template_ood,2,,F,both_correct,C,78,160,0.4875,0.4112556929842917,0.564330461894996,False,False,E-P
42,template_ood,2,,F,only_left_correct,C,82,160,0.5125,0.43566953810500403,0.5887443070157083,False,False,E-P
42,template_ood,2,,F,only_right_correct,C,0,160,0.0,0,0.02344619517150519,False,False,E-P
42,template_ood,2,,F,both_wrong,C,0,160,0.0,0,0.02344619517150519,False,False,E-P
42,template_ood,2,,F,all_success,C,78,160,0.4875,0.4112556929842917,0.564330461894996,False,False,E-P
42,template_ood,2,,F,both_correct,C_equal_mask,78,160,0.4875,0.4112556929842917,0.564330461894996,False,False,E-P
42,template_ood,2,,F,only_left_correct,C_equal_mask,82,160,0.5125,0.43566953810500403,0.5887443070157083,False,False,E-P
42,template_ood,2,,F,only_right_correct,C_equal_mask,0,160,0.0,0,0.02344619517150519,False,False,E-P
42,template_ood,2,,F,both_wrong,C_equal_mask,0,160,0.0,0,0.02344619517150519,False,False,E-P
42,template_ood,2,,F,all_success,C_equal_mask,78,160,0.4875,0.4112556929842917,0.564330461894996,False,False,E-P
42,template_ood,2,,P,both_correct,C,0,160,0.0,0,0.02344619517150519,False,False,E-U
42,template_ood,2,,P,only_left_correct,C,158,160,0.9875,0.9555746308159091,0.9965653288918735,False,False,E-U
42,template_ood,2,,P,only_right_correct,C,0,160,0.0,0,0.02344619517150519,False,False,E-U
42,template_ood,2,,P,both_wrong,C,2,160,0.0125,0.0034346711081265323,0.044425369184091026,False,False,E-U
42,template_ood,2,,P,all_success,C,0,160,0.0,0,0.02344619517150519,False,False,E-U
42,template_ood,2,,P,both_correct,C_equal_mask,0,160,0.0,0,0.02344619517150519,False,False,E-U
42,template_ood,2,,P,only_left_correct,C_equal_mask,158,160,0.9875,0.9555746308159091,0.9965653288918735,False,False,E-U
42,template_ood,2,,P,only_right_correct,C_equal_mask,0,160,0.0,0,0.02344619517150519,False,False,E-U
42,template_ood,2,,P,both_wrong,C_equal_mask,2,160,0.0125,0.0034346711081265323,0.044425369184091026,False,False,E-U
42,template_ood,2,,P,all_success,C_equal_mask,0,160,0.0,0,0.02344619517150519,False,False,E-U
42,template_ood,2,,N,both_correct,C,0,160,0.0,0,0.02344619517150519,False,False,E-U
42,template_ood,2,,N,only_left_correct,C,160,160,1.0,0.9765538048284949,1,False,False,E-U
42,template_ood,2,,N,only_right_correct,C,0,160,0.0,0,0.02344619517150519,False,False,E-U
42,template_ood,2,,N,both_wrong,C,0,160,0.0,0,0.02344619517150519,False,False,E-U
42,template_ood,2,,N,all_success,C,0,160,0.0,0,0.02344619517150519,False,False,E-U
42,template_ood,2,,N,both_correct,C_equal_mask,0,160,0.0,0,0.02344619517150519,False,False,E-U
42,template_ood,2,,N,only_left_correct,C_equal_mask,160,160,1.0,0.9765538048284949,1,False,False,E-U
42,template_ood,2,,N,only_right_correct,C_equal_mask,0,160,0.0,0,0.02344619517150519,False,False,E-U
42,template_ood,2,,N,both_wrong,C_equal_mask,0,160,0.0,0,0.02344619517150519,False,False,E-U
42,template_ood,2,,N,all_success,C_equal_mask,0,160,0.0,0,0.02344619517150519,False,False,E-U
42,template_ood,2,,F,both_correct,C,110,160,0.6875,0.6119941011632154,0.7542135756474703,False,False,E-U
42,template_ood,2,,F,only_left_correct,C,50,160,0.3125,0.24578642435252984,0.3880058988367847,False,False,E-U
42,template_ood,2,,F,only_right_correct,C,0,160,0.0,0,0.02344619517150519,False,False,E-U
42,template_ood,2,,F,both_wrong,C,0,160,0.0,0,0.02344619517150519,False,False,E-U
42,template_ood,2,,F,all_success,C,110,160,0.6875,0.6119941011632154,0.7542135756474703,False,False,E-U
42,template_ood,2,,F,both_correct,C_equal_mask,110,160,0.6875,0.6119941011632154,0.7542135756474703,False,False,E-U
42,template_ood,2,,F,only_left_correct,C_equal_mask,50,160,0.3125,0.24578642435252984,0.3880058988367847,False,False,E-U
42,template_ood,2,,F,only_right_correct,C_equal_mask,0,160,0.0,0,0.02344619517150519,False,False,E-U
42,template_ood,2,,F,both_wrong,C_equal_mask,0,160,0.0,0,0.02344619517150519,False,False,E-U
42,template_ood,2,,F,all_success,C_equal_mask,110,160,0.6875,0.6119941011632154,0.7542135756474703,False,False,E-U
42,template_ood,2,,P,both_correct,C,42,157,0.267515923566879,0.2044329565414798,0.3417039627873835,False,False,E-G
42,template_ood,2,,P,only_left_correct,C,113,157,0.7197452229299363,0.6448899223477612,0.7841039484235871,False,False,E-G
42,template_ood,2,,P,only_right_correct,C,0,157,0.0,0,0.023883511433308864,False,False,E-G
42,template_ood,2,,P,both_wrong,C,2,157,0.012738853503184714,0.003500433177716391,0.04525228815538079,False,False,E-G
42,template_ood,2,,P,all_success,C,42,157,0.267515923566879,0.2044329565414798,0.3417039627873835,False,False,E-G
42,template_ood,2,,P,both_correct,C_equal_mask,42,157,0.267515923566879,0.2044329565414798,0.3417039627873835,False,False,E-G
42,template_ood,2,,P,only_left_correct,C_equal_mask,113,157,0.7197452229299363,0.6448899223477612,0.7841039484235871,False,False,E-G
42,template_ood,2,,P,only_right_correct,C_equal_mask,0,157,0.0,0,0.023883511433308864,False,False,E-G
42,template_ood,2,,P,both_wrong,C_equal_mask,2,157,0.012738853503184714,0.003500433177716391,0.04525228815538079,False,False,E-G
42,template_ood,2,,P,all_success,C_equal_mask,42,157,0.267515923566879,0.2044329565414798,0.3417039627873835,False,False,E-G
42,template_ood,2,,N,both_correct,C,0,157,0.0,0,0.023883511433308864,False,False,E-G
42,template_ood,2,,N,only_left_correct,C,157,157,1.0,0.976116488566691,0.9999999999999999,False,False,E-G
42,template_ood,2,,N,only_right_correct,C,0,157,0.0,0,0.023883511433308864,False,False,E-G
42,template_ood,2,,N,both_wrong,C,0,157,0.0,0,0.023883511433308864,False,False,E-G
42,template_ood,2,,N,all_success,C,0,157,0.0,0,0.023883511433308864,False,False,E-G
42,template_ood,2,,N,both_correct,C_equal_mask,0,157,0.0,0,0.023883511433308864,False,False,E-G
42,template_ood,2,,N,only_left_correct,C_equal_mask,157,157,1.0,0.976116488566691,0.9999999999999999,False,False,E-G
42,template_ood,2,,N,only_right_correct,C_equal_mask,0,157,0.0,0,0.023883511433308864,False,False,E-G
42,template_ood,2,,N,both_wrong,C_equal_mask,0,157,0.0,0,0.023883511433308864,False,False,E-G
42,template_ood,2,,N,all_success,C_equal_mask,0,157,0.0,0,0.023883511433308864,False,False,E-G
42,template_ood,2,,F,both_correct,C,5,157,0.03184713375796178,0.013678386706999463,0.07237814947578017,False,False,E-G
42,template_ood,2,,F,only_left_correct,C,152,157,0.9681528662420382,0.9276218505242199,0.9863216132930005,False,False,E-G
42,template_ood,2,,F,only_right_correct,C,0,157,0.0,0,0.023883511433308864,False,False,E-G
42,template_ood,2,,F,both_wrong,C,0,157,0.0,0,0.023883511433308864,False,False,E-G
42,template_ood,2,,F,all_success,C,5,157,0.03184713375796178,0.013678386706999463,0.07237814947578017,False,False,E-G
42,template_ood,2,,F,both_correct,C_equal_mask,5,157,0.03184713375796178,0.013678386706999463,0.07237814947578017,False,False,E-G
42,template_ood,2,,F,only_left_correct,C_equal_mask,152,157,0.9681528662420382,0.9276218505242199,0.9863216132930005,False,False,E-G
42,template_ood,2,,F,only_right_correct,C_equal_mask,0,157,0.0,0,0.023883511433308864,False,False,E-G
42,template_ood,2,,F,both_wrong,C_equal_mask,0,157,0.0,0,0.023883511433308864,False,False,E-G
42,template_ood,2,,F,all_success,C_equal_mask,5,157,0.03184713375796178,0.013678386706999463,0.07237814947578017,False,False,E-G
42,template_ood,2,,F,both_correct,pair_C_intersection,41,160,0.25625,0.19487420274668216,0.32905581739942663,False,False,P-U
42,template_ood,2,,F,only_left_correct,pair_C_intersection,37,160,0.23125,0.17268348893654045,0.30241884096814364,False,False,P-U
42,template_ood,2,,F,only_right_correct,pair_C_intersection,69,160,0.43125,0.3570112358013636,0.5087126160347185,False,False,P-U
42,template_ood,2,,F,both_wrong,pair_C_intersection,13,160,0.08125,0.048095814684807295,0.13404037377132832,False,False,P-U
42,template_ood,2,,F,all_success,pair_C_intersection,41,160,0.25625,0.19487420274668216,0.32905581739942663,False,False,P-U
42,template_ood,2,,F,both_correct,pair_C_intersection,1,157,0.006369426751592357,0.0011252464719862937,0.03519286991121673,False,False,P-G
42,template_ood,2,,F,only_left_correct,pair_C_intersection,75,157,0.47770700636942676,0.4010429920931341,0.5554358905822364,False,False,P-G
42,template_ood,2,,F,only_right_correct,pair_C_intersection,4,157,0.025477707006369428,0.009951391042220214,0.06367054019066526,False,False,P-G
42,template_ood,2,,F,both_wrong,pair_C_intersection,77,157,0.49044585987261147,0.41341636186471165,0.5679317307104471,False,False,P-G
42,template_ood,2,,F,all_success,pair_C_intersection,1,157,0.006369426751592357,0.0011252464719862937,0.03519286991121673,False,False,P-G
42,template_ood,2,,F,both_correct,pair_C_intersection,5,157,0.03184713375796178,0.013678386706999463,0.07237814947578017,False,False,U-G
42,template_ood,2,,F,only_left_correct,pair_C_intersection,102,157,0.6496815286624203,0.5722922575954212,0.7199209587270914,False,False,U-G
42,template_ood,2,,F,only_right_correct,pair_C_intersection,0,157,0.0,0,0.023883511433308864,False,False,U-G
42,template_ood,2,,F,both_wrong,pair_C_intersection,50,157,0.3184713375796178,0.25067748418983743,0.3949362747381791,False,False,U-G
42,template_ood,2,,F,all_success,pair_C_intersection,5,157,0.03184713375796178,0.013678386706999463,0.07237814947578017,False,False,U-G
42,template_ood,2,,F,all_success,triple_C_intersection,1,157,0.006369426751592357,0.0011252464719862937,0.03519286991121673,False,False,P-U-G
42,template_ood,0,,P,both_correct,C,0,160,0.0,0,0.02344619517150519,False,False,E-P
42,template_ood,0,,P,only_left_correct,C,159,160,0.99375,0.965451014037521,0.9988958682306179,False,False,E-P
42,template_ood,0,,P,only_right_correct,C,0,160,0.0,0,0.02344619517150519,False,False,E-P
42,template_ood,0,,P,both_wrong,C,1,160,0.00625,0.001104131769382205,0.03454898596247918,False,False,E-P
42,template_ood,0,,P,all_success,C,0,160,0.0,0,0.02344619517150519,False,False,E-P
42,template_ood,0,,P,both_correct,C_equal_mask,0,160,0.0,0,0.02344619517150519,False,False,E-P
42,template_ood,0,,P,only_left_correct,C_equal_mask,159,160,0.99375,0.965451014037521,0.9988958682306179,False,False,E-P
42,template_ood,0,,P,only_right_correct,C_equal_mask,0,160,0.0,0,0.02344619517150519,False,False,E-P
42,template_ood,0,,P,both_wrong,C_equal_mask,1,160,0.00625,0.001104131769382205,0.03454898596247918,False,False,E-P
42,template_ood,0,,P,all_success,C_equal_mask,0,160,0.0,0,0.02344619517150519,False,False,E-P
42,template_ood,0,,N,both_correct,C,0,160,0.0,0,0.02344619517150519,False,False,E-P
42,template_ood,0,,N,only_left_correct,C,160,160,1.0,0.9765538048284949,1,False,False,E-P
42,template_ood,0,,N,only_right_correct,C,0,160,0.0,0,0.02344619517150519,False,False,E-P
42,template_ood,0,,N,both_wrong,C,0,160,0.0,0,0.02344619517150519,False,False,E-P
42,template_ood,0,,N,all_success,C,0,160,0.0,0,0.02344619517150519,False,False,E-P
42,template_ood,0,,N,both_correct,C_equal_mask,0,160,0.0,0,0.02344619517150519,False,False,E-P
42,template_ood,0,,N,only_left_correct,C_equal_mask,160,160,1.0,0.9765538048284949,1,False,False,E-P
42,template_ood,0,,N,only_right_correct,C_equal_mask,0,160,0.0,0,0.02344619517150519,False,False,E-P
42,template_ood,0,,N,both_wrong,C_equal_mask,0,160,0.0,0,0.02344619517150519,False,False,E-P
42,template_ood,0,,N,all_success,C_equal_mask,0,160,0.0,0,0.02344619517150519,False,False,E-P
42,template_ood,0,,F,both_correct,C,126,160,0.7875,0.7177591208467695,0.8437593169296149,False,False,E-P
42,template_ood,0,,F,only_left_correct,C,1,160,0.00625,0.001104131769382205,0.03454898596247918,False,False,E-P
42,template_ood,0,,F,only_right_correct,C,6,160,0.0375,0.017297923166500122,0.07938980736714218,False,False,E-P
42,template_ood,0,,F,both_wrong,C,27,160,0.16875,0.11864429864933376,0.23438880565178846,False,False,E-P
42,template_ood,0,,F,all_success,C,126,160,0.7875,0.7177591208467695,0.8437593169296149,False,False,E-P
42,template_ood,0,,F,both_correct,C_equal_mask,126,160,0.7875,0.7177591208467695,0.8437593169296149,False,False,E-P
42,template_ood,0,,F,only_left_correct,C_equal_mask,1,160,0.00625,0.001104131769382205,0.03454898596247918,False,False,E-P
42,template_ood,0,,F,only_right_correct,C_equal_mask,6,160,0.0375,0.017297923166500122,0.07938980736714218,False,False,E-P
42,template_ood,0,,F,both_wrong,C_equal_mask,27,160,0.16875,0.11864429864933376,0.23438880565178846,False,False,E-P
42,template_ood,0,,F,all_success,C_equal_mask,126,160,0.7875,0.7177591208467695,0.8437593169296149,False,False,E-P
42,template_ood,0,,P,both_correct,C,0,160,0.0,0,0.02344619517150519,False,False,E-U
42,template_ood,0,,P,only_left_correct,C,159,160,0.99375,0.965451014037521,0.9988958682306179,False,False,E-U
42,template_ood,0,,P,only_right_correct,C,0,160,0.0,0,0.02344619517150519,False,False,E-U
42,template_ood,0,,P,both_wrong,C,1,160,0.00625,0.001104131769382205,0.03454898596247918,False,False,E-U
42,template_ood,0,,P,all_success,C,0,160,0.0,0,0.02344619517150519,False,False,E-U
42,template_ood,0,,P,both_correct,C_equal_mask,0,160,0.0,0,0.02344619517150519,False,False,E-U
42,template_ood,0,,P,only_left_correct,C_equal_mask,159,160,0.99375,0.965451014037521,0.9988958682306179,False,False,E-U
42,template_ood,0,,P,only_right_correct,C_equal_mask,0,160,0.0,0,0.02344619517150519,False,False,E-U
42,template_ood,0,,P,both_wrong,C_equal_mask,1,160,0.00625,0.001104131769382205,0.03454898596247918,False,False,E-U
42,template_ood,0,,P,all_success,C_equal_mask,0,160,0.0,0,0.02344619517150519,False,False,E-U
42,template_ood,0,,N,both_correct,C,0,160,0.0,0,0.02344619517150519,False,False,E-U
42,template_ood,0,,N,only_left_correct,C,160,160,1.0,0.9765538048284949,1,False,False,E-U
42,template_ood,0,,N,only_right_correct,C,0,160,0.0,0,0.02344619517150519,False,False,E-U
42,template_ood,0,,N,both_wrong,C,0,160,0.0,0,0.02344619517150519,False,False,E-U
42,template_ood,0,,N,all_success,C,0,160,0.0,0,0.02344619517150519,False,False,E-U
42,template_ood,0,,N,both_correct,C_equal_mask,0,160,0.0,0,0.02344619517150519,False,False,E-U
42,template_ood,0,,N,only_left_correct,C_equal_mask,160,160,1.0,0.9765538048284949,1,False,False,E-U
42,template_ood,0,,N,only_right_correct,C_equal_mask,0,160,0.0,0,0.02344619517150519,False,False,E-U
42,template_ood,0,,N,both_wrong,C_equal_mask,0,160,0.0,0,0.02344619517150519,False,False,E-U
42,template_ood,0,,N,all_success,C_equal_mask,0,160,0.0,0,0.02344619517150519,False,False,E-U
42,template_ood,0,,F,both_correct,C,110,160,0.6875,0.6119941011632154,0.7542135756474703,False,False,E-U
42,template_ood,0,,F,only_left_correct,C,17,160,0.10625,0.06740178358329141,0.16356209511426892,False,False,E-U
42,template_ood,0,,F,only_right_correct,C,0,160,0.0,0,0.02344619517150519,False,False,E-U
42,template_ood,0,,F,both_wrong,C,33,160,0.20625,0.15080086366994006,0.27547377599331924,False,False,E-U
42,template_ood,0,,F,all_success,C,110,160,0.6875,0.6119941011632154,0.7542135756474703,False,False,E-U
42,template_ood,0,,F,both_correct,C_equal_mask,110,160,0.6875,0.6119941011632154,0.7542135756474703,False,False,E-U
42,template_ood,0,,F,only_left_correct,C_equal_mask,17,160,0.10625,0.06740178358329141,0.16356209511426892,False,False,E-U
42,template_ood,0,,F,only_right_correct,C_equal_mask,0,160,0.0,0,0.02344619517150519,False,False,E-U
42,template_ood,0,,F,both_wrong,C_equal_mask,33,160,0.20625,0.15080086366994006,0.27547377599331924,False,False,E-U
42,template_ood,0,,F,all_success,C_equal_mask,110,160,0.6875,0.6119941011632154,0.7542135756474703,False,False,E-U
42,template_ood,0,,P,both_correct,C,0,160,0.0,0,0.02344619517150519,False,False,E-G
42,template_ood,0,,P,only_left_correct,C,159,160,0.99375,0.965451014037521,0.9988958682306179,False,False,E-G
42,template_ood,0,,P,only_right_correct,C,0,160,0.0,0,0.02344619517150519,False,False,E-G
42,template_ood,0,,P,both_wrong,C,1,160,0.00625,0.001104131769382205,0.03454898596247918,False,False,E-G
42,template_ood,0,,P,all_success,C,0,160,0.0,0,0.02344619517150519,False,False,E-G
42,template_ood,0,,P,both_correct,C_equal_mask,0,160,0.0,0,0.02344619517150519,False,False,E-G
42,template_ood,0,,P,only_left_correct,C_equal_mask,159,160,0.99375,0.965451014037521,0.9988958682306179,False,False,E-G
42,template_ood,0,,P,only_right_correct,C_equal_mask,0,160,0.0,0,0.02344619517150519,False,False,E-G
42,template_ood,0,,P,both_wrong,C_equal_mask,1,160,0.00625,0.001104131769382205,0.03454898596247918,False,False,E-G
42,template_ood,0,,P,all_success,C_equal_mask,0,160,0.0,0,0.02344619517150519,False,False,E-G
42,template_ood,0,,N,both_correct,C,0,160,0.0,0,0.02344619517150519,False,False,E-G
42,template_ood,0,,N,only_left_correct,C,160,160,1.0,0.9765538048284949,1,False,False,E-G
42,template_ood,0,,N,only_right_correct,C,0,160,0.0,0,0.02344619517150519,False,False,E-G
42,template_ood,0,,N,both_wrong,C,0,160,0.0,0,0.02344619517150519,False,False,E-G
42,template_ood,0,,N,all_success,C,0,160,0.0,0,0.02344619517150519,False,False,E-G
42,template_ood,0,,N,both_correct,C_equal_mask,0,160,0.0,0,0.02344619517150519,False,False,E-G
42,template_ood,0,,N,only_left_correct,C_equal_mask,160,160,1.0,0.9765538048284949,1,False,False,E-G
42,template_ood,0,,N,only_right_correct,C_equal_mask,0,160,0.0,0,0.02344619517150519,False,False,E-G
42,template_ood,0,,N,both_wrong,C_equal_mask,0,160,0.0,0,0.02344619517150519,False,False,E-G
42,template_ood,0,,N,all_success,C_equal_mask,0,160,0.0,0,0.02344619517150519,False,False,E-G
42,template_ood,0,,F,both_correct,C,125,160,0.78125,0.7110129877684279,0.8382985274476005,False,False,E-G
42,template_ood,0,,F,only_left_correct,C,2,160,0.0125,0.0034346711081265323,0.044425369184091026,False,False,E-G
42,template_ood,0,,F,only_right_correct,C,32,160,0.2,0.14538269154252415,0.268685025560379,False,False,E-G
42,template_ood,0,,F,both_wrong,C,1,160,0.00625,0.001104131769382205,0.03454898596247918,False,False,E-G
42,template_ood,0,,F,all_success,C,125,160,0.78125,0.7110129877684279,0.8382985274476005,False,False,E-G
42,template_ood,0,,F,both_correct,C_equal_mask,125,160,0.78125,0.7110129877684279,0.8382985274476005,False,False,E-G
42,template_ood,0,,F,only_left_correct,C_equal_mask,2,160,0.0125,0.0034346711081265323,0.044425369184091026,False,False,E-G
42,template_ood,0,,F,only_right_correct,C_equal_mask,32,160,0.2,0.14538269154252415,0.268685025560379,False,False,E-G
42,template_ood,0,,F,both_wrong,C_equal_mask,1,160,0.00625,0.001104131769382205,0.03454898596247918,False,False,E-G
42,template_ood,0,,F,all_success,C_equal_mask,125,160,0.78125,0.7110129877684279,0.8382985274476005,False,False,E-G
42,template_ood,0,,F,both_correct,pair_C_intersection,110,160,0.6875,0.6119941011632154,0.7542135756474703,False,False,P-U
42,template_ood,0,,F,only_left_correct,pair_C_intersection,22,160,0.1375,0.09258754865124484,0.19941094284809646,False,False,P-U
42,template_ood,0,,F,only_right_correct,pair_C_intersection,0,160,0.0,0,0.02344619517150519,False,False,P-U
42,template_ood,0,,F,both_wrong,pair_C_intersection,28,160,0.175,0.12394200193945988,0.24129802492201852,False,False,P-U
42,template_ood,0,,F,all_success,pair_C_intersection,110,160,0.6875,0.6119941011632154,0.7542135756474703,False,False,P-U
42,template_ood,0,,F,both_correct,pair_C_intersection,130,160,0.8125,0.7449603968476121,0.8653857311701972,False,False,P-G
42,template_ood,0,,F,only_left_correct,pair_C_intersection,2,160,0.0125,0.0034346711081265323,0.044425369184091026,False,False,P-G
42,template_ood,0,,F,only_right_correct,pair_C_intersection,27,160,0.16875,0.11864429864933376,0.23438880565178846,False,False,P-G
42,template_ood,0,,F,both_wrong,pair_C_intersection,1,160,0.00625,0.001104131769382205,0.03454898596247918,False,False,P-G
42,template_ood,0,,F,all_success,pair_C_intersection,130,160,0.8125,0.7449603968476121,0.8653857311701972,False,False,P-G
42,template_ood,0,,F,both_correct,pair_C_intersection,108,160,0.675,0.5990613789197846,0.7427324527701887,False,False,U-G
42,template_ood,0,,F,only_left_correct,pair_C_intersection,2,160,0.0125,0.0034346711081265323,0.044425369184091026,False,False,U-G
42,template_ood,0,,F,only_right_correct,pair_C_intersection,49,160,0.30625,0.24006762178434862,0.3815177788446098,False,False,U-G
42,template_ood,0,,F,both_wrong,pair_C_intersection,1,160,0.00625,0.001104131769382205,0.03454898596247918,False,False,U-G
42,template_ood,0,,F,all_success,pair_C_intersection,108,160,0.675,0.5990613789197846,0.7427324527701887,False,False,U-G
42,template_ood,0,,F,all_success,triple_C_intersection,108,160,0.675,0.5990613789197846,0.7427324527701887,False,False,P-U-G
42,template_ood,-1,,P,both_correct,C,158,159,0.9937106918238994,0.965239019933237,0.9988889185966789,False,False,E-P
42,template_ood,-1,,P,only_left_correct,C,1,159,0.006289308176100629,0.001111081403321116,0.03476098006676309,False,False,E-P
42,template_ood,-1,,P,only_right_correct,C,0,159,0.0,0,0.023590176902824132,False,False,E-P
42,template_ood,-1,,P,both_wrong,C,0,159,0.0,0,0.023590176902824132,False,False,E-P
42,template_ood,-1,,P,all_success,C,158,159,0.9937106918238994,0.965239019933237,0.9988889185966789,False,False,E-P
42,template_ood,-1,,P,both_correct,C_equal_mask,158,159,0.9937106918238994,0.965239019933237,0.9988889185966789,False,False,E-P
42,template_ood,-1,,P,only_left_correct,C_equal_mask,1,159,0.006289308176100629,0.001111081403321116,0.03476098006676309,False,False,E-P
42,template_ood,-1,,P,only_right_correct,C_equal_mask,0,159,0.0,0,0.023590176902824132,False,False,E-P
42,template_ood,-1,,P,both_wrong,C_equal_mask,0,159,0.0,0,0.023590176902824132,False,False,E-P
42,template_ood,-1,,P,all_success,C_equal_mask,158,159,0.9937106918238994,0.965239019933237,0.9988889185966789,False,False,E-P
42,template_ood,-1,,N,both_correct,C,158,159,0.9937106918238994,0.965239019933237,0.9988889185966789,False,False,E-P
42,template_ood,-1,,N,only_left_correct,C,1,159,0.006289308176100629,0.001111081403321116,0.03476098006676309,False,False,E-P
42,template_ood,-1,,N,only_right_correct,C,0,159,0.0,0,0.023590176902824132,False,False,E-P
42,template_ood,-1,,N,both_wrong,C,0,159,0.0,0,0.023590176902824132,False,False,E-P
42,template_ood,-1,,N,all_success,C,158,159,0.9937106918238994,0.965239019933237,0.9988889185966789,False,False,E-P
42,template_ood,-1,,N,both_correct,C_equal_mask,158,159,0.9937106918238994,0.965239019933237,0.9988889185966789,False,False,E-P
42,template_ood,-1,,N,only_left_correct,C_equal_mask,1,159,0.006289308176100629,0.001111081403321116,0.03476098006676309,False,False,E-P
42,template_ood,-1,,N,only_right_correct,C_equal_mask,0,159,0.0,0,0.023590176902824132,False,False,E-P
42,template_ood,-1,,N,both_wrong,C_equal_mask,0,159,0.0,0,0.023590176902824132,False,False,E-P
42,template_ood,-1,,N,all_success,C_equal_mask,158,159,0.9937106918238994,0.965239019933237,0.9988889185966789,False,False,E-P
42,template_ood,-1,,F,both_correct,C,124,159,0.779874213836478,0.7092928271285971,0.8372510361144764,False,False,E-P
42,template_ood,-1,,F,only_left_correct,C,35,159,0.22012578616352202,0.16274896388552368,0.2907071728714031,False,False,E-P
42,template_ood,-1,,F,only_right_correct,C,0,159,0.0,0,0.023590176902824132,False,False,E-P
42,template_ood,-1,,F,both_wrong,C,0,159,0.0,0,0.023590176902824132,False,False,E-P
42,template_ood,-1,,F,all_success,C,124,159,0.779874213836478,0.7092928271285971,0.8372510361144764,False,False,E-P
42,template_ood,-1,,F,both_correct,C_equal_mask,124,159,0.779874213836478,0.7092928271285971,0.8372510361144764,False,False,E-P
42,template_ood,-1,,F,only_left_correct,C_equal_mask,35,159,0.22012578616352202,0.16274896388552368,0.2907071728714031,False,False,E-P
42,template_ood,-1,,F,only_right_correct,C_equal_mask,0,159,0.0,0,0.023590176902824132,False,False,E-P
42,template_ood,-1,,F,both_wrong,C_equal_mask,0,159,0.0,0,0.023590176902824132,False,False,E-P
42,template_ood,-1,,F,all_success,C_equal_mask,124,159,0.779874213836478,0.7092928271285971,0.8372510361144764,False,False,E-P
42,template_ood,-1,,P,both_correct,C,130,131,0.9923664122137404,0.9580278484997883,0.9986512109543083,False,False,E-U
42,template_ood,-1,,P,only_left_correct,C,1,131,0.007633587786259542,0.0013487890456915057,0.04197215150021155,False,False,E-U
42,template_ood,-1,,P,only_right_correct,C,0,131,0.0,0,0.028488707065994576,False,False,E-U
42,template_ood,-1,,P,both_wrong,C,0,131,0.0,0,0.028488707065994576,False,False,E-U
42,template_ood,-1,,P,all_success,C,130,131,0.9923664122137404,0.9580278484997883,0.9986512109543083,False,False,E-U
42,template_ood,-1,,P,both_correct,C_equal_mask,130,131,0.9923664122137404,0.9580278484997883,0.9986512109543083,False,False,E-U
42,template_ood,-1,,P,only_left_correct,C_equal_mask,1,131,0.007633587786259542,0.0013487890456915057,0.04197215150021155,False,False,E-U
42,template_ood,-1,,P,only_right_correct,C_equal_mask,0,131,0.0,0,0.028488707065994576,False,False,E-U
42,template_ood,-1,,P,both_wrong,C_equal_mask,0,131,0.0,0,0.028488707065994576,False,False,E-U
42,template_ood,-1,,P,all_success,C_equal_mask,130,131,0.9923664122137404,0.9580278484997883,0.9986512109543083,False,False,E-U
42,template_ood,-1,,N,both_correct,C,131,131,1.0,0.9715112929340055,1,False,False,E-U
42,template_ood,-1,,N,only_left_correct,C,0,131,0.0,0,0.028488707065994576,False,False,E-U
42,template_ood,-1,,N,only_right_correct,C,0,131,0.0,0,0.028488707065994576,False,False,E-U
42,template_ood,-1,,N,both_wrong,C,0,131,0.0,0,0.028488707065994576,False,False,E-U
42,template_ood,-1,,N,all_success,C,131,131,1.0,0.9715112929340055,1,False,False,E-U
42,template_ood,-1,,N,both_correct,C_equal_mask,131,131,1.0,0.9715112929340055,1,False,False,E-U
42,template_ood,-1,,N,only_left_correct,C_equal_mask,0,131,0.0,0,0.028488707065994576,False,False,E-U
42,template_ood,-1,,N,only_right_correct,C_equal_mask,0,131,0.0,0,0.028488707065994576,False,False,E-U
42,template_ood,-1,,N,both_wrong,C_equal_mask,0,131,0.0,0,0.028488707065994576,False,False,E-U
42,template_ood,-1,,N,all_success,C_equal_mask,131,131,1.0,0.9715112929340055,1,False,False,E-U
42,template_ood,-1,,F,both_correct,C,130,131,0.9923664122137404,0.9580278484997883,0.9986512109543083,False,False,E-U
42,template_ood,-1,,F,only_left_correct,C,1,131,0.007633587786259542,0.0013487890456915057,0.04197215150021155,False,False,E-U
42,template_ood,-1,,F,only_right_correct,C,0,131,0.0,0,0.028488707065994576,False,False,E-U
42,template_ood,-1,,F,both_wrong,C,0,131,0.0,0,0.028488707065994576,False,False,E-U
42,template_ood,-1,,F,all_success,C,130,131,0.9923664122137404,0.9580278484997883,0.9986512109543083,False,False,E-U
42,template_ood,-1,,F,both_correct,C_equal_mask,130,131,0.9923664122137404,0.9580278484997883,0.9986512109543083,False,False,E-U
42,template_ood,-1,,F,only_left_correct,C_equal_mask,1,131,0.007633587786259542,0.0013487890456915057,0.04197215150021155,False,False,E-U
42,template_ood,-1,,F,only_right_correct,C_equal_mask,0,131,0.0,0,0.028488707065994576,False,False,E-U
42,template_ood,-1,,F,both_wrong,C_equal_mask,0,131,0.0,0,0.028488707065994576,False,False,E-U
42,template_ood,-1,,F,all_success,C_equal_mask,130,131,0.9923664122137404,0.9580278484997883,0.9986512109543083,False,False,E-U
42,template_ood,-1,,P,both_correct,C,120,120,1.0,0.9689808335812966,1,False,False,E-G
42,template_ood,-1,,P,only_left_correct,C,0,120,0.0,0,0.031019166418703486,False,False,E-G
42,template_ood,-1,,P,only_right_correct,C,0,120,0.0,0,0.031019166418703486,False,False,E-G
42,template_ood,-1,,P,both_wrong,C,0,120,0.0,0,0.031019166418703486,False,False,E-G
42,template_ood,-1,,P,all_success,C,120,120,1.0,0.9689808335812966,1,False,False,E-G
42,template_ood,-1,,P,both_correct,C_equal_mask,120,120,1.0,0.9689808335812966,1,False,False,E-G
42,template_ood,-1,,P,only_left_correct,C_equal_mask,0,120,0.0,0,0.031019166418703486,False,False,E-G
42,template_ood,-1,,P,only_right_correct,C_equal_mask,0,120,0.0,0,0.031019166418703486,False,False,E-G
42,template_ood,-1,,P,both_wrong,C_equal_mask,0,120,0.0,0,0.031019166418703486,False,False,E-G
42,template_ood,-1,,P,all_success,C_equal_mask,120,120,1.0,0.9689808335812966,1,False,False,E-G
42,template_ood,-1,,N,both_correct,C,120,120,1.0,0.9689808335812966,1,False,False,E-G
42,template_ood,-1,,N,only_left_correct,C,0,120,0.0,0,0.031019166418703486,False,False,E-G
42,template_ood,-1,,N,only_right_correct,C,0,120,0.0,0,0.031019166418703486,False,False,E-G
42,template_ood,-1,,N,both_wrong,C,0,120,0.0,0,0.031019166418703486,False,False,E-G
42,template_ood,-1,,N,all_success,C,120,120,1.0,0.9689808335812966,1,False,False,E-G
42,template_ood,-1,,N,both_correct,C_equal_mask,120,120,1.0,0.9689808335812966,1,False,False,E-G
42,template_ood,-1,,N,only_left_correct,C_equal_mask,0,120,0.0,0,0.031019166418703486,False,False,E-G
42,template_ood,-1,,N,only_right_correct,C_equal_mask,0,120,0.0,0,0.031019166418703486,False,False,E-G
42,template_ood,-1,,N,both_wrong,C_equal_mask,0,120,0.0,0,0.031019166418703486,False,False,E-G
42,template_ood,-1,,N,all_success,C_equal_mask,120,120,1.0,0.9689808335812966,1,False,False,E-G
42,template_ood,-1,,F,both_correct,C,120,120,1.0,0.9689808335812966,1,False,False,E-G
42,template_ood,-1,,F,only_left_correct,C,0,120,0.0,0,0.031019166418703486,False,False,E-G
42,template_ood,-1,,F,only_right_correct,C,0,120,0.0,0,0.031019166418703486,False,False,E-G
42,template_ood,-1,,F,both_wrong,C,0,120,0.0,0,0.031019166418703486,False,False,E-G
42,template_ood,-1,,F,all_success,C,120,120,1.0,0.9689808335812966,1,False,False,E-G
42,template_ood,-1,,F,both_correct,C_equal_mask,120,120,1.0,0.9689808335812966,1,False,False,E-G
42,template_ood,-1,,F,only_left_correct,C_equal_mask,0,120,0.0,0,0.031019166418703486,False,False,E-G
42,template_ood,-1,,F,only_right_correct,C_equal_mask,0,120,0.0,0,0.031019166418703486,False,False,E-G
42,template_ood,-1,,F,both_wrong,C_equal_mask,0,120,0.0,0,0.031019166418703486,False,False,E-G
42,template_ood,-1,,F,all_success,C_equal_mask,120,120,1.0,0.9689808335812966,1,False,False,E-G
42,template_ood,-1,,F,both_correct,pair_C_intersection,122,131,0.9312977099236641,0.8745837372655908,0.9634374543492382,False,False,P-U
42,template_ood,-1,,F,only_left_correct,pair_C_intersection,0,131,0.0,0,0.028488707065994576,False,False,P-U
42,template_ood,-1,,F,only_right_correct,pair_C_intersection,8,131,0.061068702290076333,0.031266223930545844,0.11588035097471655,False,False,P-U
42,template_ood,-1,,F,both_wrong,pair_C_intersection,1,131,0.007633587786259542,0.0013487890456915057,0.04197215150021155,False,False,P-U
42,template_ood,-1,,F,all_success,pair_C_intersection,122,131,0.9312977099236641,0.8745837372655908,0.9634374543492382,False,False,P-U
42,template_ood,-1,,F,both_correct,pair_C_intersection,120,120,1.0,0.9689808335812966,1,False,False,P-G
42,template_ood,-1,,F,only_left_correct,pair_C_intersection,0,120,0.0,0,0.031019166418703486,False,False,P-G
42,template_ood,-1,,F,only_right_correct,pair_C_intersection,0,120,0.0,0,0.031019166418703486,False,False,P-G
42,template_ood,-1,,F,both_wrong,pair_C_intersection,0,120,0.0,0,0.031019166418703486,False,False,P-G
42,template_ood,-1,,F,all_success,pair_C_intersection,120,120,1.0,0.9689808335812966,1,False,False,P-G
42,template_ood,-1,,F,both_correct,pair_C_intersection,120,120,1.0,0.9689808335812966,1,False,False,U-G
42,template_ood,-1,,F,only_left_correct,pair_C_intersection,0,120,0.0,0,0.031019166418703486,False,False,U-G
42,template_ood,-1,,F,only_right_correct,pair_C_intersection,0,120,0.0,0,0.031019166418703486,False,False,U-G
42,template_ood,-1,,F,both_wrong,pair_C_intersection,0,120,0.0,0,0.031019166418703486,False,False,U-G
42,template_ood,-1,,F,all_success,pair_C_intersection,120,120,1.0,0.9689808335812966,1,False,False,U-G
42,template_ood,-1,,F,all_success,triple_C_intersection,120,120,1.0,0.9689808335812966,1,False,False,P-U-G
42,template_ood,-2,,P,both_correct,C,0,160,0.0,0,0.02344619517150519,False,False,E-P
42,template_ood,-2,,P,only_left_correct,C,160,160,1.0,0.9765538048284949,1,False,False,E-P
42,template_ood,-2,,P,only_right_correct,C,0,160,0.0,0,0.02344619517150519,False,False,E-P
42,template_ood,-2,,P,both_wrong,C,0,160,0.0,0,0.02344619517150519,False,False,E-P
42,template_ood,-2,,P,all_success,C,0,160,0.0,0,0.02344619517150519,False,False,E-P
42,template_ood,-2,,P,both_correct,C_equal_mask,0,0,,,,True,True,E-P
42,template_ood,-2,,P,only_left_correct,C_equal_mask,0,0,,,,True,True,E-P
42,template_ood,-2,,P,only_right_correct,C_equal_mask,0,0,,,,True,True,E-P
42,template_ood,-2,,P,both_wrong,C_equal_mask,0,0,,,,True,True,E-P
42,template_ood,-2,,P,all_success,C_equal_mask,0,0,,,,True,True,E-P
42,template_ood,-2,,N,both_correct,C,0,160,0.0,0,0.02344619517150519,False,False,E-P
42,template_ood,-2,,N,only_left_correct,C,160,160,1.0,0.9765538048284949,1,False,False,E-P
42,template_ood,-2,,N,only_right_correct,C,0,160,0.0,0,0.02344619517150519,False,False,E-P
42,template_ood,-2,,N,both_wrong,C,0,160,0.0,0,0.02344619517150519,False,False,E-P
42,template_ood,-2,,N,all_success,C,0,160,0.0,0,0.02344619517150519,False,False,E-P
42,template_ood,-2,,N,both_correct,C_equal_mask,0,0,,,,True,True,E-P
42,template_ood,-2,,N,only_left_correct,C_equal_mask,0,0,,,,True,True,E-P
42,template_ood,-2,,N,only_right_correct,C_equal_mask,0,0,,,,True,True,E-P
42,template_ood,-2,,N,both_wrong,C_equal_mask,0,0,,,,True,True,E-P
42,template_ood,-2,,N,all_success,C_equal_mask,0,0,,,,True,True,E-P
42,template_ood,-2,,F,both_correct,C,0,160,0.0,0,0.02344619517150519,False,False,E-P
42,template_ood,-2,,F,only_left_correct,C,160,160,1.0,0.9765538048284949,1,False,False,E-P
42,template_ood,-2,,F,only_right_correct,C,0,160,0.0,0,0.02344619517150519,False,False,E-P
42,template_ood,-2,,F,both_wrong,C,0,160,0.0,0,0.02344619517150519,False,False,E-P
42,template_ood,-2,,F,all_success,C,0,160,0.0,0,0.02344619517150519,False,False,E-P
42,template_ood,-2,,F,both_correct,C_equal_mask,0,0,,,,True,True,E-P
42,template_ood,-2,,F,only_left_correct,C_equal_mask,0,0,,,,True,True,E-P
42,template_ood,-2,,F,only_right_correct,C_equal_mask,0,0,,,,True,True,E-P
42,template_ood,-2,,F,both_wrong,C_equal_mask,0,0,,,,True,True,E-P
42,template_ood,-2,,F,all_success,C_equal_mask,0,0,,,,True,True,E-P
42,template_ood,-2,,P,both_correct,C,34,160,0.2125,0.15624068307038502,0.2822408791532305,False,False,E-U
42,template_ood,-2,,P,only_left_correct,C,126,160,0.7875,0.7177591208467695,0.8437593169296149,False,False,E-U
42,template_ood,-2,,P,only_right_correct,C,0,160,0.0,0,0.02344619517150519,False,False,E-U
42,template_ood,-2,,P,both_wrong,C,0,160,0.0,0,0.02344619517150519,False,False,E-U
42,template_ood,-2,,P,all_success,C,34,160,0.2125,0.15624068307038502,0.2822408791532305,False,False,E-U
42,template_ood,-2,,P,both_correct,C_equal_mask,0,0,,,,True,True,E-U
42,template_ood,-2,,P,only_left_correct,C_equal_mask,0,0,,,,True,True,E-U
42,template_ood,-2,,P,only_right_correct,C_equal_mask,0,0,,,,True,True,E-U
42,template_ood,-2,,P,both_wrong,C_equal_mask,0,0,,,,True,True,E-U
42,template_ood,-2,,P,all_success,C_equal_mask,0,0,,,,True,True,E-U
42,template_ood,-2,,N,both_correct,C,0,160,0.0,0,0.02344619517150519,False,False,E-U
42,template_ood,-2,,N,only_left_correct,C,160,160,1.0,0.9765538048284949,1,False,False,E-U
42,template_ood,-2,,N,only_right_correct,C,0,160,0.0,0,0.02344619517150519,False,False,E-U
42,template_ood,-2,,N,both_wrong,C,0,160,0.0,0,0.02344619517150519,False,False,E-U
42,template_ood,-2,,N,all_success,C,0,160,0.0,0,0.02344619517150519,False,False,E-U
42,template_ood,-2,,N,both_correct,C_equal_mask,0,0,,,,True,True,E-U
42,template_ood,-2,,N,only_left_correct,C_equal_mask,0,0,,,,True,True,E-U
42,template_ood,-2,,N,only_right_correct,C_equal_mask,0,0,,,,True,True,E-U
42,template_ood,-2,,N,both_wrong,C_equal_mask,0,0,,,,True,True,E-U
42,template_ood,-2,,N,all_success,C_equal_mask,0,0,,,,True,True,E-U
42,template_ood,-2,,F,both_correct,C,0,160,0.0,0,0.02344619517150519,False,False,E-U
42,template_ood,-2,,F,only_left_correct,C,160,160,1.0,0.9765538048284949,1,False,False,E-U
42,template_ood,-2,,F,only_right_correct,C,0,160,0.0,0,0.02344619517150519,False,False,E-U
42,template_ood,-2,,F,both_wrong,C,0,160,0.0,0,0.02344619517150519,False,False,E-U
42,template_ood,-2,,F,all_success,C,0,160,0.0,0,0.02344619517150519,False,False,E-U
42,template_ood,-2,,F,both_correct,C_equal_mask,0,0,,,,True,True,E-U
42,template_ood,-2,,F,only_left_correct,C_equal_mask,0,0,,,,True,True,E-U
42,template_ood,-2,,F,only_right_correct,C_equal_mask,0,0,,,,True,True,E-U
42,template_ood,-2,,F,both_wrong,C_equal_mask,0,0,,,,True,True,E-U
42,template_ood,-2,,F,all_success,C_equal_mask,0,0,,,,True,True,E-U
42,template_ood,-2,,P,both_correct,C,0,160,0.0,0,0.02344619517150519,False,False,E-G
42,template_ood,-2,,P,only_left_correct,C,160,160,1.0,0.9765538048284949,1,False,False,E-G
42,template_ood,-2,,P,only_right_correct,C,0,160,0.0,0,0.02344619517150519,False,False,E-G
42,template_ood,-2,,P,both_wrong,C,0,160,0.0,0,0.02344619517150519,False,False,E-G
42,template_ood,-2,,P,all_success,C,0,160,0.0,0,0.02344619517150519,False,False,E-G
42,template_ood,-2,,P,both_correct,C_equal_mask,0,0,,,,True,True,E-G
42,template_ood,-2,,P,only_left_correct,C_equal_mask,0,0,,,,True,True,E-G
42,template_ood,-2,,P,only_right_correct,C_equal_mask,0,0,,,,True,True,E-G
42,template_ood,-2,,P,both_wrong,C_equal_mask,0,0,,,,True,True,E-G
42,template_ood,-2,,P,all_success,C_equal_mask,0,0,,,,True,True,E-G
42,template_ood,-2,,N,both_correct,C,0,160,0.0,0,0.02344619517150519,False,False,E-G
42,template_ood,-2,,N,only_left_correct,C,160,160,1.0,0.9765538048284949,1,False,False,E-G
42,template_ood,-2,,N,only_right_correct,C,0,160,0.0,0,0.02344619517150519,False,False,E-G
42,template_ood,-2,,N,both_wrong,C,0,160,0.0,0,0.02344619517150519,False,False,E-G
42,template_ood,-2,,N,all_success,C,0,160,0.0,0,0.02344619517150519,False,False,E-G
42,template_ood,-2,,N,both_correct,C_equal_mask,0,0,,,,True,True,E-G
42,template_ood,-2,,N,only_left_correct,C_equal_mask,0,0,,,,True,True,E-G
42,template_ood,-2,,N,only_right_correct,C_equal_mask,0,0,,,,True,True,E-G
42,template_ood,-2,,N,both_wrong,C_equal_mask,0,0,,,,True,True,E-G
42,template_ood,-2,,N,all_success,C_equal_mask,0,0,,,,True,True,E-G
42,template_ood,-2,,F,both_correct,C,0,160,0.0,0,0.02344619517150519,False,False,E-G
42,template_ood,-2,,F,only_left_correct,C,160,160,1.0,0.9765538048284949,1,False,False,E-G
42,template_ood,-2,,F,only_right_correct,C,0,160,0.0,0,0.02344619517150519,False,False,E-G
42,template_ood,-2,,F,both_wrong,C,0,160,0.0,0,0.02344619517150519,False,False,E-G
42,template_ood,-2,,F,all_success,C,0,160,0.0,0,0.02344619517150519,False,False,E-G
42,template_ood,-2,,F,both_correct,C_equal_mask,0,0,,,,True,True,E-G
42,template_ood,-2,,F,only_left_correct,C_equal_mask,0,0,,,,True,True,E-G
42,template_ood,-2,,F,only_right_correct,C_equal_mask,0,0,,,,True,True,E-G
42,template_ood,-2,,F,both_wrong,C_equal_mask,0,0,,,,True,True,E-G
42,template_ood,-2,,F,all_success,C_equal_mask,0,0,,,,True,True,E-G
42,template_ood,-2,,F,both_correct,pair_C_intersection,0,160,0.0,0,0.02344619517150519,False,False,P-U
42,template_ood,-2,,F,only_left_correct,pair_C_intersection,0,160,0.0,0,0.02344619517150519,False,False,P-U
42,template_ood,-2,,F,only_right_correct,pair_C_intersection,0,160,0.0,0,0.02344619517150519,False,False,P-U
42,template_ood,-2,,F,both_wrong,pair_C_intersection,160,160,1.0,0.9765538048284949,1,False,False,P-U
42,template_ood,-2,,F,all_success,pair_C_intersection,0,160,0.0,0,0.02344619517150519,False,False,P-U
42,template_ood,-2,,F,both_correct,pair_C_intersection,0,160,0.0,0,0.02344619517150519,False,False,P-G
42,template_ood,-2,,F,only_left_correct,pair_C_intersection,0,160,0.0,0,0.02344619517150519,False,False,P-G
42,template_ood,-2,,F,only_right_correct,pair_C_intersection,0,160,0.0,0,0.02344619517150519,False,False,P-G
42,template_ood,-2,,F,both_wrong,pair_C_intersection,160,160,1.0,0.9765538048284949,1,False,False,P-G
42,template_ood,-2,,F,all_success,pair_C_intersection,0,160,0.0,0,0.02344619517150519,False,False,P-G
42,template_ood,-2,,F,both_correct,pair_C_intersection,0,160,0.0,0,0.02344619517150519,False,False,U-G
42,template_ood,-2,,F,only_left_correct,pair_C_intersection,0,160,0.0,0,0.02344619517150519,False,False,U-G
42,template_ood,-2,,F,only_right_correct,pair_C_intersection,0,160,0.0,0,0.02344619517150519,False,False,U-G
42,template_ood,-2,,F,both_wrong,pair_C_intersection,160,160,1.0,0.9765538048284949,1,False,False,U-G
42,template_ood,-2,,F,all_success,pair_C_intersection,0,160,0.0,0,0.02344619517150519,False,False,U-G
42,template_ood,-2,,F,all_success,triple_C_intersection,0,160,0.0,0,0.02344619517150519,False,False,P-U-G
43,iid,2,,P,both_correct,C,0,160,0.0,0,0.02344619517150519,False,False,E-P
43,iid,2,,P,only_left_correct,C,160,160,1.0,0.9765538048284949,1,False,False,E-P
43,iid,2,,P,only_right_correct,C,0,160,0.0,0,0.02344619517150519,False,False,E-P
43,iid,2,,P,both_wrong,C,0,160,0.0,0,0.02344619517150519,False,False,E-P
43,iid,2,,P,all_success,C,0,160,0.0,0,0.02344619517150519,False,False,E-P
43,iid,2,,P,both_correct,C_equal_mask,0,160,0.0,0,0.02344619517150519,False,False,E-P
43,iid,2,,P,only_left_correct,C_equal_mask,160,160,1.0,0.9765538048284949,1,False,False,E-P
43,iid,2,,P,only_right_correct,C_equal_mask,0,160,0.0,0,0.02344619517150519,False,False,E-P
43,iid,2,,P,both_wrong,C_equal_mask,0,160,0.0,0,0.02344619517150519,False,False,E-P
43,iid,2,,P,all_success,C_equal_mask,0,160,0.0,0,0.02344619517150519,False,False,E-P
43,iid,2,,N,both_correct,C,0,160,0.0,0,0.02344619517150519,False,False,E-P
43,iid,2,,N,only_left_correct,C,160,160,1.0,0.9765538048284949,1,False,False,E-P
43,iid,2,,N,only_right_correct,C,0,160,0.0,0,0.02344619517150519,False,False,E-P
43,iid,2,,N,both_wrong,C,0,160,0.0,0,0.02344619517150519,False,False,E-P
43,iid,2,,N,all_success,C,0,160,0.0,0,0.02344619517150519,False,False,E-P
43,iid,2,,N,both_correct,C_equal_mask,0,160,0.0,0,0.02344619517150519,False,False,E-P
43,iid,2,,N,only_left_correct,C_equal_mask,160,160,1.0,0.9765538048284949,1,False,False,E-P
43,iid,2,,N,only_right_correct,C_equal_mask,0,160,0.0,0,0.02344619517150519,False,False,E-P
43,iid,2,,N,both_wrong,C_equal_mask,0,160,0.0,0,0.02344619517150519,False,False,E-P
43,iid,2,,N,all_success,C_equal_mask,0,160,0.0,0,0.02344619517150519,False,False,E-P
43,iid,2,,F,both_correct,C,0,160,0.0,0,0.02344619517150519,False,False,E-P
43,iid,2,,F,only_left_correct,C,160,160,1.0,0.9765538048284949,1,False,False,E-P
43,iid,2,,F,only_right_correct,C,0,160,0.0,0,0.02344619517150519,False,False,E-P
43,iid,2,,F,both_wrong,C,0,160,0.0,0,0.02344619517150519,False,False,E-P
43,iid,2,,F,all_success,C,0,160,0.0,0,0.02344619517150519,False,False,E-P
43,iid,2,,F,both_correct,C_equal_mask,0,160,0.0,0,0.02344619517150519,False,False,E-P
43,iid,2,,F,only_left_correct,C_equal_mask,160,160,1.0,0.9765538048284949,1,False,False,E-P
43,iid,2,,F,only_right_correct,C_equal_mask,0,160,0.0,0,0.02344619517150519,False,False,E-P
43,iid,2,,F,both_wrong,C_equal_mask,0,160,0.0,0,0.02344619517150519,False,False,E-P
43,iid,2,,F,all_success,C_equal_mask,0,160,0.0,0,0.02344619517150519,False,False,E-P
43,iid,2,,P,both_correct,C,0,160,0.0,0,0.02344619517150519,False,False,E-U
43,iid,2,,P,only_left_correct,C,160,160,1.0,0.9765538048284949,1,False,False,E-U
43,iid,2,,P,only_right_correct,C,0,160,0.0,0,0.02344619517150519,False,False,E-U
43,iid,2,,P,both_wrong,C,0,160,0.0,0,0.02344619517150519,False,False,E-U
43,iid,2,,P,all_success,C,0,160,0.0,0,0.02344619517150519,False,False,E-U
43,iid,2,,P,both_correct,C_equal_mask,0,160,0.0,0,0.02344619517150519,False,False,E-U
43,iid,2,,P,only_left_correct,C_equal_mask,160,160,1.0,0.9765538048284949,1,False,False,E-U
43,iid,2,,P,only_right_correct,C_equal_mask,0,160,0.0,0,0.02344619517150519,False,False,E-U
43,iid,2,,P,both_wrong,C_equal_mask,0,160,0.0,0,0.02344619517150519,False,False,E-U
43,iid,2,,P,all_success,C_equal_mask,0,160,0.0,0,0.02344619517150519,False,False,E-U
43,iid,2,,N,both_correct,C,0,160,0.0,0,0.02344619517150519,False,False,E-U
43,iid,2,,N,only_left_correct,C,160,160,1.0,0.9765538048284949,1,False,False,E-U
43,iid,2,,N,only_right_correct,C,0,160,0.0,0,0.02344619517150519,False,False,E-U
43,iid,2,,N,both_wrong,C,0,160,0.0,0,0.02344619517150519,False,False,E-U
43,iid,2,,N,all_success,C,0,160,0.0,0,0.02344619517150519,False,False,E-U
43,iid,2,,N,both_correct,C_equal_mask,0,160,0.0,0,0.02344619517150519,False,False,E-U
43,iid,2,,N,only_left_correct,C_equal_mask,160,160,1.0,0.9765538048284949,1,False,False,E-U
43,iid,2,,N,only_right_correct,C_equal_mask,0,160,0.0,0,0.02344619517150519,False,False,E-U
43,iid,2,,N,both_wrong,C_equal_mask,0,160,0.0,0,0.02344619517150519,False,False,E-U
43,iid,2,,N,all_success,C_equal_mask,0,160,0.0,0,0.02344619517150519,False,False,E-U
43,iid,2,,F,both_correct,C,0,160,0.0,0,0.02344619517150519,False,False,E-U
43,iid,2,,F,only_left_correct,C,160,160,1.0,0.9765538048284949,1,False,False,E-U
43,iid,2,,F,only_right_correct,C,0,160,0.0,0,0.02344619517150519,False,False,E-U
43,iid,2,,F,both_wrong,C,0,160,0.0,0,0.02344619517150519,False,False,E-U
43,iid,2,,F,all_success,C,0,160,0.0,0,0.02344619517150519,False,False,E-U
43,iid,2,,F,both_correct,C_equal_mask,0,160,0.0,0,0.02344619517150519,False,False,E-U
43,iid,2,,F,only_left_correct,C_equal_mask,160,160,1.0,0.9765538048284949,1,False,False,E-U
43,iid,2,,F,only_right_correct,C_equal_mask,0,160,0.0,0,0.02344619517150519,False,False,E-U
43,iid,2,,F,both_wrong,C_equal_mask,0,160,0.0,0,0.02344619517150519,False,False,E-U
43,iid,2,,F,all_success,C_equal_mask,0,160,0.0,0,0.02344619517150519,False,False,E-U
43,iid,2,,P,both_correct,C,0,160,0.0,0,0.02344619517150519,False,False,E-G
43,iid,2,,P,only_left_correct,C,160,160,1.0,0.9765538048284949,1,False,False,E-G
43,iid,2,,P,only_right_correct,C,0,160,0.0,0,0.02344619517150519,False,False,E-G
43,iid,2,,P,both_wrong,C,0,160,0.0,0,0.02344619517150519,False,False,E-G
43,iid,2,,P,all_success,C,0,160,0.0,0,0.02344619517150519,False,False,E-G
43,iid,2,,P,both_correct,C_equal_mask,0,160,0.0,0,0.02344619517150519,False,False,E-G
43,iid,2,,P,only_left_correct,C_equal_mask,160,160,1.0,0.9765538048284949,1,False,False,E-G
43,iid,2,,P,only_right_correct,C_equal_mask,0,160,0.0,0,0.02344619517150519,False,False,E-G
43,iid,2,,P,both_wrong,C_equal_mask,0,160,0.0,0,0.02344619517150519,False,False,E-G
43,iid,2,,P,all_success,C_equal_mask,0,160,0.0,0,0.02344619517150519,False,False,E-G
43,iid,2,,N,both_correct,C,0,160,0.0,0,0.02344619517150519,False,False,E-G
43,iid,2,,N,only_left_correct,C,160,160,1.0,0.9765538048284949,1,False,False,E-G
43,iid,2,,N,only_right_correct,C,0,160,0.0,0,0.02344619517150519,False,False,E-G
43,iid,2,,N,both_wrong,C,0,160,0.0,0,0.02344619517150519,False,False,E-G
43,iid,2,,N,all_success,C,0,160,0.0,0,0.02344619517150519,False,False,E-G
43,iid,2,,N,both_correct,C_equal_mask,0,160,0.0,0,0.02344619517150519,False,False,E-G
43,iid,2,,N,only_left_correct,C_equal_mask,160,160,1.0,0.9765538048284949,1,False,False,E-G
43,iid,2,,N,only_right_correct,C_equal_mask,0,160,0.0,0,0.02344619517150519,False,False,E-G
43,iid,2,,N,both_wrong,C_equal_mask,0,160,0.0,0,0.02344619517150519,False,False,E-G
43,iid,2,,N,all_success,C_equal_mask,0,160,0.0,0,0.02344619517150519,False,False,E-G
43,iid,2,,F,both_correct,C,0,160,0.0,0,0.02344619517150519,False,False,E-G
43,iid,2,,F,only_left_correct,C,160,160,1.0,0.9765538048284949,1,False,False,E-G
43,iid,2,,F,only_right_correct,C,0,160,0.0,0,0.02344619517150519,False,False,E-G
43,iid,2,,F,both_wrong,C,0,160,0.0,0,0.02344619517150519,False,False,E-G
43,iid,2,,F,all_success,C,0,160,0.0,0,0.02344619517150519,False,False,E-G
43,iid,2,,F,both_correct,C_equal_mask,0,160,0.0,0,0.02344619517150519,False,False,E-G
43,iid,2,,F,only_left_correct,C_equal_mask,160,160,1.0,0.9765538048284949,1,False,False,E-G
43,iid,2,,F,only_right_correct,C_equal_mask,0,160,0.0,0,0.02344619517150519,False,False,E-G
43,iid,2,,F,both_wrong,C_equal_mask,0,160,0.0,0,0.02344619517150519,False,False,E-G
43,iid,2,,F,all_success,C_equal_mask,0,160,0.0,0,0.02344619517150519,False,False,E-G
43,iid,2,,F,both_correct,pair_C_intersection,0,160,0.0,0,0.02344619517150519,False,False,P-U
43,iid,2,,F,only_left_correct,pair_C_intersection,0,160,0.0,0,0.02344619517150519,False,False,P-U
43,iid,2,,F,only_right_correct,pair_C_intersection,0,160,0.0,0,0.02344619517150519,False,False,P-U
43,iid,2,,F,both_wrong,pair_C_intersection,160,160,1.0,0.9765538048284949,1,False,False,P-U
43,iid,2,,F,all_success,pair_C_intersection,0,160,0.0,0,0.02344619517150519,False,False,P-U
43,iid,2,,F,both_correct,pair_C_intersection,0,160,0.0,0,0.02344619517150519,False,False,P-G
43,iid,2,,F,only_left_correct,pair_C_intersection,0,160,0.0,0,0.02344619517150519,False,False,P-G
43,iid,2,,F,only_right_correct,pair_C_intersection,0,160,0.0,0,0.02344619517150519,False,False,P-G
43,iid,2,,F,both_wrong,pair_C_intersection,160,160,1.0,0.9765538048284949,1,False,False,P-G
43,iid,2,,F,all_success,pair_C_intersection,0,160,0.0,0,0.02344619517150519,False,False,P-G
43,iid,2,,F,both_correct,pair_C_intersection,0,160,0.0,0,0.02344619517150519,False,False,U-G
43,iid,2,,F,only_left_correct,pair_C_intersection,0,160,0.0,0,0.02344619517150519,False,False,U-G
43,iid,2,,F,only_right_correct,pair_C_intersection,0,160,0.0,0,0.02344619517150519,False,False,U-G
43,iid,2,,F,both_wrong,pair_C_intersection,160,160,1.0,0.9765538048284949,1,False,False,U-G
43,iid,2,,F,all_success,pair_C_intersection,0,160,0.0,0,0.02344619517150519,False,False,U-G
43,iid,2,,F,all_success,triple_C_intersection,0,160,0.0,0,0.02344619517150519,False,False,P-U-G
43,iid,0,,P,both_correct,C,0,160,0.0,0,0.02344619517150519,False,False,E-P
43,iid,0,,P,only_left_correct,C,160,160,1.0,0.9765538048284949,1,False,False,E-P
43,iid,0,,P,only_right_correct,C,0,160,0.0,0,0.02344619517150519,False,False,E-P
43,iid,0,,P,both_wrong,C,0,160,0.0,0,0.02344619517150519,False,False,E-P
43,iid,0,,P,all_success,C,0,160,0.0,0,0.02344619517150519,False,False,E-P
43,iid,0,,P,both_correct,C_equal_mask,0,160,0.0,0,0.02344619517150519,False,False,E-P
43,iid,0,,P,only_left_correct,C_equal_mask,160,160,1.0,0.9765538048284949,1,False,False,E-P
43,iid,0,,P,only_right_correct,C_equal_mask,0,160,0.0,0,0.02344619517150519,False,False,E-P
43,iid,0,,P,both_wrong,C_equal_mask,0,160,0.0,0,0.02344619517150519,False,False,E-P
43,iid,0,,P,all_success,C_equal_mask,0,160,0.0,0,0.02344619517150519,False,False,E-P
43,iid,0,,N,both_correct,C,0,160,0.0,0,0.02344619517150519,False,False,E-P
43,iid,0,,N,only_left_correct,C,160,160,1.0,0.9765538048284949,1,False,False,E-P
43,iid,0,,N,only_right_correct,C,0,160,0.0,0,0.02344619517150519,False,False,E-P
43,iid,0,,N,both_wrong,C,0,160,0.0,0,0.02344619517150519,False,False,E-P
43,iid,0,,N,all_success,C,0,160,0.0,0,0.02344619517150519,False,False,E-P
43,iid,0,,N,both_correct,C_equal_mask,0,160,0.0,0,0.02344619517150519,False,False,E-P
43,iid,0,,N,only_left_correct,C_equal_mask,160,160,1.0,0.9765538048284949,1,False,False,E-P
43,iid,0,,N,only_right_correct,C_equal_mask,0,160,0.0,0,0.02344619517150519,False,False,E-P
43,iid,0,,N,both_wrong,C_equal_mask,0,160,0.0,0,0.02344619517150519,False,False,E-P
43,iid,0,,N,all_success,C_equal_mask,0,160,0.0,0,0.02344619517150519,False,False,E-P
43,iid,0,,F,both_correct,C,160,160,1.0,0.9765538048284949,1,False,False,E-P
43,iid,0,,F,only_left_correct,C,0,160,0.0,0,0.02344619517150519,False,False,E-P
43,iid,0,,F,only_right_correct,C,0,160,0.0,0,0.02344619517150519,False,False,E-P
43,iid,0,,F,both_wrong,C,0,160,0.0,0,0.02344619517150519,False,False,E-P
43,iid,0,,F,all_success,C,160,160,1.0,0.9765538048284949,1,False,False,E-P
43,iid,0,,F,both_correct,C_equal_mask,160,160,1.0,0.9765538048284949,1,False,False,E-P
43,iid,0,,F,only_left_correct,C_equal_mask,0,160,0.0,0,0.02344619517150519,False,False,E-P
43,iid,0,,F,only_right_correct,C_equal_mask,0,160,0.0,0,0.02344619517150519,False,False,E-P
43,iid,0,,F,both_wrong,C_equal_mask,0,160,0.0,0,0.02344619517150519,False,False,E-P
43,iid,0,,F,all_success,C_equal_mask,160,160,1.0,0.9765538048284949,1,False,False,E-P
43,iid,0,,P,both_correct,C,0,160,0.0,0,0.02344619517150519,False,False,E-U
43,iid,0,,P,only_left_correct,C,160,160,1.0,0.9765538048284949,1,False,False,E-U
43,iid,0,,P,only_right_correct,C,0,160,0.0,0,0.02344619517150519,False,False,E-U
43,iid,0,,P,both_wrong,C,0,160,0.0,0,0.02344619517150519,False,False,E-U
43,iid,0,,P,all_success,C,0,160,0.0,0,0.02344619517150519,False,False,E-U
43,iid,0,,P,both_correct,C_equal_mask,0,160,0.0,0,0.02344619517150519,False,False,E-U
43,iid,0,,P,only_left_correct,C_equal_mask,160,160,1.0,0.9765538048284949,1,False,False,E-U
43,iid,0,,P,only_right_correct,C_equal_mask,0,160,0.0,0,0.02344619517150519,False,False,E-U
43,iid,0,,P,both_wrong,C_equal_mask,0,160,0.0,0,0.02344619517150519,False,False,E-U
43,iid,0,,P,all_success,C_equal_mask,0,160,0.0,0,0.02344619517150519,False,False,E-U
43,iid,0,,N,both_correct,C,0,160,0.0,0,0.02344619517150519,False,False,E-U
43,iid,0,,N,only_left_correct,C,160,160,1.0,0.9765538048284949,1,False,False,E-U
43,iid,0,,N,only_right_correct,C,0,160,0.0,0,0.02344619517150519,False,False,E-U
43,iid,0,,N,both_wrong,C,0,160,0.0,0,0.02344619517150519,False,False,E-U
43,iid,0,,N,all_success,C,0,160,0.0,0,0.02344619517150519,False,False,E-U
43,iid,0,,N,both_correct,C_equal_mask,0,160,0.0,0,0.02344619517150519,False,False,E-U
43,iid,0,,N,only_left_correct,C_equal_mask,160,160,1.0,0.9765538048284949,1,False,False,E-U
43,iid,0,,N,only_right_correct,C_equal_mask,0,160,0.0,0,0.02344619517150519,False,False,E-U
43,iid,0,,N,both_wrong,C_equal_mask,0,160,0.0,0,0.02344619517150519,False,False,E-U
43,iid,0,,N,all_success,C_equal_mask,0,160,0.0,0,0.02344619517150519,False,False,E-U
43,iid,0,,F,both_correct,C,160,160,1.0,0.9765538048284949,1,False,False,E-U
43,iid,0,,F,only_left_correct,C,0,160,0.0,0,0.02344619517150519,False,False,E-U
43,iid,0,,F,only_right_correct,C,0,160,0.0,0,0.02344619517150519,False,False,E-U
43,iid,0,,F,both_wrong,C,0,160,0.0,0,0.02344619517150519,False,False,E-U
43,iid,0,,F,all_success,C,160,160,1.0,0.9765538048284949,1,False,False,E-U
43,iid,0,,F,both_correct,C_equal_mask,160,160,1.0,0.9765538048284949,1,False,False,E-U
43,iid,0,,F,only_left_correct,C_equal_mask,0,160,0.0,0,0.02344619517150519,False,False,E-U
43,iid,0,,F,only_right_correct,C_equal_mask,0,160,0.0,0,0.02344619517150519,False,False,E-U
43,iid,0,,F,both_wrong,C_equal_mask,0,160,0.0,0,0.02344619517150519,False,False,E-U
43,iid,0,,F,all_success,C_equal_mask,160,160,1.0,0.9765538048284949,1,False,False,E-U
43,iid,0,,P,both_correct,C,0,160,0.0,0,0.02344619517150519,False,False,E-G
43,iid,0,,P,only_left_correct,C,160,160,1.0,0.9765538048284949,1,False,False,E-G
43,iid,0,,P,only_right_correct,C,0,160,0.0,0,0.02344619517150519,False,False,E-G
43,iid,0,,P,both_wrong,C,0,160,0.0,0,0.02344619517150519,False,False,E-G
43,iid,0,,P,all_success,C,0,160,0.0,0,0.02344619517150519,False,False,E-G
43,iid,0,,P,both_correct,C_equal_mask,0,160,0.0,0,0.02344619517150519,False,False,E-G
43,iid,0,,P,only_left_correct,C_equal_mask,160,160,1.0,0.9765538048284949,1,False,False,E-G
43,iid,0,,P,only_right_correct,C_equal_mask,0,160,0.0,0,0.02344619517150519,False,False,E-G
43,iid,0,,P,both_wrong,C_equal_mask,0,160,0.0,0,0.02344619517150519,False,False,E-G
43,iid,0,,P,all_success,C_equal_mask,0,160,0.0,0,0.02344619517150519,False,False,E-G
43,iid,0,,N,both_correct,C,0,160,0.0,0,0.02344619517150519,False,False,E-G
43,iid,0,,N,only_left_correct,C,160,160,1.0,0.9765538048284949,1,False,False,E-G
43,iid,0,,N,only_right_correct,C,0,160,0.0,0,0.02344619517150519,False,False,E-G
43,iid,0,,N,both_wrong,C,0,160,0.0,0,0.02344619517150519,False,False,E-G
43,iid,0,,N,all_success,C,0,160,0.0,0,0.02344619517150519,False,False,E-G
43,iid,0,,N,both_correct,C_equal_mask,0,160,0.0,0,0.02344619517150519,False,False,E-G
43,iid,0,,N,only_left_correct,C_equal_mask,160,160,1.0,0.9765538048284949,1,False,False,E-G
43,iid,0,,N,only_right_correct,C_equal_mask,0,160,0.0,0,0.02344619517150519,False,False,E-G
43,iid,0,,N,both_wrong,C_equal_mask,0,160,0.0,0,0.02344619517150519,False,False,E-G
43,iid,0,,N,all_success,C_equal_mask,0,160,0.0,0,0.02344619517150519,False,False,E-G
43,iid,0,,F,both_correct,C,155,160,0.96875,0.9289397087143583,0.9865794833123556,False,False,E-G
43,iid,0,,F,only_left_correct,C,5,160,0.03125,0.013420516687644407,0.07106029128564172,False,False,E-G
43,iid,0,,F,only_right_correct,C,0,160,0.0,0,0.02344619517150519,False,False,E-G
43,iid,0,,F,both_wrong,C,0,160,0.0,0,0.02344619517150519,False,False,E-G
43,iid,0,,F,all_success,C,155,160,0.96875,0.9289397087143583,0.9865794833123556,False,False,E-G
43,iid,0,,F,both_correct,C_equal_mask,155,160,0.96875,0.9289397087143583,0.9865794833123556,False,False,E-G
43,iid,0,,F,only_left_correct,C_equal_mask,5,160,0.03125,0.013420516687644407,0.07106029128564172,False,False,E-G
43,iid,0,,F,only_right_correct,C_equal_mask,0,160,0.0,0,0.02344619517150519,False,False,E-G
43,iid,0,,F,both_wrong,C_equal_mask,0,160,0.0,0,0.02344619517150519,False,False,E-G
43,iid,0,,F,all_success,C_equal_mask,155,160,0.96875,0.9289397087143583,0.9865794833123556,False,False,E-G
43,iid,0,,F,both_correct,pair_C_intersection,160,160,1.0,0.9765538048284949,1,False,False,P-U
43,iid,0,,F,only_left_correct,pair_C_intersection,0,160,0.0,0,0.02344619517150519,False,False,P-U
43,iid,0,,F,only_right_correct,pair_C_intersection,0,160,0.0,0,0.02344619517150519,False,False,P-U
43,iid,0,,F,both_wrong,pair_C_intersection,0,160,0.0,0,0.02344619517150519,False,False,P-U
43,iid,0,,F,all_success,pair_C_intersection,160,160,1.0,0.9765538048284949,1,False,False,P-U
43,iid,0,,F,both_correct,pair_C_intersection,155,160,0.96875,0.9289397087143583,0.9865794833123556,False,False,P-G
43,iid,0,,F,only_left_correct,pair_C_intersection,5,160,0.03125,0.013420516687644407,0.07106029128564172,False,False,P-G
43,iid,0,,F,only_right_correct,pair_C_intersection,0,160,0.0,0,0.02344619517150519,False,False,P-G
43,iid,0,,F,both_wrong,pair_C_intersection,0,160,0.0,0,0.02344619517150519,False,False,P-G
43,iid,0,,F,all_success,pair_C_intersection,155,160,0.96875,0.9289397087143583,0.9865794833123556,False,False,P-G
43,iid,0,,F,both_correct,pair_C_intersection,155,160,0.96875,0.9289397087143583,0.9865794833123556,False,False,U-G
43,iid,0,,F,only_left_correct,pair_C_intersection,5,160,0.03125,0.013420516687644407,0.07106029128564172,False,False,U-G
43,iid,0,,F,only_right_correct,pair_C_intersection,0,160,0.0,0,0.02344619517150519,False,False,U-G
43,iid,0,,F,both_wrong,pair_C_intersection,0,160,0.0,0,0.02344619517150519,False,False,U-G
43,iid,0,,F,all_success,pair_C_intersection,155,160,0.96875,0.9289397087143583,0.9865794833123556,False,False,U-G
43,iid,0,,F,all_success,triple_C_intersection,155,160,0.96875,0.9289397087143583,0.9865794833123556,False,False,P-U-G
43,iid,-1,,P,both_correct,C,160,160,1.0,0.9765538048284949,1,False,False,E-P
43,iid,-1,,P,only_left_correct,C,0,160,0.0,0,0.02344619517150519,False,False,E-P
43,iid,-1,,P,only_right_correct,C,0,160,0.0,0,0.02344619517150519,False,False,E-P
43,iid,-1,,P,both_wrong,C,0,160,0.0,0,0.02344619517150519,False,False,E-P
43,iid,-1,,P,all_success,C,160,160,1.0,0.9765538048284949,1,False,False,E-P
43,iid,-1,,P,both_correct,C_equal_mask,160,160,1.0,0.9765538048284949,1,False,False,E-P
43,iid,-1,,P,only_left_correct,C_equal_mask,0,160,0.0,0,0.02344619517150519,False,False,E-P
43,iid,-1,,P,only_right_correct,C_equal_mask,0,160,0.0,0,0.02344619517150519,False,False,E-P
43,iid,-1,,P,both_wrong,C_equal_mask,0,160,0.0,0,0.02344619517150519,False,False,E-P
43,iid,-1,,P,all_success,C_equal_mask,160,160,1.0,0.9765538048284949,1,False,False,E-P
43,iid,-1,,N,both_correct,C,160,160,1.0,0.9765538048284949,1,False,False,E-P
43,iid,-1,,N,only_left_correct,C,0,160,0.0,0,0.02344619517150519,False,False,E-P
43,iid,-1,,N,only_right_correct,C,0,160,0.0,0,0.02344619517150519,False,False,E-P
43,iid,-1,,N,both_wrong,C,0,160,0.0,0,0.02344619517150519,False,False,E-P
43,iid,-1,,N,all_success,C,160,160,1.0,0.9765538048284949,1,False,False,E-P
43,iid,-1,,N,both_correct,C_equal_mask,160,160,1.0,0.9765538048284949,1,False,False,E-P
43,iid,-1,,N,only_left_correct,C_equal_mask,0,160,0.0,0,0.02344619517150519,False,False,E-P
43,iid,-1,,N,only_right_correct,C_equal_mask,0,160,0.0,0,0.02344619517150519,False,False,E-P
43,iid,-1,,N,both_wrong,C_equal_mask,0,160,0.0,0,0.02344619517150519,False,False,E-P
43,iid,-1,,N,all_success,C_equal_mask,160,160,1.0,0.9765538048284949,1,False,False,E-P
43,iid,-1,,F,both_correct,C,143,160,0.89375,0.8364379048857311,0.9325982164167086,False,False,E-P
43,iid,-1,,F,only_left_correct,C,17,160,0.10625,0.06740178358329141,0.16356209511426892,False,False,E-P
43,iid,-1,,F,only_right_correct,C,0,160,0.0,0,0.02344619517150519,False,False,E-P
43,iid,-1,,F,both_wrong,C,0,160,0.0,0,0.02344619517150519,False,False,E-P
43,iid,-1,,F,all_success,C,143,160,0.89375,0.8364379048857311,0.9325982164167086,False,False,E-P
43,iid,-1,,F,both_correct,C_equal_mask,143,160,0.89375,0.8364379048857311,0.9325982164167086,False,False,E-P
43,iid,-1,,F,only_left_correct,C_equal_mask,17,160,0.10625,0.06740178358329141,0.16356209511426892,False,False,E-P
43,iid,-1,,F,only_right_correct,C_equal_mask,0,160,0.0,0,0.02344619517150519,False,False,E-P
43,iid,-1,,F,both_wrong,C_equal_mask,0,160,0.0,0,0.02344619517150519,False,False,E-P
43,iid,-1,,F,all_success,C_equal_mask,143,160,0.89375,0.8364379048857311,0.9325982164167086,False,False,E-P
43,iid,-1,,P,both_correct,C,160,160,1.0,0.9765538048284949,1,False,False,E-U
43,iid,-1,,P,only_left_correct,C,0,160,0.0,0,0.02344619517150519,False,False,E-U
43,iid,-1,,P,only_right_correct,C,0,160,0.0,0,0.02344619517150519,False,False,E-U
43,iid,-1,,P,both_wrong,C,0,160,0.0,0,0.02344619517150519,False,False,E-U
43,iid,-1,,P,all_success,C,160,160,1.0,0.9765538048284949,1,False,False,E-U
43,iid,-1,,P,both_correct,C_equal_mask,160,160,1.0,0.9765538048284949,1,False,False,E-U
43,iid,-1,,P,only_left_correct,C_equal_mask,0,160,0.0,0,0.02344619517150519,False,False,E-U
43,iid,-1,,P,only_right_correct,C_equal_mask,0,160,0.0,0,0.02344619517150519,False,False,E-U
43,iid,-1,,P,both_wrong,C_equal_mask,0,160,0.0,0,0.02344619517150519,False,False,E-U
43,iid,-1,,P,all_success,C_equal_mask,160,160,1.0,0.9765538048284949,1,False,False,E-U
43,iid,-1,,N,both_correct,C,160,160,1.0,0.9765538048284949,1,False,False,E-U
43,iid,-1,,N,only_left_correct,C,0,160,0.0,0,0.02344619517150519,False,False,E-U
43,iid,-1,,N,only_right_correct,C,0,160,0.0,0,0.02344619517150519,False,False,E-U
43,iid,-1,,N,both_wrong,C,0,160,0.0,0,0.02344619517150519,False,False,E-U
43,iid,-1,,N,all_success,C,160,160,1.0,0.9765538048284949,1,False,False,E-U
43,iid,-1,,N,both_correct,C_equal_mask,160,160,1.0,0.9765538048284949,1,False,False,E-U
43,iid,-1,,N,only_left_correct,C_equal_mask,0,160,0.0,0,0.02344619517150519,False,False,E-U
43,iid,-1,,N,only_right_correct,C_equal_mask,0,160,0.0,0,0.02344619517150519,False,False,E-U
43,iid,-1,,N,both_wrong,C_equal_mask,0,160,0.0,0,0.02344619517150519,False,False,E-U
43,iid,-1,,N,all_success,C_equal_mask,160,160,1.0,0.9765538048284949,1,False,False,E-U
43,iid,-1,,F,both_correct,C,160,160,1.0,0.9765538048284949,1,False,False,E-U
43,iid,-1,,F,only_left_correct,C,0,160,0.0,0,0.02344619517150519,False,False,E-U
43,iid,-1,,F,only_right_correct,C,0,160,0.0,0,0.02344619517150519,False,False,E-U
43,iid,-1,,F,both_wrong,C,0,160,0.0,0,0.02344619517150519,False,False,E-U
43,iid,-1,,F,all_success,C,160,160,1.0,0.9765538048284949,1,False,False,E-U
43,iid,-1,,F,both_correct,C_equal_mask,160,160,1.0,0.9765538048284949,1,False,False,E-U
43,iid,-1,,F,only_left_correct,C_equal_mask,0,160,0.0,0,0.02344619517150519,False,False,E-U
43,iid,-1,,F,only_right_correct,C_equal_mask,0,160,0.0,0,0.02344619517150519,False,False,E-U
43,iid,-1,,F,both_wrong,C_equal_mask,0,160,0.0,0,0.02344619517150519,False,False,E-U
43,iid,-1,,F,all_success,C_equal_mask,160,160,1.0,0.9765538048284949,1,False,False,E-U
43,iid,-1,,P,both_correct,C,160,160,1.0,0.9765538048284949,1,False,False,E-G
43,iid,-1,,P,only_left_correct,C,0,160,0.0,0,0.02344619517150519,False,False,E-G
43,iid,-1,,P,only_right_correct,C,0,160,0.0,0,0.02344619517150519,False,False,E-G
43,iid,-1,,P,both_wrong,C,0,160,0.0,0,0.02344619517150519,False,False,E-G
43,iid,-1,,P,all_success,C,160,160,1.0,0.9765538048284949,1,False,False,E-G
43,iid,-1,,P,both_correct,C_equal_mask,160,160,1.0,0.9765538048284949,1,False,False,E-G
43,iid,-1,,P,only_left_correct,C_equal_mask,0,160,0.0,0,0.02344619517150519,False,False,E-G
43,iid,-1,,P,only_right_correct,C_equal_mask,0,160,0.0,0,0.02344619517150519,False,False,E-G
43,iid,-1,,P,both_wrong,C_equal_mask,0,160,0.0,0,0.02344619517150519,False,False,E-G
43,iid,-1,,P,all_success,C_equal_mask,160,160,1.0,0.9765538048284949,1,False,False,E-G
43,iid,-1,,N,both_correct,C,160,160,1.0,0.9765538048284949,1,False,False,E-G
43,iid,-1,,N,only_left_correct,C,0,160,0.0,0,0.02344619517150519,False,False,E-G
43,iid,-1,,N,only_right_correct,C,0,160,0.0,0,0.02344619517150519,False,False,E-G
43,iid,-1,,N,both_wrong,C,0,160,0.0,0,0.02344619517150519,False,False,E-G
43,iid,-1,,N,all_success,C,160,160,1.0,0.9765538048284949,1,False,False,E-G
43,iid,-1,,N,both_correct,C_equal_mask,160,160,1.0,0.9765538048284949,1,False,False,E-G
43,iid,-1,,N,only_left_correct,C_equal_mask,0,160,0.0,0,0.02344619517150519,False,False,E-G
43,iid,-1,,N,only_right_correct,C_equal_mask,0,160,0.0,0,0.02344619517150519,False,False,E-G
43,iid,-1,,N,both_wrong,C_equal_mask,0,160,0.0,0,0.02344619517150519,False,False,E-G
43,iid,-1,,N,all_success,C_equal_mask,160,160,1.0,0.9765538048284949,1,False,False,E-G
43,iid,-1,,F,both_correct,C,160,160,1.0,0.9765538048284949,1,False,False,E-G
43,iid,-1,,F,only_left_correct,C,0,160,0.0,0,0.02344619517150519,False,False,E-G
43,iid,-1,,F,only_right_correct,C,0,160,0.0,0,0.02344619517150519,False,False,E-G
43,iid,-1,,F,both_wrong,C,0,160,0.0,0,0.02344619517150519,False,False,E-G
43,iid,-1,,F,all_success,C,160,160,1.0,0.9765538048284949,1,False,False,E-G
43,iid,-1,,F,both_correct,C_equal_mask,160,160,1.0,0.9765538048284949,1,False,False,E-G
43,iid,-1,,F,only_left_correct,C_equal_mask,0,160,0.0,0,0.02344619517150519,False,False,E-G
43,iid,-1,,F,only_right_correct,C_equal_mask,0,160,0.0,0,0.02344619517150519,False,False,E-G
43,iid,-1,,F,both_wrong,C_equal_mask,0,160,0.0,0,0.02344619517150519,False,False,E-G
43,iid,-1,,F,all_success,C_equal_mask,160,160,1.0,0.9765538048284949,1,False,False,E-G
43,iid,-1,,F,both_correct,pair_C_intersection,143,160,0.89375,0.8364379048857311,0.9325982164167086,False,False,P-U
43,iid,-1,,F,only_left_correct,pair_C_intersection,0,160,0.0,0,0.02344619517150519,False,False,P-U
43,iid,-1,,F,only_right_correct,pair_C_intersection,17,160,0.10625,0.06740178358329141,0.16356209511426892,False,False,P-U
43,iid,-1,,F,both_wrong,pair_C_intersection,0,160,0.0,0,0.02344619517150519,False,False,P-U
43,iid,-1,,F,all_success,pair_C_intersection,143,160,0.89375,0.8364379048857311,0.9325982164167086,False,False,P-U
43,iid,-1,,F,both_correct,pair_C_intersection,143,160,0.89375,0.8364379048857311,0.9325982164167086,False,False,P-G
43,iid,-1,,F,only_left_correct,pair_C_intersection,0,160,0.0,0,0.02344619517150519,False,False,P-G
43,iid,-1,,F,only_right_correct,pair_C_intersection,17,160,0.10625,0.06740178358329141,0.16356209511426892,False,False,P-G
43,iid,-1,,F,both_wrong,pair_C_intersection,0,160,0.0,0,0.02344619517150519,False,False,P-G
43,iid,-1,,F,all_success,pair_C_intersection,143,160,0.89375,0.8364379048857311,0.9325982164167086,False,False,P-G
43,iid,-1,,F,both_correct,pair_C_intersection,160,160,1.0,0.9765538048284949,1,False,False,U-G
43,iid,-1,,F,only_left_correct,pair_C_intersection,0,160,0.0,0,0.02344619517150519,False,False,U-G
43,iid,-1,,F,only_right_correct,pair_C_intersection,0,160,0.0,0,0.02344619517150519,False,False,U-G
43,iid,-1,,F,both_wrong,pair_C_intersection,0,160,0.0,0,0.02344619517150519,False,False,U-G
43,iid,-1,,F,all_success,pair_C_intersection,160,160,1.0,0.9765538048284949,1,False,False,U-G
43,iid,-1,,F,all_success,triple_C_intersection,143,160,0.89375,0.8364379048857311,0.9325982164167086,False,False,P-U-G
43,iid,-2,,P,both_correct,C,0,160,0.0,0,0.02344619517150519,False,False,E-P
43,iid,-2,,P,only_left_correct,C,160,160,1.0,0.9765538048284949,1,False,False,E-P
43,iid,-2,,P,only_right_correct,C,0,160,0.0,0,0.02344619517150519,False,False,E-P
43,iid,-2,,P,both_wrong,C,0,160,0.0,0,0.02344619517150519,False,False,E-P
43,iid,-2,,P,all_success,C,0,160,0.0,0,0.02344619517150519,False,False,E-P
43,iid,-2,,P,both_correct,C_equal_mask,0,0,,,,True,True,E-P
43,iid,-2,,P,only_left_correct,C_equal_mask,0,0,,,,True,True,E-P
43,iid,-2,,P,only_right_correct,C_equal_mask,0,0,,,,True,True,E-P
43,iid,-2,,P,both_wrong,C_equal_mask,0,0,,,,True,True,E-P
43,iid,-2,,P,all_success,C_equal_mask,0,0,,,,True,True,E-P
43,iid,-2,,N,both_correct,C,0,160,0.0,0,0.02344619517150519,False,False,E-P
43,iid,-2,,N,only_left_correct,C,160,160,1.0,0.9765538048284949,1,False,False,E-P
43,iid,-2,,N,only_right_correct,C,0,160,0.0,0,0.02344619517150519,False,False,E-P
43,iid,-2,,N,both_wrong,C,0,160,0.0,0,0.02344619517150519,False,False,E-P
43,iid,-2,,N,all_success,C,0,160,0.0,0,0.02344619517150519,False,False,E-P
43,iid,-2,,N,both_correct,C_equal_mask,0,0,,,,True,True,E-P
43,iid,-2,,N,only_left_correct,C_equal_mask,0,0,,,,True,True,E-P
43,iid,-2,,N,only_right_correct,C_equal_mask,0,0,,,,True,True,E-P
43,iid,-2,,N,both_wrong,C_equal_mask,0,0,,,,True,True,E-P
43,iid,-2,,N,all_success,C_equal_mask,0,0,,,,True,True,E-P
43,iid,-2,,F,both_correct,C,0,160,0.0,0,0.02344619517150519,False,False,E-P
43,iid,-2,,F,only_left_correct,C,160,160,1.0,0.9765538048284949,1,False,False,E-P
43,iid,-2,,F,only_right_correct,C,0,160,0.0,0,0.02344619517150519,False,False,E-P
43,iid,-2,,F,both_wrong,C,0,160,0.0,0,0.02344619517150519,False,False,E-P
43,iid,-2,,F,all_success,C,0,160,0.0,0,0.02344619517150519,False,False,E-P
43,iid,-2,,F,both_correct,C_equal_mask,0,0,,,,True,True,E-P
43,iid,-2,,F,only_left_correct,C_equal_mask,0,0,,,,True,True,E-P
43,iid,-2,,F,only_right_correct,C_equal_mask,0,0,,,,True,True,E-P
43,iid,-2,,F,both_wrong,C_equal_mask,0,0,,,,True,True,E-P
43,iid,-2,,F,all_success,C_equal_mask,0,0,,,,True,True,E-P
43,iid,-2,,P,both_correct,C,0,160,0.0,0,0.02344619517150519,False,False,E-U
43,iid,-2,,P,only_left_correct,C,160,160,1.0,0.9765538048284949,1,False,False,E-U
43,iid,-2,,P,only_right_correct,C,0,160,0.0,0,0.02344619517150519,False,False,E-U
43,iid,-2,,P,both_wrong,C,0,160,0.0,0,0.02344619517150519,False,False,E-U
43,iid,-2,,P,all_success,C,0,160,0.0,0,0.02344619517150519,False,False,E-U
43,iid,-2,,P,both_correct,C_equal_mask,0,0,,,,True,True,E-U
43,iid,-2,,P,only_left_correct,C_equal_mask,0,0,,,,True,True,E-U
43,iid,-2,,P,only_right_correct,C_equal_mask,0,0,,,,True,True,E-U
43,iid,-2,,P,both_wrong,C_equal_mask,0,0,,,,True,True,E-U
43,iid,-2,,P,all_success,C_equal_mask,0,0,,,,True,True,E-U
43,iid,-2,,N,both_correct,C,0,160,0.0,0,0.02344619517150519,False,False,E-U
43,iid,-2,,N,only_left_correct,C,160,160,1.0,0.9765538048284949,1,False,False,E-U
43,iid,-2,,N,only_right_correct,C,0,160,0.0,0,0.02344619517150519,False,False,E-U
43,iid,-2,,N,both_wrong,C,0,160,0.0,0,0.02344619517150519,False,False,E-U
43,iid,-2,,N,all_success,C,0,160,0.0,0,0.02344619517150519,False,False,E-U
43,iid,-2,,N,both_correct,C_equal_mask,0,0,,,,True,True,E-U
43,iid,-2,,N,only_left_correct,C_equal_mask,0,0,,,,True,True,E-U
43,iid,-2,,N,only_right_correct,C_equal_mask,0,0,,,,True,True,E-U
43,iid,-2,,N,both_wrong,C_equal_mask,0,0,,,,True,True,E-U
43,iid,-2,,N,all_success,C_equal_mask,0,0,,,,True,True,E-U
43,iid,-2,,F,both_correct,C,0,160,0.0,0,0.02344619517150519,False,False,E-U
43,iid,-2,,F,only_left_correct,C,160,160,1.0,0.9765538048284949,1,False,False,E-U
43,iid,-2,,F,only_right_correct,C,0,160,0.0,0,0.02344619517150519,False,False,E-U
43,iid,-2,,F,both_wrong,C,0,160,0.0,0,0.02344619517150519,False,False,E-U
43,iid,-2,,F,all_success,C,0,160,0.0,0,0.02344619517150519,False,False,E-U
43,iid,-2,,F,both_correct,C_equal_mask,0,0,,,,True,True,E-U
43,iid,-2,,F,only_left_correct,C_equal_mask,0,0,,,,True,True,E-U
43,iid,-2,,F,only_right_correct,C_equal_mask,0,0,,,,True,True,E-U
43,iid,-2,,F,both_wrong,C_equal_mask,0,0,,,,True,True,E-U
43,iid,-2,,F,all_success,C_equal_mask,0,0,,,,True,True,E-U
43,iid,-2,,P,both_correct,C,0,160,0.0,0,0.02344619517150519,False,False,E-G
43,iid,-2,,P,only_left_correct,C,160,160,1.0,0.9765538048284949,1,False,False,E-G
43,iid,-2,,P,only_right_correct,C,0,160,0.0,0,0.02344619517150519,False,False,E-G
43,iid,-2,,P,both_wrong,C,0,160,0.0,0,0.02344619517150519,False,False,E-G
43,iid,-2,,P,all_success,C,0,160,0.0,0,0.02344619517150519,False,False,E-G
43,iid,-2,,P,both_correct,C_equal_mask,0,0,,,,True,True,E-G
43,iid,-2,,P,only_left_correct,C_equal_mask,0,0,,,,True,True,E-G
43,iid,-2,,P,only_right_correct,C_equal_mask,0,0,,,,True,True,E-G
43,iid,-2,,P,both_wrong,C_equal_mask,0,0,,,,True,True,E-G
43,iid,-2,,P,all_success,C_equal_mask,0,0,,,,True,True,E-G
43,iid,-2,,N,both_correct,C,0,160,0.0,0,0.02344619517150519,False,False,E-G
43,iid,-2,,N,only_left_correct,C,160,160,1.0,0.9765538048284949,1,False,False,E-G
43,iid,-2,,N,only_right_correct,C,0,160,0.0,0,0.02344619517150519,False,False,E-G
43,iid,-2,,N,both_wrong,C,0,160,0.0,0,0.02344619517150519,False,False,E-G
43,iid,-2,,N,all_success,C,0,160,0.0,0,0.02344619517150519,False,False,E-G
43,iid,-2,,N,both_correct,C_equal_mask,0,0,,,,True,True,E-G
43,iid,-2,,N,only_left_correct,C_equal_mask,0,0,,,,True,True,E-G
43,iid,-2,,N,only_right_correct,C_equal_mask,0,0,,,,True,True,E-G
43,iid,-2,,N,both_wrong,C_equal_mask,0,0,,,,True,True,E-G
43,iid,-2,,N,all_success,C_equal_mask,0,0,,,,True,True,E-G
43,iid,-2,,F,both_correct,C,0,160,0.0,0,0.02344619517150519,False,False,E-G
43,iid,-2,,F,only_left_correct,C,160,160,1.0,0.9765538048284949,1,False,False,E-G
43,iid,-2,,F,only_right_correct,C,0,160,0.0,0,0.02344619517150519,False,False,E-G
43,iid,-2,,F,both_wrong,C,0,160,0.0,0,0.02344619517150519,False,False,E-G
43,iid,-2,,F,all_success,C,0,160,0.0,0,0.02344619517150519,False,False,E-G
43,iid,-2,,F,both_correct,C_equal_mask,0,0,,,,True,True,E-G
43,iid,-2,,F,only_left_correct,C_equal_mask,0,0,,,,True,True,E-G
43,iid,-2,,F,only_right_correct,C_equal_mask,0,0,,,,True,True,E-G
43,iid,-2,,F,both_wrong,C_equal_mask,0,0,,,,True,True,E-G
43,iid,-2,,F,all_success,C_equal_mask,0,0,,,,True,True,E-G
43,iid,-2,,F,both_correct,pair_C_intersection,0,160,0.0,0,0.02344619517150519,False,False,P-U
43,iid,-2,,F,only_left_correct,pair_C_intersection,0,160,0.0,0,0.02344619517150519,False,False,P-U
43,iid,-2,,F,only_right_correct,pair_C_intersection,0,160,0.0,0,0.02344619517150519,False,False,P-U
43,iid,-2,,F,both_wrong,pair_C_intersection,160,160,1.0,0.9765538048284949,1,False,False,P-U
43,iid,-2,,F,all_success,pair_C_intersection,0,160,0.0,0,0.02344619517150519,False,False,P-U
43,iid,-2,,F,both_correct,pair_C_intersection,0,160,0.0,0,0.02344619517150519,False,False,P-G
43,iid,-2,,F,only_left_correct,pair_C_intersection,0,160,0.0,0,0.02344619517150519,False,False,P-G
43,iid,-2,,F,only_right_correct,pair_C_intersection,0,160,0.0,0,0.02344619517150519,False,False,P-G
43,iid,-2,,F,both_wrong,pair_C_intersection,160,160,1.0,0.9765538048284949,1,False,False,P-G
43,iid,-2,,F,all_success,pair_C_intersection,0,160,0.0,0,0.02344619517150519,False,False,P-G
43,iid,-2,,F,both_correct,pair_C_intersection,0,160,0.0,0,0.02344619517150519,False,False,U-G
43,iid,-2,,F,only_left_correct,pair_C_intersection,0,160,0.0,0,0.02344619517150519,False,False,U-G
43,iid,-2,,F,only_right_correct,pair_C_intersection,0,160,0.0,0,0.02344619517150519,False,False,U-G
43,iid,-2,,F,both_wrong,pair_C_intersection,160,160,1.0,0.9765538048284949,1,False,False,U-G
43,iid,-2,,F,all_success,pair_C_intersection,0,160,0.0,0,0.02344619517150519,False,False,U-G
43,iid,-2,,F,all_success,triple_C_intersection,0,160,0.0,0,0.02344619517150519,False,False,P-U-G
43,template_ood,2,,P,both_correct,C,0,160,0.0,0,0.02344619517150519,False,False,E-P
43,template_ood,2,,P,only_left_correct,C,160,160,1.0,0.9765538048284949,1,False,False,E-P
43,template_ood,2,,P,only_right_correct,C,0,160,0.0,0,0.02344619517150519,False,False,E-P
43,template_ood,2,,P,both_wrong,C,0,160,0.0,0,0.02344619517150519,False,False,E-P
43,template_ood,2,,P,all_success,C,0,160,0.0,0,0.02344619517150519,False,False,E-P
43,template_ood,2,,P,both_correct,C_equal_mask,0,160,0.0,0,0.02344619517150519,False,False,E-P
43,template_ood,2,,P,only_left_correct,C_equal_mask,160,160,1.0,0.9765538048284949,1,False,False,E-P
43,template_ood,2,,P,only_right_correct,C_equal_mask,0,160,0.0,0,0.02344619517150519,False,False,E-P
43,template_ood,2,,P,both_wrong,C_equal_mask,0,160,0.0,0,0.02344619517150519,False,False,E-P
43,template_ood,2,,P,all_success,C_equal_mask,0,160,0.0,0,0.02344619517150519,False,False,E-P
43,template_ood,2,,N,both_correct,C,0,160,0.0,0,0.02344619517150519,False,False,E-P
43,template_ood,2,,N,only_left_correct,C,160,160,1.0,0.9765538048284949,1,False,False,E-P
43,template_ood,2,,N,only_right_correct,C,0,160,0.0,0,0.02344619517150519,False,False,E-P
43,template_ood,2,,N,both_wrong,C,0,160,0.0,0,0.02344619517150519,False,False,E-P
43,template_ood,2,,N,all_success,C,0,160,0.0,0,0.02344619517150519,False,False,E-P
43,template_ood,2,,N,both_correct,C_equal_mask,0,160,0.0,0,0.02344619517150519,False,False,E-P
43,template_ood,2,,N,only_left_correct,C_equal_mask,160,160,1.0,0.9765538048284949,1,False,False,E-P
43,template_ood,2,,N,only_right_correct,C_equal_mask,0,160,0.0,0,0.02344619517150519,False,False,E-P
43,template_ood,2,,N,both_wrong,C_equal_mask,0,160,0.0,0,0.02344619517150519,False,False,E-P
43,template_ood,2,,N,all_success,C_equal_mask,0,160,0.0,0,0.02344619517150519,False,False,E-P
43,template_ood,2,,F,both_correct,C,0,160,0.0,0,0.02344619517150519,False,False,E-P
43,template_ood,2,,F,only_left_correct,C,160,160,1.0,0.9765538048284949,1,False,False,E-P
43,template_ood,2,,F,only_right_correct,C,0,160,0.0,0,0.02344619517150519,False,False,E-P
43,template_ood,2,,F,both_wrong,C,0,160,0.0,0,0.02344619517150519,False,False,E-P
43,template_ood,2,,F,all_success,C,0,160,0.0,0,0.02344619517150519,False,False,E-P
43,template_ood,2,,F,both_correct,C_equal_mask,0,160,0.0,0,0.02344619517150519,False,False,E-P
43,template_ood,2,,F,only_left_correct,C_equal_mask,160,160,1.0,0.9765538048284949,1,False,False,E-P
43,template_ood,2,,F,only_right_correct,C_equal_mask,0,160,0.0,0,0.02344619517150519,False,False,E-P
43,template_ood,2,,F,both_wrong,C_equal_mask,0,160,0.0,0,0.02344619517150519,False,False,E-P
43,template_ood,2,,F,all_success,C_equal_mask,0,160,0.0,0,0.02344619517150519,False,False,E-P
43,template_ood,2,,P,both_correct,C,0,160,0.0,0,0.02344619517150519,False,False,E-U
43,template_ood,2,,P,only_left_correct,C,160,160,1.0,0.9765538048284949,1,False,False,E-U
43,template_ood,2,,P,only_right_correct,C,0,160,0.0,0,0.02344619517150519,False,False,E-U
43,template_ood,2,,P,both_wrong,C,0,160,0.0,0,0.02344619517150519,False,False,E-U
43,template_ood,2,,P,all_success,C,0,160,0.0,0,0.02344619517150519,False,False,E-U
43,template_ood,2,,P,both_correct,C_equal_mask,0,160,0.0,0,0.02344619517150519,False,False,E-U
43,template_ood,2,,P,only_left_correct,C_equal_mask,160,160,1.0,0.9765538048284949,1,False,False,E-U
43,template_ood,2,,P,only_right_correct,C_equal_mask,0,160,0.0,0,0.02344619517150519,False,False,E-U
43,template_ood,2,,P,both_wrong,C_equal_mask,0,160,0.0,0,0.02344619517150519,False,False,E-U
43,template_ood,2,,P,all_success,C_equal_mask,0,160,0.0,0,0.02344619517150519,False,False,E-U
43,template_ood,2,,N,both_correct,C,0,160,0.0,0,0.02344619517150519,False,False,E-U
43,template_ood,2,,N,only_left_correct,C,160,160,1.0,0.9765538048284949,1,False,False,E-U
43,template_ood,2,,N,only_right_correct,C,0,160,0.0,0,0.02344619517150519,False,False,E-U
43,template_ood,2,,N,both_wrong,C,0,160,0.0,0,0.02344619517150519,False,False,E-U
43,template_ood,2,,N,all_success,C,0,160,0.0,0,0.02344619517150519,False,False,E-U
43,template_ood,2,,N,both_correct,C_equal_mask,0,160,0.0,0,0.02344619517150519,False,False,E-U
43,template_ood,2,,N,only_left_correct,C_equal_mask,160,160,1.0,0.9765538048284949,1,False,False,E-U
43,template_ood,2,,N,only_right_correct,C_equal_mask,0,160,0.0,0,0.02344619517150519,False,False,E-U
43,template_ood,2,,N,both_wrong,C_equal_mask,0,160,0.0,0,0.02344619517150519,False,False,E-U
43,template_ood,2,,N,all_success,C_equal_mask,0,160,0.0,0,0.02344619517150519,False,False,E-U
43,template_ood,2,,F,both_correct,C,0,160,0.0,0,0.02344619517150519,False,False,E-U
43,template_ood,2,,F,only_left_correct,C,160,160,1.0,0.9765538048284949,1,False,False,E-U
43,template_ood,2,,F,only_right_correct,C,0,160,0.0,0,0.02344619517150519,False,False,E-U
43,template_ood,2,,F,both_wrong,C,0,160,0.0,0,0.02344619517150519,False,False,E-U
43,template_ood,2,,F,all_success,C,0,160,0.0,0,0.02344619517150519,False,False,E-U
43,template_ood,2,,F,both_correct,C_equal_mask,0,160,0.0,0,0.02344619517150519,False,False,E-U
43,template_ood,2,,F,only_left_correct,C_equal_mask,160,160,1.0,0.9765538048284949,1,False,False,E-U
43,template_ood,2,,F,only_right_correct,C_equal_mask,0,160,0.0,0,0.02344619517150519,False,False,E-U
43,template_ood,2,,F,both_wrong,C_equal_mask,0,160,0.0,0,0.02344619517150519,False,False,E-U
43,template_ood,2,,F,all_success,C_equal_mask,0,160,0.0,0,0.02344619517150519,False,False,E-U
43,template_ood,2,,P,both_correct,C,0,160,0.0,0,0.02344619517150519,False,False,E-G
43,template_ood,2,,P,only_left_correct,C,160,160,1.0,0.9765538048284949,1,False,False,E-G
43,template_ood,2,,P,only_right_correct,C,0,160,0.0,0,0.02344619517150519,False,False,E-G
43,template_ood,2,,P,both_wrong,C,0,160,0.0,0,0.02344619517150519,False,False,E-G
43,template_ood,2,,P,all_success,C,0,160,0.0,0,0.02344619517150519,False,False,E-G
43,template_ood,2,,P,both_correct,C_equal_mask,0,160,0.0,0,0.02344619517150519,False,False,E-G
43,template_ood,2,,P,only_left_correct,C_equal_mask,160,160,1.0,0.9765538048284949,1,False,False,E-G
43,template_ood,2,,P,only_right_correct,C_equal_mask,0,160,0.0,0,0.02344619517150519,False,False,E-G
43,template_ood,2,,P,both_wrong,C_equal_mask,0,160,0.0,0,0.02344619517150519,False,False,E-G
43,template_ood,2,,P,all_success,C_equal_mask,0,160,0.0,0,0.02344619517150519,False,False,E-G
43,template_ood,2,,N,both_correct,C,0,160,0.0,0,0.02344619517150519,False,False,E-G
43,template_ood,2,,N,only_left_correct,C,160,160,1.0,0.9765538048284949,1,False,False,E-G
43,template_ood,2,,N,only_right_correct,C,0,160,0.0,0,0.02344619517150519,False,False,E-G
43,template_ood,2,,N,both_wrong,C,0,160,0.0,0,0.02344619517150519,False,False,E-G
43,template_ood,2,,N,all_success,C,0,160,0.0,0,0.02344619517150519,False,False,E-G
43,template_ood,2,,N,both_correct,C_equal_mask,0,160,0.0,0,0.02344619517150519,False,False,E-G
43,template_ood,2,,N,only_left_correct,C_equal_mask,160,160,1.0,0.9765538048284949,1,False,False,E-G
43,template_ood,2,,N,only_right_correct,C_equal_mask,0,160,0.0,0,0.02344619517150519,False,False,E-G
43,template_ood,2,,N,both_wrong,C_equal_mask,0,160,0.0,0,0.02344619517150519,False,False,E-G
43,template_ood,2,,N,all_success,C_equal_mask,0,160,0.0,0,0.02344619517150519,False,False,E-G
43,template_ood,2,,F,both_correct,C,0,160,0.0,0,0.02344619517150519,False,False,E-G
43,template_ood,2,,F,only_left_correct,C,160,160,1.0,0.9765538048284949,1,False,False,E-G
43,template_ood,2,,F,only_right_correct,C,0,160,0.0,0,0.02344619517150519,False,False,E-G
43,template_ood,2,,F,both_wrong,C,0,160,0.0,0,0.02344619517150519,False,False,E-G
43,template_ood,2,,F,all_success,C,0,160,0.0,0,0.02344619517150519,False,False,E-G
43,template_ood,2,,F,both_correct,C_equal_mask,0,160,0.0,0,0.02344619517150519,False,False,E-G
43,template_ood,2,,F,only_left_correct,C_equal_mask,160,160,1.0,0.9765538048284949,1,False,False,E-G
43,template_ood,2,,F,only_right_correct,C_equal_mask,0,160,0.0,0,0.02344619517150519,False,False,E-G
43,template_ood,2,,F,both_wrong,C_equal_mask,0,160,0.0,0,0.02344619517150519,False,False,E-G
43,template_ood,2,,F,all_success,C_equal_mask,0,160,0.0,0,0.02344619517150519,False,False,E-G
43,template_ood,2,,F,both_correct,pair_C_intersection,0,160,0.0,0,0.02344619517150519,False,False,P-U
43,template_ood,2,,F,only_left_correct,pair_C_intersection,0,160,0.0,0,0.02344619517150519,False,False,P-U
43,template_ood,2,,F,only_right_correct,pair_C_intersection,0,160,0.0,0,0.02344619517150519,False,False,P-U
43,template_ood,2,,F,both_wrong,pair_C_intersection,160,160,1.0,0.9765538048284949,1,False,False,P-U
43,template_ood,2,,F,all_success,pair_C_intersection,0,160,0.0,0,0.02344619517150519,False,False,P-U
43,template_ood,2,,F,both_correct,pair_C_intersection,0,160,0.0,0,0.02344619517150519,False,False,P-G
43,template_ood,2,,F,only_left_correct,pair_C_intersection,0,160,0.0,0,0.02344619517150519,False,False,P-G
43,template_ood,2,,F,only_right_correct,pair_C_intersection,0,160,0.0,0,0.02344619517150519,False,False,P-G
43,template_ood,2,,F,both_wrong,pair_C_intersection,160,160,1.0,0.9765538048284949,1,False,False,P-G
43,template_ood,2,,F,all_success,pair_C_intersection,0,160,0.0,0,0.02344619517150519,False,False,P-G
43,template_ood,2,,F,both_correct,pair_C_intersection,0,160,0.0,0,0.02344619517150519,False,False,U-G
43,template_ood,2,,F,only_left_correct,pair_C_intersection,0,160,0.0,0,0.02344619517150519,False,False,U-G
43,template_ood,2,,F,only_right_correct,pair_C_intersection,0,160,0.0,0,0.02344619517150519,False,False,U-G
43,template_ood,2,,F,both_wrong,pair_C_intersection,160,160,1.0,0.9765538048284949,1,False,False,U-G
43,template_ood,2,,F,all_success,pair_C_intersection,0,160,0.0,0,0.02344619517150519,False,False,U-G
43,template_ood,2,,F,all_success,triple_C_intersection,0,160,0.0,0,0.02344619517150519,False,False,P-U-G
43,template_ood,0,,P,both_correct,C,0,160,0.0,0,0.02344619517150519,False,False,E-P
43,template_ood,0,,P,only_left_correct,C,145,160,0.90625,0.8510879733686995,0.9423619930544526,False,False,E-P
43,template_ood,0,,P,only_right_correct,C,0,160,0.0,0,0.02344619517150519,False,False,E-P
43,template_ood,0,,P,both_wrong,C,15,160,0.09375,0.05763800694554742,0.14891202663130057,False,False,E-P
43,template_ood,0,,P,all_success,C,0,160,0.0,0,0.02344619517150519,False,False,E-P
43,template_ood,0,,P,both_correct,C_equal_mask,0,160,0.0,0,0.02344619517150519,False,False,E-P
43,template_ood,0,,P,only_left_correct,C_equal_mask,145,160,0.90625,0.8510879733686995,0.9423619930544526,False,False,E-P
43,template_ood,0,,P,only_right_correct,C_equal_mask,0,160,0.0,0,0.02344619517150519,False,False,E-P
43,template_ood,0,,P,both_wrong,C_equal_mask,15,160,0.09375,0.05763800694554742,0.14891202663130057,False,False,E-P
43,template_ood,0,,P,all_success,C_equal_mask,0,160,0.0,0,0.02344619517150519,False,False,E-P
43,template_ood,0,,N,both_correct,C,0,160,0.0,0,0.02344619517150519,False,False,E-P
43,template_ood,0,,N,only_left_correct,C,160,160,1.0,0.9765538048284949,1,False,False,E-P
43,template_ood,0,,N,only_right_correct,C,0,160,0.0,0,0.02344619517150519,False,False,E-P
43,template_ood,0,,N,both_wrong,C,0,160,0.0,0,0.02344619517150519,False,False,E-P
43,template_ood,0,,N,all_success,C,0,160,0.0,0,0.02344619517150519,False,False,E-P
43,template_ood,0,,N,both_correct,C_equal_mask,0,160,0.0,0,0.02344619517150519,False,False,E-P
43,template_ood,0,,N,only_left_correct,C_equal_mask,160,160,1.0,0.9765538048284949,1,False,False,E-P
43,template_ood,0,,N,only_right_correct,C_equal_mask,0,160,0.0,0,0.02344619517150519,False,False,E-P
43,template_ood,0,,N,both_wrong,C_equal_mask,0,160,0.0,0,0.02344619517150519,False,False,E-P
43,template_ood,0,,N,all_success,C_equal_mask,0,160,0.0,0,0.02344619517150519,False,False,E-P
43,template_ood,0,,F,both_correct,C,122,160,0.7625,0.6908943322868297,0.8217964152481301,False,False,E-P
43,template_ood,0,,F,only_left_correct,C,0,160,0.0,0,0.02344619517150519,False,False,E-P
43,template_ood,0,,F,only_right_correct,C,38,160,0.2375,0.1782035847518699,0.3091056677131703,False,False,E-P
43,template_ood,0,,F,both_wrong,C,0,160,0.0,0,0.02344619517150519,False,False,E-P
43,template_ood,0,,F,all_success,C,122,160,0.7625,0.6908943322868297,0.8217964152481301,False,False,E-P
43,template_ood,0,,F,both_correct,C_equal_mask,122,160,0.7625,0.6908943322868297,0.8217964152481301,False,False,E-P
43,template_ood,0,,F,only_left_correct,C_equal_mask,0,160,0.0,0,0.02344619517150519,False,False,E-P
43,template_ood,0,,F,only_right_correct,C_equal_mask,38,160,0.2375,0.1782035847518699,0.3091056677131703,False,False,E-P
43,template_ood,0,,F,both_wrong,C_equal_mask,0,160,0.0,0,0.02344619517150519,False,False,E-P
43,template_ood,0,,F,all_success,C_equal_mask,122,160,0.7625,0.6908943322868297,0.8217964152481301,False,False,E-P
43,template_ood,0,,P,both_correct,C,0,160,0.0,0,0.02344619517150519,False,False,E-U
43,template_ood,0,,P,only_left_correct,C,145,160,0.90625,0.8510879733686995,0.9423619930544526,False,False,E-U
43,template_ood,0,,P,only_right_correct,C,0,160,0.0,0,0.02344619517150519,False,False,E-U
43,template_ood,0,,P,both_wrong,C,15,160,0.09375,0.05763800694554742,0.14891202663130057,False,False,E-U
43,template_ood,0,,P,all_success,C,0,160,0.0,0,0.02344619517150519,False,False,E-U
43,template_ood,0,,P,both_correct,C_equal_mask,0,160,0.0,0,0.02344619517150519,False,False,E-U
43,template_ood,0,,P,only_left_correct,C_equal_mask,145,160,0.90625,0.8510879733686995,0.9423619930544526,False,False,E-U
43,template_ood,0,,P,only_right_correct,C_equal_mask,0,160,0.0,0,0.02344619517150519,False,False,E-U
43,template_ood,0,,P,both_wrong,C_equal_mask,15,160,0.09375,0.05763800694554742,0.14891202663130057,False,False,E-U
43,template_ood,0,,P,all_success,C_equal_mask,0,160,0.0,0,0.02344619517150519,False,False,E-U
43,template_ood,0,,N,both_correct,C,0,160,0.0,0,0.02344619517150519,False,False,E-U
43,template_ood,0,,N,only_left_correct,C,160,160,1.0,0.9765538048284949,1,False,False,E-U
43,template_ood,0,,N,only_right_correct,C,0,160,0.0,0,0.02344619517150519,False,False,E-U
43,template_ood,0,,N,both_wrong,C,0,160,0.0,0,0.02344619517150519,False,False,E-U
43,template_ood,0,,N,all_success,C,0,160,0.0,0,0.02344619517150519,False,False,E-U
43,template_ood,0,,N,both_correct,C_equal_mask,0,160,0.0,0,0.02344619517150519,False,False,E-U
43,template_ood,0,,N,only_left_correct,C_equal_mask,160,160,1.0,0.9765538048284949,1,False,False,E-U
43,template_ood,0,,N,only_right_correct,C_equal_mask,0,160,0.0,0,0.02344619517150519,False,False,E-U
43,template_ood,0,,N,both_wrong,C_equal_mask,0,160,0.0,0,0.02344619517150519,False,False,E-U
43,template_ood,0,,N,all_success,C_equal_mask,0,160,0.0,0,0.02344619517150519,False,False,E-U
43,template_ood,0,,F,both_correct,C,122,160,0.7625,0.6908943322868297,0.8217964152481301,False,False,E-U
43,template_ood,0,,F,only_left_correct,C,0,160,0.0,0,0.02344619517150519,False,False,E-U
43,template_ood,0,,F,only_right_correct,C,38,160,0.2375,0.1782035847518699,0.3091056677131703,False,False,E-U
43,template_ood,0,,F,both_wrong,C,0,160,0.0,0,0.02344619517150519,False,False,E-U
43,template_ood,0,,F,all_success,C,122,160,0.7625,0.6908943322868297,0.8217964152481301,False,False,E-U
43,template_ood,0,,F,both_correct,C_equal_mask,122,160,0.7625,0.6908943322868297,0.8217964152481301,False,False,E-U
43,template_ood,0,,F,only_left_correct,C_equal_mask,0,160,0.0,0,0.02344619517150519,False,False,E-U
43,template_ood,0,,F,only_right_correct,C_equal_mask,38,160,0.2375,0.1782035847518699,0.3091056677131703,False,False,E-U
43,template_ood,0,,F,both_wrong,C_equal_mask,0,160,0.0,0,0.02344619517150519,False,False,E-U
43,template_ood,0,,F,all_success,C_equal_mask,122,160,0.7625,0.6908943322868297,0.8217964152481301,False,False,E-U
43,template_ood,0,,P,both_correct,C,0,160,0.0,0,0.02344619517150519,False,False,E-G
43,template_ood,0,,P,only_left_correct,C,145,160,0.90625,0.8510879733686995,0.9423619930544526,False,False,E-G
43,template_ood,0,,P,only_right_correct,C,0,160,0.0,0,0.02344619517150519,False,False,E-G
43,template_ood,0,,P,both_wrong,C,15,160,0.09375,0.05763800694554742,0.14891202663130057,False,False,E-G
43,template_ood,0,,P,all_success,C,0,160,0.0,0,0.02344619517150519,False,False,E-G
43,template_ood,0,,P,both_correct,C_equal_mask,0,160,0.0,0,0.02344619517150519,False,False,E-G
43,template_ood,0,,P,only_left_correct,C_equal_mask,145,160,0.90625,0.8510879733686995,0.9423619930544526,False,False,E-G
43,template_ood,0,,P,only_right_correct,C_equal_mask,0,160,0.0,0,0.02344619517150519,False,False,E-G
43,template_ood,0,,P,both_wrong,C_equal_mask,15,160,0.09375,0.05763800694554742,0.14891202663130057,False,False,E-G
43,template_ood,0,,P,all_success,C_equal_mask,0,160,0.0,0,0.02344619517150519,False,False,E-G
43,template_ood,0,,N,both_correct,C,0,160,0.0,0,0.02344619517150519,False,False,E-G
43,template_ood,0,,N,only_left_correct,C,160,160,1.0,0.9765538048284949,1,False,False,E-G
43,template_ood,0,,N,only_right_correct,C,0,160,0.0,0,0.02344619517150519,False,False,E-G
43,template_ood,0,,N,both_wrong,C,0,160,0.0,0,0.02344619517150519,False,False,E-G
43,template_ood,0,,N,all_success,C,0,160,0.0,0,0.02344619517150519,False,False,E-G
43,template_ood,0,,N,both_correct,C_equal_mask,0,160,0.0,0,0.02344619517150519,False,False,E-G
43,template_ood,0,,N,only_left_correct,C_equal_mask,160,160,1.0,0.9765538048284949,1,False,False,E-G
43,template_ood,0,,N,only_right_correct,C_equal_mask,0,160,0.0,0,0.02344619517150519,False,False,E-G
43,template_ood,0,,N,both_wrong,C_equal_mask,0,160,0.0,0,0.02344619517150519,False,False,E-G
43,template_ood,0,,N,all_success,C_equal_mask,0,160,0.0,0,0.02344619517150519,False,False,E-G
43,template_ood,0,,F,both_correct,C,117,160,0.73125,0.6577316340908198,0.7939245006423591,False,False,E-G
43,template_ood,0,,F,only_left_correct,C,5,160,0.03125,0.013420516687644407,0.07106029128564172,False,False,E-G
43,template_ood,0,,F,only_right_correct,C,0,160,0.0,0,0.02344619517150519,False,False,E-G
43,template_ood,0,,F,both_wrong,C,38,160,0.2375,0.1782035847518699,0.3091056677131703,False,False,E-G
43,template_ood,0,,F,all_success,C,117,160,0.73125,0.6577316340908198,0.7939245006423591,False,False,E-G
43,template_ood,0,,F,both_correct,C_equal_mask,117,160,0.73125,0.6577316340908198,0.7939245006423591,False,False,E-G
43,template_ood,0,,F,only_left_correct,C_equal_mask,5,160,0.03125,0.013420516687644407,0.07106029128564172,False,False,E-G
43,template_ood,0,,F,only_right_correct,C_equal_mask,0,160,0.0,0,0.02344619517150519,False,False,E-G
43,template_ood,0,,F,both_wrong,C_equal_mask,38,160,0.2375,0.1782035847518699,0.3091056677131703,False,False,E-G
43,template_ood,0,,F,all_success,C_equal_mask,117,160,0.73125,0.6577316340908198,0.7939245006423591,False,False,E-G
43,template_ood,0,,F,both_correct,pair_C_intersection,160,160,1.0,0.9765538048284949,1,False,False,P-U
43,template_ood,0,,F,only_left_correct,pair_C_intersection,0,160,0.0,0,0.02344619517150519,False,False,P-U
43,template_ood,0,,F,only_right_correct,pair_C_intersection,0,160,0.0,0,0.02344619517150519,False,False,P-U
43,template_ood,0,,F,both_wrong,pair_C_intersection,0,160,0.0,0,0.02344619517150519,False,False,P-U
43,template_ood,0,,F,all_success,pair_C_intersection,160,160,1.0,0.9765538048284949,1,False,False,P-U
43,template_ood,0,,F,both_correct,pair_C_intersection,117,160,0.73125,0.6577316340908198,0.7939245006423591,False,False,P-G
43,template_ood,0,,F,only_left_correct,pair_C_intersection,43,160,0.26875,0.206075499357641,0.3422683659091802,False,False,P-G
43,template_ood,0,,F,only_right_correct,pair_C_intersection,0,160,0.0,0,0.02344619517150519,False,False,P-G
43,template_ood,0,,F,both_wrong,pair_C_intersection,0,160,0.0,0,0.02344619517150519,False,False,P-G
43,template_ood,0,,F,all_success,pair_C_intersection,117,160,0.73125,0.6577316340908198,0.7939245006423591,False,False,P-G
43,template_ood,0,,F,both_correct,pair_C_intersection,117,160,0.73125,0.6577316340908198,0.7939245006423591,False,False,U-G
43,template_ood,0,,F,only_left_correct,pair_C_intersection,43,160,0.26875,0.206075499357641,0.3422683659091802,False,False,U-G
43,template_ood,0,,F,only_right_correct,pair_C_intersection,0,160,0.0,0,0.02344619517150519,False,False,U-G
43,template_ood,0,,F,both_wrong,pair_C_intersection,0,160,0.0,0,0.02344619517150519,False,False,U-G
43,template_ood,0,,F,all_success,pair_C_intersection,117,160,0.73125,0.6577316340908198,0.7939245006423591,False,False,U-G
43,template_ood,0,,F,all_success,triple_C_intersection,117,160,0.73125,0.6577316340908198,0.7939245006423591,False,False,P-U-G
43,template_ood,-1,,P,both_correct,C,145,145,1.0,0.9741909354347176,1,False,False,E-P
43,template_ood,-1,,P,only_left_correct,C,0,145,0.0,1.734723475976807e-18,0.02580906456528246,False,False,E-P
43,template_ood,-1,,P,only_right_correct,C,0,145,0.0,1.734723475976807e-18,0.02580906456528246,False,False,E-P
43,template_ood,-1,,P,both_wrong,C,0,145,0.0,1.734723475976807e-18,0.02580906456528246,False,False,E-P
43,template_ood,-1,,P,all_success,C,145,145,1.0,0.9741909354347176,1,False,False,E-P
43,template_ood,-1,,P,both_correct,C_equal_mask,145,145,1.0,0.9741909354347176,1,False,False,E-P
43,template_ood,-1,,P,only_left_correct,C_equal_mask,0,145,0.0,1.734723475976807e-18,0.02580906456528246,False,False,E-P
43,template_ood,-1,,P,only_right_correct,C_equal_mask,0,145,0.0,1.734723475976807e-18,0.02580906456528246,False,False,E-P
43,template_ood,-1,,P,both_wrong,C_equal_mask,0,145,0.0,1.734723475976807e-18,0.02580906456528246,False,False,E-P
43,template_ood,-1,,P,all_success,C_equal_mask,145,145,1.0,0.9741909354347176,1,False,False,E-P
43,template_ood,-1,,N,both_correct,C,145,145,1.0,0.9741909354347176,1,False,False,E-P
43,template_ood,-1,,N,only_left_correct,C,0,145,0.0,1.734723475976807e-18,0.02580906456528246,False,False,E-P
43,template_ood,-1,,N,only_right_correct,C,0,145,0.0,1.734723475976807e-18,0.02580906456528246,False,False,E-P
43,template_ood,-1,,N,both_wrong,C,0,145,0.0,1.734723475976807e-18,0.02580906456528246,False,False,E-P
43,template_ood,-1,,N,all_success,C,145,145,1.0,0.9741909354347176,1,False,False,E-P
43,template_ood,-1,,N,both_correct,C_equal_mask,145,145,1.0,0.9741909354347176,1,False,False,E-P
43,template_ood,-1,,N,only_left_correct,C_equal_mask,0,145,0.0,1.734723475976807e-18,0.02580906456528246,False,False,E-P
43,template_ood,-1,,N,only_right_correct,C_equal_mask,0,145,0.0,1.734723475976807e-18,0.02580906456528246,False,False,E-P
43,template_ood,-1,,N,both_wrong,C_equal_mask,0,145,0.0,1.734723475976807e-18,0.02580906456528246,False,False,E-P
43,template_ood,-1,,N,all_success,C_equal_mask,145,145,1.0,0.9741909354347176,1,False,False,E-P
43,template_ood,-1,,F,both_correct,C,99,145,0.6827586206896552,0.6031253485406506,0.7529582347561773,False,False,E-P
43,template_ood,-1,,F,only_left_correct,C,44,145,0.30344827586206896,0.23448779647366402,0.38255438752786075,False,False,E-P
43,template_ood,-1,,F,only_right_correct,C,0,145,0.0,1.734723475976807e-18,0.02580906456528246,False,False,E-P
43,template_ood,-1,,F,both_wrong,C,2,145,0.013793103448275862,0.003790752490395701,0.04889254477653414,False,False,E-P
43,template_ood,-1,,F,all_success,C,99,145,0.6827586206896552,0.6031253485406506,0.7529582347561773,False,False,E-P
43,template_ood,-1,,F,both_correct,C_equal_mask,99,145,0.6827586206896552,0.6031253485406506,0.7529582347561773,False,False,E-P
43,template_ood,-1,,F,only_left_correct,C_equal_mask,44,145,0.30344827586206896,0.23448779647366402,0.38255438752786075,False,False,E-P
43,template_ood,-1,,F,only_right_correct,C_equal_mask,0,145,0.0,1.734723475976807e-18,0.02580906456528246,False,False,E-P
43,template_ood,-1,,F,both_wrong,C_equal_mask,2,145,0.013793103448275862,0.003790752490395701,0.04889254477653414,False,False,E-P
43,template_ood,-1,,F,all_success,C_equal_mask,99,145,0.6827586206896552,0.6031253485406506,0.7529582347561773,False,False,E-P
43,template_ood,-1,,P,both_correct,C,153,153,1.0,0.9755073763686055,1,False,False,E-U
43,template_ood,-1,,P,only_left_correct,C,0,153,0.0,1.734723475976807e-18,0.024492623631394532,False,False,E-U
43,template_ood,-1,,P,only_right_correct,C,0,153,0.0,1.734723475976807e-18,0.024492623631394532,False,False,E-U
43,template_ood,-1,,P,both_wrong,C,0,153,0.0,1.734723475976807e-18,0.024492623631394532,False,False,E-U
43,template_ood,-1,,P,all_success,C,153,153,1.0,0.9755073763686055,1,False,False,E-U
43,template_ood,-1,,P,both_correct,C_equal_mask,153,153,1.0,0.9755073763686055,1,False,False,E-U
43,template_ood,-1,,P,only_left_correct,C_equal_mask,0,153,0.0,1.734723475976807e-18,0.024492623631394532,False,False,E-U
43,template_ood,-1,,P,only_right_correct,C_equal_mask,0,153,0.0,1.734723475976807e-18,0.024492623631394532,False,False,E-U
43,template_ood,-1,,P,both_wrong,C_equal_mask,0,153,0.0,1.734723475976807e-18,0.024492623631394532,False,False,E-U
43,template_ood,-1,,P,all_success,C_equal_mask,153,153,1.0,0.9755073763686055,1,False,False,E-U
43,template_ood,-1,,N,both_correct,C,153,153,1.0,0.9755073763686055,1,False,False,E-U
43,template_ood,-1,,N,only_left_correct,C,0,153,0.0,1.734723475976807e-18,0.024492623631394532,False,False,E-U
43,template_ood,-1,,N,only_right_correct,C,0,153,0.0,1.734723475976807e-18,0.024492623631394532,False,False,E-U
43,template_ood,-1,,N,both_wrong,C,0,153,0.0,1.734723475976807e-18,0.024492623631394532,False,False,E-U
43,template_ood,-1,,N,all_success,C,153,153,1.0,0.9755073763686055,1,False,False,E-U
43,template_ood,-1,,N,both_correct,C_equal_mask,153,153,1.0,0.9755073763686055,1,False,False,E-U
43,template_ood,-1,,N,only_left_correct,C_equal_mask,0,153,0.0,1.734723475976807e-18,0.024492623631394532,False,False,E-U
43,template_ood,-1,,N,only_right_correct,C_equal_mask,0,153,0.0,1.734723475976807e-18,0.024492623631394532,False,False,E-U
43,template_ood,-1,,N,both_wrong,C_equal_mask,0,153,0.0,1.734723475976807e-18,0.024492623631394532,False,False,E-U
43,template_ood,-1,,N,all_success,C_equal_mask,153,153,1.0,0.9755073763686055,1,False,False,E-U
43,template_ood,-1,,F,both_correct,C,120,153,0.7843137254901961,0.7126059974648088,0.8420942753722415,False,False,E-U
43,template_ood,-1,,F,only_left_correct,C,27,153,0.17647058823529413,0.12420935234644842,0.24457999235621863,False,False,E-U
43,template_ood,-1,,F,only_right_correct,C,0,153,0.0,1.734723475976807e-18,0.024492623631394532,False,False,E-U
43,template_ood,-1,,F,both_wrong,C,6,153,0.0392156862745098,0.018094740908342608,0.08290826518333472,False,False,E-U
43,template_ood,-1,,F,all_success,C,120,153,0.7843137254901961,0.7126059974648088,0.8420942753722415,False,False,E-U
43,template_ood,-1,,F,both_correct,C_equal_mask,120,153,0.7843137254901961,0.7126059974648088,0.8420942753722415,False,False,E-U
43,template_ood,-1,,F,only_left_correct,C_equal_mask,27,153,0.17647058823529413,0.12420935234644842,0.24457999235621863,False,False,E-U
43,template_ood,-1,,F,only_right_correct,C_equal_mask,0,153,0.0,1.734723475976807e-18,0.024492623631394532,False,False,E-U
43,template_ood,-1,,F,both_wrong,C_equal_mask,6,153,0.0392156862745098,0.018094740908342608,0.08290826518333472,False,False,E-U
43,template_ood,-1,,F,all_success,C_equal_mask,120,153,0.7843137254901961,0.7126059974648088,0.8420942753722415,False,False,E-U
43,template_ood,-1,,P,both_correct,C,120,120,1.0,0.9689808335812966,1,False,False,E-G
43,template_ood,-1,,P,only_left_correct,C,0,120,0.0,0,0.031019166418703486,False,False,E-G
43,template_ood,-1,,P,only_right_correct,C,0,120,0.0,0,0.031019166418703486,False,False,E-G
43,template_ood,-1,,P,both_wrong,C,0,120,0.0,0,0.031019166418703486,False,False,E-G
43,template_ood,-1,,P,all_success,C,120,120,1.0,0.9689808335812966,1,False,False,E-G
43,template_ood,-1,,P,both_correct,C_equal_mask,120,120,1.0,0.9689808335812966,1,False,False,E-G
43,template_ood,-1,,P,only_left_correct,C_equal_mask,0,120,0.0,0,0.031019166418703486,False,False,E-G
43,template_ood,-1,,P,only_right_correct,C_equal_mask,0,120,0.0,0,0.031019166418703486,False,False,E-G
43,template_ood,-1,,P,both_wrong,C_equal_mask,0,120,0.0,0,0.031019166418703486,False,False,E-G
43,template_ood,-1,,P,all_success,C_equal_mask,120,120,1.0,0.9689808335812966,1,False,False,E-G
43,template_ood,-1,,N,both_correct,C,120,120,1.0,0.9689808335812966,1,False,False,E-G
43,template_ood,-1,,N,only_left_correct,C,0,120,0.0,0,0.031019166418703486,False,False,E-G
43,template_ood,-1,,N,only_right_correct,C,0,120,0.0,0,0.031019166418703486,False,False,E-G
43,template_ood,-1,,N,both_wrong,C,0,120,0.0,0,0.031019166418703486,False,False,E-G
43,template_ood,-1,,N,all_success,C,120,120,1.0,0.9689808335812966,1,False,False,E-G
43,template_ood,-1,,N,both_correct,C_equal_mask,120,120,1.0,0.9689808335812966,1,False,False,E-G
43,template_ood,-1,,N,only_left_correct,C_equal_mask,0,120,0.0,0,0.031019166418703486,False,False,E-G
43,template_ood,-1,,N,only_right_correct,C_equal_mask,0,120,0.0,0,0.031019166418703486,False,False,E-G
43,template_ood,-1,,N,both_wrong,C_equal_mask,0,120,0.0,0,0.031019166418703486,False,False,E-G
43,template_ood,-1,,N,all_success,C_equal_mask,120,120,1.0,0.9689808335812966,1,False,False,E-G
43,template_ood,-1,,F,both_correct,C,120,120,1.0,0.9689808335812966,1,False,False,E-G
43,template_ood,-1,,F,only_left_correct,C,0,120,0.0,0,0.031019166418703486,False,False,E-G
43,template_ood,-1,,F,only_right_correct,C,0,120,0.0,0,0.031019166418703486,False,False,E-G
43,template_ood,-1,,F,both_wrong,C,0,120,0.0,0,0.031019166418703486,False,False,E-G
43,template_ood,-1,,F,all_success,C,120,120,1.0,0.9689808335812966,1,False,False,E-G
43,template_ood,-1,,F,both_correct,C_equal_mask,120,120,1.0,0.9689808335812966,1,False,False,E-G
43,template_ood,-1,,F,only_left_correct,C_equal_mask,0,120,0.0,0,0.031019166418703486,False,False,E-G
43,template_ood,-1,,F,only_right_correct,C_equal_mask,0,120,0.0,0,0.031019166418703486,False,False,E-G
43,template_ood,-1,,F,both_wrong,C_equal_mask,0,120,0.0,0,0.031019166418703486,False,False,E-G
43,template_ood,-1,,F,all_success,C_equal_mask,120,120,1.0,0.9689808335812966,1,False,False,E-G
43,template_ood,-1,,F,both_correct,pair_C_intersection,99,145,0.6827586206896552,0.6031253485406506,0.7529582347561773,False,False,P-U
43,template_ood,-1,,F,only_left_correct,pair_C_intersection,0,145,0.0,1.734723475976807e-18,0.02580906456528246,False,False,P-U
43,template_ood,-1,,F,only_right_correct,pair_C_intersection,21,145,0.14482758620689656,0.09671819941826323,0.21127030851431675,False,False,P-U
43,template_ood,-1,,F,both_wrong,pair_C_intersection,25,145,0.1724137931034483,0.11959771884733336,0.24213925448854137,False,False,P-U
43,template_ood,-1,,F,all_success,pair_C_intersection,99,145,0.6827586206896552,0.6031253485406506,0.7529582347561773,False,False,P-U
43,template_ood,-1,,F,both_correct,pair_C_intersection,99,120,0.825,0.7472429012735073,0.8825946405543355,False,False,P-G
43,template_ood,-1,,F,only_left_correct,pair_C_intersection,0,120,0.0,0,0.031019166418703486,False,False,P-G
43,template_ood,-1,,F,only_right_correct,pair_C_intersection,21,120,0.175,0.11740535944566463,0.25275709872649266,False,False,P-G
43,template_ood,-1,,F,both_wrong,pair_C_intersection,0,120,0.0,0,0.031019166418703486,False,False,P-G
43,template_ood,-1,,F,all_success,pair_C_intersection,99,120,0.825,0.7472429012735073,0.8825946405543355,False,False,P-G
43,template_ood,-1,,F,both_correct,pair_C_intersection,120,120,1.0,0.9689808335812966,1,False,False,U-G
43,template_ood,-1,,F,only_left_correct,pair_C_intersection,0,120,0.0,0,0.031019166418703486,False,False,U-G
43,template_ood,-1,,F,only_right_correct,pair_C_intersection,0,120,0.0,0,0.031019166418703486,False,False,U-G
43,template_ood,-1,,F,both_wrong,pair_C_intersection,0,120,0.0,0,0.031019166418703486,False,False,U-G
43,template_ood,-1,,F,all_success,pair_C_intersection,120,120,1.0,0.9689808335812966,1,False,False,U-G
43,template_ood,-1,,F,all_success,triple_C_intersection,99,120,0.825,0.7472429012735073,0.8825946405543355,False,False,P-U-G
43,template_ood,-2,,P,both_correct,C,0,157,0.0,0,0.023883511433308864,False,False,E-P
43,template_ood,-2,,P,only_left_correct,C,157,157,1.0,0.976116488566691,0.9999999999999999,False,False,E-P
43,template_ood,-2,,P,only_right_correct,C,0,157,0.0,0,0.023883511433308864,False,False,E-P
43,template_ood,-2,,P,both_wrong,C,0,157,0.0,0,0.023883511433308864,False,False,E-P
43,template_ood,-2,,P,all_success,C,0,157,0.0,0,0.023883511433308864,False,False,E-P
43,template_ood,-2,,P,both_correct,C_equal_mask,0,0,,,,True,True,E-P
43,template_ood,-2,,P,only_left_correct,C_equal_mask,0,0,,,,True,True,E-P
43,template_ood,-2,,P,only_right_correct,C_equal_mask,0,0,,,,True,True,E-P
43,template_ood,-2,,P,both_wrong,C_equal_mask,0,0,,,,True,True,E-P
43,template_ood,-2,,P,all_success,C_equal_mask,0,0,,,,True,True,E-P
43,template_ood,-2,,N,both_correct,C,0,157,0.0,0,0.023883511433308864,False,False,E-P
43,template_ood,-2,,N,only_left_correct,C,157,157,1.0,0.976116488566691,0.9999999999999999,False,False,E-P
43,template_ood,-2,,N,only_right_correct,C,0,157,0.0,0,0.023883511433308864,False,False,E-P
43,template_ood,-2,,N,both_wrong,C,0,157,0.0,0,0.023883511433308864,False,False,E-P
43,template_ood,-2,,N,all_success,C,0,157,0.0,0,0.023883511433308864,False,False,E-P
43,template_ood,-2,,N,both_correct,C_equal_mask,0,0,,,,True,True,E-P
43,template_ood,-2,,N,only_left_correct,C_equal_mask,0,0,,,,True,True,E-P
43,template_ood,-2,,N,only_right_correct,C_equal_mask,0,0,,,,True,True,E-P
43,template_ood,-2,,N,both_wrong,C_equal_mask,0,0,,,,True,True,E-P
43,template_ood,-2,,N,all_success,C_equal_mask,0,0,,,,True,True,E-P
43,template_ood,-2,,F,both_correct,C,0,157,0.0,0,0.023883511433308864,False,False,E-P
43,template_ood,-2,,F,only_left_correct,C,157,157,1.0,0.976116488566691,0.9999999999999999,False,False,E-P
43,template_ood,-2,,F,only_right_correct,C,0,157,0.0,0,0.023883511433308864,False,False,E-P
43,template_ood,-2,,F,both_wrong,C,0,157,0.0,0,0.023883511433308864,False,False,E-P
43,template_ood,-2,,F,all_success,C,0,157,0.0,0,0.023883511433308864,False,False,E-P
43,template_ood,-2,,F,both_correct,C_equal_mask,0,0,,,,True,True,E-P
43,template_ood,-2,,F,only_left_correct,C_equal_mask,0,0,,,,True,True,E-P
43,template_ood,-2,,F,only_right_correct,C_equal_mask,0,0,,,,True,True,E-P
43,template_ood,-2,,F,both_wrong,C_equal_mask,0,0,,,,True,True,E-P
43,template_ood,-2,,F,all_success,C_equal_mask,0,0,,,,True,True,E-P
43,template_ood,-2,,P,both_correct,C,0,160,0.0,0,0.02344619517150519,False,False,E-U
43,template_ood,-2,,P,only_left_correct,C,160,160,1.0,0.9765538048284949,1,False,False,E-U
43,template_ood,-2,,P,only_right_correct,C,0,160,0.0,0,0.02344619517150519,False,False,E-U
43,template_ood,-2,,P,both_wrong,C,0,160,0.0,0,0.02344619517150519,False,False,E-U
43,template_ood,-2,,P,all_success,C,0,160,0.0,0,0.02344619517150519,False,False,E-U
43,template_ood,-2,,P,both_correct,C_equal_mask,0,0,,,,True,True,E-U
43,template_ood,-2,,P,only_left_correct,C_equal_mask,0,0,,,,True,True,E-U
43,template_ood,-2,,P,only_right_correct,C_equal_mask,0,0,,,,True,True,E-U
43,template_ood,-2,,P,both_wrong,C_equal_mask,0,0,,,,True,True,E-U
43,template_ood,-2,,P,all_success,C_equal_mask,0,0,,,,True,True,E-U
43,template_ood,-2,,N,both_correct,C,0,160,0.0,0,0.02344619517150519,False,False,E-U
43,template_ood,-2,,N,only_left_correct,C,160,160,1.0,0.9765538048284949,1,False,False,E-U
43,template_ood,-2,,N,only_right_correct,C,0,160,0.0,0,0.02344619517150519,False,False,E-U
43,template_ood,-2,,N,both_wrong,C,0,160,0.0,0,0.02344619517150519,False,False,E-U
43,template_ood,-2,,N,all_success,C,0,160,0.0,0,0.02344619517150519,False,False,E-U
43,template_ood,-2,,N,both_correct,C_equal_mask,0,0,,,,True,True,E-U
43,template_ood,-2,,N,only_left_correct,C_equal_mask,0,0,,,,True,True,E-U
43,template_ood,-2,,N,only_right_correct,C_equal_mask,0,0,,,,True,True,E-U
43,template_ood,-2,,N,both_wrong,C_equal_mask,0,0,,,,True,True,E-U
43,template_ood,-2,,N,all_success,C_equal_mask,0,0,,,,True,True,E-U
43,template_ood,-2,,F,both_correct,C,0,160,0.0,0,0.02344619517150519,False,False,E-U
43,template_ood,-2,,F,only_left_correct,C,160,160,1.0,0.9765538048284949,1,False,False,E-U
43,template_ood,-2,,F,only_right_correct,C,0,160,0.0,0,0.02344619517150519,False,False,E-U
43,template_ood,-2,,F,both_wrong,C,0,160,0.0,0,0.02344619517150519,False,False,E-U
43,template_ood,-2,,F,all_success,C,0,160,0.0,0,0.02344619517150519,False,False,E-U
43,template_ood,-2,,F,both_correct,C_equal_mask,0,0,,,,True,True,E-U
43,template_ood,-2,,F,only_left_correct,C_equal_mask,0,0,,,,True,True,E-U
43,template_ood,-2,,F,only_right_correct,C_equal_mask,0,0,,,,True,True,E-U
43,template_ood,-2,,F,both_wrong,C_equal_mask,0,0,,,,True,True,E-U
43,template_ood,-2,,F,all_success,C_equal_mask,0,0,,,,True,True,E-U
43,template_ood,-2,,P,both_correct,C,0,139,0.0,0,0.026893164298442428,False,False,E-G
43,template_ood,-2,,P,only_left_correct,C,139,139,1.0,0.9731068357015575,1,False,False,E-G
43,template_ood,-2,,P,only_right_correct,C,0,139,0.0,0,0.026893164298442428,False,False,E-G
43,template_ood,-2,,P,both_wrong,C,0,139,0.0,0,0.026893164298442428,False,False,E-G
43,template_ood,-2,,P,all_success,C,0,139,0.0,0,0.026893164298442428,False,False,E-G
43,template_ood,-2,,P,both_correct,C_equal_mask,0,0,,,,True,True,E-G
43,template_ood,-2,,P,only_left_correct,C_equal_mask,0,0,,,,True,True,E-G
43,template_ood,-2,,P,only_right_correct,C_equal_mask,0,0,,,,True,True,E-G
43,template_ood,-2,,P,both_wrong,C_equal_mask,0,0,,,,True,True,E-G
43,template_ood,-2,,P,all_success,C_equal_mask,0,0,,,,True,True,E-G
43,template_ood,-2,,N,both_correct,C,0,139,0.0,0,0.026893164298442428,False,False,E-G
43,template_ood,-2,,N,only_left_correct,C,139,139,1.0,0.9731068357015575,1,False,False,E-G
43,template_ood,-2,,N,only_right_correct,C,0,139,0.0,0,0.026893164298442428,False,False,E-G
43,template_ood,-2,,N,both_wrong,C,0,139,0.0,0,0.026893164298442428,False,False,E-G
43,template_ood,-2,,N,all_success,C,0,139,0.0,0,0.026893164298442428,False,False,E-G
43,template_ood,-2,,N,both_correct,C_equal_mask,0,0,,,,True,True,E-G
43,template_ood,-2,,N,only_left_correct,C_equal_mask,0,0,,,,True,True,E-G
43,template_ood,-2,,N,only_right_correct,C_equal_mask,0,0,,,,True,True,E-G
43,template_ood,-2,,N,both_wrong,C_equal_mask,0,0,,,,True,True,E-G
43,template_ood,-2,,N,all_success,C_equal_mask,0,0,,,,True,True,E-G
43,template_ood,-2,,F,both_correct,C,0,139,0.0,0,0.026893164298442428,False,False,E-G
43,template_ood,-2,,F,only_left_correct,C,139,139,1.0,0.9731068357015575,1,False,False,E-G
43,template_ood,-2,,F,only_right_correct,C,0,139,0.0,0,0.026893164298442428,False,False,E-G
43,template_ood,-2,,F,both_wrong,C,0,139,0.0,0,0.026893164298442428,False,False,E-G
43,template_ood,-2,,F,all_success,C,0,139,0.0,0,0.026893164298442428,False,False,E-G
43,template_ood,-2,,F,both_correct,C_equal_mask,0,0,,,,True,True,E-G
43,template_ood,-2,,F,only_left_correct,C_equal_mask,0,0,,,,True,True,E-G
43,template_ood,-2,,F,only_right_correct,C_equal_mask,0,0,,,,True,True,E-G
43,template_ood,-2,,F,both_wrong,C_equal_mask,0,0,,,,True,True,E-G
43,template_ood,-2,,F,all_success,C_equal_mask,0,0,,,,True,True,E-G
43,template_ood,-2,,F,both_correct,pair_C_intersection,0,157,0.0,0,0.023883511433308864,False,False,P-U
43,template_ood,-2,,F,only_left_correct,pair_C_intersection,0,157,0.0,0,0.023883511433308864,False,False,P-U
43,template_ood,-2,,F,only_right_correct,pair_C_intersection,0,157,0.0,0,0.023883511433308864,False,False,P-U
43,template_ood,-2,,F,both_wrong,pair_C_intersection,157,157,1.0,0.976116488566691,0.9999999999999999,False,False,P-U
43,template_ood,-2,,F,all_success,pair_C_intersection,0,157,0.0,0,0.023883511433308864,False,False,P-U
43,template_ood,-2,,F,both_correct,pair_C_intersection,0,139,0.0,0,0.026893164298442428,False,False,P-G
43,template_ood,-2,,F,only_left_correct,pair_C_intersection,0,139,0.0,0,0.026893164298442428,False,False,P-G
43,template_ood,-2,,F,only_right_correct,pair_C_intersection,0,139,0.0,0,0.026893164298442428,False,False,P-G
43,template_ood,-2,,F,both_wrong,pair_C_intersection,139,139,1.0,0.9731068357015575,1,False,False,P-G
43,template_ood,-2,,F,all_success,pair_C_intersection,0,139,0.0,0,0.026893164298442428,False,False,P-G
43,template_ood,-2,,F,both_correct,pair_C_intersection,0,139,0.0,0,0.026893164298442428,False,False,U-G
43,template_ood,-2,,F,only_left_correct,pair_C_intersection,0,139,0.0,0,0.026893164298442428,False,False,U-G
43,template_ood,-2,,F,only_right_correct,pair_C_intersection,0,139,0.0,0,0.026893164298442428,False,False,U-G
43,template_ood,-2,,F,both_wrong,pair_C_intersection,139,139,1.0,0.9731068357015575,1,False,False,U-G
43,template_ood,-2,,F,all_success,pair_C_intersection,0,139,0.0,0,0.026893164298442428,False,False,U-G
43,template_ood,-2,,F,all_success,triple_C_intersection,0,139,0.0,0,0.026893164298442428,False,False,P-U-G
44,iid,2,,P,both_correct,C,0,160,0.0,0,0.02344619517150519,False,False,E-P
44,iid,2,,P,only_left_correct,C,160,160,1.0,0.9765538048284949,1,False,False,E-P
44,iid,2,,P,only_right_correct,C,0,160,0.0,0,0.02344619517150519,False,False,E-P
44,iid,2,,P,both_wrong,C,0,160,0.0,0,0.02344619517150519,False,False,E-P
44,iid,2,,P,all_success,C,0,160,0.0,0,0.02344619517150519,False,False,E-P
44,iid,2,,P,both_correct,C_equal_mask,0,160,0.0,0,0.02344619517150519,False,False,E-P
44,iid,2,,P,only_left_correct,C_equal_mask,160,160,1.0,0.9765538048284949,1,False,False,E-P
44,iid,2,,P,only_right_correct,C_equal_mask,0,160,0.0,0,0.02344619517150519,False,False,E-P
44,iid,2,,P,both_wrong,C_equal_mask,0,160,0.0,0,0.02344619517150519,False,False,E-P
44,iid,2,,P,all_success,C_equal_mask,0,160,0.0,0,0.02344619517150519,False,False,E-P
44,iid,2,,N,both_correct,C,0,160,0.0,0,0.02344619517150519,False,False,E-P
44,iid,2,,N,only_left_correct,C,160,160,1.0,0.9765538048284949,1,False,False,E-P
44,iid,2,,N,only_right_correct,C,0,160,0.0,0,0.02344619517150519,False,False,E-P
44,iid,2,,N,both_wrong,C,0,160,0.0,0,0.02344619517150519,False,False,E-P
44,iid,2,,N,all_success,C,0,160,0.0,0,0.02344619517150519,False,False,E-P
44,iid,2,,N,both_correct,C_equal_mask,0,160,0.0,0,0.02344619517150519,False,False,E-P
44,iid,2,,N,only_left_correct,C_equal_mask,160,160,1.0,0.9765538048284949,1,False,False,E-P
44,iid,2,,N,only_right_correct,C_equal_mask,0,160,0.0,0,0.02344619517150519,False,False,E-P
44,iid,2,,N,both_wrong,C_equal_mask,0,160,0.0,0,0.02344619517150519,False,False,E-P
44,iid,2,,N,all_success,C_equal_mask,0,160,0.0,0,0.02344619517150519,False,False,E-P
44,iid,2,,F,both_correct,C,0,160,0.0,0,0.02344619517150519,False,False,E-P
44,iid,2,,F,only_left_correct,C,160,160,1.0,0.9765538048284949,1,False,False,E-P
44,iid,2,,F,only_right_correct,C,0,160,0.0,0,0.02344619517150519,False,False,E-P
44,iid,2,,F,both_wrong,C,0,160,0.0,0,0.02344619517150519,False,False,E-P
44,iid,2,,F,all_success,C,0,160,0.0,0,0.02344619517150519,False,False,E-P
44,iid,2,,F,both_correct,C_equal_mask,0,160,0.0,0,0.02344619517150519,False,False,E-P
44,iid,2,,F,only_left_correct,C_equal_mask,160,160,1.0,0.9765538048284949,1,False,False,E-P
44,iid,2,,F,only_right_correct,C_equal_mask,0,160,0.0,0,0.02344619517150519,False,False,E-P
44,iid,2,,F,both_wrong,C_equal_mask,0,160,0.0,0,0.02344619517150519,False,False,E-P
44,iid,2,,F,all_success,C_equal_mask,0,160,0.0,0,0.02344619517150519,False,False,E-P
44,iid,2,,P,both_correct,C,0,157,0.0,0,0.023883511433308864,False,False,E-U
44,iid,2,,P,only_left_correct,C,157,157,1.0,0.976116488566691,0.9999999999999999,False,False,E-U
44,iid,2,,P,only_right_correct,C,0,157,0.0,0,0.023883511433308864,False,False,E-U
44,iid,2,,P,both_wrong,C,0,157,0.0,0,0.023883511433308864,False,False,E-U
44,iid,2,,P,all_success,C,0,157,0.0,0,0.023883511433308864,False,False,E-U
44,iid,2,,P,both_correct,C_equal_mask,0,157,0.0,0,0.023883511433308864,False,False,E-U
44,iid,2,,P,only_left_correct,C_equal_mask,157,157,1.0,0.976116488566691,0.9999999999999999,False,False,E-U
44,iid,2,,P,only_right_correct,C_equal_mask,0,157,0.0,0,0.023883511433308864,False,False,E-U
44,iid,2,,P,both_wrong,C_equal_mask,0,157,0.0,0,0.023883511433308864,False,False,E-U
44,iid,2,,P,all_success,C_equal_mask,0,157,0.0,0,0.023883511433308864,False,False,E-U
44,iid,2,,N,both_correct,C,0,157,0.0,0,0.023883511433308864,False,False,E-U
44,iid,2,,N,only_left_correct,C,157,157,1.0,0.976116488566691,0.9999999999999999,False,False,E-U
44,iid,2,,N,only_right_correct,C,0,157,0.0,0,0.023883511433308864,False,False,E-U
44,iid,2,,N,both_wrong,C,0,157,0.0,0,0.023883511433308864,False,False,E-U
44,iid,2,,N,all_success,C,0,157,0.0,0,0.023883511433308864,False,False,E-U
44,iid,2,,N,both_correct,C_equal_mask,0,157,0.0,0,0.023883511433308864,False,False,E-U
44,iid,2,,N,only_left_correct,C_equal_mask,157,157,1.0,0.976116488566691,0.9999999999999999,False,False,E-U
44,iid,2,,N,only_right_correct,C_equal_mask,0,157,0.0,0,0.023883511433308864,False,False,E-U
44,iid,2,,N,both_wrong,C_equal_mask,0,157,0.0,0,0.023883511433308864,False,False,E-U
44,iid,2,,N,all_success,C_equal_mask,0,157,0.0,0,0.023883511433308864,False,False,E-U
44,iid,2,,F,both_correct,C,0,157,0.0,0,0.023883511433308864,False,False,E-U
44,iid,2,,F,only_left_correct,C,157,157,1.0,0.976116488566691,0.9999999999999999,False,False,E-U
44,iid,2,,F,only_right_correct,C,0,157,0.0,0,0.023883511433308864,False,False,E-U
44,iid,2,,F,both_wrong,C,0,157,0.0,0,0.023883511433308864,False,False,E-U
44,iid,2,,F,all_success,C,0,157,0.0,0,0.023883511433308864,False,False,E-U
44,iid,2,,F,both_correct,C_equal_mask,0,157,0.0,0,0.023883511433308864,False,False,E-U
44,iid,2,,F,only_left_correct,C_equal_mask,157,157,1.0,0.976116488566691,0.9999999999999999,False,False,E-U
44,iid,2,,F,only_right_correct,C_equal_mask,0,157,0.0,0,0.023883511433308864,False,False,E-U
44,iid,2,,F,both_wrong,C_equal_mask,0,157,0.0,0,0.023883511433308864,False,False,E-U
44,iid,2,,F,all_success,C_equal_mask,0,157,0.0,0,0.023883511433308864,False,False,E-U
44,iid,2,,P,both_correct,C,0,95,0.0,0,0.038864853539472964,False,False,E-G
44,iid,2,,P,only_left_correct,C,95,95,1.0,0.9611351464605271,1,False,False,E-G
44,iid,2,,P,only_right_correct,C,0,95,0.0,0,0.038864853539472964,False,False,E-G
44,iid,2,,P,both_wrong,C,0,95,0.0,0,0.038864853539472964,False,False,E-G
44,iid,2,,P,all_success,C,0,95,0.0,0,0.038864853539472964,False,False,E-G
44,iid,2,,P,both_correct,C_equal_mask,0,95,0.0,0,0.038864853539472964,False,False,E-G
44,iid,2,,P,only_left_correct,C_equal_mask,95,95,1.0,0.9611351464605271,1,False,False,E-G
44,iid,2,,P,only_right_correct,C_equal_mask,0,95,0.0,0,0.038864853539472964,False,False,E-G
44,iid,2,,P,both_wrong,C_equal_mask,0,95,0.0,0,0.038864853539472964,False,False,E-G
44,iid,2,,P,all_success,C_equal_mask,0,95,0.0,0,0.038864853539472964,False,False,E-G
44,iid,2,,N,both_correct,C,0,95,0.0,0,0.038864853539472964,False,False,E-G
44,iid,2,,N,only_left_correct,C,95,95,1.0,0.9611351464605271,1,False,False,E-G
44,iid,2,,N,only_right_correct,C,0,95,0.0,0,0.038864853539472964,False,False,E-G
44,iid,2,,N,both_wrong,C,0,95,0.0,0,0.038864853539472964,False,False,E-G
44,iid,2,,N,all_success,C,0,95,0.0,0,0.038864853539472964,False,False,E-G
44,iid,2,,N,both_correct,C_equal_mask,0,95,0.0,0,0.038864853539472964,False,False,E-G
44,iid,2,,N,only_left_correct,C_equal_mask,95,95,1.0,0.9611351464605271,1,False,False,E-G
44,iid,2,,N,only_right_correct,C_equal_mask,0,95,0.0,0,0.038864853539472964,False,False,E-G
44,iid,2,,N,both_wrong,C_equal_mask,0,95,0.0,0,0.038864853539472964,False,False,E-G
44,iid,2,,N,all_success,C_equal_mask,0,95,0.0,0,0.038864853539472964,False,False,E-G
44,iid,2,,F,both_correct,C,0,95,0.0,0,0.038864853539472964,False,False,E-G
44,iid,2,,F,only_left_correct,C,95,95,1.0,0.9611351464605271,1,False,False,E-G
44,iid,2,,F,only_right_correct,C,0,95,0.0,0,0.038864853539472964,False,False,E-G
44,iid,2,,F,both_wrong,C,0,95,0.0,0,0.038864853539472964,False,False,E-G
44,iid,2,,F,all_success,C,0,95,0.0,0,0.038864853539472964,False,False,E-G
44,iid,2,,F,both_correct,C_equal_mask,0,95,0.0,0,0.038864853539472964,False,False,E-G
44,iid,2,,F,only_left_correct,C_equal_mask,95,95,1.0,0.9611351464605271,1,False,False,E-G
44,iid,2,,F,only_right_correct,C_equal_mask,0,95,0.0,0,0.038864853539472964,False,False,E-G
44,iid,2,,F,both_wrong,C_equal_mask,0,95,0.0,0,0.038864853539472964,False,False,E-G
44,iid,2,,F,all_success,C_equal_mask,0,95,0.0,0,0.038864853539472964,False,False,E-G
44,iid,2,,F,both_correct,pair_C_intersection,0,157,0.0,0,0.023883511433308864,False,False,P-U
44,iid,2,,F,only_left_correct,pair_C_intersection,0,157,0.0,0,0.023883511433308864,False,False,P-U
44,iid,2,,F,only_right_correct,pair_C_intersection,0,157,0.0,0,0.023883511433308864,False,False,P-U
44,iid,2,,F,both_wrong,pair_C_intersection,157,157,1.0,0.976116488566691,0.9999999999999999,False,False,P-U
44,iid,2,,F,all_success,pair_C_intersection,0,157,0.0,0,0.023883511433308864,False,False,P-U
44,iid,2,,F,both_correct,pair_C_intersection,0,95,0.0,0,0.038864853539472964,False,False,P-G
44,iid,2,,F,only_left_correct,pair_C_intersection,0,95,0.0,0,0.038864853539472964,False,False,P-G
44,iid,2,,F,only_right_correct,pair_C_intersection,0,95,0.0,0,0.038864853539472964,False,False,P-G
44,iid,2,,F,both_wrong,pair_C_intersection,95,95,1.0,0.9611351464605271,1,False,False,P-G
44,iid,2,,F,all_success,pair_C_intersection,0,95,0.0,0,0.038864853539472964,False,False,P-G
44,iid,2,,F,both_correct,pair_C_intersection,0,92,0.0,0,0.04008138928562172,False,False,U-G
44,iid,2,,F,only_left_correct,pair_C_intersection,0,92,0.0,0,0.04008138928562172,False,False,U-G
44,iid,2,,F,only_right_correct,pair_C_intersection,0,92,0.0,0,0.04008138928562172,False,False,U-G
44,iid,2,,F,both_wrong,pair_C_intersection,92,92,1.0,0.9599186107143782,1,False,False,U-G
44,iid,2,,F,all_success,pair_C_intersection,0,92,0.0,0,0.04008138928562172,False,False,U-G
44,iid,2,,F,all_success,triple_C_intersection,0,92,0.0,0,0.04008138928562172,False,False,P-U-G
44,iid,0,,P,both_correct,C,0,160,0.0,0,0.02344619517150519,False,False,E-P
44,iid,0,,P,only_left_correct,C,160,160,1.0,0.9765538048284949,1,False,False,E-P
44,iid,0,,P,only_right_correct,C,0,160,0.0,0,0.02344619517150519,False,False,E-P
44,iid,0,,P,both_wrong,C,0,160,0.0,0,0.02344619517150519,False,False,E-P
44,iid,0,,P,all_success,C,0,160,0.0,0,0.02344619517150519,False,False,E-P
44,iid,0,,P,both_correct,C_equal_mask,0,160,0.0,0,0.02344619517150519,False,False,E-P
44,iid,0,,P,only_left_correct,C_equal_mask,160,160,1.0,0.9765538048284949,1,False,False,E-P
44,iid,0,,P,only_right_correct,C_equal_mask,0,160,0.0,0,0.02344619517150519,False,False,E-P
44,iid,0,,P,both_wrong,C_equal_mask,0,160,0.0,0,0.02344619517150519,False,False,E-P
44,iid,0,,P,all_success,C_equal_mask,0,160,0.0,0,0.02344619517150519,False,False,E-P
44,iid,0,,N,both_correct,C,0,160,0.0,0,0.02344619517150519,False,False,E-P
44,iid,0,,N,only_left_correct,C,160,160,1.0,0.9765538048284949,1,False,False,E-P
44,iid,0,,N,only_right_correct,C,0,160,0.0,0,0.02344619517150519,False,False,E-P
44,iid,0,,N,both_wrong,C,0,160,0.0,0,0.02344619517150519,False,False,E-P
44,iid,0,,N,all_success,C,0,160,0.0,0,0.02344619517150519,False,False,E-P
44,iid,0,,N,both_correct,C_equal_mask,0,160,0.0,0,0.02344619517150519,False,False,E-P
44,iid,0,,N,only_left_correct,C_equal_mask,160,160,1.0,0.9765538048284949,1,False,False,E-P
44,iid,0,,N,only_right_correct,C_equal_mask,0,160,0.0,0,0.02344619517150519,False,False,E-P
44,iid,0,,N,both_wrong,C_equal_mask,0,160,0.0,0,0.02344619517150519,False,False,E-P
44,iid,0,,N,all_success,C_equal_mask,0,160,0.0,0,0.02344619517150519,False,False,E-P
44,iid,0,,F,both_correct,C,160,160,1.0,0.9765538048284949,1,False,False,E-P
44,iid,0,,F,only_left_correct,C,0,160,0.0,0,0.02344619517150519,False,False,E-P
44,iid,0,,F,only_right_correct,C,0,160,0.0,0,0.02344619517150519,False,False,E-P
44,iid,0,,F,both_wrong,C,0,160,0.0,0,0.02344619517150519,False,False,E-P
44,iid,0,,F,all_success,C,160,160,1.0,0.9765538048284949,1,False,False,E-P
44,iid,0,,F,both_correct,C_equal_mask,160,160,1.0,0.9765538048284949,1,False,False,E-P
44,iid,0,,F,only_left_correct,C_equal_mask,0,160,0.0,0,0.02344619517150519,False,False,E-P
44,iid,0,,F,only_right_correct,C_equal_mask,0,160,0.0,0,0.02344619517150519,False,False,E-P
44,iid,0,,F,both_wrong,C_equal_mask,0,160,0.0,0,0.02344619517150519,False,False,E-P
44,iid,0,,F,all_success,C_equal_mask,160,160,1.0,0.9765538048284949,1,False,False,E-P
44,iid,0,,P,both_correct,C,0,160,0.0,0,0.02344619517150519,False,False,E-U
44,iid,0,,P,only_left_correct,C,160,160,1.0,0.9765538048284949,1,False,False,E-U
44,iid,0,,P,only_right_correct,C,0,160,0.0,0,0.02344619517150519,False,False,E-U
44,iid,0,,P,both_wrong,C,0,160,0.0,0,0.02344619517150519,False,False,E-U
44,iid,0,,P,all_success,C,0,160,0.0,0,0.02344619517150519,False,False,E-U
44,iid,0,,P,both_correct,C_equal_mask,0,160,0.0,0,0.02344619517150519,False,False,E-U
44,iid,0,,P,only_left_correct,C_equal_mask,160,160,1.0,0.9765538048284949,1,False,False,E-U
44,iid,0,,P,only_right_correct,C_equal_mask,0,160,0.0,0,0.02344619517150519,False,False,E-U
44,iid,0,,P,both_wrong,C_equal_mask,0,160,0.0,0,0.02344619517150519,False,False,E-U
44,iid,0,,P,all_success,C_equal_mask,0,160,0.0,0,0.02344619517150519,False,False,E-U
44,iid,0,,N,both_correct,C,0,160,0.0,0,0.02344619517150519,False,False,E-U
44,iid,0,,N,only_left_correct,C,160,160,1.0,0.9765538048284949,1,False,False,E-U
44,iid,0,,N,only_right_correct,C,0,160,0.0,0,0.02344619517150519,False,False,E-U
44,iid,0,,N,both_wrong,C,0,160,0.0,0,0.02344619517150519,False,False,E-U
44,iid,0,,N,all_success,C,0,160,0.0,0,0.02344619517150519,False,False,E-U
44,iid,0,,N,both_correct,C_equal_mask,0,160,0.0,0,0.02344619517150519,False,False,E-U
44,iid,0,,N,only_left_correct,C_equal_mask,160,160,1.0,0.9765538048284949,1,False,False,E-U
44,iid,0,,N,only_right_correct,C_equal_mask,0,160,0.0,0,0.02344619517150519,False,False,E-U
44,iid,0,,N,both_wrong,C_equal_mask,0,160,0.0,0,0.02344619517150519,False,False,E-U
44,iid,0,,N,all_success,C_equal_mask,0,160,0.0,0,0.02344619517150519,False,False,E-U
44,iid,0,,F,both_correct,C,160,160,1.0,0.9765538048284949,1,False,False,E-U
44,iid,0,,F,only_left_correct,C,0,160,0.0,0,0.02344619517150519,False,False,E-U
44,iid,0,,F,only_right_correct,C,0,160,0.0,0,0.02344619517150519,False,False,E-U
44,iid,0,,F,both_wrong,C,0,160,0.0,0,0.02344619517150519,False,False,E-U
44,iid,0,,F,all_success,C,160,160,1.0,0.9765538048284949,1,False,False,E-U
44,iid,0,,F,both_correct,C_equal_mask,160,160,1.0,0.9765538048284949,1,False,False,E-U
44,iid,0,,F,only_left_correct,C_equal_mask,0,160,0.0,0,0.02344619517150519,False,False,E-U
44,iid,0,,F,only_right_correct,C_equal_mask,0,160,0.0,0,0.02344619517150519,False,False,E-U
44,iid,0,,F,both_wrong,C_equal_mask,0,160,0.0,0,0.02344619517150519,False,False,E-U
44,iid,0,,F,all_success,C_equal_mask,160,160,1.0,0.9765538048284949,1,False,False,E-U
44,iid,0,,P,both_correct,C,0,160,0.0,0,0.02344619517150519,False,False,E-G
44,iid,0,,P,only_left_correct,C,160,160,1.0,0.9765538048284949,1,False,False,E-G
44,iid,0,,P,only_right_correct,C,0,160,0.0,0,0.02344619517150519,False,False,E-G
44,iid,0,,P,both_wrong,C,0,160,0.0,0,0.02344619517150519,False,False,E-G
44,iid,0,,P,all_success,C,0,160,0.0,0,0.02344619517150519,False,False,E-G
44,iid,0,,P,both_correct,C_equal_mask,0,160,0.0,0,0.02344619517150519,False,False,E-G
44,iid,0,,P,only_left_correct,C_equal_mask,160,160,1.0,0.9765538048284949,1,False,False,E-G
44,iid,0,,P,only_right_correct,C_equal_mask,0,160,0.0,0,0.02344619517150519,False,False,E-G
44,iid,0,,P,both_wrong,C_equal_mask,0,160,0.0,0,0.02344619517150519,False,False,E-G
44,iid,0,,P,all_success,C_equal_mask,0,160,0.0,0,0.02344619517150519,False,False,E-G
44,iid,0,,N,both_correct,C,0,160,0.0,0,0.02344619517150519,False,False,E-G
44,iid,0,,N,only_left_correct,C,160,160,1.0,0.9765538048284949,1,False,False,E-G
44,iid,0,,N,only_right_correct,C,0,160,0.0,0,0.02344619517150519,False,False,E-G
44,iid,0,,N,both_wrong,C,0,160,0.0,0,0.02344619517150519,False,False,E-G
44,iid,0,,N,all_success,C,0,160,0.0,0,0.02344619517150519,False,False,E-G
44,iid,0,,N,both_correct,C_equal_mask,0,160,0.0,0,0.02344619517150519,False,False,E-G
44,iid,0,,N,only_left_correct,C_equal_mask,160,160,1.0,0.9765538048284949,1,False,False,E-G
44,iid,0,,N,only_right_correct,C_equal_mask,0,160,0.0,0,0.02344619517150519,False,False,E-G
44,iid,0,,N,both_wrong,C_equal_mask,0,160,0.0,0,0.02344619517150519,False,False,E-G
44,iid,0,,N,all_success,C_equal_mask,0,160,0.0,0,0.02344619517150519,False,False,E-G
44,iid,0,,F,both_correct,C,134,160,0.8375,0.7725474698683045,0.8866263483909297,False,False,E-G
44,iid,0,,F,only_left_correct,C,26,160,0.1625,0.11337365160907037,0.22745253013169564,False,False,E-G
44,iid,0,,F,only_right_correct,C,0,160,0.0,0,0.02344619517150519,False,False,E-G
44,iid,0,,F,both_wrong,C,0,160,0.0,0,0.02344619517150519,False,False,E-G
44,iid,0,,F,all_success,C,134,160,0.8375,0.7725474698683045,0.8866263483909297,False,False,E-G
44,iid,0,,F,both_correct,C_equal_mask,134,160,0.8375,0.7725474698683045,0.8866263483909297,False,False,E-G
44,iid,0,,F,only_left_correct,C_equal_mask,26,160,0.1625,0.11337365160907037,0.22745253013169564,False,False,E-G
44,iid,0,,F,only_right_correct,C_equal_mask,0,160,0.0,0,0.02344619517150519,False,False,E-G
44,iid,0,,F,both_wrong,C_equal_mask,0,160,0.0,0,0.02344619517150519,False,False,E-G
44,iid,0,,F,all_success,C_equal_mask,134,160,0.8375,0.7725474698683045,0.8866263483909297,False,False,E-G
44,iid,0,,F,both_correct,pair_C_intersection,160,160,1.0,0.9765538048284949,1,False,False,P-U
44,iid,0,,F,only_left_correct,pair_C_intersection,0,160,0.0,0,0.02344619517150519,False,False,P-U
44,iid,0,,F,only_right_correct,pair_C_intersection,0,160,0.0,0,0.02344619517150519,False,False,P-U
44,iid,0,,F,both_wrong,pair_C_intersection,0,160,0.0,0,0.02344619517150519,False,False,P-U
44,iid,0,,F,all_success,pair_C_intersection,160,160,1.0,0.9765538048284949,1,False,False,P-U
44,iid,0,,F,both_correct,pair_C_intersection,134,160,0.8375,0.7725474698683045,0.8866263483909297,False,False,P-G
44,iid,0,,F,only_left_correct,pair_C_intersection,26,160,0.1625,0.11337365160907037,0.22745253013169564,False,False,P-G
44,iid,0,,F,only_right_correct,pair_C_intersection,0,160,0.0,0,0.02344619517150519,False,False,P-G
44,iid,0,,F,both_wrong,pair_C_intersection,0,160,0.0,0,0.02344619517150519,False,False,P-G
44,iid,0,,F,all_success,pair_C_intersection,134,160,0.8375,0.7725474698683045,0.8866263483909297,False,False,P-G
44,iid,0,,F,both_correct,pair_C_intersection,134,160,0.8375,0.7725474698683045,0.8866263483909297,False,False,U-G
44,iid,0,,F,only_left_correct,pair_C_intersection,26,160,0.1625,0.11337365160907037,0.22745253013169564,False,False,U-G
44,iid,0,,F,only_right_correct,pair_C_intersection,0,160,0.0,0,0.02344619517150519,False,False,U-G
44,iid,0,,F,both_wrong,pair_C_intersection,0,160,0.0,0,0.02344619517150519,False,False,U-G
44,iid,0,,F,all_success,pair_C_intersection,134,160,0.8375,0.7725474698683045,0.8866263483909297,False,False,U-G
44,iid,0,,F,all_success,triple_C_intersection,134,160,0.8375,0.7725474698683045,0.8866263483909297,False,False,P-U-G
44,iid,-1,,P,both_correct,C,160,160,1.0,0.9765538048284949,1,False,False,E-P
44,iid,-1,,P,only_left_correct,C,0,160,0.0,0,0.02344619517150519,False,False,E-P
44,iid,-1,,P,only_right_correct,C,0,160,0.0,0,0.02344619517150519,False,False,E-P
44,iid,-1,,P,both_wrong,C,0,160,0.0,0,0.02344619517150519,False,False,E-P
44,iid,-1,,P,all_success,C,160,160,1.0,0.9765538048284949,1,False,False,E-P
44,iid,-1,,P,both_correct,C_equal_mask,160,160,1.0,0.9765538048284949,1,False,False,E-P
44,iid,-1,,P,only_left_correct,C_equal_mask,0,160,0.0,0,0.02344619517150519,False,False,E-P
44,iid,-1,,P,only_right_correct,C_equal_mask,0,160,0.0,0,0.02344619517150519,False,False,E-P
44,iid,-1,,P,both_wrong,C_equal_mask,0,160,0.0,0,0.02344619517150519,False,False,E-P
44,iid,-1,,P,all_success,C_equal_mask,160,160,1.0,0.9765538048284949,1,False,False,E-P
44,iid,-1,,N,both_correct,C,160,160,1.0,0.9765538048284949,1,False,False,E-P
44,iid,-1,,N,only_left_correct,C,0,160,0.0,0,0.02344619517150519,False,False,E-P
44,iid,-1,,N,only_right_correct,C,0,160,0.0,0,0.02344619517150519,False,False,E-P
44,iid,-1,,N,both_wrong,C,0,160,0.0,0,0.02344619517150519,False,False,E-P
44,iid,-1,,N,all_success,C,160,160,1.0,0.9765538048284949,1,False,False,E-P
44,iid,-1,,N,both_correct,C_equal_mask,160,160,1.0,0.9765538048284949,1,False,False,E-P
44,iid,-1,,N,only_left_correct,C_equal_mask,0,160,0.0,0,0.02344619517150519,False,False,E-P
44,iid,-1,,N,only_right_correct,C_equal_mask,0,160,0.0,0,0.02344619517150519,False,False,E-P
44,iid,-1,,N,both_wrong,C_equal_mask,0,160,0.0,0,0.02344619517150519,False,False,E-P
44,iid,-1,,N,all_success,C_equal_mask,160,160,1.0,0.9765538048284949,1,False,False,E-P
44,iid,-1,,F,both_correct,C,144,160,0.9,0.8437374796961266,0.9375055641666694,False,False,E-P
44,iid,-1,,F,only_left_correct,C,16,160,0.1,0.06249443583333063,0.15626252030387355,False,False,E-P
44,iid,-1,,F,only_right_correct,C,0,160,0.0,0,0.02344619517150519,False,False,E-P
44,iid,-1,,F,both_wrong,C,0,160,0.0,0,0.02344619517150519,False,False,E-P
44,iid,-1,,F,all_success,C,144,160,0.9,0.8437374796961266,0.9375055641666694,False,False,E-P
44,iid,-1,,F,both_correct,C_equal_mask,144,160,0.9,0.8437374796961266,0.9375055641666694,False,False,E-P
44,iid,-1,,F,only_left_correct,C_equal_mask,16,160,0.1,0.06249443583333063,0.15626252030387355,False,False,E-P
44,iid,-1,,F,only_right_correct,C_equal_mask,0,160,0.0,0,0.02344619517150519,False,False,E-P
44,iid,-1,,F,both_wrong,C_equal_mask,0,160,0.0,0,0.02344619517150519,False,False,E-P
44,iid,-1,,F,all_success,C_equal_mask,144,160,0.9,0.8437374796961266,0.9375055641666694,False,False,E-P
44,iid,-1,,P,both_correct,C,160,160,1.0,0.9765538048284949,1,False,False,E-U
44,iid,-1,,P,only_left_correct,C,0,160,0.0,0,0.02344619517150519,False,False,E-U
44,iid,-1,,P,only_right_correct,C,0,160,0.0,0,0.02344619517150519,False,False,E-U
44,iid,-1,,P,both_wrong,C,0,160,0.0,0,0.02344619517150519,False,False,E-U
44,iid,-1,,P,all_success,C,160,160,1.0,0.9765538048284949,1,False,False,E-U
44,iid,-1,,P,both_correct,C_equal_mask,160,160,1.0,0.9765538048284949,1,False,False,E-U
44,iid,-1,,P,only_left_correct,C_equal_mask,0,160,0.0,0,0.02344619517150519,False,False,E-U
44,iid,-1,,P,only_right_correct,C_equal_mask,0,160,0.0,0,0.02344619517150519,False,False,E-U
44,iid,-1,,P,both_wrong,C_equal_mask,0,160,0.0,0,0.02344619517150519,False,False,E-U
44,iid,-1,,P,all_success,C_equal_mask,160,160,1.0,0.9765538048284949,1,False,False,E-U
44,iid,-1,,N,both_correct,C,160,160,1.0,0.9765538048284949,1,False,False,E-U
44,iid,-1,,N,only_left_correct,C,0,160,0.0,0,0.02344619517150519,False,False,E-U
44,iid,-1,,N,only_right_correct,C,0,160,0.0,0,0.02344619517150519,False,False,E-U
44,iid,-1,,N,both_wrong,C,0,160,0.0,0,0.02344619517150519,False,False,E-U
44,iid,-1,,N,all_success,C,160,160,1.0,0.9765538048284949,1,False,False,E-U
44,iid,-1,,N,both_correct,C_equal_mask,160,160,1.0,0.9765538048284949,1,False,False,E-U
44,iid,-1,,N,only_left_correct,C_equal_mask,0,160,0.0,0,0.02344619517150519,False,False,E-U
44,iid,-1,,N,only_right_correct,C_equal_mask,0,160,0.0,0,0.02344619517150519,False,False,E-U
44,iid,-1,,N,both_wrong,C_equal_mask,0,160,0.0,0,0.02344619517150519,False,False,E-U
44,iid,-1,,N,all_success,C_equal_mask,160,160,1.0,0.9765538048284949,1,False,False,E-U
44,iid,-1,,F,both_correct,C,20,160,0.125,0.08239453584444192,0.18519011053418696,False,False,E-U
44,iid,-1,,F,only_left_correct,C,140,160,0.875,0.814809889465813,0.9176054641555581,False,False,E-U
44,iid,-1,,F,only_right_correct,C,0,160,0.0,0,0.02344619517150519,False,False,E-U
44,iid,-1,,F,both_wrong,C,0,160,0.0,0,0.02344619517150519,False,False,E-U
44,iid,-1,,F,all_success,C,20,160,0.125,0.08239453584444192,0.18519011053418696,False,False,E-U
44,iid,-1,,F,both_correct,C_equal_mask,20,160,0.125,0.08239453584444192,0.18519011053418696,False,False,E-U
44,iid,-1,,F,only_left_correct,C_equal_mask,140,160,0.875,0.814809889465813,0.9176054641555581,False,False,E-U
44,iid,-1,,F,only_right_correct,C_equal_mask,0,160,0.0,0,0.02344619517150519,False,False,E-U
44,iid,-1,,F,both_wrong,C_equal_mask,0,160,0.0,0,0.02344619517150519,False,False,E-U
44,iid,-1,,F,all_success,C_equal_mask,20,160,0.125,0.08239453584444192,0.18519011053418696,False,False,E-U
44,iid,-1,,P,both_correct,C,160,160,1.0,0.9765538048284949,1,False,False,E-G
44,iid,-1,,P,only_left_correct,C,0,160,0.0,0,0.02344619517150519,False,False,E-G
44,iid,-1,,P,only_right_correct,C,0,160,0.0,0,0.02344619517150519,False,False,E-G
44,iid,-1,,P,both_wrong,C,0,160,0.0,0,0.02344619517150519,False,False,E-G
44,iid,-1,,P,all_success,C,160,160,1.0,0.9765538048284949,1,False,False,E-G
44,iid,-1,,P,both_correct,C_equal_mask,160,160,1.0,0.9765538048284949,1,False,False,E-G
44,iid,-1,,P,only_left_correct,C_equal_mask,0,160,0.0,0,0.02344619517150519,False,False,E-G
44,iid,-1,,P,only_right_correct,C_equal_mask,0,160,0.0,0,0.02344619517150519,False,False,E-G
44,iid,-1,,P,both_wrong,C_equal_mask,0,160,0.0,0,0.02344619517150519,False,False,E-G
44,iid,-1,,P,all_success,C_equal_mask,160,160,1.0,0.9765538048284949,1,False,False,E-G
44,iid,-1,,N,both_correct,C,160,160,1.0,0.9765538048284949,1,False,False,E-G
44,iid,-1,,N,only_left_correct,C,0,160,0.0,0,0.02344619517150519,False,False,E-G
44,iid,-1,,N,only_right_correct,C,0,160,0.0,0,0.02344619517150519,False,False,E-G
44,iid,-1,,N,both_wrong,C,0,160,0.0,0,0.02344619517150519,False,False,E-G
44,iid,-1,,N,all_success,C,160,160,1.0,0.9765538048284949,1,False,False,E-G
44,iid,-1,,N,both_correct,C_equal_mask,160,160,1.0,0.9765538048284949,1,False,False,E-G
44,iid,-1,,N,only_left_correct,C_equal_mask,0,160,0.0,0,0.02344619517150519,False,False,E-G
44,iid,-1,,N,only_right_correct,C_equal_mask,0,160,0.0,0,0.02344619517150519,False,False,E-G
44,iid,-1,,N,both_wrong,C_equal_mask,0,160,0.0,0,0.02344619517150519,False,False,E-G
44,iid,-1,,N,all_success,C_equal_mask,160,160,1.0,0.9765538048284949,1,False,False,E-G
44,iid,-1,,F,both_correct,C,160,160,1.0,0.9765538048284949,1,False,False,E-G
44,iid,-1,,F,only_left_correct,C,0,160,0.0,0,0.02344619517150519,False,False,E-G
44,iid,-1,,F,only_right_correct,C,0,160,0.0,0,0.02344619517150519,False,False,E-G
44,iid,-1,,F,both_wrong,C,0,160,0.0,0,0.02344619517150519,False,False,E-G
44,iid,-1,,F,all_success,C,160,160,1.0,0.9765538048284949,1,False,False,E-G
44,iid,-1,,F,both_correct,C_equal_mask,160,160,1.0,0.9765538048284949,1,False,False,E-G
44,iid,-1,,F,only_left_correct,C_equal_mask,0,160,0.0,0,0.02344619517150519,False,False,E-G
44,iid,-1,,F,only_right_correct,C_equal_mask,0,160,0.0,0,0.02344619517150519,False,False,E-G
44,iid,-1,,F,both_wrong,C_equal_mask,0,160,0.0,0,0.02344619517150519,False,False,E-G
44,iid,-1,,F,all_success,C_equal_mask,160,160,1.0,0.9765538048284949,1,False,False,E-G
44,iid,-1,,F,both_correct,pair_C_intersection,20,160,0.125,0.08239453584444192,0.18519011053418696,False,False,P-U
44,iid,-1,,F,only_left_correct,pair_C_intersection,124,160,0.775,0.7042871956457765,0.8328173970098957,False,False,P-U
44,iid,-1,,F,only_right_correct,pair_C_intersection,0,160,0.0,0,0.02344619517150519,False,False,P-U
44,iid,-1,,F,both_wrong,pair_C_intersection,16,160,0.1,0.06249443583333063,0.15626252030387355,False,False,P-U
44,iid,-1,,F,all_success,pair_C_intersection,20,160,0.125,0.08239453584444192,0.18519011053418696,False,False,P-U
44,iid,-1,,F,both_correct,pair_C_intersection,144,160,0.9,0.8437374796961266,0.9375055641666694,False,False,P-G
44,iid,-1,,F,only_left_correct,pair_C_intersection,0,160,0.0,0,0.02344619517150519,False,False,P-G
44,iid,-1,,F,only_right_correct,pair_C_intersection,16,160,0.1,0.06249443583333063,0.15626252030387355,False,False,P-G
44,iid,-1,,F,both_wrong,pair_C_intersection,0,160,0.0,0,0.02344619517150519,False,False,P-G
44,iid,-1,,F,all_success,pair_C_intersection,144,160,0.9,0.8437374796961266,0.9375055641666694,False,False,P-G
44,iid,-1,,F,both_correct,pair_C_intersection,20,160,0.125,0.08239453584444192,0.18519011053418696,False,False,U-G
44,iid,-1,,F,only_left_correct,pair_C_intersection,0,160,0.0,0,0.02344619517150519,False,False,U-G
44,iid,-1,,F,only_right_correct,pair_C_intersection,140,160,0.875,0.814809889465813,0.9176054641555581,False,False,U-G
44,iid,-1,,F,both_wrong,pair_C_intersection,0,160,0.0,0,0.02344619517150519,False,False,U-G
44,iid,-1,,F,all_success,pair_C_intersection,20,160,0.125,0.08239453584444192,0.18519011053418696,False,False,U-G
44,iid,-1,,F,all_success,triple_C_intersection,20,160,0.125,0.08239453584444192,0.18519011053418696,False,False,P-U-G
44,iid,-2,,P,both_correct,C,0,160,0.0,0,0.02344619517150519,False,False,E-P
44,iid,-2,,P,only_left_correct,C,160,160,1.0,0.9765538048284949,1,False,False,E-P
44,iid,-2,,P,only_right_correct,C,0,160,0.0,0,0.02344619517150519,False,False,E-P
44,iid,-2,,P,both_wrong,C,0,160,0.0,0,0.02344619517150519,False,False,E-P
44,iid,-2,,P,all_success,C,0,160,0.0,0,0.02344619517150519,False,False,E-P
44,iid,-2,,P,both_correct,C_equal_mask,0,0,,,,True,True,E-P
44,iid,-2,,P,only_left_correct,C_equal_mask,0,0,,,,True,True,E-P
44,iid,-2,,P,only_right_correct,C_equal_mask,0,0,,,,True,True,E-P
44,iid,-2,,P,both_wrong,C_equal_mask,0,0,,,,True,True,E-P
44,iid,-2,,P,all_success,C_equal_mask,0,0,,,,True,True,E-P
44,iid,-2,,N,both_correct,C,0,160,0.0,0,0.02344619517150519,False,False,E-P
44,iid,-2,,N,only_left_correct,C,160,160,1.0,0.9765538048284949,1,False,False,E-P
44,iid,-2,,N,only_right_correct,C,0,160,0.0,0,0.02344619517150519,False,False,E-P
44,iid,-2,,N,both_wrong,C,0,160,0.0,0,0.02344619517150519,False,False,E-P
44,iid,-2,,N,all_success,C,0,160,0.0,0,0.02344619517150519,False,False,E-P
44,iid,-2,,N,both_correct,C_equal_mask,0,0,,,,True,True,E-P
44,iid,-2,,N,only_left_correct,C_equal_mask,0,0,,,,True,True,E-P
44,iid,-2,,N,only_right_correct,C_equal_mask,0,0,,,,True,True,E-P
44,iid,-2,,N,both_wrong,C_equal_mask,0,0,,,,True,True,E-P
44,iid,-2,,N,all_success,C_equal_mask,0,0,,,,True,True,E-P
44,iid,-2,,F,both_correct,C,0,160,0.0,0,0.02344619517150519,False,False,E-P
44,iid,-2,,F,only_left_correct,C,160,160,1.0,0.9765538048284949,1,False,False,E-P
44,iid,-2,,F,only_right_correct,C,0,160,0.0,0,0.02344619517150519,False,False,E-P
44,iid,-2,,F,both_wrong,C,0,160,0.0,0,0.02344619517150519,False,False,E-P
44,iid,-2,,F,all_success,C,0,160,0.0,0,0.02344619517150519,False,False,E-P
44,iid,-2,,F,both_correct,C_equal_mask,0,0,,,,True,True,E-P
44,iid,-2,,F,only_left_correct,C_equal_mask,0,0,,,,True,True,E-P
44,iid,-2,,F,only_right_correct,C_equal_mask,0,0,,,,True,True,E-P
44,iid,-2,,F,both_wrong,C_equal_mask,0,0,,,,True,True,E-P
44,iid,-2,,F,all_success,C_equal_mask,0,0,,,,True,True,E-P
44,iid,-2,,P,both_correct,C,0,160,0.0,0,0.02344619517150519,False,False,E-U
44,iid,-2,,P,only_left_correct,C,160,160,1.0,0.9765538048284949,1,False,False,E-U
44,iid,-2,,P,only_right_correct,C,0,160,0.0,0,0.02344619517150519,False,False,E-U
44,iid,-2,,P,both_wrong,C,0,160,0.0,0,0.02344619517150519,False,False,E-U
44,iid,-2,,P,all_success,C,0,160,0.0,0,0.02344619517150519,False,False,E-U
44,iid,-2,,P,both_correct,C_equal_mask,0,0,,,,True,True,E-U
44,iid,-2,,P,only_left_correct,C_equal_mask,0,0,,,,True,True,E-U
44,iid,-2,,P,only_right_correct,C_equal_mask,0,0,,,,True,True,E-U
44,iid,-2,,P,both_wrong,C_equal_mask,0,0,,,,True,True,E-U
44,iid,-2,,P,all_success,C_equal_mask,0,0,,,,True,True,E-U
44,iid,-2,,N,both_correct,C,0,160,0.0,0,0.02344619517150519,False,False,E-U
44,iid,-2,,N,only_left_correct,C,160,160,1.0,0.9765538048284949,1,False,False,E-U
44,iid,-2,,N,only_right_correct,C,0,160,0.0,0,0.02344619517150519,False,False,E-U
44,iid,-2,,N,both_wrong,C,0,160,0.0,0,0.02344619517150519,False,False,E-U
44,iid,-2,,N,all_success,C,0,160,0.0,0,0.02344619517150519,False,False,E-U
44,iid,-2,,N,both_correct,C_equal_mask,0,0,,,,True,True,E-U
44,iid,-2,,N,only_left_correct,C_equal_mask,0,0,,,,True,True,E-U
44,iid,-2,,N,only_right_correct,C_equal_mask,0,0,,,,True,True,E-U
44,iid,-2,,N,both_wrong,C_equal_mask,0,0,,,,True,True,E-U
44,iid,-2,,N,all_success,C_equal_mask,0,0,,,,True,True,E-U
44,iid,-2,,F,both_correct,C,0,160,0.0,0,0.02344619517150519,False,False,E-U
44,iid,-2,,F,only_left_correct,C,160,160,1.0,0.9765538048284949,1,False,False,E-U
44,iid,-2,,F,only_right_correct,C,0,160,0.0,0,0.02344619517150519,False,False,E-U
44,iid,-2,,F,both_wrong,C,0,160,0.0,0,0.02344619517150519,False,False,E-U
44,iid,-2,,F,all_success,C,0,160,0.0,0,0.02344619517150519,False,False,E-U
44,iid,-2,,F,both_correct,C_equal_mask,0,0,,,,True,True,E-U
44,iid,-2,,F,only_left_correct,C_equal_mask,0,0,,,,True,True,E-U
44,iid,-2,,F,only_right_correct,C_equal_mask,0,0,,,,True,True,E-U
44,iid,-2,,F,both_wrong,C_equal_mask,0,0,,,,True,True,E-U
44,iid,-2,,F,all_success,C_equal_mask,0,0,,,,True,True,E-U
44,iid,-2,,P,both_correct,C,0,160,0.0,0,0.02344619517150519,False,False,E-G
44,iid,-2,,P,only_left_correct,C,160,160,1.0,0.9765538048284949,1,False,False,E-G
44,iid,-2,,P,only_right_correct,C,0,160,0.0,0,0.02344619517150519,False,False,E-G
44,iid,-2,,P,both_wrong,C,0,160,0.0,0,0.02344619517150519,False,False,E-G
44,iid,-2,,P,all_success,C,0,160,0.0,0,0.02344619517150519,False,False,E-G
44,iid,-2,,P,both_correct,C_equal_mask,0,0,,,,True,True,E-G
44,iid,-2,,P,only_left_correct,C_equal_mask,0,0,,,,True,True,E-G
44,iid,-2,,P,only_right_correct,C_equal_mask,0,0,,,,True,True,E-G
44,iid,-2,,P,both_wrong,C_equal_mask,0,0,,,,True,True,E-G
44,iid,-2,,P,all_success,C_equal_mask,0,0,,,,True,True,E-G
44,iid,-2,,N,both_correct,C,0,160,0.0,0,0.02344619517150519,False,False,E-G
44,iid,-2,,N,only_left_correct,C,160,160,1.0,0.9765538048284949,1,False,False,E-G
44,iid,-2,,N,only_right_correct,C,0,160,0.0,0,0.02344619517150519,False,False,E-G
44,iid,-2,,N,both_wrong,C,0,160,0.0,0,0.02344619517150519,False,False,E-G
44,iid,-2,,N,all_success,C,0,160,0.0,0,0.02344619517150519,False,False,E-G
44,iid,-2,,N,both_correct,C_equal_mask,0,0,,,,True,True,E-G
44,iid,-2,,N,only_left_correct,C_equal_mask,0,0,,,,True,True,E-G
44,iid,-2,,N,only_right_correct,C_equal_mask,0,0,,,,True,True,E-G
44,iid,-2,,N,both_wrong,C_equal_mask,0,0,,,,True,True,E-G
44,iid,-2,,N,all_success,C_equal_mask,0,0,,,,True,True,E-G
44,iid,-2,,F,both_correct,C,0,160,0.0,0,0.02344619517150519,False,False,E-G
44,iid,-2,,F,only_left_correct,C,160,160,1.0,0.9765538048284949,1,False,False,E-G
44,iid,-2,,F,only_right_correct,C,0,160,0.0,0,0.02344619517150519,False,False,E-G
44,iid,-2,,F,both_wrong,C,0,160,0.0,0,0.02344619517150519,False,False,E-G
44,iid,-2,,F,all_success,C,0,160,0.0,0,0.02344619517150519,False,False,E-G
44,iid,-2,,F,both_correct,C_equal_mask,0,0,,,,True,True,E-G
44,iid,-2,,F,only_left_correct,C_equal_mask,0,0,,,,True,True,E-G
44,iid,-2,,F,only_right_correct,C_equal_mask,0,0,,,,True,True,E-G
44,iid,-2,,F,both_wrong,C_equal_mask,0,0,,,,True,True,E-G
44,iid,-2,,F,all_success,C_equal_mask,0,0,,,,True,True,E-G
44,iid,-2,,F,both_correct,pair_C_intersection,0,160,0.0,0,0.02344619517150519,False,False,P-U
44,iid,-2,,F,only_left_correct,pair_C_intersection,0,160,0.0,0,0.02344619517150519,False,False,P-U
44,iid,-2,,F,only_right_correct,pair_C_intersection,0,160,0.0,0,0.02344619517150519,False,False,P-U
44,iid,-2,,F,both_wrong,pair_C_intersection,160,160,1.0,0.9765538048284949,1,False,False,P-U
44,iid,-2,,F,all_success,pair_C_intersection,0,160,0.0,0,0.02344619517150519,False,False,P-U
44,iid,-2,,F,both_correct,pair_C_intersection,0,160,0.0,0,0.02344619517150519,False,False,P-G
44,iid,-2,,F,only_left_correct,pair_C_intersection,0,160,0.0,0,0.02344619517150519,False,False,P-G
44,iid,-2,,F,only_right_correct,pair_C_intersection,0,160,0.0,0,0.02344619517150519,False,False,P-G
44,iid,-2,,F,both_wrong,pair_C_intersection,160,160,1.0,0.9765538048284949,1,False,False,P-G
44,iid,-2,,F,all_success,pair_C_intersection,0,160,0.0,0,0.02344619517150519,False,False,P-G
44,iid,-2,,F,both_correct,pair_C_intersection,0,160,0.0,0,0.02344619517150519,False,False,U-G
44,iid,-2,,F,only_left_correct,pair_C_intersection,0,160,0.0,0,0.02344619517150519,False,False,U-G
44,iid,-2,,F,only_right_correct,pair_C_intersection,0,160,0.0,0,0.02344619517150519,False,False,U-G
44,iid,-2,,F,both_wrong,pair_C_intersection,160,160,1.0,0.9765538048284949,1,False,False,U-G
44,iid,-2,,F,all_success,pair_C_intersection,0,160,0.0,0,0.02344619517150519,False,False,U-G
44,iid,-2,,F,all_success,triple_C_intersection,0,160,0.0,0,0.02344619517150519,False,False,P-U-G
44,template_ood,2,,P,both_correct,C,0,160,0.0,0,0.02344619517150519,False,False,E-P
44,template_ood,2,,P,only_left_correct,C,150,160,0.9375,0.8887842459710525,0.9657003332538804,False,False,E-P
44,template_ood,2,,P,only_right_correct,C,0,160,0.0,0,0.02344619517150519,False,False,E-P
44,template_ood,2,,P,both_wrong,C,10,160,0.0625,0.034299666746119624,0.11121575402894743,False,False,E-P
44,template_ood,2,,P,all_success,C,0,160,0.0,0,0.02344619517150519,False,False,E-P
44,template_ood,2,,P,both_correct,C_equal_mask,0,160,0.0,0,0.02344619517150519,False,False,E-P
44,template_ood,2,,P,only_left_correct,C_equal_mask,150,160,0.9375,0.8887842459710525,0.9657003332538804,False,False,E-P
44,template_ood,2,,P,only_right_correct,C_equal_mask,0,160,0.0,0,0.02344619517150519,False,False,E-P
44,template_ood,2,,P,both_wrong,C_equal_mask,10,160,0.0625,0.034299666746119624,0.11121575402894743,False,False,E-P
44,template_ood,2,,P,all_success,C_equal_mask,0,160,0.0,0,0.02344619517150519,False,False,E-P
44,template_ood,2,,N,both_correct,C,0,160,0.0,0,0.02344619517150519,False,False,E-P
44,template_ood,2,,N,only_left_correct,C,142,160,0.8875,0.8291855372862971,0.9276436614557864,False,False,E-P
44,template_ood,2,,N,only_right_correct,C,0,160,0.0,0,0.02344619517150519,False,False,E-P
44,template_ood,2,,N,both_wrong,C,18,160,0.1125,0.07235633854421358,0.17081446271370296,False,False,E-P
44,template_ood,2,,N,all_success,C,0,160,0.0,0,0.02344619517150519,False,False,E-P
44,template_ood,2,,N,both_correct,C_equal_mask,0,160,0.0,0,0.02344619517150519,False,False,E-P
44,template_ood,2,,N,only_left_correct,C_equal_mask,142,160,0.8875,0.8291855372862971,0.9276436614557864,False,False,E-P
44,template_ood,2,,N,only_right_correct,C_equal_mask,0,160,0.0,0,0.02344619517150519,False,False,E-P
44,template_ood,2,,N,both_wrong,C_equal_mask,18,160,0.1125,0.07235633854421358,0.17081446271370296,False,False,E-P
44,template_ood,2,,N,all_success,C_equal_mask,0,160,0.0,0,0.02344619517150519,False,False,E-P
44,template_ood,2,,F,both_correct,C,0,160,0.0,0,0.02344619517150519,False,False,E-P
44,template_ood,2,,F,only_left_correct,C,155,160,0.96875,0.9289397087143583,0.9865794833123556,False,False,E-P
44,template_ood,2,,F,only_right_correct,C,0,160,0.0,0,0.02344619517150519,False,False,E-P
44,template_ood,2,,F,both_wrong,C,5,160,0.03125,0.013420516687644407,0.07106029128564172,False,False,E-P
44,template_ood,2,,F,all_success,C,0,160,0.0,0,0.02344619517150519,False,False,E-P
44,template_ood,2,,F,both_correct,C_equal_mask,0,160,0.0,0,0.02344619517150519,False,False,E-P
44,template_ood,2,,F,only_left_correct,C_equal_mask,155,160,0.96875,0.9289397087143583,0.9865794833123556,False,False,E-P
44,template_ood,2,,F,only_right_correct,C_equal_mask,0,160,0.0,0,0.02344619517150519,False,False,E-P
44,template_ood,2,,F,both_wrong,C_equal_mask,5,160,0.03125,0.013420516687644407,0.07106029128564172,False,False,E-P
44,template_ood,2,,F,all_success,C_equal_mask,0,160,0.0,0,0.02344619517150519,False,False,E-P
44,template_ood,2,,P,both_correct,C,0,131,0.0,0,0.028488707065994576,False,False,E-U
44,template_ood,2,,P,only_left_correct,C,121,131,0.9236641221374046,0.8651791980212924,0.9580097601136282,False,False,E-U
44,template_ood,2,,P,only_right_correct,C,0,131,0.0,0,0.028488707065994576,False,False,E-U
44,template_ood,2,,P,both_wrong,C,10,131,0.07633587786259542,0.041990239886371815,0.13482080197870755,False,False,E-U
44,template_ood,2,,P,all_success,C,0,131,0.0,0,0.028488707065994576,False,False,E-U
44,template_ood,2,,P,both_correct,C_equal_mask,0,131,0.0,0,0.028488707065994576,False,False,E-U
44,template_ood,2,,P,only_left_correct,C_equal_mask,121,131,0.9236641221374046,0.8651791980212924,0.9580097601136282,False,False,E-U
44,template_ood,2,,P,only_right_correct,C_equal_mask,0,131,0.0,0,0.028488707065994576,False,False,E-U
44,template_ood,2,,P,both_wrong,C_equal_mask,10,131,0.07633587786259542,0.041990239886371815,0.13482080197870755,False,False,E-U
44,template_ood,2,,P,all_success,C_equal_mask,0,131,0.0,0,0.028488707065994576,False,False,E-U
44,template_ood,2,,N,both_correct,C,0,131,0.0,0,0.028488707065994576,False,False,E-U
44,template_ood,2,,N,only_left_correct,C,114,131,0.8702290076335878,0.8019885954053885,0.9173747283701728,False,False,E-U
44,template_ood,2,,N,only_right_correct,C,0,131,0.0,0,0.028488707065994576,False,False,E-U
44,template_ood,2,,N,both_wrong,C,17,131,0.1297709923664122,0.08262527162982727,0.19801140459461145,False,False,E-U
44,template_ood,2,,N,all_success,C,0,131,0.0,0,0.028488707065994576,False,False,E-U
44,template_ood,2,,N,both_correct,C_equal_mask,0,131,0.0,0,0.028488707065994576,False,False,E-U
44,template_ood,2,,N,only_left_correct,C_equal_mask,114,131,0.8702290076335878,0.8019885954053885,0.9173747283701728,False,False,E-U
44,template_ood,2,,N,only_right_correct,C_equal_mask,0,131,0.0,0,0.028488707065994576,False,False,E-U
44,template_ood,2,,N,both_wrong,C_equal_mask,17,131,0.1297709923664122,0.08262527162982727,0.19801140459461145,False,False,E-U
44,template_ood,2,,N,all_success,C_equal_mask,0,131,0.0,0,0.028488707065994576,False,False,E-U
44,template_ood,2,,F,both_correct,C,0,131,0.0,0,0.028488707065994576,False,False,E-U
44,template_ood,2,,F,only_left_correct,C,126,131,0.9618320610687023,0.9137614590036858,0.9835886665307774,False,False,E-U
44,template_ood,2,,F,only_right_correct,C,0,131,0.0,0,0.028488707065994576,False,False,E-U
44,template_ood,2,,F,both_wrong,C,5,131,0.03816793893129771,0.016411333469222626,0.08623854099631437,False,False,E-U
44,template_ood,2,,F,all_success,C,0,131,0.0,0,0.028488707065994576,False,False,E-U
44,template_ood,2,,F,both_correct,C_equal_mask,0,131,0.0,0,0.028488707065994576,False,False,E-U
44,template_ood,2,,F,only_left_correct,C_equal_mask,126,131,0.9618320610687023,0.9137614590036858,0.9835886665307774,False,False,E-U
44,template_ood,2,,F,only_right_correct,C_equal_mask,0,131,0.0,0,0.028488707065994576,False,False,E-U
44,template_ood,2,,F,both_wrong,C_equal_mask,5,131,0.03816793893129771,0.016411333469222626,0.08623854099631437,False,False,E-U
44,template_ood,2,,F,all_success,C_equal_mask,0,131,0.0,0,0.028488707065994576,False,False,E-U
44,template_ood,2,,P,both_correct,C,0,147,0.0,0,0.02546686335923391,False,False,E-G
44,template_ood,2,,P,only_left_correct,C,137,147,0.9319727891156463,0.8793111625904273,0.9626324316502348,False,False,E-G
44,template_ood,2,,P,only_right_correct,C,0,147,0.0,0,0.02546686335923391,False,False,E-G
44,template_ood,2,,P,both_wrong,C,10,147,0.06802721088435375,0.037367568349765325,0.12068883740957284,False,False,E-G
44,template_ood,2,,P,all_success,C,0,147,0.0,0,0.02546686335923391,False,False,E-G
44,template_ood,2,,P,both_correct,C_equal_mask,0,147,0.0,0,0.02546686335923391,False,False,E-G
44,template_ood,2,,P,only_left_correct,C_equal_mask,137,147,0.9319727891156463,0.8793111625904273,0.9626324316502348,False,False,E-G
44,template_ood,2,,P,only_right_correct,C_equal_mask,0,147,0.0,0,0.02546686335923391,False,False,E-G
44,template_ood,2,,P,both_wrong,C_equal_mask,10,147,0.06802721088435375,0.037367568349765325,0.12068883740957284,False,False,E-G
44,template_ood,2,,P,all_success,C_equal_mask,0,147,0.0,0,0.02546686335923391,False,False,E-G
44,template_ood,2,,N,both_correct,C,0,147,0.0,0,0.02546686335923391,False,False,E-G
44,template_ood,2,,N,only_left_correct,C,129,147,0.8775510204081632,0.8147476677042025,0.9211242926163761,False,False,E-G
44,template_ood,2,,N,only_right_correct,C,0,147,0.0,0,0.02546686335923391,False,False,E-G
44,template_ood,2,,N,both_wrong,C,18,147,0.12244897959183673,0.078875707383624,0.18525233229579757,False,False,E-G
44,template_ood,2,,N,all_success,C,0,147,0.0,0,0.02546686335923391,False,False,E-G
44,template_ood,2,,N,both_correct,C_equal_mask,0,147,0.0,0,0.02546686335923391,False,False,E-G
44,template_ood,2,,N,only_left_correct,C_equal_mask,129,147,0.8775510204081632,0.8147476677042025,0.9211242926163761,False,False,E-G
44,template_ood,2,,N,only_right_correct,C_equal_mask,0,147,0.0,0,0.02546686335923391,False,False,E-G
44,template_ood,2,,N,both_wrong,C_equal_mask,18,147,0.12244897959183673,0.078875707383624,0.18525233229579757,False,False,E-G
44,template_ood,2,,N,all_success,C_equal_mask,0,147,0.0,0,0.02546686335923391,False,False,E-G
44,template_ood,2,,F,both_correct,C,0,147,0.0,0,0.02546686335923391,False,False,E-G
44,template_ood,2,,F,only_left_correct,C,142,147,0.9659863945578231,0.9228527902356297,0.9853855752050843,False,False,E-G
44,template_ood,2,,F,only_right_correct,C,0,147,0.0,0,0.02546686335923391,False,False,E-G
44,template_ood,2,,F,both_wrong,C,5,147,0.034013605442176874,0.014614424794915794,0.07714720976437026,False,False,E-G
44,template_ood,2,,F,all_success,C,0,147,0.0,0,0.02546686335923391,False,False,E-G
44,template_ood,2,,F,both_correct,C_equal_mask,0,147,0.0,0,0.02546686335923391,False,False,E-G
44,template_ood,2,,F,only_left_correct,C_equal_mask,142,147,0.9659863945578231,0.9228527902356297,0.9853855752050843,False,False,E-G
44,template_ood,2,,F,only_right_correct,C_equal_mask,0,147,0.0,0,0.02546686335923391,False,False,E-G
44,template_ood,2,,F,both_wrong,C_equal_mask,5,147,0.034013605442176874,0.014614424794915794,0.07714720976437026,False,False,E-G
44,template_ood,2,,F,all_success,C_equal_mask,0,147,0.0,0,0.02546686335923391,False,False,E-G
44,template_ood,2,,F,both_correct,pair_C_intersection,0,131,0.0,0,0.028488707065994576,False,False,P-U
44,template_ood,2,,F,only_left_correct,pair_C_intersection,0,131,0.0,0,0.028488707065994576,False,False,P-U
44,template_ood,2,,F,only_right_correct,pair_C_intersection,0,131,0.0,0,0.028488707065994576,False,False,P-U
44,template_ood,2,,F,both_wrong,pair_C_intersection,131,131,1.0,0.9715112929340055,1,False,False,P-U
44,template_ood,2,,F,all_success,pair_C_intersection,0,131,0.0,0,0.028488707065994576,False,False,P-U
44,template_ood,2,,F,both_correct,pair_C_intersection,0,147,0.0,0,0.02546686335923391,False,False,P-G
44,template_ood,2,,F,only_left_correct,pair_C_intersection,0,147,0.0,0,0.02546686335923391,False,False,P-G
44,template_ood,2,,F,only_right_correct,pair_C_intersection,0,147,0.0,0,0.02546686335923391,False,False,P-G
44,template_ood,2,,F,both_wrong,pair_C_intersection,147,147,1.0,0.9745331366407661,1,False,False,P-G
44,template_ood,2,,F,all_success,pair_C_intersection,0,147,0.0,0,0.02546686335923391,False,False,P-G
44,template_ood,2,,F,both_correct,pair_C_intersection,0,125,0.0,1.734723475976807e-18,0.029815393708326456,False,False,U-G
44,template_ood,2,,F,only_left_correct,pair_C_intersection,0,125,0.0,1.734723475976807e-18,0.029815393708326456,False,False,U-G
44,template_ood,2,,F,only_right_correct,pair_C_intersection,0,125,0.0,1.734723475976807e-18,0.029815393708326456,False,False,U-G
44,template_ood,2,,F,both_wrong,pair_C_intersection,125,125,1.0,0.9701846062916737,1,False,False,U-G
44,template_ood,2,,F,all_success,pair_C_intersection,0,125,0.0,1.734723475976807e-18,0.029815393708326456,False,False,U-G
44,template_ood,2,,F,all_success,triple_C_intersection,0,125,0.0,1.734723475976807e-18,0.029815393708326456,False,False,P-U-G
44,template_ood,0,,P,both_correct,C,0,160,0.0,0,0.02344619517150519,False,False,E-P
44,template_ood,0,,P,only_left_correct,C,160,160,1.0,0.9765538048284949,1,False,False,E-P
44,template_ood,0,,P,only_right_correct,C,0,160,0.0,0,0.02344619517150519,False,False,E-P
44,template_ood,0,,P,both_wrong,C,0,160,0.0,0,0.02344619517150519,False,False,E-P
44,template_ood,0,,P,all_success,C,0,160,0.0,0,0.02344619517150519,False,False,E-P
44,template_ood,0,,P,both_correct,C_equal_mask,0,160,0.0,0,0.02344619517150519,False,False,E-P
44,template_ood,0,,P,only_left_correct,C_equal_mask,160,160,1.0,0.9765538048284949,1,False,False,E-P
44,template_ood,0,,P,only_right_correct,C_equal_mask,0,160,0.0,0,0.02344619517150519,False,False,E-P
44,template_ood,0,,P,both_wrong,C_equal_mask,0,160,0.0,0,0.02344619517150519,False,False,E-P
44,template_ood,0,,P,all_success,C_equal_mask,0,160,0.0,0,0.02344619517150519,False,False,E-P
44,template_ood,0,,N,both_correct,C,0,160,0.0,0,0.02344619517150519,False,False,E-P
44,template_ood,0,,N,only_left_correct,C,160,160,1.0,0.9765538048284949,1,False,False,E-P
44,template_ood,0,,N,only_right_correct,C,0,160,0.0,0,0.02344619517150519,False,False,E-P
44,template_ood,0,,N,both_wrong,C,0,160,0.0,0,0.02344619517150519,False,False,E-P
44,template_ood,0,,N,all_success,C,0,160,0.0,0,0.02344619517150519,False,False,E-P
44,template_ood,0,,N,both_correct,C_equal_mask,0,160,0.0,0,0.02344619517150519,False,False,E-P
44,template_ood,0,,N,only_left_correct,C_equal_mask,160,160,1.0,0.9765538048284949,1,False,False,E-P
44,template_ood,0,,N,only_right_correct,C_equal_mask,0,160,0.0,0,0.02344619517150519,False,False,E-P
44,template_ood,0,,N,both_wrong,C_equal_mask,0,160,0.0,0,0.02344619517150519,False,False,E-P
44,template_ood,0,,N,all_success,C_equal_mask,0,160,0.0,0,0.02344619517150519,False,False,E-P
44,template_ood,0,,F,both_correct,C,160,160,1.0,0.9765538048284949,1,False,False,E-P
44,template_ood,0,,F,only_left_correct,C,0,160,0.0,0,0.02344619517150519,False,False,E-P
44,template_ood,0,,F,only_right_correct,C,0,160,0.0,0,0.02344619517150519,False,False,E-P
44,template_ood,0,,F,both_wrong,C,0,160,0.0,0,0.02344619517150519,False,False,E-P
44,template_ood,0,,F,all_success,C,160,160,1.0,0.9765538048284949,1,False,False,E-P
44,template_ood,0,,F,both_correct,C_equal_mask,160,160,1.0,0.9765538048284949,1,False,False,E-P
44,template_ood,0,,F,only_left_correct,C_equal_mask,0,160,0.0,0,0.02344619517150519,False,False,E-P
44,template_ood,0,,F,only_right_correct,C_equal_mask,0,160,0.0,0,0.02344619517150519,False,False,E-P
44,template_ood,0,,F,both_wrong,C_equal_mask,0,160,0.0,0,0.02344619517150519,False,False,E-P
44,template_ood,0,,F,all_success,C_equal_mask,160,160,1.0,0.9765538048284949,1,False,False,E-P
44,template_ood,0,,P,both_correct,C,0,160,0.0,0,0.02344619517150519,False,False,E-U
44,template_ood,0,,P,only_left_correct,C,160,160,1.0,0.9765538048284949,1,False,False,E-U
44,template_ood,0,,P,only_right_correct,C,0,160,0.0,0,0.02344619517150519,False,False,E-U
44,template_ood,0,,P,both_wrong,C,0,160,0.0,0,0.02344619517150519,False,False,E-U
44,template_ood,0,,P,all_success,C,0,160,0.0,0,0.02344619517150519,False,False,E-U
44,template_ood,0,,P,both_correct,C_equal_mask,0,160,0.0,0,0.02344619517150519,False,False,E-U
44,template_ood,0,,P,only_left_correct,C_equal_mask,160,160,1.0,0.9765538048284949,1,False,False,E-U
44,template_ood,0,,P,only_right_correct,C_equal_mask,0,160,0.0,0,0.02344619517150519,False,False,E-U
44,template_ood,0,,P,both_wrong,C_equal_mask,0,160,0.0,0,0.02344619517150519,False,False,E-U
44,template_ood,0,,P,all_success,C_equal_mask,0,160,0.0,0,0.02344619517150519,False,False,E-U
44,template_ood,0,,N,both_correct,C,0,160,0.0,0,0.02344619517150519,False,False,E-U
44,template_ood,0,,N,only_left_correct,C,160,160,1.0,0.9765538048284949,1,False,False,E-U
44,template_ood,0,,N,only_right_correct,C,0,160,0.0,0,0.02344619517150519,False,False,E-U
44,template_ood,0,,N,both_wrong,C,0,160,0.0,0,0.02344619517150519,False,False,E-U
44,template_ood,0,,N,all_success,C,0,160,0.0,0,0.02344619517150519,False,False,E-U
44,template_ood,0,,N,both_correct,C_equal_mask,0,160,0.0,0,0.02344619517150519,False,False,E-U
44,template_ood,0,,N,only_left_correct,C_equal_mask,160,160,1.0,0.9765538048284949,1,False,False,E-U
44,template_ood,0,,N,only_right_correct,C_equal_mask,0,160,0.0,0,0.02344619517150519,False,False,E-U
44,template_ood,0,,N,both_wrong,C_equal_mask,0,160,0.0,0,0.02344619517150519,False,False,E-U
44,template_ood,0,,N,all_success,C_equal_mask,0,160,0.0,0,0.02344619517150519,False,False,E-U
44,template_ood,0,,F,both_correct,C,160,160,1.0,0.9765538048284949,1,False,False,E-U
44,template_ood,0,,F,only_left_correct,C,0,160,0.0,0,0.02344619517150519,False,False,E-U
44,template_ood,0,,F,only_right_correct,C,0,160,0.0,0,0.02344619517150519,False,False,E-U
44,template_ood,0,,F,both_wrong,C,0,160,0.0,0,0.02344619517150519,False,False,E-U
44,template_ood,0,,F,all_success,C,160,160,1.0,0.9765538048284949,1,False,False,E-U
44,template_ood,0,,F,both_correct,C_equal_mask,160,160,1.0,0.9765538048284949,1,False,False,E-U
44,template_ood,0,,F,only_left_correct,C_equal_mask,0,160,0.0,0,0.02344619517150519,False,False,E-U
44,template_ood,0,,F,only_right_correct,C_equal_mask,0,160,0.0,0,0.02344619517150519,False,False,E-U
44,template_ood,0,,F,both_wrong,C_equal_mask,0,160,0.0,0,0.02344619517150519,False,False,E-U
44,template_ood,0,,F,all_success,C_equal_mask,160,160,1.0,0.9765538048284949,1,False,False,E-U
44,template_ood,0,,P,both_correct,C,0,160,0.0,0,0.02344619517150519,False,False,E-G
44,template_ood,0,,P,only_left_correct,C,160,160,1.0,0.9765538048284949,1,False,False,E-G
44,template_ood,0,,P,only_right_correct,C,0,160,0.0,0,0.02344619517150519,False,False,E-G
44,template_ood,0,,P,both_wrong,C,0,160,0.0,0,0.02344619517150519,False,False,E-G
44,template_ood,0,,P,all_success,C,0,160,0.0,0,0.02344619517150519,False,False,E-G
44,template_ood,0,,P,both_correct,C_equal_mask,0,160,0.0,0,0.02344619517150519,False,False,E-G
44,template_ood,0,,P,only_left_correct,C_equal_mask,160,160,1.0,0.9765538048284949,1,False,False,E-G
44,template_ood,0,,P,only_right_correct,C_equal_mask,0,160,0.0,0,0.02344619517150519,False,False,E-G
44,template_ood,0,,P,both_wrong,C_equal_mask,0,160,0.0,0,0.02344619517150519,False,False,E-G
44,template_ood,0,,P,all_success,C_equal_mask,0,160,0.0,0,0.02344619517150519,False,False,E-G
44,template_ood,0,,N,both_correct,C,0,160,0.0,0,0.02344619517150519,False,False,E-G
44,template_ood,0,,N,only_left_correct,C,160,160,1.0,0.9765538048284949,1,False,False,E-G
44,template_ood,0,,N,only_right_correct,C,0,160,0.0,0,0.02344619517150519,False,False,E-G
44,template_ood,0,,N,both_wrong,C,0,160,0.0,0,0.02344619517150519,False,False,E-G
44,template_ood,0,,N,all_success,C,0,160,0.0,0,0.02344619517150519,False,False,E-G
44,template_ood,0,,N,both_correct,C_equal_mask,0,160,0.0,0,0.02344619517150519,False,False,E-G
44,template_ood,0,,N,only_left_correct,C_equal_mask,160,160,1.0,0.9765538048284949,1,False,False,E-G
44,template_ood,0,,N,only_right_correct,C_equal_mask,0,160,0.0,0,0.02344619517150519,False,False,E-G
44,template_ood,0,,N,both_wrong,C_equal_mask,0,160,0.0,0,0.02344619517150519,False,False,E-G
44,template_ood,0,,N,all_success,C_equal_mask,0,160,0.0,0,0.02344619517150519,False,False,E-G
44,template_ood,0,,F,both_correct,C,122,160,0.7625,0.6908943322868297,0.8217964152481301,False,False,E-G
44,template_ood,0,,F,only_left_correct,C,38,160,0.2375,0.1782035847518699,0.3091056677131703,False,False,E-G
44,template_ood,0,,F,only_right_correct,C,0,160,0.0,0,0.02344619517150519,False,False,E-G
44,template_ood,0,,F,both_wrong,C,0,160,0.0,0,0.02344619517150519,False,False,E-G
44,template_ood,0,,F,all_success,C,122,160,0.7625,0.6908943322868297,0.8217964152481301,False,False,E-G
44,template_ood,0,,F,both_correct,C_equal_mask,122,160,0.7625,0.6908943322868297,0.8217964152481301,False,False,E-G
44,template_ood,0,,F,only_left_correct,C_equal_mask,38,160,0.2375,0.1782035847518699,0.3091056677131703,False,False,E-G
44,template_ood,0,,F,only_right_correct,C_equal_mask,0,160,0.0,0,0.02344619517150519,False,False,E-G
44,template_ood,0,,F,both_wrong,C_equal_mask,0,160,0.0,0,0.02344619517150519,False,False,E-G
44,template_ood,0,,F,all_success,C_equal_mask,122,160,0.7625,0.6908943322868297,0.8217964152481301,False,False,E-G
44,template_ood,0,,F,both_correct,pair_C_intersection,160,160,1.0,0.9765538048284949,1,False,False,P-U
44,template_ood,0,,F,only_left_correct,pair_C_intersection,0,160,0.0,0,0.02344619517150519,False,False,P-U
44,template_ood,0,,F,only_right_correct,pair_C_intersection,0,160,0.0,0,0.02344619517150519,False,False,P-U
44,template_ood,0,,F,both_wrong,pair_C_intersection,0,160,0.0,0,0.02344619517150519,False,False,P-U
44,template_ood,0,,F,all_success,pair_C_intersection,160,160,1.0,0.9765538048284949,1,False,False,P-U
44,template_ood,0,,F,both_correct,pair_C_intersection,122,160,0.7625,0.6908943322868297,0.8217964152481301,False,False,P-G
44,template_ood,0,,F,only_left_correct,pair_C_intersection,38,160,0.2375,0.1782035847518699,0.3091056677131703,False,False,P-G
44,template_ood,0,,F,only_right_correct,pair_C_intersection,0,160,0.0,0,0.02344619517150519,False,False,P-G
44,template_ood,0,,F,both_wrong,pair_C_intersection,0,160,0.0,0,0.02344619517150519,False,False,P-G
44,template_ood,0,,F,all_success,pair_C_intersection,122,160,0.7625,0.6908943322868297,0.8217964152481301,False,False,P-G
44,template_ood,0,,F,both_correct,pair_C_intersection,122,160,0.7625,0.6908943322868297,0.8217964152481301,False,False,U-G
44,template_ood,0,,F,only_left_correct,pair_C_intersection,38,160,0.2375,0.1782035847518699,0.3091056677131703,False,False,U-G
44,template_ood,0,,F,only_right_correct,pair_C_intersection,0,160,0.0,0,0.02344619517150519,False,False,U-G
44,template_ood,0,,F,both_wrong,pair_C_intersection,0,160,0.0,0,0.02344619517150519,False,False,U-G
44,template_ood,0,,F,all_success,pair_C_intersection,122,160,0.7625,0.6908943322868297,0.8217964152481301,False,False,U-G
44,template_ood,0,,F,all_success,triple_C_intersection,122,160,0.7625,0.6908943322868297,0.8217964152481301,False,False,P-U-G
44,template_ood,-1,,P,both_correct,C,151,160,0.94375,0.8965638035410534,0.9701276982442358,False,False,E-P
44,template_ood,-1,,P,only_left_correct,C,0,160,0.0,0,0.02344619517150519,False,False,E-P
44,template_ood,-1,,P,only_right_correct,C,9,160,0.05625,0.029872301755764163,0.10343619645894672,False,False,E-P
44,template_ood,-1,,P,both_wrong,C,0,160,0.0,0,0.02344619517150519,False,False,E-P
44,template_ood,-1,,P,all_success,C,151,160,0.94375,0.8965638035410534,0.9701276982442358,False,False,E-P
44,template_ood,-1,,P,both_correct,C_equal_mask,151,160,0.94375,0.8965638035410534,0.9701276982442358,False,False,E-P
44,template_ood,-1,,P,only_left_correct,C_equal_mask,0,160,0.0,0,0.02344619517150519,False,False,E-P
44,template_ood,-1,,P,only_right_correct,C_equal_mask,9,160,0.05625,0.029872301755764163,0.10343619645894672,False,False,E-P
44,template_ood,-1,,P,both_wrong,C_equal_mask,0,160,0.0,0,0.02344619517150519,False,False,E-P
44,template_ood,-1,,P,all_success,C_equal_mask,151,160,0.94375,0.8965638035410534,0.9701276982442358,False,False,E-P
44,template_ood,-1,,N,both_correct,C,160,160,1.0,0.9765538048284949,1,False,False,E-P
44,template_ood,-1,,N,only_left_correct,C,0,160,0.0,0,0.02344619517150519,False,False,E-P
44,template_ood,-1,,N,only_right_correct,C,0,160,0.0,0,0.02344619517150519,False,False,E-P
44,template_ood,-1,,N,both_wrong,C,0,160,0.0,0,0.02344619517150519,False,False,E-P
44,template_ood,-1,,N,all_success,C,160,160,1.0,0.9765538048284949,1,False,False,E-P
44,template_ood,-1,,N,both_correct,C_equal_mask,160,160,1.0,0.9765538048284949,1,False,False,E-P
44,template_ood,-1,,N,only_left_correct,C_equal_mask,0,160,0.0,0,0.02344619517150519,False,False,E-P
44,template_ood,-1,,N,only_right_correct,C_equal_mask,0,160,0.0,0,0.02344619517150519,False,False,E-P
44,template_ood,-1,,N,both_wrong,C_equal_mask,0,160,0.0,0,0.02344619517150519,False,False,E-P
44,template_ood,-1,,N,all_success,C_equal_mask,160,160,1.0,0.9765538048284949,1,False,False,E-P
44,template_ood,-1,,F,both_correct,C,113,160,0.70625,0.6315031760687836,0.7713252684229707,False,False,E-P
44,template_ood,-1,,F,only_left_correct,C,44,160,0.275,0.21170123738751562,0.34884955043966187,False,False,E-P
44,template_ood,-1,,F,only_right_correct,C,0,160,0.0,0,0.02344619517150519,False,False,E-P
44,template_ood,-1,,F,both_wrong,C,3,160,0.01875,0.00639685075325945,0.0536701120993143,False,False,E-P
44,template_ood,-1,,F,all_success,C,113,160,0.70625,0.6315031760687836,0.7713252684229707,False,False,E-P
44,template_ood,-1,,F,both_correct,C_equal_mask,113,160,0.70625,0.6315031760687836,0.7713252684229707,False,False,E-P
44,template_ood,-1,,F,only_left_correct,C_equal_mask,44,160,0.275,0.21170123738751562,0.34884955043966187,False,False,E-P
44,template_ood,-1,,F,only_right_correct,C_equal_mask,0,160,0.0,0,0.02344619517150519,False,False,E-P
44,template_ood,-1,,F,both_wrong,C_equal_mask,3,160,0.01875,0.00639685075325945,0.0536701120993143,False,False,E-P
44,template_ood,-1,,F,all_success,C_equal_mask,113,160,0.70625,0.6315031760687836,0.7713252684229707,False,False,E-P
44,template_ood,-1,,P,both_correct,C,151,160,0.94375,0.8965638035410534,0.9701276982442358,False,False,E-U
44,template_ood,-1,,P,only_left_correct,C,0,160,0.0,0,0.02344619517150519,False,False,E-U
44,template_ood,-1,,P,only_right_correct,C,9,160,0.05625,0.029872301755764163,0.10343619645894672,False,False,E-U
44,template_ood,-1,,P,both_wrong,C,0,160,0.0,0,0.02344619517150519,False,False,E-U
44,template_ood,-1,,P,all_success,C,151,160,0.94375,0.8965638035410534,0.9701276982442358,False,False,E-U
44,template_ood,-1,,P,both_correct,C_equal_mask,151,160,0.94375,0.8965638035410534,0.9701276982442358,False,False,E-U
44,template_ood,-1,,P,only_left_correct,C_equal_mask,0,160,0.0,0,0.02344619517150519,False,False,E-U
44,template_ood,-1,,P,only_right_correct,C_equal_mask,9,160,0.05625,0.029872301755764163,0.10343619645894672,False,False,E-U
44,template_ood,-1,,P,both_wrong,C_equal_mask,0,160,0.0,0,0.02344619517150519,False,False,E-U
44,template_ood,-1,,P,all_success,C_equal_mask,151,160,0.94375,0.8965638035410534,0.9701276982442358,False,False,E-U
44,template_ood,-1,,N,both_correct,C,160,160,1.0,0.9765538048284949,1,False,False,E-U
44,template_ood,-1,,N,only_left_correct,C,0,160,0.0,0,0.02344619517150519,False,False,E-U
44,template_ood,-1,,N,only_right_correct,C,0,160,0.0,0,0.02344619517150519,False,False,E-U
44,template_ood,-1,,N,both_wrong,C,0,160,0.0,0,0.02344619517150519,False,False,E-U
44,template_ood,-1,,N,all_success,C,160,160,1.0,0.9765538048284949,1,False,False,E-U
44,template_ood,-1,,N,both_correct,C_equal_mask,160,160,1.0,0.9765538048284949,1,False,False,E-U
44,template_ood,-1,,N,only_left_correct,C_equal_mask,0,160,0.0,0,0.02344619517150519,False,False,E-U
44,template_ood,-1,,N,only_right_correct,C_equal_mask,0,160,0.0,0,0.02344619517150519,False,False,E-U
44,template_ood,-1,,N,both_wrong,C_equal_mask,0,160,0.0,0,0.02344619517150519,False,False,E-U
44,template_ood,-1,,N,all_success,C_equal_mask,160,160,1.0,0.9765538048284949,1,False,False,E-U
44,template_ood,-1,,F,both_correct,C,22,160,0.1375,0.09258754865124484,0.19941094284809646,False,False,E-U
44,template_ood,-1,,F,only_left_correct,C,135,160,0.84375,0.7795120049086997,0.8918687359108906,False,False,E-U
44,template_ood,-1,,F,only_right_correct,C,0,160,0.0,0,0.02344619517150519,False,False,E-U
44,template_ood,-1,,F,both_wrong,C,3,160,0.01875,0.00639685075325945,0.0536701120993143,False,False,E-U
44,template_ood,-1,,F,all_success,C,22,160,0.1375,0.09258754865124484,0.19941094284809646,False,False,E-U
44,template_ood,-1,,F,both_correct,C_equal_mask,22,160,0.1375,0.09258754865124484,0.19941094284809646,False,False,E-U
44,template_ood,-1,,F,only_left_correct,C_equal_mask,135,160,0.84375,0.7795120049086997,0.8918687359108906,False,False,E-U
44,template_ood,-1,,F,only_right_correct,C_equal_mask,0,160,0.0,0,0.02344619517150519,False,False,E-U
44,template_ood,-1,,F,both_wrong,C_equal_mask,3,160,0.01875,0.00639685075325945,0.0536701120993143,False,False,E-U
44,template_ood,-1,,F,all_success,C_equal_mask,22,160,0.1375,0.09258754865124484,0.19941094284809646,False,False,E-U
44,template_ood,-1,,P,both_correct,C,138,138,1.0,0.9729172355344272,1,False,False,E-G
44,template_ood,-1,,P,only_left_correct,C,0,138,0.0,1.734723475976807e-18,0.027082764465572957,False,False,E-G
44,template_ood,-1,,P,only_right_correct,C,0,138,0.0,1.734723475976807e-18,0.027082764465572957,False,False,E-G
44,template_ood,-1,,P,both_wrong,C,0,138,0.0,1.734723475976807e-18,0.027082764465572957,False,False,E-G
44,template_ood,-1,,P,all_success,C,138,138,1.0,0.9729172355344272,1,False,False,E-G
44,template_ood,-1,,P,both_correct,C_equal_mask,138,138,1.0,0.9729172355344272,1,False,False,E-G
44,template_ood,-1,,P,only_left_correct,C_equal_mask,0,138,0.0,1.734723475976807e-18,0.027082764465572957,False,False,E-G
44,template_ood,-1,,P,only_right_correct,C_equal_mask,0,138,0.0,1.734723475976807e-18,0.027082764465572957,False,False,E-G
44,template_ood,-1,,P,both_wrong,C_equal_mask,0,138,0.0,1.734723475976807e-18,0.027082764465572957,False,False,E-G
44,template_ood,-1,,P,all_success,C_equal_mask,138,138,1.0,0.9729172355344272,1,False,False,E-G
44,template_ood,-1,,N,both_correct,C,138,138,1.0,0.9729172355344272,1,False,False,E-G
44,template_ood,-1,,N,only_left_correct,C,0,138,0.0,1.734723475976807e-18,0.027082764465572957,False,False,E-G
44,template_ood,-1,,N,only_right_correct,C,0,138,0.0,1.734723475976807e-18,0.027082764465572957,False,False,E-G
44,template_ood,-1,,N,both_wrong,C,0,138,0.0,1.734723475976807e-18,0.027082764465572957,False,False,E-G
44,template_ood,-1,,N,all_success,C,138,138,1.0,0.9729172355344272,1,False,False,E-G
44,template_ood,-1,,N,both_correct,C_equal_mask,138,138,1.0,0.9729172355344272,1,False,False,E-G
44,template_ood,-1,,N,only_left_correct,C_equal_mask,0,138,0.0,1.734723475976807e-18,0.027082764465572957,False,False,E-G
44,template_ood,-1,,N,only_right_correct,C_equal_mask,0,138,0.0,1.734723475976807e-18,0.027082764465572957,False,False,E-G
44,template_ood,-1,,N,both_wrong,C_equal_mask,0,138,0.0,1.734723475976807e-18,0.027082764465572957,False,False,E-G
44,template_ood,-1,,N,all_success,C_equal_mask,138,138,1.0,0.9729172355344272,1,False,False,E-G
44,template_ood,-1,,F,both_correct,C,138,138,1.0,0.9729172355344272,1,False,False,E-G
44,template_ood,-1,,F,only_left_correct,C,0,138,0.0,1.734723475976807e-18,0.027082764465572957,False,False,E-G
44,template_ood,-1,,F,only_right_correct,C,0,138,0.0,1.734723475976807e-18,0.027082764465572957,False,False,E-G
44,template_ood,-1,,F,both_wrong,C,0,138,0.0,1.734723475976807e-18,0.027082764465572957,False,False,E-G
44,template_ood,-1,,F,all_success,C,138,138,1.0,0.9729172355344272,1,False,False,E-G
44,template_ood,-1,,F,both_correct,C_equal_mask,138,138,1.0,0.9729172355344272,1,False,False,E-G
44,template_ood,-1,,F,only_left_correct,C_equal_mask,0,138,0.0,1.734723475976807e-18,0.027082764465572957,False,False,E-G
44,template_ood,-1,,F,only_right_correct,C_equal_mask,0,138,0.0,1.734723475976807e-18,0.027082764465572957,False,False,E-G
44,template_ood,-1,,F,both_wrong,C_equal_mask,0,138,0.0,1.734723475976807e-18,0.027082764465572957,False,False,E-G
44,template_ood,-1,,F,all_success,C_equal_mask,138,138,1.0,0.9729172355344272,1,False,False,E-G
44,template_ood,-1,,F,both_correct,pair_C_intersection,22,160,0.1375,0.09258754865124484,0.19941094284809646,False,False,P-U
44,template_ood,-1,,F,only_left_correct,pair_C_intersection,91,160,0.56875,0.4912873839652816,0.6429887641986365,False,False,P-U
44,template_ood,-1,,F,only_right_correct,pair_C_intersection,0,160,0.0,0,0.02344619517150519,False,False,P-U
44,template_ood,-1,,F,both_wrong,pair_C_intersection,47,160,0.29375,0.2286747315770294,0.3684968239312166,False,False,P-U
44,template_ood,-1,,F,all_success,pair_C_intersection,22,160,0.1375,0.09258754865124484,0.19941094284809646,False,False,P-U
44,template_ood,-1,,F,both_correct,pair_C_intersection,113,138,0.8188405797101449,0.746236436410332,0.8741745543652446,False,False,P-G
44,template_ood,-1,,F,only_left_correct,pair_C_intersection,0,138,0.0,1.734723475976807e-18,0.027082764465572957,False,False,P-G
44,template_ood,-1,,F,only_right_correct,pair_C_intersection,25,138,0.18115942028985507,0.12582544563475534,0.253763563589668,False,False,P-G
44,template_ood,-1,,F,both_wrong,pair_C_intersection,0,138,0.0,1.734723475976807e-18,0.027082764465572957,False,False,P-G
44,template_ood,-1,,F,all_success,pair_C_intersection,113,138,0.8188405797101449,0.746236436410332,0.8741745543652446,False,False,P-G
44,template_ood,-1,,F,both_correct,pair_C_intersection,22,138,0.15942028985507245,0.1076989286057533,0.22958933124760794,False,False,U-G
44,template_ood,-1,,F,only_left_correct,pair_C_intersection,0,138,0.0,1.734723475976807e-18,0.027082764465572957,False,False,U-G
44,template_ood,-1,,F,only_right_correct,pair_C_intersection,116,138,0.8405797101449275,0.770410668752392,0.8923010713942467,False,False,U-G
44,template_ood,-1,,F,both_wrong,pair_C_intersection,0,138,0.0,1.734723475976807e-18,0.027082764465572957,False,False,U-G
44,template_ood,-1,,F,all_success,pair_C_intersection,22,138,0.15942028985507245,0.1076989286057533,0.22958933124760794,False,False,U-G
44,template_ood,-1,,F,all_success,triple_C_intersection,22,138,0.15942028985507245,0.1076989286057533,0.22958933124760794,False,False,P-U-G
44,template_ood,-2,,P,both_correct,C,0,151,0.0,0,0.02480898106974387,False,False,E-P
44,template_ood,-2,,P,only_left_correct,C,151,151,1.0,0.9751910189302563,1,False,False,E-P
44,template_ood,-2,,P,only_right_correct,C,0,151,0.0,0,0.02480898106974387,False,False,E-P
44,template_ood,-2,,P,both_wrong,C,0,151,0.0,0,0.02480898106974387,False,False,E-P
44,template_ood,-2,,P,all_success,C,0,151,0.0,0,0.02480898106974387,False,False,E-P
44,template_ood,-2,,P,both_correct,C_equal_mask,0,0,,,,True,True,E-P
44,template_ood,-2,,P,only_left_correct,C_equal_mask,0,0,,,,True,True,E-P
44,template_ood,-2,,P,only_right_correct,C_equal_mask,0,0,,,,True,True,E-P
44,template_ood,-2,,P,both_wrong,C_equal_mask,0,0,,,,True,True,E-P
44,template_ood,-2,,P,all_success,C_equal_mask,0,0,,,,True,True,E-P
44,template_ood,-2,,N,both_correct,C,0,151,0.0,0,0.02480898106974387,False,False,E-P
44,template_ood,-2,,N,only_left_correct,C,151,151,1.0,0.9751910189302563,1,False,False,E-P
44,template_ood,-2,,N,only_right_correct,C,0,151,0.0,0,0.02480898106974387,False,False,E-P
44,template_ood,-2,,N,both_wrong,C,0,151,0.0,0,0.02480898106974387,False,False,E-P
44,template_ood,-2,,N,all_success,C,0,151,0.0,0,0.02480898106974387,False,False,E-P
44,template_ood,-2,,N,both_correct,C_equal_mask,0,0,,,,True,True,E-P
44,template_ood,-2,,N,only_left_correct,C_equal_mask,0,0,,,,True,True,E-P
44,template_ood,-2,,N,only_right_correct,C_equal_mask,0,0,,,,True,True,E-P
44,template_ood,-2,,N,both_wrong,C_equal_mask,0,0,,,,True,True,E-P
44,template_ood,-2,,N,all_success,C_equal_mask,0,0,,,,True,True,E-P
44,template_ood,-2,,F,both_correct,C,0,151,0.0,0,0.02480898106974387,False,False,E-P
44,template_ood,-2,,F,only_left_correct,C,151,151,1.0,0.9751910189302563,1,False,False,E-P
44,template_ood,-2,,F,only_right_correct,C,0,151,0.0,0,0.02480898106974387,False,False,E-P
44,template_ood,-2,,F,both_wrong,C,0,151,0.0,0,0.02480898106974387,False,False,E-P
44,template_ood,-2,,F,all_success,C,0,151,0.0,0,0.02480898106974387,False,False,E-P
44,template_ood,-2,,F,both_correct,C_equal_mask,0,0,,,,True,True,E-P
44,template_ood,-2,,F,only_left_correct,C_equal_mask,0,0,,,,True,True,E-P
44,template_ood,-2,,F,only_right_correct,C_equal_mask,0,0,,,,True,True,E-P
44,template_ood,-2,,F,both_wrong,C_equal_mask,0,0,,,,True,True,E-P
44,template_ood,-2,,F,all_success,C_equal_mask,0,0,,,,True,True,E-P
44,template_ood,-2,,P,both_correct,C,0,160,0.0,0,0.02344619517150519,False,False,E-U
44,template_ood,-2,,P,only_left_correct,C,160,160,1.0,0.9765538048284949,1,False,False,E-U
44,template_ood,-2,,P,only_right_correct,C,0,160,0.0,0,0.02344619517150519,False,False,E-U
44,template_ood,-2,,P,both_wrong,C,0,160,0.0,0,0.02344619517150519,False,False,E-U
44,template_ood,-2,,P,all_success,C,0,160,0.0,0,0.02344619517150519,False,False,E-U
44,template_ood,-2,,P,both_correct,C_equal_mask,0,0,,,,True,True,E-U
44,template_ood,-2,,P,only_left_correct,C_equal_mask,0,0,,,,True,True,E-U
44,template_ood,-2,,P,only_right_correct,C_equal_mask,0,0,,,,True,True,E-U
44,template_ood,-2,,P,both_wrong,C_equal_mask,0,0,,,,True,True,E-U
44,template_ood,-2,,P,all_success,C_equal_mask,0,0,,,,True,True,E-U
44,template_ood,-2,,N,both_correct,C,0,160,0.0,0,0.02344619517150519,False,False,E-U
44,template_ood,-2,,N,only_left_correct,C,160,160,1.0,0.9765538048284949,1,False,False,E-U
44,template_ood,-2,,N,only_right_correct,C,0,160,0.0,0,0.02344619517150519,False,False,E-U
44,template_ood,-2,,N,both_wrong,C,0,160,0.0,0,0.02344619517150519,False,False,E-U
44,template_ood,-2,,N,all_success,C,0,160,0.0,0,0.02344619517150519,False,False,E-U
44,template_ood,-2,,N,both_correct,C_equal_mask,0,0,,,,True,True,E-U
44,template_ood,-2,,N,only_left_correct,C_equal_mask,0,0,,,,True,True,E-U
44,template_ood,-2,,N,only_right_correct,C_equal_mask,0,0,,,,True,True,E-U
44,template_ood,-2,,N,both_wrong,C_equal_mask,0,0,,,,True,True,E-U
44,template_ood,-2,,N,all_success,C_equal_mask,0,0,,,,True,True,E-U
44,template_ood,-2,,F,both_correct,C,0,160,0.0,0,0.02344619517150519,False,False,E-U
44,template_ood,-2,,F,only_left_correct,C,160,160,1.0,0.9765538048284949,1,False,False,E-U
44,template_ood,-2,,F,only_right_correct,C,0,160,0.0,0,0.02344619517150519,False,False,E-U
44,template_ood,-2,,F,both_wrong,C,0,160,0.0,0,0.02344619517150519,False,False,E-U
44,template_ood,-2,,F,all_success,C,0,160,0.0,0,0.02344619517150519,False,False,E-U
44,template_ood,-2,,F,both_correct,C_equal_mask,0,0,,,,True,True,E-U
44,template_ood,-2,,F,only_left_correct,C_equal_mask,0,0,,,,True,True,E-U
44,template_ood,-2,,F,only_right_correct,C_equal_mask,0,0,,,,True,True,E-U
44,template_ood,-2,,F,both_wrong,C_equal_mask,0,0,,,,True,True,E-U
44,template_ood,-2,,F,all_success,C_equal_mask,0,0,,,,True,True,E-U
44,template_ood,-2,,P,both_correct,C,0,121,0.0,0,0.03077069794747827,False,False,E-G
44,template_ood,-2,,P,only_left_correct,C,121,121,1.0,0.9692293020525218,1,False,False,E-G
44,template_ood,-2,,P,only_right_correct,C,0,121,0.0,0,0.03077069794747827,False,False,E-G
44,template_ood,-2,,P,both_wrong,C,0,121,0.0,0,0.03077069794747827,False,False,E-G
44,template_ood,-2,,P,all_success,C,0,121,0.0,0,0.03077069794747827,False,False,E-G
44,template_ood,-2,,P,both_correct,C_equal_mask,0,0,,,,True,True,E-G
44,template_ood,-2,,P,only_left_correct,C_equal_mask,0,0,,,,True,True,E-G
44,template_ood,-2,,P,only_right_correct,C_equal_mask,0,0,,,,True,True,E-G
44,template_ood,-2,,P,both_wrong,C_equal_mask,0,0,,,,True,True,E-G
44,template_ood,-2,,P,all_success,C_equal_mask,0,0,,,,True,True,E-G
44,template_ood,-2,,N,both_correct,C,0,121,0.0,0,0.03077069794747827,False,False,E-G
44,template_ood,-2,,N,only_left_correct,C,121,121,1.0,0.9692293020525218,1,False,False,E-G
44,template_ood,-2,,N,only_right_correct,C,0,121,0.0,0,0.03077069794747827,False,False,E-G
44,template_ood,-2,,N,both_wrong,C,0,121,0.0,0,0.03077069794747827,False,False,E-G
44,template_ood,-2,,N,all_success,C,0,121,0.0,0,0.03077069794747827,False,False,E-G
44,template_ood,-2,,N,both_correct,C_equal_mask,0,0,,,,True,True,E-G
44,template_ood,-2,,N,only_left_correct,C_equal_mask,0,0,,,,True,True,E-G
44,template_ood,-2,,N,only_right_correct,C_equal_mask,0,0,,,,True,True,E-G
44,template_ood,-2,,N,both_wrong,C_equal_mask,0,0,,,,True,True,E-G
44,template_ood,-2,,N,all_success,C_equal_mask,0,0,,,,True,True,E-G
44,template_ood,-2,,F,both_correct,C,0,121,0.0,0,0.03077069794747827,False,False,E-G
44,template_ood,-2,,F,only_left_correct,C,121,121,1.0,0.9692293020525218,1,False,False,E-G
44,template_ood,-2,,F,only_right_correct,C,0,121,0.0,0,0.03077069794747827,False,False,E-G
44,template_ood,-2,,F,both_wrong,C,0,121,0.0,0,0.03077069794747827,False,False,E-G
44,template_ood,-2,,F,all_success,C,0,121,0.0,0,0.03077069794747827,False,False,E-G
44,template_ood,-2,,F,both_correct,C_equal_mask,0,0,,,,True,True,E-G
44,template_ood,-2,,F,only_left_correct,C_equal_mask,0,0,,,,True,True,E-G
44,template_ood,-2,,F,only_right_correct,C_equal_mask,0,0,,,,True,True,E-G
44,template_ood,-2,,F,both_wrong,C_equal_mask,0,0,,,,True,True,E-G
44,template_ood,-2,,F,all_success,C_equal_mask,0,0,,,,True,True,E-G
44,template_ood,-2,,F,both_correct,pair_C_intersection,0,151,0.0,0,0.02480898106974387,False,False,P-U
44,template_ood,-2,,F,only_left_correct,pair_C_intersection,0,151,0.0,0,0.02480898106974387,False,False,P-U
44,template_ood,-2,,F,only_right_correct,pair_C_intersection,0,151,0.0,0,0.02480898106974387,False,False,P-U
44,template_ood,-2,,F,both_wrong,pair_C_intersection,151,151,1.0,0.9751910189302563,1,False,False,P-U
44,template_ood,-2,,F,all_success,pair_C_intersection,0,151,0.0,0,0.02480898106974387,False,False,P-U
44,template_ood,-2,,F,both_correct,pair_C_intersection,0,121,0.0,0,0.03077069794747827,False,False,P-G
44,template_ood,-2,,F,only_left_correct,pair_C_intersection,0,121,0.0,0,0.03077069794747827,False,False,P-G
44,template_ood,-2,,F,only_right_correct,pair_C_intersection,0,121,0.0,0,0.03077069794747827,False,False,P-G
44,template_ood,-2,,F,both_wrong,pair_C_intersection,121,121,1.0,0.9692293020525218,1,False,False,P-G
44,template_ood,-2,,F,all_success,pair_C_intersection,0,121,0.0,0,0.03077069794747827,False,False,P-G
44,template_ood,-2,,F,both_correct,pair_C_intersection,0,121,0.0,0,0.03077069794747827,False,False,U-G
44,template_ood,-2,,F,only_left_correct,pair_C_intersection,0,121,0.0,0,0.03077069794747827,False,False,U-G
44,template_ood,-2,,F,only_right_correct,pair_C_intersection,0,121,0.0,0,0.03077069794747827,False,False,U-G
44,template_ood,-2,,F,both_wrong,pair_C_intersection,121,121,1.0,0.9692293020525218,1,False,False,U-G
44,template_ood,-2,,F,all_success,pair_C_intersection,0,121,0.0,0,0.03077069794747827,False,False,U-G
44,template_ood,-2,,F,all_success,triple_C_intersection,0,121,0.0,0,0.03077069794747827,False,False,P-U-G
