review_id,case_id,source_id,path,task_validity,time_status,meaning_status,readability_status,reason,reviewer,review_type,reviewed_at,introduced_reconstruction_error,error_categories,output_sha256,human_time_status,human_meaning_status,human_readability_status,human_reason,human_reviewer,joint_status
R0351,S001,004c030ba424f97f52d6,identity_source,valid,pass,pass,pass,本输出逐项判断（原句时态、原句信息、可读性）：PPP。Kellogg涨幅4又1/4及终值75保留；还原仅去转义反斜杠，不改变分数。,Codex GPT-6 family; exact runtime model revision unavailable,substantive model semantic review; exposed to methods; not human or independent blind review,2026-09-27T16:31:49.090473+00:00,no,,aced44a4f333d6abac7190bee376803642cac10eeef09b5bbd0ddbd899ee27c1,,,,,,pass
R0236,S002,01d750c0ca2607a908a2,identity_source,valid,pass,pass,pass,本输出逐项判断（原句时态、原句信息、可读性）：PPP。携带缺陷基因的小鼠、实验背景及被动配对事件保留。,Codex GPT-6 family; exact runtime model revision unavailable,substantive model semantic review; exposed to methods; not human or independent blind review,2026-09-27T16:31:49.090473+00:00,no,,01d750c0ca2607a908a29b53b991c193ae15bc0439264e87297f2b1394bd4e23,,,,,,pass
R0119,S003,05a4ff4c9b179be64d37,identity_source,uncertain,pass,pass,pass,本输出逐项判断（原句时态、原句信息、可读性）：PPP。引语和报告语可辨，但will be never aware生硬，独立可读性保留不确定。,Codex GPT-6 family; exact runtime model revision unavailable,substantive model semantic review; exposed to methods; not human or independent blind review,2026-09-27T16:31:49.090473+00:00,no,input_reference_problem_or_uncertainty,05a4ff4c9b179be64d370a685c80fa3822f91db74ac0fe4521bb6012f2738bbd,,,,,,pass
R0001,S004,094be03d64e9ea01722d,identity_source,valid,pass,pass,pass,本输出逐项判断（原句时态、原句信息、可读性）：PPP。he发动自己的攻击，施事、对象与unstoppable修饰保留。,Codex GPT-6 family; exact runtime model revision unavailable,substantive model semantic review; exposed to methods; not human or independent blind review,2026-09-27T16:31:49.090473+00:00,no,,094be03d64e9ea01722de11f93101924135c7cd2482093eb3cbbe7f8746292ee,,,,,,pass
R0350,S005,0aa0c6fe11755b39969c,identity_source,uncertain,pass,pass,pass,本输出逐项判断（原句时态、原句信息、可读性）：PPP。Sept.30及5.3million股份均保留；编辑的未来日期适用性缺少叙述锚点。,Codex GPT-6 family; exact runtime model revision unavailable,substantive model semantic review; exposed to methods; not human or independent blind review,2026-09-27T16:31:49.090473+00:00,no,input_reference_problem_or_uncertainty,0965a1158c449491fe7cf62bc3072f98e2c094ccad4563375f9879736dd3310b,,,,,,pass
R0269,S006,0be5c99f3dde450f32b6,identity_source,uncertain,pass,pass,pass,本输出逐项判断（原句时态、原句信息、可读性）：PPP。全球产量减半与1998保留；would变will是否丢失条件性不明。,Codex GPT-6 family; exact runtime model revision unavailable,substantive model semantic review; exposed to methods; not human or independent blind review,2026-09-27T16:31:49.090473+00:00,no,input_reference_problem_or_uncertainty,2abef44b296e26948c1304dfd1539b85dac57ffcaa89ece3c6b2a5c466131bfc,,,,,,pass
R0015,S007,0ffa471f7e98f5520858,identity_source,valid,pass,pass,pass,本输出逐项判断（原句时态、原句信息、可读性）：PPP。Jeff Rowe为文章作贡献的事件与身份均保留。,Codex GPT-6 family; exact runtime model revision unavailable,substantive model semantic review; exposed to methods; not human or independent blind review,2026-09-27T16:31:49.090473+00:00,no,,0ffa471f7e98f55208584b12bea01d9963b54fb8bf341cc61ffbf6bc0b340102,,,,,,pass
R0092,S008,102433989fb8109a6e77,identity_source,valid,pass,pass,pass,本输出逐项判断（原句时态、原句信息、可读性）：PPP。humility使成功机会更好这一因果关系保留。,Codex GPT-6 family; exact runtime model revision unavailable,substantive model semantic review; exposed to methods; not human or independent blind review,2026-09-27T16:31:49.090473+00:00,no,,102433989fb8109a6e77c276a53ec0533e6b7f7433259440906608934a80b968,,,,,,pass
R0334,S009,13b58f773a9fe498376a,identity_source,valid,pass,pass,pass,本输出逐项判断（原句时态、原句信息、可读性）：PPP。RTC需要能干且可获得管理人员的需求及修饰均保留。,Codex GPT-6 family; exact runtime model revision unavailable,substantive model semantic review; exposed to methods; not human or independent blind review,2026-09-27T16:31:49.090473+00:00,no,,13b58f773a9fe498376a6604049985177c9433ee449c5c68944a6f9a2ac817b8,,,,,,pass
R0280,S010,1595ae6ce909975607be,identity_source,valid,pass,pass,pass,本输出逐项判断（原句时态、原句信息、可读性）：PPP。investors不喜欢消息的否定、公司名和either保留；Shift重复will造成语法错误。,Codex GPT-6 family; exact runtime model revision unavailable,substantive model semantic review; exposed to methods; not human or independent blind review,2026-09-27T16:31:49.090473+00:00,no,,c42cdddc690f42e02ee29c0f7d0786ed565fe3c8a6f5e38c959986793be1dc54,,,,,,pass
R0282,S011,2133689d58c231ee830f,identity_source,valid,pass,pass,pass,本输出逐项判断（原句时态、原句信息、可读性）：PPP。2.9%增长、827.9million及804.3million的对应关系保持。,Codex GPT-6 family; exact runtime model revision unavailable,substantive model semantic review; exposed to methods; not human or independent blind review,2026-09-27T16:31:49.090473+00:00,no,,5e1689314823395508e81b21b03db82248207041a1f60e594c87de528e7b1df2,,,,,,pass
R0101,S012,2527113b1eff996f93ed,identity_source,valid,pass,pass,pass,本输出逐项判断（原句时态、原句信息、可读性）：PPP。每个75000的成本和研究用途保持；原主句未来时未破坏，从句成本转将来。,Codex GPT-6 family; exact runtime model revision unavailable,substantive model semantic review; exposed to methods; not human or independent blind review,2026-09-27T16:31:49.090473+00:00,no,,d6735427e7d59f2df840ee7fcf42dd2461934b62c6e6ab36d7f63cbe6d8545ec,,,,,,pass
R0369,S013,2543db151dc404101f48,identity_source,valid,pass,pass,pass,本输出逐项判断（原句时态、原句信息、可读性）：PPP。Goldman Sachs及Salomon Brothers官员无法评论的状态保持。,Codex GPT-6 family; exact runtime model revision unavailable,substantive model semantic review; exposed to methods; not human or independent blind review,2026-09-27T16:31:49.090473+00:00,no,,2543db151dc404101f48b5901e40027dbf9950e0352dff9fc35df232a4e5603c,,,,,,pass
R0138,S014,2549ab97d8dcca6d5051,identity_source,uncertain,pass,pass,pass,本输出逐项判断（原句时态、原句信息、可读性）：PPP。开园与安排状态保留，但1992相对叙述时间不明，编辑时间适用性不确定。,Codex GPT-6 family; exact runtime model revision unavailable,substantive model semantic review; exposed to methods; not human or independent blind review,2026-09-27T16:31:49.090473+00:00,no,input_reference_problem_or_uncertainty,2549ab97d8dcca6d50515b0968927071aa9b9896d626f6764016e229a252c11c,,,,,,pass
R0383,S015,2572a83a32bd0f08211d,identity_source,valid,pass,pass,pass,本输出逐项判断（原句时态、原句信息、可读性）：PPP。平均美国人每天看七小时电视的主体、量与频率保持。,Codex GPT-6 family; exact runtime model revision unavailable,substantive model semantic review; exposed to methods; not human or independent blind review,2026-09-27T16:31:49.090473+00:00,no,,2572a83a32bd0f08211d7857e7a632fac94003be63d27c89a90699820853d541,,,,,,pass
R0245,S016,27b9a6c7f30969006b38,identity_source,valid,pass,pass,pass,本输出逐项判断（原句时态、原句信息、可读性）：PPP。5.2million利润与去年同期1million对比保持，基准无需也改未来。,Codex GPT-6 family; exact runtime model revision unavailable,substantive model semantic review; exposed to methods; not human or independent blind review,2026-09-27T16:31:49.090473+00:00,no,,46890a435813b791989beab8748fb4b92c5e03e97670f412c3b5848bb9c62f7b,,,,,,pass
R0395,S017,2f0ffe7ce5117e9c1f9b,identity_source,valid,pass,pass,pass,本输出逐项判断（原句时态、原句信息、可读性）：PPP。4.5%、522.3million和499.4million均保持。,Codex GPT-6 family; exact runtime model revision unavailable,substantive model semantic review; exposed to methods; not human or independent blind review,2026-09-27T16:31:49.090473+00:00,no,,d753996552a439d682824f731baecbfa8b2fef355176c5504925f2bf33d89534,,,,,,pass
R0180,S018,30b2241454de1e80ee48,identity_source,valid,pass,pass,pass,本输出逐项判断（原句时态、原句信息、可读性）：PPP。Jim Beam平面广告在不同国家触动不同反应的习语和修饰保持。,Codex GPT-6 family; exact runtime model revision unavailable,substantive model semantic review; exposed to methods; not human or independent blind review,2026-09-27T16:31:49.090473+00:00,no,,30b2241454de1e80ee482ec74b646cf95a093a645f90a5c5dad64360bb3aa63b,,,,,,pass
R0027,S019,36f3bd66d78f94373443,identity_source,valid,pass,pass,pass,本输出逐项判断（原句时态、原句信息、可读性）：PPP。收入增长5%、终值282million及基准268.3million保持。,Codex GPT-6 family; exact runtime model revision unavailable,substantive model semantic review; exposed to methods; not human or independent blind review,2026-09-27T16:31:49.090473+00:00,no,,d4010e1195280baa723f685071ca7af97f3c70405698e8fbd5728e326d97ce73,,,,,,pass
R0056,S020,3794c5aeac83aafcffc7,identity_source,valid,pass,pass,pass,本输出逐项判断（原句时态、原句信息、可读性）：PPP。Carnival官员拒绝评论的施事与事件保持。,Codex GPT-6 family; exact runtime model revision unavailable,substantive model semantic review; exposed to methods; not human or independent blind review,2026-09-27T16:31:49.090473+00:00,no,,3794c5aeac83aafcffc737f067a0c8deb046ac8d5fe246fcef75676bb9bcc2b6,,,,,,pass
R0211,S021,3a60cf9817fdff67bac5,identity_source,valid,pass,pass,pass,本输出逐项判断（原句时态、原句信息、可读性）：PPP。Blumenfeld报告满意且问题此前已解决；Shift丢失完成体，改成问题将被解决。,Codex GPT-6 family; exact runtime model revision unavailable,substantive model semantic review; exposed to methods; not human or independent blind review,2026-09-27T16:31:49.090473+00:00,no,,3a74c1f5b98bb7de4ce35f7cf7fa9410b0e12c2f08bc714a03d1dce865af2bcd,,,,,,pass
R0050,S022,3adb3da2a6e1af2817fa,identity_source,uncertain,pass,pass,pass,本输出逐项判断（原句时态、原句信息、可读性）：PPP。1989、20%及last year均保留，但未来完成式相对历史年份的锚点缺失。,Codex GPT-6 family; exact runtime model revision unavailable,substantive model semantic review; exposed to methods; not human or independent blind review,2026-09-27T16:31:49.090473+00:00,no,input_reference_problem_or_uncertainty,e97af693a02291645250b66bb80583954fd6da1bd7f951a8bfe65621733d663f,,,,,,pass
R0194,S023,3c6a7649e7a984d18c5a,identity_source,valid,pass,pass,pass,本输出逐项判断（原句时态、原句信息、可读性）：PPP。被震荡市场反复冲击的背景及债券高收事件保持；after非限定从句先后关系清楚。,Codex GPT-6 family; exact runtime model revision unavailable,substantive model semantic review; exposed to methods; not human or independent blind review,2026-09-27T16:31:49.090473+00:00,no,,3c6a7649e7a984d18c5a1d2f489402d3e32a90ff4d788aeb174df35083070c33,,,,,,pass
R0307,S024,3f519040b7eb92eb1419,identity_source,valid,pass,pass,pass,本输出逐项判断（原句时态、原句信息、可读性）：PPP。BSB及3.1million流通股保持。,Codex GPT-6 family; exact runtime model revision unavailable,substantive model semantic review; exposed to methods; not human or independent blind review,2026-09-27T16:31:49.090473+00:00,no,,a589b63e57837ea6756c9f89772fd5bf461cbf57f6cec505489775258b6a2464,,,,,,pass
R0344,S025,41601b09beca6d4c6b31,identity_source,invalid,pass,pass,pass,本输出逐项判断（原句时态、原句信息、可读性）：PPP。原句intuition made manifest可读，Shift保留该分词结构；目标及Lowrank给分词错误增加will。,Codex GPT-6 family; exact runtime model revision unavailable,substantive model semantic review; exposed to methods; not human or independent blind review,2026-09-27T16:31:49.090473+00:00,no,input_reference_problem_or_uncertainty,41601b09beca6d4c6b3175ac4cb992e30fa5a828088c978a8e59bb5bbd4d1aa7,,,,,,pass
R0168,S026,4268481df51034a54b08,identity_source,invalid,pass,pass,pass,本输出逐项判断（原句时态、原句信息、可读性）：PPP。源句让别人不当思考的事件清楚；参考重复will；Shift伪分裂句时态与语法边界不明；Lowrank丢失do。,Codex GPT-6 family; exact runtime model revision unavailable,substantive model semantic review; exposed to methods; not human or independent blind review,2026-09-27T16:31:49.090473+00:00,no,input_reference_problem_or_uncertainty,4268481df51034a54b08df5c9c188c9896dde1954018fa38f30db219ca18c1f4,,,,,,pass
R0068,S027,439c34b6abd79e798eb4,identity_source,valid,pass,pass,pass,本输出逐项判断（原句时态、原句信息、可读性）：PPP。Howley的引语内容及报告者保留；Shift留下said，未把报告事件转未来。,Codex GPT-6 family; exact runtime model revision unavailable,substantive model semantic review; exposed to methods; not human or independent blind review,2026-09-27T16:31:49.090473+00:00,no,,23353910b9465426099bc29d1e8571f59ff4c8176c2b63e94b9e9a9ad3b858f9,,,,,,pass
R0199,S028,4870e52af055ba1358b9,identity_source,valid,pass,pass,pass,本输出逐项判断（原句时态、原句信息、可读性）：PPP。公司拒绝过去提案的事件保持；past修饰提案不妨碍将来拒绝。,Codex GPT-6 family; exact runtime model revision unavailable,substantive model semantic review; exposed to methods; not human or independent blind review,2026-09-27T16:31:49.090473+00:00,no,,4870e52af055ba1358b91e13ca6baa09df287fb0cbad17abd00c584eaa3ea320,,,,,,pass
R0149,S029,4bcebf1746259e5bc1fc,identity_source,valid,pass,pass,pass,本输出逐项判断（原句时态、原句信息、可读性）：PPP。联邦保险保护631163存款人的事件和数量保持；Shift出现will protected。,Codex GPT-6 family; exact runtime model revision unavailable,substantive model semantic review; exposed to methods; not human or independent blind review,2026-09-27T16:31:49.090473+00:00,no,,52000cdc23d8de72054eab083d90d9e1fb13b595b5f89ff80ca3036e4d3cebe1,,,,,,pass
R0373,S030,4c204f10ca28f1917dbe,identity_source,invalid,pass,pass,pass,本输出逐项判断（原句时态、原句信息、可读性）：PPP。标准条件句原本成立；复制或生成if he will be破坏普通条件读法，可能引入意愿语义。,Codex GPT-6 family; exact runtime model revision unavailable,substantive model semantic review; exposed to methods; not human or independent blind review,2026-09-27T16:31:49.090473+00:00,no,input_reference_problem_or_uncertainty,4c204f10ca28f1917dbe24bb158cc632ebbabd036124084286d277891e7004be,,,,,,pass
R0244,S031,4d978d3df86de905faf2,identity_source,valid,pass,pass,pass,本输出逐项判断（原句时态、原句信息、可读性）：PPP。小企业正在采取更积极措施及反制强制休假的目的保持。,Codex GPT-6 family; exact runtime model revision unavailable,substantive model semantic review; exposed to methods; not human or independent blind review,2026-09-27T16:31:49.090473+00:00,no,,06a76785b9ed6df1ac1fbb8b3b10426b10c25201a2aea9d0982cfdcccb5f27e8,,,,,,pass
R0187,S032,53efc0324b92fb2dab54,identity_source,uncertain,pass,pass,pass,本输出逐项判断（原句时态、原句信息、可读性）：PPP。make sense及for somebody to do it内容保留；would到will的模态差异缺语境。,Codex GPT-6 family; exact runtime model revision unavailable,substantive model semantic review; exposed to methods; not human or independent blind review,2026-09-27T16:31:49.090473+00:00,no,input_reference_problem_or_uncertainty,53efc0324b92fb2dab54e9d9cfaa46ad811331aaeaace7feeae1be4f9821082d,,,,,,pass
R0325,S033,55f433c9e7f6a9bb51b1,identity_source,invalid,pass,pass,pass,本输出逐项判断（原句时态、原句信息、可读性）：PPP。目标还原和Shift补上will be discarded的be；首项can仍是能力语义，是否足够未来不明确；Lowrank原样不编辑。,Codex GPT-6 family; exact runtime model revision unavailable,substantive model semantic review; exposed to methods; not human or independent blind review,2026-09-27T16:31:49.090473+00:00,no,input_reference_problem_or_uncertainty,55f433c9e7f6a9bb51b13872610f21d9490d7e5ede514b1179566d9cc260f928,,,,,,pass
R0084,S034,5894a73d43298bc20a78,identity_source,valid,pass,pass,pass,本输出逐项判断（原句时态、原句信息、可读性）：PPP。Seltzer解释视觉成熟的事件应保留；Shift丢失explain，Lowrank保留事件却重复will。,Codex GPT-6 family; exact runtime model revision unavailable,substantive model semantic review; exposed to methods; not human or independent blind review,2026-09-27T16:31:49.090473+00:00,no,,5894a73d43298bc20a78c0114de83b7823b89f687cc487507169333f45df146f,,,,,,pass
R0074,S035,59952e279ca858283317,identity_source,invalid,pass,pass,pass,本输出逐项判断（原句时态、原句信息、可读性）：PPP。得到法律兴趣并创办Litigation Sciences；Shift正确将两事件转未来，参考和Lowrank漏改formed。,Codex GPT-6 family; exact runtime model revision unavailable,substantive model semantic review; exposed to methods; not human or independent blind review,2026-09-27T16:31:49.090473+00:00,no,input_reference_problem_or_uncertainty,956121f51fbef8c8a14929b11372059d99c608d112a3153c257c1ce5edbbc707,,,,,,pass
R0182,S036,59c8abc0ee2f3999e1ea,identity_source,valid,pass,pass,pass,本输出逐项判断（原句时态、原句信息、可读性）：PPP。never否定及多数公司放弃研究保留；两编辑器都生成will panned而非will pan。,Codex GPT-6 family; exact runtime model revision unavailable,substantive model semantic review; exposed to methods; not human or independent blind review,2026-09-27T16:31:49.090473+00:00,no,,eaec7ada3b6bdb661f6acbb4a53b9ddfc6700f69a58cb547701f38e91276ca62,,,,,,pass
R0012,S037,5e7db8ba4007ce64cd24,identity_source,invalid,pass,pass,pass,本输出逐项判断（原句时态、原句信息、可读性）：PPP。think、害怕、待在家三项关系保留；Shift的will get scared and stay home正确共享will，参考及Lowrank留下stayed。,Codex GPT-6 family; exact runtime model revision unavailable,substantive model semantic review; exposed to methods; not human or independent blind review,2026-09-27T16:31:49.090473+00:00,no,input_reference_problem_or_uncertainty,5e7db8ba4007ce64cd2419a18e421c11e656f5759b44eca4ee8539db02092ef2,,,,,,pass
R0197,S038,5f3795d24dde61944bad,identity_source,valid,pass,pass,pass,本输出逐项判断（原句时态、原句信息、可读性）：PPP。Sears吸引顾客的努力保留；Shift只改struggling而主句show仍为现在。,Codex GPT-6 family; exact runtime model revision unavailable,substantive model semantic review; exposed to methods; not human or independent blind review,2026-09-27T16:31:49.090473+00:00,no,,5f3795d24dde61944bad6ec8dbeeb0843a486d307bbdb2b4eaa9e6c37b16c0de,,,,,,pass
R0234,S039,6079e861ab15392069ec,identity_source,valid,pass,pass,pass,本输出逐项判断（原句时态、原句信息、可读性）：PPP。January铂金合约、每盎司上涨2.30至488.60均保持。,Codex GPT-6 family; exact runtime model revision unavailable,substantive model semantic review; exposed to methods; not human or independent blind review,2026-09-27T16:31:49.090473+00:00,no,,4f9ac33d077e3568b4338fcb508e6aacd1c11711194c36af429265b9ffbc5f9e,,,,,,pass
R0192,S040,60ed35c8259eacf49cd9,identity_source,invalid,pass,pass,pass,本输出逐项判断（原句时态、原句信息、可读性）：PPP。prior year仍限制主事件，will exceed与该过去限定冲突；8.8billion差值保持。,Codex GPT-6 family; exact runtime model revision unavailable,substantive model semantic review; exposed to methods; not human or independent blind review,2026-09-27T16:31:49.090473+00:00,no,input_reference_problem_or_uncertainty,725ba9e8c3d31f6778c245ca2b28bdc0c841451485fa3b0afbb3aa67ff735cd0,,,,,,pass
R0002,S041,63c8e3fad0df263f7181,identity_source,valid,pass,pass,pass,本输出逐项判断（原句时态、原句信息、可读性）：PPP。community involvement更糟的评价与even比较保留。,Codex GPT-6 family; exact runtime model revision unavailable,substantive model semantic review; exposed to methods; not human or independent blind review,2026-09-27T16:31:49.090473+00:00,no,,63c8e3fad0df263f71813e0e6d7f9cd9f118133a3b408493e4dd5bd531606397,,,,,,pass
R0127,S042,65d1f64018fd7dd21711,identity_source,valid,pass,pass,pass,本输出逐项判断（原句时态、原句信息、可读性）：PPP。涨幅匹配Dow Jones industrials本年涨幅的关系保留。,Codex GPT-6 family; exact runtime model revision unavailable,substantive model semantic review; exposed to methods; not human or independent blind review,2026-09-27T16:31:49.090473+00:00,no,,65d1f64018fd7dd217116af233f07f5fb2b42d57046eeabbba734ac63c922c6c,,,,,,pass
R0181,S043,66178b7f0b452b6093b9,identity_source,valid,pass,pass,pass,本输出逐项判断（原句时态、原句信息、可读性）：PPP。短期利率从不变到略低的范围保持。,Codex GPT-6 family; exact runtime model revision unavailable,substantive model semantic review; exposed to methods; not human or independent blind review,2026-09-27T16:31:49.090473+00:00,no,,c499e3595e9e42c1867da39d53e24380d9dda5c78af995d035cba7cfb6bc0412,,,,,,pass
R0024,S044,68190565b1dc34e8ca10,identity_source,valid,pass,pass,pass,本输出逐项判断（原句时态、原句信息、可读性）：PPP。many的视角及像Oct.13重演的比喻保持，begin转未来。,Codex GPT-6 family; exact runtime model revision unavailable,substantive model semantic review; exposed to methods; not human or independent blind review,2026-09-27T16:31:49.090473+00:00,no,,34fe592402f3f777164b21d041f86965bf7cddf73c8221244ab20a6332df1d7c,,,,,,pass
R0061,S045,778ffcec2096f43af32f,identity_source,valid,pass,pass,pass,本输出逐项判断（原句时态、原句信息、可读性）：PPP。针对England的广告及artsy、irreverent性质保持。,Codex GPT-6 family; exact runtime model revision unavailable,substantive model semantic review; exposed to methods; not human or independent blind review,2026-09-27T16:31:49.090473+00:00,no,,778ffcec2096f43af32fda3785e7bc8484c32b39ac3e7639c73205dec3899890,,,,,,pass
R0145,S046,7feaeb94b84270d6b899,identity_source,valid,pass,pass,pass,本输出逐项判断（原句时态、原句信息、可读性）：PPP。Japan为资金找到美国住房抵押去处，完成体和同位关系保持。,Codex GPT-6 family; exact runtime model revision unavailable,substantive model semantic review; exposed to methods; not human or independent blind review,2026-09-27T16:31:49.090473+00:00,no,,0eefa8d2b1d77cfa801b60a107f67ec39d210e464303c67e46a748fcb80db695,,,,,,pass
R0332,S047,8370ca278cea407cbec9,identity_source,valid,pass,pass,pass,本输出逐项判断（原句时态、原句信息、可读性）：PPP。Poles参与商业的状态保持。,Codex GPT-6 family; exact runtime model revision unavailable,substantive model semantic review; exposed to methods; not human or independent blind review,2026-09-27T16:31:49.090473+00:00,no,,8370ca278cea407cbec95e0be8d36948dd00097397b97c0aba6d354949a6beb3,,,,,,pass
R0152,S048,873462cbf7a3fa5aab89,identity_source,valid,pass,pass,pass,本输出逐项判断（原句时态、原句信息、可读性）：PPP。大盘背景、股价下跌及交易疲软修饰保持。,Codex GPT-6 family; exact runtime model revision unavailable,substantive model semantic review; exposed to methods; not human or independent blind review,2026-09-27T16:31:49.090473+00:00,no,,873462cbf7a3fa5aab8927c679e92e6f3547b35ce8f9a64e499934763c390bb3,,,,,,pass
R0393,S049,87601a26fcef3bbc71d5,identity_source,valid,pass,pass,pass,本输出逐项判断（原句时态、原句信息、可读性）：PPP。重申东德对共产主义正统忠诚的角色保持；Shift移动also位置不改变含义。,Codex GPT-6 family; exact runtime model revision unavailable,substantive model semantic review; exposed to methods; not human or independent blind review,2026-09-27T16:31:49.090473+00:00,no,,8ca879f86e586f2b34e5e8a272a779d5466c4a4cb0abfca1dde2531cdaa2f2f0,,,,,,pass
R0298,S050,8856afe27d562f46bbfc,identity_source,valid,pass,pass,pass,本输出逐项判断（原句时态、原句信息、可读性）：PPP。Unifirst宣布2-for-1拆股的事件和比例保持。,Codex GPT-6 family; exact runtime model revision unavailable,substantive model semantic review; exposed to methods; not human or independent blind review,2026-09-27T16:31:49.090473+00:00,no,,23123a6450eae6514543e1419c81a81fa1c7e3cb9bf656898d4dc7e1d658b662,,,,,,pass
R0374,S051,88e06b7c551541ac1df2,identity_source,valid,pass,pass,pass,本输出逐项判断（原句时态、原句信息、可读性）：PPP。教师不是教育危机重要因素的否定范围保持。,Codex GPT-6 family; exact runtime model revision unavailable,substantive model semantic review; exposed to methods; not human or independent blind review,2026-09-27T16:31:49.090473+00:00,no,,88e06b7c551541ac1df28125a0f86a6f1f13828f0a651afdf38e3f666c56f65a,,,,,,pass
R0357,S052,8953419d735f40d8d89d,identity_source,invalid,pass,pass,pass,本输出逐项判断（原句时态、原句信息、可读性）：PPP。参考help will find错误，编辑器均修复该局部结构，但if client will need仍有条件语义问题。,Codex GPT-6 family; exact runtime model revision unavailable,substantive model semantic review; exposed to methods; not human or independent blind review,2026-09-27T16:31:49.090473+00:00,no,input_reference_problem_or_uncertainty,8953419d735f40d8d89d03e3d2fc938a5afc64926bd2ef126e548a331ece313d,,,,,,pass
R0114,S053,8ba33a2cbb0b7974e9bc,identity_source,uncertain,pass,pass,pass,本输出逐项判断（原句时态、原句信息、可读性）：PPP。Blumenfeld、not fully understand及购买事件保留；理解变未来而购买仍过去的相对时间有疑问。,Codex GPT-6 family; exact runtime model revision unavailable,substantive model semantic review; exposed to methods; not human or independent blind review,2026-09-27T16:31:49.090473+00:00,no,input_reference_problem_or_uncertainty,f3093f4e52e6c31cb9ef035e303e05cf74d54f3e39504888bf91e40245cdf3fb,,,,,,pass
R0073,S054,8c10bc049efd268802b7,identity_source,valid,pass,pass,pass,本输出逐项判断（原句时态、原句信息、可读性）：PPP。两类拍卖参与令人失望，消息来自dealers的归属保持。,Codex GPT-6 family; exact runtime model revision unavailable,substantive model semantic review; exposed to methods; not human or independent blind review,2026-09-27T16:31:49.090473+00:00,no,,8c10bc049efd268802b763c94022582e0d8dc0a141a2f5e5797a89b4c0e79a58,,,,,,pass
R0320,S055,910389535dd5f5d012bd,identity_source,valid,pass,pass,pass,本输出逐项判断（原句时态、原句信息、可读性）：PPP。this not the case的否定判断保持。,Codex GPT-6 family; exact runtime model revision unavailable,substantive model semantic review; exposed to methods; not human or independent blind review,2026-09-27T16:31:49.090473+00:00,no,,910389535dd5f5d012bd3219bfe1b8722e28fd880f07f56b4b7248e3adfd1a44,,,,,,pass
R0047,S056,9795738b20d2fd6f6524,identity_source,valid,pass,pass,pass,本输出逐项判断（原句时态、原句信息、可读性）：PPP。政府承担经过计算风险的进行体和indeed保持。,Codex GPT-6 family; exact runtime model revision unavailable,substantive model semantic review; exposed to methods; not human or independent blind review,2026-09-27T16:31:49.090473+00:00,no,,9795738b20d2fd6f6524cfda015a9c543097cbdedaf38fce8d52d8bba91b40a4,,,,,,pass
R0207,S057,981914b9bde07f8d9ae9,identity_source,valid,pass,pass,pass,本输出逐项判断（原句时态、原句信息、可读性）：PPP。看起来像假日的状态及类比保持。,Codex GPT-6 family; exact runtime model revision unavailable,substantive model semantic review; exposed to methods; not human or independent blind review,2026-09-27T16:31:49.090473+00:00,no,,981914b9bde07f8d9ae9ee4f80e6737f456e0a483c623aa627e9a96e8050691b,,,,,,pass
R0172,S058,99b443974c38909debe1,identity_source,valid,pass,pass,pass,本输出逐项判断（原句时态、原句信息、可读性）：PPP。按省略引号的引语读取，guess、naive状态及he报告事件均未来化，内容保留。,Codex GPT-6 family; exact runtime model revision unavailable,substantive model semantic review; exposed to methods; not human or independent blind review,2026-09-27T16:31:49.090473+00:00,no,,99b443974c38909debe1be9a4d409d7fccbc3eb5e1f90d8c73d36245e7077578,,,,,,pass
R0046,S059,9e71f72484cbe02b9f10,identity_source,valid,pass,pass,pass,本输出逐项判断（原句时态、原句信息、可读性）：PPP。曼哈顿通勤优于平均及in other words连接保持。,Codex GPT-6 family; exact runtime model revision unavailable,substantive model semantic review; exposed to methods; not human or independent blind review,2026-09-27T16:31:49.090473+00:00,no,,f18d2c3c5204e1bb8dc966b6688092a682801778e627c9256f71c7288202e079,,,,,,pass
R0261,S060,a24fae91648c25bcefca,identity_source,valid,pass,pass,pass,本输出逐项判断（原句时态、原句信息、可读性）：PPP。收入从1.1billion升到1.5billion的数量关系保持。,Codex GPT-6 family; exact runtime model revision unavailable,substantive model semantic review; exposed to methods; not human or independent blind review,2026-09-27T16:31:49.090473+00:00,no,,8ed0478b4ebb4267a3c7cfde54732d0259d0b3f2ea3b69285f15075cfca718ed,,,,,,pass
R0023,S061,a3d331285533d50fbc21,identity_source,valid,pass,pass,pass,本输出逐项判断（原句时态、原句信息、可读性）：PPP。Shift把Harold Simmons从说话者改成兴趣对象并删除said事件；Lowrank在名字前多插will而破坏语法。,Codex GPT-6 family; exact runtime model revision unavailable,substantive model semantic review; exposed to methods; not human or independent blind review,2026-09-27T16:31:49.090473+00:00,no,,226051dac28e2609ca3d005f002fc5049d03c47319b79a904d14965e507a5734,,,,,,pass
R0276,S062,a9266e9e3e4d69468937,identity_source,valid,pass,pass,pass,本输出逐项判断（原句时态、原句信息、可读性）：PPP。11%收入增长及4.56、4.12billion两值保持。,Codex GPT-6 family; exact runtime model revision unavailable,substantive model semantic review; exposed to methods; not human or independent blind review,2026-09-27T16:31:49.090473+00:00,no,,33f085d20365f165f97a84685c7b3d8d51774f350ed06d10ca771a695b936b7c,,,,,,pass
R0039,S063,abe5307a5b8763aaef52,identity_source,valid,pass,pass,pass,本输出逐项判断（原句时态、原句信息、可读性）：PPP。日本投资者避开抵押证券及因果连接保持。,Codex GPT-6 family; exact runtime model revision unavailable,substantive model semantic review; exposed to methods; not human or independent blind review,2026-09-27T16:31:49.090473+00:00,no,,abe5307a5b8763aaef529f265063a1d39c420a0a9b46673b429783fad58202b8,,,,,,pass
R0057,S064,b5c53710e92a0fc1bd52,identity_source,valid,pass,pass,pass,本输出逐项判断（原句时态、原句信息、可读性）：PPP。收盘跌8.375至170、此前跌33至145，数值与先后背景保持。,Codex GPT-6 family; exact runtime model revision unavailable,substantive model semantic review; exposed to methods; not human or independent blind review,2026-09-27T16:31:49.090473+00:00,no,,0cd3a9111c676d461df0bfe4917afe98fb9de06b71d6f9ccbe7698d2f54268d1,,,,,,pass
R0005,S065,b7924afe97d24f1ba800,identity_source,invalid,pass,pass,pass,本输出逐项判断（原句时态、原句信息、可读性）：PPP。once were原为曾经属于；编辑后的once future读法与过去关系冲突，不能把词序变化当等价。,Codex GPT-6 family; exact runtime model revision unavailable,substantive model semantic review; exposed to methods; not human or independent blind review,2026-09-27T16:31:49.090473+00:00,no,input_reference_problem_or_uncertainty,b042c09db9b8105fcf52b11aeff4ee22abc181de925fdacfd3e423edd020e644,,,,,,pass
R0327,S066,b868d1cdb3a863d99526,identity_source,invalid,pass,pass,pass,本输出逐项判断（原句时态、原句信息、可读性）：PPP。Shift保留原问句但未作未来编辑；Lowrank在can't及to write内插will，语法错误。,Codex GPT-6 family; exact runtime model revision unavailable,substantive model semantic review; exposed to methods; not human or independent blind review,2026-09-27T16:31:49.090473+00:00,no,input_reference_problem_or_uncertainty,9712d4c3ea782f731208089006f377fd6ae627538c6a4c5ca5ec6f55d78c51f7,,,,,,pass
R0111,S067,b8e2a759d215c523b3ae,identity_source,valid,pass,pass,pass,本输出逐项判断（原句时态、原句信息、可读性）：PPP。Blumenfeld不独特的否定保持。,Codex GPT-6 family; exact runtime model revision unavailable,substantive model semantic review; exposed to methods; not human or independent blind review,2026-09-27T16:31:49.090473+00:00,no,,c34673f00d34effbb129317d8184077dbe96621adcb70fee7bcf6fed39f6e441,,,,,,pass
R0125,S068,c14002357ae6cbe3621f,identity_source,valid,pass,pass,pass,本输出逐项判断（原句时态、原句信息、可读性）：PPP。交易员承担大宗风险的从句及受到震动主句均未来化，角色保持。,Codex GPT-6 family; exact runtime model revision unavailable,substantive model semantic review; exposed to methods; not human or independent blind review,2026-09-27T16:31:49.090473+00:00,no,,c14002357ae6cbe3621ffe5df8603cb1fd29ab5ca3bbe6ffdcd06f57ae2e87ae,,,,,,pass
R0312,S069,c3354c381b91896d85e5,identity_source,valid,pass,pass,pass,本输出逐项判断（原句时态、原句信息、可读性）：PPP。问题解决方案为限时毒丸，修饰和关系保持。,Codex GPT-6 family; exact runtime model revision unavailable,substantive model semantic review; exposed to methods; not human or independent blind review,2026-09-27T16:31:49.090473+00:00,no,,748b35e06e44cbe34f5ab364db18158a1318ee0e0b9f94481ec1d0bda0ba611e,,,,,,pass
R0174,S070,c45c9dfceaa5e495b326,identity_source,valid,pass,pass,pass,本输出逐项判断（原句时态、原句信息、可读性）：PPP。存在更多波动的数量比较和to come保留。,Codex GPT-6 family; exact runtime model revision unavailable,substantive model semantic review; exposed to methods; not human or independent blind review,2026-09-27T16:31:49.090473+00:00,no,,c45c9dfceaa5e495b326b3703baf4b8475380daa3f03573a0e7fa26f76deabe7,,,,,,pass
R0253,S071,c489e6e4026faf6daaf2,identity_source,invalid,pass,pass,uncertain,本输出逐项判断（原句时态、原句信息、可读性）：PPU。源句be的省略补语依赖前文，可读性不确定；参考need not will错误，两编辑器原样返回而未编辑。,Codex GPT-6 family; exact runtime model revision unavailable,substantive model semantic review; exposed to methods; not human or independent blind review,2026-09-27T16:31:49.090473+00:00,no,input_reference_problem_or_uncertainty,c489e6e4026faf6daaf2b8deaea5a2a7225f79230efdd2f28797beb1b6956eee,,,,,,uncertain
R0120,S072,c5e858e49566eae3186d,identity_source,valid,pass,pass,pass,本输出逐项判断（原句时态、原句信息、可读性）：PPP。Suntory在Japan分销Brown-Forman波旁酒；Shift生成distory及重复will，Lowrank把distribute改成distill，句法成立但从分销变为蒸馏制造。,Codex GPT-6 family; exact runtime model revision unavailable,substantive model semantic review; exposed to methods; not human or independent blind review,2026-09-27T16:31:49.090473+00:00,no,,8042120975880ff1895b7a46f72ac612ed865b647ca0c8f61a7f959902a01c86,,,,,,pass
R0268,S073,c6c23c8dddb9cd6c464d,identity_source,valid,pass,pass,pass,本输出逐项判断（原句时态、原句信息、可读性）：PPP。others不介意新危机产生的否定及still保持；Shift将still移到be前是自然等价措辞。,Codex GPT-6 family; exact runtime model revision unavailable,substantive model semantic review; exposed to methods; not human or independent blind review,2026-09-27T16:31:49.090473+00:00,no,,d2418fc67691af0e73521cc084aa1ef1de58713f399a90050211e135accc5684,,,,,,pass
R0179,S074,c82c91dc49575f7c52a7,identity_source,invalid,pass,pass,pass,本输出逐项判断（原句时态、原句信息、可读性）：PPP。can不等于明确将来时，且可能改变could模态；Shift叠加will can进一步破坏语法。,Codex GPT-6 family; exact runtime model revision unavailable,substantive model semantic review; exposed to methods; not human or independent blind review,2026-09-27T16:31:49.090473+00:00,no,input_reference_problem_or_uncertainty,c82c91dc49575f7c52a7a81a7c46a97bb4ec0ea89d0eff4be52e44fe3cddf68b,,,,,,pass
R0083,S075,c90a7cacb2e48118fbd1,identity_source,valid,pass,pass,pass,本输出逐项判断（原句时态、原句信息、可读性）：PPP。11%、8billion、7.2billion三项数字关系保持。,Codex GPT-6 family; exact runtime model revision unavailable,substantive model semantic review; exposed to methods; not human or independent blind review,2026-09-27T16:31:49.090473+00:00,no,,2bd90b5bb55efa816f03ac3f76f17af18311362982f501c9280967f2cbdb2792,,,,,,pass
R0011,S076,ca8468018b7f7d5b6890,identity_source,valid,pass,pass,pass,本输出逐项判断（原句时态、原句信息、可读性）：PPP。交易需要监管及股东两种批准均保持。,Codex GPT-6 family; exact runtime model revision unavailable,substantive model semantic review; exposed to methods; not human or independent blind review,2026-09-27T16:31:49.090473+00:00,no,,ca8468018b7f7d5b68901d17d218b4c37a9e491a6bc8753b077f480715662102,,,,,,pass
R0247,S077,ca8b834e142c06da491d,identity_source,valid,pass,pass,pass,本输出逐项判断（原句时态、原句信息、可读性）：PPP。文章充满outrageous distortions及unfortunately评价保持，位置变化不影响可读性。,Codex GPT-6 family; exact runtime model revision unavailable,substantive model semantic review; exposed to methods; not human or independent blind review,2026-09-27T16:31:49.090473+00:00,no,,ca8b834e142c06da491daf6bc8f3a9d4e4ea705ab625f50e1913b99841a9dfea,,,,,,pass
R0239,S078,cb29e235f00719277abc,identity_source,invalid,pass,pass,pass,本输出逐项判断（原句时态、原句信息、可读性）：PPP。还原复制参考will settled错误；两编辑器均修正为will settle且1014/ton和13保留。,Codex GPT-6 family; exact runtime model revision unavailable,substantive model semantic review; exposed to methods; not human or independent blind review,2026-09-27T16:31:49.090473+00:00,no,input_reference_problem_or_uncertainty,4aff34d74f566ddc278b3b93074a0322dbe58a67f7c5b003bb19d780f2f686bd,,,,,,pass
R0255,S079,cc1e8e0bbb82bdccdf0e,identity_source,valid,pass,pass,pass,本输出逐项判断（原句时态、原句信息、可读性）：PPP。朗姆出口54%、814000及proof gallons单位保持。,Codex GPT-6 family; exact runtime model revision unavailable,substantive model semantic review; exposed to methods; not human or independent blind review,2026-09-27T16:31:49.090473+00:00,no,,3ea619a0e052cc7c10ccd4e79bef5c367f02ea1b12e2f8893f686b143a38540d,,,,,,pass
R0116,S080,d042220c5cbc26f99e36,identity_source,invalid,pass,pass,pass,本输出逐项判断（原句时态、原句信息、可读性）：PPP。New Jersey受请求接受300000并拒绝；Shift改为will refuse，Lowrank同参考留下refused。,Codex GPT-6 family; exact runtime model revision unavailable,substantive model semantic review; exposed to methods; not human or independent blind review,2026-09-27T16:31:49.090473+00:00,no,input_reference_problem_or_uncertainty,14c040fb8e616b7c9e543862fc87a86c0fc823f56eeead2d0763a0a94d439aab,,,,,,pass
R0301,S081,d172becfce68a12103e2,identity_source,valid,pass,pass,pass,本输出逐项判断（原句时态、原句信息、可读性）：PPP。Vinson估计及行业收入接近200million两个谓词均未来化，归属保持。,Codex GPT-6 family; exact runtime model revision unavailable,substantive model semantic review; exposed to methods; not human or independent blind review,2026-09-27T16:31:49.090473+00:00,no,,80d6dac96d62e577583eb3a7ab8ea369012b0a6949c13260c8335195a567288f,,,,,,pass
R0305,S082,d1e80aafd9107094b3dd,identity_source,uncertain,pass,pass,pass,本输出逐项判断（原句时态、原句信息、可读性）：PPP。听证、Nov.3及accords保持；安排与举行的时间关系缺少锚点。,Codex GPT-6 family; exact runtime model revision unavailable,substantive model semantic review; exposed to methods; not human or independent blind review,2026-09-27T16:31:49.090473+00:00,no,input_reference_problem_or_uncertainty,46b00ce41c572bbb1ae19c926e704aff39063155feef83147517a905101c84fd,,,,,,pass
R0095,S083,d2fc7e82a1522b104df5,identity_source,valid,pass,pass,pass,本输出逐项判断（原句时态、原句信息、可读性）：PPP。不知道所有公交车所在的否定与范围保持；where buses will be明确同时未来，并非新增事件。,Codex GPT-6 family; exact runtime model revision unavailable,substantive model semantic review; exposed to methods; not human or independent blind review,2026-09-27T16:31:49.090473+00:00,no,,61cc3e23b1995199f662a9e77a1c7b290c4a66466eb48314a3095395426b65b8,,,,,,pass
R0064,S084,d3ca51ca6148de2e4327,identity_source,valid,pass,pass,pass,本输出逐项判断（原句时态、原句信息、可读性）：PPP。Freddie Mac、9%、97又21/32及升5/32均保持。,Codex GPT-6 family; exact runtime model revision unavailable,substantive model semantic review; exposed to methods; not human or independent blind review,2026-09-27T16:31:49.090473+00:00,no,,8117b9b3c35eeac807c641236ebaf47fbae7e342c1723ea73501117715b12018,,,,,,pass
R0200,S085,d93acd16d367bfb856ef,identity_source,valid,pass,pass,pass,本输出逐项判断（原句时态、原句信息、可读性）：PPP。交易员报告及program traders精密计算购买的被动角色均保持。,Codex GPT-6 family; exact runtime model revision unavailable,substantive model semantic review; exposed to methods; not human or independent blind review,2026-09-27T16:31:49.090473+00:00,no,,d93acd16d367bfb856ef371d4c8c6e739f575461462c9197f19d3919e39f6504,,,,,,pass
R0355,S086,df4a38f1c7ea9c06054c,identity_source,uncertain,pass,pass,pass,本输出逐项判断（原句时态、原句信息、可读性）：PPP。1987起40州提高乡村州际公路限速均保留；未来完成式的截止时间未交代。,Codex GPT-6 family; exact runtime model revision unavailable,substantive model semantic review; exposed to methods; not human or independent blind review,2026-09-27T16:31:49.090473+00:00,no,input_reference_problem_or_uncertainty,df4a38f1c7ea9c06054ce421414df6ca5ca86559c0f9b98ca23014bc32b0096f,,,,,,pass
R0329,S087,dfa19e10593034e35d3a,identity_source,valid,pass,pass,pass,本输出逐项判断（原句时态、原句信息、可读性）：PPP。所有人的手指离按钮更近一英寸，主体、单位及比较保持。,Codex GPT-6 family; exact runtime model revision unavailable,substantive model semantic review; exposed to methods; not human or independent blind review,2026-09-27T16:31:49.090473+00:00,no,,f0bc1718a2cd604d8fe6e0a5d43a1774f473a3c301652c7caad939f163e9fca8,,,,,,pass
R0201,S088,e0a75d17d4b51f632048,identity_source,valid,pass,fail,fail,本输出逐项判断（原句时态、原句信息、可读性）：PFF。四路径均把终价43又7/8改为43又7/7；源还原另重复to43，两编辑器还保留过去tumbled。,Codex GPT-6 family; exact runtime model revision unavailable,substantive model semantic review; exposed to methods; not human or independent blind review,2026-09-27T16:31:49.090473+00:00,yes,grammar_error|information_or_event_error|reconstruction_introduced_error|number_error,4464b499b6b613177d1458a34a52b63b36d12a6d227448c5c526e3dde43be6ab,,,,,,fail
R0362,S089,e0d37884dd5c7be52b3c,identity_source,valid,pass,pass,pass,本输出逐项判断（原句时态、原句信息、可读性）：PPP。Reebok报告和Fireman接任president的身份与关系保持，原有从句will不变。,Codex GPT-6 family; exact runtime model revision unavailable,substantive model semantic review; exposed to methods; not human or independent blind review,2026-09-27T16:31:49.090473+00:00,no,,4390dc975fc4829045c8f7f450b9b8db7181d96d685be6d897fee10d665c69ed,,,,,,pass
R0016,S090,e1e18dd661b16122cc45,identity_source,valid,pass,pass,pass,本输出逐项判断（原句时态、原句信息、可读性）：PPP。未来可能性及进一步研究揭示偏差的关系保持，however插入位置不作事实错误。,Codex GPT-6 family; exact runtime model revision unavailable,substantive model semantic review; exposed to methods; not human or independent blind review,2026-09-27T16:31:49.090473+00:00,no,,e1e18dd661b16122cc45719b41517af7684c713593950955dced985ee398bb67,,,,,,pass
R0257,S091,e4112927f5e4aeeafa02,identity_source,valid,pass,pass,pass,本输出逐项判断（原句时态、原句信息、可读性）：PPP。棋类语境少一子的computer认输，a piece down与主语关系保持。,Codex GPT-6 family; exact runtime model revision unavailable,substantive model semantic review; exposed to methods; not human or independent blind review,2026-09-27T16:31:49.090473+00:00,no,,e4112927f5e4aeeafa0235f5b22e537cb29a187c03842df6bf7c4eee665184b2,,,,,,pass
R0359,S092,e5900e1b99ae6d063419,identity_source,valid,pass,pass,pass,本输出逐项判断（原句时态、原句信息、可读性）：PPP。银行财务稳健及作为现实的两个陈述均未来化，内容保留。,Codex GPT-6 family; exact runtime model revision unavailable,substantive model semantic review; exposed to methods; not human or independent blind review,2026-09-27T16:31:49.090473+00:00,no,,e5900e1b99ae6d0634193808353fd3e0784a5c78711f5d59c6690dc563656f68,,,,,,pass
R0231,S093,e71af41acddc22f8a38e,identity_source,valid,pass,pass,pass,本输出逐项判断（原句时态、原句信息、可读性）：PPP。Shift保留主体内容后额外续写he will be，新增无补语片段；Lowrank保持无理由相信与报告关系。,Codex GPT-6 family; exact runtime model revision unavailable,substantive model semantic review; exposed to methods; not human or independent blind review,2026-09-27T16:31:49.090473+00:00,no,,e5694b6f87052166bb1b41a6b3b279b8f31b97cb800dcddccfb32f60ad114517,,,,,,pass
R0242,S094,eb35d1a90eca8b1034db,identity_source,uncertain,pass,pass,uncertain,本输出逐项判断（原句时态、原句信息、可读性）：PPU。so省略前文谓词，独立意义和可读性不确定；Lowrank保留would而未编辑。,Codex GPT-6 family; exact runtime model revision unavailable,substantive model semantic review; exposed to methods; not human or independent blind review,2026-09-27T16:31:49.090473+00:00,no,input_reference_problem_or_uncertainty,eb35d1a90eca8b1034dbce7dbdf1966aa57ba0904ace04664dcc2391458b8622,,,,,,uncertain
R0293,S095,ebb5c8a9f8c7f5801b3a,identity_source,valid,pass,pass,pass,本输出逐项判断（原句时态、原句信息、可读性）：PPP。收入从1.01billion至1.1billion的起终值保持。,Codex GPT-6 family; exact runtime model revision unavailable,substantive model semantic review; exposed to methods; not human or independent blind review,2026-09-27T16:31:49.090473+00:00,no,,bc8968d047d3acee36dc0eb7da820177dd28ed41e8df762d4d83a49da710f8c8,,,,,,pass
R0017,S096,f2e7146c4bca84457882,identity_source,valid,pass,pass,pass,本输出逐项判断（原句时态、原句信息、可读性）：PPP。系统工作方式的关系及两个谓词未来转换保持。,Codex GPT-6 family; exact runtime model revision unavailable,substantive model semantic review; exposed to methods; not human or independent blind review,2026-09-27T16:31:49.090473+00:00,no,,f2e7146c4bca84457882f12e646d0f7b12523d60adbceaa766f5e1aa1b661969,,,,,,pass
R0372,S097,f38da1c670ed1ee2f337,identity_source,invalid,pass,pass,pass,本输出逐项判断（原句时态、原句信息、可读性）：PPP。普通if there is条件应保留标准条件读法，if there will be机械转换有语法/条件含义问题。,Codex GPT-6 family; exact runtime model revision unavailable,substantive model semantic review; exposed to methods; not human or independent blind review,2026-09-27T16:31:49.090473+00:00,no,input_reference_problem_or_uncertainty,f38da1c670ed1ee2f33726e96f79a5a7571bbd00e6d210e2a30d6bfc7b83d534,,,,,,pass
R0191,S098,f5faeb345a0341417d3d,identity_source,valid,pass,pass,pass,本输出逐项判断（原句时态、原句信息、可读性）：PPP。no other的排除范围、图形性能和价格关系保持。,Codex GPT-6 family; exact runtime model revision unavailable,substantive model semantic review; exposed to methods; not human or independent blind review,2026-09-27T16:31:49.090473+00:00,no,,f5faeb345a0341417d3d14a091e725c10145810706289a4bb3dc786d95281276,,,,,,pass
R0021,S099,fa3541c8ce5108de55ed,identity_source,valid,pass,pass,pass,本输出逐项判断（原句时态、原句信息、可读性）：PPP。化工利润从98million跌至78million保持。,Codex GPT-6 family; exact runtime model revision unavailable,substantive model semantic review; exposed to methods; not human or independent blind review,2026-09-27T16:31:49.090473+00:00,no,,fa3541c8ce5108de55edb4729ec67143bd2b0a0eebb088a88c42694046845b99,,,,,,pass
R0009,S100,fb195f183d72c787641a,identity_source,valid,pass,pass,pass,本输出逐项判断（原句时态、原句信息、可读性）：PPP。像驾车看事故的类比和非限定背景保持，主句was转will be。,Codex GPT-6 family; exact runtime model revision unavailable,substantive model semantic review; exposed to methods; not human or independent blind review,2026-09-27T16:31:49.090473+00:00,no,,fb195f183d72c787641a9959d3301feb5c0211617280193d20332b7405b7a21d,,,,,,pass
R0389,S001,004c030ba424f97f52d6,identity_target,valid,pass,pass,pass,本输出逐项判断（目标未来时、目标信息、可读性；目标自身问题单列）：PPP。Kellogg涨幅4又1/4及终值75保留；还原仅去转义反斜杠，不改变分数。,Codex GPT-6 family; exact runtime model revision unavailable,substantive model semantic review; exposed to methods; not human or independent blind review,2026-09-27T16:31:49.090473+00:00,no,,956c4f1455ca757b9dd9e876832c8754cb4bd390d8f82e9a07f6a699e455d6d6,,,,,,pass
R0188,S002,01d750c0ca2607a908a2,identity_target,valid,pass,pass,pass,本输出逐项判断（目标未来时、目标信息、可读性；目标自身问题单列）：PPP。携带缺陷基因的小鼠、实验背景及被动配对事件保留。,Codex GPT-6 family; exact runtime model revision unavailable,substantive model semantic review; exposed to methods; not human or independent blind review,2026-09-27T16:31:49.090473+00:00,no,,5adcd1b1eb1655e2aa601d0484a7046d30fc45559a8b72222c06761e56407747,,,,,,pass
R0063,S003,05a4ff4c9b179be64d37,identity_target,uncertain,pass,pass,uncertain,本输出逐项判断（目标未来时、目标信息、可读性；目标自身问题单列）：PPU。引语和报告语可辨，但will be never aware生硬，独立可读性保留不确定。,Codex GPT-6 family; exact runtime model revision unavailable,substantive model semantic review; exposed to methods; not human or independent blind review,2026-09-27T16:31:49.090473+00:00,no,input_reference_problem_or_uncertainty,60b15082ffc8f2f348a3a48e61a9e5b87b4d3c935291d3ab746c88afe76512e4,,,,,,uncertain
R0285,S004,094be03d64e9ea01722d,identity_target,valid,pass,pass,pass,本输出逐项判断（目标未来时、目标信息、可读性；目标自身问题单列）：PPP。he发动自己的攻击，施事、对象与unstoppable修饰保留。,Codex GPT-6 family; exact runtime model revision unavailable,substantive model semantic review; exposed to methods; not human or independent blind review,2026-09-27T16:31:49.090473+00:00,no,,aec286e11e6e821a3e26bbd24852f463cc05c9fcf69b48067e482215f3fea4b2,,,,,,pass
R0278,S005,0aa0c6fe11755b39969c,identity_target,uncertain,pass,pass,pass,本输出逐项判断（目标未来时、目标信息、可读性；目标自身问题单列）：PPP。Sept.30及5.3million股份均保留；编辑的未来日期适用性缺少叙述锚点。,Codex GPT-6 family; exact runtime model revision unavailable,substantive model semantic review; exposed to methods; not human or independent blind review,2026-09-27T16:31:49.090473+00:00,no,input_reference_problem_or_uncertainty,de96fa3ab77314a2097284dea9c7cd300f7131dc1a6cf30fbc6f21b24ea7dbe4,,,,,,pass
R0097,S006,0be5c99f3dde450f32b6,identity_target,uncertain,pass,pass,pass,本输出逐项判断（目标未来时、目标信息、可读性；目标自身问题单列）：PPP。全球产量减半与1998保留；would变will是否丢失条件性不明。,Codex GPT-6 family; exact runtime model revision unavailable,substantive model semantic review; exposed to methods; not human or independent blind review,2026-09-27T16:31:49.090473+00:00,no,input_reference_problem_or_uncertainty,e2c00913719d252c3f6462e1cdac451c94ad502d75d5a7b2bcdce5e017b7dcb6,,,,,,pass
R0360,S007,0ffa471f7e98f5520858,identity_target,valid,pass,pass,pass,本输出逐项判断（目标未来时、目标信息、可读性；目标自身问题单列）：PPP。Jeff Rowe为文章作贡献的事件与身份均保留。,Codex GPT-6 family; exact runtime model revision unavailable,substantive model semantic review; exposed to methods; not human or independent blind review,2026-09-27T16:31:49.090473+00:00,no,,9a78bc204ac4ee51edcc9d186d4196e3ade545dde12904225e40a22b2f61d0c0,,,,,,pass
R0117,S008,102433989fb8109a6e77,identity_target,valid,pass,pass,pass,本输出逐项判断（目标未来时、目标信息、可读性；目标自身问题单列）：PPP。humility使成功机会更好这一因果关系保留。,Codex GPT-6 family; exact runtime model revision unavailable,substantive model semantic review; exposed to methods; not human or independent blind review,2026-09-27T16:31:49.090473+00:00,no,,d94aa91a5b450d2708901fb7d422113e7d66581cee4a6f384e0d89aca142b80f,,,,,,pass
R0288,S009,13b58f773a9fe498376a,identity_target,valid,pass,pass,pass,本输出逐项判断（目标未来时、目标信息、可读性；目标自身问题单列）：PPP。RTC需要能干且可获得管理人员的需求及修饰均保留。,Codex GPT-6 family; exact runtime model revision unavailable,substantive model semantic review; exposed to methods; not human or independent blind review,2026-09-27T16:31:49.090473+00:00,no,,940349714a303529d104b3dab0d2f2808d328bf28c3dbf209701742ab61c934d,,,,,,pass
R0394,S010,1595ae6ce909975607be,identity_target,valid,pass,pass,pass,本输出逐项判断（目标未来时、目标信息、可读性；目标自身问题单列）：PPP。investors不喜欢消息的否定、公司名和either保留；Shift重复will造成语法错误。,Codex GPT-6 family; exact runtime model revision unavailable,substantive model semantic review; exposed to methods; not human or independent blind review,2026-09-27T16:31:49.090473+00:00,no,,7f00e8c708da1ad83789532f1fbca3a16d1d6d3b1ebf4f72c47dc085fe1216c9,,,,,,pass
R0081,S011,2133689d58c231ee830f,identity_target,valid,pass,pass,pass,本输出逐项判断（目标未来时、目标信息、可读性；目标自身问题单列）：PPP。2.9%增长、827.9million及804.3million的对应关系保持。,Codex GPT-6 family; exact runtime model revision unavailable,substantive model semantic review; exposed to methods; not human or independent blind review,2026-09-27T16:31:49.090473+00:00,no,,0e49a3dd636249d96d8f5e487c18e73f0e577bdfe04ec0f222d650c5b9413270,,,,,,pass
R0170,S012,2527113b1eff996f93ed,identity_target,valid,pass,pass,pass,本输出逐项判断（目标未来时、目标信息、可读性；目标自身问题单列）：PPP。每个75000的成本和研究用途保持；原主句未来时未破坏，从句成本转将来。,Codex GPT-6 family; exact runtime model revision unavailable,substantive model semantic review; exposed to methods; not human or independent blind review,2026-09-27T16:31:49.090473+00:00,no,,5da7e21000267b339525af2ecda40cc3cffe624ee48294271c8c9997ab34a7ba,,,,,,pass
R0358,S013,2543db151dc404101f48,identity_target,valid,pass,pass,pass,本输出逐项判断（目标未来时、目标信息、可读性；目标自身问题单列）：PPP。Goldman Sachs及Salomon Brothers官员无法评论的状态保持。,Codex GPT-6 family; exact runtime model revision unavailable,substantive model semantic review; exposed to methods; not human or independent blind review,2026-09-27T16:31:49.090473+00:00,no,,c11c7a2bfa44939591765635c60f3d88aaeb1bd79a9f4f605c94d44049975421,,,,,,pass
R0020,S014,2549ab97d8dcca6d5051,identity_target,uncertain,pass,pass,pass,本输出逐项判断（目标未来时、目标信息、可读性；目标自身问题单列）：PPP。开园与安排状态保留，但1992相对叙述时间不明，编辑时间适用性不确定。,Codex GPT-6 family; exact runtime model revision unavailable,substantive model semantic review; exposed to methods; not human or independent blind review,2026-09-27T16:31:49.090473+00:00,no,input_reference_problem_or_uncertainty,ca2fca157499f7083f248a75334f7db6c74aae48f39af52039534dc49aec6461,,,,,,pass
R0279,S015,2572a83a32bd0f08211d,identity_target,valid,pass,pass,pass,本输出逐项判断（目标未来时、目标信息、可读性；目标自身问题单列）：PPP。平均美国人每天看七小时电视的主体、量与频率保持。,Codex GPT-6 family; exact runtime model revision unavailable,substantive model semantic review; exposed to methods; not human or independent blind review,2026-09-27T16:31:49.090473+00:00,no,,7b2480e559bff3b1deecf3ab49687907e81f347ac392e4e50295c2321796dceb,,,,,,pass
R0287,S016,27b9a6c7f30969006b38,identity_target,valid,pass,pass,pass,本输出逐项判断（目标未来时、目标信息、可读性；目标自身问题单列）：PPP。5.2million利润与去年同期1million对比保持，基准无需也改未来。,Codex GPT-6 family; exact runtime model revision unavailable,substantive model semantic review; exposed to methods; not human or independent blind review,2026-09-27T16:31:49.090473+00:00,no,,d7c7b0ed5e8617016f1fe9829ab3b8fc4b558acfe7e37925db1f8fcd85518bda,,,,,,pass
R0121,S017,2f0ffe7ce5117e9c1f9b,identity_target,valid,pass,pass,pass,本输出逐项判断（目标未来时、目标信息、可读性；目标自身问题单列）：PPP。4.5%、522.3million和499.4million均保持。,Codex GPT-6 family; exact runtime model revision unavailable,substantive model semantic review; exposed to methods; not human or independent blind review,2026-09-27T16:31:49.090473+00:00,no,,61219d276b76612f8d55acc8955dd574207cd7938d1f01dd894e740231053445,,,,,,pass
R0071,S018,30b2241454de1e80ee48,identity_target,valid,pass,pass,pass,本输出逐项判断（目标未来时、目标信息、可读性；目标自身问题单列）：PPP。Jim Beam平面广告在不同国家触动不同反应的习语和修饰保持。,Codex GPT-6 family; exact runtime model revision unavailable,substantive model semantic review; exposed to methods; not human or independent blind review,2026-09-27T16:31:49.090473+00:00,no,,c2999fac4ba8e928cbb50cfd024d5e0e1e4751a49c3edb58ab4b9187c216151b,,,,,,pass
R0082,S019,36f3bd66d78f94373443,identity_target,valid,pass,pass,pass,本输出逐项判断（目标未来时、目标信息、可读性；目标自身问题单列）：PPP。收入增长5%、终值282million及基准268.3million保持。,Codex GPT-6 family; exact runtime model revision unavailable,substantive model semantic review; exposed to methods; not human or independent blind review,2026-09-27T16:31:49.090473+00:00,no,,6740b47489b31d3879430b17c5f7e51a41a0f29da3d2c95cc1e25b5fc11c5622,,,,,,pass
R0343,S020,3794c5aeac83aafcffc7,identity_target,valid,pass,pass,pass,本输出逐项判断（目标未来时、目标信息、可读性；目标自身问题单列）：PPP。Carnival官员拒绝评论的施事与事件保持。,Codex GPT-6 family; exact runtime model revision unavailable,substantive model semantic review; exposed to methods; not human or independent blind review,2026-09-27T16:31:49.090473+00:00,no,,82cdd7a51790a304d2864fd8150902a22cc9af74b7cb4709c756b89f09cbbda4,,,,,,pass
R0008,S021,3a60cf9817fdff67bac5,identity_target,valid,pass,pass,pass,本输出逐项判断（目标未来时、目标信息、可读性；目标自身问题单列）：PPP。Blumenfeld报告满意且问题此前已解决；Shift丢失完成体，改成问题将被解决。,Codex GPT-6 family; exact runtime model revision unavailable,substantive model semantic review; exposed to methods; not human or independent blind review,2026-09-27T16:31:49.090473+00:00,no,,2cc3e9080ed0e29424995a4175055bc119121897667e55dab653b33d9f2513d9,,,,,,pass
R0368,S022,3adb3da2a6e1af2817fa,identity_target,uncertain,pass,pass,pass,本输出逐项判断（目标未来时、目标信息、可读性；目标自身问题单列）：PPP。1989、20%及last year均保留，但未来完成式相对历史年份的锚点缺失。,Codex GPT-6 family; exact runtime model revision unavailable,substantive model semantic review; exposed to methods; not human or independent blind review,2026-09-27T16:31:49.090473+00:00,no,input_reference_problem_or_uncertainty,0ffc5943018f61d6fd5ed131c7e8668c259d47cae52b227c8de770e22928efd4,,,,,,pass
R0216,S023,3c6a7649e7a984d18c5a,identity_target,valid,pass,pass,pass,本输出逐项判断（目标未来时、目标信息、可读性；目标自身问题单列）：PPP。被震荡市场反复冲击的背景及债券高收事件保持；after非限定从句先后关系清楚。,Codex GPT-6 family; exact runtime model revision unavailable,substantive model semantic review; exposed to methods; not human or independent blind review,2026-09-27T16:31:49.090473+00:00,no,,97929f0d7bb7f52a9cebeaadea48577a4bd1e9e0358deadbd0a2ae1044094b59,,,,,,pass
R0356,S024,3f519040b7eb92eb1419,identity_target,valid,pass,pass,pass,本输出逐项判断（目标未来时、目标信息、可读性；目标自身问题单列）：PPP。BSB及3.1million流通股保持。,Codex GPT-6 family; exact runtime model revision unavailable,substantive model semantic review; exposed to methods; not human or independent blind review,2026-09-27T16:31:49.090473+00:00,no,,13ca6292f1a379aca970edd4121de444a5e5131a42c3f720f0808dcd925378bb,,,,,,pass
R0341,S025,41601b09beca6d4c6b31,identity_target,invalid,fail,pass,fail,本输出逐项判断（目标未来时、目标信息、可读性；目标自身问题单列）：FPF。原句intuition made manifest可读，Shift保留该分词结构；目标及Lowrank给分词错误增加will。,Codex GPT-6 family; exact runtime model revision unavailable,substantive model semantic review; exposed to methods; not human or independent blind review,2026-09-27T16:31:49.090473+00:00,no,input_reference_problem_or_uncertainty|tense_error|grammar_error,f0c6473f65e4c2cc389239d3a51d6eef1f2aaed0ea9a86e7fcd42f84e9f0b19f,,,,,,fail
R0096,S026,4268481df51034a54b08,identity_target,invalid,fail,pass,fail,本输出逐项判断（目标未来时、目标信息、可读性；目标自身问题单列）：FPF。源句让别人不当思考的事件清楚；参考重复will；Shift伪分裂句时态与语法边界不明；Lowrank丢失do。,Codex GPT-6 family; exact runtime model revision unavailable,substantive model semantic review; exposed to methods; not human or independent blind review,2026-09-27T16:31:49.090473+00:00,no,input_reference_problem_or_uncertainty|tense_error|grammar_error,a14a9e819b5c180b783bcf82e6f1512e46bee9131de5615008985f41d3361401,,,,,,fail
R0045,S027,439c34b6abd79e798eb4,identity_target,valid,pass,pass,pass,本输出逐项判断（目标未来时、目标信息、可读性；目标自身问题单列）：PPP。Howley的引语内容及报告者保留；Shift留下said，未把报告事件转未来。,Codex GPT-6 family; exact runtime model revision unavailable,substantive model semantic review; exposed to methods; not human or independent blind review,2026-09-27T16:31:49.090473+00:00,no,,3984295d89841b7d710c08de912a05a5a35bfa2ae35ae1f2c22332b78409f9d3,,,,,,pass
R0035,S028,4870e52af055ba1358b9,identity_target,valid,pass,pass,pass,本输出逐项判断（目标未来时、目标信息、可读性；目标自身问题单列）：PPP。公司拒绝过去提案的事件保持；past修饰提案不妨碍将来拒绝。,Codex GPT-6 family; exact runtime model revision unavailable,substantive model semantic review; exposed to methods; not human or independent blind review,2026-09-27T16:31:49.090473+00:00,no,,3a19d007cd8c202bde3704127ae196284029d56fd49fb991bdd63c7d39592b6f,,,,,,pass
R0353,S029,4bcebf1746259e5bc1fc,identity_target,valid,pass,pass,pass,本输出逐项判断（目标未来时、目标信息、可读性；目标自身问题单列）：PPP。联邦保险保护631163存款人的事件和数量保持；Shift出现will protected。,Codex GPT-6 family; exact runtime model revision unavailable,substantive model semantic review; exposed to methods; not human or independent blind review,2026-09-27T16:31:49.090473+00:00,no,,5724951933b5bb955a1077f6289ffc0bc7364cf850c583bd412c4a2cb0b85f02,,,,,,pass
R0031,S030,4c204f10ca28f1917dbe,identity_target,invalid,fail,pass,fail,本输出逐项判断（目标未来时、目标信息、可读性；目标自身问题单列）：FPF。标准条件句原本成立；复制或生成if he will be破坏普通条件读法，可能引入意愿语义。,Codex GPT-6 family; exact runtime model revision unavailable,substantive model semantic review; exposed to methods; not human or independent blind review,2026-09-27T16:31:49.090473+00:00,no,input_reference_problem_or_uncertainty|tense_error|grammar_error,639718b61cdfeb80144650627382f3b6acc23dfc28aa1a0b9b17188aa1d250f5,,,,,,fail
R0289,S031,4d978d3df86de905faf2,identity_target,valid,pass,pass,pass,本输出逐项判断（目标未来时、目标信息、可读性；目标自身问题单列）：PPP。小企业正在采取更积极措施及反制强制休假的目的保持。,Codex GPT-6 family; exact runtime model revision unavailable,substantive model semantic review; exposed to methods; not human or independent blind review,2026-09-27T16:31:49.090473+00:00,no,,3912a09dd9e6a0b4f3a585cc88860597627f2ed1bf5408a54c20fc3931cfa938,,,,,,pass
R0044,S032,53efc0324b92fb2dab54,identity_target,uncertain,pass,pass,pass,本输出逐项判断（目标未来时、目标信息、可读性；目标自身问题单列）：PPP。make sense及for somebody to do it内容保留；would到will的模态差异缺语境。,Codex GPT-6 family; exact runtime model revision unavailable,substantive model semantic review; exposed to methods; not human or independent blind review,2026-09-27T16:31:49.090473+00:00,no,input_reference_problem_or_uncertainty,69f1f1c295948fe5c95d66b3b83996334c0124aa8bf30cf35e47fa67d26bd35a,,,,,,pass
R0283,S033,55f433c9e7f6a9bb51b1,identity_target,invalid,uncertain,pass,pass,本输出逐项判断（目标未来时、目标信息、可读性；目标自身问题单列）：UPP。目标还原和Shift补上will be discarded的be；首项can仍是能力语义，是否足够未来不明确；Lowrank原样不编辑。,Codex GPT-6 family; exact runtime model revision unavailable,substantive model semantic review; exposed to methods; not human or independent blind review,2026-09-27T16:31:49.090473+00:00,no,input_reference_problem_or_uncertainty,949044ff3541bcbe181bffcfa0b326396b7863abd2d3ad5952df28a9e8bc0a42,,,,,,uncertain
R0382,S034,5894a73d43298bc20a78,identity_target,valid,pass,pass,pass,本输出逐项判断（目标未来时、目标信息、可读性；目标自身问题单列）：PPP。Seltzer解释视觉成熟的事件应保留；Shift丢失explain，Lowrank保留事件却重复will。,Codex GPT-6 family; exact runtime model revision unavailable,substantive model semantic review; exposed to methods; not human or independent blind review,2026-09-27T16:31:49.090473+00:00,no,,4b42183691bb4feb423e429398a55b397e1f249ed4139efe91a98712779f6208,,,,,,pass
R0032,S035,59952e279ca858283317,identity_target,invalid,fail,pass,fail,本输出逐项判断（目标未来时、目标信息、可读性；目标自身问题单列）：FPF。得到法律兴趣并创办Litigation Sciences；Shift正确将两事件转未来，参考和Lowrank漏改formed。,Codex GPT-6 family; exact runtime model revision unavailable,substantive model semantic review; exposed to methods; not human or independent blind review,2026-09-27T16:31:49.090473+00:00,no,input_reference_problem_or_uncertainty|tense_error|grammar_error,2f64a61b5d8748dedfe7fcaf7d477de259f020125a094672ee84b0fecc0477a4,,,,,,fail
R0290,S036,59c8abc0ee2f3999e1ea,identity_target,valid,pass,pass,pass,本输出逐项判断（目标未来时、目标信息、可读性；目标自身问题单列）：PPP。never否定及多数公司放弃研究保留；两编辑器都生成will panned而非will pan。,Codex GPT-6 family; exact runtime model revision unavailable,substantive model semantic review; exposed to methods; not human or independent blind review,2026-09-27T16:31:49.090473+00:00,no,,9906ad89d00787d0757be27d38720a757eff0a854ed1c70c5a2f28a8781c104e,,,,,,pass
R0003,S037,5e7db8ba4007ce64cd24,identity_target,invalid,fail,pass,fail,本输出逐项判断（目标未来时、目标信息、可读性；目标自身问题单列）：FPF。think、害怕、待在家三项关系保留；Shift的will get scared and stay home正确共享will，参考及Lowrank留下stayed。,Codex GPT-6 family; exact runtime model revision unavailable,substantive model semantic review; exposed to methods; not human or independent blind review,2026-09-27T16:31:49.090473+00:00,no,input_reference_problem_or_uncertainty|tense_error|grammar_error,84fa34c95209979c830988e5d35123651a5df04f31fe4ae392a78843141601bd,,,,,,fail
R0167,S038,5f3795d24dde61944bad,identity_target,valid,pass,pass,pass,本输出逐项判断（目标未来时、目标信息、可读性；目标自身问题单列）：PPP。Sears吸引顾客的努力保留；Shift只改struggling而主句show仍为现在。,Codex GPT-6 family; exact runtime model revision unavailable,substantive model semantic review; exposed to methods; not human or independent blind review,2026-09-27T16:31:49.090473+00:00,no,,360ae114937c90cbbf6479f7439c1df427aa9a59cbf1baa0ad33c052f795cb58,,,,,,pass
R0371,S039,6079e861ab15392069ec,identity_target,valid,pass,pass,pass,本输出逐项判断（目标未来时、目标信息、可读性；目标自身问题单列）：PPP。January铂金合约、每盎司上涨2.30至488.60均保持。,Codex GPT-6 family; exact runtime model revision unavailable,substantive model semantic review; exposed to methods; not human or independent blind review,2026-09-27T16:31:49.090473+00:00,no,,e0d25a7c5a9caf0649c3d798f525244919900343a517a5b5670c8169f3be3037,,,,,,pass
R0051,S040,60ed35c8259eacf49cd9,identity_target,invalid,fail,pass,pass,本输出逐项判断（目标未来时、目标信息、可读性；目标自身问题单列）：FPP。prior year仍限制主事件，will exceed与该过去限定冲突；8.8billion差值保持。,Codex GPT-6 family; exact runtime model revision unavailable,substantive model semantic review; exposed to methods; not human or independent blind review,2026-09-27T16:31:49.090473+00:00,no,input_reference_problem_or_uncertainty|tense_error,bbfc551b9a53df27e53f9e6e08fb6143d06ebf7cded95cb911376a1c9cd65c8f,,,,,,fail
R0215,S041,63c8e3fad0df263f7181,identity_target,valid,pass,pass,pass,本输出逐项判断（目标未来时、目标信息、可读性；目标自身问题单列）：PPP。community involvement更糟的评价与even比较保留。,Codex GPT-6 family; exact runtime model revision unavailable,substantive model semantic review; exposed to methods; not human or independent blind review,2026-09-27T16:31:49.090473+00:00,no,,549d18f9bfa3f95b6049d51497ccea05dbedcdee54471b8cb9b35a54c270f0ce,,,,,,pass
R0217,S042,65d1f64018fd7dd21711,identity_target,valid,pass,pass,pass,本输出逐项判断（目标未来时、目标信息、可读性；目标自身问题单列）：PPP。涨幅匹配Dow Jones industrials本年涨幅的关系保留。,Codex GPT-6 family; exact runtime model revision unavailable,substantive model semantic review; exposed to methods; not human or independent blind review,2026-09-27T16:31:49.090473+00:00,no,,54d9b3e2e43bb1380f1054b2b63775f5a956d58cdfe2386ee0f1c1fa847f5f36,,,,,,pass
R0313,S043,66178b7f0b452b6093b9,identity_target,valid,pass,pass,pass,本输出逐项判断（目标未来时、目标信息、可读性；目标自身问题单列）：PPP。短期利率从不变到略低的范围保持。,Codex GPT-6 family; exact runtime model revision unavailable,substantive model semantic review; exposed to methods; not human or independent blind review,2026-09-27T16:31:49.090473+00:00,no,,9e2e65f0c3fb33414274ccf8f55056caae499065427cdbab9e06f8caeabc6858,,,,,,pass
R0398,S044,68190565b1dc34e8ca10,identity_target,valid,pass,pass,pass,本输出逐项判断（目标未来时、目标信息、可读性；目标自身问题单列）：PPP。many的视角及像Oct.13重演的比喻保持，begin转未来。,Codex GPT-6 family; exact runtime model revision unavailable,substantive model semantic review; exposed to methods; not human or independent blind review,2026-09-27T16:31:49.090473+00:00,no,,09b2d9d931b9ee2b19b2909598b4958d2a41363b7830a576e7532f15e8f0b287,,,,,,pass
R0049,S045,778ffcec2096f43af32f,identity_target,valid,pass,pass,pass,本输出逐项判断（目标未来时、目标信息、可读性；目标自身问题单列）：PPP。针对England的广告及artsy、irreverent性质保持。,Codex GPT-6 family; exact runtime model revision unavailable,substantive model semantic review; exposed to methods; not human or independent blind review,2026-09-27T16:31:49.090473+00:00,no,,2e896515a272978cbcaa8181eebab80babe7c9a9eab8d8cdf9512046b164c886,,,,,,pass
R0093,S046,7feaeb94b84270d6b899,identity_target,valid,pass,pass,pass,本输出逐项判断（目标未来时、目标信息、可读性；目标自身问题单列）：PPP。Japan为资金找到美国住房抵押去处，完成体和同位关系保持。,Codex GPT-6 family; exact runtime model revision unavailable,substantive model semantic review; exposed to methods; not human or independent blind review,2026-09-27T16:31:49.090473+00:00,no,,e228e4b8e80af5f2920c2c4c45e40d05b4336809ce5b681021025de3348e9cfd,,,,,,pass
R0161,S047,8370ca278cea407cbec9,identity_target,valid,pass,pass,pass,本输出逐项判断（目标未来时、目标信息、可读性；目标自身问题单列）：PPP。Poles参与商业的状态保持。,Codex GPT-6 family; exact runtime model revision unavailable,substantive model semantic review; exposed to methods; not human or independent blind review,2026-09-27T16:31:49.090473+00:00,no,,9ec79b9fcb8481e743a30a2134c7aaf43f91682e7623d49eec37420170c79a64,,,,,,pass
R0364,S048,873462cbf7a3fa5aab89,identity_target,valid,pass,pass,pass,本输出逐项判断（目标未来时、目标信息、可读性；目标自身问题单列）：PPP。大盘背景、股价下跌及交易疲软修饰保持。,Codex GPT-6 family; exact runtime model revision unavailable,substantive model semantic review; exposed to methods; not human or independent blind review,2026-09-27T16:31:49.090473+00:00,no,,46c4bf134ecfd9a737105adcb3957c75e6c3ce8d9bbaca3579b23ee0232bc4e3,,,,,,pass
R0158,S049,87601a26fcef3bbc71d5,identity_target,valid,pass,pass,pass,本输出逐项判断（目标未来时、目标信息、可读性；目标自身问题单列）：PPP。重申东德对共产主义正统忠诚的角色保持；Shift移动also位置不改变含义。,Codex GPT-6 family; exact runtime model revision unavailable,substantive model semantic review; exposed to methods; not human or independent blind review,2026-09-27T16:31:49.090473+00:00,no,,fb8f7bdd7f482a8e4a1b92816afb05ee3d6554aa35ddf3b407afd562b63a3719,,,,,,pass
R0123,S050,8856afe27d562f46bbfc,identity_target,valid,pass,pass,pass,本输出逐项判断（目标未来时、目标信息、可读性；目标自身问题单列）：PPP。Unifirst宣布2-for-1拆股的事件和比例保持。,Codex GPT-6 family; exact runtime model revision unavailable,substantive model semantic review; exposed to methods; not human or independent blind review,2026-09-27T16:31:49.090473+00:00,no,,076a2b556842bfd68914b37a8d4b09c4240062f2897cce3babce2e42e7ca58f3,,,,,,pass
R0124,S051,88e06b7c551541ac1df2,identity_target,valid,pass,pass,pass,本输出逐项判断（目标未来时、目标信息、可读性；目标自身问题单列）：PPP。教师不是教育危机重要因素的否定范围保持。,Codex GPT-6 family; exact runtime model revision unavailable,substantive model semantic review; exposed to methods; not human or independent blind review,2026-09-27T16:31:49.090473+00:00,no,,580f5a642035427d70deaf422f7ea32907bccf64b2f6e76062529c64d8d07c3d,,,,,,pass
R0270,S052,8953419d735f40d8d89d,identity_target,invalid,fail,pass,fail,本输出逐项判断（目标未来时、目标信息、可读性；目标自身问题单列）：FPF。参考help will find错误，编辑器均修复该局部结构，但if client will need仍有条件语义问题。,Codex GPT-6 family; exact runtime model revision unavailable,substantive model semantic review; exposed to methods; not human or independent blind review,2026-09-27T16:31:49.090473+00:00,no,input_reference_problem_or_uncertainty|tense_error|grammar_error,6ea1fd0df510b74415f102b3751e52f7f88ea3a73889610dae6721e196c890d5,,,,,,fail
R0219,S053,8ba33a2cbb0b7974e9bc,identity_target,uncertain,pass,pass,pass,本输出逐项判断（目标未来时、目标信息、可读性；目标自身问题单列）：PPP。Blumenfeld、not fully understand及购买事件保留；理解变未来而购买仍过去的相对时间有疑问。,Codex GPT-6 family; exact runtime model revision unavailable,substantive model semantic review; exposed to methods; not human or independent blind review,2026-09-27T16:31:49.090473+00:00,no,input_reference_problem_or_uncertainty,2792ead05f25732bdffdd0eb17e4350e5f75ecdf1575eb55230e4962d1ecfd9d,,,,,,pass
R0223,S054,8c10bc049efd268802b7,identity_target,valid,pass,pass,pass,本输出逐项判断（目标未来时、目标信息、可读性；目标自身问题单列）：PPP。两类拍卖参与令人失望，消息来自dealers的归属保持。,Codex GPT-6 family; exact runtime model revision unavailable,substantive model semantic review; exposed to methods; not human or independent blind review,2026-09-27T16:31:49.090473+00:00,no,,12b5395477fe03f9a40de4b468684b6731034f77bd99fad94ec884570f96b249,,,,,,pass
R0104,S055,910389535dd5f5d012bd,identity_target,valid,pass,pass,pass,本输出逐项判断（目标未来时、目标信息、可读性；目标自身问题单列）：PPP。this not the case的否定判断保持。,Codex GPT-6 family; exact runtime model revision unavailable,substantive model semantic review; exposed to methods; not human or independent blind review,2026-09-27T16:31:49.090473+00:00,no,,4ef53f255645dd21af0be4d3ee09b953983283afbb2bf560887ba3a921eb046b,,,,,,pass
R0156,S056,9795738b20d2fd6f6524,identity_target,valid,pass,pass,pass,本输出逐项判断（目标未来时、目标信息、可读性；目标自身问题单列）：PPP。政府承担经过计算风险的进行体和indeed保持。,Codex GPT-6 family; exact runtime model revision unavailable,substantive model semantic review; exposed to methods; not human or independent blind review,2026-09-27T16:31:49.090473+00:00,no,,953ccfadaf62eb3480829018921c10dd57873cdc8def0008fe722e18cb863a55,,,,,,pass
R0136,S057,981914b9bde07f8d9ae9,identity_target,valid,pass,pass,pass,本输出逐项判断（目标未来时、目标信息、可读性；目标自身问题单列）：PPP。看起来像假日的状态及类比保持。,Codex GPT-6 family; exact runtime model revision unavailable,substantive model semantic review; exposed to methods; not human or independent blind review,2026-09-27T16:31:49.090473+00:00,no,,82ff1b75dcc33bbd45543a767af84d072a9b993c4b0359c8ff7b7744d31921da,,,,,,pass
R0126,S058,99b443974c38909debe1,identity_target,valid,pass,pass,pass,本输出逐项判断（目标未来时、目标信息、可读性；目标自身问题单列）：PPP。按省略引号的引语读取，guess、naive状态及he报告事件均未来化，内容保留。,Codex GPT-6 family; exact runtime model revision unavailable,substantive model semantic review; exposed to methods; not human or independent blind review,2026-09-27T16:31:49.090473+00:00,no,,21470a8745153e39a039833477655a2ec42962ec963c2972989518bc26bad9e5,,,,,,pass
R0271,S059,9e71f72484cbe02b9f10,identity_target,valid,pass,pass,pass,本输出逐项判断（目标未来时、目标信息、可读性；目标自身问题单列）：PPP。曼哈顿通勤优于平均及in other words连接保持。,Codex GPT-6 family; exact runtime model revision unavailable,substantive model semantic review; exposed to methods; not human or independent blind review,2026-09-27T16:31:49.090473+00:00,no,,916af3f6e3da834b713ffaa8a2196735e41a2bb9f189c011c5468953d39981a4,,,,,,pass
R0232,S060,a24fae91648c25bcefca,identity_target,valid,pass,pass,pass,本输出逐项判断（目标未来时、目标信息、可读性；目标自身问题单列）：PPP。收入从1.1billion升到1.5billion的数量关系保持。,Codex GPT-6 family; exact runtime model revision unavailable,substantive model semantic review; exposed to methods; not human or independent blind review,2026-09-27T16:31:49.090473+00:00,no,,4ec08b9d07f6086f04c38e801f250aa7efe2a76f089cafe7e459386e66afb0d2,,,,,,pass
R0230,S061,a3d331285533d50fbc21,identity_target,valid,pass,pass,pass,本输出逐项判断（目标未来时、目标信息、可读性；目标自身问题单列）：PPP。Shift把Harold Simmons从说话者改成兴趣对象并删除said事件；Lowrank在名字前多插will而破坏语法。,Codex GPT-6 family; exact runtime model revision unavailable,substantive model semantic review; exposed to methods; not human or independent blind review,2026-09-27T16:31:49.090473+00:00,no,,34822866ad00de1358bba77f538da40b2daf4afe662744834218a19743c1052f,,,,,,pass
R0089,S062,a9266e9e3e4d69468937,identity_target,valid,pass,pass,pass,本输出逐项判断（目标未来时、目标信息、可读性；目标自身问题单列）：PPP。11%收入增长及4.56、4.12billion两值保持。,Codex GPT-6 family; exact runtime model revision unavailable,substantive model semantic review; exposed to methods; not human or independent blind review,2026-09-27T16:31:49.090473+00:00,no,,a4afeea22d8a92b03936452fcf15dde03630af908f954ba7ea1ea43a2c87a4a3,,,,,,pass
R0040,S063,abe5307a5b8763aaef52,identity_target,valid,pass,pass,pass,本输出逐项判断（目标未来时、目标信息、可读性；目标自身问题单列）：PPP。日本投资者避开抵押证券及因果连接保持。,Codex GPT-6 family; exact runtime model revision unavailable,substantive model semantic review; exposed to methods; not human or independent blind review,2026-09-27T16:31:49.090473+00:00,no,,7f630b5d65ab6af2131c29eb3fcbef83f4408cf3c23533c5dfbb174f579584b1,,,,,,pass
R0115,S064,b5c53710e92a0fc1bd52,identity_target,valid,pass,pass,pass,本输出逐项判断（目标未来时、目标信息、可读性；目标自身问题单列）：PPP。收盘跌8.375至170、此前跌33至145，数值与先后背景保持。,Codex GPT-6 family; exact runtime model revision unavailable,substantive model semantic review; exposed to methods; not human or independent blind review,2026-09-27T16:31:49.090473+00:00,no,,fac5b3f05bd38bfa88407a46128bedd2cbdd329089f18cf8c79c216d905fbab0,,,,,,pass
R0066,S065,b7924afe97d24f1ba800,identity_target,invalid,fail,pass,pass,本输出逐项判断（目标未来时、目标信息、可读性；目标自身问题单列）：FPP。once were原为曾经属于；编辑后的once future读法与过去关系冲突，不能把词序变化当等价。,Codex GPT-6 family; exact runtime model revision unavailable,substantive model semantic review; exposed to methods; not human or independent blind review,2026-09-27T16:31:49.090473+00:00,no,input_reference_problem_or_uncertainty|tense_error,add057155b4f8cdce179845d825adff96c3a1fbf9ee5fafb86a24f49bb6e3de1,,,,,,fail
R0330,S066,b868d1cdb3a863d99526,identity_target,invalid,fail,pass,fail,本输出逐项判断（目标未来时、目标信息、可读性；目标自身问题单列）：FPF。Shift保留原问句但未作未来编辑；Lowrank在can't及to write内插will，语法错误。,Codex GPT-6 family; exact runtime model revision unavailable,substantive model semantic review; exposed to methods; not human or independent blind review,2026-09-27T16:31:49.090473+00:00,no,input_reference_problem_or_uncertainty|tense_error|grammar_error,513af3747b2cb3c14e156335e5f18dc5d0a0a49553ccba02b31a3ed42296fa81,,,,,,fail
R0221,S067,b8e2a759d215c523b3ae,identity_target,valid,pass,pass,pass,本输出逐项判断（目标未来时、目标信息、可读性；目标自身问题单列）：PPP。Blumenfeld不独特的否定保持。,Codex GPT-6 family; exact runtime model revision unavailable,substantive model semantic review; exposed to methods; not human or independent blind review,2026-09-27T16:31:49.090473+00:00,no,,cee33ad0dde4cacf387bc66d2d4db029303d64c7a8328c05290e900e434314f7,,,,,,pass
R0225,S068,c14002357ae6cbe3621f,identity_target,valid,pass,pass,pass,本输出逐项判断（目标未来时、目标信息、可读性；目标自身问题单列）：PPP。交易员承担大宗风险的从句及受到震动主句均未来化，角色保持。,Codex GPT-6 family; exact runtime model revision unavailable,substantive model semantic review; exposed to methods; not human or independent blind review,2026-09-27T16:31:49.090473+00:00,no,,a74be92ebac42739ffed3f2edc83c6338663a5458ec47ed0f2927e60b56c8f64,,,,,,pass
R0251,S069,c3354c381b91896d85e5,identity_target,valid,pass,pass,pass,本输出逐项判断（目标未来时、目标信息、可读性；目标自身问题单列）：PPP。问题解决方案为限时毒丸，修饰和关系保持。,Codex GPT-6 family; exact runtime model revision unavailable,substantive model semantic review; exposed to methods; not human or independent blind review,2026-09-27T16:31:49.090473+00:00,no,,f6a1de53ffba087305b15b430fb2c42b9eaefd0abdfa534fe8e3a2147eea0a4c,,,,,,pass
R0175,S070,c45c9dfceaa5e495b326,identity_target,valid,pass,pass,pass,本输出逐项判断（目标未来时、目标信息、可读性；目标自身问题单列）：PPP。存在更多波动的数量比较和to come保留。,Codex GPT-6 family; exact runtime model revision unavailable,substantive model semantic review; exposed to methods; not human or independent blind review,2026-09-27T16:31:49.090473+00:00,no,,c964aee7d31dc51a06e4e2bf971c911b56b0b261d0fc5f0cfcd1f9819352ff68,,,,,,pass
R0171,S071,c489e6e4026faf6daaf2,identity_target,invalid,fail,pass,fail,本输出逐项判断（目标未来时、目标信息、可读性；目标自身问题单列）：FPF。源句be的省略补语依赖前文，可读性不确定；参考need not will错误，两编辑器原样返回而未编辑。,Codex GPT-6 family; exact runtime model revision unavailable,substantive model semantic review; exposed to methods; not human or independent blind review,2026-09-27T16:31:49.090473+00:00,no,input_reference_problem_or_uncertainty|tense_error|grammar_error,02557cdb33561d7b6dee7ca387d53ab2e326766e4314d21ab63ff9a2dcd38374,,,,,,fail
R0387,S072,c5e858e49566eae3186d,identity_target,valid,pass,pass,pass,本输出逐项判断（目标未来时、目标信息、可读性；目标自身问题单列）：PPP。Suntory在Japan分销Brown-Forman波旁酒；Shift生成distory及重复will，Lowrank把distribute改成distill，句法成立但从分销变为蒸馏制造。,Codex GPT-6 family; exact runtime model revision unavailable,substantive model semantic review; exposed to methods; not human or independent blind review,2026-09-27T16:31:49.090473+00:00,no,,d1aa99dce4a4d4d568cee8f5c1526af4617f36c4ceca0e348e4f27dc41e2dcff,,,,,,pass
R0069,S073,c6c23c8dddb9cd6c464d,identity_target,valid,pass,pass,pass,本输出逐项判断（目标未来时、目标信息、可读性；目标自身问题单列）：PPP。others不介意新危机产生的否定及still保持；Shift将still移到be前是自然等价措辞。,Codex GPT-6 family; exact runtime model revision unavailable,substantive model semantic review; exposed to methods; not human or independent blind review,2026-09-27T16:31:49.090473+00:00,no,,27d324d83a2a1e31d5537a7328d1d531b84464117b294e2dab950af5f729bb19,,,,,,pass
R0190,S074,c82c91dc49575f7c52a7,identity_target,invalid,fail,pass,pass,本输出逐项判断（目标未来时、目标信息、可读性；目标自身问题单列）：FPP。can不等于明确将来时，且可能改变could模态；Shift叠加will can进一步破坏语法。,Codex GPT-6 family; exact runtime model revision unavailable,substantive model semantic review; exposed to methods; not human or independent blind review,2026-09-27T16:31:49.090473+00:00,no,input_reference_problem_or_uncertainty|tense_error,6b113f1c4028262cef8c9d238098231541a2ea4c0493a4b660ca32d6459f8c78,,,,,,fail
R0304,S075,c90a7cacb2e48118fbd1,identity_target,valid,pass,pass,pass,本输出逐项判断（目标未来时、目标信息、可读性；目标自身问题单列）：PPP。11%、8billion、7.2billion三项数字关系保持。,Codex GPT-6 family; exact runtime model revision unavailable,substantive model semantic review; exposed to methods; not human or independent blind review,2026-09-27T16:31:49.090473+00:00,no,,65f81ce795b9646d16a30f5e371ad47995aac42833b784837fed8f31a41039ed,,,,,,pass
R0131,S076,ca8468018b7f7d5b6890,identity_target,valid,pass,pass,pass,本输出逐项判断（目标未来时、目标信息、可读性；目标自身问题单列）：PPP。交易需要监管及股东两种批准均保持。,Codex GPT-6 family; exact runtime model revision unavailable,substantive model semantic review; exposed to methods; not human or independent blind review,2026-09-27T16:31:49.090473+00:00,no,,3759d8cd9e3e10e51710a1a01576c70d083943360dcc12b7251a4ae9bd2be8c8,,,,,,pass
R0248,S077,ca8b834e142c06da491d,identity_target,valid,pass,pass,pass,本输出逐项判断（目标未来时、目标信息、可读性；目标自身问题单列）：PPP。文章充满outrageous distortions及unfortunately评价保持，位置变化不影响可读性。,Codex GPT-6 family; exact runtime model revision unavailable,substantive model semantic review; exposed to methods; not human or independent blind review,2026-09-27T16:31:49.090473+00:00,no,,e402f4ec8b90b43d3508cb650cfe0e6c017e7527b20aae51255a0aa600678d32,,,,,,pass
R0229,S078,cb29e235f00719277abc,identity_target,invalid,pass,pass,fail,本输出逐项判断（目标未来时、目标信息、可读性；目标自身问题单列）：PPF。还原复制参考will settled错误；两编辑器均修正为will settle且1014/ton和13保留。,Codex GPT-6 family; exact runtime model revision unavailable,substantive model semantic review; exposed to methods; not human or independent blind review,2026-09-27T16:31:49.090473+00:00,no,input_reference_problem_or_uncertainty|grammar_error,87764980058b6aca450d40c3470d493bb6d7e48a31bf3df0f92cc28c86285107,,,,,,fail
R0347,S079,cc1e8e0bbb82bdccdf0e,identity_target,valid,pass,pass,pass,本输出逐项判断（目标未来时、目标信息、可读性；目标自身问题单列）：PPP。朗姆出口54%、814000及proof gallons单位保持。,Codex GPT-6 family; exact runtime model revision unavailable,substantive model semantic review; exposed to methods; not human or independent blind review,2026-09-27T16:31:49.090473+00:00,no,,507207b129a498e7a24750e05106a2cc5632f534defc0a9a31d3c962e6108e52,,,,,,pass
R0291,S080,d042220c5cbc26f99e36,identity_target,invalid,fail,pass,fail,本输出逐项判断（目标未来时、目标信息、可读性；目标自身问题单列）：FPF。New Jersey受请求接受300000并拒绝；Shift改为will refuse，Lowrank同参考留下refused。,Codex GPT-6 family; exact runtime model revision unavailable,substantive model semantic review; exposed to methods; not human or independent blind review,2026-09-27T16:31:49.090473+00:00,no,input_reference_problem_or_uncertainty|tense_error|grammar_error,ce14b1edf13f3f1b0d4132ee2b3e062fbf1d19978543e8838d17ded39fe4c21a,,,,,,fail
R0391,S081,d172becfce68a12103e2,identity_target,valid,pass,pass,pass,本输出逐项判断（目标未来时、目标信息、可读性；目标自身问题单列）：PPP。Vinson估计及行业收入接近200million两个谓词均未来化，归属保持。,Codex GPT-6 family; exact runtime model revision unavailable,substantive model semantic review; exposed to methods; not human or independent blind review,2026-09-27T16:31:49.090473+00:00,no,,6b6424e27ab42fdd44143919ee4d0f26ed1b01fa192677d30c848c08d28b0bdd,,,,,,pass
R0052,S082,d1e80aafd9107094b3dd,identity_target,uncertain,pass,pass,pass,本输出逐项判断（目标未来时、目标信息、可读性；目标自身问题单列）：PPP。听证、Nov.3及accords保持；安排与举行的时间关系缺少锚点。,Codex GPT-6 family; exact runtime model revision unavailable,substantive model semantic review; exposed to methods; not human or independent blind review,2026-09-27T16:31:49.090473+00:00,no,input_reference_problem_or_uncertainty,e2820ba1ca1b9fe912947f2a5c64045d6b19dd0626887dc38761079fe6b44e03,,,,,,pass
R0354,S083,d2fc7e82a1522b104df5,identity_target,valid,pass,pass,pass,本输出逐项判断（目标未来时、目标信息、可读性；目标自身问题单列）：PPP。不知道所有公交车所在的否定与范围保持；where buses will be明确同时未来，并非新增事件。,Codex GPT-6 family; exact runtime model revision unavailable,substantive model semantic review; exposed to methods; not human or independent blind review,2026-09-27T16:31:49.090473+00:00,no,,f37e926baadcc1b9220a5b4021abb7c6945786ba2a19aa8e5dce5e8b4e98c9e9,,,,,,pass
R0054,S084,d3ca51ca6148de2e4327,identity_target,valid,pass,pass,pass,本输出逐项判断（目标未来时、目标信息、可读性；目标自身问题单列）：PPP。Freddie Mac、9%、97又21/32及升5/32均保持。,Codex GPT-6 family; exact runtime model revision unavailable,substantive model semantic review; exposed to methods; not human or independent blind review,2026-09-27T16:31:49.090473+00:00,no,,0fb6793334e9c8b8dfbebaea1df536daffbab874325999f8321dedf86cde8221,,,,,,pass
R0037,S085,d93acd16d367bfb856ef,identity_target,valid,pass,pass,pass,本输出逐项判断（目标未来时、目标信息、可读性；目标自身问题单列）：PPP。交易员报告及program traders精密计算购买的被动角色均保持。,Codex GPT-6 family; exact runtime model revision unavailable,substantive model semantic review; exposed to methods; not human or independent blind review,2026-09-27T16:31:49.090473+00:00,no,,561e5187bfbf0d09c860aac5db5fee7717b6d6ff2ae018c0e8040a818f204115,,,,,,pass
R0331,S086,df4a38f1c7ea9c06054c,identity_target,uncertain,pass,pass,pass,本输出逐项判断（目标未来时、目标信息、可读性；目标自身问题单列）：PPP。1987起40州提高乡村州际公路限速均保留；未来完成式的截止时间未交代。,Codex GPT-6 family; exact runtime model revision unavailable,substantive model semantic review; exposed to methods; not human or independent blind review,2026-09-27T16:31:49.090473+00:00,no,input_reference_problem_or_uncertainty,5c1b00097aa53a643a451fd67ff3507609d45ac83d0325b5d18872b6574d6950,,,,,,pass
R0034,S087,dfa19e10593034e35d3a,identity_target,valid,pass,pass,pass,本输出逐项判断（目标未来时、目标信息、可读性；目标自身问题单列）：PPP。所有人的手指离按钮更近一英寸，主体、单位及比较保持。,Codex GPT-6 family; exact runtime model revision unavailable,substantive model semantic review; exposed to methods; not human or independent blind review,2026-09-27T16:31:49.090473+00:00,no,,11980b9e70b98103998e0e83d3fbce17fbe1f75fb3eb650c7eff7486d68a543b,,,,,,pass
R0091,S088,e0a75d17d4b51f632048,identity_target,valid,pass,fail,pass,本输出逐项判断（目标未来时、目标信息、可读性；目标自身问题单列）：PFP。四路径均把终价43又7/8改为43又7/7；源还原另重复to43，两编辑器还保留过去tumbled。,Codex GPT-6 family; exact runtime model revision unavailable,substantive model semantic review; exposed to methods; not human or independent blind review,2026-09-27T16:31:49.090473+00:00,yes,information_or_event_error|reconstruction_introduced_error|number_error,af62921271eb5e0c8408ff5326927f876023133fe1fb318bac09d58b0d71c574,,,,,,fail
R0013,S089,e0d37884dd5c7be52b3c,identity_target,valid,pass,pass,pass,本输出逐项判断（目标未来时、目标信息、可读性；目标自身问题单列）：PPP。Reebok报告和Fireman接任president的身份与关系保持，原有从句will不变。,Codex GPT-6 family; exact runtime model revision unavailable,substantive model semantic review; exposed to methods; not human or independent blind review,2026-09-27T16:31:49.090473+00:00,no,,e5247b9591355e6908d59457bfc5046e5d2c3b191cfd5bc64b94e9b7c9d79548,,,,,,pass
R0321,S090,e1e18dd661b16122cc45,identity_target,valid,pass,pass,pass,本输出逐项判断（目标未来时、目标信息、可读性；目标自身问题单列）：PPP。未来可能性及进一步研究揭示偏差的关系保持，however插入位置不作事实错误。,Codex GPT-6 family; exact runtime model revision unavailable,substantive model semantic review; exposed to methods; not human or independent blind review,2026-09-27T16:31:49.090473+00:00,no,,0f2d6590a90f4c867d9f8f6b0314ad1ca3742c90ad402e6136ca113afe71a64f,,,,,,pass
R0292,S091,e4112927f5e4aeeafa02,identity_target,valid,pass,pass,pass,本输出逐项判断（目标未来时、目标信息、可读性；目标自身问题单列）：PPP。棋类语境少一子的computer认输，a piece down与主语关系保持。,Codex GPT-6 family; exact runtime model revision unavailable,substantive model semantic review; exposed to methods; not human or independent blind review,2026-09-27T16:31:49.090473+00:00,no,,bdec1f404766ca2cc33441645f0135e97947cc816712ddbe46148b589bdb5f12,,,,,,pass
R0208,S092,e5900e1b99ae6d063419,identity_target,valid,pass,pass,pass,本输出逐项判断（目标未来时、目标信息、可读性；目标自身问题单列）：PPP。银行财务稳健及作为现实的两个陈述均未来化，内容保留。,Codex GPT-6 family; exact runtime model revision unavailable,substantive model semantic review; exposed to methods; not human or independent blind review,2026-09-27T16:31:49.090473+00:00,no,,79c667edb04b2488e4f14fb2ef3a06a797c8a248455797bedac23a8d72da284f,,,,,,pass
R0109,S093,e71af41acddc22f8a38e,identity_target,valid,pass,pass,pass,本输出逐项判断（目标未来时、目标信息、可读性；目标自身问题单列）：PPP。Shift保留主体内容后额外续写he will be，新增无补语片段；Lowrank保持无理由相信与报告关系。,Codex GPT-6 family; exact runtime model revision unavailable,substantive model semantic review; exposed to methods; not human or independent blind review,2026-09-27T16:31:49.090473+00:00,no,,5fae764842e3d9ac92772221156a76f27af556bce7e7d904e76476f010755e75,,,,,,pass
R0203,S094,eb35d1a90eca8b1034db,identity_target,uncertain,pass,pass,uncertain,本输出逐项判断（目标未来时、目标信息、可读性；目标自身问题单列）：PPU。so省略前文谓词，独立意义和可读性不确定；Lowrank保留would而未编辑。,Codex GPT-6 family; exact runtime model revision unavailable,substantive model semantic review; exposed to methods; not human or independent blind review,2026-09-27T16:31:49.090473+00:00,no,input_reference_problem_or_uncertainty,fe2a3f109d7de03159504c487604e1397559240404534b9aa0e3eb53b96f2810,,,,,,uncertain
R0022,S095,ebb5c8a9f8c7f5801b3a,identity_target,valid,pass,pass,pass,本输出逐项判断（目标未来时、目标信息、可读性；目标自身问题单列）：PPP。收入从1.01billion至1.1billion的起终值保持。,Codex GPT-6 family; exact runtime model revision unavailable,substantive model semantic review; exposed to methods; not human or independent blind review,2026-09-27T16:31:49.090473+00:00,no,,88bcc3e44f18249897ad71b34a66e3de6aa9069c8f179df283b168369bf66bfb,,,,,,pass
R0260,S096,f2e7146c4bca84457882,identity_target,valid,pass,pass,pass,本输出逐项判断（目标未来时、目标信息、可读性；目标自身问题单列）：PPP。系统工作方式的关系及两个谓词未来转换保持。,Codex GPT-6 family; exact runtime model revision unavailable,substantive model semantic review; exposed to methods; not human or independent blind review,2026-09-27T16:31:49.090473+00:00,no,,a5dc6c10f2c4e2a596225850eae0e6f88aa11f731ddfcd685b7a44c8d30aaf1d,,,,,,pass
R0086,S097,f38da1c670ed1ee2f337,identity_target,invalid,fail,pass,fail,本输出逐项判断（目标未来时、目标信息、可读性；目标自身问题单列）：FPF。普通if there is条件应保留标准条件读法，if there will be机械转换有语法/条件含义问题。,Codex GPT-6 family; exact runtime model revision unavailable,substantive model semantic review; exposed to methods; not human or independent blind review,2026-09-27T16:31:49.090473+00:00,no,input_reference_problem_or_uncertainty|tense_error|grammar_error,ae291dedb8900bfd5746be13f3931b783c9b3268452e917a4a56060003164240,,,,,,fail
R0102,S098,f5faeb345a0341417d3d,identity_target,valid,pass,pass,pass,本输出逐项判断（目标未来时、目标信息、可读性；目标自身问题单列）：PPP。no other的排除范围、图形性能和价格关系保持。,Codex GPT-6 family; exact runtime model revision unavailable,substantive model semantic review; exposed to methods; not human or independent blind review,2026-09-27T16:31:49.090473+00:00,no,,14f364ba3502ef9de00287e4180714aa6f73e419dd1b149813b824ffe6494552,,,,,,pass
R0142,S099,fa3541c8ce5108de55ed,identity_target,valid,pass,pass,pass,本输出逐项判断（目标未来时、目标信息、可读性；目标自身问题单列）：PPP。化工利润从98million跌至78million保持。,Codex GPT-6 family; exact runtime model revision unavailable,substantive model semantic review; exposed to methods; not human or independent blind review,2026-09-27T16:31:49.090473+00:00,no,,950ebf011ef269c047ee126f2b25ca3a320fe892fb1f9a039dae8ef2c7bfbc10,,,,,,pass
R0263,S100,fb195f183d72c787641a,identity_target,valid,pass,pass,pass,本输出逐项判断（目标未来时、目标信息、可读性；目标自身问题单列）：PPP。像驾车看事故的类比和非限定背景保持，主句was转will be。,Codex GPT-6 family; exact runtime model revision unavailable,substantive model semantic review; exposed to methods; not human or independent blind review,2026-09-27T16:31:49.090473+00:00,no,,4ffc20b7ef3ba5ca28a66f81e0f23464ec1f9a9ea82951f7a9befa0cac362edb,,,,,,pass
R0135,S001,004c030ba424f97f52d6,shift,valid,pass,pass,pass,本输出逐项判断（未来编辑、原句信息、可读性）：PPP。Kellogg涨幅4又1/4及终值75保留；还原仅去转义反斜杠，不改变分数。,Codex GPT-6 family; exact runtime model revision unavailable,substantive model semantic review; exposed to methods; not human or independent blind review,2026-09-27T16:31:49.090473+00:00,not_applicable,,5c6e111169963ce466627aaaa55b251aaabe88fcaa513cd67e630707bb4a95f1,,,,,,pass
R0160,S002,01d750c0ca2607a908a2,shift,valid,pass,pass,pass,本输出逐项判断（未来编辑、原句信息、可读性）：PPP。携带缺陷基因的小鼠、实验背景及被动配对事件保留。,Codex GPT-6 family; exact runtime model revision unavailable,substantive model semantic review; exposed to methods; not human or independent blind review,2026-09-27T16:31:49.090473+00:00,not_applicable,,5adcd1b1eb1655e2aa601d0484a7046d30fc45559a8b72222c06761e56407747,,,,,,pass
R0118,S003,05a4ff4c9b179be64d37,shift,uncertain,pass,pass,uncertain,本输出逐项判断（未来编辑、原句信息、可读性）：PPU。引语和报告语可辨，但will be never aware生硬，独立可读性保留不确定。,Codex GPT-6 family; exact runtime model revision unavailable,substantive model semantic review; exposed to methods; not human or independent blind review,2026-09-27T16:31:49.090473+00:00,not_applicable,input_reference_problem_or_uncertainty,60b15082ffc8f2f348a3a48e61a9e5b87b4d3c935291d3ab746c88afe76512e4,,,,,,uncertain
R0281,S004,094be03d64e9ea01722d,shift,valid,pass,pass,pass,本输出逐项判断（未来编辑、原句信息、可读性）：PPP。he发动自己的攻击，施事、对象与unstoppable修饰保留。,Codex GPT-6 family; exact runtime model revision unavailable,substantive model semantic review; exposed to methods; not human or independent blind review,2026-09-27T16:31:49.090473+00:00,not_applicable,,aec286e11e6e821a3e26bbd24852f463cc05c9fcf69b48067e482215f3fea4b2,,,,,,pass
R0264,S005,0aa0c6fe11755b39969c,shift,uncertain,uncertain,pass,pass,本输出逐项判断（未来编辑、原句信息、可读性）：UPP。Sept.30及5.3million股份均保留；编辑的未来日期适用性缺少叙述锚点。,Codex GPT-6 family; exact runtime model revision unavailable,substantive model semantic review; exposed to methods; not human or independent blind review,2026-09-27T16:31:49.090473+00:00,not_applicable,input_reference_problem_or_uncertainty,de96fa3ab77314a2097284dea9c7cd300f7131dc1a6cf30fbc6f21b24ea7dbe4,,,,,,uncertain
R0379,S006,0be5c99f3dde450f32b6,shift,uncertain,pass,uncertain,pass,本输出逐项判断（未来编辑、原句信息、可读性）：PUP。全球产量减半与1998保留；would变will是否丢失条件性不明。,Codex GPT-6 family; exact runtime model revision unavailable,substantive model semantic review; exposed to methods; not human or independent blind review,2026-09-27T16:31:49.090473+00:00,not_applicable,input_reference_problem_or_uncertainty,e2c00913719d252c3f6462e1cdac451c94ad502d75d5a7b2bcdce5e017b7dcb6,,,,,,uncertain
R0033,S007,0ffa471f7e98f5520858,shift,valid,pass,pass,pass,本输出逐项判断（未来编辑、原句信息、可读性）：PPP。Jeff Rowe为文章作贡献的事件与身份均保留。,Codex GPT-6 family; exact runtime model revision unavailable,substantive model semantic review; exposed to methods; not human or independent blind review,2026-09-27T16:31:49.090473+00:00,not_applicable,,9a78bc204ac4ee51edcc9d186d4196e3ade545dde12904225e40a22b2f61d0c0,,,,,,pass
R0155,S008,102433989fb8109a6e77,shift,valid,pass,pass,pass,本输出逐项判断（未来编辑、原句信息、可读性）：PPP。humility使成功机会更好这一因果关系保留。,Codex GPT-6 family; exact runtime model revision unavailable,substantive model semantic review; exposed to methods; not human or independent blind review,2026-09-27T16:31:49.090473+00:00,not_applicable,,d94aa91a5b450d2708901fb7d422113e7d66581cee4a6f384e0d89aca142b80f,,,,,,pass
R0169,S009,13b58f773a9fe498376a,shift,valid,pass,pass,pass,本输出逐项判断（未来编辑、原句信息、可读性）：PPP。RTC需要能干且可获得管理人员的需求及修饰均保留。,Codex GPT-6 family; exact runtime model revision unavailable,substantive model semantic review; exposed to methods; not human or independent blind review,2026-09-27T16:31:49.090473+00:00,not_applicable,,940349714a303529d104b3dab0d2f2808d328bf28c3dbf209701742ab61c934d,,,,,,pass
R0094,S010,1595ae6ce909975607be,shift,valid,pass,pass,fail,本输出逐项判断（未来编辑、原句信息、可读性）：PPF。investors不喜欢消息的否定、公司名和either保留；Shift重复will造成语法错误。,Codex GPT-6 family; exact runtime model revision unavailable,substantive model semantic review; exposed to methods; not human or independent blind review,2026-09-27T16:31:49.090473+00:00,not_applicable,grammar_error,24b0f2071bcc0daa886f141fefd364d02a022b72d7d52ca846e875ce4c5a2198,,,,,,fail
R0151,S011,2133689d58c231ee830f,shift,valid,pass,pass,pass,本输出逐项判断（未来编辑、原句信息、可读性）：PPP。2.9%增长、827.9million及804.3million的对应关系保持。,Codex GPT-6 family; exact runtime model revision unavailable,substantive model semantic review; exposed to methods; not human or independent blind review,2026-09-27T16:31:49.090473+00:00,not_applicable,,0e49a3dd636249d96d8f5e487c18e73f0e577bdfe04ec0f222d650c5b9413270,,,,,,pass
R0110,S012,2527113b1eff996f93ed,shift,valid,pass,pass,pass,本输出逐项判断（未来编辑、原句信息、可读性）：PPP。每个75000的成本和研究用途保持；原主句未来时未破坏，从句成本转将来。,Codex GPT-6 family; exact runtime model revision unavailable,substantive model semantic review; exposed to methods; not human or independent blind review,2026-09-27T16:31:49.090473+00:00,not_applicable,,5da7e21000267b339525af2ecda40cc3cffe624ee48294271c8c9997ab34a7ba,,,,,,pass
R0067,S013,2543db151dc404101f48,shift,valid,pass,pass,pass,本输出逐项判断（未来编辑、原句信息、可读性）：PPP。Goldman Sachs及Salomon Brothers官员无法评论的状态保持。,Codex GPT-6 family; exact runtime model revision unavailable,substantive model semantic review; exposed to methods; not human or independent blind review,2026-09-27T16:31:49.090473+00:00,not_applicable,,c11c7a2bfa44939591765635c60f3d88aaeb1bd79a9f4f605c94d44049975421,,,,,,pass
R0090,S014,2549ab97d8dcca6d5051,shift,uncertain,uncertain,pass,pass,本输出逐项判断（未来编辑、原句信息、可读性）：UPP。开园与安排状态保留，但1992相对叙述时间不明，编辑时间适用性不确定。,Codex GPT-6 family; exact runtime model revision unavailable,substantive model semantic review; exposed to methods; not human or independent blind review,2026-09-27T16:31:49.090473+00:00,not_applicable,input_reference_problem_or_uncertainty,ca2fca157499f7083f248a75334f7db6c74aae48f39af52039534dc49aec6461,,,,,,uncertain
R0266,S015,2572a83a32bd0f08211d,shift,valid,pass,pass,pass,本输出逐项判断（未来编辑、原句信息、可读性）：PPP。平均美国人每天看七小时电视的主体、量与频率保持。,Codex GPT-6 family; exact runtime model revision unavailable,substantive model semantic review; exposed to methods; not human or independent blind review,2026-09-27T16:31:49.090473+00:00,not_applicable,,7b2480e559bff3b1deecf3ab49687907e81f347ac392e4e50295c2321796dceb,,,,,,pass
R0209,S016,27b9a6c7f30969006b38,shift,valid,pass,pass,pass,本输出逐项判断（未来编辑、原句信息、可读性）：PPP。5.2million利润与去年同期1million对比保持，基准无需也改未来。,Codex GPT-6 family; exact runtime model revision unavailable,substantive model semantic review; exposed to methods; not human or independent blind review,2026-09-27T16:31:49.090473+00:00,not_applicable,,d7c7b0ed5e8617016f1fe9829ab3b8fc4b558acfe7e37925db1f8fcd85518bda,,,,,,pass
R0336,S017,2f0ffe7ce5117e9c1f9b,shift,valid,pass,pass,pass,本输出逐项判断（未来编辑、原句信息、可读性）：PPP。4.5%、522.3million和499.4million均保持。,Codex GPT-6 family; exact runtime model revision unavailable,substantive model semantic review; exposed to methods; not human or independent blind review,2026-09-27T16:31:49.090473+00:00,not_applicable,,61219d276b76612f8d55acc8955dd574207cd7938d1f01dd894e740231053445,,,,,,pass
R0352,S018,30b2241454de1e80ee48,shift,valid,pass,pass,pass,本输出逐项判断（未来编辑、原句信息、可读性）：PPP。Jim Beam平面广告在不同国家触动不同反应的习语和修饰保持。,Codex GPT-6 family; exact runtime model revision unavailable,substantive model semantic review; exposed to methods; not human or independent blind review,2026-09-27T16:31:49.090473+00:00,not_applicable,,c2999fac4ba8e928cbb50cfd024d5e0e1e4751a49c3edb58ab4b9187c216151b,,,,,,pass
R0202,S019,36f3bd66d78f94373443,shift,valid,pass,pass,pass,本输出逐项判断（未来编辑、原句信息、可读性）：PPP。收入增长5%、终值282million及基准268.3million保持。,Codex GPT-6 family; exact runtime model revision unavailable,substantive model semantic review; exposed to methods; not human or independent blind review,2026-09-27T16:31:49.090473+00:00,not_applicable,,6740b47489b31d3879430b17c5f7e51a41a0f29da3d2c95cc1e25b5fc11c5622,,,,,,pass
R0335,S020,3794c5aeac83aafcffc7,shift,valid,pass,pass,pass,本输出逐项判断（未来编辑、原句信息、可读性）：PPP。Carnival官员拒绝评论的施事与事件保持。,Codex GPT-6 family; exact runtime model revision unavailable,substantive model semantic review; exposed to methods; not human or independent blind review,2026-09-27T16:31:49.090473+00:00,not_applicable,,82cdd7a51790a304d2864fd8150902a22cc9af74b7cb4709c756b89f09cbbda4,,,,,,pass
R0262,S021,3a60cf9817fdff67bac5,shift,valid,pass,fail,pass,本输出逐项判断（未来编辑、原句信息、可读性）：PFP。Blumenfeld报告满意且问题此前已解决；Shift丢失完成体，改成问题将被解决。,Codex GPT-6 family; exact runtime model revision unavailable,substantive model semantic review; exposed to methods; not human or independent blind review,2026-09-27T16:31:49.090473+00:00,not_applicable,information_or_event_error|temporal_event_relation_loss,cbadd898ed13fd146438a346c7d920934bff71dbf584e319b12243810e7fb040,,,,,,fail
R0274,S022,3adb3da2a6e1af2817fa,shift,uncertain,uncertain,pass,pass,本输出逐项判断（未来编辑、原句信息、可读性）：UPP。1989、20%及last year均保留，但未来完成式相对历史年份的锚点缺失。,Codex GPT-6 family; exact runtime model revision unavailable,substantive model semantic review; exposed to methods; not human or independent blind review,2026-09-27T16:31:49.090473+00:00,not_applicable,input_reference_problem_or_uncertainty,0ffc5943018f61d6fd5ed131c7e8668c259d47cae52b227c8de770e22928efd4,,,,,,uncertain
R0284,S023,3c6a7649e7a984d18c5a,shift,valid,pass,pass,pass,本输出逐项判断（未来编辑、原句信息、可读性）：PPP。被震荡市场反复冲击的背景及债券高收事件保持；after非限定从句先后关系清楚。,Codex GPT-6 family; exact runtime model revision unavailable,substantive model semantic review; exposed to methods; not human or independent blind review,2026-09-27T16:31:49.090473+00:00,not_applicable,,97929f0d7bb7f52a9cebeaadea48577a4bd1e9e0358deadbd0a2ae1044094b59,,,,,,pass
R0107,S024,3f519040b7eb92eb1419,shift,valid,pass,pass,pass,本输出逐项判断（未来编辑、原句信息、可读性）：PPP。BSB及3.1million流通股保持。,Codex GPT-6 family; exact runtime model revision unavailable,substantive model semantic review; exposed to methods; not human or independent blind review,2026-09-27T16:31:49.090473+00:00,not_applicable,,13ca6292f1a379aca970edd4121de444a5e5131a42c3f720f0808dcd925378bb,,,,,,pass
R0252,S025,41601b09beca6d4c6b31,shift,invalid,pass,pass,pass,本输出逐项判断（未来编辑、原句信息、可读性）：PPP。原句intuition made manifest可读，Shift保留该分词结构；目标及Lowrank给分词错误增加will。,Codex GPT-6 family; exact runtime model revision unavailable,substantive model semantic review; exposed to methods; not human or independent blind review,2026-09-27T16:31:49.090473+00:00,not_applicable,input_reference_problem_or_uncertainty,b265a0b7a0a3875e5b73297c4a55f26987e89ee205a311779d4492baf431e87f,,,,,,pass
R0241,S026,4268481df51034a54b08,shift,invalid,uncertain,pass,uncertain,本输出逐项判断（未来编辑、原句信息、可读性）：UPU。源句让别人不当思考的事件清楚；参考重复will；Shift伪分裂句时态与语法边界不明；Lowrank丢失do。,Codex GPT-6 family; exact runtime model revision unavailable,substantive model semantic review; exposed to methods; not human or independent blind review,2026-09-27T16:31:49.090473+00:00,not_applicable,input_reference_problem_or_uncertainty,41b007fc1176dd5b894b7aa28d71a0598c61cb4fbd836ca83e88fe2c46f0e47a,,,,,,uncertain
R0108,S027,439c34b6abd79e798eb4,shift,valid,fail,pass,pass,本输出逐项判断（未来编辑、原句信息、可读性）：FPP。Howley的引语内容及报告者保留；Shift留下said，未把报告事件转未来。,Codex GPT-6 family; exact runtime model revision unavailable,substantive model semantic review; exposed to methods; not human or independent blind review,2026-09-27T16:31:49.090473+00:00,not_applicable,tense_error,117f957fd1ca8404de0314a77a4d2d1065aa1a05bae69787c39c1766f08e84cc,,,,,,fail
R0392,S028,4870e52af055ba1358b9,shift,valid,pass,pass,pass,本输出逐项判断（未来编辑、原句信息、可读性）：PPP。公司拒绝过去提案的事件保持；past修饰提案不妨碍将来拒绝。,Codex GPT-6 family; exact runtime model revision unavailable,substantive model semantic review; exposed to methods; not human or independent blind review,2026-09-27T16:31:49.090473+00:00,not_applicable,,3a19d007cd8c202bde3704127ae196284029d56fd49fb991bdd63c7d39592b6f,,,,,,pass
R0014,S029,4bcebf1746259e5bc1fc,shift,valid,pass,pass,fail,本输出逐项判断（未来编辑、原句信息、可读性）：PPF。联邦保险保护631163存款人的事件和数量保持；Shift出现will protected。,Codex GPT-6 family; exact runtime model revision unavailable,substantive model semantic review; exposed to methods; not human or independent blind review,2026-09-27T16:31:49.090473+00:00,not_applicable,grammar_error,819fc65febbfac137281990216f6218642de08d84c9323e011b78e188a638cd0,,,,,,fail
R0088,S030,4c204f10ca28f1917dbe,shift,invalid,fail,uncertain,fail,本输出逐项判断（未来编辑、原句信息、可读性）：FUF。标准条件句原本成立；复制或生成if he will be破坏普通条件读法，可能引入意愿语义。,Codex GPT-6 family; exact runtime model revision unavailable,substantive model semantic review; exposed to methods; not human or independent blind review,2026-09-27T16:31:49.090473+00:00,not_applicable,input_reference_problem_or_uncertainty|tense_error|grammar_error,639718b61cdfeb80144650627382f3b6acc23dfc28aa1a0b9b17188aa1d250f5,,,,,,fail
R0006,S031,4d978d3df86de905faf2,shift,valid,pass,pass,pass,本输出逐项判断（未来编辑、原句信息、可读性）：PPP。小企业正在采取更积极措施及反制强制休假的目的保持。,Codex GPT-6 family; exact runtime model revision unavailable,substantive model semantic review; exposed to methods; not human or independent blind review,2026-09-27T16:31:49.090473+00:00,not_applicable,,3912a09dd9e6a0b4f3a585cc88860597627f2ed1bf5408a54c20fc3931cfa938,,,,,,pass
R0214,S032,53efc0324b92fb2dab54,shift,uncertain,pass,uncertain,pass,本输出逐项判断（未来编辑、原句信息、可读性）：PUP。make sense及for somebody to do it内容保留；would到will的模态差异缺语境。,Codex GPT-6 family; exact runtime model revision unavailable,substantive model semantic review; exposed to methods; not human or independent blind review,2026-09-27T16:31:49.090473+00:00,not_applicable,input_reference_problem_or_uncertainty,69f1f1c295948fe5c95d66b3b83996334c0124aa8bf30cf35e47fa67d26bd35a,,,,,,uncertain
R0210,S033,55f433c9e7f6a9bb51b1,shift,invalid,uncertain,pass,pass,本输出逐项判断（未来编辑、原句信息、可读性）：UPP。目标还原和Shift补上will be discarded的be；首项can仍是能力语义，是否足够未来不明确；Lowrank原样不编辑。,Codex GPT-6 family; exact runtime model revision unavailable,substantive model semantic review; exposed to methods; not human or independent blind review,2026-09-27T16:31:49.090473+00:00,not_applicable,input_reference_problem_or_uncertainty,949044ff3541bcbe181bffcfa0b326396b7863abd2d3ad5952df28a9e8bc0a42,,,,,,uncertain
R0308,S034,5894a73d43298bc20a78,shift,valid,fail,fail,fail,本输出逐项判断（未来编辑、原句信息、可读性）：FFF。Seltzer解释视觉成熟的事件应保留；Shift丢失explain，Lowrank保留事件却重复will。,Codex GPT-6 family; exact runtime model revision unavailable,substantive model semantic review; exposed to methods; not human or independent blind review,2026-09-27T16:31:49.090473+00:00,not_applicable,tense_error|grammar_error|information_or_event_error|information_loss,60c37bb1fe862e91c9ff81692656e4064ad40e798cdcb229bf8feb6768b75532,,,,,,fail
R0087,S035,59952e279ca858283317,shift,invalid,pass,pass,pass,本输出逐项判断（未来编辑、原句信息、可读性）：PPP。得到法律兴趣并创办Litigation Sciences；Shift正确将两事件转未来，参考和Lowrank漏改formed。,Codex GPT-6 family; exact runtime model revision unavailable,substantive model semantic review; exposed to methods; not human or independent blind review,2026-09-27T16:31:49.090473+00:00,not_applicable,input_reference_problem_or_uncertainty,ac26df8069198c0b198c7b6c9ccf96419fa50ca56653620206b8fec7298a7523,,,,,,pass
R0070,S036,59c8abc0ee2f3999e1ea,shift,valid,pass,pass,fail,本输出逐项判断（未来编辑、原句信息、可读性）：PPF。never否定及多数公司放弃研究保留；两编辑器都生成will panned而非will pan。,Codex GPT-6 family; exact runtime model revision unavailable,substantive model semantic review; exposed to methods; not human or independent blind review,2026-09-27T16:31:49.090473+00:00,not_applicable,grammar_error,767746a8d28df37f4ea3b9703be4c3f48c67c65e3585511d8bfdd253942bf10c,,,,,,fail
R0384,S037,5e7db8ba4007ce64cd24,shift,invalid,pass,pass,pass,本输出逐项判断（未来编辑、原句信息、可读性）：PPP。think、害怕、待在家三项关系保留；Shift的will get scared and stay home正确共享will，参考及Lowrank留下stayed。,Codex GPT-6 family; exact runtime model revision unavailable,substantive model semantic review; exposed to methods; not human or independent blind review,2026-09-27T16:31:49.090473+00:00,not_applicable,input_reference_problem_or_uncertainty,ae513b344aa9274536f034613097c9e2ae8eb7c0a60f3653e6bb80bcc85a04ba,,,,,,pass
R0256,S038,5f3795d24dde61944bad,shift,valid,fail,pass,pass,本输出逐项判断（未来编辑、原句信息、可读性）：FPP。Sears吸引顾客的努力保留；Shift只改struggling而主句show仍为现在。,Codex GPT-6 family; exact runtime model revision unavailable,substantive model semantic review; exposed to methods; not human or independent blind review,2026-09-27T16:31:49.090473+00:00,not_applicable,tense_error,1e12173309af528653dd39204edc67e3e72423697dabff4b8f36e845dcb95022,,,,,,fail
R0065,S039,6079e861ab15392069ec,shift,valid,pass,pass,pass,本输出逐项判断（未来编辑、原句信息、可读性）：PPP。January铂金合约、每盎司上涨2.30至488.60均保持。,Codex GPT-6 family; exact runtime model revision unavailable,substantive model semantic review; exposed to methods; not human or independent blind review,2026-09-27T16:31:49.090473+00:00,not_applicable,,e0d25a7c5a9caf0649c3d798f525244919900343a517a5b5670c8169f3be3037,,,,,,pass
R0162,S040,60ed35c8259eacf49cd9,shift,invalid,fail,pass,pass,本输出逐项判断（未来编辑、原句信息、可读性）：FPP。prior year仍限制主事件，will exceed与该过去限定冲突；8.8billion差值保持。,Codex GPT-6 family; exact runtime model revision unavailable,substantive model semantic review; exposed to methods; not human or independent blind review,2026-09-27T16:31:49.090473+00:00,not_applicable,input_reference_problem_or_uncertainty|tense_error,bbfc551b9a53df27e53f9e6e08fb6143d06ebf7cded95cb911376a1c9cd65c8f,,,,,,fail
R0028,S041,63c8e3fad0df263f7181,shift,valid,pass,pass,pass,本输出逐项判断（未来编辑、原句信息、可读性）：PPP。community involvement更糟的评价与even比较保留。,Codex GPT-6 family; exact runtime model revision unavailable,substantive model semantic review; exposed to methods; not human or independent blind review,2026-09-27T16:31:49.090473+00:00,not_applicable,,549d18f9bfa3f95b6049d51497ccea05dbedcdee54471b8cb9b35a54c270f0ce,,,,,,pass
R0228,S042,65d1f64018fd7dd21711,shift,valid,pass,pass,pass,本输出逐项判断（未来编辑、原句信息、可读性）：PPP。涨幅匹配Dow Jones industrials本年涨幅的关系保留。,Codex GPT-6 family; exact runtime model revision unavailable,substantive model semantic review; exposed to methods; not human or independent blind review,2026-09-27T16:31:49.090473+00:00,not_applicable,,54d9b3e2e43bb1380f1054b2b63775f5a956d58cdfe2386ee0f1c1fa847f5f36,,,,,,pass
R0195,S043,66178b7f0b452b6093b9,shift,valid,pass,pass,pass,本输出逐项判断（未来编辑、原句信息、可读性）：PPP。短期利率从不变到略低的范围保持。,Codex GPT-6 family; exact runtime model revision unavailable,substantive model semantic review; exposed to methods; not human or independent blind review,2026-09-27T16:31:49.090473+00:00,not_applicable,,9e2e65f0c3fb33414274ccf8f55056caae499065427cdbab9e06f8caeabc6858,,,,,,pass
R0075,S044,68190565b1dc34e8ca10,shift,valid,pass,pass,pass,本输出逐项判断（未来编辑、原句信息、可读性）：PPP。many的视角及像Oct.13重演的比喻保持，begin转未来。,Codex GPT-6 family; exact runtime model revision unavailable,substantive model semantic review; exposed to methods; not human or independent blind review,2026-09-27T16:31:49.090473+00:00,not_applicable,,09b2d9d931b9ee2b19b2909598b4958d2a41363b7830a576e7532f15e8f0b287,,,,,,pass
R0338,S045,778ffcec2096f43af32f,shift,valid,pass,pass,pass,本输出逐项判断（未来编辑、原句信息、可读性）：PPP。针对England的广告及artsy、irreverent性质保持。,Codex GPT-6 family; exact runtime model revision unavailable,substantive model semantic review; exposed to methods; not human or independent blind review,2026-09-27T16:31:49.090473+00:00,not_applicable,,2e896515a272978cbcaa8181eebab80babe7c9a9eab8d8cdf9512046b164c886,,,,,,pass
R0154,S046,7feaeb94b84270d6b899,shift,valid,pass,pass,pass,本输出逐项判断（未来编辑、原句信息、可读性）：PPP。Japan为资金找到美国住房抵押去处，完成体和同位关系保持。,Codex GPT-6 family; exact runtime model revision unavailable,substantive model semantic review; exposed to methods; not human or independent blind review,2026-09-27T16:31:49.090473+00:00,not_applicable,,e228e4b8e80af5f2920c2c4c45e40d05b4336809ce5b681021025de3348e9cfd,,,,,,pass
R0367,S047,8370ca278cea407cbec9,shift,valid,pass,pass,pass,本输出逐项判断（未来编辑、原句信息、可读性）：PPP。Poles参与商业的状态保持。,Codex GPT-6 family; exact runtime model revision unavailable,substantive model semantic review; exposed to methods; not human or independent blind review,2026-09-27T16:31:49.090473+00:00,not_applicable,,9ec79b9fcb8481e743a30a2134c7aaf43f91682e7623d49eec37420170c79a64,,,,,,pass
R0220,S048,873462cbf7a3fa5aab89,shift,valid,pass,pass,pass,本输出逐项判断（未来编辑、原句信息、可读性）：PPP。大盘背景、股价下跌及交易疲软修饰保持。,Codex GPT-6 family; exact runtime model revision unavailable,substantive model semantic review; exposed to methods; not human or independent blind review,2026-09-27T16:31:49.090473+00:00,not_applicable,,46c4bf134ecfd9a737105adcb3957c75e6c3ce8d9bbaca3579b23ee0232bc4e3,,,,,,pass
R0240,S049,87601a26fcef3bbc71d5,shift,valid,pass,pass,pass,本输出逐项判断（未来编辑、原句信息、可读性）：PPP。重申东德对共产主义正统忠诚的角色保持；Shift移动also位置不改变含义。,Codex GPT-6 family; exact runtime model revision unavailable,substantive model semantic review; exposed to methods; not human or independent blind review,2026-09-27T16:31:49.090473+00:00,not_applicable,,f6c8b01117ea78c4cddbef68bdfa7251c9134f5aa973add1b1de9bcc1ab29296,,,,,,pass
R0150,S050,8856afe27d562f46bbfc,shift,valid,pass,pass,pass,本输出逐项判断（未来编辑、原句信息、可读性）：PPP。Unifirst宣布2-for-1拆股的事件和比例保持。,Codex GPT-6 family; exact runtime model revision unavailable,substantive model semantic review; exposed to methods; not human or independent blind review,2026-09-27T16:31:49.090473+00:00,not_applicable,,076a2b556842bfd68914b37a8d4b09c4240062f2897cce3babce2e42e7ca58f3,,,,,,pass
R0130,S051,88e06b7c551541ac1df2,shift,valid,pass,pass,pass,本输出逐项判断（未来编辑、原句信息、可读性）：PPP。教师不是教育危机重要因素的否定范围保持。,Codex GPT-6 family; exact runtime model revision unavailable,substantive model semantic review; exposed to methods; not human or independent blind review,2026-09-27T16:31:49.090473+00:00,not_applicable,,580f5a642035427d70deaf422f7ea32907bccf64b2f6e76062529c64d8d07c3d,,,,,,pass
R0185,S052,8953419d735f40d8d89d,shift,invalid,fail,uncertain,fail,本输出逐项判断（未来编辑、原句信息、可读性）：FUF。参考help will find错误，编辑器均修复该局部结构，但if client will need仍有条件语义问题。,Codex GPT-6 family; exact runtime model revision unavailable,substantive model semantic review; exposed to methods; not human or independent blind review,2026-09-27T16:31:49.090473+00:00,not_applicable,input_reference_problem_or_uncertainty|tense_error|grammar_error,aa3186882c98abbc393c1797215a3e9acce17d8d2d9bd0ddc8e3452180647bec,,,,,,fail
R0072,S053,8ba33a2cbb0b7974e9bc,shift,uncertain,pass,uncertain,pass,本输出逐项判断（未来编辑、原句信息、可读性）：PUP。Blumenfeld、not fully understand及购买事件保留；理解变未来而购买仍过去的相对时间有疑问。,Codex GPT-6 family; exact runtime model revision unavailable,substantive model semantic review; exposed to methods; not human or independent blind review,2026-09-27T16:31:49.090473+00:00,not_applicable,input_reference_problem_or_uncertainty,2792ead05f25732bdffdd0eb17e4350e5f75ecdf1575eb55230e4962d1ecfd9d,,,,,,uncertain
R0275,S054,8c10bc049efd268802b7,shift,valid,pass,pass,pass,本输出逐项判断（未来编辑、原句信息、可读性）：PPP。两类拍卖参与令人失望，消息来自dealers的归属保持。,Codex GPT-6 family; exact runtime model revision unavailable,substantive model semantic review; exposed to methods; not human or independent blind review,2026-09-27T16:31:49.090473+00:00,not_applicable,,12b5395477fe03f9a40de4b468684b6731034f77bd99fad94ec884570f96b249,,,,,,pass
R0029,S055,910389535dd5f5d012bd,shift,valid,pass,pass,pass,本输出逐项判断（未来编辑、原句信息、可读性）：PPP。this not the case的否定判断保持。,Codex GPT-6 family; exact runtime model revision unavailable,substantive model semantic review; exposed to methods; not human or independent blind review,2026-09-27T16:31:49.090473+00:00,not_applicable,,4ef53f255645dd21af0be4d3ee09b953983283afbb2bf560887ba3a921eb046b,,,,,,pass
R0218,S056,9795738b20d2fd6f6524,shift,valid,pass,pass,pass,本输出逐项判断（未来编辑、原句信息、可读性）：PPP。政府承担经过计算风险的进行体和indeed保持。,Codex GPT-6 family; exact runtime model revision unavailable,substantive model semantic review; exposed to methods; not human or independent blind review,2026-09-27T16:31:49.090473+00:00,not_applicable,,953ccfadaf62eb3480829018921c10dd57873cdc8def0008fe722e18cb863a55,,,,,,pass
R0030,S057,981914b9bde07f8d9ae9,shift,valid,pass,pass,pass,本输出逐项判断（未来编辑、原句信息、可读性）：PPP。看起来像假日的状态及类比保持。,Codex GPT-6 family; exact runtime model revision unavailable,substantive model semantic review; exposed to methods; not human or independent blind review,2026-09-27T16:31:49.090473+00:00,not_applicable,,82ff1b75dcc33bbd45543a767af84d072a9b993c4b0359c8ff7b7744d31921da,,,,,,pass
R0041,S058,99b443974c38909debe1,shift,valid,pass,pass,pass,本输出逐项判断（未来编辑、原句信息、可读性）：PPP。按省略引号的引语读取，guess、naive状态及he报告事件均未来化，内容保留。,Codex GPT-6 family; exact runtime model revision unavailable,substantive model semantic review; exposed to methods; not human or independent blind review,2026-09-27T16:31:49.090473+00:00,not_applicable,,21470a8745153e39a039833477655a2ec42962ec963c2972989518bc26bad9e5,,,,,,pass
R0318,S059,9e71f72484cbe02b9f10,shift,valid,pass,pass,pass,本输出逐项判断（未来编辑、原句信息、可读性）：PPP。曼哈顿通勤优于平均及in other words连接保持。,Codex GPT-6 family; exact runtime model revision unavailable,substantive model semantic review; exposed to methods; not human or independent blind review,2026-09-27T16:31:49.090473+00:00,not_applicable,,916af3f6e3da834b713ffaa8a2196735e41a2bb9f189c011c5468953d39981a4,,,,,,pass
R0346,S060,a24fae91648c25bcefca,shift,valid,pass,pass,pass,本输出逐项判断（未来编辑、原句信息、可读性）：PPP。收入从1.1billion升到1.5billion的数量关系保持。,Codex GPT-6 family; exact runtime model revision unavailable,substantive model semantic review; exposed to methods; not human or independent blind review,2026-09-27T16:31:49.090473+00:00,not_applicable,,4ec08b9d07f6086f04c38e801f250aa7efe2a76f089cafe7e459386e66afb0d2,,,,,,pass
R0062,S061,a3d331285533d50fbc21,shift,valid,fail,fail,pass,本输出逐项判断（未来编辑、原句信息、可读性）：FFP。Shift把Harold Simmons从说话者改成兴趣对象并删除said事件；Lowrank在名字前多插will而破坏语法。,Codex GPT-6 family; exact runtime model revision unavailable,substantive model semantic review; exposed to methods; not human or independent blind review,2026-09-27T16:31:49.090473+00:00,not_applicable,tense_error|information_or_event_error|role_misassignment|information_loss,de94274b6cfbf5d11a55b6186c9f7e026d9cb49848814497ee767d2a3e84a6bb,,,,,,fail
R0386,S062,a9266e9e3e4d69468937,shift,valid,pass,pass,pass,本输出逐项判断（未来编辑、原句信息、可读性）：PPP。11%收入增长及4.56、4.12billion两值保持。,Codex GPT-6 family; exact runtime model revision unavailable,substantive model semantic review; exposed to methods; not human or independent blind review,2026-09-27T16:31:49.090473+00:00,not_applicable,,a4afeea22d8a92b03936452fcf15dde03630af908f954ba7ea1ea43a2c87a4a3,,,,,,pass
R0010,S063,abe5307a5b8763aaef52,shift,valid,pass,pass,pass,本输出逐项判断（未来编辑、原句信息、可读性）：PPP。日本投资者避开抵押证券及因果连接保持。,Codex GPT-6 family; exact runtime model revision unavailable,substantive model semantic review; exposed to methods; not human or independent blind review,2026-09-27T16:31:49.090473+00:00,not_applicable,,7f630b5d65ab6af2131c29eb3fcbef83f4408cf3c23533c5dfbb174f579584b1,,,,,,pass
R0324,S064,b5c53710e92a0fc1bd52,shift,valid,pass,pass,pass,本输出逐项判断（未来编辑、原句信息、可读性）：PPP。收盘跌8.375至170、此前跌33至145，数值与先后背景保持。,Codex GPT-6 family; exact runtime model revision unavailable,substantive model semantic review; exposed to methods; not human or independent blind review,2026-09-27T16:31:49.090473+00:00,not_applicable,,fac5b3f05bd38bfa88407a46128bedd2cbdd329089f18cf8c79c216d905fbab0,,,,,,pass
R0265,S065,b7924afe97d24f1ba800,shift,invalid,fail,uncertain,pass,本输出逐项判断（未来编辑、原句信息、可读性）：FUP。once were原为曾经属于；编辑后的once future读法与过去关系冲突，不能把词序变化当等价。,Codex GPT-6 family; exact runtime model revision unavailable,substantive model semantic review; exposed to methods; not human or independent blind review,2026-09-27T16:31:49.090473+00:00,not_applicable,input_reference_problem_or_uncertainty|tense_error,e8cd35a7f2aa9fef8b78d9e77a11da96a27f0193d863be214fa63b58ddd13bb3,,,,,,fail
R0157,S066,b868d1cdb3a863d99526,shift,invalid,fail,pass,pass,本输出逐项判断（未来编辑、原句信息、可读性）：FPP。Shift保留原问句但未作未来编辑；Lowrank在can't及to write内插will，语法错误。,Codex GPT-6 family; exact runtime model revision unavailable,substantive model semantic review; exposed to methods; not human or independent blind review,2026-09-27T16:31:49.090473+00:00,not_applicable,input_reference_problem_or_uncertainty|tense_error,9712d4c3ea782f731208089006f377fd6ae627538c6a4c5ca5ec6f55d78c51f7,,,,,,fail
R0143,S067,b8e2a759d215c523b3ae,shift,valid,pass,pass,pass,本输出逐项判断（未来编辑、原句信息、可读性）：PPP。Blumenfeld不独特的否定保持。,Codex GPT-6 family; exact runtime model revision unavailable,substantive model semantic review; exposed to methods; not human or independent blind review,2026-09-27T16:31:49.090473+00:00,not_applicable,,cee33ad0dde4cacf387bc66d2d4db029303d64c7a8328c05290e900e434314f7,,,,,,pass
R0103,S068,c14002357ae6cbe3621f,shift,valid,pass,pass,pass,本输出逐项判断（未来编辑、原句信息、可读性）：PPP。交易员承担大宗风险的从句及受到震动主句均未来化，角色保持。,Codex GPT-6 family; exact runtime model revision unavailable,substantive model semantic review; exposed to methods; not human or independent blind review,2026-09-27T16:31:49.090473+00:00,not_applicable,,a74be92ebac42739ffed3f2edc83c6338663a5458ec47ed0f2927e60b56c8f64,,,,,,pass
R0080,S069,c3354c381b91896d85e5,shift,valid,pass,pass,pass,本输出逐项判断（未来编辑、原句信息、可读性）：PPP。问题解决方案为限时毒丸，修饰和关系保持。,Codex GPT-6 family; exact runtime model revision unavailable,substantive model semantic review; exposed to methods; not human or independent blind review,2026-09-27T16:31:49.090473+00:00,not_applicable,,f6a1de53ffba087305b15b430fb2c42b9eaefd0abdfa534fe8e3a2147eea0a4c,,,,,,pass
R0249,S070,c45c9dfceaa5e495b326,shift,valid,pass,pass,pass,本输出逐项判断（未来编辑、原句信息、可读性）：PPP。存在更多波动的数量比较和to come保留。,Codex GPT-6 family; exact runtime model revision unavailable,substantive model semantic review; exposed to methods; not human or independent blind review,2026-09-27T16:31:49.090473+00:00,not_applicable,,c964aee7d31dc51a06e4e2bf971c911b56b0b261d0fc5f0cfcd1f9819352ff68,,,,,,pass
R0375,S071,c489e6e4026faf6daaf2,shift,invalid,fail,pass,uncertain,本输出逐项判断（未来编辑、原句信息、可读性）：FPU。源句be的省略补语依赖前文，可读性不确定；参考need not will错误，两编辑器原样返回而未编辑。,Codex GPT-6 family; exact runtime model revision unavailable,substantive model semantic review; exposed to methods; not human or independent blind review,2026-09-27T16:31:49.090473+00:00,not_applicable,input_reference_problem_or_uncertainty|tense_error,c489e6e4026faf6daaf2b8deaea5a2a7225f79230efdd2f28797beb1b6956eee,,,,,,fail
R0159,S072,c5e858e49566eae3186d,shift,valid,uncertain,fail,fail,本输出逐项判断（未来编辑、原句信息、可读性）：UFF。Suntory在Japan分销Brown-Forman波旁酒；Shift生成distory及重复will，Lowrank把distribute改成distill，句法成立但从分销变为蒸馏制造。,Codex GPT-6 family; exact runtime model revision unavailable,substantive model semantic review; exposed to methods; not human or independent blind review,2026-09-27T16:31:49.090473+00:00,not_applicable,grammar_error|information_or_event_error|information_loss,f6b824a86aaf9f076f23ad839da97b942e24995bf9303e1f5ee239242bd6ff7c,,,,,,fail
R0309,S073,c6c23c8dddb9cd6c464d,shift,valid,pass,pass,pass,本输出逐项判断（未来编辑、原句信息、可读性）：PPP。others不介意新危机产生的否定及still保持；Shift将still移到be前是自然等价措辞。,Codex GPT-6 family; exact runtime model revision unavailable,substantive model semantic review; exposed to methods; not human or independent blind review,2026-09-27T16:31:49.090473+00:00,not_applicable,,c23d88bc37ce8e52a80a953ec7efc571fe48f10f3cbae03675d010fe58247435,,,,,,pass
R0317,S074,c82c91dc49575f7c52a7,shift,invalid,fail,uncertain,fail,本输出逐项判断（未来编辑、原句信息、可读性）：FUF。can不等于明确将来时，且可能改变could模态；Shift叠加will can进一步破坏语法。,Codex GPT-6 family; exact runtime model revision unavailable,substantive model semantic review; exposed to methods; not human or independent blind review,2026-09-27T16:31:49.090473+00:00,not_applicable,input_reference_problem_or_uncertainty|tense_error|grammar_error,0992cf62a594544874e19ce53f62c4811d216960bfc2b63359a027ee1ac2269a,,,,,,fail
R0315,S075,c90a7cacb2e48118fbd1,shift,valid,pass,pass,pass,本输出逐项判断（未来编辑、原句信息、可读性）：PPP。11%、8billion、7.2billion三项数字关系保持。,Codex GPT-6 family; exact runtime model revision unavailable,substantive model semantic review; exposed to methods; not human or independent blind review,2026-09-27T16:31:49.090473+00:00,not_applicable,,65f81ce795b9646d16a30f5e371ad47995aac42833b784837fed8f31a41039ed,,,,,,pass
R0246,S076,ca8468018b7f7d5b6890,shift,valid,pass,pass,pass,本输出逐项判断（未来编辑、原句信息、可读性）：PPP。交易需要监管及股东两种批准均保持。,Codex GPT-6 family; exact runtime model revision unavailable,substantive model semantic review; exposed to methods; not human or independent blind review,2026-09-27T16:31:49.090473+00:00,not_applicable,,3759d8cd9e3e10e51710a1a01576c70d083943360dcc12b7251a4ae9bd2be8c8,,,,,,pass
R0137,S077,ca8b834e142c06da491d,shift,valid,pass,pass,pass,本输出逐项判断（未来编辑、原句信息、可读性）：PPP。文章充满outrageous distortions及unfortunately评价保持，位置变化不影响可读性。,Codex GPT-6 family; exact runtime model revision unavailable,substantive model semantic review; exposed to methods; not human or independent blind review,2026-09-27T16:31:49.090473+00:00,not_applicable,,e402f4ec8b90b43d3508cb650cfe0e6c017e7527b20aae51255a0aa600678d32,,,,,,pass
R0058,S078,cb29e235f00719277abc,shift,invalid,pass,pass,pass,本输出逐项判断（未来编辑、原句信息、可读性）：PPP。还原复制参考will settled错误；两编辑器均修正为will settle且1014/ton和13保留。,Codex GPT-6 family; exact runtime model revision unavailable,substantive model semantic review; exposed to methods; not human or independent blind review,2026-09-27T16:31:49.090473+00:00,not_applicable,input_reference_problem_or_uncertainty,493ba269489636d9dd65ffaab8c175a90af398b564db336b50d03ae68b93a3fb,,,,,,pass
R0043,S079,cc1e8e0bbb82bdccdf0e,shift,valid,pass,pass,pass,本输出逐项判断（未来编辑、原句信息、可读性）：PPP。朗姆出口54%、814000及proof gallons单位保持。,Codex GPT-6 family; exact runtime model revision unavailable,substantive model semantic review; exposed to methods; not human or independent blind review,2026-09-27T16:31:49.090473+00:00,not_applicable,,507207b129a498e7a24750e05106a2cc5632f534defc0a9a31d3c962e6108e52,,,,,,pass
R0042,S080,d042220c5cbc26f99e36,shift,invalid,pass,pass,pass,本输出逐项判断（未来编辑、原句信息、可读性）：PPP。New Jersey受请求接受300000并拒绝；Shift改为will refuse，Lowrank同参考留下refused。,Codex GPT-6 family; exact runtime model revision unavailable,substantive model semantic review; exposed to methods; not human or independent blind review,2026-09-27T16:31:49.090473+00:00,not_applicable,input_reference_problem_or_uncertainty,931d444f1844f90fbb150b55d667dfea75649dd1514c3f76a1602bd9b025fcae,,,,,,pass
R0277,S081,d172becfce68a12103e2,shift,valid,pass,pass,pass,本输出逐项判断（未来编辑、原句信息、可读性）：PPP。Vinson估计及行业收入接近200million两个谓词均未来化，归属保持。,Codex GPT-6 family; exact runtime model revision unavailable,substantive model semantic review; exposed to methods; not human or independent blind review,2026-09-27T16:31:49.090473+00:00,not_applicable,,6b6424e27ab42fdd44143919ee4d0f26ed1b01fa192677d30c848c08d28b0bdd,,,,,,pass
R0399,S082,d1e80aafd9107094b3dd,shift,uncertain,uncertain,pass,pass,本输出逐项判断（未来编辑、原句信息、可读性）：UPP。听证、Nov.3及accords保持；安排与举行的时间关系缺少锚点。,Codex GPT-6 family; exact runtime model revision unavailable,substantive model semantic review; exposed to methods; not human or independent blind review,2026-09-27T16:31:49.090473+00:00,not_applicable,input_reference_problem_or_uncertainty,e2820ba1ca1b9fe912947f2a5c64045d6b19dd0626887dc38761079fe6b44e03,,,,,,uncertain
R0300,S083,d2fc7e82a1522b104df5,shift,valid,pass,pass,pass,本输出逐项判断（未来编辑、原句信息、可读性）：PPP。不知道所有公交车所在的否定与范围保持；where buses will be明确同时未来，并非新增事件。,Codex GPT-6 family; exact runtime model revision unavailable,substantive model semantic review; exposed to methods; not human or independent blind review,2026-09-27T16:31:49.090473+00:00,not_applicable,,c91d28e665e61b083badf2fa84d15c986e3c00142c0f14435c267b390b5ead89,,,,,,pass
R0370,S084,d3ca51ca6148de2e4327,shift,valid,pass,pass,pass,本输出逐项判断（未来编辑、原句信息、可读性）：PPP。Freddie Mac、9%、97又21/32及升5/32均保持。,Codex GPT-6 family; exact runtime model revision unavailable,substantive model semantic review; exposed to methods; not human or independent blind review,2026-09-27T16:31:49.090473+00:00,not_applicable,,0fb6793334e9c8b8dfbebaea1df536daffbab874325999f8321dedf86cde8221,,,,,,pass
R0250,S085,d93acd16d367bfb856ef,shift,valid,pass,pass,pass,本输出逐项判断（未来编辑、原句信息、可读性）：PPP。交易员报告及program traders精密计算购买的被动角色均保持。,Codex GPT-6 family; exact runtime model revision unavailable,substantive model semantic review; exposed to methods; not human or independent blind review,2026-09-27T16:31:49.090473+00:00,not_applicable,,561e5187bfbf0d09c860aac5db5fee7717b6d6ff2ae018c0e8040a818f204115,,,,,,pass
R0134,S086,df4a38f1c7ea9c06054c,shift,uncertain,uncertain,pass,pass,本输出逐项判断（未来编辑、原句信息、可读性）：UPP。1987起40州提高乡村州际公路限速均保留；未来完成式的截止时间未交代。,Codex GPT-6 family; exact runtime model revision unavailable,substantive model semantic review; exposed to methods; not human or independent blind review,2026-09-27T16:31:49.090473+00:00,not_applicable,input_reference_problem_or_uncertainty,5c1b00097aa53a643a451fd67ff3507609d45ac83d0325b5d18872b6574d6950,,,,,,uncertain
R0323,S087,dfa19e10593034e35d3a,shift,valid,pass,pass,pass,本输出逐项判断（未来编辑、原句信息、可读性）：PPP。所有人的手指离按钮更近一英寸，主体、单位及比较保持。,Codex GPT-6 family; exact runtime model revision unavailable,substantive model semantic review; exposed to methods; not human or independent blind review,2026-09-27T16:31:49.090473+00:00,not_applicable,,11980b9e70b98103998e0e83d3fbce17fbe1f75fb3eb650c7eff7486d68a543b,,,,,,pass
R0306,S088,e0a75d17d4b51f632048,shift,valid,fail,fail,pass,本输出逐项判断（未来编辑、原句信息、可读性）：FFP。四路径均把终价43又7/8改为43又7/7；源还原另重复to43，两编辑器还保留过去tumbled。,Codex GPT-6 family; exact runtime model revision unavailable,substantive model semantic review; exposed to methods; not human or independent blind review,2026-09-27T16:31:49.090473+00:00,not_applicable,tense_error|information_or_event_error|number_error,1e0de05290a56bd6a5b66d0e1aa4b1afabd364c0bbfae6053a71f204d887e444,,,,,,fail
R0243,S089,e0d37884dd5c7be52b3c,shift,valid,pass,pass,pass,本输出逐项判断（未来编辑、原句信息、可读性）：PPP。Reebok报告和Fireman接任president的身份与关系保持，原有从句will不变。,Codex GPT-6 family; exact runtime model revision unavailable,substantive model semantic review; exposed to methods; not human or independent blind review,2026-09-27T16:31:49.090473+00:00,not_applicable,,e5247b9591355e6908d59457bfc5046e5d2c3b191cfd5bc64b94e9b7c9d79548,,,,,,pass
R0342,S090,e1e18dd661b16122cc45,shift,valid,pass,pass,pass,本输出逐项判断（未来编辑、原句信息、可读性）：PPP。未来可能性及进一步研究揭示偏差的关系保持，however插入位置不作事实错误。,Codex GPT-6 family; exact runtime model revision unavailable,substantive model semantic review; exposed to methods; not human or independent blind review,2026-09-27T16:31:49.090473+00:00,not_applicable,,0f2d6590a90f4c867d9f8f6b0314ad1ca3742c90ad402e6136ca113afe71a64f,,,,,,pass
R0337,S091,e4112927f5e4aeeafa02,shift,valid,pass,pass,pass,本输出逐项判断（未来编辑、原句信息、可读性）：PPP。棋类语境少一子的computer认输，a piece down与主语关系保持。,Codex GPT-6 family; exact runtime model revision unavailable,substantive model semantic review; exposed to methods; not human or independent blind review,2026-09-27T16:31:49.090473+00:00,not_applicable,,bdec1f404766ca2cc33441645f0135e97947cc816712ddbe46148b589bdb5f12,,,,,,pass
R0273,S092,e5900e1b99ae6d063419,shift,valid,pass,pass,pass,本输出逐项判断（未来编辑、原句信息、可读性）：PPP。银行财务稳健及作为现实的两个陈述均未来化，内容保留。,Codex GPT-6 family; exact runtime model revision unavailable,substantive model semantic review; exposed to methods; not human or independent blind review,2026-09-27T16:31:49.090473+00:00,not_applicable,,79c667edb04b2488e4f14fb2ef3a06a797c8a248455797bedac23a8d72da284f,,,,,,pass
R0078,S093,e71af41acddc22f8a38e,shift,valid,pass,fail,fail,本输出逐项判断（未来编辑、原句信息、可读性）：PFF。Shift保留主体内容后额外续写he will be，新增无补语片段；Lowrank保持无理由相信与报告关系。,Codex GPT-6 family; exact runtime model revision unavailable,substantive model semantic review; exposed to methods; not human or independent blind review,2026-09-27T16:31:49.090473+00:00,not_applicable,grammar_error|information_or_event_error|information_addition,184cc5f62d6fe2c229b3518b6ff47ef6fed3383b7c29db40c51ae63eb9b73dac,,,,,,fail
R0226,S094,eb35d1a90eca8b1034db,shift,uncertain,pass,uncertain,uncertain,本输出逐项判断（未来编辑、原句信息、可读性）：PUU。so省略前文谓词，独立意义和可读性不确定；Lowrank保留would而未编辑。,Codex GPT-6 family; exact runtime model revision unavailable,substantive model semantic review; exposed to methods; not human or independent blind review,2026-09-27T16:31:49.090473+00:00,not_applicable,input_reference_problem_or_uncertainty,fe2a3f109d7de03159504c487604e1397559240404534b9aa0e3eb53b96f2810,,,,,,uncertain
R0377,S095,ebb5c8a9f8c7f5801b3a,shift,valid,pass,pass,pass,本输出逐项判断（未来编辑、原句信息、可读性）：PPP。收入从1.01billion至1.1billion的起终值保持。,Codex GPT-6 family; exact runtime model revision unavailable,substantive model semantic review; exposed to methods; not human or independent blind review,2026-09-27T16:31:49.090473+00:00,not_applicable,,88bcc3e44f18249897ad71b34a66e3de6aa9069c8f179df283b168369bf66bfb,,,,,,pass
R0296,S096,f2e7146c4bca84457882,shift,valid,pass,pass,pass,本输出逐项判断（未来编辑、原句信息、可读性）：PPP。系统工作方式的关系及两个谓词未来转换保持。,Codex GPT-6 family; exact runtime model revision unavailable,substantive model semantic review; exposed to methods; not human or independent blind review,2026-09-27T16:31:49.090473+00:00,not_applicable,,a5dc6c10f2c4e2a596225850eae0e6f88aa11f731ddfcd685b7a44c8d30aaf1d,,,,,,pass
R0183,S097,f38da1c670ed1ee2f337,shift,invalid,fail,uncertain,fail,本输出逐项判断（未来编辑、原句信息、可读性）：FUF。普通if there is条件应保留标准条件读法，if there will be机械转换有语法/条件含义问题。,Codex GPT-6 family; exact runtime model revision unavailable,substantive model semantic review; exposed to methods; not human or independent blind review,2026-09-27T16:31:49.090473+00:00,not_applicable,input_reference_problem_or_uncertainty|tense_error|grammar_error,ae291dedb8900bfd5746be13f3931b783c9b3268452e917a4a56060003164240,,,,,,fail
R0310,S098,f5faeb345a0341417d3d,shift,valid,pass,pass,pass,本输出逐项判断（未来编辑、原句信息、可读性）：PPP。no other的排除范围、图形性能和价格关系保持。,Codex GPT-6 family; exact runtime model revision unavailable,substantive model semantic review; exposed to methods; not human or independent blind review,2026-09-27T16:31:49.090473+00:00,not_applicable,,14f364ba3502ef9de00287e4180714aa6f73e419dd1b149813b824ffe6494552,,,,,,pass
R0019,S099,fa3541c8ce5108de55ed,shift,valid,pass,pass,pass,本输出逐项判断（未来编辑、原句信息、可读性）：PPP。化工利润从98million跌至78million保持。,Codex GPT-6 family; exact runtime model revision unavailable,substantive model semantic review; exposed to methods; not human or independent blind review,2026-09-27T16:31:49.090473+00:00,not_applicable,,950ebf011ef269c047ee126f2b25ca3a320fe892fb1f9a039dae8ef2c7bfbc10,,,,,,pass
R0038,S100,fb195f183d72c787641a,shift,valid,pass,pass,pass,本输出逐项判断（未来编辑、原句信息、可读性）：PPP。像驾车看事故的类比和非限定背景保持，主句was转will be。,Codex GPT-6 family; exact runtime model revision unavailable,substantive model semantic review; exposed to methods; not human or independent blind review,2026-09-27T16:31:49.090473+00:00,not_applicable,,4ffc20b7ef3ba5ca28a66f81e0f23464ec1f9a9ea82951f7a9befa0cac362edb,,,,,,pass
R0163,S001,004c030ba424f97f52d6,lowrank,valid,pass,pass,pass,本输出逐项判断（未来编辑、原句信息、可读性）：PPP。Kellogg涨幅4又1/4及终值75保留；还原仅去转义反斜杠，不改变分数。,Codex GPT-6 family; exact runtime model revision unavailable,substantive model semantic review; exposed to methods; not human or independent blind review,2026-09-27T16:31:49.090473+00:00,not_applicable,,5c6e111169963ce466627aaaa55b251aaabe88fcaa513cd67e630707bb4a95f1,,,,,,pass
R0365,S002,01d750c0ca2607a908a2,lowrank,valid,pass,pass,pass,本输出逐项判断（未来编辑、原句信息、可读性）：PPP。携带缺陷基因的小鼠、实验背景及被动配对事件保留。,Codex GPT-6 family; exact runtime model revision unavailable,substantive model semantic review; exposed to methods; not human or independent blind review,2026-09-27T16:31:49.090473+00:00,not_applicable,,5adcd1b1eb1655e2aa601d0484a7046d30fc45559a8b72222c06761e56407747,,,,,,pass
R0345,S003,05a4ff4c9b179be64d37,lowrank,uncertain,pass,pass,uncertain,本输出逐项判断（未来编辑、原句信息、可读性）：PPU。引语和报告语可辨，但will be never aware生硬，独立可读性保留不确定。,Codex GPT-6 family; exact runtime model revision unavailable,substantive model semantic review; exposed to methods; not human or independent blind review,2026-09-27T16:31:49.090473+00:00,not_applicable,input_reference_problem_or_uncertainty,60b15082ffc8f2f348a3a48e61a9e5b87b4d3c935291d3ab746c88afe76512e4,,,,,,uncertain
R0164,S004,094be03d64e9ea01722d,lowrank,valid,pass,pass,pass,本输出逐项判断（未来编辑、原句信息、可读性）：PPP。he发动自己的攻击，施事、对象与unstoppable修饰保留。,Codex GPT-6 family; exact runtime model revision unavailable,substantive model semantic review; exposed to methods; not human or independent blind review,2026-09-27T16:31:49.090473+00:00,not_applicable,,aec286e11e6e821a3e26bbd24852f463cc05c9fcf69b48067e482215f3fea4b2,,,,,,pass
R0297,S005,0aa0c6fe11755b39969c,lowrank,uncertain,uncertain,pass,pass,本输出逐项判断（未来编辑、原句信息、可读性）：UPP。Sept.30及5.3million股份均保留；编辑的未来日期适用性缺少叙述锚点。,Codex GPT-6 family; exact runtime model revision unavailable,substantive model semantic review; exposed to methods; not human or independent blind review,2026-09-27T16:31:49.090473+00:00,not_applicable,input_reference_problem_or_uncertainty,de96fa3ab77314a2097284dea9c7cd300f7131dc1a6cf30fbc6f21b24ea7dbe4,,,,,,uncertain
R0177,S006,0be5c99f3dde450f32b6,lowrank,uncertain,pass,uncertain,pass,本输出逐项判断（未来编辑、原句信息、可读性）：PUP。全球产量减半与1998保留；would变will是否丢失条件性不明。,Codex GPT-6 family; exact runtime model revision unavailable,substantive model semantic review; exposed to methods; not human or independent blind review,2026-09-27T16:31:49.090473+00:00,not_applicable,input_reference_problem_or_uncertainty,e2c00913719d252c3f6462e1cdac451c94ad502d75d5a7b2bcdce5e017b7dcb6,,,,,,uncertain
R0139,S007,0ffa471f7e98f5520858,lowrank,valid,pass,pass,pass,本输出逐项判断（未来编辑、原句信息、可读性）：PPP。Jeff Rowe为文章作贡献的事件与身份均保留。,Codex GPT-6 family; exact runtime model revision unavailable,substantive model semantic review; exposed to methods; not human or independent blind review,2026-09-27T16:31:49.090473+00:00,not_applicable,,9a78bc204ac4ee51edcc9d186d4196e3ade545dde12904225e40a22b2f61d0c0,,,,,,pass
R0237,S008,102433989fb8109a6e77,lowrank,valid,pass,pass,pass,本输出逐项判断（未来编辑、原句信息、可读性）：PPP。humility使成功机会更好这一因果关系保留。,Codex GPT-6 family; exact runtime model revision unavailable,substantive model semantic review; exposed to methods; not human or independent blind review,2026-09-27T16:31:49.090473+00:00,not_applicable,,d94aa91a5b450d2708901fb7d422113e7d66581cee4a6f384e0d89aca142b80f,,,,,,pass
R0178,S009,13b58f773a9fe498376a,lowrank,valid,pass,pass,pass,本输出逐项判断（未来编辑、原句信息、可读性）：PPP。RTC需要能干且可获得管理人员的需求及修饰均保留。,Codex GPT-6 family; exact runtime model revision unavailable,substantive model semantic review; exposed to methods; not human or independent blind review,2026-09-27T16:31:49.090473+00:00,not_applicable,,940349714a303529d104b3dab0d2f2808d328bf28c3dbf209701742ab61c934d,,,,,,pass
R0339,S010,1595ae6ce909975607be,lowrank,valid,pass,pass,pass,本输出逐项判断（未来编辑、原句信息、可读性）：PPP。investors不喜欢消息的否定、公司名和either保留；Shift重复will造成语法错误。,Codex GPT-6 family; exact runtime model revision unavailable,substantive model semantic review; exposed to methods; not human or independent blind review,2026-09-27T16:31:49.090473+00:00,not_applicable,,7f00e8c708da1ad83789532f1fbca3a16d1d6d3b1ebf4f72c47dc085fe1216c9,,,,,,pass
R0189,S011,2133689d58c231ee830f,lowrank,valid,pass,pass,pass,本输出逐项判断（未来编辑、原句信息、可读性）：PPP。2.9%增长、827.9million及804.3million的对应关系保持。,Codex GPT-6 family; exact runtime model revision unavailable,substantive model semantic review; exposed to methods; not human or independent blind review,2026-09-27T16:31:49.090473+00:00,not_applicable,,0e49a3dd636249d96d8f5e487c18e73f0e577bdfe04ec0f222d650c5b9413270,,,,,,pass
R0144,S012,2527113b1eff996f93ed,lowrank,valid,pass,pass,pass,本输出逐项判断（未来编辑、原句信息、可读性）：PPP。每个75000的成本和研究用途保持；原主句未来时未破坏，从句成本转将来。,Codex GPT-6 family; exact runtime model revision unavailable,substantive model semantic review; exposed to methods; not human or independent blind review,2026-09-27T16:31:49.090473+00:00,not_applicable,,5da7e21000267b339525af2ecda40cc3cffe624ee48294271c8c9997ab34a7ba,,,,,,pass
R0099,S013,2543db151dc404101f48,lowrank,valid,pass,pass,pass,本输出逐项判断（未来编辑、原句信息、可读性）：PPP。Goldman Sachs及Salomon Brothers官员无法评论的状态保持。,Codex GPT-6 family; exact runtime model revision unavailable,substantive model semantic review; exposed to methods; not human or independent blind review,2026-09-27T16:31:49.090473+00:00,not_applicable,,c11c7a2bfa44939591765635c60f3d88aaeb1bd79a9f4f605c94d44049975421,,,,,,pass
R0076,S014,2549ab97d8dcca6d5051,lowrank,uncertain,uncertain,pass,pass,本输出逐项判断（未来编辑、原句信息、可读性）：UPP。开园与安排状态保留，但1992相对叙述时间不明，编辑时间适用性不确定。,Codex GPT-6 family; exact runtime model revision unavailable,substantive model semantic review; exposed to methods; not human or independent blind review,2026-09-27T16:31:49.090473+00:00,not_applicable,input_reference_problem_or_uncertainty,ca2fca157499f7083f248a75334f7db6c74aae48f39af52039534dc49aec6461,,,,,,uncertain
R0060,S015,2572a83a32bd0f08211d,lowrank,valid,pass,pass,pass,本输出逐项判断（未来编辑、原句信息、可读性）：PPP。平均美国人每天看七小时电视的主体、量与频率保持。,Codex GPT-6 family; exact runtime model revision unavailable,substantive model semantic review; exposed to methods; not human or independent blind review,2026-09-27T16:31:49.090473+00:00,not_applicable,,7b2480e559bff3b1deecf3ab49687907e81f347ac392e4e50295c2321796dceb,,,,,,pass
R0205,S016,27b9a6c7f30969006b38,lowrank,valid,pass,pass,pass,本输出逐项判断（未来编辑、原句信息、可读性）：PPP。5.2million利润与去年同期1million对比保持，基准无需也改未来。,Codex GPT-6 family; exact runtime model revision unavailable,substantive model semantic review; exposed to methods; not human or independent blind review,2026-09-27T16:31:49.090473+00:00,not_applicable,,d7c7b0ed5e8617016f1fe9829ab3b8fc4b558acfe7e37925db1f8fcd85518bda,,,,,,pass
R0153,S017,2f0ffe7ce5117e9c1f9b,lowrank,valid,pass,pass,pass,本输出逐项判断（未来编辑、原句信息、可读性）：PPP。4.5%、522.3million和499.4million均保持。,Codex GPT-6 family; exact runtime model revision unavailable,substantive model semantic review; exposed to methods; not human or independent blind review,2026-09-27T16:31:49.090473+00:00,not_applicable,,61219d276b76612f8d55acc8955dd574207cd7938d1f01dd894e740231053445,,,,,,pass
R0238,S018,30b2241454de1e80ee48,lowrank,valid,pass,pass,pass,本输出逐项判断（未来编辑、原句信息、可读性）：PPP。Jim Beam平面广告在不同国家触动不同反应的习语和修饰保持。,Codex GPT-6 family; exact runtime model revision unavailable,substantive model semantic review; exposed to methods; not human or independent blind review,2026-09-27T16:31:49.090473+00:00,not_applicable,,c2999fac4ba8e928cbb50cfd024d5e0e1e4751a49c3edb58ab4b9187c216151b,,,,,,pass
R0390,S019,36f3bd66d78f94373443,lowrank,valid,pass,pass,pass,本输出逐项判断（未来编辑、原句信息、可读性）：PPP。收入增长5%、终值282million及基准268.3million保持。,Codex GPT-6 family; exact runtime model revision unavailable,substantive model semantic review; exposed to methods; not human or independent blind review,2026-09-27T16:31:49.090473+00:00,not_applicable,,6740b47489b31d3879430b17c5f7e51a41a0f29da3d2c95cc1e25b5fc11c5622,,,,,,pass
R0361,S020,3794c5aeac83aafcffc7,lowrank,valid,pass,pass,pass,本输出逐项判断（未来编辑、原句信息、可读性）：PPP。Carnival官员拒绝评论的施事与事件保持。,Codex GPT-6 family; exact runtime model revision unavailable,substantive model semantic review; exposed to methods; not human or independent blind review,2026-09-27T16:31:49.090473+00:00,not_applicable,,82cdd7a51790a304d2864fd8150902a22cc9af74b7cb4709c756b89f09cbbda4,,,,,,pass
R0128,S021,3a60cf9817fdff67bac5,lowrank,valid,pass,pass,pass,本输出逐项判断（未来编辑、原句信息、可读性）：PPP。Blumenfeld报告满意且问题此前已解决；Shift丢失完成体，改成问题将被解决。,Codex GPT-6 family; exact runtime model revision unavailable,substantive model semantic review; exposed to methods; not human or independent blind review,2026-09-27T16:31:49.090473+00:00,not_applicable,,2cc3e9080ed0e29424995a4175055bc119121897667e55dab653b33d9f2513d9,,,,,,pass
R0222,S022,3adb3da2a6e1af2817fa,lowrank,uncertain,uncertain,pass,pass,本输出逐项判断（未来编辑、原句信息、可读性）：UPP。1989、20%及last year均保留，但未来完成式相对历史年份的锚点缺失。,Codex GPT-6 family; exact runtime model revision unavailable,substantive model semantic review; exposed to methods; not human or independent blind review,2026-09-27T16:31:49.090473+00:00,not_applicable,input_reference_problem_or_uncertainty,0ffc5943018f61d6fd5ed131c7e8668c259d47cae52b227c8de770e22928efd4,,,,,,uncertain
R0366,S023,3c6a7649e7a984d18c5a,lowrank,valid,pass,pass,pass,本输出逐项判断（未来编辑、原句信息、可读性）：PPP。被震荡市场反复冲击的背景及债券高收事件保持；after非限定从句先后关系清楚。,Codex GPT-6 family; exact runtime model revision unavailable,substantive model semantic review; exposed to methods; not human or independent blind review,2026-09-27T16:31:49.090473+00:00,not_applicable,,97929f0d7bb7f52a9cebeaadea48577a4bd1e9e0358deadbd0a2ae1044094b59,,,,,,pass
R0206,S024,3f519040b7eb92eb1419,lowrank,valid,pass,pass,pass,本输出逐项判断（未来编辑、原句信息、可读性）：PPP。BSB及3.1million流通股保持。,Codex GPT-6 family; exact runtime model revision unavailable,substantive model semantic review; exposed to methods; not human or independent blind review,2026-09-27T16:31:49.090473+00:00,not_applicable,,13ca6292f1a379aca970edd4121de444a5e5131a42c3f720f0808dcd925378bb,,,,,,pass
R0272,S025,41601b09beca6d4c6b31,lowrank,invalid,fail,uncertain,fail,本输出逐项判断（未来编辑、原句信息、可读性）：FUF。原句intuition made manifest可读，Shift保留该分词结构；目标及Lowrank给分词错误增加will。,Codex GPT-6 family; exact runtime model revision unavailable,substantive model semantic review; exposed to methods; not human or independent blind review,2026-09-27T16:31:49.090473+00:00,not_applicable,input_reference_problem_or_uncertainty|tense_error|grammar_error,fc87f9be512e427fc4a217a87cec4248f0d0918ce447b7b1986fb793db3aba1c,,,,,,fail
R0319,S026,4268481df51034a54b08,lowrank,invalid,fail,fail,fail,本输出逐项判断（未来编辑、原句信息、可读性）：FFF。源句让别人不当思考的事件清楚；参考重复will；Shift伪分裂句时态与语法边界不明；Lowrank丢失do。,Codex GPT-6 family; exact runtime model revision unavailable,substantive model semantic review; exposed to methods; not human or independent blind review,2026-09-27T16:31:49.090473+00:00,not_applicable,input_reference_problem_or_uncertainty|tense_error|grammar_error|information_or_event_error|information_loss,a94abd81e3549ffa17e0f01a2887c06690f833270fb13d2ddfd0a464c7c288a5,,,,,,fail
R0333,S027,439c34b6abd79e798eb4,lowrank,valid,pass,pass,pass,本输出逐项判断（未来编辑、原句信息、可读性）：PPP。Howley的引语内容及报告者保留；Shift留下said，未把报告事件转未来。,Codex GPT-6 family; exact runtime model revision unavailable,substantive model semantic review; exposed to methods; not human or independent blind review,2026-09-27T16:31:49.090473+00:00,not_applicable,,3984295d89841b7d710c08de912a05a5a35bfa2ae35ae1f2c22332b78409f9d3,,,,,,pass
R0294,S028,4870e52af055ba1358b9,lowrank,valid,pass,pass,pass,本输出逐项判断（未来编辑、原句信息、可读性）：PPP。公司拒绝过去提案的事件保持；past修饰提案不妨碍将来拒绝。,Codex GPT-6 family; exact runtime model revision unavailable,substantive model semantic review; exposed to methods; not human or independent blind review,2026-09-27T16:31:49.090473+00:00,not_applicable,,3a19d007cd8c202bde3704127ae196284029d56fd49fb991bdd63c7d39592b6f,,,,,,pass
R0025,S029,4bcebf1746259e5bc1fc,lowrank,valid,pass,pass,pass,本输出逐项判断（未来编辑、原句信息、可读性）：PPP。联邦保险保护631163存款人的事件和数量保持；Shift出现will protected。,Codex GPT-6 family; exact runtime model revision unavailable,substantive model semantic review; exposed to methods; not human or independent blind review,2026-09-27T16:31:49.090473+00:00,not_applicable,,5724951933b5bb955a1077f6289ffc0bc7364cf850c583bd412c4a2cb0b85f02,,,,,,pass
R0055,S030,4c204f10ca28f1917dbe,lowrank,invalid,fail,uncertain,fail,本输出逐项判断（未来编辑、原句信息、可读性）：FUF。标准条件句原本成立；复制或生成if he will be破坏普通条件读法，可能引入意愿语义。,Codex GPT-6 family; exact runtime model revision unavailable,substantive model semantic review; exposed to methods; not human or independent blind review,2026-09-27T16:31:49.090473+00:00,not_applicable,input_reference_problem_or_uncertainty|tense_error|grammar_error,639718b61cdfeb80144650627382f3b6acc23dfc28aa1a0b9b17188aa1d250f5,,,,,,fail
R0085,S031,4d978d3df86de905faf2,lowrank,valid,pass,pass,pass,本输出逐项判断（未来编辑、原句信息、可读性）：PPP。小企业正在采取更积极措施及反制强制休假的目的保持。,Codex GPT-6 family; exact runtime model revision unavailable,substantive model semantic review; exposed to methods; not human or independent blind review,2026-09-27T16:31:49.090473+00:00,not_applicable,,3912a09dd9e6a0b4f3a585cc88860597627f2ed1bf5408a54c20fc3931cfa938,,,,,,pass
R0326,S032,53efc0324b92fb2dab54,lowrank,uncertain,pass,uncertain,pass,本输出逐项判断（未来编辑、原句信息、可读性）：PUP。make sense及for somebody to do it内容保留；would到will的模态差异缺语境。,Codex GPT-6 family; exact runtime model revision unavailable,substantive model semantic review; exposed to methods; not human or independent blind review,2026-09-27T16:31:49.090473+00:00,not_applicable,input_reference_problem_or_uncertainty,69f1f1c295948fe5c95d66b3b83996334c0124aa8bf30cf35e47fa67d26bd35a,,,,,,uncertain
R0224,S033,55f433c9e7f6a9bb51b1,lowrank,invalid,fail,pass,pass,本输出逐项判断（未来编辑、原句信息、可读性）：FPP。目标还原和Shift补上will be discarded的be；首项can仍是能力语义，是否足够未来不明确；Lowrank原样不编辑。,Codex GPT-6 family; exact runtime model revision unavailable,substantive model semantic review; exposed to methods; not human or independent blind review,2026-09-27T16:31:49.090473+00:00,not_applicable,input_reference_problem_or_uncertainty|tense_error,55f433c9e7f6a9bb51b13872610f21d9490d7e5ede514b1179566d9cc260f928,,,,,,fail
R0378,S034,5894a73d43298bc20a78,lowrank,valid,pass,pass,fail,本输出逐项判断（未来编辑、原句信息、可读性）：PPF。Seltzer解释视觉成熟的事件应保留；Shift丢失explain，Lowrank保留事件却重复will。,Codex GPT-6 family; exact runtime model revision unavailable,substantive model semantic review; exposed to methods; not human or independent blind review,2026-09-27T16:31:49.090473+00:00,not_applicable,grammar_error,0c00ad5a54a2d0b6c0a5b88b25214aa41f9b242c16ba84d78c190c883c9ffc21,,,,,,fail
R0213,S035,59952e279ca858283317,lowrank,invalid,fail,pass,fail,本输出逐项判断（未来编辑、原句信息、可读性）：FPF。得到法律兴趣并创办Litigation Sciences；Shift正确将两事件转未来，参考和Lowrank漏改formed。,Codex GPT-6 family; exact runtime model revision unavailable,substantive model semantic review; exposed to methods; not human or independent blind review,2026-09-27T16:31:49.090473+00:00,not_applicable,input_reference_problem_or_uncertainty|tense_error|grammar_error,2f64a61b5d8748dedfe7fcaf7d477de259f020125a094672ee84b0fecc0477a4,,,,,,fail
R0133,S036,59c8abc0ee2f3999e1ea,lowrank,valid,pass,pass,fail,本输出逐项判断（未来编辑、原句信息、可读性）：PPF。never否定及多数公司放弃研究保留；两编辑器都生成will panned而非will pan。,Codex GPT-6 family; exact runtime model revision unavailable,substantive model semantic review; exposed to methods; not human or independent blind review,2026-09-27T16:31:49.090473+00:00,not_applicable,grammar_error,8d3e502ee90c941116793c00aae4d0243a8d0d00fa3f69d6f4e531711f588d3f,,,,,,fail
R0077,S037,5e7db8ba4007ce64cd24,lowrank,invalid,fail,pass,fail,本输出逐项判断（未来编辑、原句信息、可读性）：FPF。think、害怕、待在家三项关系保留；Shift的will get scared and stay home正确共享will，参考及Lowrank留下stayed。,Codex GPT-6 family; exact runtime model revision unavailable,substantive model semantic review; exposed to methods; not human or independent blind review,2026-09-27T16:31:49.090473+00:00,not_applicable,input_reference_problem_or_uncertainty|tense_error|grammar_error,84fa34c95209979c830988e5d35123651a5df04f31fe4ae392a78843141601bd,,,,,,fail
R0132,S038,5f3795d24dde61944bad,lowrank,valid,pass,pass,pass,本输出逐项判断（未来编辑、原句信息、可读性）：PPP。Sears吸引顾客的努力保留；Shift只改struggling而主句show仍为现在。,Codex GPT-6 family; exact runtime model revision unavailable,substantive model semantic review; exposed to methods; not human or independent blind review,2026-09-27T16:31:49.090473+00:00,not_applicable,,360ae114937c90cbbf6479f7439c1df427aa9a59cbf1baa0ad33c052f795cb58,,,,,,pass
R0100,S039,6079e861ab15392069ec,lowrank,valid,pass,pass,pass,本输出逐项判断（未来编辑、原句信息、可读性）：PPP。January铂金合约、每盎司上涨2.30至488.60均保持。,Codex GPT-6 family; exact runtime model revision unavailable,substantive model semantic review; exposed to methods; not human or independent blind review,2026-09-27T16:31:49.090473+00:00,not_applicable,,e0d25a7c5a9caf0649c3d798f525244919900343a517a5b5670c8169f3be3037,,,,,,pass
R0349,S040,60ed35c8259eacf49cd9,lowrank,invalid,fail,pass,pass,本输出逐项判断（未来编辑、原句信息、可读性）：FPP。prior year仍限制主事件，will exceed与该过去限定冲突；8.8billion差值保持。,Codex GPT-6 family; exact runtime model revision unavailable,substantive model semantic review; exposed to methods; not human or independent blind review,2026-09-27T16:31:49.090473+00:00,not_applicable,input_reference_problem_or_uncertainty|tense_error,bbfc551b9a53df27e53f9e6e08fb6143d06ebf7cded95cb911376a1c9cd65c8f,,,,,,fail
R0112,S041,63c8e3fad0df263f7181,lowrank,valid,pass,pass,pass,本输出逐项判断（未来编辑、原句信息、可读性）：PPP。community involvement更糟的评价与even比较保留。,Codex GPT-6 family; exact runtime model revision unavailable,substantive model semantic review; exposed to methods; not human or independent blind review,2026-09-27T16:31:49.090473+00:00,not_applicable,,549d18f9bfa3f95b6049d51497ccea05dbedcdee54471b8cb9b35a54c270f0ce,,,,,,pass
R0348,S042,65d1f64018fd7dd21711,lowrank,valid,pass,pass,pass,本输出逐项判断（未来编辑、原句信息、可读性）：PPP。涨幅匹配Dow Jones industrials本年涨幅的关系保留。,Codex GPT-6 family; exact runtime model revision unavailable,substantive model semantic review; exposed to methods; not human or independent blind review,2026-09-27T16:31:49.090473+00:00,not_applicable,,54d9b3e2e43bb1380f1054b2b63775f5a956d58cdfe2386ee0f1c1fa847f5f36,,,,,,pass
R0381,S043,66178b7f0b452b6093b9,lowrank,valid,pass,pass,pass,本输出逐项判断（未来编辑、原句信息、可读性）：PPP。短期利率从不变到略低的范围保持。,Codex GPT-6 family; exact runtime model revision unavailable,substantive model semantic review; exposed to methods; not human or independent blind review,2026-09-27T16:31:49.090473+00:00,not_applicable,,9e2e65f0c3fb33414274ccf8f55056caae499065427cdbab9e06f8caeabc6858,,,,,,pass
R0129,S044,68190565b1dc34e8ca10,lowrank,valid,pass,pass,pass,本输出逐项判断（未来编辑、原句信息、可读性）：PPP。many的视角及像Oct.13重演的比喻保持，begin转未来。,Codex GPT-6 family; exact runtime model revision unavailable,substantive model semantic review; exposed to methods; not human or independent blind review,2026-09-27T16:31:49.090473+00:00,not_applicable,,09b2d9d931b9ee2b19b2909598b4958d2a41363b7830a576e7532f15e8f0b287,,,,,,pass
R0303,S045,778ffcec2096f43af32f,lowrank,valid,pass,pass,pass,本输出逐项判断（未来编辑、原句信息、可读性）：PPP。针对England的广告及artsy、irreverent性质保持。,Codex GPT-6 family; exact runtime model revision unavailable,substantive model semantic review; exposed to methods; not human or independent blind review,2026-09-27T16:31:49.090473+00:00,not_applicable,,2e896515a272978cbcaa8181eebab80babe7c9a9eab8d8cdf9512046b164c886,,,,,,pass
R0258,S046,7feaeb94b84270d6b899,lowrank,valid,pass,pass,pass,本输出逐项判断（未来编辑、原句信息、可读性）：PPP。Japan为资金找到美国住房抵押去处，完成体和同位关系保持。,Codex GPT-6 family; exact runtime model revision unavailable,substantive model semantic review; exposed to methods; not human or independent blind review,2026-09-27T16:31:49.090473+00:00,not_applicable,,e228e4b8e80af5f2920c2c4c45e40d05b4336809ce5b681021025de3348e9cfd,,,,,,pass
R0204,S047,8370ca278cea407cbec9,lowrank,valid,pass,pass,pass,本输出逐项判断（未来编辑、原句信息、可读性）：PPP。Poles参与商业的状态保持。,Codex GPT-6 family; exact runtime model revision unavailable,substantive model semantic review; exposed to methods; not human or independent blind review,2026-09-27T16:31:49.090473+00:00,not_applicable,,9ec79b9fcb8481e743a30a2134c7aaf43f91682e7623d49eec37420170c79a64,,,,,,pass
R0376,S048,873462cbf7a3fa5aab89,lowrank,valid,pass,pass,pass,本输出逐项判断（未来编辑、原句信息、可读性）：PPP。大盘背景、股价下跌及交易疲软修饰保持。,Codex GPT-6 family; exact runtime model revision unavailable,substantive model semantic review; exposed to methods; not human or independent blind review,2026-09-27T16:31:49.090473+00:00,not_applicable,,46c4bf134ecfd9a737105adcb3957c75e6c3ce8d9bbaca3579b23ee0232bc4e3,,,,,,pass
R0286,S049,87601a26fcef3bbc71d5,lowrank,valid,pass,pass,pass,本输出逐项判断（未来编辑、原句信息、可读性）：PPP。重申东德对共产主义正统忠诚的角色保持；Shift移动also位置不改变含义。,Codex GPT-6 family; exact runtime model revision unavailable,substantive model semantic review; exposed to methods; not human or independent blind review,2026-09-27T16:31:49.090473+00:00,not_applicable,,fb8f7bdd7f482a8e4a1b92816afb05ee3d6554aa35ddf3b407afd562b63a3719,,,,,,pass
R0259,S050,8856afe27d562f46bbfc,lowrank,valid,pass,pass,pass,本输出逐项判断（未来编辑、原句信息、可读性）：PPP。Unifirst宣布2-for-1拆股的事件和比例保持。,Codex GPT-6 family; exact runtime model revision unavailable,substantive model semantic review; exposed to methods; not human or independent blind review,2026-09-27T16:31:49.090473+00:00,not_applicable,,076a2b556842bfd68914b37a8d4b09c4240062f2897cce3babce2e42e7ca58f3,,,,,,pass
R0340,S051,88e06b7c551541ac1df2,lowrank,valid,pass,pass,pass,本输出逐项判断（未来编辑、原句信息、可读性）：PPP。教师不是教育危机重要因素的否定范围保持。,Codex GPT-6 family; exact runtime model revision unavailable,substantive model semantic review; exposed to methods; not human or independent blind review,2026-09-27T16:31:49.090473+00:00,not_applicable,,580f5a642035427d70deaf422f7ea32907bccf64b2f6e76062529c64d8d07c3d,,,,,,pass
R0400,S052,8953419d735f40d8d89d,lowrank,invalid,fail,uncertain,fail,本输出逐项判断（未来编辑、原句信息、可读性）：FUF。参考help will find错误，编辑器均修复该局部结构，但if client will need仍有条件语义问题。,Codex GPT-6 family; exact runtime model revision unavailable,substantive model semantic review; exposed to methods; not human or independent blind review,2026-09-27T16:31:49.090473+00:00,not_applicable,input_reference_problem_or_uncertainty|tense_error|grammar_error,aa3186882c98abbc393c1797215a3e9acce17d8d2d9bd0ddc8e3452180647bec,,,,,,fail
R0397,S053,8ba33a2cbb0b7974e9bc,lowrank,uncertain,pass,uncertain,pass,本输出逐项判断（未来编辑、原句信息、可读性）：PUP。Blumenfeld、not fully understand及购买事件保留；理解变未来而购买仍过去的相对时间有疑问。,Codex GPT-6 family; exact runtime model revision unavailable,substantive model semantic review; exposed to methods; not human or independent blind review,2026-09-27T16:31:49.090473+00:00,not_applicable,input_reference_problem_or_uncertainty,2792ead05f25732bdffdd0eb17e4350e5f75ecdf1575eb55230e4962d1ecfd9d,,,,,,uncertain
R0322,S054,8c10bc049efd268802b7,lowrank,valid,pass,pass,pass,本输出逐项判断（未来编辑、原句信息、可读性）：PPP。两类拍卖参与令人失望，消息来自dealers的归属保持。,Codex GPT-6 family; exact runtime model revision unavailable,substantive model semantic review; exposed to methods; not human or independent blind review,2026-09-27T16:31:49.090473+00:00,not_applicable,,12b5395477fe03f9a40de4b468684b6731034f77bd99fad94ec884570f96b249,,,,,,pass
R0113,S055,910389535dd5f5d012bd,lowrank,valid,pass,pass,pass,本输出逐项判断（未来编辑、原句信息、可读性）：PPP。this not the case的否定判断保持。,Codex GPT-6 family; exact runtime model revision unavailable,substantive model semantic review; exposed to methods; not human or independent blind review,2026-09-27T16:31:49.090473+00:00,not_applicable,,4ef53f255645dd21af0be4d3ee09b953983283afbb2bf560887ba3a921eb046b,,,,,,pass
R0176,S056,9795738b20d2fd6f6524,lowrank,valid,pass,pass,pass,本输出逐项判断（未来编辑、原句信息、可读性）：PPP。政府承担经过计算风险的进行体和indeed保持。,Codex GPT-6 family; exact runtime model revision unavailable,substantive model semantic review; exposed to methods; not human or independent blind review,2026-09-27T16:31:49.090473+00:00,not_applicable,,953ccfadaf62eb3480829018921c10dd57873cdc8def0008fe722e18cb863a55,,,,,,pass
R0302,S057,981914b9bde07f8d9ae9,lowrank,valid,pass,pass,pass,本输出逐项判断（未来编辑、原句信息、可读性）：PPP。看起来像假日的状态及类比保持。,Codex GPT-6 family; exact runtime model revision unavailable,substantive model semantic review; exposed to methods; not human or independent blind review,2026-09-27T16:31:49.090473+00:00,not_applicable,,82ff1b75dcc33bbd45543a767af84d072a9b993c4b0359c8ff7b7744d31921da,,,,,,pass
R0198,S058,99b443974c38909debe1,lowrank,valid,pass,pass,pass,本输出逐项判断（未来编辑、原句信息、可读性）：PPP。按省略引号的引语读取，guess、naive状态及he报告事件均未来化，内容保留。,Codex GPT-6 family; exact runtime model revision unavailable,substantive model semantic review; exposed to methods; not human or independent blind review,2026-09-27T16:31:49.090473+00:00,not_applicable,,21470a8745153e39a039833477655a2ec42962ec963c2972989518bc26bad9e5,,,,,,pass
R0053,S059,9e71f72484cbe02b9f10,lowrank,valid,pass,pass,pass,本输出逐项判断（未来编辑、原句信息、可读性）：PPP。曼哈顿通勤优于平均及in other words连接保持。,Codex GPT-6 family; exact runtime model revision unavailable,substantive model semantic review; exposed to methods; not human or independent blind review,2026-09-27T16:31:49.090473+00:00,not_applicable,,916af3f6e3da834b713ffaa8a2196735e41a2bb9f189c011c5468953d39981a4,,,,,,pass
R0316,S060,a24fae91648c25bcefca,lowrank,valid,pass,pass,pass,本输出逐项判断（未来编辑、原句信息、可读性）：PPP。收入从1.1billion升到1.5billion的数量关系保持。,Codex GPT-6 family; exact runtime model revision unavailable,substantive model semantic review; exposed to methods; not human or independent blind review,2026-09-27T16:31:49.090473+00:00,not_applicable,,4ec08b9d07f6086f04c38e801f250aa7efe2a76f089cafe7e459386e66afb0d2,,,,,,pass
R0227,S061,a3d331285533d50fbc21,lowrank,valid,pass,uncertain,fail,本输出逐项判断（未来编辑、原句信息、可读性）：PUF。Shift把Harold Simmons从说话者改成兴趣对象并删除said事件；Lowrank在名字前多插will而破坏语法。,Codex GPT-6 family; exact runtime model revision unavailable,substantive model semantic review; exposed to methods; not human or independent blind review,2026-09-27T16:31:49.090473+00:00,not_applicable,grammar_error,447204440cc0b9c5fcf19880dd6ff12f849e7032dbf57e5fb3e90142f64f27e6,,,,,,fail
R0048,S062,a9266e9e3e4d69468937,lowrank,valid,pass,pass,pass,本输出逐项判断（未来编辑、原句信息、可读性）：PPP。11%收入增长及4.56、4.12billion两值保持。,Codex GPT-6 family; exact runtime model revision unavailable,substantive model semantic review; exposed to methods; not human or independent blind review,2026-09-27T16:31:49.090473+00:00,not_applicable,,a4afeea22d8a92b03936452fcf15dde03630af908f954ba7ea1ea43a2c87a4a3,,,,,,pass
R0388,S063,abe5307a5b8763aaef52,lowrank,valid,pass,pass,pass,本输出逐项判断（未来编辑、原句信息、可读性）：PPP。日本投资者避开抵押证券及因果连接保持。,Codex GPT-6 family; exact runtime model revision unavailable,substantive model semantic review; exposed to methods; not human or independent blind review,2026-09-27T16:31:49.090473+00:00,not_applicable,,7f630b5d65ab6af2131c29eb3fcbef83f4408cf3c23533c5dfbb174f579584b1,,,,,,pass
R0184,S064,b5c53710e92a0fc1bd52,lowrank,valid,pass,pass,pass,本输出逐项判断（未来编辑、原句信息、可读性）：PPP。收盘跌8.375至170、此前跌33至145，数值与先后背景保持。,Codex GPT-6 family; exact runtime model revision unavailable,substantive model semantic review; exposed to methods; not human or independent blind review,2026-09-27T16:31:49.090473+00:00,not_applicable,,fac5b3f05bd38bfa88407a46128bedd2cbdd329089f18cf8c79c216d905fbab0,,,,,,pass
R0036,S065,b7924afe97d24f1ba800,lowrank,invalid,fail,uncertain,pass,本输出逐项判断（未来编辑、原句信息、可读性）：FUP。once were原为曾经属于；编辑后的once future读法与过去关系冲突，不能把词序变化当等价。,Codex GPT-6 family; exact runtime model revision unavailable,substantive model semantic review; exposed to methods; not human or independent blind review,2026-09-27T16:31:49.090473+00:00,not_applicable,input_reference_problem_or_uncertainty|tense_error,add057155b4f8cdce179845d825adff96c3a1fbf9ee5fafb86a24f49bb6e3de1,,,,,,fail
R0233,S066,b868d1cdb3a863d99526,lowrank,invalid,fail,pass,fail,本输出逐项判断（未来编辑、原句信息、可读性）：FPF。Shift保留原问句但未作未来编辑；Lowrank在can't及to write内插will，语法错误。,Codex GPT-6 family; exact runtime model revision unavailable,substantive model semantic review; exposed to methods; not human or independent blind review,2026-09-27T16:31:49.090473+00:00,not_applicable,input_reference_problem_or_uncertainty|tense_error|grammar_error,cbd866ceefb0c994904bc4a956da634a8551f16090242ca82e4cbc69b1e3a453,,,,,,fail
R0267,S067,b8e2a759d215c523b3ae,lowrank,valid,pass,pass,pass,本输出逐项判断（未来编辑、原句信息、可读性）：PPP。Blumenfeld不独特的否定保持。,Codex GPT-6 family; exact runtime model revision unavailable,substantive model semantic review; exposed to methods; not human or independent blind review,2026-09-27T16:31:49.090473+00:00,not_applicable,,cee33ad0dde4cacf387bc66d2d4db029303d64c7a8328c05290e900e434314f7,,,,,,pass
R0186,S068,c14002357ae6cbe3621f,lowrank,valid,pass,pass,pass,本输出逐项判断（未来编辑、原句信息、可读性）：PPP。交易员承担大宗风险的从句及受到震动主句均未来化，角色保持。,Codex GPT-6 family; exact runtime model revision unavailable,substantive model semantic review; exposed to methods; not human or independent blind review,2026-09-27T16:31:49.090473+00:00,not_applicable,,a74be92ebac42739ffed3f2edc83c6338663a5458ec47ed0f2927e60b56c8f64,,,,,,pass
R0140,S069,c3354c381b91896d85e5,lowrank,valid,pass,pass,pass,本输出逐项判断（未来编辑、原句信息、可读性）：PPP。问题解决方案为限时毒丸，修饰和关系保持。,Codex GPT-6 family; exact runtime model revision unavailable,substantive model semantic review; exposed to methods; not human or independent blind review,2026-09-27T16:31:49.090473+00:00,not_applicable,,f6a1de53ffba087305b15b430fb2c42b9eaefd0abdfa534fe8e3a2147eea0a4c,,,,,,pass
R0193,S070,c45c9dfceaa5e495b326,lowrank,valid,pass,pass,pass,本输出逐项判断（未来编辑、原句信息、可读性）：PPP。存在更多波动的数量比较和to come保留。,Codex GPT-6 family; exact runtime model revision unavailable,substantive model semantic review; exposed to methods; not human or independent blind review,2026-09-27T16:31:49.090473+00:00,not_applicable,,c964aee7d31dc51a06e4e2bf971c911b56b0b261d0fc5f0cfcd1f9819352ff68,,,,,,pass
R0166,S071,c489e6e4026faf6daaf2,lowrank,invalid,fail,pass,uncertain,本输出逐项判断（未来编辑、原句信息、可读性）：FPU。源句be的省略补语依赖前文，可读性不确定；参考need not will错误，两编辑器原样返回而未编辑。,Codex GPT-6 family; exact runtime model revision unavailable,substantive model semantic review; exposed to methods; not human or independent blind review,2026-09-27T16:31:49.090473+00:00,not_applicable,input_reference_problem_or_uncertainty|tense_error,c489e6e4026faf6daaf2b8deaea5a2a7225f79230efdd2f28797beb1b6956eee,,,,,,fail
R0165,S072,c5e858e49566eae3186d,lowrank,valid,pass,fail,pass,本输出逐项判断（未来编辑、原句信息、可读性）：PFP。Suntory在Japan分销Brown-Forman波旁酒；Shift生成distory及重复will，Lowrank把distribute改成distill，句法成立但从分销变为蒸馏制造。,Codex GPT-6 family; exact runtime model revision unavailable,substantive model semantic review; exposed to methods; not human or independent blind review,2026-09-27T16:31:49.090473+00:00,not_applicable,information_or_event_error|event_substitution,4effccaef5e8a41db9fdaecf0e2fa5464cbe313056fe60a93ce0b08c41a29f27,,,,,,fail
R0059,S073,c6c23c8dddb9cd6c464d,lowrank,valid,pass,pass,pass,本输出逐项判断（未来编辑、原句信息、可读性）：PPP。others不介意新危机产生的否定及still保持；Shift将still移到be前是自然等价措辞。,Codex GPT-6 family; exact runtime model revision unavailable,substantive model semantic review; exposed to methods; not human or independent blind review,2026-09-27T16:31:49.090473+00:00,not_applicable,,27d324d83a2a1e31d5537a7328d1d531b84464117b294e2dab950af5f729bb19,,,,,,pass
R0311,S074,c82c91dc49575f7c52a7,lowrank,invalid,fail,uncertain,pass,本输出逐项判断（未来编辑、原句信息、可读性）：FUP。can不等于明确将来时，且可能改变could模态；Shift叠加will can进一步破坏语法。,Codex GPT-6 family; exact runtime model revision unavailable,substantive model semantic review; exposed to methods; not human or independent blind review,2026-09-27T16:31:49.090473+00:00,not_applicable,input_reference_problem_or_uncertainty|tense_error,6b113f1c4028262cef8c9d238098231541a2ea4c0493a4b660ca32d6459f8c78,,,,,,fail
R0147,S075,c90a7cacb2e48118fbd1,lowrank,valid,pass,pass,pass,本输出逐项判断（未来编辑、原句信息、可读性）：PPP。11%、8billion、7.2billion三项数字关系保持。,Codex GPT-6 family; exact runtime model revision unavailable,substantive model semantic review; exposed to methods; not human or independent blind review,2026-09-27T16:31:49.090473+00:00,not_applicable,,65f81ce795b9646d16a30f5e371ad47995aac42833b784837fed8f31a41039ed,,,,,,pass
R0299,S076,ca8468018b7f7d5b6890,lowrank,valid,pass,pass,pass,本输出逐项判断（未来编辑、原句信息、可读性）：PPP。交易需要监管及股东两种批准均保持。,Codex GPT-6 family; exact runtime model revision unavailable,substantive model semantic review; exposed to methods; not human or independent blind review,2026-09-27T16:31:49.090473+00:00,not_applicable,,3759d8cd9e3e10e51710a1a01576c70d083943360dcc12b7251a4ae9bd2be8c8,,,,,,pass
R0196,S077,ca8b834e142c06da491d,lowrank,valid,pass,pass,pass,本输出逐项判断（未来编辑、原句信息、可读性）：PPP。文章充满outrageous distortions及unfortunately评价保持，位置变化不影响可读性。,Codex GPT-6 family; exact runtime model revision unavailable,substantive model semantic review; exposed to methods; not human or independent blind review,2026-09-27T16:31:49.090473+00:00,not_applicable,,e402f4ec8b90b43d3508cb650cfe0e6c017e7527b20aae51255a0aa600678d32,,,,,,pass
R0314,S078,cb29e235f00719277abc,lowrank,invalid,pass,pass,pass,本输出逐项判断（未来编辑、原句信息、可读性）：PPP。还原复制参考will settled错误；两编辑器均修正为will settle且1014/ton和13保留。,Codex GPT-6 family; exact runtime model revision unavailable,substantive model semantic review; exposed to methods; not human or independent blind review,2026-09-27T16:31:49.090473+00:00,not_applicable,input_reference_problem_or_uncertainty,493ba269489636d9dd65ffaab8c175a90af398b564db336b50d03ae68b93a3fb,,,,,,pass
R0079,S079,cc1e8e0bbb82bdccdf0e,lowrank,valid,pass,pass,pass,本输出逐项判断（未来编辑、原句信息、可读性）：PPP。朗姆出口54%、814000及proof gallons单位保持。,Codex GPT-6 family; exact runtime model revision unavailable,substantive model semantic review; exposed to methods; not human or independent blind review,2026-09-27T16:31:49.090473+00:00,not_applicable,,507207b129a498e7a24750e05106a2cc5632f534defc0a9a31d3c962e6108e52,,,,,,pass
R0148,S080,d042220c5cbc26f99e36,lowrank,invalid,fail,pass,fail,本输出逐项判断（未来编辑、原句信息、可读性）：FPF。New Jersey受请求接受300000并拒绝；Shift改为will refuse，Lowrank同参考留下refused。,Codex GPT-6 family; exact runtime model revision unavailable,substantive model semantic review; exposed to methods; not human or independent blind review,2026-09-27T16:31:49.090473+00:00,not_applicable,input_reference_problem_or_uncertainty|tense_error|grammar_error,ce14b1edf13f3f1b0d4132ee2b3e062fbf1d19978543e8838d17ded39fe4c21a,,,,,,fail
R0235,S081,d172becfce68a12103e2,lowrank,valid,pass,pass,pass,本输出逐项判断（未来编辑、原句信息、可读性）：PPP。Vinson估计及行业收入接近200million两个谓词均未来化，归属保持。,Codex GPT-6 family; exact runtime model revision unavailable,substantive model semantic review; exposed to methods; not human or independent blind review,2026-09-27T16:31:49.090473+00:00,not_applicable,,6b6424e27ab42fdd44143919ee4d0f26ed1b01fa192677d30c848c08d28b0bdd,,,,,,pass
R0018,S082,d1e80aafd9107094b3dd,lowrank,uncertain,uncertain,pass,pass,本输出逐项判断（未来编辑、原句信息、可读性）：UPP。听证、Nov.3及accords保持；安排与举行的时间关系缺少锚点。,Codex GPT-6 family; exact runtime model revision unavailable,substantive model semantic review; exposed to methods; not human or independent blind review,2026-09-27T16:31:49.090473+00:00,not_applicable,input_reference_problem_or_uncertainty,e2820ba1ca1b9fe912947f2a5c64045d6b19dd0626887dc38761079fe6b44e03,,,,,,uncertain
R0106,S083,d2fc7e82a1522b104df5,lowrank,valid,pass,pass,pass,本输出逐项判断（未来编辑、原句信息、可读性）：PPP。不知道所有公交车所在的否定与范围保持；where buses will be明确同时未来，并非新增事件。,Codex GPT-6 family; exact runtime model revision unavailable,substantive model semantic review; exposed to methods; not human or independent blind review,2026-09-27T16:31:49.090473+00:00,not_applicable,,c91d28e665e61b083badf2fa84d15c986e3c00142c0f14435c267b390b5ead89,,,,,,pass
R0173,S084,d3ca51ca6148de2e4327,lowrank,valid,pass,pass,pass,本输出逐项判断（未来编辑、原句信息、可读性）：PPP。Freddie Mac、9%、97又21/32及升5/32均保持。,Codex GPT-6 family; exact runtime model revision unavailable,substantive model semantic review; exposed to methods; not human or independent blind review,2026-09-27T16:31:49.090473+00:00,not_applicable,,0fb6793334e9c8b8dfbebaea1df536daffbab874325999f8321dedf86cde8221,,,,,,pass
R0254,S085,d93acd16d367bfb856ef,lowrank,valid,pass,pass,pass,本输出逐项判断（未来编辑、原句信息、可读性）：PPP。交易员报告及program traders精密计算购买的被动角色均保持。,Codex GPT-6 family; exact runtime model revision unavailable,substantive model semantic review; exposed to methods; not human or independent blind review,2026-09-27T16:31:49.090473+00:00,not_applicable,,561e5187bfbf0d09c860aac5db5fee7717b6d6ff2ae018c0e8040a818f204115,,,,,,pass
R0146,S086,df4a38f1c7ea9c06054c,lowrank,uncertain,uncertain,pass,pass,本输出逐项判断（未来编辑、原句信息、可读性）：UPP。1987起40州提高乡村州际公路限速均保留；未来完成式的截止时间未交代。,Codex GPT-6 family; exact runtime model revision unavailable,substantive model semantic review; exposed to methods; not human or independent blind review,2026-09-27T16:31:49.090473+00:00,not_applicable,input_reference_problem_or_uncertainty,5c1b00097aa53a643a451fd67ff3507609d45ac83d0325b5d18872b6574d6950,,,,,,uncertain
R0363,S087,dfa19e10593034e35d3a,lowrank,valid,pass,pass,pass,本输出逐项判断（未来编辑、原句信息、可读性）：PPP。所有人的手指离按钮更近一英寸，主体、单位及比较保持。,Codex GPT-6 family; exact runtime model revision unavailable,substantive model semantic review; exposed to methods; not human or independent blind review,2026-09-27T16:31:49.090473+00:00,not_applicable,,11980b9e70b98103998e0e83d3fbce17fbe1f75fb3eb650c7eff7486d68a543b,,,,,,pass
R0396,S088,e0a75d17d4b51f632048,lowrank,valid,fail,fail,pass,本输出逐项判断（未来编辑、原句信息、可读性）：FFP。四路径均把终价43又7/8改为43又7/7；源还原另重复to43，两编辑器还保留过去tumbled。,Codex GPT-6 family; exact runtime model revision unavailable,substantive model semantic review; exposed to methods; not human or independent blind review,2026-09-27T16:31:49.090473+00:00,not_applicable,tense_error|information_or_event_error|number_error,1e0de05290a56bd6a5b66d0e1aa4b1afabd364c0bbfae6053a71f204d887e444,,,,,,fail
R0026,S089,e0d37884dd5c7be52b3c,lowrank,valid,pass,pass,pass,本输出逐项判断（未来编辑、原句信息、可读性）：PPP。Reebok报告和Fireman接任president的身份与关系保持，原有从句will不变。,Codex GPT-6 family; exact runtime model revision unavailable,substantive model semantic review; exposed to methods; not human or independent blind review,2026-09-27T16:31:49.090473+00:00,not_applicable,,e5247b9591355e6908d59457bfc5046e5d2c3b191cfd5bc64b94e9b7c9d79548,,,,,,pass
R0328,S090,e1e18dd661b16122cc45,lowrank,valid,pass,pass,pass,本输出逐项判断（未来编辑、原句信息、可读性）：PPP。未来可能性及进一步研究揭示偏差的关系保持，however插入位置不作事实错误。,Codex GPT-6 family; exact runtime model revision unavailable,substantive model semantic review; exposed to methods; not human or independent blind review,2026-09-27T16:31:49.090473+00:00,not_applicable,,0f2d6590a90f4c867d9f8f6b0314ad1ca3742c90ad402e6136ca113afe71a64f,,,,,,pass
R0212,S091,e4112927f5e4aeeafa02,lowrank,valid,pass,pass,pass,本输出逐项判断（未来编辑、原句信息、可读性）：PPP。棋类语境少一子的computer认输，a piece down与主语关系保持。,Codex GPT-6 family; exact runtime model revision unavailable,substantive model semantic review; exposed to methods; not human or independent blind review,2026-09-27T16:31:49.090473+00:00,not_applicable,,bdec1f404766ca2cc33441645f0135e97947cc816712ddbe46148b589bdb5f12,,,,,,pass
R0122,S092,e5900e1b99ae6d063419,lowrank,valid,pass,pass,pass,本输出逐项判断（未来编辑、原句信息、可读性）：PPP。银行财务稳健及作为现实的两个陈述均未来化，内容保留。,Codex GPT-6 family; exact runtime model revision unavailable,substantive model semantic review; exposed to methods; not human or independent blind review,2026-09-27T16:31:49.090473+00:00,not_applicable,,79c667edb04b2488e4f14fb2ef3a06a797c8a248455797bedac23a8d72da284f,,,,,,pass
R0105,S093,e71af41acddc22f8a38e,lowrank,valid,pass,pass,pass,本输出逐项判断（未来编辑、原句信息、可读性）：PPP。Shift保留主体内容后额外续写he will be，新增无补语片段；Lowrank保持无理由相信与报告关系。,Codex GPT-6 family; exact runtime model revision unavailable,substantive model semantic review; exposed to methods; not human or independent blind review,2026-09-27T16:31:49.090473+00:00,not_applicable,,5fae764842e3d9ac92772221156a76f27af556bce7e7d904e76476f010755e75,,,,,,pass
R0141,S094,eb35d1a90eca8b1034db,lowrank,uncertain,fail,pass,uncertain,本输出逐项判断（未来编辑、原句信息、可读性）：FPU。so省略前文谓词，独立意义和可读性不确定；Lowrank保留would而未编辑。,Codex GPT-6 family; exact runtime model revision unavailable,substantive model semantic review; exposed to methods; not human or independent blind review,2026-09-27T16:31:49.090473+00:00,not_applicable,input_reference_problem_or_uncertainty|tense_error,eb35d1a90eca8b1034dbce7dbdf1966aa57ba0904ace04664dcc2391458b8622,,,,,,fail
R0385,S095,ebb5c8a9f8c7f5801b3a,lowrank,valid,pass,pass,pass,本输出逐项判断（未来编辑、原句信息、可读性）：PPP。收入从1.01billion至1.1billion的起终值保持。,Codex GPT-6 family; exact runtime model revision unavailable,substantive model semantic review; exposed to methods; not human or independent blind review,2026-09-27T16:31:49.090473+00:00,not_applicable,,88bcc3e44f18249897ad71b34a66e3de6aa9069c8f179df283b168369bf66bfb,,,,,,pass
R0295,S096,f2e7146c4bca84457882,lowrank,valid,pass,pass,pass,本输出逐项判断（未来编辑、原句信息、可读性）：PPP。系统工作方式的关系及两个谓词未来转换保持。,Codex GPT-6 family; exact runtime model revision unavailable,substantive model semantic review; exposed to methods; not human or independent blind review,2026-09-27T16:31:49.090473+00:00,not_applicable,,a5dc6c10f2c4e2a596225850eae0e6f88aa11f731ddfcd685b7a44c8d30aaf1d,,,,,,pass
R0380,S097,f38da1c670ed1ee2f337,lowrank,invalid,fail,uncertain,fail,本输出逐项判断（未来编辑、原句信息、可读性）：FUF。普通if there is条件应保留标准条件读法，if there will be机械转换有语法/条件含义问题。,Codex GPT-6 family; exact runtime model revision unavailable,substantive model semantic review; exposed to methods; not human or independent blind review,2026-09-27T16:31:49.090473+00:00,not_applicable,input_reference_problem_or_uncertainty|tense_error|grammar_error,ae291dedb8900bfd5746be13f3931b783c9b3268452e917a4a56060003164240,,,,,,fail
R0007,S098,f5faeb345a0341417d3d,lowrank,valid,pass,pass,pass,本输出逐项判断（未来编辑、原句信息、可读性）：PPP。no other的排除范围、图形性能和价格关系保持。,Codex GPT-6 family; exact runtime model revision unavailable,substantive model semantic review; exposed to methods; not human or independent blind review,2026-09-27T16:31:49.090473+00:00,not_applicable,,14f364ba3502ef9de00287e4180714aa6f73e419dd1b149813b824ffe6494552,,,,,,pass
R0004,S099,fa3541c8ce5108de55ed,lowrank,valid,pass,pass,pass,本输出逐项判断（未来编辑、原句信息、可读性）：PPP。化工利润从98million跌至78million保持。,Codex GPT-6 family; exact runtime model revision unavailable,substantive model semantic review; exposed to methods; not human or independent blind review,2026-09-27T16:31:49.090473+00:00,not_applicable,,950ebf011ef269c047ee126f2b25ca3a320fe892fb1f9a039dae8ef2c7bfbc10,,,,,,pass
R0098,S100,fb195f183d72c787641a,lowrank,valid,pass,pass,pass,本输出逐项判断（未来编辑、原句信息、可读性）：PPP。像驾车看事故的类比和非限定背景保持，主句was转will be。,Codex GPT-6 family; exact runtime model revision unavailable,substantive model semantic review; exposed to methods; not human or independent blind review,2026-09-27T16:31:49.090473+00:00,not_applicable,,4ffc20b7ef3ba5ca28a66f81e0f23464ec1f9a9ea82951f7a9befa0cac362edb,,,,,,pass
