seed,condition,update,test,source,initial_state,a,current_state,b,target_state,n,first,endpoint2,full2,conditional_next
42,T0,0,iid,fixed_T0,-3,minus,-2,minus,-1,32,32,0,0,0.0
42,T0,0,iid,fixed_T0,-3,minus,-2,plus,-3,32,32,0,0,0.0
42,T0,0,iid,fixed_T0,-2,minus,-1,minus,0,32,32,0,0,0.0
42,T0,0,iid,fixed_T0,-2,minus,-1,plus,-2,32,32,0,0,0.0
42,T0,0,iid,fixed_T0,-2,plus,-3,minus,-2,32,32,0,0,0.0
42,T0,0,iid,fixed_T0,-1,minus,0,minus,1,32,32,0,0,0.0
42,T0,0,iid,fixed_T0,-1,minus,0,plus,-1,32,32,0,0,0.0
42,T0,0,iid,fixed_T0,-1,plus,-2,minus,-1,32,32,0,0,0.0
42,T0,0,iid,fixed_T0,-1,plus,-2,plus,-3,32,32,0,0,0.0
42,T0,0,iid,fixed_T0,0,minus,1,minus,2,32,32,0,0,0.0
42,T0,0,iid,fixed_T0,0,minus,1,plus,0,32,32,0,0,0.0
42,T0,0,iid,fixed_T0,0,plus,-1,minus,0,32,32,0,0,0.0
42,T0,0,iid,fixed_T0,0,plus,-1,plus,-2,32,32,0,0,0.0
42,T0,0,iid,fixed_T0,1,minus,2,minus,3,32,32,0,0,0.0
42,T0,0,iid,fixed_T0,1,minus,2,plus,1,32,32,0,0,0.0
42,T0,0,iid,fixed_T0,1,plus,0,minus,1,32,32,0,0,0.0
42,T0,0,iid,fixed_T0,1,plus,0,plus,-1,32,32,0,0,0.0
42,T0,0,iid,fixed_T0,2,minus,3,plus,2,32,32,0,0,0.0
42,T0,0,iid,fixed_T0,2,plus,1,minus,2,32,32,0,0,0.0
42,T0,0,iid,fixed_T0,2,plus,1,plus,0,32,32,0,0,0.0
42,T0,0,iid,fixed_T0,3,plus,2,minus,3,32,32,0,0,0.0
42,T0,0,iid,fixed_T0,3,plus,2,plus,1,32,32,0,0,0.0
42,T0,0,ood,fixed_T0,-3,minus,-2,minus,-1,32,32,0,0,0.0
42,T0,0,ood,fixed_T0,-3,minus,-2,plus,-3,32,32,0,0,0.0
42,T0,0,ood,fixed_T0,-2,minus,-1,minus,0,32,32,0,0,0.0
42,T0,0,ood,fixed_T0,-2,minus,-1,plus,-2,32,32,0,0,0.0
42,T0,0,ood,fixed_T0,-2,plus,-3,minus,-2,32,32,0,0,0.0
42,T0,0,ood,fixed_T0,-1,minus,0,minus,1,32,0,0,0,
42,T0,0,ood,fixed_T0,-1,minus,0,plus,-1,32,0,0,0,
42,T0,0,ood,fixed_T0,-1,plus,-2,minus,-1,32,32,0,0,0.0
42,T0,0,ood,fixed_T0,-1,plus,-2,plus,-3,32,32,0,0,0.0
42,T0,0,ood,fixed_T0,0,minus,1,minus,2,32,0,0,0,
42,T0,0,ood,fixed_T0,0,minus,1,plus,0,32,0,0,0,
42,T0,0,ood,fixed_T0,0,plus,-1,minus,0,32,0,0,0,
42,T0,0,ood,fixed_T0,0,plus,-1,plus,-2,32,0,0,0,
42,T0,0,ood,fixed_T0,1,minus,2,minus,3,32,32,0,0,0.0
42,T0,0,ood,fixed_T0,1,minus,2,plus,1,32,32,0,0,0.0
42,T0,0,ood,fixed_T0,1,plus,0,minus,1,32,0,0,0,
42,T0,0,ood,fixed_T0,1,plus,0,plus,-1,32,0,0,0,
42,T0,0,ood,fixed_T0,2,minus,3,plus,2,32,32,0,0,0.0
42,T0,0,ood,fixed_T0,2,plus,1,minus,2,32,0,0,0,
42,T0,0,ood,fixed_T0,2,plus,1,plus,0,32,0,0,0,
42,T0,0,ood,fixed_T0,3,plus,2,minus,3,32,32,0,0,0.0
42,T0,0,ood,fixed_T0,3,plus,2,plus,1,32,32,0,0,0.0
42,T0,0,iid,U,-3,minus,-2,minus,-1,32,32,0,0,0.0
42,T0,0,iid,U,-3,minus,-2,plus,-3,32,32,0,0,0.0
42,T0,0,iid,U,-2,minus,-1,minus,0,32,32,0,0,0.0
42,T0,0,iid,U,-2,minus,-1,plus,-2,32,32,12,12,0.375
42,T0,0,iid,U,-2,plus,-3,minus,-2,32,32,0,0,0.0
42,T0,0,iid,U,-1,minus,0,minus,1,32,32,0,0,0.0
42,T0,0,iid,U,-1,minus,0,plus,-1,32,32,0,0,0.0
42,T0,0,iid,U,-1,plus,-2,minus,-1,32,32,0,0,0.0
42,T0,0,iid,U,-1,plus,-2,plus,-3,32,32,0,0,0.0
42,T0,0,iid,U,0,minus,1,minus,2,32,32,0,0,0.0
42,T0,0,iid,U,0,minus,1,plus,0,32,32,0,0,0.0
42,T0,0,iid,U,0,plus,-1,minus,0,32,32,0,0,0.0
42,T0,0,iid,U,0,plus,-1,plus,-2,32,32,0,0,0.0
42,T0,0,iid,U,1,minus,2,minus,3,32,32,0,0,0.0
42,T0,0,iid,U,1,minus,2,plus,1,32,32,0,0,0.0
42,T0,0,iid,U,1,plus,0,minus,1,32,32,0,0,0.0
42,T0,0,iid,U,1,plus,0,plus,-1,32,32,0,0,0.0
42,T0,0,iid,U,2,minus,3,plus,2,32,32,0,0,0.0
42,T0,0,iid,U,2,plus,1,minus,2,32,32,0,0,0.0
42,T0,0,iid,U,2,plus,1,plus,0,32,32,0,0,0.0
42,T0,0,iid,U,3,plus,2,minus,3,32,32,0,0,0.0
42,T0,0,iid,U,3,plus,2,plus,1,32,32,0,0,0.0
42,T0,0,ood,U,-3,minus,-2,minus,-1,32,32,0,0,0.0
42,T0,0,ood,U,-3,minus,-2,plus,-3,32,32,0,0,0.0
42,T0,0,ood,U,-2,minus,-1,minus,0,32,16,0,0,0.0
42,T0,0,ood,U,-2,minus,-1,plus,-2,32,16,0,0,0.0
42,T0,0,ood,U,-2,plus,-3,minus,-2,32,32,0,0,0.0
42,T0,0,ood,U,-1,minus,0,minus,1,32,0,0,0,
42,T0,0,ood,U,-1,minus,0,plus,-1,32,0,0,0,
42,T0,0,ood,U,-1,plus,-2,minus,-1,32,30,0,0,0.0
42,T0,0,ood,U,-1,plus,-2,plus,-3,32,30,0,0,0.0
42,T0,0,ood,U,0,minus,1,minus,2,32,0,0,0,
42,T0,0,ood,U,0,minus,1,plus,0,32,0,0,0,
42,T0,0,ood,U,0,plus,-1,minus,0,32,0,0,0,
42,T0,0,ood,U,0,plus,-1,plus,-2,32,0,0,0,
42,T0,0,ood,U,1,minus,2,minus,3,32,32,0,0,0.0
42,T0,0,ood,U,1,minus,2,plus,1,32,32,0,0,0.0
42,T0,0,ood,U,1,plus,0,minus,1,32,0,0,0,
42,T0,0,ood,U,1,plus,0,plus,-1,32,0,0,0,
42,T0,0,ood,U,2,minus,3,plus,2,32,32,30,30,0.9375
42,T0,0,ood,U,2,plus,1,minus,2,32,0,0,0,
42,T0,0,ood,U,2,plus,1,plus,0,32,0,0,0,
42,T0,0,ood,U,3,plus,2,minus,3,32,32,0,0,0.0
42,T0,0,ood,U,3,plus,2,plus,1,32,32,0,0,0.0
42,T0,0,iid,self,-3,minus,-2,minus,-1,32,32,0,0,0.0
42,T0,0,iid,self,-3,minus,-2,plus,-3,32,32,0,0,0.0
42,T0,0,iid,self,-2,minus,-1,minus,0,32,32,0,0,0.0
42,T0,0,iid,self,-2,minus,-1,plus,-2,32,32,0,0,0.0
42,T0,0,iid,self,-2,plus,-3,minus,-2,32,32,0,0,0.0
42,T0,0,iid,self,-1,minus,0,minus,1,32,32,0,0,0.0
42,T0,0,iid,self,-1,minus,0,plus,-1,32,32,0,0,0.0
42,T0,0,iid,self,-1,plus,-2,minus,-1,32,32,0,0,0.0
42,T0,0,iid,self,-1,plus,-2,plus,-3,32,32,0,0,0.0
42,T0,0,iid,self,0,minus,1,minus,2,32,32,0,0,0.0
42,T0,0,iid,self,0,minus,1,plus,0,32,32,0,0,0.0
42,T0,0,iid,self,0,plus,-1,minus,0,32,32,0,0,0.0
42,T0,0,iid,self,0,plus,-1,plus,-2,32,32,0,0,0.0
42,T0,0,iid,self,1,minus,2,minus,3,32,32,0,0,0.0
42,T0,0,iid,self,1,minus,2,plus,1,32,32,0,0,0.0
42,T0,0,iid,self,1,plus,0,minus,1,32,32,0,0,0.0
42,T0,0,iid,self,1,plus,0,plus,-1,32,32,0,0,0.0
42,T0,0,iid,self,2,minus,3,plus,2,32,32,0,0,0.0
42,T0,0,iid,self,2,plus,1,minus,2,32,32,0,0,0.0
42,T0,0,iid,self,2,plus,1,plus,0,32,32,0,0,0.0
42,T0,0,iid,self,3,plus,2,minus,3,32,32,0,0,0.0
42,T0,0,iid,self,3,plus,2,plus,1,32,32,0,0,0.0
42,T0,0,ood,self,-3,minus,-2,minus,-1,32,32,0,0,0.0
42,T0,0,ood,self,-3,minus,-2,plus,-3,32,32,0,0,0.0
42,T0,0,ood,self,-2,minus,-1,minus,0,32,32,0,0,0.0
42,T0,0,ood,self,-2,minus,-1,plus,-2,32,32,0,0,0.0
42,T0,0,ood,self,-2,plus,-3,minus,-2,32,32,0,0,0.0
42,T0,0,ood,self,-1,minus,0,minus,1,32,0,0,0,
42,T0,0,ood,self,-1,minus,0,plus,-1,32,0,0,0,
42,T0,0,ood,self,-1,plus,-2,minus,-1,32,32,0,0,0.0
42,T0,0,ood,self,-1,plus,-2,plus,-3,32,32,0,0,0.0
42,T0,0,ood,self,0,minus,1,minus,2,32,0,0,0,
42,T0,0,ood,self,0,minus,1,plus,0,32,0,0,0,
42,T0,0,ood,self,0,plus,-1,minus,0,32,0,0,0,
42,T0,0,ood,self,0,plus,-1,plus,-2,32,0,0,0,
42,T0,0,ood,self,1,minus,2,minus,3,32,32,0,0,0.0
42,T0,0,ood,self,1,minus,2,plus,1,32,32,0,0,0.0
42,T0,0,ood,self,1,plus,0,minus,1,32,0,0,0,
42,T0,0,ood,self,1,plus,0,plus,-1,32,0,0,0,
42,T0,0,ood,self,2,minus,3,plus,2,32,32,0,0,0.0
42,T0,0,ood,self,2,plus,1,minus,2,32,0,0,0,
42,T0,0,ood,self,2,plus,1,plus,0,32,0,0,0,
42,T0,0,ood,self,3,plus,2,minus,3,32,32,0,0,0.0
42,T0,0,ood,self,3,plus,2,plus,1,32,32,0,0,0.0
42,T0,0,iid,gold_reencode,-3,minus,-2,minus,-1,32,32,32,32,1.0
42,T0,0,iid,gold_reencode,-3,minus,-2,plus,-3,32,32,32,32,1.0
42,T0,0,iid,gold_reencode,-2,minus,-1,minus,0,32,32,32,32,1.0
42,T0,0,iid,gold_reencode,-2,minus,-1,plus,-2,32,32,32,32,1.0
42,T0,0,iid,gold_reencode,-2,plus,-3,minus,-2,32,32,32,32,1.0
42,T0,0,iid,gold_reencode,-1,minus,0,minus,1,32,32,32,32,1.0
42,T0,0,iid,gold_reencode,-1,minus,0,plus,-1,32,32,32,32,1.0
42,T0,0,iid,gold_reencode,-1,plus,-2,minus,-1,32,32,32,32,1.0
42,T0,0,iid,gold_reencode,-1,plus,-2,plus,-3,32,32,32,32,1.0
42,T0,0,iid,gold_reencode,0,minus,1,minus,2,32,32,32,32,1.0
42,T0,0,iid,gold_reencode,0,minus,1,plus,0,32,32,32,32,1.0
42,T0,0,iid,gold_reencode,0,plus,-1,minus,0,32,32,32,32,1.0
42,T0,0,iid,gold_reencode,0,plus,-1,plus,-2,32,32,32,32,1.0
42,T0,0,iid,gold_reencode,1,minus,2,minus,3,32,32,32,32,1.0
42,T0,0,iid,gold_reencode,1,minus,2,plus,1,32,32,32,32,1.0
42,T0,0,iid,gold_reencode,1,plus,0,minus,1,32,32,32,32,1.0
42,T0,0,iid,gold_reencode,1,plus,0,plus,-1,32,32,32,32,1.0
42,T0,0,iid,gold_reencode,2,minus,3,plus,2,32,32,32,32,1.0
42,T0,0,iid,gold_reencode,2,plus,1,minus,2,32,32,32,32,1.0
42,T0,0,iid,gold_reencode,2,plus,1,plus,0,32,32,32,32,1.0
42,T0,0,iid,gold_reencode,3,plus,2,minus,3,32,32,32,32,1.0
42,T0,0,iid,gold_reencode,3,plus,2,plus,1,32,32,32,32,1.0
42,T0,0,ood,gold_reencode,-3,minus,-2,minus,-1,32,32,32,32,1.0
42,T0,0,ood,gold_reencode,-3,minus,-2,plus,-3,32,32,32,32,1.0
42,T0,0,ood,gold_reencode,-2,minus,-1,minus,0,32,32,0,0,0.0
42,T0,0,ood,gold_reencode,-2,minus,-1,plus,-2,32,32,32,32,1.0
42,T0,0,ood,gold_reencode,-2,plus,-3,minus,-2,32,32,32,32,1.0
42,T0,0,ood,gold_reencode,-1,minus,0,minus,1,32,0,0,0,
42,T0,0,ood,gold_reencode,-1,minus,0,plus,-1,32,0,0,0,
42,T0,0,ood,gold_reencode,-1,plus,-2,minus,-1,32,32,32,32,1.0
42,T0,0,ood,gold_reencode,-1,plus,-2,plus,-3,32,32,32,32,1.0
42,T0,0,ood,gold_reencode,0,minus,1,minus,2,32,0,32,0,
42,T0,0,ood,gold_reencode,0,minus,1,plus,0,32,0,0,0,
42,T0,0,ood,gold_reencode,0,plus,-1,minus,0,32,0,0,0,
42,T0,0,ood,gold_reencode,0,plus,-1,plus,-2,32,0,32,0,
42,T0,0,ood,gold_reencode,1,minus,2,minus,3,32,32,32,32,1.0
42,T0,0,ood,gold_reencode,1,minus,2,plus,1,32,32,0,0,0.0
42,T0,0,ood,gold_reencode,1,plus,0,minus,1,32,0,0,0,
42,T0,0,ood,gold_reencode,1,plus,0,plus,-1,32,0,0,0,
42,T0,0,ood,gold_reencode,2,minus,3,plus,2,32,32,32,32,1.0
42,T0,0,ood,gold_reencode,2,plus,1,minus,2,32,0,32,0,
42,T0,0,ood,gold_reencode,2,plus,1,plus,0,32,0,0,0,
42,T0,0,ood,gold_reencode,3,plus,2,minus,3,32,32,32,32,1.0
42,T0,0,ood,gold_reencode,3,plus,2,plus,1,32,32,0,0,0.0
42,T0,0,iid,actual_reencode,-3,minus,-2,minus,-1,32,32,32,32,1.0
42,T0,0,iid,actual_reencode,-3,minus,-2,plus,-3,32,32,32,32,1.0
42,T0,0,iid,actual_reencode,-2,minus,-1,minus,0,32,32,32,32,1.0
42,T0,0,iid,actual_reencode,-2,minus,-1,plus,-2,32,32,32,32,1.0
42,T0,0,iid,actual_reencode,-2,plus,-3,minus,-2,32,32,32,32,1.0
42,T0,0,iid,actual_reencode,-1,minus,0,minus,1,32,32,32,32,1.0
42,T0,0,iid,actual_reencode,-1,minus,0,plus,-1,32,32,32,32,1.0
42,T0,0,iid,actual_reencode,-1,plus,-2,minus,-1,32,32,32,32,1.0
42,T0,0,iid,actual_reencode,-1,plus,-2,plus,-3,32,32,32,32,1.0
42,T0,0,iid,actual_reencode,0,minus,1,minus,2,32,32,32,32,1.0
42,T0,0,iid,actual_reencode,0,minus,1,plus,0,32,32,32,32,1.0
42,T0,0,iid,actual_reencode,0,plus,-1,minus,0,32,32,32,32,1.0
42,T0,0,iid,actual_reencode,0,plus,-1,plus,-2,32,32,32,32,1.0
42,T0,0,iid,actual_reencode,1,minus,2,minus,3,32,32,32,32,1.0
42,T0,0,iid,actual_reencode,1,minus,2,plus,1,32,32,32,32,1.0
42,T0,0,iid,actual_reencode,1,plus,0,minus,1,32,32,32,32,1.0
42,T0,0,iid,actual_reencode,1,plus,0,plus,-1,32,32,32,32,1.0
42,T0,0,iid,actual_reencode,2,minus,3,plus,2,32,32,32,32,1.0
42,T0,0,iid,actual_reencode,2,plus,1,minus,2,32,32,32,32,1.0
42,T0,0,iid,actual_reencode,2,plus,1,plus,0,32,32,32,32,1.0
42,T0,0,iid,actual_reencode,3,plus,2,minus,3,32,32,32,32,1.0
42,T0,0,iid,actual_reencode,3,plus,2,plus,1,32,32,32,32,1.0
42,T0,0,ood,actual_reencode,-3,minus,-2,minus,-1,32,32,32,32,1.0
42,T0,0,ood,actual_reencode,-3,minus,-2,plus,-3,32,32,32,32,1.0
42,T0,0,ood,actual_reencode,-2,minus,-1,minus,0,32,32,32,32,1.0
42,T0,0,ood,actual_reencode,-2,minus,-1,plus,-2,32,32,32,32,1.0
42,T0,0,ood,actual_reencode,-2,plus,-3,minus,-2,32,32,32,32,1.0
42,T0,0,ood,actual_reencode,-1,minus,0,minus,1,32,0,0,0,
42,T0,0,ood,actual_reencode,-1,minus,0,plus,-1,32,0,0,0,
42,T0,0,ood,actual_reencode,-1,plus,-2,minus,-1,32,32,32,32,1.0
42,T0,0,ood,actual_reencode,-1,plus,-2,plus,-3,32,32,32,32,1.0
42,T0,0,ood,actual_reencode,0,minus,1,minus,2,32,0,0,0,
42,T0,0,ood,actual_reencode,0,minus,1,plus,0,32,0,0,0,
42,T0,0,ood,actual_reencode,0,plus,-1,minus,0,32,0,0,0,
42,T0,0,ood,actual_reencode,0,plus,-1,plus,-2,32,0,0,0,
42,T0,0,ood,actual_reencode,1,minus,2,minus,3,32,32,32,32,1.0
42,T0,0,ood,actual_reencode,1,minus,2,plus,1,32,32,0,0,0.0
42,T0,0,ood,actual_reencode,1,plus,0,minus,1,32,0,0,0,
42,T0,0,ood,actual_reencode,1,plus,0,plus,-1,32,0,0,0,
42,T0,0,ood,actual_reencode,2,minus,3,plus,2,32,32,32,32,1.0
42,T0,0,ood,actual_reencode,2,plus,1,minus,2,32,0,28,0,
42,T0,0,ood,actual_reencode,2,plus,1,plus,0,32,0,0,0,
42,T0,0,ood,actual_reencode,3,plus,2,minus,3,32,32,32,32,1.0
42,T0,0,ood,actual_reencode,3,plus,2,plus,1,32,32,0,0,0.0
42,N,100,iid,fixed_T0,-3,minus,-2,minus,-1,32,32,3,3,0.09375
42,N,100,iid,fixed_T0,-3,minus,-2,plus,-3,32,32,0,0,0.0
42,N,100,iid,fixed_T0,-2,minus,-1,minus,0,32,32,0,0,0.0
42,N,100,iid,fixed_T0,-2,minus,-1,plus,-2,32,32,0,0,0.0
42,N,100,iid,fixed_T0,-2,plus,-3,minus,-2,32,32,0,0,0.0
42,N,100,iid,fixed_T0,-1,minus,0,minus,1,32,32,2,2,0.0625
42,N,100,iid,fixed_T0,-1,minus,0,plus,-1,32,32,0,0,0.0
42,N,100,iid,fixed_T0,-1,plus,-2,minus,-1,32,32,0,0,0.0
42,N,100,iid,fixed_T0,-1,plus,-2,plus,-3,32,32,0,0,0.0
42,N,100,iid,fixed_T0,0,minus,1,minus,2,32,32,0,0,0.0
42,N,100,iid,fixed_T0,0,minus,1,plus,0,32,32,0,0,0.0
42,N,100,iid,fixed_T0,0,plus,-1,minus,0,32,32,0,0,0.0
42,N,100,iid,fixed_T0,0,plus,-1,plus,-2,32,32,0,0,0.0
42,N,100,iid,fixed_T0,1,minus,2,minus,3,32,32,0,0,0.0
42,N,100,iid,fixed_T0,1,minus,2,plus,1,32,32,0,0,0.0
42,N,100,iid,fixed_T0,1,plus,0,minus,1,32,32,28,28,0.875
42,N,100,iid,fixed_T0,1,plus,0,plus,-1,32,32,0,0,0.0
42,N,100,iid,fixed_T0,2,minus,3,plus,2,32,32,0,0,0.0
42,N,100,iid,fixed_T0,2,plus,1,minus,2,32,32,0,0,0.0
42,N,100,iid,fixed_T0,2,plus,1,plus,0,32,32,0,0,0.0
42,N,100,iid,fixed_T0,3,plus,2,minus,3,32,32,0,0,0.0
42,N,100,iid,fixed_T0,3,plus,2,plus,1,32,32,0,0,0.0
42,N,100,ood,fixed_T0,-3,minus,-2,minus,-1,32,32,0,0,0.0
42,N,100,ood,fixed_T0,-3,minus,-2,plus,-3,32,32,0,0,0.0
42,N,100,ood,fixed_T0,-2,minus,-1,minus,0,32,32,0,0,0.0
42,N,100,ood,fixed_T0,-2,minus,-1,plus,-2,32,32,0,0,0.0
42,N,100,ood,fixed_T0,-2,plus,-3,minus,-2,32,32,0,0,0.0
42,N,100,ood,fixed_T0,-1,minus,0,minus,1,32,0,0,0,
42,N,100,ood,fixed_T0,-1,minus,0,plus,-1,32,0,0,0,
42,N,100,ood,fixed_T0,-1,plus,-2,minus,-1,32,32,0,0,0.0
42,N,100,ood,fixed_T0,-1,plus,-2,plus,-3,32,32,0,0,0.0
42,N,100,ood,fixed_T0,0,minus,1,minus,2,32,0,0,0,
42,N,100,ood,fixed_T0,0,minus,1,plus,0,32,0,0,0,
42,N,100,ood,fixed_T0,0,plus,-1,minus,0,32,0,0,0,
42,N,100,ood,fixed_T0,0,plus,-1,plus,-2,32,0,0,0,
42,N,100,ood,fixed_T0,1,minus,2,minus,3,32,32,0,0,0.0
42,N,100,ood,fixed_T0,1,minus,2,plus,1,32,32,0,0,0.0
42,N,100,ood,fixed_T0,1,plus,0,minus,1,32,0,9,0,
42,N,100,ood,fixed_T0,1,plus,0,plus,-1,32,0,0,0,
42,N,100,ood,fixed_T0,2,minus,3,plus,2,32,32,0,0,0.0
42,N,100,ood,fixed_T0,2,plus,1,minus,2,32,0,0,0,
42,N,100,ood,fixed_T0,2,plus,1,plus,0,32,0,0,0,
42,N,100,ood,fixed_T0,3,plus,2,minus,3,32,32,0,0,0.0
42,N,100,ood,fixed_T0,3,plus,2,plus,1,32,32,0,0,0.0
42,N,100,iid,U,-3,minus,-2,minus,-1,32,32,0,0,0.0
42,N,100,iid,U,-3,minus,-2,plus,-3,32,32,0,0,0.0
42,N,100,iid,U,-2,minus,-1,minus,0,32,32,0,0,0.0
42,N,100,iid,U,-2,minus,-1,plus,-2,32,32,0,0,0.0
42,N,100,iid,U,-2,plus,-3,minus,-2,32,32,8,8,0.25
42,N,100,iid,U,-1,minus,0,minus,1,32,32,0,0,0.0
42,N,100,iid,U,-1,minus,0,plus,-1,32,32,0,0,0.0
42,N,100,iid,U,-1,plus,-2,minus,-1,32,32,31,31,0.96875
42,N,100,iid,U,-1,plus,-2,plus,-3,32,32,0,0,0.0
42,N,100,iid,U,0,minus,1,minus,2,32,32,0,0,0.0
42,N,100,iid,U,0,minus,1,plus,0,32,32,0,0,0.0
42,N,100,iid,U,0,plus,-1,minus,0,32,32,0,0,0.0
42,N,100,iid,U,0,plus,-1,plus,-2,32,32,0,0,0.0
42,N,100,iid,U,1,minus,2,minus,3,32,32,0,0,0.0
42,N,100,iid,U,1,minus,2,plus,1,32,32,0,0,0.0
42,N,100,iid,U,1,plus,0,minus,1,32,32,32,32,1.0
42,N,100,iid,U,1,plus,0,plus,-1,32,32,0,0,0.0
42,N,100,iid,U,2,minus,3,plus,2,32,32,1,1,0.03125
42,N,100,iid,U,2,plus,1,minus,2,32,32,0,0,0.0
42,N,100,iid,U,2,plus,1,plus,0,32,32,0,0,0.0
42,N,100,iid,U,3,plus,2,minus,3,32,32,0,0,0.0
42,N,100,iid,U,3,plus,2,plus,1,32,32,0,0,0.0
42,N,100,ood,U,-3,minus,-2,minus,-1,32,32,0,0,0.0
42,N,100,ood,U,-3,minus,-2,plus,-3,32,32,0,0,0.0
42,N,100,ood,U,-2,minus,-1,minus,0,32,16,0,0,0.0
42,N,100,ood,U,-2,minus,-1,plus,-2,32,16,0,0,0.0
42,N,100,ood,U,-2,plus,-3,minus,-2,32,32,0,0,0.0
42,N,100,ood,U,-1,minus,0,minus,1,32,0,0,0,
42,N,100,ood,U,-1,minus,0,plus,-1,32,0,0,0,
42,N,100,ood,U,-1,plus,-2,minus,-1,32,30,0,0,0.0
42,N,100,ood,U,-1,plus,-2,plus,-3,32,30,0,0,0.0
42,N,100,ood,U,0,minus,1,minus,2,32,0,0,0,
42,N,100,ood,U,0,minus,1,plus,0,32,0,0,0,
42,N,100,ood,U,0,plus,-1,minus,0,32,0,0,0,
42,N,100,ood,U,0,plus,-1,plus,-2,32,0,0,0,
42,N,100,ood,U,1,minus,2,minus,3,32,32,0,0,0.0
42,N,100,ood,U,1,minus,2,plus,1,32,32,0,0,0.0
42,N,100,ood,U,1,plus,0,minus,1,32,0,0,0,
42,N,100,ood,U,1,plus,0,plus,-1,32,0,0,0,
42,N,100,ood,U,2,minus,3,plus,2,32,32,2,2,0.0625
42,N,100,ood,U,2,plus,1,minus,2,32,0,0,0,
42,N,100,ood,U,2,plus,1,plus,0,32,0,0,0,
42,N,100,ood,U,3,plus,2,minus,3,32,32,0,0,0.0
42,N,100,ood,U,3,plus,2,plus,1,32,32,0,0,0.0
42,N,100,iid,self,-3,minus,-2,minus,-1,32,32,25,25,0.78125
42,N,100,iid,self,-3,minus,-2,plus,-3,32,32,0,0,0.0
42,N,100,iid,self,-2,minus,-1,minus,0,32,32,0,0,0.0
42,N,100,iid,self,-2,minus,-1,plus,-2,32,32,0,0,0.0
42,N,100,iid,self,-2,plus,-3,minus,-2,32,32,0,0,0.0
42,N,100,iid,self,-1,minus,0,minus,1,32,32,32,32,1.0
42,N,100,iid,self,-1,minus,0,plus,-1,32,32,0,0,0.0
42,N,100,iid,self,-1,plus,-2,minus,-1,32,32,0,0,0.0
42,N,100,iid,self,-1,plus,-2,plus,-3,32,32,0,0,0.0
42,N,100,iid,self,0,minus,1,minus,2,32,32,0,0,0.0
42,N,100,iid,self,0,minus,1,plus,0,32,32,0,0,0.0
42,N,100,iid,self,0,plus,-1,minus,0,32,32,0,0,0.0
42,N,100,iid,self,0,plus,-1,plus,-2,32,32,0,0,0.0
42,N,100,iid,self,1,minus,2,minus,3,32,32,0,0,0.0
42,N,100,iid,self,1,minus,2,plus,1,32,32,2,2,0.0625
42,N,100,iid,self,1,plus,0,minus,1,32,32,9,9,0.28125
42,N,100,iid,self,1,plus,0,plus,-1,32,32,0,0,0.0
42,N,100,iid,self,2,minus,3,plus,2,32,32,0,0,0.0
42,N,100,iid,self,2,plus,1,minus,2,32,32,0,0,0.0
42,N,100,iid,self,2,plus,1,plus,0,32,32,0,0,0.0
42,N,100,iid,self,3,plus,2,minus,3,32,32,0,0,0.0
42,N,100,iid,self,3,plus,2,plus,1,32,32,0,0,0.0
42,N,100,ood,self,-3,minus,-2,minus,-1,32,32,0,0,0.0
42,N,100,ood,self,-3,minus,-2,plus,-3,32,32,0,0,0.0
42,N,100,ood,self,-2,minus,-1,minus,0,32,32,0,0,0.0
42,N,100,ood,self,-2,minus,-1,plus,-2,32,32,0,0,0.0
42,N,100,ood,self,-2,plus,-3,minus,-2,32,32,0,0,0.0
42,N,100,ood,self,-1,minus,0,minus,1,32,0,0,0,
42,N,100,ood,self,-1,minus,0,plus,-1,32,0,0,0,
42,N,100,ood,self,-1,plus,-2,minus,-1,32,32,0,0,0.0
42,N,100,ood,self,-1,plus,-2,plus,-3,32,32,0,0,0.0
42,N,100,ood,self,0,minus,1,minus,2,32,0,0,0,
42,N,100,ood,self,0,minus,1,plus,0,32,0,0,0,
42,N,100,ood,self,0,plus,-1,minus,0,32,0,0,0,
42,N,100,ood,self,0,plus,-1,plus,-2,32,0,0,0,
42,N,100,ood,self,1,minus,2,minus,3,32,32,0,0,0.0
42,N,100,ood,self,1,minus,2,plus,1,32,32,0,0,0.0
42,N,100,ood,self,1,plus,0,minus,1,32,0,0,0,
42,N,100,ood,self,1,plus,0,plus,-1,32,0,0,0,
42,N,100,ood,self,2,minus,3,plus,2,32,32,0,0,0.0
42,N,100,ood,self,2,plus,1,minus,2,32,27,0,0,0.0
42,N,100,ood,self,2,plus,1,plus,0,32,27,0,0,0.0
42,N,100,ood,self,3,plus,2,minus,3,32,32,0,0,0.0
42,N,100,ood,self,3,plus,2,plus,1,32,32,0,0,0.0
42,N,100,iid,gold_reencode,-3,minus,-2,minus,-1,32,32,32,32,1.0
42,N,100,iid,gold_reencode,-3,minus,-2,plus,-3,32,32,32,32,1.0
42,N,100,iid,gold_reencode,-2,minus,-1,minus,0,32,32,32,32,1.0
42,N,100,iid,gold_reencode,-2,minus,-1,plus,-2,32,32,32,32,1.0
42,N,100,iid,gold_reencode,-2,plus,-3,minus,-2,32,32,32,32,1.0
42,N,100,iid,gold_reencode,-1,minus,0,minus,1,32,32,32,32,1.0
42,N,100,iid,gold_reencode,-1,minus,0,plus,-1,32,32,32,32,1.0
42,N,100,iid,gold_reencode,-1,plus,-2,minus,-1,32,32,32,32,1.0
42,N,100,iid,gold_reencode,-1,plus,-2,plus,-3,32,32,32,32,1.0
42,N,100,iid,gold_reencode,0,minus,1,minus,2,32,32,32,32,1.0
42,N,100,iid,gold_reencode,0,minus,1,plus,0,32,32,32,32,1.0
42,N,100,iid,gold_reencode,0,plus,-1,minus,0,32,32,32,32,1.0
42,N,100,iid,gold_reencode,0,plus,-1,plus,-2,32,32,32,32,1.0
42,N,100,iid,gold_reencode,1,minus,2,minus,3,32,32,32,32,1.0
42,N,100,iid,gold_reencode,1,minus,2,plus,1,32,32,32,32,1.0
42,N,100,iid,gold_reencode,1,plus,0,minus,1,32,32,32,32,1.0
42,N,100,iid,gold_reencode,1,plus,0,plus,-1,32,32,32,32,1.0
42,N,100,iid,gold_reencode,2,minus,3,plus,2,32,32,32,32,1.0
42,N,100,iid,gold_reencode,2,plus,1,minus,2,32,32,32,32,1.0
42,N,100,iid,gold_reencode,2,plus,1,plus,0,32,32,32,32,1.0
42,N,100,iid,gold_reencode,3,plus,2,minus,3,32,32,32,32,1.0
42,N,100,iid,gold_reencode,3,plus,2,plus,1,32,32,32,32,1.0
42,N,100,ood,gold_reencode,-3,minus,-2,minus,-1,32,32,32,32,1.0
42,N,100,ood,gold_reencode,-3,minus,-2,plus,-3,32,32,32,32,1.0
42,N,100,ood,gold_reencode,-2,minus,-1,minus,0,32,32,0,0,0.0
42,N,100,ood,gold_reencode,-2,minus,-1,plus,-2,32,32,32,32,1.0
42,N,100,ood,gold_reencode,-2,plus,-3,minus,-2,32,32,32,32,1.0
42,N,100,ood,gold_reencode,-1,minus,0,minus,1,32,0,0,0,
42,N,100,ood,gold_reencode,-1,minus,0,plus,-1,32,0,0,0,
42,N,100,ood,gold_reencode,-1,plus,-2,minus,-1,32,32,32,32,1.0
42,N,100,ood,gold_reencode,-1,plus,-2,plus,-3,32,32,32,32,1.0
42,N,100,ood,gold_reencode,0,minus,1,minus,2,32,0,32,0,
42,N,100,ood,gold_reencode,0,minus,1,plus,0,32,0,0,0,
42,N,100,ood,gold_reencode,0,plus,-1,minus,0,32,0,0,0,
42,N,100,ood,gold_reencode,0,plus,-1,plus,-2,32,0,32,0,
42,N,100,ood,gold_reencode,1,minus,2,minus,3,32,32,32,32,1.0
42,N,100,ood,gold_reencode,1,minus,2,plus,1,32,32,27,27,0.84375
42,N,100,ood,gold_reencode,1,plus,0,minus,1,32,0,0,0,
42,N,100,ood,gold_reencode,1,plus,0,plus,-1,32,0,0,0,
42,N,100,ood,gold_reencode,2,minus,3,plus,2,32,32,32,32,1.0
42,N,100,ood,gold_reencode,2,plus,1,minus,2,32,27,32,27,1.0
42,N,100,ood,gold_reencode,2,plus,1,plus,0,32,27,0,0,0.0
42,N,100,ood,gold_reencode,3,plus,2,minus,3,32,32,32,32,1.0
42,N,100,ood,gold_reencode,3,plus,2,plus,1,32,32,27,27,0.84375
42,N,100,iid,actual_reencode,-3,minus,-2,minus,-1,32,32,32,32,1.0
42,N,100,iid,actual_reencode,-3,minus,-2,plus,-3,32,32,32,32,1.0
42,N,100,iid,actual_reencode,-2,minus,-1,minus,0,32,32,32,32,1.0
42,N,100,iid,actual_reencode,-2,minus,-1,plus,-2,32,32,32,32,1.0
42,N,100,iid,actual_reencode,-2,plus,-3,minus,-2,32,32,32,32,1.0
42,N,100,iid,actual_reencode,-1,minus,0,minus,1,32,32,32,32,1.0
42,N,100,iid,actual_reencode,-1,minus,0,plus,-1,32,32,32,32,1.0
42,N,100,iid,actual_reencode,-1,plus,-2,minus,-1,32,32,32,32,1.0
42,N,100,iid,actual_reencode,-1,plus,-2,plus,-3,32,32,32,32,1.0
42,N,100,iid,actual_reencode,0,minus,1,minus,2,32,32,32,32,1.0
42,N,100,iid,actual_reencode,0,minus,1,plus,0,32,32,32,32,1.0
42,N,100,iid,actual_reencode,0,plus,-1,minus,0,32,32,32,32,1.0
42,N,100,iid,actual_reencode,0,plus,-1,plus,-2,32,32,32,32,1.0
42,N,100,iid,actual_reencode,1,minus,2,minus,3,32,32,32,32,1.0
42,N,100,iid,actual_reencode,1,minus,2,plus,1,32,32,32,32,1.0
42,N,100,iid,actual_reencode,1,plus,0,minus,1,32,32,32,32,1.0
42,N,100,iid,actual_reencode,1,plus,0,plus,-1,32,32,32,32,1.0
42,N,100,iid,actual_reencode,2,minus,3,plus,2,32,32,32,32,1.0
42,N,100,iid,actual_reencode,2,plus,1,minus,2,32,32,32,32,1.0
42,N,100,iid,actual_reencode,2,plus,1,plus,0,32,32,32,32,1.0
42,N,100,iid,actual_reencode,3,plus,2,minus,3,32,32,32,32,1.0
42,N,100,iid,actual_reencode,3,plus,2,plus,1,32,32,32,32,1.0
42,N,100,ood,actual_reencode,-3,minus,-2,minus,-1,32,32,32,32,1.0
42,N,100,ood,actual_reencode,-3,minus,-2,plus,-3,32,32,32,32,1.0
42,N,100,ood,actual_reencode,-2,minus,-1,minus,0,32,32,0,0,0.0
42,N,100,ood,actual_reencode,-2,minus,-1,plus,-2,32,32,32,32,1.0
42,N,100,ood,actual_reencode,-2,plus,-3,minus,-2,32,32,32,32,1.0
42,N,100,ood,actual_reencode,-1,minus,0,minus,1,32,0,0,0,
42,N,100,ood,actual_reencode,-1,minus,0,plus,-1,32,0,0,0,
42,N,100,ood,actual_reencode,-1,plus,-2,minus,-1,32,32,32,32,1.0
42,N,100,ood,actual_reencode,-1,plus,-2,plus,-3,32,32,32,32,1.0
42,N,100,ood,actual_reencode,0,minus,1,minus,2,32,0,0,0,
42,N,100,ood,actual_reencode,0,minus,1,plus,0,32,0,0,0,
42,N,100,ood,actual_reencode,0,plus,-1,minus,0,32,0,0,0,
42,N,100,ood,actual_reencode,0,plus,-1,plus,-2,32,0,0,0,
42,N,100,ood,actual_reencode,1,minus,2,minus,3,32,32,32,32,1.0
42,N,100,ood,actual_reencode,1,minus,2,plus,1,32,32,27,27,0.84375
42,N,100,ood,actual_reencode,1,plus,0,minus,1,32,0,0,0,
42,N,100,ood,actual_reencode,1,plus,0,plus,-1,32,0,0,0,
42,N,100,ood,actual_reencode,2,minus,3,plus,2,32,32,32,32,1.0
42,N,100,ood,actual_reencode,2,plus,1,minus,2,32,27,29,27,1.0
42,N,100,ood,actual_reencode,2,plus,1,plus,0,32,27,27,27,1.0
42,N,100,ood,actual_reencode,3,plus,2,minus,3,32,32,32,32,1.0
42,N,100,ood,actual_reencode,3,plus,2,plus,1,32,32,27,27,0.84375
42,N,200,iid,fixed_T0,-3,minus,-2,minus,-1,32,32,5,5,0.15625
42,N,200,iid,fixed_T0,-3,minus,-2,plus,-3,32,32,0,0,0.0
42,N,200,iid,fixed_T0,-2,minus,-1,minus,0,32,32,0,0,0.0
42,N,200,iid,fixed_T0,-2,minus,-1,plus,-2,32,32,0,0,0.0
42,N,200,iid,fixed_T0,-2,plus,-3,minus,-2,32,32,0,0,0.0
42,N,200,iid,fixed_T0,-1,minus,0,minus,1,32,32,5,5,0.15625
42,N,200,iid,fixed_T0,-1,minus,0,plus,-1,32,32,0,0,0.0
42,N,200,iid,fixed_T0,-1,plus,-2,minus,-1,32,32,0,0,0.0
42,N,200,iid,fixed_T0,-1,plus,-2,plus,-3,32,32,0,0,0.0
42,N,200,iid,fixed_T0,0,minus,1,minus,2,32,32,0,0,0.0
42,N,200,iid,fixed_T0,0,minus,1,plus,0,32,32,0,0,0.0
42,N,200,iid,fixed_T0,0,plus,-1,minus,0,32,32,0,0,0.0
42,N,200,iid,fixed_T0,0,plus,-1,plus,-2,32,32,0,0,0.0
42,N,200,iid,fixed_T0,1,minus,2,minus,3,32,32,0,0,0.0
42,N,200,iid,fixed_T0,1,minus,2,plus,1,32,32,0,0,0.0
42,N,200,iid,fixed_T0,1,plus,0,minus,1,32,32,26,26,0.8125
42,N,200,iid,fixed_T0,1,plus,0,plus,-1,32,32,0,0,0.0
42,N,200,iid,fixed_T0,2,minus,3,plus,2,32,32,0,0,0.0
42,N,200,iid,fixed_T0,2,plus,1,minus,2,32,32,0,0,0.0
42,N,200,iid,fixed_T0,2,plus,1,plus,0,32,32,0,0,0.0
42,N,200,iid,fixed_T0,3,plus,2,minus,3,32,32,0,0,0.0
42,N,200,iid,fixed_T0,3,plus,2,plus,1,32,32,0,0,0.0
42,N,200,ood,fixed_T0,-3,minus,-2,minus,-1,32,32,0,0,0.0
42,N,200,ood,fixed_T0,-3,minus,-2,plus,-3,32,32,0,0,0.0
42,N,200,ood,fixed_T0,-2,minus,-1,minus,0,32,32,0,0,0.0
42,N,200,ood,fixed_T0,-2,minus,-1,plus,-2,32,32,0,0,0.0
42,N,200,ood,fixed_T0,-2,plus,-3,minus,-2,32,32,0,0,0.0
42,N,200,ood,fixed_T0,-1,minus,0,minus,1,32,0,0,0,
42,N,200,ood,fixed_T0,-1,minus,0,plus,-1,32,0,0,0,
42,N,200,ood,fixed_T0,-1,plus,-2,minus,-1,32,32,0,0,0.0
42,N,200,ood,fixed_T0,-1,plus,-2,plus,-3,32,32,0,0,0.0
42,N,200,ood,fixed_T0,0,minus,1,minus,2,32,0,0,0,
42,N,200,ood,fixed_T0,0,minus,1,plus,0,32,0,0,0,
42,N,200,ood,fixed_T0,0,plus,-1,minus,0,32,0,0,0,
42,N,200,ood,fixed_T0,0,plus,-1,plus,-2,32,0,0,0,
42,N,200,ood,fixed_T0,1,minus,2,minus,3,32,32,0,0,0.0
42,N,200,ood,fixed_T0,1,minus,2,plus,1,32,32,0,0,0.0
42,N,200,ood,fixed_T0,1,plus,0,minus,1,32,0,8,0,
42,N,200,ood,fixed_T0,1,plus,0,plus,-1,32,0,0,0,
42,N,200,ood,fixed_T0,2,minus,3,plus,2,32,32,0,0,0.0
42,N,200,ood,fixed_T0,2,plus,1,minus,2,32,0,0,0,
42,N,200,ood,fixed_T0,2,plus,1,plus,0,32,0,0,0,
42,N,200,ood,fixed_T0,3,plus,2,minus,3,32,32,0,0,0.0
42,N,200,ood,fixed_T0,3,plus,2,plus,1,32,32,0,0,0.0
42,N,200,iid,U,-3,minus,-2,minus,-1,32,32,0,0,0.0
42,N,200,iid,U,-3,minus,-2,plus,-3,32,32,0,0,0.0
42,N,200,iid,U,-2,minus,-1,minus,0,32,32,0,0,0.0
42,N,200,iid,U,-2,minus,-1,plus,-2,32,32,0,0,0.0
42,N,200,iid,U,-2,plus,-3,minus,-2,32,32,4,4,0.125
42,N,200,iid,U,-1,minus,0,minus,1,32,32,2,2,0.0625
42,N,200,iid,U,-1,minus,0,plus,-1,32,32,0,0,0.0
42,N,200,iid,U,-1,plus,-2,minus,-1,32,32,32,32,1.0
42,N,200,iid,U,-1,plus,-2,plus,-3,32,32,0,0,0.0
42,N,200,iid,U,0,minus,1,minus,2,32,32,0,0,0.0
42,N,200,iid,U,0,minus,1,plus,0,32,32,0,0,0.0
42,N,200,iid,U,0,plus,-1,minus,0,32,32,0,0,0.0
42,N,200,iid,U,0,plus,-1,plus,-2,32,32,0,0,0.0
42,N,200,iid,U,1,minus,2,minus,3,32,32,0,0,0.0
42,N,200,iid,U,1,minus,2,plus,1,32,32,0,0,0.0
42,N,200,iid,U,1,plus,0,minus,1,32,32,32,32,1.0
42,N,200,iid,U,1,plus,0,plus,-1,32,32,0,0,0.0
42,N,200,iid,U,2,minus,3,plus,2,32,32,2,2,0.0625
42,N,200,iid,U,2,plus,1,minus,2,32,32,0,0,0.0
42,N,200,iid,U,2,plus,1,plus,0,32,32,0,0,0.0
42,N,200,iid,U,3,plus,2,minus,3,32,32,0,0,0.0
42,N,200,iid,U,3,plus,2,plus,1,32,32,0,0,0.0
42,N,200,ood,U,-3,minus,-2,minus,-1,32,32,0,0,0.0
42,N,200,ood,U,-3,minus,-2,plus,-3,32,32,0,0,0.0
42,N,200,ood,U,-2,minus,-1,minus,0,32,16,0,0,0.0
42,N,200,ood,U,-2,minus,-1,plus,-2,32,16,0,0,0.0
42,N,200,ood,U,-2,plus,-3,minus,-2,32,32,0,0,0.0
42,N,200,ood,U,-1,minus,0,minus,1,32,0,0,0,
42,N,200,ood,U,-1,minus,0,plus,-1,32,0,0,0,
42,N,200,ood,U,-1,plus,-2,minus,-1,32,30,0,0,0.0
42,N,200,ood,U,-1,plus,-2,plus,-3,32,30,0,0,0.0
42,N,200,ood,U,0,minus,1,minus,2,32,0,0,0,
42,N,200,ood,U,0,minus,1,plus,0,32,0,0,0,
42,N,200,ood,U,0,plus,-1,minus,0,32,0,0,0,
42,N,200,ood,U,0,plus,-1,plus,-2,32,0,0,0,
42,N,200,ood,U,1,minus,2,minus,3,32,32,0,0,0.0
42,N,200,ood,U,1,minus,2,plus,1,32,32,0,0,0.0
42,N,200,ood,U,1,plus,0,minus,1,32,0,0,0,
42,N,200,ood,U,1,plus,0,plus,-1,32,0,0,0,
42,N,200,ood,U,2,minus,3,plus,2,32,32,2,2,0.0625
42,N,200,ood,U,2,plus,1,minus,2,32,0,0,0,
42,N,200,ood,U,2,plus,1,plus,0,32,0,0,0,
42,N,200,ood,U,3,plus,2,minus,3,32,32,0,0,0.0
42,N,200,ood,U,3,plus,2,plus,1,32,32,0,0,0.0
42,N,200,iid,self,-3,minus,-2,minus,-1,32,32,26,26,0.8125
42,N,200,iid,self,-3,minus,-2,plus,-3,32,32,0,0,0.0
42,N,200,iid,self,-2,minus,-1,minus,0,32,32,0,0,0.0
42,N,200,iid,self,-2,minus,-1,plus,-2,32,32,0,0,0.0
42,N,200,iid,self,-2,plus,-3,minus,-2,32,32,0,0,0.0
42,N,200,iid,self,-1,minus,0,minus,1,32,32,32,32,1.0
42,N,200,iid,self,-1,minus,0,plus,-1,32,32,0,0,0.0
42,N,200,iid,self,-1,plus,-2,minus,-1,32,32,0,0,0.0
42,N,200,iid,self,-1,plus,-2,plus,-3,32,32,0,0,0.0
42,N,200,iid,self,0,minus,1,minus,2,32,32,0,0,0.0
42,N,200,iid,self,0,minus,1,plus,0,32,32,0,0,0.0
42,N,200,iid,self,0,plus,-1,minus,0,32,32,0,0,0.0
42,N,200,iid,self,0,plus,-1,plus,-2,32,32,0,0,0.0
42,N,200,iid,self,1,minus,2,minus,3,32,32,0,0,0.0
42,N,200,iid,self,1,minus,2,plus,1,32,32,0,0,0.0
42,N,200,iid,self,1,plus,0,minus,1,32,32,3,3,0.09375
42,N,200,iid,self,1,plus,0,plus,-1,32,32,0,0,0.0
42,N,200,iid,self,2,minus,3,plus,2,32,32,0,0,0.0
42,N,200,iid,self,2,plus,1,minus,2,32,32,0,0,0.0
42,N,200,iid,self,2,plus,1,plus,0,32,32,0,0,0.0
42,N,200,iid,self,3,plus,2,minus,3,32,32,0,0,0.0
42,N,200,iid,self,3,plus,2,plus,1,32,32,0,0,0.0
42,N,200,ood,self,-3,minus,-2,minus,-1,32,32,0,0,0.0
42,N,200,ood,self,-3,minus,-2,plus,-3,32,32,0,0,0.0
42,N,200,ood,self,-2,minus,-1,minus,0,32,32,0,0,0.0
42,N,200,ood,self,-2,minus,-1,plus,-2,32,32,0,0,0.0
42,N,200,ood,self,-2,plus,-3,minus,-2,32,32,0,0,0.0
42,N,200,ood,self,-1,minus,0,minus,1,32,0,0,0,
42,N,200,ood,self,-1,minus,0,plus,-1,32,0,0,0,
42,N,200,ood,self,-1,plus,-2,minus,-1,32,32,0,0,0.0
42,N,200,ood,self,-1,plus,-2,plus,-3,32,32,0,0,0.0
42,N,200,ood,self,0,minus,1,minus,2,32,0,0,0,
42,N,200,ood,self,0,minus,1,plus,0,32,0,0,0,
42,N,200,ood,self,0,plus,-1,minus,0,32,0,0,0,
42,N,200,ood,self,0,plus,-1,plus,-2,32,0,0,0,
42,N,200,ood,self,1,minus,2,minus,3,32,32,0,0,0.0
42,N,200,ood,self,1,minus,2,plus,1,32,32,0,0,0.0
42,N,200,ood,self,1,plus,0,minus,1,32,0,0,0,
42,N,200,ood,self,1,plus,0,plus,-1,32,0,0,0,
42,N,200,ood,self,2,minus,3,plus,2,32,32,0,0,0.0
42,N,200,ood,self,2,plus,1,minus,2,32,27,0,0,0.0
42,N,200,ood,self,2,plus,1,plus,0,32,27,0,0,0.0
42,N,200,ood,self,3,plus,2,minus,3,32,32,0,0,0.0
42,N,200,ood,self,3,plus,2,plus,1,32,32,0,0,0.0
42,N,200,iid,gold_reencode,-3,minus,-2,minus,-1,32,32,32,32,1.0
42,N,200,iid,gold_reencode,-3,minus,-2,plus,-3,32,32,32,32,1.0
42,N,200,iid,gold_reencode,-2,minus,-1,minus,0,32,32,32,32,1.0
42,N,200,iid,gold_reencode,-2,minus,-1,plus,-2,32,32,32,32,1.0
42,N,200,iid,gold_reencode,-2,plus,-3,minus,-2,32,32,32,32,1.0
42,N,200,iid,gold_reencode,-1,minus,0,minus,1,32,32,32,32,1.0
42,N,200,iid,gold_reencode,-1,minus,0,plus,-1,32,32,32,32,1.0
42,N,200,iid,gold_reencode,-1,plus,-2,minus,-1,32,32,32,32,1.0
42,N,200,iid,gold_reencode,-1,plus,-2,plus,-3,32,32,32,32,1.0
42,N,200,iid,gold_reencode,0,minus,1,minus,2,32,32,32,32,1.0
42,N,200,iid,gold_reencode,0,minus,1,plus,0,32,32,32,32,1.0
42,N,200,iid,gold_reencode,0,plus,-1,minus,0,32,32,32,32,1.0
42,N,200,iid,gold_reencode,0,plus,-1,plus,-2,32,32,32,32,1.0
42,N,200,iid,gold_reencode,1,minus,2,minus,3,32,32,32,32,1.0
42,N,200,iid,gold_reencode,1,minus,2,plus,1,32,32,32,32,1.0
42,N,200,iid,gold_reencode,1,plus,0,minus,1,32,32,32,32,1.0
42,N,200,iid,gold_reencode,1,plus,0,plus,-1,32,32,32,32,1.0
42,N,200,iid,gold_reencode,2,minus,3,plus,2,32,32,32,32,1.0
42,N,200,iid,gold_reencode,2,plus,1,minus,2,32,32,32,32,1.0
42,N,200,iid,gold_reencode,2,plus,1,plus,0,32,32,32,32,1.0
42,N,200,iid,gold_reencode,3,plus,2,minus,3,32,32,32,32,1.0
42,N,200,iid,gold_reencode,3,plus,2,plus,1,32,32,32,32,1.0
42,N,200,ood,gold_reencode,-3,minus,-2,minus,-1,32,32,32,32,1.0
42,N,200,ood,gold_reencode,-3,minus,-2,plus,-3,32,32,32,32,1.0
42,N,200,ood,gold_reencode,-2,minus,-1,minus,0,32,32,0,0,0.0
42,N,200,ood,gold_reencode,-2,minus,-1,plus,-2,32,32,32,32,1.0
42,N,200,ood,gold_reencode,-2,plus,-3,minus,-2,32,32,32,32,1.0
42,N,200,ood,gold_reencode,-1,minus,0,minus,1,32,0,0,0,
42,N,200,ood,gold_reencode,-1,minus,0,plus,-1,32,0,0,0,
42,N,200,ood,gold_reencode,-1,plus,-2,minus,-1,32,32,32,32,1.0
42,N,200,ood,gold_reencode,-1,plus,-2,plus,-3,32,32,32,32,1.0
42,N,200,ood,gold_reencode,0,minus,1,minus,2,32,0,32,0,
42,N,200,ood,gold_reencode,0,minus,1,plus,0,32,0,0,0,
42,N,200,ood,gold_reencode,0,plus,-1,minus,0,32,0,0,0,
42,N,200,ood,gold_reencode,0,plus,-1,plus,-2,32,0,32,0,
42,N,200,ood,gold_reencode,1,minus,2,minus,3,32,32,32,32,1.0
42,N,200,ood,gold_reencode,1,minus,2,plus,1,32,32,27,27,0.84375
42,N,200,ood,gold_reencode,1,plus,0,minus,1,32,0,0,0,
42,N,200,ood,gold_reencode,1,plus,0,plus,-1,32,0,0,0,
42,N,200,ood,gold_reencode,2,minus,3,plus,2,32,32,32,32,1.0
42,N,200,ood,gold_reencode,2,plus,1,minus,2,32,27,32,27,1.0
42,N,200,ood,gold_reencode,2,plus,1,plus,0,32,27,0,0,0.0
42,N,200,ood,gold_reencode,3,plus,2,minus,3,32,32,32,32,1.0
42,N,200,ood,gold_reencode,3,plus,2,plus,1,32,32,27,27,0.84375
42,N,200,iid,actual_reencode,-3,minus,-2,minus,-1,32,32,32,32,1.0
42,N,200,iid,actual_reencode,-3,minus,-2,plus,-3,32,32,32,32,1.0
42,N,200,iid,actual_reencode,-2,minus,-1,minus,0,32,32,32,32,1.0
42,N,200,iid,actual_reencode,-2,minus,-1,plus,-2,32,32,32,32,1.0
42,N,200,iid,actual_reencode,-2,plus,-3,minus,-2,32,32,32,32,1.0
42,N,200,iid,actual_reencode,-1,minus,0,minus,1,32,32,32,32,1.0
42,N,200,iid,actual_reencode,-1,minus,0,plus,-1,32,32,32,32,1.0
42,N,200,iid,actual_reencode,-1,plus,-2,minus,-1,32,32,32,32,1.0
42,N,200,iid,actual_reencode,-1,plus,-2,plus,-3,32,32,32,32,1.0
42,N,200,iid,actual_reencode,0,minus,1,minus,2,32,32,32,32,1.0
42,N,200,iid,actual_reencode,0,minus,1,plus,0,32,32,32,32,1.0
42,N,200,iid,actual_reencode,0,plus,-1,minus,0,32,32,32,32,1.0
42,N,200,iid,actual_reencode,0,plus,-1,plus,-2,32,32,32,32,1.0
42,N,200,iid,actual_reencode,1,minus,2,minus,3,32,32,32,32,1.0
42,N,200,iid,actual_reencode,1,minus,2,plus,1,32,32,32,32,1.0
42,N,200,iid,actual_reencode,1,plus,0,minus,1,32,32,32,32,1.0
42,N,200,iid,actual_reencode,1,plus,0,plus,-1,32,32,32,32,1.0
42,N,200,iid,actual_reencode,2,minus,3,plus,2,32,32,32,32,1.0
42,N,200,iid,actual_reencode,2,plus,1,minus,2,32,32,32,32,1.0
42,N,200,iid,actual_reencode,2,plus,1,plus,0,32,32,32,32,1.0
42,N,200,iid,actual_reencode,3,plus,2,minus,3,32,32,32,32,1.0
42,N,200,iid,actual_reencode,3,plus,2,plus,1,32,32,32,32,1.0
42,N,200,ood,actual_reencode,-3,minus,-2,minus,-1,32,32,32,32,1.0
42,N,200,ood,actual_reencode,-3,minus,-2,plus,-3,32,32,32,32,1.0
42,N,200,ood,actual_reencode,-2,minus,-1,minus,0,32,32,0,0,0.0
42,N,200,ood,actual_reencode,-2,minus,-1,plus,-2,32,32,32,32,1.0
42,N,200,ood,actual_reencode,-2,plus,-3,minus,-2,32,32,32,32,1.0
42,N,200,ood,actual_reencode,-1,minus,0,minus,1,32,0,0,0,
42,N,200,ood,actual_reencode,-1,minus,0,plus,-1,32,0,0,0,
42,N,200,ood,actual_reencode,-1,plus,-2,minus,-1,32,32,32,32,1.0
42,N,200,ood,actual_reencode,-1,plus,-2,plus,-3,32,32,32,32,1.0
42,N,200,ood,actual_reencode,0,minus,1,minus,2,32,0,0,0,
42,N,200,ood,actual_reencode,0,minus,1,plus,0,32,0,0,0,
42,N,200,ood,actual_reencode,0,plus,-1,minus,0,32,0,0,0,
42,N,200,ood,actual_reencode,0,plus,-1,plus,-2,32,0,0,0,
42,N,200,ood,actual_reencode,1,minus,2,minus,3,32,32,32,32,1.0
42,N,200,ood,actual_reencode,1,minus,2,plus,1,32,32,27,27,0.84375
42,N,200,ood,actual_reencode,1,plus,0,minus,1,32,0,0,0,
42,N,200,ood,actual_reencode,1,plus,0,plus,-1,32,0,0,0,
42,N,200,ood,actual_reencode,2,minus,3,plus,2,32,32,32,32,1.0
42,N,200,ood,actual_reencode,2,plus,1,minus,2,32,27,27,27,1.0
42,N,200,ood,actual_reencode,2,plus,1,plus,0,32,27,27,27,1.0
42,N,200,ood,actual_reencode,3,plus,2,minus,3,32,32,32,32,1.0
42,N,200,ood,actual_reencode,3,plus,2,plus,1,32,32,27,27,0.84375
42,F,100,iid,fixed_T0,-3,minus,-2,minus,-1,32,32,4,4,0.125
42,F,100,iid,fixed_T0,-3,minus,-2,plus,-3,32,32,31,31,0.96875
42,F,100,iid,fixed_T0,-2,minus,-1,minus,0,32,32,32,32,1.0
42,F,100,iid,fixed_T0,-2,minus,-1,plus,-2,32,32,32,32,1.0
42,F,100,iid,fixed_T0,-2,plus,-3,minus,-2,32,32,32,32,1.0
42,F,100,iid,fixed_T0,-1,minus,0,minus,1,32,32,31,31,0.96875
42,F,100,iid,fixed_T0,-1,minus,0,plus,-1,32,32,32,32,1.0
42,F,100,iid,fixed_T0,-1,plus,-2,minus,-1,32,32,32,32,1.0
42,F,100,iid,fixed_T0,-1,plus,-2,plus,-3,32,32,32,32,1.0
42,F,100,iid,fixed_T0,0,minus,1,minus,2,32,32,32,32,1.0
42,F,100,iid,fixed_T0,0,minus,1,plus,0,32,32,32,32,1.0
42,F,100,iid,fixed_T0,0,plus,-1,minus,0,32,32,32,32,1.0
42,F,100,iid,fixed_T0,0,plus,-1,plus,-2,32,32,32,32,1.0
42,F,100,iid,fixed_T0,1,minus,2,minus,3,32,32,2,2,0.0625
42,F,100,iid,fixed_T0,1,minus,2,plus,1,32,32,32,32,1.0
42,F,100,iid,fixed_T0,1,plus,0,minus,1,32,32,32,32,1.0
42,F,100,iid,fixed_T0,1,plus,0,plus,-1,32,32,32,32,1.0
42,F,100,iid,fixed_T0,2,minus,3,plus,2,32,32,32,32,1.0
42,F,100,iid,fixed_T0,2,plus,1,minus,2,32,32,32,32,1.0
42,F,100,iid,fixed_T0,2,plus,1,plus,0,32,32,25,25,0.78125
42,F,100,iid,fixed_T0,3,plus,2,minus,3,32,32,24,24,0.75
42,F,100,iid,fixed_T0,3,plus,2,plus,1,32,32,5,5,0.15625
42,F,100,ood,fixed_T0,-3,minus,-2,minus,-1,32,32,0,0,0.0
42,F,100,ood,fixed_T0,-3,minus,-2,plus,-3,32,32,0,0,0.0
42,F,100,ood,fixed_T0,-2,minus,-1,minus,0,32,32,0,0,0.0
42,F,100,ood,fixed_T0,-2,minus,-1,plus,-2,32,32,32,32,1.0
42,F,100,ood,fixed_T0,-2,plus,-3,minus,-2,32,32,32,32,1.0
42,F,100,ood,fixed_T0,-1,minus,0,minus,1,32,0,0,0,
42,F,100,ood,fixed_T0,-1,minus,0,plus,-1,32,0,0,0,
42,F,100,ood,fixed_T0,-1,plus,-2,minus,-1,32,32,0,0,0.0
42,F,100,ood,fixed_T0,-1,plus,-2,plus,-3,32,32,0,0,0.0
42,F,100,ood,fixed_T0,0,minus,1,minus,2,32,0,7,0,
42,F,100,ood,fixed_T0,0,minus,1,plus,0,32,0,0,0,
42,F,100,ood,fixed_T0,0,plus,-1,minus,0,32,0,32,0,
42,F,100,ood,fixed_T0,0,plus,-1,plus,-2,32,0,0,0,
42,F,100,ood,fixed_T0,1,minus,2,minus,3,32,32,0,0,0.0
42,F,100,ood,fixed_T0,1,minus,2,plus,1,32,32,0,0,0.0
42,F,100,ood,fixed_T0,1,plus,0,minus,1,32,0,0,0,
42,F,100,ood,fixed_T0,1,plus,0,plus,-1,32,0,0,0,
42,F,100,ood,fixed_T0,2,minus,3,plus,2,32,32,32,32,1.0
42,F,100,ood,fixed_T0,2,plus,1,minus,2,32,0,32,0,
42,F,100,ood,fixed_T0,2,plus,1,plus,0,32,0,4,0,
42,F,100,ood,fixed_T0,3,plus,2,minus,3,32,32,19,19,0.59375
42,F,100,ood,fixed_T0,3,plus,2,plus,1,32,32,0,0,0.0
42,F,100,iid,U,-3,minus,-2,minus,-1,32,32,0,0,0.0
42,F,100,iid,U,-3,minus,-2,plus,-3,32,32,32,32,1.0
42,F,100,iid,U,-2,minus,-1,minus,0,32,32,6,6,0.1875
42,F,100,iid,U,-2,minus,-1,plus,-2,32,32,1,1,0.03125
42,F,100,iid,U,-2,plus,-3,minus,-2,32,32,32,32,1.0
42,F,100,iid,U,-1,minus,0,minus,1,32,32,2,2,0.0625
42,F,100,iid,U,-1,minus,0,plus,-1,32,32,32,32,1.0
42,F,100,iid,U,-1,plus,-2,minus,-1,32,32,32,32,1.0
42,F,100,iid,U,-1,plus,-2,plus,-3,32,32,0,0,0.0
42,F,100,iid,U,0,minus,1,minus,2,32,32,32,32,1.0
42,F,100,iid,U,0,minus,1,plus,0,32,32,32,32,1.0
42,F,100,iid,U,0,plus,-1,minus,0,32,32,32,32,1.0
42,F,100,iid,U,0,plus,-1,plus,-2,32,32,32,32,1.0
42,F,100,iid,U,1,minus,2,minus,3,32,32,1,1,0.03125
42,F,100,iid,U,1,minus,2,plus,1,32,32,32,32,1.0
42,F,100,iid,U,1,plus,0,minus,1,32,32,32,32,1.0
42,F,100,iid,U,1,plus,0,plus,-1,32,32,30,30,0.9375
42,F,100,iid,U,2,minus,3,plus,2,32,32,32,32,1.0
42,F,100,iid,U,2,plus,1,minus,2,32,32,32,32,1.0
42,F,100,iid,U,2,plus,1,plus,0,32,32,0,0,0.0
42,F,100,iid,U,3,plus,2,minus,3,32,32,14,14,0.4375
42,F,100,iid,U,3,plus,2,plus,1,32,32,1,1,0.03125
42,F,100,ood,U,-3,minus,-2,minus,-1,32,32,0,0,0.0
42,F,100,ood,U,-3,minus,-2,plus,-3,32,32,13,13,0.40625
42,F,100,ood,U,-2,minus,-1,minus,0,32,16,0,0,0.0
42,F,100,ood,U,-2,minus,-1,plus,-2,32,16,31,15,0.9375
42,F,100,ood,U,-2,plus,-3,minus,-2,32,32,32,32,1.0
42,F,100,ood,U,-1,minus,0,minus,1,32,0,0,0,
42,F,100,ood,U,-1,minus,0,plus,-1,32,0,0,0,
42,F,100,ood,U,-1,plus,-2,minus,-1,32,30,0,0,0.0
42,F,100,ood,U,-1,plus,-2,plus,-3,32,30,0,0,0.0
42,F,100,ood,U,0,minus,1,minus,2,32,0,12,0,
42,F,100,ood,U,0,minus,1,plus,0,32,0,0,0,
42,F,100,ood,U,0,plus,-1,minus,0,32,0,32,0,
42,F,100,ood,U,0,plus,-1,plus,-2,32,0,0,0,
42,F,100,ood,U,1,minus,2,minus,3,32,32,0,0,0.0
42,F,100,ood,U,1,minus,2,plus,1,32,32,0,0,0.0
42,F,100,ood,U,1,plus,0,minus,1,32,0,0,0,
42,F,100,ood,U,1,plus,0,plus,-1,32,0,0,0,
42,F,100,ood,U,2,minus,3,plus,2,32,32,6,6,0.1875
42,F,100,ood,U,2,plus,1,minus,2,32,0,32,0,
42,F,100,ood,U,2,plus,1,plus,0,32,0,0,0,
42,F,100,ood,U,3,plus,2,minus,3,32,32,22,22,0.6875
42,F,100,ood,U,3,plus,2,plus,1,32,32,0,0,0.0
42,F,100,iid,self,-3,minus,-2,minus,-1,32,32,0,0,0.0
42,F,100,iid,self,-3,minus,-2,plus,-3,32,32,30,30,0.9375
42,F,100,iid,self,-2,minus,-1,minus,0,32,32,0,0,0.0
42,F,100,iid,self,-2,minus,-1,plus,-2,32,32,27,27,0.84375
42,F,100,iid,self,-2,plus,-3,minus,-2,32,32,18,18,0.5625
42,F,100,iid,self,-1,minus,0,minus,1,32,32,14,14,0.4375
42,F,100,iid,self,-1,minus,0,plus,-1,32,32,29,29,0.90625
42,F,100,iid,self,-1,plus,-2,minus,-1,32,32,32,32,1.0
42,F,100,iid,self,-1,plus,-2,plus,-3,32,32,16,16,0.5
42,F,100,iid,self,0,minus,1,minus,2,32,32,24,24,0.75
42,F,100,iid,self,0,minus,1,plus,0,32,32,29,29,0.90625
42,F,100,iid,self,0,plus,-1,minus,0,32,32,32,32,1.0
42,F,100,iid,self,0,plus,-1,plus,-2,32,32,5,5,0.15625
42,F,100,iid,self,1,minus,2,minus,3,32,32,2,2,0.0625
42,F,100,iid,self,1,minus,2,plus,1,32,32,32,32,1.0
42,F,100,iid,self,1,plus,0,minus,1,32,32,32,32,1.0
42,F,100,iid,self,1,plus,0,plus,-1,32,32,29,29,0.90625
42,F,100,iid,self,2,minus,3,plus,2,32,32,32,32,1.0
42,F,100,iid,self,2,plus,1,minus,2,32,32,0,0,0.0
42,F,100,iid,self,2,plus,1,plus,0,32,32,3,3,0.09375
42,F,100,iid,self,3,plus,2,minus,3,32,32,32,32,1.0
42,F,100,iid,self,3,plus,2,plus,1,32,32,0,0,0.0
42,F,100,ood,self,-3,minus,-2,minus,-1,32,32,0,0,0.0
42,F,100,ood,self,-3,minus,-2,plus,-3,32,32,32,32,1.0
42,F,100,ood,self,-2,minus,-1,minus,0,32,23,0,0,0.0
42,F,100,ood,self,-2,minus,-1,plus,-2,32,23,17,14,0.6086956521739131
42,F,100,ood,self,-2,plus,-3,minus,-2,32,32,6,6,0.1875
42,F,100,ood,self,-1,minus,0,minus,1,32,0,0,0,
42,F,100,ood,self,-1,minus,0,plus,-1,32,0,0,0,
42,F,100,ood,self,-1,plus,-2,minus,-1,32,32,0,0,0.0
42,F,100,ood,self,-1,plus,-2,plus,-3,32,32,2,2,0.0625
42,F,100,ood,self,0,minus,1,minus,2,32,0,0,0,
42,F,100,ood,self,0,minus,1,plus,0,32,0,2,0,
42,F,100,ood,self,0,plus,-1,minus,0,32,0,31,0,
42,F,100,ood,self,0,plus,-1,plus,-2,32,0,0,0,
42,F,100,ood,self,1,minus,2,minus,3,32,32,0,0,0.0
42,F,100,ood,self,1,minus,2,plus,1,32,32,0,0,0.0
42,F,100,ood,self,1,plus,0,minus,1,32,0,0,0,
42,F,100,ood,self,1,plus,0,plus,-1,32,0,0,0,
42,F,100,ood,self,2,minus,3,plus,2,32,32,32,32,1.0
42,F,100,ood,self,2,plus,1,minus,2,32,0,0,0,
42,F,100,ood,self,2,plus,1,plus,0,32,0,0,0,
42,F,100,ood,self,3,plus,2,minus,3,32,32,32,32,1.0
42,F,100,ood,self,3,plus,2,plus,1,32,32,0,0,0.0
42,F,100,iid,gold_reencode,-3,minus,-2,minus,-1,32,32,32,32,1.0
42,F,100,iid,gold_reencode,-3,minus,-2,plus,-3,32,32,32,32,1.0
42,F,100,iid,gold_reencode,-2,minus,-1,minus,0,32,32,32,32,1.0
42,F,100,iid,gold_reencode,-2,minus,-1,plus,-2,32,32,32,32,1.0
42,F,100,iid,gold_reencode,-2,plus,-3,minus,-2,32,32,32,32,1.0
42,F,100,iid,gold_reencode,-1,minus,0,minus,1,32,32,32,32,1.0
42,F,100,iid,gold_reencode,-1,minus,0,plus,-1,32,32,32,32,1.0
42,F,100,iid,gold_reencode,-1,plus,-2,minus,-1,32,32,32,32,1.0
42,F,100,iid,gold_reencode,-1,plus,-2,plus,-3,32,32,32,32,1.0
42,F,100,iid,gold_reencode,0,minus,1,minus,2,32,32,32,32,1.0
42,F,100,iid,gold_reencode,0,minus,1,plus,0,32,32,32,32,1.0
42,F,100,iid,gold_reencode,0,plus,-1,minus,0,32,32,32,32,1.0
42,F,100,iid,gold_reencode,0,plus,-1,plus,-2,32,32,32,32,1.0
42,F,100,iid,gold_reencode,1,minus,2,minus,3,32,32,32,32,1.0
42,F,100,iid,gold_reencode,1,minus,2,plus,1,32,32,32,32,1.0
42,F,100,iid,gold_reencode,1,plus,0,minus,1,32,32,32,32,1.0
42,F,100,iid,gold_reencode,1,plus,0,plus,-1,32,32,32,32,1.0
42,F,100,iid,gold_reencode,2,minus,3,plus,2,32,32,32,32,1.0
42,F,100,iid,gold_reencode,2,plus,1,minus,2,32,32,32,32,1.0
42,F,100,iid,gold_reencode,2,plus,1,plus,0,32,32,32,32,1.0
42,F,100,iid,gold_reencode,3,plus,2,minus,3,32,32,32,32,1.0
42,F,100,iid,gold_reencode,3,plus,2,plus,1,32,32,32,32,1.0
42,F,100,ood,gold_reencode,-3,minus,-2,minus,-1,32,32,23,23,0.71875
42,F,100,ood,gold_reencode,-3,minus,-2,plus,-3,32,32,32,32,1.0
42,F,100,ood,gold_reencode,-2,minus,-1,minus,0,32,23,0,0,0.0
42,F,100,ood,gold_reencode,-2,minus,-1,plus,-2,32,23,32,23,1.0
42,F,100,ood,gold_reencode,-2,plus,-3,minus,-2,32,32,32,32,1.0
42,F,100,ood,gold_reencode,-1,minus,0,minus,1,32,0,0,0,
42,F,100,ood,gold_reencode,-1,minus,0,plus,-1,32,0,0,0,
42,F,100,ood,gold_reencode,-1,plus,-2,minus,-1,32,32,23,23,0.71875
42,F,100,ood,gold_reencode,-1,plus,-2,plus,-3,32,32,32,32,1.0
42,F,100,ood,gold_reencode,0,minus,1,minus,2,32,0,32,0,
42,F,100,ood,gold_reencode,0,minus,1,plus,0,32,0,0,0,
42,F,100,ood,gold_reencode,0,plus,-1,minus,0,32,0,0,0,
42,F,100,ood,gold_reencode,0,plus,-1,plus,-2,32,0,32,0,
42,F,100,ood,gold_reencode,1,minus,2,minus,3,32,32,32,32,1.0
42,F,100,ood,gold_reencode,1,minus,2,plus,1,32,32,0,0,0.0
42,F,100,ood,gold_reencode,1,plus,0,minus,1,32,0,0,0,
42,F,100,ood,gold_reencode,1,plus,0,plus,-1,32,0,0,0,
42,F,100,ood,gold_reencode,2,minus,3,plus,2,32,32,32,32,1.0
42,F,100,ood,gold_reencode,2,plus,1,minus,2,32,0,32,0,
42,F,100,ood,gold_reencode,2,plus,1,plus,0,32,0,0,0,
42,F,100,ood,gold_reencode,3,plus,2,minus,3,32,32,32,32,1.0
42,F,100,ood,gold_reencode,3,plus,2,plus,1,32,32,0,0,0.0
42,F,100,iid,actual_reencode,-3,minus,-2,minus,-1,32,32,32,32,1.0
42,F,100,iid,actual_reencode,-3,minus,-2,plus,-3,32,32,32,32,1.0
42,F,100,iid,actual_reencode,-2,minus,-1,minus,0,32,32,32,32,1.0
42,F,100,iid,actual_reencode,-2,minus,-1,plus,-2,32,32,32,32,1.0
42,F,100,iid,actual_reencode,-2,plus,-3,minus,-2,32,32,32,32,1.0
42,F,100,iid,actual_reencode,-1,minus,0,minus,1,32,32,32,32,1.0
42,F,100,iid,actual_reencode,-1,minus,0,plus,-1,32,32,32,32,1.0
42,F,100,iid,actual_reencode,-1,plus,-2,minus,-1,32,32,32,32,1.0
42,F,100,iid,actual_reencode,-1,plus,-2,plus,-3,32,32,32,32,1.0
42,F,100,iid,actual_reencode,0,minus,1,minus,2,32,32,32,32,1.0
42,F,100,iid,actual_reencode,0,minus,1,plus,0,32,32,32,32,1.0
42,F,100,iid,actual_reencode,0,plus,-1,minus,0,32,32,32,32,1.0
42,F,100,iid,actual_reencode,0,plus,-1,plus,-2,32,32,32,32,1.0
42,F,100,iid,actual_reencode,1,minus,2,minus,3,32,32,32,32,1.0
42,F,100,iid,actual_reencode,1,minus,2,plus,1,32,32,32,32,1.0
42,F,100,iid,actual_reencode,1,plus,0,minus,1,32,32,32,32,1.0
42,F,100,iid,actual_reencode,1,plus,0,plus,-1,32,32,32,32,1.0
42,F,100,iid,actual_reencode,2,minus,3,plus,2,32,32,32,32,1.0
42,F,100,iid,actual_reencode,2,plus,1,minus,2,32,32,32,32,1.0
42,F,100,iid,actual_reencode,2,plus,1,plus,0,32,32,32,32,1.0
42,F,100,iid,actual_reencode,3,plus,2,minus,3,32,32,32,32,1.0
42,F,100,iid,actual_reencode,3,plus,2,plus,1,32,32,32,32,1.0
42,F,100,ood,actual_reencode,-3,minus,-2,minus,-1,32,32,23,23,0.71875
42,F,100,ood,actual_reencode,-3,minus,-2,plus,-3,32,32,32,32,1.0
42,F,100,ood,actual_reencode,-2,minus,-1,minus,0,32,23,0,0,0.0
42,F,100,ood,actual_reencode,-2,minus,-1,plus,-2,32,23,32,23,1.0
42,F,100,ood,actual_reencode,-2,plus,-3,minus,-2,32,32,32,32,1.0
42,F,100,ood,actual_reencode,-1,minus,0,minus,1,32,0,0,0,
42,F,100,ood,actual_reencode,-1,minus,0,plus,-1,32,0,0,0,
42,F,100,ood,actual_reencode,-1,plus,-2,minus,-1,32,32,23,23,0.71875
42,F,100,ood,actual_reencode,-1,plus,-2,plus,-3,32,32,32,32,1.0
42,F,100,ood,actual_reencode,0,minus,1,minus,2,32,0,0,0,
42,F,100,ood,actual_reencode,0,minus,1,plus,0,32,0,3,0,
42,F,100,ood,actual_reencode,0,plus,-1,minus,0,32,0,3,0,
42,F,100,ood,actual_reencode,0,plus,-1,plus,-2,32,0,0,0,
42,F,100,ood,actual_reencode,1,minus,2,minus,3,32,32,32,32,1.0
42,F,100,ood,actual_reencode,1,minus,2,plus,1,32,32,0,0,0.0
42,F,100,ood,actual_reencode,1,plus,0,minus,1,32,0,0,0,
42,F,100,ood,actual_reencode,1,plus,0,plus,-1,32,0,0,0,
42,F,100,ood,actual_reencode,2,minus,3,plus,2,32,32,32,32,1.0
42,F,100,ood,actual_reencode,2,plus,1,minus,2,32,0,11,0,
42,F,100,ood,actual_reencode,2,plus,1,plus,0,32,0,0,0,
42,F,100,ood,actual_reencode,3,plus,2,minus,3,32,32,32,32,1.0
42,F,100,ood,actual_reencode,3,plus,2,plus,1,32,32,0,0,0.0
42,F,200,iid,fixed_T0,-3,minus,-2,minus,-1,32,32,32,32,1.0
42,F,200,iid,fixed_T0,-3,minus,-2,plus,-3,32,32,32,32,1.0
42,F,200,iid,fixed_T0,-2,minus,-1,minus,0,32,32,0,0,0.0
42,F,200,iid,fixed_T0,-2,minus,-1,plus,-2,32,32,32,32,1.0
42,F,200,iid,fixed_T0,-2,plus,-3,minus,-2,32,32,32,32,1.0
42,F,200,iid,fixed_T0,-1,minus,0,minus,1,32,32,32,32,1.0
42,F,200,iid,fixed_T0,-1,minus,0,plus,-1,32,32,32,32,1.0
42,F,200,iid,fixed_T0,-1,plus,-2,minus,-1,32,32,32,32,1.0
42,F,200,iid,fixed_T0,-1,plus,-2,plus,-3,32,32,32,32,1.0
42,F,200,iid,fixed_T0,0,minus,1,minus,2,32,32,32,32,1.0
42,F,200,iid,fixed_T0,0,minus,1,plus,0,32,32,32,32,1.0
42,F,200,iid,fixed_T0,0,plus,-1,minus,0,32,32,32,32,1.0
42,F,200,iid,fixed_T0,0,plus,-1,plus,-2,32,32,32,32,1.0
42,F,200,iid,fixed_T0,1,minus,2,minus,3,32,32,32,32,1.0
42,F,200,iid,fixed_T0,1,minus,2,plus,1,32,32,32,32,1.0
42,F,200,iid,fixed_T0,1,plus,0,minus,1,32,32,32,32,1.0
42,F,200,iid,fixed_T0,1,plus,0,plus,-1,32,32,32,32,1.0
42,F,200,iid,fixed_T0,2,minus,3,plus,2,32,32,32,32,1.0
42,F,200,iid,fixed_T0,2,plus,1,minus,2,32,32,32,32,1.0
42,F,200,iid,fixed_T0,2,plus,1,plus,0,32,32,12,12,0.375
42,F,200,iid,fixed_T0,3,plus,2,minus,3,32,32,32,32,1.0
42,F,200,iid,fixed_T0,3,plus,2,plus,1,32,32,32,32,1.0
42,F,200,ood,fixed_T0,-3,minus,-2,minus,-1,32,32,0,0,0.0
42,F,200,ood,fixed_T0,-3,minus,-2,plus,-3,32,32,21,21,0.65625
42,F,200,ood,fixed_T0,-2,minus,-1,minus,0,32,32,0,0,0.0
42,F,200,ood,fixed_T0,-2,minus,-1,plus,-2,32,32,32,32,1.0
42,F,200,ood,fixed_T0,-2,plus,-3,minus,-2,32,32,32,32,1.0
42,F,200,ood,fixed_T0,-1,minus,0,minus,1,32,0,0,0,
42,F,200,ood,fixed_T0,-1,minus,0,plus,-1,32,0,0,0,
42,F,200,ood,fixed_T0,-1,plus,-2,minus,-1,32,32,0,0,0.0
42,F,200,ood,fixed_T0,-1,plus,-2,plus,-3,32,32,0,0,0.0
42,F,200,ood,fixed_T0,0,minus,1,minus,2,32,0,0,0,
42,F,200,ood,fixed_T0,0,minus,1,plus,0,32,0,0,0,
42,F,200,ood,fixed_T0,0,plus,-1,minus,0,32,0,32,0,
42,F,200,ood,fixed_T0,0,plus,-1,plus,-2,32,0,0,0,
42,F,200,ood,fixed_T0,1,minus,2,minus,3,32,32,0,0,0.0
42,F,200,ood,fixed_T0,1,minus,2,plus,1,32,32,0,0,0.0
42,F,200,ood,fixed_T0,1,plus,0,minus,1,32,0,0,0,
42,F,200,ood,fixed_T0,1,plus,0,plus,-1,32,0,0,0,
42,F,200,ood,fixed_T0,2,minus,3,plus,2,32,32,32,32,1.0
42,F,200,ood,fixed_T0,2,plus,1,minus,2,32,0,30,0,
42,F,200,ood,fixed_T0,2,plus,1,plus,0,32,0,0,0,
42,F,200,ood,fixed_T0,3,plus,2,minus,3,32,32,32,32,1.0
42,F,200,ood,fixed_T0,3,plus,2,plus,1,32,32,0,0,0.0
42,F,200,iid,U,-3,minus,-2,minus,-1,32,32,0,0,0.0
42,F,200,iid,U,-3,minus,-2,plus,-3,32,32,32,32,1.0
42,F,200,iid,U,-2,minus,-1,minus,0,32,32,0,0,0.0
42,F,200,iid,U,-2,minus,-1,plus,-2,32,32,29,29,0.90625
42,F,200,iid,U,-2,plus,-3,minus,-2,32,32,32,32,1.0
42,F,200,iid,U,-1,minus,0,minus,1,32,32,9,9,0.28125
42,F,200,iid,U,-1,minus,0,plus,-1,32,32,25,25,0.78125
42,F,200,iid,U,-1,plus,-2,minus,-1,32,32,32,32,1.0
42,F,200,iid,U,-1,plus,-2,plus,-3,32,32,0,0,0.0
42,F,200,iid,U,0,minus,1,minus,2,32,32,32,32,1.0
42,F,200,iid,U,0,minus,1,plus,0,32,32,32,32,1.0
42,F,200,iid,U,0,plus,-1,minus,0,32,32,32,32,1.0
42,F,200,iid,U,0,plus,-1,plus,-2,32,32,32,32,1.0
42,F,200,iid,U,1,minus,2,minus,3,32,32,26,26,0.8125
42,F,200,iid,U,1,minus,2,plus,1,32,32,32,32,1.0
42,F,200,iid,U,1,plus,0,minus,1,32,32,32,32,1.0
42,F,200,iid,U,1,plus,0,plus,-1,32,32,32,32,1.0
42,F,200,iid,U,2,minus,3,plus,2,32,32,32,32,1.0
42,F,200,iid,U,2,plus,1,minus,2,32,32,32,32,1.0
42,F,200,iid,U,2,plus,1,plus,0,32,32,0,0,0.0
42,F,200,iid,U,3,plus,2,minus,3,32,32,32,32,1.0
42,F,200,iid,U,3,plus,2,plus,1,32,32,0,0,0.0
42,F,200,ood,U,-3,minus,-2,minus,-1,32,32,0,0,0.0
42,F,200,ood,U,-3,minus,-2,plus,-3,32,32,30,30,0.9375
42,F,200,ood,U,-2,minus,-1,minus,0,32,16,0,0,0.0
42,F,200,ood,U,-2,minus,-1,plus,-2,32,16,32,16,1.0
42,F,200,ood,U,-2,plus,-3,minus,-2,32,32,32,32,1.0
42,F,200,ood,U,-1,minus,0,minus,1,32,0,0,0,
42,F,200,ood,U,-1,minus,0,plus,-1,32,0,0,0,
42,F,200,ood,U,-1,plus,-2,minus,-1,32,30,0,0,0.0
42,F,200,ood,U,-1,plus,-2,plus,-3,32,30,0,0,0.0
42,F,200,ood,U,0,minus,1,minus,2,32,0,0,0,
42,F,200,ood,U,0,minus,1,plus,0,32,0,1,0,
42,F,200,ood,U,0,plus,-1,minus,0,32,0,32,0,
42,F,200,ood,U,0,plus,-1,plus,-2,32,0,0,0,
42,F,200,ood,U,1,minus,2,minus,3,32,32,0,0,0.0
42,F,200,ood,U,1,minus,2,plus,1,32,32,0,0,0.0
42,F,200,ood,U,1,plus,0,minus,1,32,0,0,0,
42,F,200,ood,U,1,plus,0,plus,-1,32,0,0,0,
42,F,200,ood,U,2,minus,3,plus,2,32,32,32,32,1.0
42,F,200,ood,U,2,plus,1,minus,2,32,0,32,0,
42,F,200,ood,U,2,plus,1,plus,0,32,0,0,0,
42,F,200,ood,U,3,plus,2,minus,3,32,32,27,27,0.84375
42,F,200,ood,U,3,plus,2,plus,1,32,32,0,0,0.0
42,F,200,iid,self,-3,minus,-2,minus,-1,32,32,32,32,1.0
42,F,200,iid,self,-3,minus,-2,plus,-3,32,32,24,24,0.75
42,F,200,iid,self,-2,minus,-1,minus,0,32,32,0,0,0.0
42,F,200,iid,self,-2,minus,-1,plus,-2,32,32,18,18,0.5625
42,F,200,iid,self,-2,plus,-3,minus,-2,32,32,3,3,0.09375
42,F,200,iid,self,-1,minus,0,minus,1,32,32,3,3,0.09375
42,F,200,iid,self,-1,minus,0,plus,-1,32,32,0,0,0.0
42,F,200,iid,self,-1,plus,-2,minus,-1,32,32,32,32,1.0
42,F,200,iid,self,-1,plus,-2,plus,-3,32,32,0,0,0.0
42,F,200,iid,self,0,minus,1,minus,2,32,32,32,32,1.0
42,F,200,iid,self,0,minus,1,plus,0,32,32,5,5,0.15625
42,F,200,iid,self,0,plus,-1,minus,0,32,32,30,30,0.9375
42,F,200,iid,self,0,plus,-1,plus,-2,32,32,0,0,0.0
42,F,200,iid,self,1,minus,2,minus,3,32,32,32,32,1.0
42,F,200,iid,self,1,minus,2,plus,1,32,32,10,10,0.3125
42,F,200,iid,self,1,plus,0,minus,1,32,32,32,32,1.0
42,F,200,iid,self,1,plus,0,plus,-1,32,32,1,1,0.03125
42,F,200,iid,self,2,minus,3,plus,2,32,32,32,32,1.0
42,F,200,iid,self,2,plus,1,minus,2,32,32,0,0,0.0
42,F,200,iid,self,2,plus,1,plus,0,32,32,0,0,0.0
42,F,200,iid,self,3,plus,2,minus,3,32,32,32,32,1.0
42,F,200,iid,self,3,plus,2,plus,1,32,32,0,0,0.0
42,F,200,ood,self,-3,minus,-2,minus,-1,32,32,0,0,0.0
42,F,200,ood,self,-3,minus,-2,plus,-3,32,32,32,32,1.0
42,F,200,ood,self,-2,minus,-1,minus,0,32,6,0,0,0.0
42,F,200,ood,self,-2,minus,-1,plus,-2,32,6,32,6,1.0
42,F,200,ood,self,-2,plus,-3,minus,-2,32,32,26,26,0.8125
42,F,200,ood,self,-1,minus,0,minus,1,32,0,0,0,
42,F,200,ood,self,-1,minus,0,plus,-1,32,0,0,0,
42,F,200,ood,self,-1,plus,-2,minus,-1,32,32,0,0,0.0
42,F,200,ood,self,-1,plus,-2,plus,-3,32,32,0,0,0.0
42,F,200,ood,self,0,minus,1,minus,2,32,0,0,0,
42,F,200,ood,self,0,minus,1,plus,0,32,0,0,0,
42,F,200,ood,self,0,plus,-1,minus,0,32,0,6,0,
42,F,200,ood,self,0,plus,-1,plus,-2,32,0,0,0,
42,F,200,ood,self,1,minus,2,minus,3,32,32,0,0,0.0
42,F,200,ood,self,1,minus,2,plus,1,32,32,0,0,0.0
42,F,200,ood,self,1,plus,0,minus,1,32,0,0,0,
42,F,200,ood,self,1,plus,0,plus,-1,32,0,0,0,
42,F,200,ood,self,2,minus,3,plus,2,32,32,32,32,1.0
42,F,200,ood,self,2,plus,1,minus,2,32,0,0,0,
42,F,200,ood,self,2,plus,1,plus,0,32,0,0,0,
42,F,200,ood,self,3,plus,2,minus,3,32,32,30,30,0.9375
42,F,200,ood,self,3,plus,2,plus,1,32,32,0,0,0.0
42,F,200,iid,gold_reencode,-3,minus,-2,minus,-1,32,32,32,32,1.0
42,F,200,iid,gold_reencode,-3,minus,-2,plus,-3,32,32,32,32,1.0
42,F,200,iid,gold_reencode,-2,minus,-1,minus,0,32,32,32,32,1.0
42,F,200,iid,gold_reencode,-2,minus,-1,plus,-2,32,32,32,32,1.0
42,F,200,iid,gold_reencode,-2,plus,-3,minus,-2,32,32,32,32,1.0
42,F,200,iid,gold_reencode,-1,minus,0,minus,1,32,32,32,32,1.0
42,F,200,iid,gold_reencode,-1,minus,0,plus,-1,32,32,32,32,1.0
42,F,200,iid,gold_reencode,-1,plus,-2,minus,-1,32,32,32,32,1.0
42,F,200,iid,gold_reencode,-1,plus,-2,plus,-3,32,32,32,32,1.0
42,F,200,iid,gold_reencode,0,minus,1,minus,2,32,32,32,32,1.0
42,F,200,iid,gold_reencode,0,minus,1,plus,0,32,32,32,32,1.0
42,F,200,iid,gold_reencode,0,plus,-1,minus,0,32,32,32,32,1.0
42,F,200,iid,gold_reencode,0,plus,-1,plus,-2,32,32,32,32,1.0
42,F,200,iid,gold_reencode,1,minus,2,minus,3,32,32,32,32,1.0
42,F,200,iid,gold_reencode,1,minus,2,plus,1,32,32,32,32,1.0
42,F,200,iid,gold_reencode,1,plus,0,minus,1,32,32,32,32,1.0
42,F,200,iid,gold_reencode,1,plus,0,plus,-1,32,32,32,32,1.0
42,F,200,iid,gold_reencode,2,minus,3,plus,2,32,32,32,32,1.0
42,F,200,iid,gold_reencode,2,plus,1,minus,2,32,32,32,32,1.0
42,F,200,iid,gold_reencode,2,plus,1,plus,0,32,32,32,32,1.0
42,F,200,iid,gold_reencode,3,plus,2,minus,3,32,32,32,32,1.0
42,F,200,iid,gold_reencode,3,plus,2,plus,1,32,32,32,32,1.0
42,F,200,ood,gold_reencode,-3,minus,-2,minus,-1,32,32,6,6,0.1875
42,F,200,ood,gold_reencode,-3,minus,-2,plus,-3,32,32,32,32,1.0
42,F,200,ood,gold_reencode,-2,minus,-1,minus,0,32,6,0,0,0.0
42,F,200,ood,gold_reencode,-2,minus,-1,plus,-2,32,6,32,6,1.0
42,F,200,ood,gold_reencode,-2,plus,-3,minus,-2,32,32,32,32,1.0
42,F,200,ood,gold_reencode,-1,minus,0,minus,1,32,0,0,0,
42,F,200,ood,gold_reencode,-1,minus,0,plus,-1,32,0,0,0,
42,F,200,ood,gold_reencode,-1,plus,-2,minus,-1,32,32,6,6,0.1875
42,F,200,ood,gold_reencode,-1,plus,-2,plus,-3,32,32,32,32,1.0
42,F,200,ood,gold_reencode,0,minus,1,minus,2,32,0,32,0,
42,F,200,ood,gold_reencode,0,minus,1,plus,0,32,0,0,0,
42,F,200,ood,gold_reencode,0,plus,-1,minus,0,32,0,0,0,
42,F,200,ood,gold_reencode,0,plus,-1,plus,-2,32,0,32,0,
42,F,200,ood,gold_reencode,1,minus,2,minus,3,32,32,32,32,1.0
42,F,200,ood,gold_reencode,1,minus,2,plus,1,32,32,0,0,0.0
42,F,200,ood,gold_reencode,1,plus,0,minus,1,32,0,0,0,
42,F,200,ood,gold_reencode,1,plus,0,plus,-1,32,0,0,0,
42,F,200,ood,gold_reencode,2,minus,3,plus,2,32,32,32,32,1.0
42,F,200,ood,gold_reencode,2,plus,1,minus,2,32,0,32,0,
42,F,200,ood,gold_reencode,2,plus,1,plus,0,32,0,0,0,
42,F,200,ood,gold_reencode,3,plus,2,minus,3,32,32,32,32,1.0
42,F,200,ood,gold_reencode,3,plus,2,plus,1,32,32,0,0,0.0
42,F,200,iid,actual_reencode,-3,minus,-2,minus,-1,32,32,32,32,1.0
42,F,200,iid,actual_reencode,-3,minus,-2,plus,-3,32,32,32,32,1.0
42,F,200,iid,actual_reencode,-2,minus,-1,minus,0,32,32,32,32,1.0
42,F,200,iid,actual_reencode,-2,minus,-1,plus,-2,32,32,32,32,1.0
42,F,200,iid,actual_reencode,-2,plus,-3,minus,-2,32,32,32,32,1.0
42,F,200,iid,actual_reencode,-1,minus,0,minus,1,32,32,32,32,1.0
42,F,200,iid,actual_reencode,-1,minus,0,plus,-1,32,32,32,32,1.0
42,F,200,iid,actual_reencode,-1,plus,-2,minus,-1,32,32,32,32,1.0
42,F,200,iid,actual_reencode,-1,plus,-2,plus,-3,32,32,32,32,1.0
42,F,200,iid,actual_reencode,0,minus,1,minus,2,32,32,32,32,1.0
42,F,200,iid,actual_reencode,0,minus,1,plus,0,32,32,32,32,1.0
42,F,200,iid,actual_reencode,0,plus,-1,minus,0,32,32,32,32,1.0
42,F,200,iid,actual_reencode,0,plus,-1,plus,-2,32,32,32,32,1.0
42,F,200,iid,actual_reencode,1,minus,2,minus,3,32,32,32,32,1.0
42,F,200,iid,actual_reencode,1,minus,2,plus,1,32,32,32,32,1.0
42,F,200,iid,actual_reencode,1,plus,0,minus,1,32,32,32,32,1.0
42,F,200,iid,actual_reencode,1,plus,0,plus,-1,32,32,32,32,1.0
42,F,200,iid,actual_reencode,2,minus,3,plus,2,32,32,32,32,1.0
42,F,200,iid,actual_reencode,2,plus,1,minus,2,32,32,32,32,1.0
42,F,200,iid,actual_reencode,2,plus,1,plus,0,32,32,32,32,1.0
42,F,200,iid,actual_reencode,3,plus,2,minus,3,32,32,32,32,1.0
42,F,200,iid,actual_reencode,3,plus,2,plus,1,32,32,32,32,1.0
42,F,200,ood,actual_reencode,-3,minus,-2,minus,-1,32,32,6,6,0.1875
42,F,200,ood,actual_reencode,-3,minus,-2,plus,-3,32,32,32,32,1.0
42,F,200,ood,actual_reencode,-2,minus,-1,minus,0,32,6,0,0,0.0
42,F,200,ood,actual_reencode,-2,minus,-1,plus,-2,32,6,30,6,1.0
42,F,200,ood,actual_reencode,-2,plus,-3,minus,-2,32,32,32,32,1.0
42,F,200,ood,actual_reencode,-1,minus,0,minus,1,32,0,0,0,
42,F,200,ood,actual_reencode,-1,minus,0,plus,-1,32,0,0,0,
42,F,200,ood,actual_reencode,-1,plus,-2,minus,-1,32,32,6,6,0.1875
42,F,200,ood,actual_reencode,-1,plus,-2,plus,-3,32,32,32,32,1.0
42,F,200,ood,actual_reencode,0,minus,1,minus,2,32,0,0,0,
42,F,200,ood,actual_reencode,0,minus,1,plus,0,32,0,0,0,
42,F,200,ood,actual_reencode,0,plus,-1,minus,0,32,0,0,0,
42,F,200,ood,actual_reencode,0,plus,-1,plus,-2,32,0,0,0,
42,F,200,ood,actual_reencode,1,minus,2,minus,3,32,32,32,32,1.0
42,F,200,ood,actual_reencode,1,minus,2,plus,1,32,32,0,0,0.0
42,F,200,ood,actual_reencode,1,plus,0,minus,1,32,0,0,0,
42,F,200,ood,actual_reencode,1,plus,0,plus,-1,32,0,0,0,
42,F,200,ood,actual_reencode,2,minus,3,plus,2,32,32,32,32,1.0
42,F,200,ood,actual_reencode,2,plus,1,minus,2,32,0,0,0,
42,F,200,ood,actual_reencode,2,plus,1,plus,0,32,0,0,0,
42,F,200,ood,actual_reencode,3,plus,2,minus,3,32,32,32,32,1.0
42,F,200,ood,actual_reencode,3,plus,2,plus,1,32,32,0,0,0.0
42,R,100,iid,fixed_T0,-3,minus,-2,minus,-1,32,32,0,0,0.0
42,R,100,iid,fixed_T0,-3,minus,-2,plus,-3,32,32,9,9,0.28125
42,R,100,iid,fixed_T0,-2,minus,-1,minus,0,32,32,0,0,0.0
42,R,100,iid,fixed_T0,-2,minus,-1,plus,-2,32,32,30,30,0.9375
42,R,100,iid,fixed_T0,-2,plus,-3,minus,-2,32,32,32,32,1.0
42,R,100,iid,fixed_T0,-1,minus,0,minus,1,32,32,0,0,0.0
42,R,100,iid,fixed_T0,-1,minus,0,plus,-1,32,32,0,0,0.0
42,R,100,iid,fixed_T0,-1,plus,-2,minus,-1,32,32,32,32,1.0
42,R,100,iid,fixed_T0,-1,plus,-2,plus,-3,32,32,0,0,0.0
42,R,100,iid,fixed_T0,0,minus,1,minus,2,32,32,0,0,0.0
42,R,100,iid,fixed_T0,0,minus,1,plus,0,32,32,32,32,1.0
42,R,100,iid,fixed_T0,0,plus,-1,minus,0,32,32,5,5,0.15625
42,R,100,iid,fixed_T0,0,plus,-1,plus,-2,32,32,32,32,1.0
42,R,100,iid,fixed_T0,1,minus,2,minus,3,32,32,1,1,0.03125
42,R,100,iid,fixed_T0,1,minus,2,plus,1,32,32,32,32,1.0
42,R,100,iid,fixed_T0,1,plus,0,minus,1,32,32,32,32,1.0
42,R,100,iid,fixed_T0,1,plus,0,plus,-1,32,32,9,9,0.28125
42,R,100,iid,fixed_T0,2,minus,3,plus,2,32,32,32,32,1.0
42,R,100,iid,fixed_T0,2,plus,1,minus,2,32,32,32,32,1.0
42,R,100,iid,fixed_T0,2,plus,1,plus,0,32,32,0,0,0.0
42,R,100,iid,fixed_T0,3,plus,2,minus,3,32,32,0,0,0.0
42,R,100,iid,fixed_T0,3,plus,2,plus,1,32,32,32,32,1.0
42,R,100,ood,fixed_T0,-3,minus,-2,minus,-1,32,32,0,0,0.0
42,R,100,ood,fixed_T0,-3,minus,-2,plus,-3,32,32,0,0,0.0
42,R,100,ood,fixed_T0,-2,minus,-1,minus,0,32,32,0,0,0.0
42,R,100,ood,fixed_T0,-2,minus,-1,plus,-2,32,32,32,32,1.0
42,R,100,ood,fixed_T0,-2,plus,-3,minus,-2,32,32,32,32,1.0
42,R,100,ood,fixed_T0,-1,minus,0,minus,1,32,0,0,0,
42,R,100,ood,fixed_T0,-1,minus,0,plus,-1,32,0,0,0,
42,R,100,ood,fixed_T0,-1,plus,-2,minus,-1,32,32,0,0,0.0
42,R,100,ood,fixed_T0,-1,plus,-2,plus,-3,32,32,0,0,0.0
42,R,100,ood,fixed_T0,0,minus,1,minus,2,32,0,0,0,
42,R,100,ood,fixed_T0,0,minus,1,plus,0,32,0,25,0,
42,R,100,ood,fixed_T0,0,plus,-1,minus,0,32,0,0,0,
42,R,100,ood,fixed_T0,0,plus,-1,plus,-2,32,0,0,0,
42,R,100,ood,fixed_T0,1,minus,2,minus,3,32,32,0,0,0.0
42,R,100,ood,fixed_T0,1,minus,2,plus,1,32,32,0,0,0.0
42,R,100,ood,fixed_T0,1,plus,0,minus,1,32,0,0,0,
42,R,100,ood,fixed_T0,1,plus,0,plus,-1,32,0,0,0,
42,R,100,ood,fixed_T0,2,minus,3,plus,2,32,32,2,2,0.0625
42,R,100,ood,fixed_T0,2,plus,1,minus,2,32,0,32,0,
42,R,100,ood,fixed_T0,2,plus,1,plus,0,32,0,0,0,
42,R,100,ood,fixed_T0,3,plus,2,minus,3,32,32,0,0,0.0
42,R,100,ood,fixed_T0,3,plus,2,plus,1,32,32,0,0,0.0
42,R,100,iid,U,-3,minus,-2,minus,-1,32,32,0,0,0.0
42,R,100,iid,U,-3,minus,-2,plus,-3,32,32,0,0,0.0
42,R,100,iid,U,-2,minus,-1,minus,0,32,32,0,0,0.0
42,R,100,iid,U,-2,minus,-1,plus,-2,32,32,32,32,1.0
42,R,100,iid,U,-2,plus,-3,minus,-2,32,32,32,32,1.0
42,R,100,iid,U,-1,minus,0,minus,1,32,32,0,0,0.0
42,R,100,iid,U,-1,minus,0,plus,-1,32,32,0,0,0.0
42,R,100,iid,U,-1,plus,-2,minus,-1,32,32,29,29,0.90625
42,R,100,iid,U,-1,plus,-2,plus,-3,32,32,0,0,0.0
42,R,100,iid,U,0,minus,1,minus,2,32,32,17,17,0.53125
42,R,100,iid,U,0,minus,1,plus,0,32,32,30,30,0.9375
42,R,100,iid,U,0,plus,-1,minus,0,32,32,23,23,0.71875
42,R,100,iid,U,0,plus,-1,plus,-2,32,32,32,32,1.0
42,R,100,iid,U,1,minus,2,minus,3,32,32,0,0,0.0
42,R,100,iid,U,1,minus,2,plus,1,32,32,27,27,0.84375
42,R,100,iid,U,1,plus,0,minus,1,32,32,32,32,1.0
42,R,100,iid,U,1,plus,0,plus,-1,32,32,0,0,0.0
42,R,100,iid,U,2,minus,3,plus,2,32,32,32,32,1.0
42,R,100,iid,U,2,plus,1,minus,2,32,32,32,32,1.0
42,R,100,iid,U,2,plus,1,plus,0,32,32,0,0,0.0
42,R,100,iid,U,3,plus,2,minus,3,32,32,0,0,0.0
42,R,100,iid,U,3,plus,2,plus,1,32,32,0,0,0.0
42,R,100,ood,U,-3,minus,-2,minus,-1,32,32,0,0,0.0
42,R,100,ood,U,-3,minus,-2,plus,-3,32,32,0,0,0.0
42,R,100,ood,U,-2,minus,-1,minus,0,32,16,0,0,0.0
42,R,100,ood,U,-2,minus,-1,plus,-2,32,16,31,15,0.9375
42,R,100,ood,U,-2,plus,-3,minus,-2,32,32,32,32,1.0
42,R,100,ood,U,-1,minus,0,minus,1,32,0,0,0,
42,R,100,ood,U,-1,minus,0,plus,-1,32,0,0,0,
42,R,100,ood,U,-1,plus,-2,minus,-1,32,30,0,0,0.0
42,R,100,ood,U,-1,plus,-2,plus,-3,32,30,0,0,0.0
42,R,100,ood,U,0,minus,1,minus,2,32,0,0,0,
42,R,100,ood,U,0,minus,1,plus,0,32,0,21,0,
42,R,100,ood,U,0,plus,-1,minus,0,32,0,8,0,
42,R,100,ood,U,0,plus,-1,plus,-2,32,0,0,0,
42,R,100,ood,U,1,minus,2,minus,3,32,32,0,0,0.0
42,R,100,ood,U,1,minus,2,plus,1,32,32,0,0,0.0
42,R,100,ood,U,1,plus,0,minus,1,32,0,0,0,
42,R,100,ood,U,1,plus,0,plus,-1,32,0,0,0,
42,R,100,ood,U,2,minus,3,plus,2,32,32,0,0,0.0
42,R,100,ood,U,2,plus,1,minus,2,32,0,32,0,
42,R,100,ood,U,2,plus,1,plus,0,32,0,0,0,
42,R,100,ood,U,3,plus,2,minus,3,32,32,0,0,0.0
42,R,100,ood,U,3,plus,2,plus,1,32,32,0,0,0.0
42,R,100,iid,self,-3,minus,-2,minus,-1,32,32,31,31,0.96875
42,R,100,iid,self,-3,minus,-2,plus,-3,32,32,32,32,1.0
42,R,100,iid,self,-2,minus,-1,minus,0,32,32,0,0,0.0
42,R,100,iid,self,-2,minus,-1,plus,-2,32,32,3,3,0.09375
42,R,100,iid,self,-2,plus,-3,minus,-2,32,32,32,32,1.0
42,R,100,iid,self,-1,minus,0,minus,1,32,32,26,26,0.8125
42,R,100,iid,self,-1,minus,0,plus,-1,32,32,32,32,1.0
42,R,100,iid,self,-1,plus,-2,minus,-1,32,32,32,32,1.0
42,R,100,iid,self,-1,plus,-2,plus,-3,32,32,32,32,1.0
42,R,100,iid,self,0,minus,1,minus,2,32,32,22,22,0.6875
42,R,100,iid,self,0,minus,1,plus,0,32,32,32,32,1.0
42,R,100,iid,self,0,plus,-1,minus,0,32,32,32,32,1.0
42,R,100,iid,self,0,plus,-1,plus,-2,32,32,27,27,0.84375
42,R,100,iid,self,1,minus,2,minus,3,32,32,2,2,0.0625
42,R,100,iid,self,1,minus,2,plus,1,32,32,32,32,1.0
42,R,100,iid,self,1,plus,0,minus,1,32,32,32,32,1.0
42,R,100,iid,self,1,plus,0,plus,-1,32,32,11,11,0.34375
42,R,100,iid,self,2,minus,3,plus,2,32,32,30,30,0.9375
42,R,100,iid,self,2,plus,1,minus,2,32,32,18,18,0.5625
42,R,100,iid,self,2,plus,1,plus,0,32,32,0,0,0.0
42,R,100,iid,self,3,plus,2,minus,3,32,32,32,32,1.0
42,R,100,iid,self,3,plus,2,plus,1,32,32,32,32,1.0
42,R,100,ood,self,-3,minus,-2,minus,-1,32,32,0,0,0.0
42,R,100,ood,self,-3,minus,-2,plus,-3,32,32,32,32,1.0
42,R,100,ood,self,-2,minus,-1,minus,0,32,28,0,0,0.0
42,R,100,ood,self,-2,minus,-1,plus,-2,32,28,0,0,0.0
42,R,100,ood,self,-2,plus,-3,minus,-2,32,32,25,25,0.78125
42,R,100,ood,self,-1,minus,0,minus,1,32,0,0,0,
42,R,100,ood,self,-1,minus,0,plus,-1,32,0,0,0,
42,R,100,ood,self,-1,plus,-2,minus,-1,32,32,0,0,0.0
42,R,100,ood,self,-1,plus,-2,plus,-3,32,32,4,4,0.125
42,R,100,ood,self,0,minus,1,minus,2,32,0,0,0,
42,R,100,ood,self,0,minus,1,plus,0,32,0,6,0,
42,R,100,ood,self,0,plus,-1,minus,0,32,0,11,0,
42,R,100,ood,self,0,plus,-1,plus,-2,32,0,0,0,
42,R,100,ood,self,1,minus,2,minus,3,32,32,0,0,0.0
42,R,100,ood,self,1,minus,2,plus,1,32,32,0,0,0.0
42,R,100,ood,self,1,plus,0,minus,1,32,0,0,0,
42,R,100,ood,self,1,plus,0,plus,-1,32,0,0,0,
42,R,100,ood,self,2,minus,3,plus,2,32,32,0,0,0.0
42,R,100,ood,self,2,plus,1,minus,2,32,0,0,0,
42,R,100,ood,self,2,plus,1,plus,0,32,0,0,0,
42,R,100,ood,self,3,plus,2,minus,3,32,32,32,32,1.0
42,R,100,ood,self,3,plus,2,plus,1,32,32,0,0,0.0
42,R,100,iid,gold_reencode,-3,minus,-2,minus,-1,32,32,32,32,1.0
42,R,100,iid,gold_reencode,-3,minus,-2,plus,-3,32,32,32,32,1.0
42,R,100,iid,gold_reencode,-2,minus,-1,minus,0,32,32,32,32,1.0
42,R,100,iid,gold_reencode,-2,minus,-1,plus,-2,32,32,32,32,1.0
42,R,100,iid,gold_reencode,-2,plus,-3,minus,-2,32,32,32,32,1.0
42,R,100,iid,gold_reencode,-1,minus,0,minus,1,32,32,32,32,1.0
42,R,100,iid,gold_reencode,-1,minus,0,plus,-1,32,32,32,32,1.0
42,R,100,iid,gold_reencode,-1,plus,-2,minus,-1,32,32,32,32,1.0
42,R,100,iid,gold_reencode,-1,plus,-2,plus,-3,32,32,32,32,1.0
42,R,100,iid,gold_reencode,0,minus,1,minus,2,32,32,32,32,1.0
42,R,100,iid,gold_reencode,0,minus,1,plus,0,32,32,32,32,1.0
42,R,100,iid,gold_reencode,0,plus,-1,minus,0,32,32,32,32,1.0
42,R,100,iid,gold_reencode,0,plus,-1,plus,-2,32,32,32,32,1.0
42,R,100,iid,gold_reencode,1,minus,2,minus,3,32,32,32,32,1.0
42,R,100,iid,gold_reencode,1,minus,2,plus,1,32,32,32,32,1.0
42,R,100,iid,gold_reencode,1,plus,0,minus,1,32,32,32,32,1.0
42,R,100,iid,gold_reencode,1,plus,0,plus,-1,32,32,32,32,1.0
42,R,100,iid,gold_reencode,2,minus,3,plus,2,32,32,32,32,1.0
42,R,100,iid,gold_reencode,2,plus,1,minus,2,32,32,32,32,1.0
42,R,100,iid,gold_reencode,2,plus,1,plus,0,32,32,32,32,1.0
42,R,100,iid,gold_reencode,3,plus,2,minus,3,32,32,32,32,1.0
42,R,100,iid,gold_reencode,3,plus,2,plus,1,32,32,32,32,1.0
42,R,100,ood,gold_reencode,-3,minus,-2,minus,-1,32,32,28,28,0.875
42,R,100,ood,gold_reencode,-3,minus,-2,plus,-3,32,32,32,32,1.0
42,R,100,ood,gold_reencode,-2,minus,-1,minus,0,32,28,0,0,0.0
42,R,100,ood,gold_reencode,-2,minus,-1,plus,-2,32,28,32,28,1.0
42,R,100,ood,gold_reencode,-2,plus,-3,minus,-2,32,32,32,32,1.0
42,R,100,ood,gold_reencode,-1,minus,0,minus,1,32,0,0,0,
42,R,100,ood,gold_reencode,-1,minus,0,plus,-1,32,0,0,0,
42,R,100,ood,gold_reencode,-1,plus,-2,minus,-1,32,32,28,28,0.875
42,R,100,ood,gold_reencode,-1,plus,-2,plus,-3,32,32,32,32,1.0
42,R,100,ood,gold_reencode,0,minus,1,minus,2,32,0,32,0,
42,R,100,ood,gold_reencode,0,minus,1,plus,0,32,0,0,0,
42,R,100,ood,gold_reencode,0,plus,-1,minus,0,32,0,0,0,
42,R,100,ood,gold_reencode,0,plus,-1,plus,-2,32,0,32,0,
42,R,100,ood,gold_reencode,1,minus,2,minus,3,32,32,32,32,1.0
42,R,100,ood,gold_reencode,1,minus,2,plus,1,32,32,0,0,0.0
42,R,100,ood,gold_reencode,1,plus,0,minus,1,32,0,0,0,
42,R,100,ood,gold_reencode,1,plus,0,plus,-1,32,0,0,0,
42,R,100,ood,gold_reencode,2,minus,3,plus,2,32,32,32,32,1.0
42,R,100,ood,gold_reencode,2,plus,1,minus,2,32,0,32,0,
42,R,100,ood,gold_reencode,2,plus,1,plus,0,32,0,0,0,
42,R,100,ood,gold_reencode,3,plus,2,minus,3,32,32,32,32,1.0
42,R,100,ood,gold_reencode,3,plus,2,plus,1,32,32,0,0,0.0
42,R,100,iid,actual_reencode,-3,minus,-2,minus,-1,32,32,32,32,1.0
42,R,100,iid,actual_reencode,-3,minus,-2,plus,-3,32,32,32,32,1.0
42,R,100,iid,actual_reencode,-2,minus,-1,minus,0,32,32,32,32,1.0
42,R,100,iid,actual_reencode,-2,minus,-1,plus,-2,32,32,32,32,1.0
42,R,100,iid,actual_reencode,-2,plus,-3,minus,-2,32,32,32,32,1.0
42,R,100,iid,actual_reencode,-1,minus,0,minus,1,32,32,32,32,1.0
42,R,100,iid,actual_reencode,-1,minus,0,plus,-1,32,32,32,32,1.0
42,R,100,iid,actual_reencode,-1,plus,-2,minus,-1,32,32,32,32,1.0
42,R,100,iid,actual_reencode,-1,plus,-2,plus,-3,32,32,32,32,1.0
42,R,100,iid,actual_reencode,0,minus,1,minus,2,32,32,32,32,1.0
42,R,100,iid,actual_reencode,0,minus,1,plus,0,32,32,32,32,1.0
42,R,100,iid,actual_reencode,0,plus,-1,minus,0,32,32,32,32,1.0
42,R,100,iid,actual_reencode,0,plus,-1,plus,-2,32,32,32,32,1.0
42,R,100,iid,actual_reencode,1,minus,2,minus,3,32,32,32,32,1.0
42,R,100,iid,actual_reencode,1,minus,2,plus,1,32,32,32,32,1.0
42,R,100,iid,actual_reencode,1,plus,0,minus,1,32,32,32,32,1.0
42,R,100,iid,actual_reencode,1,plus,0,plus,-1,32,32,32,32,1.0
42,R,100,iid,actual_reencode,2,minus,3,plus,2,32,32,32,32,1.0
42,R,100,iid,actual_reencode,2,plus,1,minus,2,32,32,32,32,1.0
42,R,100,iid,actual_reencode,2,plus,1,plus,0,32,32,32,32,1.0
42,R,100,iid,actual_reencode,3,plus,2,minus,3,32,32,32,32,1.0
42,R,100,iid,actual_reencode,3,plus,2,plus,1,32,32,32,32,1.0
42,R,100,ood,actual_reencode,-3,minus,-2,minus,-1,32,32,28,28,0.875
42,R,100,ood,actual_reencode,-3,minus,-2,plus,-3,32,32,32,32,1.0
42,R,100,ood,actual_reencode,-2,minus,-1,minus,0,32,28,0,0,0.0
42,R,100,ood,actual_reencode,-2,minus,-1,plus,-2,32,28,31,28,1.0
42,R,100,ood,actual_reencode,-2,plus,-3,minus,-2,32,32,32,32,1.0
42,R,100,ood,actual_reencode,-1,minus,0,minus,1,32,0,0,0,
42,R,100,ood,actual_reencode,-1,minus,0,plus,-1,32,0,0,0,
42,R,100,ood,actual_reencode,-1,plus,-2,minus,-1,32,32,28,28,0.875
42,R,100,ood,actual_reencode,-1,plus,-2,plus,-3,32,32,32,32,1.0
42,R,100,ood,actual_reencode,0,minus,1,minus,2,32,0,0,0,
42,R,100,ood,actual_reencode,0,minus,1,plus,0,32,0,2,0,
42,R,100,ood,actual_reencode,0,plus,-1,minus,0,32,0,2,0,
42,R,100,ood,actual_reencode,0,plus,-1,plus,-2,32,0,0,0,
42,R,100,ood,actual_reencode,1,minus,2,minus,3,32,32,32,32,1.0
42,R,100,ood,actual_reencode,1,minus,2,plus,1,32,32,0,0,0.0
42,R,100,ood,actual_reencode,1,plus,0,minus,1,32,0,0,0,
42,R,100,ood,actual_reencode,1,plus,0,plus,-1,32,0,0,0,
42,R,100,ood,actual_reencode,2,minus,3,plus,2,32,32,32,32,1.0
42,R,100,ood,actual_reencode,2,plus,1,minus,2,32,0,0,0,
42,R,100,ood,actual_reencode,2,plus,1,plus,0,32,0,0,0,
42,R,100,ood,actual_reencode,3,plus,2,minus,3,32,32,32,32,1.0
42,R,100,ood,actual_reencode,3,plus,2,plus,1,32,32,0,0,0.0
42,R,200,iid,fixed_T0,-3,minus,-2,minus,-1,32,32,0,0,0.0
42,R,200,iid,fixed_T0,-3,minus,-2,plus,-3,32,32,0,0,0.0
42,R,200,iid,fixed_T0,-2,minus,-1,minus,0,32,32,0,0,0.0
42,R,200,iid,fixed_T0,-2,minus,-1,plus,-2,32,32,32,32,1.0
42,R,200,iid,fixed_T0,-2,plus,-3,minus,-2,32,32,32,32,1.0
42,R,200,iid,fixed_T0,-1,minus,0,minus,1,32,32,32,32,1.0
42,R,200,iid,fixed_T0,-1,minus,0,plus,-1,32,32,32,32,1.0
42,R,200,iid,fixed_T0,-1,plus,-2,minus,-1,32,32,32,32,1.0
42,R,200,iid,fixed_T0,-1,plus,-2,plus,-3,32,32,0,0,0.0
42,R,200,iid,fixed_T0,0,minus,1,minus,2,32,32,29,29,0.90625
42,R,200,iid,fixed_T0,0,minus,1,plus,0,32,32,32,32,1.0
42,R,200,iid,fixed_T0,0,plus,-1,minus,0,32,32,2,2,0.0625
42,R,200,iid,fixed_T0,0,plus,-1,plus,-2,32,32,0,0,0.0
42,R,200,iid,fixed_T0,1,minus,2,minus,3,32,32,0,0,0.0
42,R,200,iid,fixed_T0,1,minus,2,plus,1,32,32,32,32,1.0
42,R,200,iid,fixed_T0,1,plus,0,minus,1,32,32,32,32,1.0
42,R,200,iid,fixed_T0,1,plus,0,plus,-1,32,32,2,2,0.0625
42,R,200,iid,fixed_T0,2,minus,3,plus,2,32,32,32,32,1.0
42,R,200,iid,fixed_T0,2,plus,1,minus,2,32,32,32,32,1.0
42,R,200,iid,fixed_T0,2,plus,1,plus,0,32,32,0,0,0.0
42,R,200,iid,fixed_T0,3,plus,2,minus,3,32,32,0,0,0.0
42,R,200,iid,fixed_T0,3,plus,2,plus,1,32,32,32,32,1.0
42,R,200,ood,fixed_T0,-3,minus,-2,minus,-1,32,32,0,0,0.0
42,R,200,ood,fixed_T0,-3,minus,-2,plus,-3,32,32,0,0,0.0
42,R,200,ood,fixed_T0,-2,minus,-1,minus,0,32,32,0,0,0.0
42,R,200,ood,fixed_T0,-2,minus,-1,plus,-2,32,32,32,32,1.0
42,R,200,ood,fixed_T0,-2,plus,-3,minus,-2,32,32,32,32,1.0
42,R,200,ood,fixed_T0,-1,minus,0,minus,1,32,0,0,0,
42,R,200,ood,fixed_T0,-1,minus,0,plus,-1,32,0,0,0,
42,R,200,ood,fixed_T0,-1,plus,-2,minus,-1,32,32,0,0,0.0
42,R,200,ood,fixed_T0,-1,plus,-2,plus,-3,32,32,0,0,0.0
42,R,200,ood,fixed_T0,0,minus,1,minus,2,32,0,0,0,
42,R,200,ood,fixed_T0,0,minus,1,plus,0,32,0,6,0,
42,R,200,ood,fixed_T0,0,plus,-1,minus,0,32,0,0,0,
42,R,200,ood,fixed_T0,0,plus,-1,plus,-2,32,0,0,0,
42,R,200,ood,fixed_T0,1,minus,2,minus,3,32,32,0,0,0.0
42,R,200,ood,fixed_T0,1,minus,2,plus,1,32,32,0,0,0.0
42,R,200,ood,fixed_T0,1,plus,0,minus,1,32,0,0,0,
42,R,200,ood,fixed_T0,1,plus,0,plus,-1,32,0,0,0,
42,R,200,ood,fixed_T0,2,minus,3,plus,2,32,32,32,32,1.0
42,R,200,ood,fixed_T0,2,plus,1,minus,2,32,0,32,0,
42,R,200,ood,fixed_T0,2,plus,1,plus,0,32,0,0,0,
42,R,200,ood,fixed_T0,3,plus,2,minus,3,32,32,0,0,0.0
42,R,200,ood,fixed_T0,3,plus,2,plus,1,32,32,0,0,0.0
42,R,200,iid,U,-3,minus,-2,minus,-1,32,32,0,0,0.0
42,R,200,iid,U,-3,minus,-2,plus,-3,32,32,5,5,0.15625
42,R,200,iid,U,-2,minus,-1,minus,0,32,32,0,0,0.0
42,R,200,iid,U,-2,minus,-1,plus,-2,32,32,32,32,1.0
42,R,200,iid,U,-2,plus,-3,minus,-2,32,32,32,32,1.0
42,R,200,iid,U,-1,minus,0,minus,1,32,32,32,32,1.0
42,R,200,iid,U,-1,minus,0,plus,-1,32,32,32,32,1.0
42,R,200,iid,U,-1,plus,-2,minus,-1,32,32,32,32,1.0
42,R,200,iid,U,-1,plus,-2,plus,-3,32,32,0,0,0.0
42,R,200,iid,U,0,minus,1,minus,2,32,32,27,27,0.84375
42,R,200,iid,U,0,minus,1,plus,0,32,32,24,24,0.75
42,R,200,iid,U,0,plus,-1,minus,0,32,32,15,15,0.46875
42,R,200,iid,U,0,plus,-1,plus,-2,32,32,0,0,0.0
42,R,200,iid,U,1,minus,2,minus,3,32,32,0,0,0.0
42,R,200,iid,U,1,minus,2,plus,1,32,32,32,32,1.0
42,R,200,iid,U,1,plus,0,minus,1,32,32,32,32,1.0
42,R,200,iid,U,1,plus,0,plus,-1,32,32,0,0,0.0
42,R,200,iid,U,2,minus,3,plus,2,32,32,32,32,1.0
42,R,200,iid,U,2,plus,1,minus,2,32,32,32,32,1.0
42,R,200,iid,U,2,plus,1,plus,0,32,32,0,0,0.0
42,R,200,iid,U,3,plus,2,minus,3,32,32,0,0,0.0
42,R,200,iid,U,3,plus,2,plus,1,32,32,0,0,0.0
42,R,200,ood,U,-3,minus,-2,minus,-1,32,32,0,0,0.0
42,R,200,ood,U,-3,minus,-2,plus,-3,32,32,0,0,0.0
42,R,200,ood,U,-2,minus,-1,minus,0,32,16,0,0,0.0
42,R,200,ood,U,-2,minus,-1,plus,-2,32,16,31,16,1.0
42,R,200,ood,U,-2,plus,-3,minus,-2,32,32,32,32,1.0
42,R,200,ood,U,-1,minus,0,minus,1,32,0,0,0,
42,R,200,ood,U,-1,minus,0,plus,-1,32,0,0,0,
42,R,200,ood,U,-1,plus,-2,minus,-1,32,30,0,0,0.0
42,R,200,ood,U,-1,plus,-2,plus,-3,32,30,0,0,0.0
42,R,200,ood,U,0,minus,1,minus,2,32,0,0,0,
42,R,200,ood,U,0,minus,1,plus,0,32,0,19,0,
42,R,200,ood,U,0,plus,-1,minus,0,32,0,6,0,
42,R,200,ood,U,0,plus,-1,plus,-2,32,0,0,0,
42,R,200,ood,U,1,minus,2,minus,3,32,32,0,0,0.0
42,R,200,ood,U,1,minus,2,plus,1,32,32,0,0,0.0
42,R,200,ood,U,1,plus,0,minus,1,32,0,0,0,
42,R,200,ood,U,1,plus,0,plus,-1,32,0,0,0,
42,R,200,ood,U,2,minus,3,plus,2,32,32,1,1,0.03125
42,R,200,ood,U,2,plus,1,minus,2,32,0,32,0,
42,R,200,ood,U,2,plus,1,plus,0,32,0,0,0,
42,R,200,ood,U,3,plus,2,minus,3,32,32,0,0,0.0
42,R,200,ood,U,3,plus,2,plus,1,32,32,0,0,0.0
42,R,200,iid,self,-3,minus,-2,minus,-1,32,32,32,32,1.0
42,R,200,iid,self,-3,minus,-2,plus,-3,32,32,32,32,1.0
42,R,200,iid,self,-2,minus,-1,minus,0,32,32,0,0,0.0
42,R,200,iid,self,-2,minus,-1,plus,-2,32,32,32,32,1.0
42,R,200,iid,self,-2,plus,-3,minus,-2,32,32,32,32,1.0
42,R,200,iid,self,-1,minus,0,minus,1,32,32,32,32,1.0
42,R,200,iid,self,-1,minus,0,plus,-1,32,32,32,32,1.0
42,R,200,iid,self,-1,plus,-2,minus,-1,32,32,32,32,1.0
42,R,200,iid,self,-1,plus,-2,plus,-3,32,32,0,0,0.0
42,R,200,iid,self,0,minus,1,minus,2,32,32,32,32,1.0
42,R,200,iid,self,0,minus,1,plus,0,32,32,28,28,0.875
42,R,200,iid,self,0,plus,-1,minus,0,32,32,2,2,0.0625
42,R,200,iid,self,0,plus,-1,plus,-2,32,32,0,0,0.0
42,R,200,iid,self,1,minus,2,minus,3,32,32,32,32,1.0
42,R,200,iid,self,1,minus,2,plus,1,32,32,32,32,1.0
42,R,200,iid,self,1,plus,0,minus,1,32,32,32,32,1.0
42,R,200,iid,self,1,plus,0,plus,-1,32,32,11,11,0.34375
42,R,200,iid,self,2,minus,3,plus,2,32,32,32,32,1.0
42,R,200,iid,self,2,plus,1,minus,2,32,32,15,15,0.46875
42,R,200,iid,self,2,plus,1,plus,0,32,32,0,0,0.0
42,R,200,iid,self,3,plus,2,minus,3,32,32,32,32,1.0
42,R,200,iid,self,3,plus,2,plus,1,32,32,0,0,0.0
42,R,200,ood,self,-3,minus,-2,minus,-1,32,32,0,0,0.0
42,R,200,ood,self,-3,minus,-2,plus,-3,32,32,20,20,0.625
42,R,200,ood,self,-2,minus,-1,minus,0,32,4,0,0,0.0
42,R,200,ood,self,-2,minus,-1,plus,-2,32,4,32,4,1.0
42,R,200,ood,self,-2,plus,-3,minus,-2,32,32,32,32,1.0
42,R,200,ood,self,-1,minus,0,minus,1,32,0,0,0,
42,R,200,ood,self,-1,minus,0,plus,-1,32,0,1,0,
42,R,200,ood,self,-1,plus,-2,minus,-1,32,32,0,0,0.0
42,R,200,ood,self,-1,plus,-2,plus,-3,32,32,0,0,0.0
42,R,200,ood,self,0,minus,1,minus,2,32,0,0,0,
42,R,200,ood,self,0,minus,1,plus,0,32,0,24,0,
42,R,200,ood,self,0,plus,-1,minus,0,32,0,22,0,
42,R,200,ood,self,0,plus,-1,plus,-2,32,0,0,0,
42,R,200,ood,self,1,minus,2,minus,3,32,32,0,0,0.0
42,R,200,ood,self,1,minus,2,plus,1,32,32,0,0,0.0
42,R,200,ood,self,1,plus,0,minus,1,32,0,0,0,
42,R,200,ood,self,1,plus,0,plus,-1,32,0,0,0,
42,R,200,ood,self,2,minus,3,plus,2,32,32,32,32,1.0
42,R,200,ood,self,2,plus,1,minus,2,32,0,4,0,
42,R,200,ood,self,2,plus,1,plus,0,32,0,0,0,
42,R,200,ood,self,3,plus,2,minus,3,32,32,32,32,1.0
42,R,200,ood,self,3,plus,2,plus,1,32,32,0,0,0.0
42,R,200,iid,gold_reencode,-3,minus,-2,minus,-1,32,32,32,32,1.0
42,R,200,iid,gold_reencode,-3,minus,-2,plus,-3,32,32,32,32,1.0
42,R,200,iid,gold_reencode,-2,minus,-1,minus,0,32,32,32,32,1.0
42,R,200,iid,gold_reencode,-2,minus,-1,plus,-2,32,32,32,32,1.0
42,R,200,iid,gold_reencode,-2,plus,-3,minus,-2,32,32,32,32,1.0
42,R,200,iid,gold_reencode,-1,minus,0,minus,1,32,32,32,32,1.0
42,R,200,iid,gold_reencode,-1,minus,0,plus,-1,32,32,32,32,1.0
42,R,200,iid,gold_reencode,-1,plus,-2,minus,-1,32,32,32,32,1.0
42,R,200,iid,gold_reencode,-1,plus,-2,plus,-3,32,32,32,32,1.0
42,R,200,iid,gold_reencode,0,minus,1,minus,2,32,32,32,32,1.0
42,R,200,iid,gold_reencode,0,minus,1,plus,0,32,32,32,32,1.0
42,R,200,iid,gold_reencode,0,plus,-1,minus,0,32,32,32,32,1.0
42,R,200,iid,gold_reencode,0,plus,-1,plus,-2,32,32,32,32,1.0
42,R,200,iid,gold_reencode,1,minus,2,minus,3,32,32,32,32,1.0
42,R,200,iid,gold_reencode,1,minus,2,plus,1,32,32,32,32,1.0
42,R,200,iid,gold_reencode,1,plus,0,minus,1,32,32,32,32,1.0
42,R,200,iid,gold_reencode,1,plus,0,plus,-1,32,32,32,32,1.0
42,R,200,iid,gold_reencode,2,minus,3,plus,2,32,32,32,32,1.0
42,R,200,iid,gold_reencode,2,plus,1,minus,2,32,32,32,32,1.0
42,R,200,iid,gold_reencode,2,plus,1,plus,0,32,32,32,32,1.0
42,R,200,iid,gold_reencode,3,plus,2,minus,3,32,32,32,32,1.0
42,R,200,iid,gold_reencode,3,plus,2,plus,1,32,32,32,32,1.0
42,R,200,ood,gold_reencode,-3,minus,-2,minus,-1,32,32,4,4,0.125
42,R,200,ood,gold_reencode,-3,minus,-2,plus,-3,32,32,32,32,1.0
42,R,200,ood,gold_reencode,-2,minus,-1,minus,0,32,4,0,0,0.0
42,R,200,ood,gold_reencode,-2,minus,-1,plus,-2,32,4,32,4,1.0
42,R,200,ood,gold_reencode,-2,plus,-3,minus,-2,32,32,32,32,1.0
42,R,200,ood,gold_reencode,-1,minus,0,minus,1,32,0,0,0,
42,R,200,ood,gold_reencode,-1,minus,0,plus,-1,32,0,0,0,
42,R,200,ood,gold_reencode,-1,plus,-2,minus,-1,32,32,4,4,0.125
42,R,200,ood,gold_reencode,-1,plus,-2,plus,-3,32,32,32,32,1.0
42,R,200,ood,gold_reencode,0,minus,1,minus,2,32,0,32,0,
42,R,200,ood,gold_reencode,0,minus,1,plus,0,32,0,0,0,
42,R,200,ood,gold_reencode,0,plus,-1,minus,0,32,0,0,0,
42,R,200,ood,gold_reencode,0,plus,-1,plus,-2,32,0,32,0,
42,R,200,ood,gold_reencode,1,minus,2,minus,3,32,32,32,32,1.0
42,R,200,ood,gold_reencode,1,minus,2,plus,1,32,32,0,0,0.0
42,R,200,ood,gold_reencode,1,plus,0,minus,1,32,0,0,0,
42,R,200,ood,gold_reencode,1,plus,0,plus,-1,32,0,0,0,
42,R,200,ood,gold_reencode,2,minus,3,plus,2,32,32,32,32,1.0
42,R,200,ood,gold_reencode,2,plus,1,minus,2,32,0,32,0,
42,R,200,ood,gold_reencode,2,plus,1,plus,0,32,0,0,0,
42,R,200,ood,gold_reencode,3,plus,2,minus,3,32,32,32,32,1.0
42,R,200,ood,gold_reencode,3,plus,2,plus,1,32,32,0,0,0.0
42,R,200,iid,actual_reencode,-3,minus,-2,minus,-1,32,32,32,32,1.0
42,R,200,iid,actual_reencode,-3,minus,-2,plus,-3,32,32,32,32,1.0
42,R,200,iid,actual_reencode,-2,minus,-1,minus,0,32,32,32,32,1.0
42,R,200,iid,actual_reencode,-2,minus,-1,plus,-2,32,32,32,32,1.0
42,R,200,iid,actual_reencode,-2,plus,-3,minus,-2,32,32,32,32,1.0
42,R,200,iid,actual_reencode,-1,minus,0,minus,1,32,32,32,32,1.0
42,R,200,iid,actual_reencode,-1,minus,0,plus,-1,32,32,32,32,1.0
42,R,200,iid,actual_reencode,-1,plus,-2,minus,-1,32,32,32,32,1.0
42,R,200,iid,actual_reencode,-1,plus,-2,plus,-3,32,32,32,32,1.0
42,R,200,iid,actual_reencode,0,minus,1,minus,2,32,32,32,32,1.0
42,R,200,iid,actual_reencode,0,minus,1,plus,0,32,32,32,32,1.0
42,R,200,iid,actual_reencode,0,plus,-1,minus,0,32,32,32,32,1.0
42,R,200,iid,actual_reencode,0,plus,-1,plus,-2,32,32,32,32,1.0
42,R,200,iid,actual_reencode,1,minus,2,minus,3,32,32,32,32,1.0
42,R,200,iid,actual_reencode,1,minus,2,plus,1,32,32,32,32,1.0
42,R,200,iid,actual_reencode,1,plus,0,minus,1,32,32,32,32,1.0
42,R,200,iid,actual_reencode,1,plus,0,plus,-1,32,32,32,32,1.0
42,R,200,iid,actual_reencode,2,minus,3,plus,2,32,32,32,32,1.0
42,R,200,iid,actual_reencode,2,plus,1,minus,2,32,32,32,32,1.0
42,R,200,iid,actual_reencode,2,plus,1,plus,0,32,32,32,32,1.0
42,R,200,iid,actual_reencode,3,plus,2,minus,3,32,32,32,32,1.0
42,R,200,iid,actual_reencode,3,plus,2,plus,1,32,32,32,32,1.0
42,R,200,ood,actual_reencode,-3,minus,-2,minus,-1,32,32,4,4,0.125
42,R,200,ood,actual_reencode,-3,minus,-2,plus,-3,32,32,32,32,1.0
42,R,200,ood,actual_reencode,-2,minus,-1,minus,0,32,4,4,4,1.0
42,R,200,ood,actual_reencode,-2,minus,-1,plus,-2,32,4,32,4,1.0
42,R,200,ood,actual_reencode,-2,plus,-3,minus,-2,32,32,32,32,1.0
42,R,200,ood,actual_reencode,-1,minus,0,minus,1,32,0,0,0,
42,R,200,ood,actual_reencode,-1,minus,0,plus,-1,32,0,0,0,
42,R,200,ood,actual_reencode,-1,plus,-2,minus,-1,32,32,4,4,0.125
42,R,200,ood,actual_reencode,-1,plus,-2,plus,-3,32,32,32,32,1.0
42,R,200,ood,actual_reencode,0,minus,1,minus,2,32,0,0,0,
42,R,200,ood,actual_reencode,0,minus,1,plus,0,32,0,32,0,
42,R,200,ood,actual_reencode,0,plus,-1,minus,0,32,0,32,0,
42,R,200,ood,actual_reencode,0,plus,-1,plus,-2,32,0,0,0,
42,R,200,ood,actual_reencode,1,minus,2,minus,3,32,32,32,32,1.0
42,R,200,ood,actual_reencode,1,minus,2,plus,1,32,32,0,0,0.0
42,R,200,ood,actual_reencode,1,plus,0,minus,1,32,0,0,0,
42,R,200,ood,actual_reencode,1,plus,0,plus,-1,32,0,0,0,
42,R,200,ood,actual_reencode,2,minus,3,plus,2,32,32,32,32,1.0
42,R,200,ood,actual_reencode,2,plus,1,minus,2,32,0,0,0,
42,R,200,ood,actual_reencode,2,plus,1,plus,0,32,0,0,0,
42,R,200,ood,actual_reencode,3,plus,2,minus,3,32,32,32,32,1.0
42,R,200,ood,actual_reencode,3,plus,2,plus,1,32,32,0,0,0.0
43,T0,0,iid,fixed_T0,-3,minus,-2,minus,-1,32,32,0,0,0.0
43,T0,0,iid,fixed_T0,-3,minus,-2,plus,-3,32,32,0,0,0.0
43,T0,0,iid,fixed_T0,-2,minus,-1,minus,0,32,32,0,0,0.0
43,T0,0,iid,fixed_T0,-2,minus,-1,plus,-2,32,32,0,0,0.0
43,T0,0,iid,fixed_T0,-2,plus,-3,minus,-2,32,32,0,0,0.0
43,T0,0,iid,fixed_T0,-1,minus,0,minus,1,32,32,0,0,0.0
43,T0,0,iid,fixed_T0,-1,minus,0,plus,-1,32,32,0,0,0.0
43,T0,0,iid,fixed_T0,-1,plus,-2,minus,-1,32,32,0,0,0.0
43,T0,0,iid,fixed_T0,-1,plus,-2,plus,-3,32,32,0,0,0.0
43,T0,0,iid,fixed_T0,0,minus,1,minus,2,32,32,0,0,0.0
43,T0,0,iid,fixed_T0,0,minus,1,plus,0,32,32,0,0,0.0
43,T0,0,iid,fixed_T0,0,plus,-1,minus,0,32,32,0,0,0.0
43,T0,0,iid,fixed_T0,0,plus,-1,plus,-2,32,32,0,0,0.0
43,T0,0,iid,fixed_T0,1,minus,2,minus,3,32,32,0,0,0.0
43,T0,0,iid,fixed_T0,1,minus,2,plus,1,32,32,0,0,0.0
43,T0,0,iid,fixed_T0,1,plus,0,minus,1,32,32,0,0,0.0
43,T0,0,iid,fixed_T0,1,plus,0,plus,-1,32,32,0,0,0.0
43,T0,0,iid,fixed_T0,2,minus,3,plus,2,32,32,0,0,0.0
43,T0,0,iid,fixed_T0,2,plus,1,minus,2,32,32,0,0,0.0
43,T0,0,iid,fixed_T0,2,plus,1,plus,0,32,32,0,0,0.0
43,T0,0,iid,fixed_T0,3,plus,2,minus,3,32,32,0,0,0.0
43,T0,0,iid,fixed_T0,3,plus,2,plus,1,32,32,0,0,0.0
43,T0,0,ood,fixed_T0,-3,minus,-2,minus,-1,32,32,0,0,0.0
43,T0,0,ood,fixed_T0,-3,minus,-2,plus,-3,32,32,0,0,0.0
43,T0,0,ood,fixed_T0,-2,minus,-1,minus,0,32,16,0,0,0.0
43,T0,0,ood,fixed_T0,-2,minus,-1,plus,-2,32,16,0,0,0.0
43,T0,0,ood,fixed_T0,-2,plus,-3,minus,-2,32,32,0,0,0.0
43,T0,0,ood,fixed_T0,-1,minus,0,minus,1,32,0,0,0,
43,T0,0,ood,fixed_T0,-1,minus,0,plus,-1,32,0,0,0,
43,T0,0,ood,fixed_T0,-1,plus,-2,minus,-1,32,30,0,0,0.0
43,T0,0,ood,fixed_T0,-1,plus,-2,plus,-3,32,30,0,0,0.0
43,T0,0,ood,fixed_T0,0,minus,1,minus,2,32,0,0,0,
43,T0,0,ood,fixed_T0,0,minus,1,plus,0,32,0,0,0,
43,T0,0,ood,fixed_T0,0,plus,-1,minus,0,32,0,0,0,
43,T0,0,ood,fixed_T0,0,plus,-1,plus,-2,32,0,0,0,
43,T0,0,ood,fixed_T0,1,minus,2,minus,3,32,32,0,0,0.0
43,T0,0,ood,fixed_T0,1,minus,2,plus,1,32,32,0,0,0.0
43,T0,0,ood,fixed_T0,1,plus,0,minus,1,32,0,0,0,
43,T0,0,ood,fixed_T0,1,plus,0,plus,-1,32,0,0,0,
43,T0,0,ood,fixed_T0,2,minus,3,plus,2,32,32,2,2,0.0625
43,T0,0,ood,fixed_T0,2,plus,1,minus,2,32,0,31,0,
43,T0,0,ood,fixed_T0,2,plus,1,plus,0,32,0,0,0,
43,T0,0,ood,fixed_T0,3,plus,2,minus,3,32,32,0,0,0.0
43,T0,0,ood,fixed_T0,3,plus,2,plus,1,32,32,0,0,0.0
43,T0,0,iid,U,-3,minus,-2,minus,-1,32,32,0,0,0.0
43,T0,0,iid,U,-3,minus,-2,plus,-3,32,32,0,0,0.0
43,T0,0,iid,U,-2,minus,-1,minus,0,32,32,0,0,0.0
43,T0,0,iid,U,-2,minus,-1,plus,-2,32,32,0,0,0.0
43,T0,0,iid,U,-2,plus,-3,minus,-2,32,32,0,0,0.0
43,T0,0,iid,U,-1,minus,0,minus,1,32,32,0,0,0.0
43,T0,0,iid,U,-1,minus,0,plus,-1,32,32,0,0,0.0
43,T0,0,iid,U,-1,plus,-2,minus,-1,32,32,0,0,0.0
43,T0,0,iid,U,-1,plus,-2,plus,-3,32,32,0,0,0.0
43,T0,0,iid,U,0,minus,1,minus,2,32,32,0,0,0.0
43,T0,0,iid,U,0,minus,1,plus,0,32,32,0,0,0.0
43,T0,0,iid,U,0,plus,-1,minus,0,32,32,0,0,0.0
43,T0,0,iid,U,0,plus,-1,plus,-2,32,32,0,0,0.0
43,T0,0,iid,U,1,minus,2,minus,3,32,32,0,0,0.0
43,T0,0,iid,U,1,minus,2,plus,1,32,32,0,0,0.0
43,T0,0,iid,U,1,plus,0,minus,1,32,32,0,0,0.0
43,T0,0,iid,U,1,plus,0,plus,-1,32,32,0,0,0.0
43,T0,0,iid,U,2,minus,3,plus,2,32,32,0,0,0.0
43,T0,0,iid,U,2,plus,1,minus,2,32,32,23,23,0.71875
43,T0,0,iid,U,2,plus,1,plus,0,32,32,0,0,0.0
43,T0,0,iid,U,3,plus,2,minus,3,32,32,0,0,0.0
43,T0,0,iid,U,3,plus,2,plus,1,32,32,0,0,0.0
43,T0,0,ood,U,-3,minus,-2,minus,-1,32,32,0,0,0.0
43,T0,0,ood,U,-3,minus,-2,plus,-3,32,32,0,0,0.0
43,T0,0,ood,U,-2,minus,-1,minus,0,32,32,0,0,0.0
43,T0,0,ood,U,-2,minus,-1,plus,-2,32,32,0,0,0.0
43,T0,0,ood,U,-2,plus,-3,minus,-2,32,32,22,22,0.6875
43,T0,0,ood,U,-1,minus,0,minus,1,32,0,0,0,
43,T0,0,ood,U,-1,minus,0,plus,-1,32,0,0,0,
43,T0,0,ood,U,-1,plus,-2,minus,-1,32,32,0,0,0.0
43,T0,0,ood,U,-1,plus,-2,plus,-3,32,32,0,0,0.0
43,T0,0,ood,U,0,minus,1,minus,2,32,0,0,0,
43,T0,0,ood,U,0,minus,1,plus,0,32,0,0,0,
43,T0,0,ood,U,0,plus,-1,minus,0,32,0,0,0,
43,T0,0,ood,U,0,plus,-1,plus,-2,32,0,0,0,
43,T0,0,ood,U,1,minus,2,minus,3,32,32,0,0,0.0
43,T0,0,ood,U,1,minus,2,plus,1,32,32,0,0,0.0
43,T0,0,ood,U,1,plus,0,minus,1,32,0,0,0,
43,T0,0,ood,U,1,plus,0,plus,-1,32,0,0,0,
43,T0,0,ood,U,2,minus,3,plus,2,32,32,0,0,0.0
43,T0,0,ood,U,2,plus,1,minus,2,32,9,31,9,1.0
43,T0,0,ood,U,2,plus,1,plus,0,32,9,0,0,0.0
43,T0,0,ood,U,3,plus,2,minus,3,32,32,0,0,0.0
43,T0,0,ood,U,3,plus,2,plus,1,32,32,0,0,0.0
43,T0,0,iid,self,-3,minus,-2,minus,-1,32,32,0,0,0.0
43,T0,0,iid,self,-3,minus,-2,plus,-3,32,32,0,0,0.0
43,T0,0,iid,self,-2,minus,-1,minus,0,32,32,0,0,0.0
43,T0,0,iid,self,-2,minus,-1,plus,-2,32,32,0,0,0.0
43,T0,0,iid,self,-2,plus,-3,minus,-2,32,32,0,0,0.0
43,T0,0,iid,self,-1,minus,0,minus,1,32,32,0,0,0.0
43,T0,0,iid,self,-1,minus,0,plus,-1,32,32,0,0,0.0
43,T0,0,iid,self,-1,plus,-2,minus,-1,32,32,0,0,0.0
43,T0,0,iid,self,-1,plus,-2,plus,-3,32,32,0,0,0.0
43,T0,0,iid,self,0,minus,1,minus,2,32,32,0,0,0.0
43,T0,0,iid,self,0,minus,1,plus,0,32,32,0,0,0.0
43,T0,0,iid,self,0,plus,-1,minus,0,32,32,0,0,0.0
43,T0,0,iid,self,0,plus,-1,plus,-2,32,32,0,0,0.0
43,T0,0,iid,self,1,minus,2,minus,3,32,32,0,0,0.0
43,T0,0,iid,self,1,minus,2,plus,1,32,32,0,0,0.0
43,T0,0,iid,self,1,plus,0,minus,1,32,32,0,0,0.0
43,T0,0,iid,self,1,plus,0,plus,-1,32,32,0,0,0.0
43,T0,0,iid,self,2,minus,3,plus,2,32,32,0,0,0.0
43,T0,0,iid,self,2,plus,1,minus,2,32,32,0,0,0.0
43,T0,0,iid,self,2,plus,1,plus,0,32,32,0,0,0.0
43,T0,0,iid,self,3,plus,2,minus,3,32,32,0,0,0.0
43,T0,0,iid,self,3,plus,2,plus,1,32,32,0,0,0.0
43,T0,0,ood,self,-3,minus,-2,minus,-1,32,32,0,0,0.0
43,T0,0,ood,self,-3,minus,-2,plus,-3,32,32,0,0,0.0
43,T0,0,ood,self,-2,minus,-1,minus,0,32,16,0,0,0.0
43,T0,0,ood,self,-2,minus,-1,plus,-2,32,16,0,0,0.0
43,T0,0,ood,self,-2,plus,-3,minus,-2,32,32,0,0,0.0
43,T0,0,ood,self,-1,minus,0,minus,1,32,0,0,0,
43,T0,0,ood,self,-1,minus,0,plus,-1,32,0,0,0,
43,T0,0,ood,self,-1,plus,-2,minus,-1,32,30,0,0,0.0
43,T0,0,ood,self,-1,plus,-2,plus,-3,32,30,0,0,0.0
43,T0,0,ood,self,0,minus,1,minus,2,32,0,0,0,
43,T0,0,ood,self,0,minus,1,plus,0,32,0,0,0,
43,T0,0,ood,self,0,plus,-1,minus,0,32,0,0,0,
43,T0,0,ood,self,0,plus,-1,plus,-2,32,0,0,0,
43,T0,0,ood,self,1,minus,2,minus,3,32,32,0,0,0.0
43,T0,0,ood,self,1,minus,2,plus,1,32,32,0,0,0.0
43,T0,0,ood,self,1,plus,0,minus,1,32,0,0,0,
43,T0,0,ood,self,1,plus,0,plus,-1,32,0,0,0,
43,T0,0,ood,self,2,minus,3,plus,2,32,32,2,2,0.0625
43,T0,0,ood,self,2,plus,1,minus,2,32,0,31,0,
43,T0,0,ood,self,2,plus,1,plus,0,32,0,0,0,
43,T0,0,ood,self,3,plus,2,minus,3,32,32,0,0,0.0
43,T0,0,ood,self,3,plus,2,plus,1,32,32,0,0,0.0
43,T0,0,iid,gold_reencode,-3,minus,-2,minus,-1,32,32,32,32,1.0
43,T0,0,iid,gold_reencode,-3,minus,-2,plus,-3,32,32,32,32,1.0
43,T0,0,iid,gold_reencode,-2,minus,-1,minus,0,32,32,32,32,1.0
43,T0,0,iid,gold_reencode,-2,minus,-1,plus,-2,32,32,32,32,1.0
43,T0,0,iid,gold_reencode,-2,plus,-3,minus,-2,32,32,32,32,1.0
43,T0,0,iid,gold_reencode,-1,minus,0,minus,1,32,32,32,32,1.0
43,T0,0,iid,gold_reencode,-1,minus,0,plus,-1,32,32,32,32,1.0
43,T0,0,iid,gold_reencode,-1,plus,-2,minus,-1,32,32,32,32,1.0
43,T0,0,iid,gold_reencode,-1,plus,-2,plus,-3,32,32,32,32,1.0
43,T0,0,iid,gold_reencode,0,minus,1,minus,2,32,32,32,32,1.0
43,T0,0,iid,gold_reencode,0,minus,1,plus,0,32,32,32,32,1.0
43,T0,0,iid,gold_reencode,0,plus,-1,minus,0,32,32,32,32,1.0
43,T0,0,iid,gold_reencode,0,plus,-1,plus,-2,32,32,32,32,1.0
43,T0,0,iid,gold_reencode,1,minus,2,minus,3,32,32,32,32,1.0
43,T0,0,iid,gold_reencode,1,minus,2,plus,1,32,32,32,32,1.0
43,T0,0,iid,gold_reencode,1,plus,0,minus,1,32,32,32,32,1.0
43,T0,0,iid,gold_reencode,1,plus,0,plus,-1,32,32,32,32,1.0
43,T0,0,iid,gold_reencode,2,minus,3,plus,2,32,32,32,32,1.0
43,T0,0,iid,gold_reencode,2,plus,1,minus,2,32,32,32,32,1.0
43,T0,0,iid,gold_reencode,2,plus,1,plus,0,32,32,32,32,1.0
43,T0,0,iid,gold_reencode,3,plus,2,minus,3,32,32,32,32,1.0
43,T0,0,iid,gold_reencode,3,plus,2,plus,1,32,32,32,32,1.0
43,T0,0,ood,gold_reencode,-3,minus,-2,minus,-1,32,32,16,16,0.5
43,T0,0,ood,gold_reencode,-3,minus,-2,plus,-3,32,32,32,32,1.0
43,T0,0,ood,gold_reencode,-2,minus,-1,minus,0,32,16,0,0,0.0
43,T0,0,ood,gold_reencode,-2,minus,-1,plus,-2,32,16,30,14,0.875
43,T0,0,ood,gold_reencode,-2,plus,-3,minus,-2,32,32,32,32,1.0
43,T0,0,ood,gold_reencode,-1,minus,0,minus,1,32,0,0,0,
43,T0,0,ood,gold_reencode,-1,minus,0,plus,-1,32,0,0,0,
43,T0,0,ood,gold_reencode,-1,plus,-2,minus,-1,32,30,16,14,0.4666666666666667
43,T0,0,ood,gold_reencode,-1,plus,-2,plus,-3,32,30,32,30,1.0
43,T0,0,ood,gold_reencode,0,minus,1,minus,2,32,0,32,0,
43,T0,0,ood,gold_reencode,0,minus,1,plus,0,32,0,0,0,
43,T0,0,ood,gold_reencode,0,plus,-1,minus,0,32,0,0,0,
43,T0,0,ood,gold_reencode,0,plus,-1,plus,-2,32,0,30,0,
43,T0,0,ood,gold_reencode,1,minus,2,minus,3,32,32,32,32,1.0
43,T0,0,ood,gold_reencode,1,minus,2,plus,1,32,32,0,0,0.0
43,T0,0,ood,gold_reencode,1,plus,0,minus,1,32,0,0,0,
43,T0,0,ood,gold_reencode,1,plus,0,plus,-1,32,0,0,0,
43,T0,0,ood,gold_reencode,2,minus,3,plus,2,32,32,32,32,1.0
43,T0,0,ood,gold_reencode,2,plus,1,minus,2,32,0,32,0,
43,T0,0,ood,gold_reencode,2,plus,1,plus,0,32,0,0,0,
43,T0,0,ood,gold_reencode,3,plus,2,minus,3,32,32,32,32,1.0
43,T0,0,ood,gold_reencode,3,plus,2,plus,1,32,32,0,0,0.0
43,T0,0,iid,actual_reencode,-3,minus,-2,minus,-1,32,32,32,32,1.0
43,T0,0,iid,actual_reencode,-3,minus,-2,plus,-3,32,32,32,32,1.0
43,T0,0,iid,actual_reencode,-2,minus,-1,minus,0,32,32,32,32,1.0
43,T0,0,iid,actual_reencode,-2,minus,-1,plus,-2,32,32,32,32,1.0
43,T0,0,iid,actual_reencode,-2,plus,-3,minus,-2,32,32,32,32,1.0
43,T0,0,iid,actual_reencode,-1,minus,0,minus,1,32,32,32,32,1.0
43,T0,0,iid,actual_reencode,-1,minus,0,plus,-1,32,32,32,32,1.0
43,T0,0,iid,actual_reencode,-1,plus,-2,minus,-1,32,32,32,32,1.0
43,T0,0,iid,actual_reencode,-1,plus,-2,plus,-3,32,32,32,32,1.0
43,T0,0,iid,actual_reencode,0,minus,1,minus,2,32,32,32,32,1.0
43,T0,0,iid,actual_reencode,0,minus,1,plus,0,32,32,32,32,1.0
43,T0,0,iid,actual_reencode,0,plus,-1,minus,0,32,32,32,32,1.0
43,T0,0,iid,actual_reencode,0,plus,-1,plus,-2,32,32,32,32,1.0
43,T0,0,iid,actual_reencode,1,minus,2,minus,3,32,32,32,32,1.0
43,T0,0,iid,actual_reencode,1,minus,2,plus,1,32,32,32,32,1.0
43,T0,0,iid,actual_reencode,1,plus,0,minus,1,32,32,32,32,1.0
43,T0,0,iid,actual_reencode,1,plus,0,plus,-1,32,32,32,32,1.0
43,T0,0,iid,actual_reencode,2,minus,3,plus,2,32,32,32,32,1.0
43,T0,0,iid,actual_reencode,2,plus,1,minus,2,32,32,32,32,1.0
43,T0,0,iid,actual_reencode,2,plus,1,plus,0,32,32,32,32,1.0
43,T0,0,iid,actual_reencode,3,plus,2,minus,3,32,32,32,32,1.0
43,T0,0,iid,actual_reencode,3,plus,2,plus,1,32,32,32,32,1.0
43,T0,0,ood,actual_reencode,-3,minus,-2,minus,-1,32,32,16,16,0.5
43,T0,0,ood,actual_reencode,-3,minus,-2,plus,-3,32,32,32,32,1.0
43,T0,0,ood,actual_reencode,-2,minus,-1,minus,0,32,16,16,16,1.0
43,T0,0,ood,actual_reencode,-2,minus,-1,plus,-2,32,16,32,16,1.0
43,T0,0,ood,actual_reencode,-2,plus,-3,minus,-2,32,32,32,32,1.0
43,T0,0,ood,actual_reencode,-1,minus,0,minus,1,32,0,0,0,
43,T0,0,ood,actual_reencode,-1,minus,0,plus,-1,32,0,0,0,
43,T0,0,ood,actual_reencode,-1,plus,-2,minus,-1,32,30,14,14,0.4666666666666667
43,T0,0,ood,actual_reencode,-1,plus,-2,plus,-3,32,30,30,30,1.0
43,T0,0,ood,actual_reencode,0,minus,1,minus,2,32,0,0,0,
43,T0,0,ood,actual_reencode,0,minus,1,plus,0,32,0,0,0,
43,T0,0,ood,actual_reencode,0,plus,-1,minus,0,32,0,0,0,
43,T0,0,ood,actual_reencode,0,plus,-1,plus,-2,32,0,0,0,
43,T0,0,ood,actual_reencode,1,minus,2,minus,3,32,32,32,32,1.0
43,T0,0,ood,actual_reencode,1,minus,2,plus,1,32,32,0,0,0.0
43,T0,0,ood,actual_reencode,1,plus,0,minus,1,32,0,0,0,
43,T0,0,ood,actual_reencode,1,plus,0,plus,-1,32,0,0,0,
43,T0,0,ood,actual_reencode,2,minus,3,plus,2,32,32,32,32,1.0
43,T0,0,ood,actual_reencode,2,plus,1,minus,2,32,0,2,0,
43,T0,0,ood,actual_reencode,2,plus,1,plus,0,32,0,0,0,
43,T0,0,ood,actual_reencode,3,plus,2,minus,3,32,32,32,32,1.0
43,T0,0,ood,actual_reencode,3,plus,2,plus,1,32,32,0,0,0.0
43,N,100,iid,fixed_T0,-3,minus,-2,minus,-1,32,32,0,0,0.0
43,N,100,iid,fixed_T0,-3,minus,-2,plus,-3,32,32,0,0,0.0
43,N,100,iid,fixed_T0,-2,minus,-1,minus,0,32,32,0,0,0.0
43,N,100,iid,fixed_T0,-2,minus,-1,plus,-2,32,32,0,0,0.0
43,N,100,iid,fixed_T0,-2,plus,-3,minus,-2,32,32,0,0,0.0
43,N,100,iid,fixed_T0,-1,minus,0,minus,1,32,32,0,0,0.0
43,N,100,iid,fixed_T0,-1,minus,0,plus,-1,32,32,0,0,0.0
43,N,100,iid,fixed_T0,-1,plus,-2,minus,-1,32,32,0,0,0.0
43,N,100,iid,fixed_T0,-1,plus,-2,plus,-3,32,32,0,0,0.0
43,N,100,iid,fixed_T0,0,minus,1,minus,2,32,32,0,0,0.0
43,N,100,iid,fixed_T0,0,minus,1,plus,0,32,32,0,0,0.0
43,N,100,iid,fixed_T0,0,plus,-1,minus,0,32,32,0,0,0.0
43,N,100,iid,fixed_T0,0,plus,-1,plus,-2,32,32,0,0,0.0
43,N,100,iid,fixed_T0,1,minus,2,minus,3,32,32,0,0,0.0
43,N,100,iid,fixed_T0,1,minus,2,plus,1,32,32,0,0,0.0
43,N,100,iid,fixed_T0,1,plus,0,minus,1,32,32,32,32,1.0
43,N,100,iid,fixed_T0,1,plus,0,plus,-1,32,32,0,0,0.0
43,N,100,iid,fixed_T0,2,minus,3,plus,2,32,32,0,0,0.0
43,N,100,iid,fixed_T0,2,plus,1,minus,2,32,32,0,0,0.0
43,N,100,iid,fixed_T0,2,plus,1,plus,0,32,32,0,0,0.0
43,N,100,iid,fixed_T0,3,plus,2,minus,3,32,32,0,0,0.0
43,N,100,iid,fixed_T0,3,plus,2,plus,1,32,32,0,0,0.0
43,N,100,ood,fixed_T0,-3,minus,-2,minus,-1,32,32,0,0,0.0
43,N,100,ood,fixed_T0,-3,minus,-2,plus,-3,32,32,0,0,0.0
43,N,100,ood,fixed_T0,-2,minus,-1,minus,0,32,16,0,0,0.0
43,N,100,ood,fixed_T0,-2,minus,-1,plus,-2,32,16,0,0,0.0
43,N,100,ood,fixed_T0,-2,plus,-3,minus,-2,32,32,0,0,0.0
43,N,100,ood,fixed_T0,-1,minus,0,minus,1,32,0,0,0,
43,N,100,ood,fixed_T0,-1,minus,0,plus,-1,32,0,0,0,
43,N,100,ood,fixed_T0,-1,plus,-2,minus,-1,32,30,0,0,0.0
43,N,100,ood,fixed_T0,-1,plus,-2,plus,-3,32,30,0,0,0.0
43,N,100,ood,fixed_T0,0,minus,1,minus,2,32,0,0,0,
43,N,100,ood,fixed_T0,0,minus,1,plus,0,32,0,0,0,
43,N,100,ood,fixed_T0,0,plus,-1,minus,0,32,0,0,0,
43,N,100,ood,fixed_T0,0,plus,-1,plus,-2,32,0,31,0,
43,N,100,ood,fixed_T0,1,minus,2,minus,3,32,32,0,0,0.0
43,N,100,ood,fixed_T0,1,minus,2,plus,1,32,32,0,0,0.0
43,N,100,ood,fixed_T0,1,plus,0,minus,1,32,0,0,0,
43,N,100,ood,fixed_T0,1,plus,0,plus,-1,32,0,0,0,
43,N,100,ood,fixed_T0,2,minus,3,plus,2,32,32,0,0,0.0
43,N,100,ood,fixed_T0,2,plus,1,minus,2,32,0,0,0,
43,N,100,ood,fixed_T0,2,plus,1,plus,0,32,0,0,0,
43,N,100,ood,fixed_T0,3,plus,2,minus,3,32,32,0,0,0.0
43,N,100,ood,fixed_T0,3,plus,2,plus,1,32,32,0,0,0.0
43,N,100,iid,U,-3,minus,-2,minus,-1,32,32,0,0,0.0
43,N,100,iid,U,-3,minus,-2,plus,-3,32,32,0,0,0.0
43,N,100,iid,U,-2,minus,-1,minus,0,32,32,0,0,0.0
43,N,100,iid,U,-2,minus,-1,plus,-2,32,32,0,0,0.0
43,N,100,iid,U,-2,plus,-3,minus,-2,32,32,0,0,0.0
43,N,100,iid,U,-1,minus,0,minus,1,32,32,0,0,0.0
43,N,100,iid,U,-1,minus,0,plus,-1,32,32,0,0,0.0
43,N,100,iid,U,-1,plus,-2,minus,-1,32,32,0,0,0.0
43,N,100,iid,U,-1,plus,-2,plus,-3,32,32,0,0,0.0
43,N,100,iid,U,0,minus,1,minus,2,32,32,0,0,0.0
43,N,100,iid,U,0,minus,1,plus,0,32,32,0,0,0.0
43,N,100,iid,U,0,plus,-1,minus,0,32,32,0,0,0.0
43,N,100,iid,U,0,plus,-1,plus,-2,32,32,9,9,0.28125
43,N,100,iid,U,1,minus,2,minus,3,32,32,0,0,0.0
43,N,100,iid,U,1,minus,2,plus,1,32,32,0,0,0.0
43,N,100,iid,U,1,plus,0,minus,1,32,32,32,32,1.0
43,N,100,iid,U,1,plus,0,plus,-1,32,32,0,0,0.0
43,N,100,iid,U,2,minus,3,plus,2,32,32,7,7,0.21875
43,N,100,iid,U,2,plus,1,minus,2,32,32,0,0,0.0
43,N,100,iid,U,2,plus,1,plus,0,32,32,0,0,0.0
43,N,100,iid,U,3,plus,2,minus,3,32,32,0,0,0.0
43,N,100,iid,U,3,plus,2,plus,1,32,32,0,0,0.0
43,N,100,ood,U,-3,minus,-2,minus,-1,32,32,0,0,0.0
43,N,100,ood,U,-3,minus,-2,plus,-3,32,32,0,0,0.0
43,N,100,ood,U,-2,minus,-1,minus,0,32,32,0,0,0.0
43,N,100,ood,U,-2,minus,-1,plus,-2,32,32,0,0,0.0
43,N,100,ood,U,-2,plus,-3,minus,-2,32,32,0,0,0.0
43,N,100,ood,U,-1,minus,0,minus,1,32,0,0,0,
43,N,100,ood,U,-1,minus,0,plus,-1,32,0,0,0,
43,N,100,ood,U,-1,plus,-2,minus,-1,32,32,0,0,0.0
43,N,100,ood,U,-1,plus,-2,plus,-3,32,32,0,0,0.0
43,N,100,ood,U,0,minus,1,minus,2,32,0,0,0,
43,N,100,ood,U,0,minus,1,plus,0,32,0,0,0,
43,N,100,ood,U,0,plus,-1,minus,0,32,0,0,0,
43,N,100,ood,U,0,plus,-1,plus,-2,32,0,32,0,
43,N,100,ood,U,1,minus,2,minus,3,32,32,0,0,0.0
43,N,100,ood,U,1,minus,2,plus,1,32,32,0,0,0.0
43,N,100,ood,U,1,plus,0,minus,1,32,0,0,0,
43,N,100,ood,U,1,plus,0,plus,-1,32,0,0,0,
43,N,100,ood,U,2,minus,3,plus,2,32,32,0,0,0.0
43,N,100,ood,U,2,plus,1,minus,2,32,9,0,0,0.0
43,N,100,ood,U,2,plus,1,plus,0,32,9,0,0,0.0
43,N,100,ood,U,3,plus,2,minus,3,32,32,0,0,0.0
43,N,100,ood,U,3,plus,2,plus,1,32,32,0,0,0.0
43,N,100,iid,self,-3,minus,-2,minus,-1,32,32,9,9,0.28125
43,N,100,iid,self,-3,minus,-2,plus,-3,32,32,0,0,0.0
43,N,100,iid,self,-2,minus,-1,minus,0,32,32,0,0,0.0
43,N,100,iid,self,-2,minus,-1,plus,-2,32,32,0,0,0.0
43,N,100,iid,self,-2,plus,-3,minus,-2,32,32,0,0,0.0
43,N,100,iid,self,-1,minus,0,minus,1,32,32,32,32,1.0
43,N,100,iid,self,-1,minus,0,plus,-1,32,32,0,0,0.0
43,N,100,iid,self,-1,plus,-2,minus,-1,32,32,0,0,0.0
43,N,100,iid,self,-1,plus,-2,plus,-3,32,32,0,0,0.0
43,N,100,iid,self,0,minus,1,minus,2,32,32,0,0,0.0
43,N,100,iid,self,0,minus,1,plus,0,32,32,0,0,0.0
43,N,100,iid,self,0,plus,-1,minus,0,32,32,0,0,0.0
43,N,100,iid,self,0,plus,-1,plus,-2,32,32,0,0,0.0
43,N,100,iid,self,1,minus,2,minus,3,32,32,0,0,0.0
43,N,100,iid,self,1,minus,2,plus,1,32,32,0,0,0.0
43,N,100,iid,self,1,plus,0,minus,1,32,32,0,0,0.0
43,N,100,iid,self,1,plus,0,plus,-1,32,32,0,0,0.0
43,N,100,iid,self,2,minus,3,plus,2,32,32,0,0,0.0
43,N,100,iid,self,2,plus,1,minus,2,32,32,0,0,0.0
43,N,100,iid,self,2,plus,1,plus,0,32,32,0,0,0.0
43,N,100,iid,self,3,plus,2,minus,3,32,32,0,0,0.0
43,N,100,iid,self,3,plus,2,plus,1,32,32,0,0,0.0
43,N,100,ood,self,-3,minus,-2,minus,-1,32,32,0,0,0.0
43,N,100,ood,self,-3,minus,-2,plus,-3,32,32,0,0,0.0
43,N,100,ood,self,-2,minus,-1,minus,0,32,25,0,0,0.0
43,N,100,ood,self,-2,minus,-1,plus,-2,32,25,0,0,0.0
43,N,100,ood,self,-2,plus,-3,minus,-2,32,32,0,0,0.0
43,N,100,ood,self,-1,minus,0,minus,1,32,0,0,0,
43,N,100,ood,self,-1,minus,0,plus,-1,32,0,0,0,
43,N,100,ood,self,-1,plus,-2,minus,-1,32,32,0,0,0.0
43,N,100,ood,self,-1,plus,-2,plus,-3,32,32,0,0,0.0
43,N,100,ood,self,0,minus,1,minus,2,32,0,0,0,
43,N,100,ood,self,0,minus,1,plus,0,32,0,0,0,
43,N,100,ood,self,0,plus,-1,minus,0,32,0,0,0,
43,N,100,ood,self,0,plus,-1,plus,-2,32,0,0,0,
43,N,100,ood,self,1,minus,2,minus,3,32,32,0,0,0.0
43,N,100,ood,self,1,minus,2,plus,1,32,32,0,0,0.0
43,N,100,ood,self,1,plus,0,minus,1,32,0,0,0,
43,N,100,ood,self,1,plus,0,plus,-1,32,0,0,0,
43,N,100,ood,self,2,minus,3,plus,2,32,4,0,0,0.0
43,N,100,ood,self,2,plus,1,minus,2,32,3,0,0,0.0
43,N,100,ood,self,2,plus,1,plus,0,32,3,0,0,0.0
43,N,100,ood,self,3,plus,2,minus,3,32,32,0,0,0.0
43,N,100,ood,self,3,plus,2,plus,1,32,32,0,0,0.0
43,N,100,iid,gold_reencode,-3,minus,-2,minus,-1,32,32,32,32,1.0
43,N,100,iid,gold_reencode,-3,minus,-2,plus,-3,32,32,32,32,1.0
43,N,100,iid,gold_reencode,-2,minus,-1,minus,0,32,32,32,32,1.0
43,N,100,iid,gold_reencode,-2,minus,-1,plus,-2,32,32,32,32,1.0
43,N,100,iid,gold_reencode,-2,plus,-3,minus,-2,32,32,32,32,1.0
43,N,100,iid,gold_reencode,-1,minus,0,minus,1,32,32,32,32,1.0
43,N,100,iid,gold_reencode,-1,minus,0,plus,-1,32,32,32,32,1.0
43,N,100,iid,gold_reencode,-1,plus,-2,minus,-1,32,32,32,32,1.0
43,N,100,iid,gold_reencode,-1,plus,-2,plus,-3,32,32,32,32,1.0
43,N,100,iid,gold_reencode,0,minus,1,minus,2,32,32,32,32,1.0
43,N,100,iid,gold_reencode,0,minus,1,plus,0,32,32,32,32,1.0
43,N,100,iid,gold_reencode,0,plus,-1,minus,0,32,32,32,32,1.0
43,N,100,iid,gold_reencode,0,plus,-1,plus,-2,32,32,32,32,1.0
43,N,100,iid,gold_reencode,1,minus,2,minus,3,32,32,32,32,1.0
43,N,100,iid,gold_reencode,1,minus,2,plus,1,32,32,32,32,1.0
43,N,100,iid,gold_reencode,1,plus,0,minus,1,32,32,32,32,1.0
43,N,100,iid,gold_reencode,1,plus,0,plus,-1,32,32,32,32,1.0
43,N,100,iid,gold_reencode,2,minus,3,plus,2,32,32,32,32,1.0
43,N,100,iid,gold_reencode,2,plus,1,minus,2,32,32,32,32,1.0
43,N,100,iid,gold_reencode,2,plus,1,plus,0,32,32,32,32,1.0
43,N,100,iid,gold_reencode,3,plus,2,minus,3,32,32,32,32,1.0
43,N,100,iid,gold_reencode,3,plus,2,plus,1,32,32,32,32,1.0
43,N,100,ood,gold_reencode,-3,minus,-2,minus,-1,32,32,25,25,0.78125
43,N,100,ood,gold_reencode,-3,minus,-2,plus,-3,32,32,32,32,1.0
43,N,100,ood,gold_reencode,-2,minus,-1,minus,0,32,25,0,0,0.0
43,N,100,ood,gold_reencode,-2,minus,-1,plus,-2,32,25,32,25,1.0
43,N,100,ood,gold_reencode,-2,plus,-3,minus,-2,32,32,32,32,1.0
43,N,100,ood,gold_reencode,-1,minus,0,minus,1,32,0,0,0,
43,N,100,ood,gold_reencode,-1,minus,0,plus,-1,32,0,0,0,
43,N,100,ood,gold_reencode,-1,plus,-2,minus,-1,32,32,25,25,0.78125
43,N,100,ood,gold_reencode,-1,plus,-2,plus,-3,32,32,32,32,1.0
43,N,100,ood,gold_reencode,0,minus,1,minus,2,32,0,32,0,
43,N,100,ood,gold_reencode,0,minus,1,plus,0,32,0,0,0,
43,N,100,ood,gold_reencode,0,plus,-1,minus,0,32,0,0,0,
43,N,100,ood,gold_reencode,0,plus,-1,plus,-2,32,0,32,0,
43,N,100,ood,gold_reencode,1,minus,2,minus,3,32,32,4,4,0.125
43,N,100,ood,gold_reencode,1,minus,2,plus,1,32,32,3,3,0.09375
43,N,100,ood,gold_reencode,1,plus,0,minus,1,32,0,0,0,
43,N,100,ood,gold_reencode,1,plus,0,plus,-1,32,0,0,0,
43,N,100,ood,gold_reencode,2,minus,3,plus,2,32,4,32,4,1.0
43,N,100,ood,gold_reencode,2,plus,1,minus,2,32,3,32,3,1.0
43,N,100,ood,gold_reencode,2,plus,1,plus,0,32,3,0,0,0.0
43,N,100,ood,gold_reencode,3,plus,2,minus,3,32,32,4,4,0.125
43,N,100,ood,gold_reencode,3,plus,2,plus,1,32,32,3,3,0.09375
43,N,100,iid,actual_reencode,-3,minus,-2,minus,-1,32,32,32,32,1.0
43,N,100,iid,actual_reencode,-3,minus,-2,plus,-3,32,32,32,32,1.0
43,N,100,iid,actual_reencode,-2,minus,-1,minus,0,32,32,32,32,1.0
43,N,100,iid,actual_reencode,-2,minus,-1,plus,-2,32,32,32,32,1.0
43,N,100,iid,actual_reencode,-2,plus,-3,minus,-2,32,32,32,32,1.0
43,N,100,iid,actual_reencode,-1,minus,0,minus,1,32,32,32,32,1.0
43,N,100,iid,actual_reencode,-1,minus,0,plus,-1,32,32,32,32,1.0
43,N,100,iid,actual_reencode,-1,plus,-2,minus,-1,32,32,32,32,1.0
43,N,100,iid,actual_reencode,-1,plus,-2,plus,-3,32,32,32,32,1.0
43,N,100,iid,actual_reencode,0,minus,1,minus,2,32,32,32,32,1.0
43,N,100,iid,actual_reencode,0,minus,1,plus,0,32,32,32,32,1.0
43,N,100,iid,actual_reencode,0,plus,-1,minus,0,32,32,32,32,1.0
43,N,100,iid,actual_reencode,0,plus,-1,plus,-2,32,32,32,32,1.0
43,N,100,iid,actual_reencode,1,minus,2,minus,3,32,32,32,32,1.0
43,N,100,iid,actual_reencode,1,minus,2,plus,1,32,32,32,32,1.0
43,N,100,iid,actual_reencode,1,plus,0,minus,1,32,32,32,32,1.0
43,N,100,iid,actual_reencode,1,plus,0,plus,-1,32,32,32,32,1.0
43,N,100,iid,actual_reencode,2,minus,3,plus,2,32,32,32,32,1.0
43,N,100,iid,actual_reencode,2,plus,1,minus,2,32,32,32,32,1.0
43,N,100,iid,actual_reencode,2,plus,1,plus,0,32,32,32,32,1.0
43,N,100,iid,actual_reencode,3,plus,2,minus,3,32,32,32,32,1.0
43,N,100,iid,actual_reencode,3,plus,2,plus,1,32,32,32,32,1.0
43,N,100,ood,actual_reencode,-3,minus,-2,minus,-1,32,32,25,25,0.78125
43,N,100,ood,actual_reencode,-3,minus,-2,plus,-3,32,32,32,32,1.0
43,N,100,ood,actual_reencode,-2,minus,-1,minus,0,32,25,15,15,0.6
43,N,100,ood,actual_reencode,-2,minus,-1,plus,-2,32,25,31,25,1.0
43,N,100,ood,actual_reencode,-2,plus,-3,minus,-2,32,32,32,32,1.0
43,N,100,ood,actual_reencode,-1,minus,0,minus,1,32,0,0,0,
43,N,100,ood,actual_reencode,-1,minus,0,plus,-1,32,0,0,0,
43,N,100,ood,actual_reencode,-1,plus,-2,minus,-1,32,32,25,25,0.78125
43,N,100,ood,actual_reencode,-1,plus,-2,plus,-3,32,32,32,32,1.0
43,N,100,ood,actual_reencode,0,minus,1,minus,2,32,0,0,0,
43,N,100,ood,actual_reencode,0,minus,1,plus,0,32,0,4,0,
43,N,100,ood,actual_reencode,0,plus,-1,minus,0,32,0,4,0,
43,N,100,ood,actual_reencode,0,plus,-1,plus,-2,32,0,0,0,
43,N,100,ood,actual_reencode,1,minus,2,minus,3,32,32,4,4,0.125
43,N,100,ood,actual_reencode,1,minus,2,plus,1,32,32,3,3,0.09375
43,N,100,ood,actual_reencode,1,plus,0,minus,1,32,0,0,0,
43,N,100,ood,actual_reencode,1,plus,0,plus,-1,32,0,0,0,
43,N,100,ood,actual_reencode,2,minus,3,plus,2,32,4,4,4,1.0
43,N,100,ood,actual_reencode,2,plus,1,minus,2,32,3,12,3,1.0
43,N,100,ood,actual_reencode,2,plus,1,plus,0,32,3,3,3,1.0
43,N,100,ood,actual_reencode,3,plus,2,minus,3,32,32,4,4,0.125
43,N,100,ood,actual_reencode,3,plus,2,plus,1,32,32,3,3,0.09375
43,N,200,iid,fixed_T0,-3,minus,-2,minus,-1,32,32,0,0,0.0
43,N,200,iid,fixed_T0,-3,minus,-2,plus,-3,32,32,0,0,0.0
43,N,200,iid,fixed_T0,-2,minus,-1,minus,0,32,32,0,0,0.0
43,N,200,iid,fixed_T0,-2,minus,-1,plus,-2,32,32,0,0,0.0
43,N,200,iid,fixed_T0,-2,plus,-3,minus,-2,32,32,0,0,0.0
43,N,200,iid,fixed_T0,-1,minus,0,minus,1,32,32,0,0,0.0
43,N,200,iid,fixed_T0,-1,minus,0,plus,-1,32,32,0,0,0.0
43,N,200,iid,fixed_T0,-1,plus,-2,minus,-1,32,32,0,0,0.0
43,N,200,iid,fixed_T0,-1,plus,-2,plus,-3,32,32,0,0,0.0
43,N,200,iid,fixed_T0,0,minus,1,minus,2,32,32,0,0,0.0
43,N,200,iid,fixed_T0,0,minus,1,plus,0,32,32,0,0,0.0
43,N,200,iid,fixed_T0,0,plus,-1,minus,0,32,32,0,0,0.0
43,N,200,iid,fixed_T0,0,plus,-1,plus,-2,32,32,0,0,0.0
43,N,200,iid,fixed_T0,1,minus,2,minus,3,32,32,0,0,0.0
43,N,200,iid,fixed_T0,1,minus,2,plus,1,32,32,0,0,0.0
43,N,200,iid,fixed_T0,1,plus,0,minus,1,32,32,32,32,1.0
43,N,200,iid,fixed_T0,1,plus,0,plus,-1,32,32,0,0,0.0
43,N,200,iid,fixed_T0,2,minus,3,plus,2,32,32,0,0,0.0
43,N,200,iid,fixed_T0,2,plus,1,minus,2,32,32,0,0,0.0
43,N,200,iid,fixed_T0,2,plus,1,plus,0,32,32,0,0,0.0
43,N,200,iid,fixed_T0,3,plus,2,minus,3,32,32,0,0,0.0
43,N,200,iid,fixed_T0,3,plus,2,plus,1,32,32,0,0,0.0
43,N,200,ood,fixed_T0,-3,minus,-2,minus,-1,32,32,0,0,0.0
43,N,200,ood,fixed_T0,-3,minus,-2,plus,-3,32,32,0,0,0.0
43,N,200,ood,fixed_T0,-2,minus,-1,minus,0,32,16,0,0,0.0
43,N,200,ood,fixed_T0,-2,minus,-1,plus,-2,32,16,0,0,0.0
43,N,200,ood,fixed_T0,-2,plus,-3,minus,-2,32,32,0,0,0.0
43,N,200,ood,fixed_T0,-1,minus,0,minus,1,32,0,0,0,
43,N,200,ood,fixed_T0,-1,minus,0,plus,-1,32,0,0,0,
43,N,200,ood,fixed_T0,-1,plus,-2,minus,-1,32,30,0,0,0.0
43,N,200,ood,fixed_T0,-1,plus,-2,plus,-3,32,30,0,0,0.0
43,N,200,ood,fixed_T0,0,minus,1,minus,2,32,0,0,0,
43,N,200,ood,fixed_T0,0,minus,1,plus,0,32,0,0,0,
43,N,200,ood,fixed_T0,0,plus,-1,minus,0,32,0,0,0,
43,N,200,ood,fixed_T0,0,plus,-1,plus,-2,32,0,29,0,
43,N,200,ood,fixed_T0,1,minus,2,minus,3,32,32,0,0,0.0
43,N,200,ood,fixed_T0,1,minus,2,plus,1,32,32,0,0,0.0
43,N,200,ood,fixed_T0,1,plus,0,minus,1,32,0,0,0,
43,N,200,ood,fixed_T0,1,plus,0,plus,-1,32,0,0,0,
43,N,200,ood,fixed_T0,2,minus,3,plus,2,32,32,0,0,0.0
43,N,200,ood,fixed_T0,2,plus,1,minus,2,32,0,0,0,
43,N,200,ood,fixed_T0,2,plus,1,plus,0,32,0,0,0,
43,N,200,ood,fixed_T0,3,plus,2,minus,3,32,32,0,0,0.0
43,N,200,ood,fixed_T0,3,plus,2,plus,1,32,32,0,0,0.0
43,N,200,iid,U,-3,minus,-2,minus,-1,32,32,0,0,0.0
43,N,200,iid,U,-3,minus,-2,plus,-3,32,32,0,0,0.0
43,N,200,iid,U,-2,minus,-1,minus,0,32,32,0,0,0.0
43,N,200,iid,U,-2,minus,-1,plus,-2,32,32,0,0,0.0
43,N,200,iid,U,-2,plus,-3,minus,-2,32,32,0,0,0.0
43,N,200,iid,U,-1,minus,0,minus,1,32,32,0,0,0.0
43,N,200,iid,U,-1,minus,0,plus,-1,32,32,0,0,0.0
43,N,200,iid,U,-1,plus,-2,minus,-1,32,32,0,0,0.0
43,N,200,iid,U,-1,plus,-2,plus,-3,32,32,0,0,0.0
43,N,200,iid,U,0,minus,1,minus,2,32,32,0,0,0.0
43,N,200,iid,U,0,minus,1,plus,0,32,32,0,0,0.0
43,N,200,iid,U,0,plus,-1,minus,0,32,32,0,0,0.0
43,N,200,iid,U,0,plus,-1,plus,-2,32,32,10,10,0.3125
43,N,200,iid,U,1,minus,2,minus,3,32,32,0,0,0.0
43,N,200,iid,U,1,minus,2,plus,1,32,32,0,0,0.0
43,N,200,iid,U,1,plus,0,minus,1,32,32,32,32,1.0
43,N,200,iid,U,1,plus,0,plus,-1,32,32,0,0,0.0
43,N,200,iid,U,2,minus,3,plus,2,32,32,6,6,0.1875
43,N,200,iid,U,2,plus,1,minus,2,32,32,0,0,0.0
43,N,200,iid,U,2,plus,1,plus,0,32,32,0,0,0.0
43,N,200,iid,U,3,plus,2,minus,3,32,32,0,0,0.0
43,N,200,iid,U,3,plus,2,plus,1,32,32,0,0,0.0
43,N,200,ood,U,-3,minus,-2,minus,-1,32,32,0,0,0.0
43,N,200,ood,U,-3,minus,-2,plus,-3,32,32,0,0,0.0
43,N,200,ood,U,-2,minus,-1,minus,0,32,32,0,0,0.0
43,N,200,ood,U,-2,minus,-1,plus,-2,32,32,0,0,0.0
43,N,200,ood,U,-2,plus,-3,minus,-2,32,32,0,0,0.0
43,N,200,ood,U,-1,minus,0,minus,1,32,0,0,0,
43,N,200,ood,U,-1,minus,0,plus,-1,32,0,0,0,
43,N,200,ood,U,-1,plus,-2,minus,-1,32,32,0,0,0.0
43,N,200,ood,U,-1,plus,-2,plus,-3,32,32,0,0,0.0
43,N,200,ood,U,0,minus,1,minus,2,32,0,0,0,
43,N,200,ood,U,0,minus,1,plus,0,32,0,0,0,
43,N,200,ood,U,0,plus,-1,minus,0,32,0,0,0,
43,N,200,ood,U,0,plus,-1,plus,-2,32,0,32,0,
43,N,200,ood,U,1,minus,2,minus,3,32,32,0,0,0.0
43,N,200,ood,U,1,minus,2,plus,1,32,32,0,0,0.0
43,N,200,ood,U,1,plus,0,minus,1,32,0,0,0,
43,N,200,ood,U,1,plus,0,plus,-1,32,0,0,0,
43,N,200,ood,U,2,minus,3,plus,2,32,32,0,0,0.0
43,N,200,ood,U,2,plus,1,minus,2,32,9,0,0,0.0
43,N,200,ood,U,2,plus,1,plus,0,32,9,0,0,0.0
43,N,200,ood,U,3,plus,2,minus,3,32,32,0,0,0.0
43,N,200,ood,U,3,plus,2,plus,1,32,32,0,0,0.0
43,N,200,iid,self,-3,minus,-2,minus,-1,32,32,0,0,0.0
43,N,200,iid,self,-3,minus,-2,plus,-3,32,32,0,0,0.0
43,N,200,iid,self,-2,minus,-1,minus,0,32,32,0,0,0.0
43,N,200,iid,self,-2,minus,-1,plus,-2,32,32,0,0,0.0
43,N,200,iid,self,-2,plus,-3,minus,-2,32,32,0,0,0.0
43,N,200,iid,self,-1,minus,0,minus,1,32,32,32,32,1.0
43,N,200,iid,self,-1,minus,0,plus,-1,32,32,0,0,0.0
43,N,200,iid,self,-1,plus,-2,minus,-1,32,32,0,0,0.0
43,N,200,iid,self,-1,plus,-2,plus,-3,32,32,0,0,0.0
43,N,200,iid,self,0,minus,1,minus,2,32,32,0,0,0.0
43,N,200,iid,self,0,minus,1,plus,0,32,32,0,0,0.0
43,N,200,iid,self,0,plus,-1,minus,0,32,32,0,0,0.0
43,N,200,iid,self,0,plus,-1,plus,-2,32,32,0,0,0.0
43,N,200,iid,self,1,minus,2,minus,3,32,32,0,0,0.0
43,N,200,iid,self,1,minus,2,plus,1,32,32,0,0,0.0
43,N,200,iid,self,1,plus,0,minus,1,32,32,0,0,0.0
43,N,200,iid,self,1,plus,0,plus,-1,32,32,0,0,0.0
43,N,200,iid,self,2,minus,3,plus,2,32,32,0,0,0.0
43,N,200,iid,self,2,plus,1,minus,2,32,32,0,0,0.0
43,N,200,iid,self,2,plus,1,plus,0,32,32,0,0,0.0
43,N,200,iid,self,3,plus,2,minus,3,32,32,0,0,0.0
43,N,200,iid,self,3,plus,2,plus,1,32,32,0,0,0.0
43,N,200,ood,self,-3,minus,-2,minus,-1,32,32,0,0,0.0
43,N,200,ood,self,-3,minus,-2,plus,-3,32,32,0,0,0.0
43,N,200,ood,self,-2,minus,-1,minus,0,32,29,0,0,0.0
43,N,200,ood,self,-2,minus,-1,plus,-2,32,29,0,0,0.0
43,N,200,ood,self,-2,plus,-3,minus,-2,32,32,0,0,0.0
43,N,200,ood,self,-1,minus,0,minus,1,32,0,0,0,
43,N,200,ood,self,-1,minus,0,plus,-1,32,0,0,0,
43,N,200,ood,self,-1,plus,-2,minus,-1,32,32,0,0,0.0
43,N,200,ood,self,-1,plus,-2,plus,-3,32,32,0,0,0.0
43,N,200,ood,self,0,minus,1,minus,2,32,0,0,0,
43,N,200,ood,self,0,minus,1,plus,0,32,0,0,0,
43,N,200,ood,self,0,plus,-1,minus,0,32,0,0,0,
43,N,200,ood,self,0,plus,-1,plus,-2,32,0,0,0,
43,N,200,ood,self,1,minus,2,minus,3,32,32,0,0,0.0
43,N,200,ood,self,1,minus,2,plus,1,32,32,0,0,0.0
43,N,200,ood,self,1,plus,0,minus,1,32,0,0,0,
43,N,200,ood,self,1,plus,0,plus,-1,32,0,0,0,
43,N,200,ood,self,2,minus,3,plus,2,32,4,0,0,0.0
43,N,200,ood,self,2,plus,1,minus,2,32,6,0,0,0.0
43,N,200,ood,self,2,plus,1,plus,0,32,6,0,0,0.0
43,N,200,ood,self,3,plus,2,minus,3,32,32,0,0,0.0
43,N,200,ood,self,3,plus,2,plus,1,32,32,0,0,0.0
43,N,200,iid,gold_reencode,-3,minus,-2,minus,-1,32,32,32,32,1.0
43,N,200,iid,gold_reencode,-3,minus,-2,plus,-3,32,32,32,32,1.0
43,N,200,iid,gold_reencode,-2,minus,-1,minus,0,32,32,32,32,1.0
43,N,200,iid,gold_reencode,-2,minus,-1,plus,-2,32,32,32,32,1.0
43,N,200,iid,gold_reencode,-2,plus,-3,minus,-2,32,32,32,32,1.0
43,N,200,iid,gold_reencode,-1,minus,0,minus,1,32,32,32,32,1.0
43,N,200,iid,gold_reencode,-1,minus,0,plus,-1,32,32,32,32,1.0
43,N,200,iid,gold_reencode,-1,plus,-2,minus,-1,32,32,32,32,1.0
43,N,200,iid,gold_reencode,-1,plus,-2,plus,-3,32,32,32,32,1.0
43,N,200,iid,gold_reencode,0,minus,1,minus,2,32,32,32,32,1.0
43,N,200,iid,gold_reencode,0,minus,1,plus,0,32,32,32,32,1.0
43,N,200,iid,gold_reencode,0,plus,-1,minus,0,32,32,32,32,1.0
43,N,200,iid,gold_reencode,0,plus,-1,plus,-2,32,32,32,32,1.0
43,N,200,iid,gold_reencode,1,minus,2,minus,3,32,32,32,32,1.0
43,N,200,iid,gold_reencode,1,minus,2,plus,1,32,32,32,32,1.0
43,N,200,iid,gold_reencode,1,plus,0,minus,1,32,32,32,32,1.0
43,N,200,iid,gold_reencode,1,plus,0,plus,-1,32,32,32,32,1.0
43,N,200,iid,gold_reencode,2,minus,3,plus,2,32,32,32,32,1.0
43,N,200,iid,gold_reencode,2,plus,1,minus,2,32,32,32,32,1.0
43,N,200,iid,gold_reencode,2,plus,1,plus,0,32,32,32,32,1.0
43,N,200,iid,gold_reencode,3,plus,2,minus,3,32,32,32,32,1.0
43,N,200,iid,gold_reencode,3,plus,2,plus,1,32,32,32,32,1.0
43,N,200,ood,gold_reencode,-3,minus,-2,minus,-1,32,32,29,29,0.90625
43,N,200,ood,gold_reencode,-3,minus,-2,plus,-3,32,32,32,32,1.0
43,N,200,ood,gold_reencode,-2,minus,-1,minus,0,32,29,0,0,0.0
43,N,200,ood,gold_reencode,-2,minus,-1,plus,-2,32,29,32,29,1.0
43,N,200,ood,gold_reencode,-2,plus,-3,minus,-2,32,32,32,32,1.0
43,N,200,ood,gold_reencode,-1,minus,0,minus,1,32,0,0,0,
43,N,200,ood,gold_reencode,-1,minus,0,plus,-1,32,0,0,0,
43,N,200,ood,gold_reencode,-1,plus,-2,minus,-1,32,32,29,29,0.90625
43,N,200,ood,gold_reencode,-1,plus,-2,plus,-3,32,32,32,32,1.0
43,N,200,ood,gold_reencode,0,minus,1,minus,2,32,0,32,0,
43,N,200,ood,gold_reencode,0,minus,1,plus,0,32,0,0,0,
43,N,200,ood,gold_reencode,0,plus,-1,minus,0,32,0,0,0,
43,N,200,ood,gold_reencode,0,plus,-1,plus,-2,32,0,32,0,
43,N,200,ood,gold_reencode,1,minus,2,minus,3,32,32,4,4,0.125
43,N,200,ood,gold_reencode,1,minus,2,plus,1,32,32,6,6,0.1875
43,N,200,ood,gold_reencode,1,plus,0,minus,1,32,0,0,0,
43,N,200,ood,gold_reencode,1,plus,0,plus,-1,32,0,0,0,
43,N,200,ood,gold_reencode,2,minus,3,plus,2,32,4,32,4,1.0
43,N,200,ood,gold_reencode,2,plus,1,minus,2,32,6,32,6,1.0
43,N,200,ood,gold_reencode,2,plus,1,plus,0,32,6,0,0,0.0
43,N,200,ood,gold_reencode,3,plus,2,minus,3,32,32,4,4,0.125
43,N,200,ood,gold_reencode,3,plus,2,plus,1,32,32,6,6,0.1875
43,N,200,iid,actual_reencode,-3,minus,-2,minus,-1,32,32,32,32,1.0
43,N,200,iid,actual_reencode,-3,minus,-2,plus,-3,32,32,32,32,1.0
43,N,200,iid,actual_reencode,-2,minus,-1,minus,0,32,32,32,32,1.0
43,N,200,iid,actual_reencode,-2,minus,-1,plus,-2,32,32,32,32,1.0
43,N,200,iid,actual_reencode,-2,plus,-3,minus,-2,32,32,32,32,1.0
43,N,200,iid,actual_reencode,-1,minus,0,minus,1,32,32,32,32,1.0
43,N,200,iid,actual_reencode,-1,minus,0,plus,-1,32,32,32,32,1.0
43,N,200,iid,actual_reencode,-1,plus,-2,minus,-1,32,32,32,32,1.0
43,N,200,iid,actual_reencode,-1,plus,-2,plus,-3,32,32,32,32,1.0
43,N,200,iid,actual_reencode,0,minus,1,minus,2,32,32,32,32,1.0
43,N,200,iid,actual_reencode,0,minus,1,plus,0,32,32,32,32,1.0
43,N,200,iid,actual_reencode,0,plus,-1,minus,0,32,32,32,32,1.0
43,N,200,iid,actual_reencode,0,plus,-1,plus,-2,32,32,32,32,1.0
43,N,200,iid,actual_reencode,1,minus,2,minus,3,32,32,32,32,1.0
43,N,200,iid,actual_reencode,1,minus,2,plus,1,32,32,32,32,1.0
43,N,200,iid,actual_reencode,1,plus,0,minus,1,32,32,32,32,1.0
43,N,200,iid,actual_reencode,1,plus,0,plus,-1,32,32,32,32,1.0
43,N,200,iid,actual_reencode,2,minus,3,plus,2,32,32,32,32,1.0
43,N,200,iid,actual_reencode,2,plus,1,minus,2,32,32,32,32,1.0
43,N,200,iid,actual_reencode,2,plus,1,plus,0,32,32,32,32,1.0
43,N,200,iid,actual_reencode,3,plus,2,minus,3,32,32,32,32,1.0
43,N,200,iid,actual_reencode,3,plus,2,plus,1,32,32,32,32,1.0
43,N,200,ood,actual_reencode,-3,minus,-2,minus,-1,32,32,29,29,0.90625
43,N,200,ood,actual_reencode,-3,minus,-2,plus,-3,32,32,32,32,1.0
43,N,200,ood,actual_reencode,-2,minus,-1,minus,0,32,29,17,17,0.5862068965517241
43,N,200,ood,actual_reencode,-2,minus,-1,plus,-2,32,29,32,29,1.0
43,N,200,ood,actual_reencode,-2,plus,-3,minus,-2,32,32,32,32,1.0
43,N,200,ood,actual_reencode,-1,minus,0,minus,1,32,0,0,0,
43,N,200,ood,actual_reencode,-1,minus,0,plus,-1,32,0,0,0,
43,N,200,ood,actual_reencode,-1,plus,-2,minus,-1,32,32,29,29,0.90625
43,N,200,ood,actual_reencode,-1,plus,-2,plus,-3,32,32,32,32,1.0
43,N,200,ood,actual_reencode,0,minus,1,minus,2,32,0,0,0,
43,N,200,ood,actual_reencode,0,minus,1,plus,0,32,0,4,0,
43,N,200,ood,actual_reencode,0,plus,-1,minus,0,32,0,4,0,
43,N,200,ood,actual_reencode,0,plus,-1,plus,-2,32,0,0,0,
43,N,200,ood,actual_reencode,1,minus,2,minus,3,32,32,4,4,0.125
43,N,200,ood,actual_reencode,1,minus,2,plus,1,32,32,6,6,0.1875
43,N,200,ood,actual_reencode,1,plus,0,minus,1,32,0,0,0,
43,N,200,ood,actual_reencode,1,plus,0,plus,-1,32,0,0,0,
43,N,200,ood,actual_reencode,2,minus,3,plus,2,32,4,4,4,1.0
43,N,200,ood,actual_reencode,2,plus,1,minus,2,32,6,10,6,1.0
43,N,200,ood,actual_reencode,2,plus,1,plus,0,32,6,6,6,1.0
43,N,200,ood,actual_reencode,3,plus,2,minus,3,32,32,4,4,0.125
43,N,200,ood,actual_reencode,3,plus,2,plus,1,32,32,6,6,0.1875
43,F,100,iid,fixed_T0,-3,minus,-2,minus,-1,32,32,0,0,0.0
43,F,100,iid,fixed_T0,-3,minus,-2,plus,-3,32,32,31,31,0.96875
43,F,100,iid,fixed_T0,-2,minus,-1,minus,0,32,32,32,32,1.0
43,F,100,iid,fixed_T0,-2,minus,-1,plus,-2,32,32,32,32,1.0
43,F,100,iid,fixed_T0,-2,plus,-3,minus,-2,32,32,32,32,1.0
43,F,100,iid,fixed_T0,-1,minus,0,minus,1,32,32,32,32,1.0
43,F,100,iid,fixed_T0,-1,minus,0,plus,-1,32,32,32,32,1.0
43,F,100,iid,fixed_T0,-1,plus,-2,minus,-1,32,32,32,32,1.0
43,F,100,iid,fixed_T0,-1,plus,-2,plus,-3,32,32,32,32,1.0
43,F,100,iid,fixed_T0,0,minus,1,minus,2,32,32,6,6,0.1875
43,F,100,iid,fixed_T0,0,minus,1,plus,0,32,32,32,32,1.0
43,F,100,iid,fixed_T0,0,plus,-1,minus,0,32,32,32,32,1.0
43,F,100,iid,fixed_T0,0,plus,-1,plus,-2,32,32,32,32,1.0
43,F,100,iid,fixed_T0,1,minus,2,minus,3,32,32,30,30,0.9375
43,F,100,iid,fixed_T0,1,minus,2,plus,1,32,32,32,32,1.0
43,F,100,iid,fixed_T0,1,plus,0,minus,1,32,32,32,32,1.0
43,F,100,iid,fixed_T0,1,plus,0,plus,-1,32,32,32,32,1.0
43,F,100,iid,fixed_T0,2,minus,3,plus,2,32,32,32,32,1.0
43,F,100,iid,fixed_T0,2,plus,1,minus,2,32,32,21,21,0.65625
43,F,100,iid,fixed_T0,2,plus,1,plus,0,32,32,31,31,0.96875
43,F,100,iid,fixed_T0,3,plus,2,minus,3,32,32,32,32,1.0
43,F,100,iid,fixed_T0,3,plus,2,plus,1,32,32,6,6,0.1875
43,F,100,ood,fixed_T0,-3,minus,-2,minus,-1,32,32,0,0,0.0
43,F,100,ood,fixed_T0,-3,minus,-2,plus,-3,32,32,0,0,0.0
43,F,100,ood,fixed_T0,-2,minus,-1,minus,0,32,16,0,0,0.0
43,F,100,ood,fixed_T0,-2,minus,-1,plus,-2,32,16,32,16,1.0
43,F,100,ood,fixed_T0,-2,plus,-3,minus,-2,32,32,17,17,0.53125
43,F,100,ood,fixed_T0,-1,minus,0,minus,1,32,0,0,0,
43,F,100,ood,fixed_T0,-1,minus,0,plus,-1,32,0,0,0,
43,F,100,ood,fixed_T0,-1,plus,-2,minus,-1,32,30,0,0,0.0
43,F,100,ood,fixed_T0,-1,plus,-2,plus,-3,32,30,10,9,0.3
43,F,100,ood,fixed_T0,0,minus,1,minus,2,32,0,32,0,
43,F,100,ood,fixed_T0,0,minus,1,plus,0,32,0,27,0,
43,F,100,ood,fixed_T0,0,plus,-1,minus,0,32,0,32,0,
43,F,100,ood,fixed_T0,0,plus,-1,plus,-2,32,0,32,0,
43,F,100,ood,fixed_T0,1,minus,2,minus,3,32,32,32,32,1.0
43,F,100,ood,fixed_T0,1,minus,2,plus,1,32,32,0,0,0.0
43,F,100,ood,fixed_T0,1,plus,0,minus,1,32,0,0,0,
43,F,100,ood,fixed_T0,1,plus,0,plus,-1,32,0,15,0,
43,F,100,ood,fixed_T0,2,minus,3,plus,2,32,32,32,32,1.0
43,F,100,ood,fixed_T0,2,plus,1,minus,2,32,0,4,0,
43,F,100,ood,fixed_T0,2,plus,1,plus,0,32,0,16,0,
43,F,100,ood,fixed_T0,3,plus,2,minus,3,32,32,32,32,1.0
43,F,100,ood,fixed_T0,3,plus,2,plus,1,32,32,0,0,0.0
43,F,100,iid,U,-3,minus,-2,minus,-1,32,32,0,0,0.0
43,F,100,iid,U,-3,minus,-2,plus,-3,32,32,11,11,0.34375
43,F,100,iid,U,-2,minus,-1,minus,0,32,32,32,32,1.0
43,F,100,iid,U,-2,minus,-1,plus,-2,32,32,32,32,1.0
43,F,100,iid,U,-2,plus,-3,minus,-2,32,32,24,24,0.75
43,F,100,iid,U,-1,minus,0,minus,1,32,32,32,32,1.0
43,F,100,iid,U,-1,minus,0,plus,-1,32,32,29,29,0.90625
43,F,100,iid,U,-1,plus,-2,minus,-1,32,32,32,32,1.0
43,F,100,iid,U,-1,plus,-2,plus,-3,32,32,32,32,1.0
43,F,100,iid,U,0,minus,1,minus,2,32,32,28,28,0.875
43,F,100,iid,U,0,minus,1,plus,0,32,32,32,32,1.0
43,F,100,iid,U,0,plus,-1,minus,0,32,32,32,32,1.0
43,F,100,iid,U,0,plus,-1,plus,-2,32,32,32,32,1.0
43,F,100,iid,U,1,minus,2,minus,3,32,32,31,31,0.96875
43,F,100,iid,U,1,minus,2,plus,1,32,32,32,32,1.0
43,F,100,iid,U,1,plus,0,minus,1,32,32,32,32,1.0
43,F,100,iid,U,1,plus,0,plus,-1,32,32,26,26,0.8125
43,F,100,iid,U,2,minus,3,plus,2,32,32,32,32,1.0
43,F,100,iid,U,2,plus,1,minus,2,32,32,12,12,0.375
43,F,100,iid,U,2,plus,1,plus,0,32,32,0,0,0.0
43,F,100,iid,U,3,plus,2,minus,3,32,32,32,32,1.0
43,F,100,iid,U,3,plus,2,plus,1,32,32,0,0,0.0
43,F,100,ood,U,-3,minus,-2,minus,-1,32,32,0,0,0.0
43,F,100,ood,U,-3,minus,-2,plus,-3,32,32,0,0,0.0
43,F,100,ood,U,-2,minus,-1,minus,0,32,32,0,0,0.0
43,F,100,ood,U,-2,minus,-1,plus,-2,32,32,32,32,1.0
43,F,100,ood,U,-2,plus,-3,minus,-2,32,32,14,14,0.4375
43,F,100,ood,U,-1,minus,0,minus,1,32,0,0,0,
43,F,100,ood,U,-1,minus,0,plus,-1,32,0,0,0,
43,F,100,ood,U,-1,plus,-2,minus,-1,32,32,4,4,0.125
43,F,100,ood,U,-1,plus,-2,plus,-3,32,32,0,0,0.0
43,F,100,ood,U,0,minus,1,minus,2,32,0,32,0,
43,F,100,ood,U,0,minus,1,plus,0,32,0,3,0,
43,F,100,ood,U,0,plus,-1,minus,0,32,0,32,0,
43,F,100,ood,U,0,plus,-1,plus,-2,32,0,32,0,
43,F,100,ood,U,1,minus,2,minus,3,32,32,32,32,1.0
43,F,100,ood,U,1,minus,2,plus,1,32,32,0,0,0.0
43,F,100,ood,U,1,plus,0,minus,1,32,0,0,0,
43,F,100,ood,U,1,plus,0,plus,-1,32,0,0,0,
43,F,100,ood,U,2,minus,3,plus,2,32,32,32,32,1.0
43,F,100,ood,U,2,plus,1,minus,2,32,9,0,0,0.0
43,F,100,ood,U,2,plus,1,plus,0,32,9,0,0,0.0
43,F,100,ood,U,3,plus,2,minus,3,32,32,32,32,1.0
43,F,100,ood,U,3,plus,2,plus,1,32,32,0,0,0.0
43,F,100,iid,self,-3,minus,-2,minus,-1,32,32,0,0,0.0
43,F,100,iid,self,-3,minus,-2,plus,-3,32,32,1,1,0.03125
43,F,100,iid,self,-2,minus,-1,minus,0,32,32,10,10,0.3125
43,F,100,iid,self,-2,minus,-1,plus,-2,32,32,29,29,0.90625
43,F,100,iid,self,-2,plus,-3,minus,-2,32,32,32,32,1.0
43,F,100,iid,self,-1,minus,0,minus,1,32,32,1,1,0.03125
43,F,100,iid,self,-1,minus,0,plus,-1,32,32,0,0,0.0
43,F,100,iid,self,-1,plus,-2,minus,-1,32,32,26,26,0.8125
43,F,100,iid,self,-1,plus,-2,plus,-3,32,32,25,25,0.78125
43,F,100,iid,self,0,minus,1,minus,2,32,32,6,6,0.1875
43,F,100,iid,self,0,minus,1,plus,0,32,32,32,32,1.0
43,F,100,iid,self,0,plus,-1,minus,0,32,32,32,32,1.0
43,F,100,iid,self,0,plus,-1,plus,-2,32,32,13,13,0.40625
43,F,100,iid,self,1,minus,2,minus,3,32,32,15,15,0.46875
43,F,100,iid,self,1,minus,2,plus,1,32,32,32,32,1.0
43,F,100,iid,self,1,plus,0,minus,1,32,32,32,32,1.0
43,F,100,iid,self,1,plus,0,plus,-1,32,32,4,4,0.125
43,F,100,iid,self,2,minus,3,plus,2,32,32,32,32,1.0
43,F,100,iid,self,2,plus,1,minus,2,32,32,2,2,0.0625
43,F,100,iid,self,2,plus,1,plus,0,32,32,15,15,0.46875
43,F,100,iid,self,3,plus,2,minus,3,32,32,32,32,1.0
43,F,100,iid,self,3,plus,2,plus,1,32,32,0,0,0.0
43,F,100,ood,self,-3,minus,-2,minus,-1,32,32,0,0,0.0
43,F,100,ood,self,-3,minus,-2,plus,-3,32,32,0,0,0.0
43,F,100,ood,self,-2,minus,-1,minus,0,32,6,0,0,0.0
43,F,100,ood,self,-2,minus,-1,plus,-2,32,6,32,6,1.0
43,F,100,ood,self,-2,plus,-3,minus,-2,32,32,32,32,1.0
43,F,100,ood,self,-1,minus,0,minus,1,32,0,0,0,
43,F,100,ood,self,-1,minus,0,plus,-1,32,0,6,0,
43,F,100,ood,self,-1,plus,-2,minus,-1,32,32,0,0,0.0
43,F,100,ood,self,-1,plus,-2,plus,-3,32,32,13,13,0.40625
43,F,100,ood,self,0,minus,1,minus,2,32,0,1,0,
43,F,100,ood,self,0,minus,1,plus,0,32,0,32,0,
43,F,100,ood,self,0,plus,-1,minus,0,32,1,32,1,1.0
43,F,100,ood,self,0,plus,-1,plus,-2,32,1,5,1,1.0
43,F,100,ood,self,1,minus,2,minus,3,32,32,21,21,0.65625
43,F,100,ood,self,1,minus,2,plus,1,32,32,32,32,1.0
43,F,100,ood,self,1,plus,0,minus,1,32,0,0,0,
43,F,100,ood,self,1,plus,0,plus,-1,32,0,8,0,
43,F,100,ood,self,2,minus,3,plus,2,32,32,32,32,1.0
43,F,100,ood,self,2,plus,1,minus,2,32,10,0,0,0.0
43,F,100,ood,self,2,plus,1,plus,0,32,10,0,0,0.0
43,F,100,ood,self,3,plus,2,minus,3,32,32,32,32,1.0
43,F,100,ood,self,3,plus,2,plus,1,32,32,0,0,0.0
43,F,100,iid,gold_reencode,-3,minus,-2,minus,-1,32,32,32,32,1.0
43,F,100,iid,gold_reencode,-3,minus,-2,plus,-3,32,32,32,32,1.0
43,F,100,iid,gold_reencode,-2,minus,-1,minus,0,32,32,32,32,1.0
43,F,100,iid,gold_reencode,-2,minus,-1,plus,-2,32,32,32,32,1.0
43,F,100,iid,gold_reencode,-2,plus,-3,minus,-2,32,32,32,32,1.0
43,F,100,iid,gold_reencode,-1,minus,0,minus,1,32,32,32,32,1.0
43,F,100,iid,gold_reencode,-1,minus,0,plus,-1,32,32,32,32,1.0
43,F,100,iid,gold_reencode,-1,plus,-2,minus,-1,32,32,32,32,1.0
43,F,100,iid,gold_reencode,-1,plus,-2,plus,-3,32,32,32,32,1.0
43,F,100,iid,gold_reencode,0,minus,1,minus,2,32,32,32,32,1.0
43,F,100,iid,gold_reencode,0,minus,1,plus,0,32,32,32,32,1.0
43,F,100,iid,gold_reencode,0,plus,-1,minus,0,32,32,32,32,1.0
43,F,100,iid,gold_reencode,0,plus,-1,plus,-2,32,32,32,32,1.0
43,F,100,iid,gold_reencode,1,minus,2,minus,3,32,32,32,32,1.0
43,F,100,iid,gold_reencode,1,minus,2,plus,1,32,32,32,32,1.0
43,F,100,iid,gold_reencode,1,plus,0,minus,1,32,32,32,32,1.0
43,F,100,iid,gold_reencode,1,plus,0,plus,-1,32,32,32,32,1.0
43,F,100,iid,gold_reencode,2,minus,3,plus,2,32,32,32,32,1.0
43,F,100,iid,gold_reencode,2,plus,1,minus,2,32,32,32,32,1.0
43,F,100,iid,gold_reencode,2,plus,1,plus,0,32,32,32,32,1.0
43,F,100,iid,gold_reencode,3,plus,2,minus,3,32,32,32,32,1.0
43,F,100,iid,gold_reencode,3,plus,2,plus,1,32,32,32,32,1.0
43,F,100,ood,gold_reencode,-3,minus,-2,minus,-1,32,32,6,6,0.1875
43,F,100,ood,gold_reencode,-3,minus,-2,plus,-3,32,32,32,32,1.0
43,F,100,ood,gold_reencode,-2,minus,-1,minus,0,32,6,0,0,0.0
43,F,100,ood,gold_reencode,-2,minus,-1,plus,-2,32,6,32,6,1.0
43,F,100,ood,gold_reencode,-2,plus,-3,minus,-2,32,32,32,32,1.0
43,F,100,ood,gold_reencode,-1,minus,0,minus,1,32,0,0,0,
43,F,100,ood,gold_reencode,-1,minus,0,plus,-1,32,0,1,0,
43,F,100,ood,gold_reencode,-1,plus,-2,minus,-1,32,32,6,6,0.1875
43,F,100,ood,gold_reencode,-1,plus,-2,plus,-3,32,32,32,32,1.0
43,F,100,ood,gold_reencode,0,minus,1,minus,2,32,0,32,0,
43,F,100,ood,gold_reencode,0,minus,1,plus,0,32,0,0,0,
43,F,100,ood,gold_reencode,0,plus,-1,minus,0,32,1,0,0,0.0
43,F,100,ood,gold_reencode,0,plus,-1,plus,-2,32,1,32,1,1.0
43,F,100,ood,gold_reencode,1,minus,2,minus,3,32,32,32,32,1.0
43,F,100,ood,gold_reencode,1,minus,2,plus,1,32,32,10,10,0.3125
43,F,100,ood,gold_reencode,1,plus,0,minus,1,32,0,0,0,
43,F,100,ood,gold_reencode,1,plus,0,plus,-1,32,0,1,0,
43,F,100,ood,gold_reencode,2,minus,3,plus,2,32,32,32,32,1.0
43,F,100,ood,gold_reencode,2,plus,1,minus,2,32,10,32,10,1.0
43,F,100,ood,gold_reencode,2,plus,1,plus,0,32,10,0,0,0.0
43,F,100,ood,gold_reencode,3,plus,2,minus,3,32,32,32,32,1.0
43,F,100,ood,gold_reencode,3,plus,2,plus,1,32,32,10,10,0.3125
43,F,100,iid,actual_reencode,-3,minus,-2,minus,-1,32,32,32,32,1.0
43,F,100,iid,actual_reencode,-3,minus,-2,plus,-3,32,32,32,32,1.0
43,F,100,iid,actual_reencode,-2,minus,-1,minus,0,32,32,32,32,1.0
43,F,100,iid,actual_reencode,-2,minus,-1,plus,-2,32,32,32,32,1.0
43,F,100,iid,actual_reencode,-2,plus,-3,minus,-2,32,32,32,32,1.0
43,F,100,iid,actual_reencode,-1,minus,0,minus,1,32,32,32,32,1.0
43,F,100,iid,actual_reencode,-1,minus,0,plus,-1,32,32,32,32,1.0
43,F,100,iid,actual_reencode,-1,plus,-2,minus,-1,32,32,32,32,1.0
43,F,100,iid,actual_reencode,-1,plus,-2,plus,-3,32,32,32,32,1.0
43,F,100,iid,actual_reencode,0,minus,1,minus,2,32,32,32,32,1.0
43,F,100,iid,actual_reencode,0,minus,1,plus,0,32,32,32,32,1.0
43,F,100,iid,actual_reencode,0,plus,-1,minus,0,32,32,32,32,1.0
43,F,100,iid,actual_reencode,0,plus,-1,plus,-2,32,32,32,32,1.0
43,F,100,iid,actual_reencode,1,minus,2,minus,3,32,32,32,32,1.0
43,F,100,iid,actual_reencode,1,minus,2,plus,1,32,32,32,32,1.0
43,F,100,iid,actual_reencode,1,plus,0,minus,1,32,32,32,32,1.0
43,F,100,iid,actual_reencode,1,plus,0,plus,-1,32,32,32,32,1.0
43,F,100,iid,actual_reencode,2,minus,3,plus,2,32,32,32,32,1.0
43,F,100,iid,actual_reencode,2,plus,1,minus,2,32,32,32,32,1.0
43,F,100,iid,actual_reencode,2,plus,1,plus,0,32,32,32,32,1.0
43,F,100,iid,actual_reencode,3,plus,2,minus,3,32,32,32,32,1.0
43,F,100,iid,actual_reencode,3,plus,2,plus,1,32,32,32,32,1.0
43,F,100,ood,actual_reencode,-3,minus,-2,minus,-1,32,32,6,6,0.1875
43,F,100,ood,actual_reencode,-3,minus,-2,plus,-3,32,32,32,32,1.0
43,F,100,ood,actual_reencode,-2,minus,-1,minus,0,32,6,0,0,0.0
43,F,100,ood,actual_reencode,-2,minus,-1,plus,-2,32,6,29,6,1.0
43,F,100,ood,actual_reencode,-2,plus,-3,minus,-2,32,32,32,32,1.0
43,F,100,ood,actual_reencode,-1,minus,0,minus,1,32,0,0,0,
43,F,100,ood,actual_reencode,-1,minus,0,plus,-1,32,0,0,0,
43,F,100,ood,actual_reencode,-1,plus,-2,minus,-1,32,32,6,6,0.1875
43,F,100,ood,actual_reencode,-1,plus,-2,plus,-3,32,32,32,32,1.0
43,F,100,ood,actual_reencode,0,minus,1,minus,2,32,0,0,0,
43,F,100,ood,actual_reencode,0,minus,1,plus,0,32,0,0,0,
43,F,100,ood,actual_reencode,0,plus,-1,minus,0,32,1,17,1,1.0
43,F,100,ood,actual_reencode,0,plus,-1,plus,-2,32,1,2,1,1.0
43,F,100,ood,actual_reencode,1,minus,2,minus,3,32,32,32,32,1.0
43,F,100,ood,actual_reencode,1,minus,2,plus,1,32,32,10,10,0.3125
43,F,100,ood,actual_reencode,1,plus,0,minus,1,32,0,0,0,
43,F,100,ood,actual_reencode,1,plus,0,plus,-1,32,0,0,0,
43,F,100,ood,actual_reencode,2,minus,3,plus,2,32,32,32,32,1.0
43,F,100,ood,actual_reencode,2,plus,1,minus,2,32,10,26,10,1.0
43,F,100,ood,actual_reencode,2,plus,1,plus,0,32,10,6,6,0.6
43,F,100,ood,actual_reencode,3,plus,2,minus,3,32,32,32,32,1.0
43,F,100,ood,actual_reencode,3,plus,2,plus,1,32,32,10,10,0.3125
43,F,200,iid,fixed_T0,-3,minus,-2,minus,-1,32,32,30,30,0.9375
43,F,200,iid,fixed_T0,-3,minus,-2,plus,-3,32,32,32,32,1.0
43,F,200,iid,fixed_T0,-2,minus,-1,minus,0,32,32,32,32,1.0
43,F,200,iid,fixed_T0,-2,minus,-1,plus,-2,32,32,32,32,1.0
43,F,200,iid,fixed_T0,-2,plus,-3,minus,-2,32,32,32,32,1.0
43,F,200,iid,fixed_T0,-1,minus,0,minus,1,32,32,32,32,1.0
43,F,200,iid,fixed_T0,-1,minus,0,plus,-1,32,32,32,32,1.0
43,F,200,iid,fixed_T0,-1,plus,-2,minus,-1,32,32,32,32,1.0
43,F,200,iid,fixed_T0,-1,plus,-2,plus,-3,32,32,32,32,1.0
43,F,200,iid,fixed_T0,0,minus,1,minus,2,32,32,32,32,1.0
43,F,200,iid,fixed_T0,0,minus,1,plus,0,32,32,32,32,1.0
43,F,200,iid,fixed_T0,0,plus,-1,minus,0,32,32,32,32,1.0
43,F,200,iid,fixed_T0,0,plus,-1,plus,-2,32,32,32,32,1.0
43,F,200,iid,fixed_T0,1,minus,2,minus,3,32,32,32,32,1.0
43,F,200,iid,fixed_T0,1,minus,2,plus,1,32,32,32,32,1.0
43,F,200,iid,fixed_T0,1,plus,0,minus,1,32,32,32,32,1.0
43,F,200,iid,fixed_T0,1,plus,0,plus,-1,32,32,32,32,1.0
43,F,200,iid,fixed_T0,2,minus,3,plus,2,32,32,32,32,1.0
43,F,200,iid,fixed_T0,2,plus,1,minus,2,32,32,32,32,1.0
43,F,200,iid,fixed_T0,2,plus,1,plus,0,32,32,19,19,0.59375
43,F,200,iid,fixed_T0,3,plus,2,minus,3,32,32,32,32,1.0
43,F,200,iid,fixed_T0,3,plus,2,plus,1,32,32,32,32,1.0
43,F,200,ood,fixed_T0,-3,minus,-2,minus,-1,32,32,0,0,0.0
43,F,200,ood,fixed_T0,-3,minus,-2,plus,-3,32,32,32,32,1.0
43,F,200,ood,fixed_T0,-2,minus,-1,minus,0,32,16,0,0,0.0
43,F,200,ood,fixed_T0,-2,minus,-1,plus,-2,32,16,32,16,1.0
43,F,200,ood,fixed_T0,-2,plus,-3,minus,-2,32,32,32,32,1.0
43,F,200,ood,fixed_T0,-1,minus,0,minus,1,32,0,0,0,
43,F,200,ood,fixed_T0,-1,minus,0,plus,-1,32,0,32,0,
43,F,200,ood,fixed_T0,-1,plus,-2,minus,-1,32,30,24,23,0.7666666666666667
43,F,200,ood,fixed_T0,-1,plus,-2,plus,-3,32,30,32,30,1.0
43,F,200,ood,fixed_T0,0,minus,1,minus,2,32,0,31,0,
43,F,200,ood,fixed_T0,0,minus,1,plus,0,32,0,22,0,
43,F,200,ood,fixed_T0,0,plus,-1,minus,0,32,0,32,0,
43,F,200,ood,fixed_T0,0,plus,-1,plus,-2,32,0,15,0,
43,F,200,ood,fixed_T0,1,minus,2,minus,3,32,32,1,1,0.03125
43,F,200,ood,fixed_T0,1,minus,2,plus,1,32,32,0,0,0.0
43,F,200,ood,fixed_T0,1,plus,0,minus,1,32,0,7,0,
43,F,200,ood,fixed_T0,1,plus,0,plus,-1,32,0,2,0,
43,F,200,ood,fixed_T0,2,minus,3,plus,2,32,32,32,32,1.0
43,F,200,ood,fixed_T0,2,plus,1,minus,2,32,0,32,0,
43,F,200,ood,fixed_T0,2,plus,1,plus,0,32,0,15,0,
43,F,200,ood,fixed_T0,3,plus,2,minus,3,32,32,32,32,1.0
43,F,200,ood,fixed_T0,3,plus,2,plus,1,32,32,19,19,0.59375
43,F,200,iid,U,-3,minus,-2,minus,-1,32,32,28,28,0.875
43,F,200,iid,U,-3,minus,-2,plus,-3,32,32,32,32,1.0
43,F,200,iid,U,-2,minus,-1,minus,0,32,32,32,32,1.0
43,F,200,iid,U,-2,minus,-1,plus,-2,32,32,4,4,0.125
43,F,200,iid,U,-2,plus,-3,minus,-2,32,32,32,32,1.0
43,F,200,iid,U,-1,minus,0,minus,1,32,32,32,32,1.0
43,F,200,iid,U,-1,minus,0,plus,-1,32,32,32,32,1.0
43,F,200,iid,U,-1,plus,-2,minus,-1,32,32,32,32,1.0
43,F,200,iid,U,-1,plus,-2,plus,-3,32,32,32,32,1.0
43,F,200,iid,U,0,minus,1,minus,2,32,32,32,32,1.0
43,F,200,iid,U,0,minus,1,plus,0,32,32,32,32,1.0
43,F,200,iid,U,0,plus,-1,minus,0,32,32,32,32,1.0
43,F,200,iid,U,0,plus,-1,plus,-2,32,32,32,32,1.0
43,F,200,iid,U,1,minus,2,minus,3,32,32,30,30,0.9375
43,F,200,iid,U,1,minus,2,plus,1,32,32,32,32,1.0
43,F,200,iid,U,1,plus,0,minus,1,32,32,32,32,1.0
43,F,200,iid,U,1,plus,0,plus,-1,32,32,32,32,1.0
43,F,200,iid,U,2,minus,3,plus,2,32,32,32,32,1.0
43,F,200,iid,U,2,plus,1,minus,2,32,32,13,13,0.40625
43,F,200,iid,U,2,plus,1,plus,0,32,32,0,0,0.0
43,F,200,iid,U,3,plus,2,minus,3,32,32,32,32,1.0
43,F,200,iid,U,3,plus,2,plus,1,32,32,16,16,0.5
43,F,200,ood,U,-3,minus,-2,minus,-1,32,32,0,0,0.0
43,F,200,ood,U,-3,minus,-2,plus,-3,32,32,32,32,1.0
43,F,200,ood,U,-2,minus,-1,minus,0,32,32,0,0,0.0
43,F,200,ood,U,-2,minus,-1,plus,-2,32,32,0,0,0.0
43,F,200,ood,U,-2,plus,-3,minus,-2,32,32,32,32,1.0
43,F,200,ood,U,-1,minus,0,minus,1,32,0,0,0,
43,F,200,ood,U,-1,minus,0,plus,-1,32,0,0,0,
43,F,200,ood,U,-1,plus,-2,minus,-1,32,32,7,7,0.21875
43,F,200,ood,U,-1,plus,-2,plus,-3,32,32,0,0,0.0
43,F,200,ood,U,0,minus,1,minus,2,32,0,32,0,
43,F,200,ood,U,0,minus,1,plus,0,32,0,2,0,
43,F,200,ood,U,0,plus,-1,minus,0,32,0,32,0,
43,F,200,ood,U,0,plus,-1,plus,-2,32,0,0,0,
43,F,200,ood,U,1,minus,2,minus,3,32,32,0,0,0.0
43,F,200,ood,U,1,minus,2,plus,1,32,32,0,0,0.0
43,F,200,ood,U,1,plus,0,minus,1,32,0,0,0,
43,F,200,ood,U,1,plus,0,plus,-1,32,0,0,0,
43,F,200,ood,U,2,minus,3,plus,2,32,32,0,0,0.0
43,F,200,ood,U,2,plus,1,minus,2,32,9,15,1,0.1111111111111111
43,F,200,ood,U,2,plus,1,plus,0,32,9,0,0,0.0
43,F,200,ood,U,3,plus,2,minus,3,32,32,32,32,1.0
43,F,200,ood,U,3,plus,2,plus,1,32,32,0,0,0.0
43,F,200,iid,self,-3,minus,-2,minus,-1,32,32,32,32,1.0
43,F,200,iid,self,-3,minus,-2,plus,-3,32,32,0,0,0.0
43,F,200,iid,self,-2,minus,-1,minus,0,32,32,9,9,0.28125
43,F,200,iid,self,-2,minus,-1,plus,-2,32,32,8,8,0.25
43,F,200,iid,self,-2,plus,-3,minus,-2,32,32,0,0,0.0
43,F,200,iid,self,-1,minus,0,minus,1,32,32,9,9,0.28125
43,F,200,iid,self,-1,minus,0,plus,-1,32,32,0,0,0.0
43,F,200,iid,self,-1,plus,-2,minus,-1,32,32,32,32,1.0
43,F,200,iid,self,-1,plus,-2,plus,-3,32,32,25,25,0.78125
43,F,200,iid,self,0,minus,1,minus,2,32,32,22,22,0.6875
43,F,200,iid,self,0,minus,1,plus,0,32,32,14,14,0.4375
43,F,200,iid,self,0,plus,-1,minus,0,32,32,32,32,1.0
43,F,200,iid,self,0,plus,-1,plus,-2,32,32,0,0,0.0
43,F,200,iid,self,1,minus,2,minus,3,32,32,0,0,0.0
43,F,200,iid,self,1,minus,2,plus,1,32,32,7,7,0.21875
43,F,200,iid,self,1,plus,0,minus,1,32,32,32,32,1.0
43,F,200,iid,self,1,plus,0,plus,-1,32,32,15,15,0.46875
43,F,200,iid,self,2,minus,3,plus,2,32,32,4,4,0.125
43,F,200,iid,self,2,plus,1,minus,2,32,32,18,18,0.5625
43,F,200,iid,self,2,plus,1,plus,0,32,32,0,0,0.0
43,F,200,iid,self,3,plus,2,minus,3,32,32,32,32,1.0
43,F,200,iid,self,3,plus,2,plus,1,32,32,29,29,0.90625
43,F,200,ood,self,-3,minus,-2,minus,-1,32,32,0,0,0.0
43,F,200,ood,self,-3,minus,-2,plus,-3,32,32,0,0,0.0
43,F,200,ood,self,-2,minus,-1,minus,0,32,12,0,0,0.0
43,F,200,ood,self,-2,minus,-1,plus,-2,32,12,0,0,0.0
43,F,200,ood,self,-2,plus,-3,minus,-2,32,32,32,32,1.0
43,F,200,ood,self,-1,minus,0,minus,1,32,0,0,0,
43,F,200,ood,self,-1,minus,0,plus,-1,32,0,0,0,
43,F,200,ood,self,-1,plus,-2,minus,-1,32,32,9,9,0.28125
43,F,200,ood,self,-1,plus,-2,plus,-3,32,32,5,5,0.15625
43,F,200,ood,self,0,minus,1,minus,2,32,0,25,0,
43,F,200,ood,self,0,minus,1,plus,0,32,0,4,0,
43,F,200,ood,self,0,plus,-1,minus,0,32,0,32,0,
43,F,200,ood,self,0,plus,-1,plus,-2,32,0,0,0,
43,F,200,ood,self,1,minus,2,minus,3,32,32,0,0,0.0
43,F,200,ood,self,1,minus,2,plus,1,32,32,1,1,0.03125
43,F,200,ood,self,1,plus,0,minus,1,32,0,1,0,
43,F,200,ood,self,1,plus,0,plus,-1,32,0,0,0,
43,F,200,ood,self,2,minus,3,plus,2,32,32,0,0,0.0
43,F,200,ood,self,2,plus,1,minus,2,32,21,25,18,0.8571428571428571
43,F,200,ood,self,2,plus,1,plus,0,32,21,1,0,0.0
43,F,200,ood,self,3,plus,2,minus,3,32,32,32,32,1.0
43,F,200,ood,self,3,plus,2,plus,1,32,32,0,0,0.0
43,F,200,iid,gold_reencode,-3,minus,-2,minus,-1,32,32,32,32,1.0
43,F,200,iid,gold_reencode,-3,minus,-2,plus,-3,32,32,32,32,1.0
43,F,200,iid,gold_reencode,-2,minus,-1,minus,0,32,32,32,32,1.0
43,F,200,iid,gold_reencode,-2,minus,-1,plus,-2,32,32,32,32,1.0
43,F,200,iid,gold_reencode,-2,plus,-3,minus,-2,32,32,32,32,1.0
43,F,200,iid,gold_reencode,-1,minus,0,minus,1,32,32,32,32,1.0
43,F,200,iid,gold_reencode,-1,minus,0,plus,-1,32,32,32,32,1.0
43,F,200,iid,gold_reencode,-1,plus,-2,minus,-1,32,32,32,32,1.0
43,F,200,iid,gold_reencode,-1,plus,-2,plus,-3,32,32,32,32,1.0
43,F,200,iid,gold_reencode,0,minus,1,minus,2,32,32,32,32,1.0
43,F,200,iid,gold_reencode,0,minus,1,plus,0,32,32,32,32,1.0
43,F,200,iid,gold_reencode,0,plus,-1,minus,0,32,32,32,32,1.0
43,F,200,iid,gold_reencode,0,plus,-1,plus,-2,32,32,32,32,1.0
43,F,200,iid,gold_reencode,1,minus,2,minus,3,32,32,32,32,1.0
43,F,200,iid,gold_reencode,1,minus,2,plus,1,32,32,32,32,1.0
43,F,200,iid,gold_reencode,1,plus,0,minus,1,32,32,32,32,1.0
43,F,200,iid,gold_reencode,1,plus,0,plus,-1,32,32,32,32,1.0
43,F,200,iid,gold_reencode,2,minus,3,plus,2,32,32,32,32,1.0
43,F,200,iid,gold_reencode,2,plus,1,minus,2,32,32,32,32,1.0
43,F,200,iid,gold_reencode,2,plus,1,plus,0,32,32,32,32,1.0
43,F,200,iid,gold_reencode,3,plus,2,minus,3,32,32,32,32,1.0
43,F,200,iid,gold_reencode,3,plus,2,plus,1,32,32,32,32,1.0
43,F,200,ood,gold_reencode,-3,minus,-2,minus,-1,32,32,12,12,0.375
43,F,200,ood,gold_reencode,-3,minus,-2,plus,-3,32,32,32,32,1.0
43,F,200,ood,gold_reencode,-2,minus,-1,minus,0,32,12,0,0,0.0
43,F,200,ood,gold_reencode,-2,minus,-1,plus,-2,32,12,32,12,1.0
43,F,200,ood,gold_reencode,-2,plus,-3,minus,-2,32,32,32,32,1.0
43,F,200,ood,gold_reencode,-1,minus,0,minus,1,32,0,0,0,
43,F,200,ood,gold_reencode,-1,minus,0,plus,-1,32,0,0,0,
43,F,200,ood,gold_reencode,-1,plus,-2,minus,-1,32,32,12,12,0.375
43,F,200,ood,gold_reencode,-1,plus,-2,plus,-3,32,32,32,32,1.0
43,F,200,ood,gold_reencode,0,minus,1,minus,2,32,0,32,0,
43,F,200,ood,gold_reencode,0,minus,1,plus,0,32,0,0,0,
43,F,200,ood,gold_reencode,0,plus,-1,minus,0,32,0,0,0,
43,F,200,ood,gold_reencode,0,plus,-1,plus,-2,32,0,32,0,
43,F,200,ood,gold_reencode,1,minus,2,minus,3,32,32,32,32,1.0
43,F,200,ood,gold_reencode,1,minus,2,plus,1,32,32,21,21,0.65625
43,F,200,ood,gold_reencode,1,plus,0,minus,1,32,0,0,0,
43,F,200,ood,gold_reencode,1,plus,0,plus,-1,32,0,0,0,
43,F,200,ood,gold_reencode,2,minus,3,plus,2,32,32,32,32,1.0
43,F,200,ood,gold_reencode,2,plus,1,minus,2,32,21,32,21,1.0
43,F,200,ood,gold_reencode,2,plus,1,plus,0,32,21,0,0,0.0
43,F,200,ood,gold_reencode,3,plus,2,minus,3,32,32,32,32,1.0
43,F,200,ood,gold_reencode,3,plus,2,plus,1,32,32,21,21,0.65625
43,F,200,iid,actual_reencode,-3,minus,-2,minus,-1,32,32,32,32,1.0
43,F,200,iid,actual_reencode,-3,minus,-2,plus,-3,32,32,32,32,1.0
43,F,200,iid,actual_reencode,-2,minus,-1,minus,0,32,32,32,32,1.0
43,F,200,iid,actual_reencode,-2,minus,-1,plus,-2,32,32,32,32,1.0
43,F,200,iid,actual_reencode,-2,plus,-3,minus,-2,32,32,32,32,1.0
43,F,200,iid,actual_reencode,-1,minus,0,minus,1,32,32,32,32,1.0
43,F,200,iid,actual_reencode,-1,minus,0,plus,-1,32,32,32,32,1.0
43,F,200,iid,actual_reencode,-1,plus,-2,minus,-1,32,32,32,32,1.0
43,F,200,iid,actual_reencode,-1,plus,-2,plus,-3,32,32,32,32,1.0
43,F,200,iid,actual_reencode,0,minus,1,minus,2,32,32,32,32,1.0
43,F,200,iid,actual_reencode,0,minus,1,plus,0,32,32,32,32,1.0
43,F,200,iid,actual_reencode,0,plus,-1,minus,0,32,32,32,32,1.0
43,F,200,iid,actual_reencode,0,plus,-1,plus,-2,32,32,32,32,1.0
43,F,200,iid,actual_reencode,1,minus,2,minus,3,32,32,32,32,1.0
43,F,200,iid,actual_reencode,1,minus,2,plus,1,32,32,32,32,1.0
43,F,200,iid,actual_reencode,1,plus,0,minus,1,32,32,32,32,1.0
43,F,200,iid,actual_reencode,1,plus,0,plus,-1,32,32,32,32,1.0
43,F,200,iid,actual_reencode,2,minus,3,plus,2,32,32,32,32,1.0
43,F,200,iid,actual_reencode,2,plus,1,minus,2,32,32,32,32,1.0
43,F,200,iid,actual_reencode,2,plus,1,plus,0,32,32,32,32,1.0
43,F,200,iid,actual_reencode,3,plus,2,minus,3,32,32,32,32,1.0
43,F,200,iid,actual_reencode,3,plus,2,plus,1,32,32,32,32,1.0
43,F,200,ood,actual_reencode,-3,minus,-2,minus,-1,32,32,12,12,0.375
43,F,200,ood,actual_reencode,-3,minus,-2,plus,-3,32,32,32,32,1.0
43,F,200,ood,actual_reencode,-2,minus,-1,minus,0,32,12,2,2,0.16666666666666666
43,F,200,ood,actual_reencode,-2,minus,-1,plus,-2,32,12,20,12,1.0
43,F,200,ood,actual_reencode,-2,plus,-3,minus,-2,32,32,32,32,1.0
43,F,200,ood,actual_reencode,-1,minus,0,minus,1,32,0,0,0,
43,F,200,ood,actual_reencode,-1,minus,0,plus,-1,32,0,0,0,
43,F,200,ood,actual_reencode,-1,plus,-2,minus,-1,32,32,12,12,0.375
43,F,200,ood,actual_reencode,-1,plus,-2,plus,-3,32,32,32,32,1.0
43,F,200,ood,actual_reencode,0,minus,1,minus,2,32,0,0,0,
43,F,200,ood,actual_reencode,0,minus,1,plus,0,32,0,17,0,
43,F,200,ood,actual_reencode,0,plus,-1,minus,0,32,0,31,0,
43,F,200,ood,actual_reencode,0,plus,-1,plus,-2,32,0,0,0,
43,F,200,ood,actual_reencode,1,minus,2,minus,3,32,32,32,32,1.0
43,F,200,ood,actual_reencode,1,minus,2,plus,1,32,32,21,21,0.65625
43,F,200,ood,actual_reencode,1,plus,0,minus,1,32,0,0,0,
43,F,200,ood,actual_reencode,1,plus,0,plus,-1,32,0,0,0,
43,F,200,ood,actual_reencode,2,minus,3,plus,2,32,32,32,32,1.0
43,F,200,ood,actual_reencode,2,plus,1,minus,2,32,21,26,21,1.0
43,F,200,ood,actual_reencode,2,plus,1,plus,0,32,21,21,21,1.0
43,F,200,ood,actual_reencode,3,plus,2,minus,3,32,32,32,32,1.0
43,F,200,ood,actual_reencode,3,plus,2,plus,1,32,32,21,21,0.65625
43,R,100,iid,fixed_T0,-3,minus,-2,minus,-1,32,32,32,32,1.0
43,R,100,iid,fixed_T0,-3,minus,-2,plus,-3,32,32,25,25,0.78125
43,R,100,iid,fixed_T0,-2,minus,-1,minus,0,32,32,0,0,0.0
43,R,100,iid,fixed_T0,-2,minus,-1,plus,-2,32,32,0,0,0.0
43,R,100,iid,fixed_T0,-2,plus,-3,minus,-2,32,32,32,32,1.0
43,R,100,iid,fixed_T0,-1,minus,0,minus,1,32,32,16,16,0.5
43,R,100,iid,fixed_T0,-1,minus,0,plus,-1,32,32,32,32,1.0
43,R,100,iid,fixed_T0,-1,plus,-2,minus,-1,32,32,32,32,1.0
43,R,100,iid,fixed_T0,-1,plus,-2,plus,-3,32,32,0,0,0.0
43,R,100,iid,fixed_T0,0,minus,1,minus,2,32,32,2,2,0.0625
43,R,100,iid,fixed_T0,0,minus,1,plus,0,32,32,26,26,0.8125
43,R,100,iid,fixed_T0,0,plus,-1,minus,0,32,32,0,0,0.0
43,R,100,iid,fixed_T0,0,plus,-1,plus,-2,32,32,22,22,0.6875
43,R,100,iid,fixed_T0,1,minus,2,minus,3,32,32,0,0,0.0
43,R,100,iid,fixed_T0,1,minus,2,plus,1,32,32,32,32,1.0
43,R,100,iid,fixed_T0,1,plus,0,minus,1,32,32,32,32,1.0
43,R,100,iid,fixed_T0,1,plus,0,plus,-1,32,32,32,32,1.0
43,R,100,iid,fixed_T0,2,minus,3,plus,2,32,32,32,32,1.0
43,R,100,iid,fixed_T0,2,plus,1,minus,2,32,32,32,32,1.0
43,R,100,iid,fixed_T0,2,plus,1,plus,0,32,32,0,0,0.0
43,R,100,iid,fixed_T0,3,plus,2,minus,3,32,32,0,0,0.0
43,R,100,iid,fixed_T0,3,plus,2,plus,1,32,32,4,4,0.125
43,R,100,ood,fixed_T0,-3,minus,-2,minus,-1,32,32,0,0,0.0
43,R,100,ood,fixed_T0,-3,minus,-2,plus,-3,32,32,0,0,0.0
43,R,100,ood,fixed_T0,-2,minus,-1,minus,0,32,16,0,0,0.0
43,R,100,ood,fixed_T0,-2,minus,-1,plus,-2,32,16,0,0,0.0
43,R,100,ood,fixed_T0,-2,plus,-3,minus,-2,32,32,32,32,1.0
43,R,100,ood,fixed_T0,-1,minus,0,minus,1,32,0,0,0,
43,R,100,ood,fixed_T0,-1,minus,0,plus,-1,32,0,0,0,
43,R,100,ood,fixed_T0,-1,plus,-2,minus,-1,32,30,0,0,0.0
43,R,100,ood,fixed_T0,-1,plus,-2,plus,-3,32,30,0,0,0.0
43,R,100,ood,fixed_T0,0,minus,1,minus,2,32,0,0,0,
43,R,100,ood,fixed_T0,0,minus,1,plus,0,32,0,32,0,
43,R,100,ood,fixed_T0,0,plus,-1,minus,0,32,0,26,0,
43,R,100,ood,fixed_T0,0,plus,-1,plus,-2,32,0,3,0,
43,R,100,ood,fixed_T0,1,minus,2,minus,3,32,32,0,0,0.0
43,R,100,ood,fixed_T0,1,minus,2,plus,1,32,32,0,0,0.0
43,R,100,ood,fixed_T0,1,plus,0,minus,1,32,0,0,0,
43,R,100,ood,fixed_T0,1,plus,0,plus,-1,32,0,0,0,
43,R,100,ood,fixed_T0,2,minus,3,plus,2,32,32,0,0,0.0
43,R,100,ood,fixed_T0,2,plus,1,minus,2,32,0,32,0,
43,R,100,ood,fixed_T0,2,plus,1,plus,0,32,0,0,0,
43,R,100,ood,fixed_T0,3,plus,2,minus,3,32,32,0,0,0.0
43,R,100,ood,fixed_T0,3,plus,2,plus,1,32,32,0,0,0.0
43,R,100,iid,U,-3,minus,-2,minus,-1,32,32,32,32,1.0
43,R,100,iid,U,-3,minus,-2,plus,-3,32,32,9,9,0.28125
43,R,100,iid,U,-2,minus,-1,minus,0,32,32,0,0,0.0
43,R,100,iid,U,-2,minus,-1,plus,-2,32,32,0,0,0.0
43,R,100,iid,U,-2,plus,-3,minus,-2,32,32,32,32,1.0
43,R,100,iid,U,-1,minus,0,minus,1,32,32,0,0,0.0
43,R,100,iid,U,-1,minus,0,plus,-1,32,32,20,20,0.625
43,R,100,iid,U,-1,plus,-2,minus,-1,32,32,32,32,1.0
43,R,100,iid,U,-1,plus,-2,plus,-3,32,32,0,0,0.0
43,R,100,iid,U,0,minus,1,minus,2,32,32,2,2,0.0625
43,R,100,iid,U,0,minus,1,plus,0,32,32,0,0,0.0
43,R,100,iid,U,0,plus,-1,minus,0,32,32,0,0,0.0
43,R,100,iid,U,0,plus,-1,plus,-2,32,32,28,28,0.875
43,R,100,iid,U,1,minus,2,minus,3,32,32,0,0,0.0
43,R,100,iid,U,1,minus,2,plus,1,32,32,18,18,0.5625
43,R,100,iid,U,1,plus,0,minus,1,32,32,32,32,1.0
43,R,100,iid,U,1,plus,0,plus,-1,32,32,32,32,1.0
43,R,100,iid,U,2,minus,3,plus,2,32,32,32,32,1.0
43,R,100,iid,U,2,plus,1,minus,2,32,32,32,32,1.0
43,R,100,iid,U,2,plus,1,plus,0,32,32,0,0,0.0
43,R,100,iid,U,3,plus,2,minus,3,32,32,4,4,0.125
43,R,100,iid,U,3,plus,2,plus,1,32,32,0,0,0.0
43,R,100,ood,U,-3,minus,-2,minus,-1,32,32,0,0,0.0
43,R,100,ood,U,-3,minus,-2,plus,-3,32,32,0,0,0.0
43,R,100,ood,U,-2,minus,-1,minus,0,32,32,0,0,0.0
43,R,100,ood,U,-2,minus,-1,plus,-2,32,32,0,0,0.0
43,R,100,ood,U,-2,plus,-3,minus,-2,32,32,32,32,1.0
43,R,100,ood,U,-1,minus,0,minus,1,32,0,0,0,
43,R,100,ood,U,-1,minus,0,plus,-1,32,0,0,0,
43,R,100,ood,U,-1,plus,-2,minus,-1,32,32,0,0,0.0
43,R,100,ood,U,-1,plus,-2,plus,-3,32,32,0,0,0.0
43,R,100,ood,U,0,minus,1,minus,2,32,0,28,0,
43,R,100,ood,U,0,minus,1,plus,0,32,0,19,0,
43,R,100,ood,U,0,plus,-1,minus,0,32,0,18,0,
43,R,100,ood,U,0,plus,-1,plus,-2,32,0,11,0,
43,R,100,ood,U,1,minus,2,minus,3,32,32,0,0,0.0
43,R,100,ood,U,1,minus,2,plus,1,32,32,0,0,0.0
43,R,100,ood,U,1,plus,0,minus,1,32,0,0,0,
43,R,100,ood,U,1,plus,0,plus,-1,32,0,0,0,
43,R,100,ood,U,2,minus,3,plus,2,32,32,0,0,0.0
43,R,100,ood,U,2,plus,1,minus,2,32,9,30,8,0.8888888888888888
43,R,100,ood,U,2,plus,1,plus,0,32,9,0,0,0.0
43,R,100,ood,U,3,plus,2,minus,3,32,32,0,0,0.0
43,R,100,ood,U,3,plus,2,plus,1,32,32,0,0,0.0
43,R,100,iid,self,-3,minus,-2,minus,-1,32,32,32,32,1.0
43,R,100,iid,self,-3,minus,-2,plus,-3,32,32,32,32,1.0
43,R,100,iid,self,-2,minus,-1,minus,0,32,32,0,0,0.0
43,R,100,iid,self,-2,minus,-1,plus,-2,32,32,22,22,0.6875
43,R,100,iid,self,-2,plus,-3,minus,-2,32,32,32,32,1.0
43,R,100,iid,self,-1,minus,0,minus,1,32,32,32,32,1.0
43,R,100,iid,self,-1,minus,0,plus,-1,32,32,32,32,1.0
43,R,100,iid,self,-1,plus,-2,minus,-1,32,32,32,32,1.0
43,R,100,iid,self,-1,plus,-2,plus,-3,32,32,32,32,1.0
43,R,100,iid,self,0,minus,1,minus,2,32,32,19,19,0.59375
43,R,100,iid,self,0,minus,1,plus,0,32,32,32,32,1.0
43,R,100,iid,self,0,plus,-1,minus,0,32,32,32,32,1.0
43,R,100,iid,self,0,plus,-1,plus,-2,32,32,0,0,0.0
43,R,100,iid,self,1,minus,2,minus,3,32,32,29,29,0.90625
43,R,100,iid,self,1,minus,2,plus,1,32,32,32,32,1.0
43,R,100,iid,self,1,plus,0,minus,1,32,32,32,32,1.0
43,R,100,iid,self,1,plus,0,plus,-1,32,32,32,32,1.0
43,R,100,iid,self,2,minus,3,plus,2,32,32,32,32,1.0
43,R,100,iid,self,2,plus,1,minus,2,32,32,32,32,1.0
43,R,100,iid,self,2,plus,1,plus,0,32,32,32,32,1.0
43,R,100,iid,self,3,plus,2,minus,3,32,32,29,29,0.90625
43,R,100,iid,self,3,plus,2,plus,1,32,32,2,2,0.0625
43,R,100,ood,self,-3,minus,-2,minus,-1,32,32,0,0,0.0
43,R,100,ood,self,-3,minus,-2,plus,-3,32,32,0,0,0.0
43,R,100,ood,self,-2,minus,-1,minus,0,32,22,0,0,0.0
43,R,100,ood,self,-2,minus,-1,plus,-2,32,22,32,22,1.0
43,R,100,ood,self,-2,plus,-3,minus,-2,32,32,32,32,1.0
43,R,100,ood,self,-1,minus,0,minus,1,32,0,0,0,
43,R,100,ood,self,-1,minus,0,plus,-1,32,0,11,0,
43,R,100,ood,self,-1,plus,-2,minus,-1,32,32,0,0,0.0
43,R,100,ood,self,-1,plus,-2,plus,-3,32,32,13,13,0.40625
43,R,100,ood,self,0,minus,1,minus,2,32,0,0,0,
43,R,100,ood,self,0,minus,1,plus,0,32,0,32,0,
43,R,100,ood,self,0,plus,-1,minus,0,32,0,32,0,
43,R,100,ood,self,0,plus,-1,plus,-2,32,0,0,0,
43,R,100,ood,self,1,minus,2,minus,3,32,32,0,0,0.0
43,R,100,ood,self,1,minus,2,plus,1,32,32,0,0,0.0
43,R,100,ood,self,1,plus,0,minus,1,32,0,0,0,
43,R,100,ood,self,1,plus,0,plus,-1,32,0,0,0,
43,R,100,ood,self,2,minus,3,plus,2,32,32,32,32,1.0
43,R,100,ood,self,2,plus,1,minus,2,32,0,32,0,
43,R,100,ood,self,2,plus,1,plus,0,32,0,12,0,
43,R,100,ood,self,3,plus,2,minus,3,32,32,12,12,0.375
43,R,100,ood,self,3,plus,2,plus,1,32,32,0,0,0.0
43,R,100,iid,gold_reencode,-3,minus,-2,minus,-1,32,32,32,32,1.0
43,R,100,iid,gold_reencode,-3,minus,-2,plus,-3,32,32,32,32,1.0
43,R,100,iid,gold_reencode,-2,minus,-1,minus,0,32,32,32,32,1.0
43,R,100,iid,gold_reencode,-2,minus,-1,plus,-2,32,32,32,32,1.0
43,R,100,iid,gold_reencode,-2,plus,-3,minus,-2,32,32,32,32,1.0
43,R,100,iid,gold_reencode,-1,minus,0,minus,1,32,32,32,32,1.0
43,R,100,iid,gold_reencode,-1,minus,0,plus,-1,32,32,32,32,1.0
43,R,100,iid,gold_reencode,-1,plus,-2,minus,-1,32,32,32,32,1.0
43,R,100,iid,gold_reencode,-1,plus,-2,plus,-3,32,32,32,32,1.0
43,R,100,iid,gold_reencode,0,minus,1,minus,2,32,32,32,32,1.0
43,R,100,iid,gold_reencode,0,minus,1,plus,0,32,32,32,32,1.0
43,R,100,iid,gold_reencode,0,plus,-1,minus,0,32,32,32,32,1.0
43,R,100,iid,gold_reencode,0,plus,-1,plus,-2,32,32,32,32,1.0
43,R,100,iid,gold_reencode,1,minus,2,minus,3,32,32,32,32,1.0
43,R,100,iid,gold_reencode,1,minus,2,plus,1,32,32,32,32,1.0
43,R,100,iid,gold_reencode,1,plus,0,minus,1,32,32,32,32,1.0
43,R,100,iid,gold_reencode,1,plus,0,plus,-1,32,32,32,32,1.0
43,R,100,iid,gold_reencode,2,minus,3,plus,2,32,32,32,32,1.0
43,R,100,iid,gold_reencode,2,plus,1,minus,2,32,32,32,32,1.0
43,R,100,iid,gold_reencode,2,plus,1,plus,0,32,32,32,32,1.0
43,R,100,iid,gold_reencode,3,plus,2,minus,3,32,32,32,32,1.0
43,R,100,iid,gold_reencode,3,plus,2,plus,1,32,32,32,32,1.0
43,R,100,ood,gold_reencode,-3,minus,-2,minus,-1,32,32,22,22,0.6875
43,R,100,ood,gold_reencode,-3,minus,-2,plus,-3,32,32,32,32,1.0
43,R,100,ood,gold_reencode,-2,minus,-1,minus,0,32,22,0,0,0.0
43,R,100,ood,gold_reencode,-2,minus,-1,plus,-2,32,22,32,22,1.0
43,R,100,ood,gold_reencode,-2,plus,-3,minus,-2,32,32,32,32,1.0
43,R,100,ood,gold_reencode,-1,minus,0,minus,1,32,0,0,0,
43,R,100,ood,gold_reencode,-1,minus,0,plus,-1,32,0,0,0,
43,R,100,ood,gold_reencode,-1,plus,-2,minus,-1,32,32,22,22,0.6875
43,R,100,ood,gold_reencode,-1,plus,-2,plus,-3,32,32,32,32,1.0
43,R,100,ood,gold_reencode,0,minus,1,minus,2,32,0,32,0,
43,R,100,ood,gold_reencode,0,minus,1,plus,0,32,0,0,0,
43,R,100,ood,gold_reencode,0,plus,-1,minus,0,32,0,0,0,
43,R,100,ood,gold_reencode,0,plus,-1,plus,-2,32,0,32,0,
43,R,100,ood,gold_reencode,1,minus,2,minus,3,32,32,32,32,1.0
43,R,100,ood,gold_reencode,1,minus,2,plus,1,32,32,0,0,0.0
43,R,100,ood,gold_reencode,1,plus,0,minus,1,32,0,0,0,
43,R,100,ood,gold_reencode,1,plus,0,plus,-1,32,0,0,0,
43,R,100,ood,gold_reencode,2,minus,3,plus,2,32,32,32,32,1.0
43,R,100,ood,gold_reencode,2,plus,1,minus,2,32,0,32,0,
43,R,100,ood,gold_reencode,2,plus,1,plus,0,32,0,0,0,
43,R,100,ood,gold_reencode,3,plus,2,minus,3,32,32,32,32,1.0
43,R,100,ood,gold_reencode,3,plus,2,plus,1,32,32,0,0,0.0
43,R,100,iid,actual_reencode,-3,minus,-2,minus,-1,32,32,32,32,1.0
43,R,100,iid,actual_reencode,-3,minus,-2,plus,-3,32,32,32,32,1.0
43,R,100,iid,actual_reencode,-2,minus,-1,minus,0,32,32,32,32,1.0
43,R,100,iid,actual_reencode,-2,minus,-1,plus,-2,32,32,32,32,1.0
43,R,100,iid,actual_reencode,-2,plus,-3,minus,-2,32,32,32,32,1.0
43,R,100,iid,actual_reencode,-1,minus,0,minus,1,32,32,32,32,1.0
43,R,100,iid,actual_reencode,-1,minus,0,plus,-1,32,32,32,32,1.0
43,R,100,iid,actual_reencode,-1,plus,-2,minus,-1,32,32,32,32,1.0
43,R,100,iid,actual_reencode,-1,plus,-2,plus,-3,32,32,32,32,1.0
43,R,100,iid,actual_reencode,0,minus,1,minus,2,32,32,32,32,1.0
43,R,100,iid,actual_reencode,0,minus,1,plus,0,32,32,32,32,1.0
43,R,100,iid,actual_reencode,0,plus,-1,minus,0,32,32,32,32,1.0
43,R,100,iid,actual_reencode,0,plus,-1,plus,-2,32,32,32,32,1.0
43,R,100,iid,actual_reencode,1,minus,2,minus,3,32,32,32,32,1.0
43,R,100,iid,actual_reencode,1,minus,2,plus,1,32,32,32,32,1.0
43,R,100,iid,actual_reencode,1,plus,0,minus,1,32,32,32,32,1.0
43,R,100,iid,actual_reencode,1,plus,0,plus,-1,32,32,32,32,1.0
43,R,100,iid,actual_reencode,2,minus,3,plus,2,32,32,32,32,1.0
43,R,100,iid,actual_reencode,2,plus,1,minus,2,32,32,32,32,1.0
43,R,100,iid,actual_reencode,2,plus,1,plus,0,32,32,32,32,1.0
43,R,100,iid,actual_reencode,3,plus,2,minus,3,32,32,32,32,1.0
43,R,100,iid,actual_reencode,3,plus,2,plus,1,32,32,32,32,1.0
43,R,100,ood,actual_reencode,-3,minus,-2,minus,-1,32,32,22,22,0.6875
43,R,100,ood,actual_reencode,-3,minus,-2,plus,-3,32,32,32,32,1.0
43,R,100,ood,actual_reencode,-2,minus,-1,minus,0,32,22,1,1,0.045454545454545456
43,R,100,ood,actual_reencode,-2,minus,-1,plus,-2,32,22,23,22,1.0
43,R,100,ood,actual_reencode,-2,plus,-3,minus,-2,32,32,32,32,1.0
43,R,100,ood,actual_reencode,-1,minus,0,minus,1,32,0,0,0,
43,R,100,ood,actual_reencode,-1,minus,0,plus,-1,32,0,0,0,
43,R,100,ood,actual_reencode,-1,plus,-2,minus,-1,32,32,22,22,0.6875
43,R,100,ood,actual_reencode,-1,plus,-2,plus,-3,32,32,32,32,1.0
43,R,100,ood,actual_reencode,0,minus,1,minus,2,32,0,0,0,
43,R,100,ood,actual_reencode,0,minus,1,plus,0,32,0,0,0,
43,R,100,ood,actual_reencode,0,plus,-1,minus,0,32,0,1,0,
43,R,100,ood,actual_reencode,0,plus,-1,plus,-2,32,0,0,0,
43,R,100,ood,actual_reencode,1,minus,2,minus,3,32,32,32,32,1.0
43,R,100,ood,actual_reencode,1,minus,2,plus,1,32,32,0,0,0.0
43,R,100,ood,actual_reencode,1,plus,0,minus,1,32,0,0,0,
43,R,100,ood,actual_reencode,1,plus,0,plus,-1,32,0,0,0,
43,R,100,ood,actual_reencode,2,minus,3,plus,2,32,32,32,32,1.0
43,R,100,ood,actual_reencode,2,plus,1,minus,2,32,0,29,0,
43,R,100,ood,actual_reencode,2,plus,1,plus,0,32,0,0,0,
43,R,100,ood,actual_reencode,3,plus,2,minus,3,32,32,32,32,1.0
43,R,100,ood,actual_reencode,3,plus,2,plus,1,32,32,0,0,0.0
43,R,200,iid,fixed_T0,-3,minus,-2,minus,-1,32,32,16,16,0.5
43,R,200,iid,fixed_T0,-3,minus,-2,plus,-3,32,32,11,11,0.34375
43,R,200,iid,fixed_T0,-2,minus,-1,minus,0,32,32,0,0,0.0
43,R,200,iid,fixed_T0,-2,minus,-1,plus,-2,32,32,0,0,0.0
43,R,200,iid,fixed_T0,-2,plus,-3,minus,-2,32,32,32,32,1.0
43,R,200,iid,fixed_T0,-1,minus,0,minus,1,32,32,4,4,0.125
43,R,200,iid,fixed_T0,-1,minus,0,plus,-1,32,32,0,0,0.0
43,R,200,iid,fixed_T0,-1,plus,-2,minus,-1,32,32,32,32,1.0
43,R,200,iid,fixed_T0,-1,plus,-2,plus,-3,32,32,0,0,0.0
43,R,200,iid,fixed_T0,0,minus,1,minus,2,32,32,32,32,1.0
43,R,200,iid,fixed_T0,0,minus,1,plus,0,32,32,0,0,0.0
43,R,200,iid,fixed_T0,0,plus,-1,minus,0,32,32,0,0,0.0
43,R,200,iid,fixed_T0,0,plus,-1,plus,-2,32,32,32,32,1.0
43,R,200,iid,fixed_T0,1,minus,2,minus,3,32,32,32,32,1.0
43,R,200,iid,fixed_T0,1,minus,2,plus,1,32,32,31,31,0.96875
43,R,200,iid,fixed_T0,1,plus,0,minus,1,32,32,30,30,0.9375
43,R,200,iid,fixed_T0,1,plus,0,plus,-1,32,32,29,29,0.90625
43,R,200,iid,fixed_T0,2,minus,3,plus,2,32,32,32,32,1.0
43,R,200,iid,fixed_T0,2,plus,1,minus,2,32,32,32,32,1.0
43,R,200,iid,fixed_T0,2,plus,1,plus,0,32,32,0,0,0.0
43,R,200,iid,fixed_T0,3,plus,2,minus,3,32,32,0,0,0.0
43,R,200,iid,fixed_T0,3,plus,2,plus,1,32,32,24,24,0.75
43,R,200,ood,fixed_T0,-3,minus,-2,minus,-1,32,32,0,0,0.0
43,R,200,ood,fixed_T0,-3,minus,-2,plus,-3,32,32,0,0,0.0
43,R,200,ood,fixed_T0,-2,minus,-1,minus,0,32,16,0,0,0.0
43,R,200,ood,fixed_T0,-2,minus,-1,plus,-2,32,16,0,0,0.0
43,R,200,ood,fixed_T0,-2,plus,-3,minus,-2,32,32,32,32,1.0
43,R,200,ood,fixed_T0,-1,minus,0,minus,1,32,0,0,0,
43,R,200,ood,fixed_T0,-1,minus,0,plus,-1,32,0,0,0,
43,R,200,ood,fixed_T0,-1,plus,-2,minus,-1,32,30,0,0,0.0
43,R,200,ood,fixed_T0,-1,plus,-2,plus,-3,32,30,0,0,0.0
43,R,200,ood,fixed_T0,0,minus,1,minus,2,32,0,14,0,
43,R,200,ood,fixed_T0,0,minus,1,plus,0,32,0,0,0,
43,R,200,ood,fixed_T0,0,plus,-1,minus,0,32,0,28,0,
43,R,200,ood,fixed_T0,0,plus,-1,plus,-2,32,0,0,0,
43,R,200,ood,fixed_T0,1,minus,2,minus,3,32,32,0,0,0.0
43,R,200,ood,fixed_T0,1,minus,2,plus,1,32,32,0,0,0.0
43,R,200,ood,fixed_T0,1,plus,0,minus,1,32,0,0,0,
43,R,200,ood,fixed_T0,1,plus,0,plus,-1,32,0,0,0,
43,R,200,ood,fixed_T0,2,minus,3,plus,2,32,32,0,0,0.0
43,R,200,ood,fixed_T0,2,plus,1,minus,2,32,0,32,0,
43,R,200,ood,fixed_T0,2,plus,1,plus,0,32,0,0,0,
43,R,200,ood,fixed_T0,3,plus,2,minus,3,32,32,0,0,0.0
43,R,200,ood,fixed_T0,3,plus,2,plus,1,32,32,0,0,0.0
43,R,200,iid,U,-3,minus,-2,minus,-1,32,32,4,4,0.125
43,R,200,iid,U,-3,minus,-2,plus,-3,32,32,0,0,0.0
43,R,200,iid,U,-2,minus,-1,minus,0,32,32,0,0,0.0
43,R,200,iid,U,-2,minus,-1,plus,-2,32,32,0,0,0.0
43,R,200,iid,U,-2,plus,-3,minus,-2,32,32,32,32,1.0
43,R,200,iid,U,-1,minus,0,minus,1,32,32,32,32,1.0
43,R,200,iid,U,-1,minus,0,plus,-1,32,32,0,0,0.0
43,R,200,iid,U,-1,plus,-2,minus,-1,32,32,32,32,1.0
43,R,200,iid,U,-1,plus,-2,plus,-3,32,32,0,0,0.0
43,R,200,iid,U,0,minus,1,minus,2,32,32,32,32,1.0
43,R,200,iid,U,0,minus,1,plus,0,32,32,0,0,0.0
43,R,200,iid,U,0,plus,-1,minus,0,32,32,0,0,0.0
43,R,200,iid,U,0,plus,-1,plus,-2,32,32,32,32,1.0
43,R,200,iid,U,1,minus,2,minus,3,32,32,28,28,0.875
43,R,200,iid,U,1,minus,2,plus,1,32,32,0,0,0.0
43,R,200,iid,U,1,plus,0,minus,1,32,32,27,27,0.84375
43,R,200,iid,U,1,plus,0,plus,-1,32,32,24,24,0.75
43,R,200,iid,U,2,minus,3,plus,2,32,32,32,32,1.0
43,R,200,iid,U,2,plus,1,minus,2,32,32,32,32,1.0
43,R,200,iid,U,2,plus,1,plus,0,32,32,0,0,0.0
43,R,200,iid,U,3,plus,2,minus,3,32,32,32,32,1.0
43,R,200,iid,U,3,plus,2,plus,1,32,32,0,0,0.0
43,R,200,ood,U,-3,minus,-2,minus,-1,32,32,0,0,0.0
43,R,200,ood,U,-3,minus,-2,plus,-3,32,32,0,0,0.0
43,R,200,ood,U,-2,minus,-1,minus,0,32,32,0,0,0.0
43,R,200,ood,U,-2,minus,-1,plus,-2,32,32,0,0,0.0
43,R,200,ood,U,-2,plus,-3,minus,-2,32,32,32,32,1.0
43,R,200,ood,U,-1,minus,0,minus,1,32,0,0,0,
43,R,200,ood,U,-1,minus,0,plus,-1,32,0,0,0,
43,R,200,ood,U,-1,plus,-2,minus,-1,32,32,0,0,0.0
43,R,200,ood,U,-1,plus,-2,plus,-3,32,32,0,0,0.0
43,R,200,ood,U,0,minus,1,minus,2,32,0,32,0,
43,R,200,ood,U,0,minus,1,plus,0,32,0,0,0,
43,R,200,ood,U,0,plus,-1,minus,0,32,0,28,0,
43,R,200,ood,U,0,plus,-1,plus,-2,32,0,1,0,
43,R,200,ood,U,1,minus,2,minus,3,32,32,0,0,0.0
43,R,200,ood,U,1,minus,2,plus,1,32,32,0,0,0.0
43,R,200,ood,U,1,plus,0,minus,1,32,0,0,0,
43,R,200,ood,U,1,plus,0,plus,-1,32,0,0,0,
43,R,200,ood,U,2,minus,3,plus,2,32,32,0,0,0.0
43,R,200,ood,U,2,plus,1,minus,2,32,9,32,9,1.0
43,R,200,ood,U,2,plus,1,plus,0,32,9,0,0,0.0
43,R,200,ood,U,3,plus,2,minus,3,32,32,5,5,0.15625
43,R,200,ood,U,3,plus,2,plus,1,32,32,0,0,0.0
43,R,200,iid,self,-3,minus,-2,minus,-1,32,32,32,32,1.0
43,R,200,iid,self,-3,minus,-2,plus,-3,32,32,32,32,1.0
43,R,200,iid,self,-2,minus,-1,minus,0,32,32,0,0,0.0
43,R,200,iid,self,-2,minus,-1,plus,-2,32,32,32,32,1.0
43,R,200,iid,self,-2,plus,-3,minus,-2,32,32,32,32,1.0
43,R,200,iid,self,-1,minus,0,minus,1,32,32,0,0,0.0
43,R,200,iid,self,-1,minus,0,plus,-1,32,32,32,32,1.0
43,R,200,iid,self,-1,plus,-2,minus,-1,32,32,32,32,1.0
43,R,200,iid,self,-1,plus,-2,plus,-3,32,32,3,3,0.09375
43,R,200,iid,self,0,minus,1,minus,2,32,32,32,32,1.0
43,R,200,iid,self,0,minus,1,plus,0,32,32,32,32,1.0
43,R,200,iid,self,0,plus,-1,minus,0,32,32,32,32,1.0
43,R,200,iid,self,0,plus,-1,plus,-2,32,32,0,0,0.0
43,R,200,iid,self,1,minus,2,minus,3,32,32,32,32,1.0
43,R,200,iid,self,1,minus,2,plus,1,32,32,32,32,1.0
43,R,200,iid,self,1,plus,0,minus,1,32,32,32,32,1.0
43,R,200,iid,self,1,plus,0,plus,-1,32,32,27,27,0.84375
43,R,200,iid,self,2,minus,3,plus,2,32,32,32,32,1.0
43,R,200,iid,self,2,plus,1,minus,2,32,32,32,32,1.0
43,R,200,iid,self,2,plus,1,plus,0,32,32,4,4,0.125
43,R,200,iid,self,3,plus,2,minus,3,32,32,32,32,1.0
43,R,200,iid,self,3,plus,2,plus,1,32,32,32,32,1.0
43,R,200,ood,self,-3,minus,-2,minus,-1,32,32,0,0,0.0
43,R,200,ood,self,-3,minus,-2,plus,-3,32,32,0,0,0.0
43,R,200,ood,self,-2,minus,-1,minus,0,32,0,0,0,
43,R,200,ood,self,-2,minus,-1,plus,-2,32,0,32,0,
43,R,200,ood,self,-2,plus,-3,minus,-2,32,32,32,32,1.0
43,R,200,ood,self,-1,minus,0,minus,1,32,0,0,0,
43,R,200,ood,self,-1,minus,0,plus,-1,32,0,31,0,
43,R,200,ood,self,-1,plus,-2,minus,-1,32,32,0,0,0.0
43,R,200,ood,self,-1,plus,-2,plus,-3,32,32,0,0,0.0
43,R,200,ood,self,0,minus,1,minus,2,32,0,30,0,
43,R,200,ood,self,0,minus,1,plus,0,32,0,32,0,
43,R,200,ood,self,0,plus,-1,minus,0,32,0,32,0,
43,R,200,ood,self,0,plus,-1,plus,-2,32,0,13,0,
43,R,200,ood,self,1,minus,2,minus,3,32,32,0,0,0.0
43,R,200,ood,self,1,minus,2,plus,1,32,32,0,0,0.0
43,R,200,ood,self,1,plus,0,minus,1,32,0,0,0,
43,R,200,ood,self,1,plus,0,plus,-1,32,0,0,0,
43,R,200,ood,self,2,minus,3,plus,2,32,32,32,32,1.0
43,R,200,ood,self,2,plus,1,minus,2,32,5,32,5,1.0
43,R,200,ood,self,2,plus,1,plus,0,32,5,18,5,1.0
43,R,200,ood,self,3,plus,2,minus,3,32,32,30,30,0.9375
43,R,200,ood,self,3,plus,2,plus,1,32,32,0,0,0.0
43,R,200,iid,gold_reencode,-3,minus,-2,minus,-1,32,32,32,32,1.0
43,R,200,iid,gold_reencode,-3,minus,-2,plus,-3,32,32,32,32,1.0
43,R,200,iid,gold_reencode,-2,minus,-1,minus,0,32,32,32,32,1.0
43,R,200,iid,gold_reencode,-2,minus,-1,plus,-2,32,32,32,32,1.0
43,R,200,iid,gold_reencode,-2,plus,-3,minus,-2,32,32,32,32,1.0
43,R,200,iid,gold_reencode,-1,minus,0,minus,1,32,32,32,32,1.0
43,R,200,iid,gold_reencode,-1,minus,0,plus,-1,32,32,32,32,1.0
43,R,200,iid,gold_reencode,-1,plus,-2,minus,-1,32,32,32,32,1.0
43,R,200,iid,gold_reencode,-1,plus,-2,plus,-3,32,32,32,32,1.0
43,R,200,iid,gold_reencode,0,minus,1,minus,2,32,32,32,32,1.0
43,R,200,iid,gold_reencode,0,minus,1,plus,0,32,32,32,32,1.0
43,R,200,iid,gold_reencode,0,plus,-1,minus,0,32,32,32,32,1.0
43,R,200,iid,gold_reencode,0,plus,-1,plus,-2,32,32,32,32,1.0
43,R,200,iid,gold_reencode,1,minus,2,minus,3,32,32,32,32,1.0
43,R,200,iid,gold_reencode,1,minus,2,plus,1,32,32,32,32,1.0
43,R,200,iid,gold_reencode,1,plus,0,minus,1,32,32,32,32,1.0
43,R,200,iid,gold_reencode,1,plus,0,plus,-1,32,32,32,32,1.0
43,R,200,iid,gold_reencode,2,minus,3,plus,2,32,32,32,32,1.0
43,R,200,iid,gold_reencode,2,plus,1,minus,2,32,32,32,32,1.0
43,R,200,iid,gold_reencode,2,plus,1,plus,0,32,32,32,32,1.0
43,R,200,iid,gold_reencode,3,plus,2,minus,3,32,32,32,32,1.0
43,R,200,iid,gold_reencode,3,plus,2,plus,1,32,32,32,32,1.0
43,R,200,ood,gold_reencode,-3,minus,-2,minus,-1,32,32,0,0,0.0
43,R,200,ood,gold_reencode,-3,minus,-2,plus,-3,32,32,32,32,1.0
43,R,200,ood,gold_reencode,-2,minus,-1,minus,0,32,0,0,0,
43,R,200,ood,gold_reencode,-2,minus,-1,plus,-2,32,0,32,0,
43,R,200,ood,gold_reencode,-2,plus,-3,minus,-2,32,32,32,32,1.0
43,R,200,ood,gold_reencode,-1,minus,0,minus,1,32,0,0,0,
43,R,200,ood,gold_reencode,-1,minus,0,plus,-1,32,0,0,0,
43,R,200,ood,gold_reencode,-1,plus,-2,minus,-1,32,32,0,0,0.0
43,R,200,ood,gold_reencode,-1,plus,-2,plus,-3,32,32,32,32,1.0
43,R,200,ood,gold_reencode,0,minus,1,minus,2,32,0,32,0,
43,R,200,ood,gold_reencode,0,minus,1,plus,0,32,0,0,0,
43,R,200,ood,gold_reencode,0,plus,-1,minus,0,32,0,0,0,
43,R,200,ood,gold_reencode,0,plus,-1,plus,-2,32,0,32,0,
43,R,200,ood,gold_reencode,1,minus,2,minus,3,32,32,32,32,1.0
43,R,200,ood,gold_reencode,1,minus,2,plus,1,32,32,5,5,0.15625
43,R,200,ood,gold_reencode,1,plus,0,minus,1,32,0,0,0,
43,R,200,ood,gold_reencode,1,plus,0,plus,-1,32,0,0,0,
43,R,200,ood,gold_reencode,2,minus,3,plus,2,32,32,32,32,1.0
43,R,200,ood,gold_reencode,2,plus,1,minus,2,32,5,32,5,1.0
43,R,200,ood,gold_reencode,2,plus,1,plus,0,32,5,0,0,0.0
43,R,200,ood,gold_reencode,3,plus,2,minus,3,32,32,32,32,1.0
43,R,200,ood,gold_reencode,3,plus,2,plus,1,32,32,5,5,0.15625
43,R,200,iid,actual_reencode,-3,minus,-2,minus,-1,32,32,32,32,1.0
43,R,200,iid,actual_reencode,-3,minus,-2,plus,-3,32,32,32,32,1.0
43,R,200,iid,actual_reencode,-2,minus,-1,minus,0,32,32,32,32,1.0
43,R,200,iid,actual_reencode,-2,minus,-1,plus,-2,32,32,32,32,1.0
43,R,200,iid,actual_reencode,-2,plus,-3,minus,-2,32,32,32,32,1.0
43,R,200,iid,actual_reencode,-1,minus,0,minus,1,32,32,32,32,1.0
43,R,200,iid,actual_reencode,-1,minus,0,plus,-1,32,32,32,32,1.0
43,R,200,iid,actual_reencode,-1,plus,-2,minus,-1,32,32,32,32,1.0
43,R,200,iid,actual_reencode,-1,plus,-2,plus,-3,32,32,32,32,1.0
43,R,200,iid,actual_reencode,0,minus,1,minus,2,32,32,32,32,1.0
43,R,200,iid,actual_reencode,0,minus,1,plus,0,32,32,32,32,1.0
43,R,200,iid,actual_reencode,0,plus,-1,minus,0,32,32,32,32,1.0
43,R,200,iid,actual_reencode,0,plus,-1,plus,-2,32,32,32,32,1.0
43,R,200,iid,actual_reencode,1,minus,2,minus,3,32,32,32,32,1.0
43,R,200,iid,actual_reencode,1,minus,2,plus,1,32,32,32,32,1.0
43,R,200,iid,actual_reencode,1,plus,0,minus,1,32,32,32,32,1.0
43,R,200,iid,actual_reencode,1,plus,0,plus,-1,32,32,32,32,1.0
43,R,200,iid,actual_reencode,2,minus,3,plus,2,32,32,32,32,1.0
43,R,200,iid,actual_reencode,2,plus,1,minus,2,32,32,32,32,1.0
43,R,200,iid,actual_reencode,2,plus,1,plus,0,32,32,32,32,1.0
43,R,200,iid,actual_reencode,3,plus,2,minus,3,32,32,32,32,1.0
43,R,200,iid,actual_reencode,3,plus,2,plus,1,32,32,32,32,1.0
43,R,200,ood,actual_reencode,-3,minus,-2,minus,-1,32,32,0,0,0.0
43,R,200,ood,actual_reencode,-3,minus,-2,plus,-3,32,32,32,32,1.0
43,R,200,ood,actual_reencode,-2,minus,-1,minus,0,32,0,0,0,
43,R,200,ood,actual_reencode,-2,minus,-1,plus,-2,32,0,0,0,
43,R,200,ood,actual_reencode,-2,plus,-3,minus,-2,32,32,32,32,1.0
43,R,200,ood,actual_reencode,-1,minus,0,minus,1,32,0,0,0,
43,R,200,ood,actual_reencode,-1,minus,0,plus,-1,32,0,0,0,
43,R,200,ood,actual_reencode,-1,plus,-2,minus,-1,32,32,0,0,0.0
43,R,200,ood,actual_reencode,-1,plus,-2,plus,-3,32,32,32,32,1.0
43,R,200,ood,actual_reencode,0,minus,1,minus,2,32,0,0,0,
43,R,200,ood,actual_reencode,0,minus,1,plus,0,32,0,0,0,
43,R,200,ood,actual_reencode,0,plus,-1,minus,0,32,0,0,0,
43,R,200,ood,actual_reencode,0,plus,-1,plus,-2,32,0,0,0,
43,R,200,ood,actual_reencode,1,minus,2,minus,3,32,32,32,32,1.0
43,R,200,ood,actual_reencode,1,minus,2,plus,1,32,32,5,5,0.15625
43,R,200,ood,actual_reencode,1,plus,0,minus,1,32,0,0,0,
43,R,200,ood,actual_reencode,1,plus,0,plus,-1,32,0,0,0,
43,R,200,ood,actual_reencode,2,minus,3,plus,2,32,32,32,32,1.0
43,R,200,ood,actual_reencode,2,plus,1,minus,2,32,5,9,5,1.0
43,R,200,ood,actual_reencode,2,plus,1,plus,0,32,5,5,5,1.0
43,R,200,ood,actual_reencode,3,plus,2,minus,3,32,32,32,32,1.0
43,R,200,ood,actual_reencode,3,plus,2,plus,1,32,32,5,5,0.15625
44,T0,0,iid,fixed_T0,-3,minus,-2,minus,-1,32,32,0,0,0.0
44,T0,0,iid,fixed_T0,-3,minus,-2,plus,-3,32,32,0,0,0.0
44,T0,0,iid,fixed_T0,-2,minus,-1,minus,0,32,32,0,0,0.0
44,T0,0,iid,fixed_T0,-2,minus,-1,plus,-2,32,32,0,0,0.0
44,T0,0,iid,fixed_T0,-2,plus,-3,minus,-2,32,32,0,0,0.0
44,T0,0,iid,fixed_T0,-1,minus,0,minus,1,32,32,0,0,0.0
44,T0,0,iid,fixed_T0,-1,minus,0,plus,-1,32,32,0,0,0.0
44,T0,0,iid,fixed_T0,-1,plus,-2,minus,-1,32,32,0,0,0.0
44,T0,0,iid,fixed_T0,-1,plus,-2,plus,-3,32,32,0,0,0.0
44,T0,0,iid,fixed_T0,0,minus,1,minus,2,32,32,0,0,0.0
44,T0,0,iid,fixed_T0,0,minus,1,plus,0,32,32,0,0,0.0
44,T0,0,iid,fixed_T0,0,plus,-1,minus,0,32,32,0,0,0.0
44,T0,0,iid,fixed_T0,0,plus,-1,plus,-2,32,32,0,0,0.0
44,T0,0,iid,fixed_T0,1,minus,2,minus,3,32,32,0,0,0.0
44,T0,0,iid,fixed_T0,1,minus,2,plus,1,32,32,0,0,0.0
44,T0,0,iid,fixed_T0,1,plus,0,minus,1,32,32,0,0,0.0
44,T0,0,iid,fixed_T0,1,plus,0,plus,-1,32,32,0,0,0.0
44,T0,0,iid,fixed_T0,2,minus,3,plus,2,32,32,0,0,0.0
44,T0,0,iid,fixed_T0,2,plus,1,minus,2,32,32,0,0,0.0
44,T0,0,iid,fixed_T0,2,plus,1,plus,0,32,32,0,0,0.0
44,T0,0,iid,fixed_T0,3,plus,2,minus,3,32,32,0,0,0.0
44,T0,0,iid,fixed_T0,3,plus,2,plus,1,32,32,0,0,0.0
44,T0,0,ood,fixed_T0,-3,minus,-2,minus,-1,32,32,0,0,0.0
44,T0,0,ood,fixed_T0,-3,minus,-2,plus,-3,32,32,0,0,0.0
44,T0,0,ood,fixed_T0,-2,minus,-1,minus,0,32,32,0,0,0.0
44,T0,0,ood,fixed_T0,-2,minus,-1,plus,-2,32,32,0,0,0.0
44,T0,0,ood,fixed_T0,-2,plus,-3,minus,-2,32,32,0,0,0.0
44,T0,0,ood,fixed_T0,-1,minus,0,minus,1,32,0,0,0,
44,T0,0,ood,fixed_T0,-1,minus,0,plus,-1,32,0,0,0,
44,T0,0,ood,fixed_T0,-1,plus,-2,minus,-1,32,32,0,0,0.0
44,T0,0,ood,fixed_T0,-1,plus,-2,plus,-3,32,32,0,0,0.0
44,T0,0,ood,fixed_T0,0,minus,1,minus,2,32,0,1,0,
44,T0,0,ood,fixed_T0,0,minus,1,plus,0,32,0,0,0,
44,T0,0,ood,fixed_T0,0,plus,-1,minus,0,32,0,0,0,
44,T0,0,ood,fixed_T0,0,plus,-1,plus,-2,32,0,3,0,
44,T0,0,ood,fixed_T0,1,minus,2,minus,3,32,32,0,0,0.0
44,T0,0,ood,fixed_T0,1,minus,2,plus,1,32,32,0,0,0.0
44,T0,0,ood,fixed_T0,1,plus,0,minus,1,32,0,0,0,
44,T0,0,ood,fixed_T0,1,plus,0,plus,-1,32,0,0,0,
44,T0,0,ood,fixed_T0,2,minus,3,plus,2,32,32,21,21,0.65625
44,T0,0,ood,fixed_T0,2,plus,1,minus,2,32,9,27,9,1.0
44,T0,0,ood,fixed_T0,2,plus,1,plus,0,32,9,0,0,0.0
44,T0,0,ood,fixed_T0,3,plus,2,minus,3,32,32,0,0,0.0
44,T0,0,ood,fixed_T0,3,plus,2,plus,1,32,32,0,0,0.0
44,T0,0,iid,U,-3,minus,-2,minus,-1,32,32,0,0,0.0
44,T0,0,iid,U,-3,minus,-2,plus,-3,32,32,0,0,0.0
44,T0,0,iid,U,-2,minus,-1,minus,0,32,32,0,0,0.0
44,T0,0,iid,U,-2,minus,-1,plus,-2,32,32,0,0,0.0
44,T0,0,iid,U,-2,plus,-3,minus,-2,32,32,0,0,0.0
44,T0,0,iid,U,-1,minus,0,minus,1,32,32,0,0,0.0
44,T0,0,iid,U,-1,minus,0,plus,-1,32,32,0,0,0.0
44,T0,0,iid,U,-1,plus,-2,minus,-1,32,32,0,0,0.0
44,T0,0,iid,U,-1,plus,-2,plus,-3,32,32,0,0,0.0
44,T0,0,iid,U,0,minus,1,minus,2,32,32,0,0,0.0
44,T0,0,iid,U,0,minus,1,plus,0,32,32,0,0,0.0
44,T0,0,iid,U,0,plus,-1,minus,0,32,32,0,0,0.0
44,T0,0,iid,U,0,plus,-1,plus,-2,32,32,0,0,0.0
44,T0,0,iid,U,1,minus,2,minus,3,32,32,0,0,0.0
44,T0,0,iid,U,1,minus,2,plus,1,32,32,0,0,0.0
44,T0,0,iid,U,1,plus,0,minus,1,32,32,0,0,0.0
44,T0,0,iid,U,1,plus,0,plus,-1,32,32,0,0,0.0
44,T0,0,iid,U,2,minus,3,plus,2,32,32,0,0,0.0
44,T0,0,iid,U,2,plus,1,minus,2,32,32,0,0,0.0
44,T0,0,iid,U,2,plus,1,plus,0,32,32,0,0,0.0
44,T0,0,iid,U,3,plus,2,minus,3,32,32,0,0,0.0
44,T0,0,iid,U,3,plus,2,plus,1,32,32,0,0,0.0
44,T0,0,ood,U,-3,minus,-2,minus,-1,32,32,0,0,0.0
44,T0,0,ood,U,-3,minus,-2,plus,-3,32,32,0,0,0.0
44,T0,0,ood,U,-2,minus,-1,minus,0,32,32,0,0,0.0
44,T0,0,ood,U,-2,minus,-1,plus,-2,32,32,0,0,0.0
44,T0,0,ood,U,-2,plus,-3,minus,-2,32,32,0,0,0.0
44,T0,0,ood,U,-1,minus,0,minus,1,32,0,0,0,
44,T0,0,ood,U,-1,minus,0,plus,-1,32,0,0,0,
44,T0,0,ood,U,-1,plus,-2,minus,-1,32,32,0,0,0.0
44,T0,0,ood,U,-1,plus,-2,plus,-3,32,32,0,0,0.0
44,T0,0,ood,U,0,minus,1,minus,2,32,0,3,0,
44,T0,0,ood,U,0,minus,1,plus,0,32,0,0,0,
44,T0,0,ood,U,0,plus,-1,minus,0,32,0,0,0,
44,T0,0,ood,U,0,plus,-1,plus,-2,32,0,0,0,
44,T0,0,ood,U,1,minus,2,minus,3,32,32,0,0,0.0
44,T0,0,ood,U,1,minus,2,plus,1,32,32,0,0,0.0
44,T0,0,ood,U,1,plus,0,minus,1,32,0,0,0,
44,T0,0,ood,U,1,plus,0,plus,-1,32,0,0,0,
44,T0,0,ood,U,2,minus,3,plus,2,32,32,0,0,0.0
44,T0,0,ood,U,2,plus,1,minus,2,32,0,3,0,
44,T0,0,ood,U,2,plus,1,plus,0,32,0,0,0,
44,T0,0,ood,U,3,plus,2,minus,3,32,32,0,0,0.0
44,T0,0,ood,U,3,plus,2,plus,1,32,32,0,0,0.0
44,T0,0,iid,self,-3,minus,-2,minus,-1,32,32,0,0,0.0
44,T0,0,iid,self,-3,minus,-2,plus,-3,32,32,0,0,0.0
44,T0,0,iid,self,-2,minus,-1,minus,0,32,32,0,0,0.0
44,T0,0,iid,self,-2,minus,-1,plus,-2,32,32,0,0,0.0
44,T0,0,iid,self,-2,plus,-3,minus,-2,32,32,0,0,0.0
44,T0,0,iid,self,-1,minus,0,minus,1,32,32,0,0,0.0
44,T0,0,iid,self,-1,minus,0,plus,-1,32,32,0,0,0.0
44,T0,0,iid,self,-1,plus,-2,minus,-1,32,32,0,0,0.0
44,T0,0,iid,self,-1,plus,-2,plus,-3,32,32,0,0,0.0
44,T0,0,iid,self,0,minus,1,minus,2,32,32,0,0,0.0
44,T0,0,iid,self,0,minus,1,plus,0,32,32,0,0,0.0
44,T0,0,iid,self,0,plus,-1,minus,0,32,32,0,0,0.0
44,T0,0,iid,self,0,plus,-1,plus,-2,32,32,0,0,0.0
44,T0,0,iid,self,1,minus,2,minus,3,32,32,0,0,0.0
44,T0,0,iid,self,1,minus,2,plus,1,32,32,0,0,0.0
44,T0,0,iid,self,1,plus,0,minus,1,32,32,0,0,0.0
44,T0,0,iid,self,1,plus,0,plus,-1,32,32,0,0,0.0
44,T0,0,iid,self,2,minus,3,plus,2,32,32,0,0,0.0
44,T0,0,iid,self,2,plus,1,minus,2,32,32,0,0,0.0
44,T0,0,iid,self,2,plus,1,plus,0,32,32,0,0,0.0
44,T0,0,iid,self,3,plus,2,minus,3,32,32,0,0,0.0
44,T0,0,iid,self,3,plus,2,plus,1,32,32,0,0,0.0
44,T0,0,ood,self,-3,minus,-2,minus,-1,32,32,0,0,0.0
44,T0,0,ood,self,-3,minus,-2,plus,-3,32,32,0,0,0.0
44,T0,0,ood,self,-2,minus,-1,minus,0,32,32,0,0,0.0
44,T0,0,ood,self,-2,minus,-1,plus,-2,32,32,0,0,0.0
44,T0,0,ood,self,-2,plus,-3,minus,-2,32,32,0,0,0.0
44,T0,0,ood,self,-1,minus,0,minus,1,32,0,0,0,
44,T0,0,ood,self,-1,minus,0,plus,-1,32,0,0,0,
44,T0,0,ood,self,-1,plus,-2,minus,-1,32,32,0,0,0.0
44,T0,0,ood,self,-1,plus,-2,plus,-3,32,32,0,0,0.0
44,T0,0,ood,self,0,minus,1,minus,2,32,0,1,0,
44,T0,0,ood,self,0,minus,1,plus,0,32,0,0,0,
44,T0,0,ood,self,0,plus,-1,minus,0,32,0,0,0,
44,T0,0,ood,self,0,plus,-1,plus,-2,32,0,3,0,
44,T0,0,ood,self,1,minus,2,minus,3,32,32,0,0,0.0
44,T0,0,ood,self,1,minus,2,plus,1,32,32,0,0,0.0
44,T0,0,ood,self,1,plus,0,minus,1,32,0,0,0,
44,T0,0,ood,self,1,plus,0,plus,-1,32,0,0,0,
44,T0,0,ood,self,2,minus,3,plus,2,32,32,21,21,0.65625
44,T0,0,ood,self,2,plus,1,minus,2,32,9,27,9,1.0
44,T0,0,ood,self,2,plus,1,plus,0,32,9,0,0,0.0
44,T0,0,ood,self,3,plus,2,minus,3,32,32,0,0,0.0
44,T0,0,ood,self,3,plus,2,plus,1,32,32,0,0,0.0
44,T0,0,iid,gold_reencode,-3,minus,-2,minus,-1,32,32,32,32,1.0
44,T0,0,iid,gold_reencode,-3,minus,-2,plus,-3,32,32,32,32,1.0
44,T0,0,iid,gold_reencode,-2,minus,-1,minus,0,32,32,32,32,1.0
44,T0,0,iid,gold_reencode,-2,minus,-1,plus,-2,32,32,32,32,1.0
44,T0,0,iid,gold_reencode,-2,plus,-3,minus,-2,32,32,32,32,1.0
44,T0,0,iid,gold_reencode,-1,minus,0,minus,1,32,32,32,32,1.0
44,T0,0,iid,gold_reencode,-1,minus,0,plus,-1,32,32,32,32,1.0
44,T0,0,iid,gold_reencode,-1,plus,-2,minus,-1,32,32,32,32,1.0
44,T0,0,iid,gold_reencode,-1,plus,-2,plus,-3,32,32,32,32,1.0
44,T0,0,iid,gold_reencode,0,minus,1,minus,2,32,32,32,32,1.0
44,T0,0,iid,gold_reencode,0,minus,1,plus,0,32,32,32,32,1.0
44,T0,0,iid,gold_reencode,0,plus,-1,minus,0,32,32,32,32,1.0
44,T0,0,iid,gold_reencode,0,plus,-1,plus,-2,32,32,32,32,1.0
44,T0,0,iid,gold_reencode,1,minus,2,minus,3,32,32,32,32,1.0
44,T0,0,iid,gold_reencode,1,minus,2,plus,1,32,32,32,32,1.0
44,T0,0,iid,gold_reencode,1,plus,0,minus,1,32,32,32,32,1.0
44,T0,0,iid,gold_reencode,1,plus,0,plus,-1,32,32,32,32,1.0
44,T0,0,iid,gold_reencode,2,minus,3,plus,2,32,32,32,32,1.0
44,T0,0,iid,gold_reencode,2,plus,1,minus,2,32,32,32,32,1.0
44,T0,0,iid,gold_reencode,2,plus,1,plus,0,32,32,32,32,1.0
44,T0,0,iid,gold_reencode,3,plus,2,minus,3,32,32,32,32,1.0
44,T0,0,iid,gold_reencode,3,plus,2,plus,1,32,32,32,32,1.0
44,T0,0,ood,gold_reencode,-3,minus,-2,minus,-1,32,32,32,32,1.0
44,T0,0,ood,gold_reencode,-3,minus,-2,plus,-3,32,32,32,32,1.0
44,T0,0,ood,gold_reencode,-2,minus,-1,minus,0,32,32,0,0,0.0
44,T0,0,ood,gold_reencode,-2,minus,-1,plus,-2,32,32,32,32,1.0
44,T0,0,ood,gold_reencode,-2,plus,-3,minus,-2,32,32,32,32,1.0
44,T0,0,ood,gold_reencode,-1,minus,0,minus,1,32,0,0,0,
44,T0,0,ood,gold_reencode,-1,minus,0,plus,-1,32,0,0,0,
44,T0,0,ood,gold_reencode,-1,plus,-2,minus,-1,32,32,32,32,1.0
44,T0,0,ood,gold_reencode,-1,plus,-2,plus,-3,32,32,32,32,1.0
44,T0,0,ood,gold_reencode,0,minus,1,minus,2,32,0,32,0,
44,T0,0,ood,gold_reencode,0,minus,1,plus,0,32,0,0,0,
44,T0,0,ood,gold_reencode,0,plus,-1,minus,0,32,0,0,0,
44,T0,0,ood,gold_reencode,0,plus,-1,plus,-2,32,0,32,0,
44,T0,0,ood,gold_reencode,1,minus,2,minus,3,32,32,32,32,1.0
44,T0,0,ood,gold_reencode,1,minus,2,plus,1,32,32,9,9,0.28125
44,T0,0,ood,gold_reencode,1,plus,0,minus,1,32,0,0,0,
44,T0,0,ood,gold_reencode,1,plus,0,plus,-1,32,0,0,0,
44,T0,0,ood,gold_reencode,2,minus,3,plus,2,32,32,32,32,1.0
44,T0,0,ood,gold_reencode,2,plus,1,minus,2,32,9,32,9,1.0
44,T0,0,ood,gold_reencode,2,plus,1,plus,0,32,9,0,0,0.0
44,T0,0,ood,gold_reencode,3,plus,2,minus,3,32,32,32,32,1.0
44,T0,0,ood,gold_reencode,3,plus,2,plus,1,32,32,9,9,0.28125
44,T0,0,iid,actual_reencode,-3,minus,-2,minus,-1,32,32,32,32,1.0
44,T0,0,iid,actual_reencode,-3,minus,-2,plus,-3,32,32,32,32,1.0
44,T0,0,iid,actual_reencode,-2,minus,-1,minus,0,32,32,32,32,1.0
44,T0,0,iid,actual_reencode,-2,minus,-1,plus,-2,32,32,32,32,1.0
44,T0,0,iid,actual_reencode,-2,plus,-3,minus,-2,32,32,32,32,1.0
44,T0,0,iid,actual_reencode,-1,minus,0,minus,1,32,32,32,32,1.0
44,T0,0,iid,actual_reencode,-1,minus,0,plus,-1,32,32,32,32,1.0
44,T0,0,iid,actual_reencode,-1,plus,-2,minus,-1,32,32,32,32,1.0
44,T0,0,iid,actual_reencode,-1,plus,-2,plus,-3,32,32,32,32,1.0
44,T0,0,iid,actual_reencode,0,minus,1,minus,2,32,32,32,32,1.0
44,T0,0,iid,actual_reencode,0,minus,1,plus,0,32,32,32,32,1.0
44,T0,0,iid,actual_reencode,0,plus,-1,minus,0,32,32,32,32,1.0
44,T0,0,iid,actual_reencode,0,plus,-1,plus,-2,32,32,32,32,1.0
44,T0,0,iid,actual_reencode,1,minus,2,minus,3,32,32,32,32,1.0
44,T0,0,iid,actual_reencode,1,minus,2,plus,1,32,32,32,32,1.0
44,T0,0,iid,actual_reencode,1,plus,0,minus,1,32,32,32,32,1.0
44,T0,0,iid,actual_reencode,1,plus,0,plus,-1,32,32,32,32,1.0
44,T0,0,iid,actual_reencode,2,minus,3,plus,2,32,32,32,32,1.0
44,T0,0,iid,actual_reencode,2,plus,1,minus,2,32,32,32,32,1.0
44,T0,0,iid,actual_reencode,2,plus,1,plus,0,32,32,32,32,1.0
44,T0,0,iid,actual_reencode,3,plus,2,minus,3,32,32,32,32,1.0
44,T0,0,iid,actual_reencode,3,plus,2,plus,1,32,32,32,32,1.0
44,T0,0,ood,actual_reencode,-3,minus,-2,minus,-1,32,32,32,32,1.0
44,T0,0,ood,actual_reencode,-3,minus,-2,plus,-3,32,32,32,32,1.0
44,T0,0,ood,actual_reencode,-2,minus,-1,minus,0,32,32,32,32,1.0
44,T0,0,ood,actual_reencode,-2,minus,-1,plus,-2,32,32,32,32,1.0
44,T0,0,ood,actual_reencode,-2,plus,-3,minus,-2,32,32,32,32,1.0
44,T0,0,ood,actual_reencode,-1,minus,0,minus,1,32,0,0,0,
44,T0,0,ood,actual_reencode,-1,minus,0,plus,-1,32,0,0,0,
44,T0,0,ood,actual_reencode,-1,plus,-2,minus,-1,32,32,32,32,1.0
44,T0,0,ood,actual_reencode,-1,plus,-2,plus,-3,32,32,32,32,1.0
44,T0,0,ood,actual_reencode,0,minus,1,minus,2,32,0,0,0,
44,T0,0,ood,actual_reencode,0,minus,1,plus,0,32,0,0,0,
44,T0,0,ood,actual_reencode,0,plus,-1,minus,0,32,0,0,0,
44,T0,0,ood,actual_reencode,0,plus,-1,plus,-2,32,0,0,0,
44,T0,0,ood,actual_reencode,1,minus,2,minus,3,32,32,32,32,1.0
44,T0,0,ood,actual_reencode,1,minus,2,plus,1,32,32,9,9,0.28125
44,T0,0,ood,actual_reencode,1,plus,0,minus,1,32,0,0,0,
44,T0,0,ood,actual_reencode,1,plus,0,plus,-1,32,0,0,0,
44,T0,0,ood,actual_reencode,2,minus,3,plus,2,32,32,32,32,1.0
44,T0,0,ood,actual_reencode,2,plus,1,minus,2,32,9,32,9,1.0
44,T0,0,ood,actual_reencode,2,plus,1,plus,0,32,9,9,9,1.0
44,T0,0,ood,actual_reencode,3,plus,2,minus,3,32,32,32,32,1.0
44,T0,0,ood,actual_reencode,3,plus,2,plus,1,32,32,9,9,0.28125
44,N,100,iid,fixed_T0,-3,minus,-2,minus,-1,32,32,0,0,0.0
44,N,100,iid,fixed_T0,-3,minus,-2,plus,-3,32,32,0,0,0.0
44,N,100,iid,fixed_T0,-2,minus,-1,minus,0,32,32,0,0,0.0
44,N,100,iid,fixed_T0,-2,minus,-1,plus,-2,32,32,0,0,0.0
44,N,100,iid,fixed_T0,-2,plus,-3,minus,-2,32,32,0,0,0.0
44,N,100,iid,fixed_T0,-1,minus,0,minus,1,32,32,0,0,0.0
44,N,100,iid,fixed_T0,-1,minus,0,plus,-1,32,32,0,0,0.0
44,N,100,iid,fixed_T0,-1,plus,-2,minus,-1,32,32,0,0,0.0
44,N,100,iid,fixed_T0,-1,plus,-2,plus,-3,32,32,0,0,0.0
44,N,100,iid,fixed_T0,0,minus,1,minus,2,32,32,0,0,0.0
44,N,100,iid,fixed_T0,0,minus,1,plus,0,32,32,0,0,0.0
44,N,100,iid,fixed_T0,0,plus,-1,minus,0,32,32,0,0,0.0
44,N,100,iid,fixed_T0,0,plus,-1,plus,-2,32,32,0,0,0.0
44,N,100,iid,fixed_T0,1,minus,2,minus,3,32,32,0,0,0.0
44,N,100,iid,fixed_T0,1,minus,2,plus,1,32,32,0,0,0.0
44,N,100,iid,fixed_T0,1,plus,0,minus,1,32,32,0,0,0.0
44,N,100,iid,fixed_T0,1,plus,0,plus,-1,32,32,0,0,0.0
44,N,100,iid,fixed_T0,2,minus,3,plus,2,32,32,0,0,0.0
44,N,100,iid,fixed_T0,2,plus,1,minus,2,32,32,0,0,0.0
44,N,100,iid,fixed_T0,2,plus,1,plus,0,32,32,0,0,0.0
44,N,100,iid,fixed_T0,3,plus,2,minus,3,32,32,0,0,0.0
44,N,100,iid,fixed_T0,3,plus,2,plus,1,32,32,0,0,0.0
44,N,100,ood,fixed_T0,-3,minus,-2,minus,-1,32,32,0,0,0.0
44,N,100,ood,fixed_T0,-3,minus,-2,plus,-3,32,32,0,0,0.0
44,N,100,ood,fixed_T0,-2,minus,-1,minus,0,32,32,0,0,0.0
44,N,100,ood,fixed_T0,-2,minus,-1,plus,-2,32,32,0,0,0.0
44,N,100,ood,fixed_T0,-2,plus,-3,minus,-2,32,32,0,0,0.0
44,N,100,ood,fixed_T0,-1,minus,0,minus,1,32,0,0,0,
44,N,100,ood,fixed_T0,-1,minus,0,plus,-1,32,0,0,0,
44,N,100,ood,fixed_T0,-1,plus,-2,minus,-1,32,32,0,0,0.0
44,N,100,ood,fixed_T0,-1,plus,-2,plus,-3,32,32,0,0,0.0
44,N,100,ood,fixed_T0,0,minus,1,minus,2,32,0,21,0,
44,N,100,ood,fixed_T0,0,minus,1,plus,0,32,0,0,0,
44,N,100,ood,fixed_T0,0,plus,-1,minus,0,32,0,0,0,
44,N,100,ood,fixed_T0,0,plus,-1,plus,-2,32,0,0,0,
44,N,100,ood,fixed_T0,1,minus,2,minus,3,32,32,0,0,0.0
44,N,100,ood,fixed_T0,1,minus,2,plus,1,32,32,0,0,0.0
44,N,100,ood,fixed_T0,1,plus,0,minus,1,32,0,0,0,
44,N,100,ood,fixed_T0,1,plus,0,plus,-1,32,0,0,0,
44,N,100,ood,fixed_T0,2,minus,3,plus,2,32,32,0,0,0.0
44,N,100,ood,fixed_T0,2,plus,1,minus,2,32,9,0,0,0.0
44,N,100,ood,fixed_T0,2,plus,1,plus,0,32,9,0,0,0.0
44,N,100,ood,fixed_T0,3,plus,2,minus,3,32,32,0,0,0.0
44,N,100,ood,fixed_T0,3,plus,2,plus,1,32,32,0,0,0.0
44,N,100,iid,U,-3,minus,-2,minus,-1,32,32,0,0,0.0
44,N,100,iid,U,-3,minus,-2,plus,-3,32,32,0,0,0.0
44,N,100,iid,U,-2,minus,-1,minus,0,32,32,0,0,0.0
44,N,100,iid,U,-2,minus,-1,plus,-2,32,32,0,0,0.0
44,N,100,iid,U,-2,plus,-3,minus,-2,32,32,0,0,0.0
44,N,100,iid,U,-1,minus,0,minus,1,32,32,0,0,0.0
44,N,100,iid,U,-1,minus,0,plus,-1,32,32,0,0,0.0
44,N,100,iid,U,-1,plus,-2,minus,-1,32,32,0,0,0.0
44,N,100,iid,U,-1,plus,-2,plus,-3,32,32,0,0,0.0
44,N,100,iid,U,0,minus,1,minus,2,32,32,0,0,0.0
44,N,100,iid,U,0,minus,1,plus,0,32,32,0,0,0.0
44,N,100,iid,U,0,plus,-1,minus,0,32,32,0,0,0.0
44,N,100,iid,U,0,plus,-1,plus,-2,32,32,0,0,0.0
44,N,100,iid,U,1,minus,2,minus,3,32,32,0,0,0.0
44,N,100,iid,U,1,minus,2,plus,1,32,32,0,0,0.0
44,N,100,iid,U,1,plus,0,minus,1,32,32,0,0,0.0
44,N,100,iid,U,1,plus,0,plus,-1,32,32,0,0,0.0
44,N,100,iid,U,2,minus,3,plus,2,32,32,0,0,0.0
44,N,100,iid,U,2,plus,1,minus,2,32,32,0,0,0.0
44,N,100,iid,U,2,plus,1,plus,0,32,32,0,0,0.0
44,N,100,iid,U,3,plus,2,minus,3,32,32,0,0,0.0
44,N,100,iid,U,3,plus,2,plus,1,32,32,0,0,0.0
44,N,100,ood,U,-3,minus,-2,minus,-1,32,32,0,0,0.0
44,N,100,ood,U,-3,minus,-2,plus,-3,32,32,0,0,0.0
44,N,100,ood,U,-2,minus,-1,minus,0,32,32,0,0,0.0
44,N,100,ood,U,-2,minus,-1,plus,-2,32,32,0,0,0.0
44,N,100,ood,U,-2,plus,-3,minus,-2,32,32,0,0,0.0
44,N,100,ood,U,-1,minus,0,minus,1,32,0,0,0,
44,N,100,ood,U,-1,minus,0,plus,-1,32,0,0,0,
44,N,100,ood,U,-1,plus,-2,minus,-1,32,32,0,0,0.0
44,N,100,ood,U,-1,plus,-2,plus,-3,32,32,0,0,0.0
44,N,100,ood,U,0,minus,1,minus,2,32,0,19,0,
44,N,100,ood,U,0,minus,1,plus,0,32,0,0,0,
44,N,100,ood,U,0,plus,-1,minus,0,32,0,0,0,
44,N,100,ood,U,0,plus,-1,plus,-2,32,0,0,0,
44,N,100,ood,U,1,minus,2,minus,3,32,32,0,0,0.0
44,N,100,ood,U,1,minus,2,plus,1,32,32,0,0,0.0
44,N,100,ood,U,1,plus,0,minus,1,32,0,0,0,
44,N,100,ood,U,1,plus,0,plus,-1,32,0,0,0,
44,N,100,ood,U,2,minus,3,plus,2,32,32,0,0,0.0
44,N,100,ood,U,2,plus,1,minus,2,32,0,0,0,
44,N,100,ood,U,2,plus,1,plus,0,32,0,0,0,
44,N,100,ood,U,3,plus,2,minus,3,32,32,0,0,0.0
44,N,100,ood,U,3,plus,2,plus,1,32,32,0,0,0.0
44,N,100,iid,self,-3,minus,-2,minus,-1,32,32,0,0,0.0
44,N,100,iid,self,-3,minus,-2,plus,-3,32,32,0,0,0.0
44,N,100,iid,self,-2,minus,-1,minus,0,32,32,0,0,0.0
44,N,100,iid,self,-2,minus,-1,plus,-2,32,32,0,0,0.0
44,N,100,iid,self,-2,plus,-3,minus,-2,32,32,0,0,0.0
44,N,100,iid,self,-1,minus,0,minus,1,32,32,0,0,0.0
44,N,100,iid,self,-1,minus,0,plus,-1,32,32,0,0,0.0
44,N,100,iid,self,-1,plus,-2,minus,-1,32,32,0,0,0.0
44,N,100,iid,self,-1,plus,-2,plus,-3,32,32,0,0,0.0
44,N,100,iid,self,0,minus,1,minus,2,32,32,0,0,0.0
44,N,100,iid,self,0,minus,1,plus,0,32,32,0,0,0.0
44,N,100,iid,self,0,plus,-1,minus,0,32,32,0,0,0.0
44,N,100,iid,self,0,plus,-1,plus,-2,32,32,14,14,0.4375
44,N,100,iid,self,1,minus,2,minus,3,32,32,0,0,0.0
44,N,100,iid,self,1,minus,2,plus,1,32,32,0,0,0.0
44,N,100,iid,self,1,plus,0,minus,1,32,32,0,0,0.0
44,N,100,iid,self,1,plus,0,plus,-1,32,32,0,0,0.0
44,N,100,iid,self,2,minus,3,plus,2,32,32,0,0,0.0
44,N,100,iid,self,2,plus,1,minus,2,32,32,0,0,0.0
44,N,100,iid,self,2,plus,1,plus,0,32,32,0,0,0.0
44,N,100,iid,self,3,plus,2,minus,3,32,32,0,0,0.0
44,N,100,iid,self,3,plus,2,plus,1,32,32,0,0,0.0
44,N,100,ood,self,-3,minus,-2,minus,-1,32,32,0,0,0.0
44,N,100,ood,self,-3,minus,-2,plus,-3,32,32,0,0,0.0
44,N,100,ood,self,-2,minus,-1,minus,0,32,32,0,0,0.0
44,N,100,ood,self,-2,minus,-1,plus,-2,32,32,0,0,0.0
44,N,100,ood,self,-2,plus,-3,minus,-2,32,32,0,0,0.0
44,N,100,ood,self,-1,minus,0,minus,1,32,0,0,0,
44,N,100,ood,self,-1,minus,0,plus,-1,32,0,0,0,
44,N,100,ood,self,-1,plus,-2,minus,-1,32,32,0,0,0.0
44,N,100,ood,self,-1,plus,-2,plus,-3,32,32,0,0,0.0
44,N,100,ood,self,0,minus,1,minus,2,32,0,32,0,
44,N,100,ood,self,0,minus,1,plus,0,32,0,0,0,
44,N,100,ood,self,0,plus,-1,minus,0,32,0,0,0,
44,N,100,ood,self,0,plus,-1,plus,-2,32,0,0,0,
44,N,100,ood,self,1,minus,2,minus,3,32,32,0,0,0.0
44,N,100,ood,self,1,minus,2,plus,1,32,32,0,0,0.0
44,N,100,ood,self,1,plus,0,minus,1,32,0,0,0,
44,N,100,ood,self,1,plus,0,plus,-1,32,0,0,0,
44,N,100,ood,self,2,minus,3,plus,2,32,32,0,0,0.0
44,N,100,ood,self,2,plus,1,minus,2,32,5,0,0,0.0
44,N,100,ood,self,2,plus,1,plus,0,32,5,0,0,0.0
44,N,100,ood,self,3,plus,2,minus,3,32,32,0,0,0.0
44,N,100,ood,self,3,plus,2,plus,1,32,32,0,0,0.0
44,N,100,iid,gold_reencode,-3,minus,-2,minus,-1,32,32,32,32,1.0
44,N,100,iid,gold_reencode,-3,minus,-2,plus,-3,32,32,32,32,1.0
44,N,100,iid,gold_reencode,-2,minus,-1,minus,0,32,32,32,32,1.0
44,N,100,iid,gold_reencode,-2,minus,-1,plus,-2,32,32,32,32,1.0
44,N,100,iid,gold_reencode,-2,plus,-3,minus,-2,32,32,32,32,1.0
44,N,100,iid,gold_reencode,-1,minus,0,minus,1,32,32,32,32,1.0
44,N,100,iid,gold_reencode,-1,minus,0,plus,-1,32,32,32,32,1.0
44,N,100,iid,gold_reencode,-1,plus,-2,minus,-1,32,32,32,32,1.0
44,N,100,iid,gold_reencode,-1,plus,-2,plus,-3,32,32,32,32,1.0
44,N,100,iid,gold_reencode,0,minus,1,minus,2,32,32,32,32,1.0
44,N,100,iid,gold_reencode,0,minus,1,plus,0,32,32,32,32,1.0
44,N,100,iid,gold_reencode,0,plus,-1,minus,0,32,32,32,32,1.0
44,N,100,iid,gold_reencode,0,plus,-1,plus,-2,32,32,32,32,1.0
44,N,100,iid,gold_reencode,1,minus,2,minus,3,32,32,32,32,1.0
44,N,100,iid,gold_reencode,1,minus,2,plus,1,32,32,32,32,1.0
44,N,100,iid,gold_reencode,1,plus,0,minus,1,32,32,32,32,1.0
44,N,100,iid,gold_reencode,1,plus,0,plus,-1,32,32,32,32,1.0
44,N,100,iid,gold_reencode,2,minus,3,plus,2,32,32,32,32,1.0
44,N,100,iid,gold_reencode,2,plus,1,minus,2,32,32,32,32,1.0
44,N,100,iid,gold_reencode,2,plus,1,plus,0,32,32,32,32,1.0
44,N,100,iid,gold_reencode,3,plus,2,minus,3,32,32,32,32,1.0
44,N,100,iid,gold_reencode,3,plus,2,plus,1,32,32,32,32,1.0
44,N,100,ood,gold_reencode,-3,minus,-2,minus,-1,32,32,32,32,1.0
44,N,100,ood,gold_reencode,-3,minus,-2,plus,-3,32,32,32,32,1.0
44,N,100,ood,gold_reencode,-2,minus,-1,minus,0,32,32,0,0,0.0
44,N,100,ood,gold_reencode,-2,minus,-1,plus,-2,32,32,32,32,1.0
44,N,100,ood,gold_reencode,-2,plus,-3,minus,-2,32,32,32,32,1.0
44,N,100,ood,gold_reencode,-1,minus,0,minus,1,32,0,0,0,
44,N,100,ood,gold_reencode,-1,minus,0,plus,-1,32,0,0,0,
44,N,100,ood,gold_reencode,-1,plus,-2,minus,-1,32,32,32,32,1.0
44,N,100,ood,gold_reencode,-1,plus,-2,plus,-3,32,32,32,32,1.0
44,N,100,ood,gold_reencode,0,minus,1,minus,2,32,0,32,0,
44,N,100,ood,gold_reencode,0,minus,1,plus,0,32,0,0,0,
44,N,100,ood,gold_reencode,0,plus,-1,minus,0,32,0,0,0,
44,N,100,ood,gold_reencode,0,plus,-1,plus,-2,32,0,32,0,
44,N,100,ood,gold_reencode,1,minus,2,minus,3,32,32,32,32,1.0
44,N,100,ood,gold_reencode,1,minus,2,plus,1,32,32,5,5,0.15625
44,N,100,ood,gold_reencode,1,plus,0,minus,1,32,0,0,0,
44,N,100,ood,gold_reencode,1,plus,0,plus,-1,32,0,0,0,
44,N,100,ood,gold_reencode,2,minus,3,plus,2,32,32,32,32,1.0
44,N,100,ood,gold_reencode,2,plus,1,minus,2,32,5,32,5,1.0
44,N,100,ood,gold_reencode,2,plus,1,plus,0,32,5,0,0,0.0
44,N,100,ood,gold_reencode,3,plus,2,minus,3,32,32,32,32,1.0
44,N,100,ood,gold_reencode,3,plus,2,plus,1,32,32,5,5,0.15625
44,N,100,iid,actual_reencode,-3,minus,-2,minus,-1,32,32,32,32,1.0
44,N,100,iid,actual_reencode,-3,minus,-2,plus,-3,32,32,32,32,1.0
44,N,100,iid,actual_reencode,-2,minus,-1,minus,0,32,32,32,32,1.0
44,N,100,iid,actual_reencode,-2,minus,-1,plus,-2,32,32,32,32,1.0
44,N,100,iid,actual_reencode,-2,plus,-3,minus,-2,32,32,32,32,1.0
44,N,100,iid,actual_reencode,-1,minus,0,minus,1,32,32,32,32,1.0
44,N,100,iid,actual_reencode,-1,minus,0,plus,-1,32,32,32,32,1.0
44,N,100,iid,actual_reencode,-1,plus,-2,minus,-1,32,32,32,32,1.0
44,N,100,iid,actual_reencode,-1,plus,-2,plus,-3,32,32,32,32,1.0
44,N,100,iid,actual_reencode,0,minus,1,minus,2,32,32,32,32,1.0
44,N,100,iid,actual_reencode,0,minus,1,plus,0,32,32,32,32,1.0
44,N,100,iid,actual_reencode,0,plus,-1,minus,0,32,32,32,32,1.0
44,N,100,iid,actual_reencode,0,plus,-1,plus,-2,32,32,32,32,1.0
44,N,100,iid,actual_reencode,1,minus,2,minus,3,32,32,32,32,1.0
44,N,100,iid,actual_reencode,1,minus,2,plus,1,32,32,32,32,1.0
44,N,100,iid,actual_reencode,1,plus,0,minus,1,32,32,32,32,1.0
44,N,100,iid,actual_reencode,1,plus,0,plus,-1,32,32,32,32,1.0
44,N,100,iid,actual_reencode,2,minus,3,plus,2,32,32,32,32,1.0
44,N,100,iid,actual_reencode,2,plus,1,minus,2,32,32,32,32,1.0
44,N,100,iid,actual_reencode,2,plus,1,plus,0,32,32,32,32,1.0
44,N,100,iid,actual_reencode,3,plus,2,minus,3,32,32,32,32,1.0
44,N,100,iid,actual_reencode,3,plus,2,plus,1,32,32,32,32,1.0
44,N,100,ood,actual_reencode,-3,minus,-2,minus,-1,32,32,32,32,1.0
44,N,100,ood,actual_reencode,-3,minus,-2,plus,-3,32,32,32,32,1.0
44,N,100,ood,actual_reencode,-2,minus,-1,minus,0,32,32,11,11,0.34375
44,N,100,ood,actual_reencode,-2,minus,-1,plus,-2,32,32,32,32,1.0
44,N,100,ood,actual_reencode,-2,plus,-3,minus,-2,32,32,32,32,1.0
44,N,100,ood,actual_reencode,-1,minus,0,minus,1,32,0,0,0,
44,N,100,ood,actual_reencode,-1,minus,0,plus,-1,32,0,0,0,
44,N,100,ood,actual_reencode,-1,plus,-2,minus,-1,32,32,32,32,1.0
44,N,100,ood,actual_reencode,-1,plus,-2,plus,-3,32,32,32,32,1.0
44,N,100,ood,actual_reencode,0,minus,1,minus,2,32,0,0,0,
44,N,100,ood,actual_reencode,0,minus,1,plus,0,32,0,32,0,
44,N,100,ood,actual_reencode,0,plus,-1,minus,0,32,0,32,0,
44,N,100,ood,actual_reencode,0,plus,-1,plus,-2,32,0,0,0,
44,N,100,ood,actual_reencode,1,minus,2,minus,3,32,32,32,32,1.0
44,N,100,ood,actual_reencode,1,minus,2,plus,1,32,32,5,5,0.15625
44,N,100,ood,actual_reencode,1,plus,0,minus,1,32,0,0,0,
44,N,100,ood,actual_reencode,1,plus,0,plus,-1,32,0,0,0,
44,N,100,ood,actual_reencode,2,minus,3,plus,2,32,32,32,32,1.0
44,N,100,ood,actual_reencode,2,plus,1,minus,2,32,5,32,5,1.0
44,N,100,ood,actual_reencode,2,plus,1,plus,0,32,5,5,5,1.0
44,N,100,ood,actual_reencode,3,plus,2,minus,3,32,32,32,32,1.0
44,N,100,ood,actual_reencode,3,plus,2,plus,1,32,32,5,5,0.15625
44,N,200,iid,fixed_T0,-3,minus,-2,minus,-1,32,32,0,0,0.0
44,N,200,iid,fixed_T0,-3,minus,-2,plus,-3,32,32,0,0,0.0
44,N,200,iid,fixed_T0,-2,minus,-1,minus,0,32,32,0,0,0.0
44,N,200,iid,fixed_T0,-2,minus,-1,plus,-2,32,32,0,0,0.0
44,N,200,iid,fixed_T0,-2,plus,-3,minus,-2,32,32,0,0,0.0
44,N,200,iid,fixed_T0,-1,minus,0,minus,1,32,32,0,0,0.0
44,N,200,iid,fixed_T0,-1,minus,0,plus,-1,32,32,0,0,0.0
44,N,200,iid,fixed_T0,-1,plus,-2,minus,-1,32,32,0,0,0.0
44,N,200,iid,fixed_T0,-1,plus,-2,plus,-3,32,32,0,0,0.0
44,N,200,iid,fixed_T0,0,minus,1,minus,2,32,32,0,0,0.0
44,N,200,iid,fixed_T0,0,minus,1,plus,0,32,32,0,0,0.0
44,N,200,iid,fixed_T0,0,plus,-1,minus,0,32,32,0,0,0.0
44,N,200,iid,fixed_T0,0,plus,-1,plus,-2,32,32,0,0,0.0
44,N,200,iid,fixed_T0,1,minus,2,minus,3,32,32,0,0,0.0
44,N,200,iid,fixed_T0,1,minus,2,plus,1,32,32,0,0,0.0
44,N,200,iid,fixed_T0,1,plus,0,minus,1,32,32,0,0,0.0
44,N,200,iid,fixed_T0,1,plus,0,plus,-1,32,32,0,0,0.0
44,N,200,iid,fixed_T0,2,minus,3,plus,2,32,32,0,0,0.0
44,N,200,iid,fixed_T0,2,plus,1,minus,2,32,32,0,0,0.0
44,N,200,iid,fixed_T0,2,plus,1,plus,0,32,32,0,0,0.0
44,N,200,iid,fixed_T0,3,plus,2,minus,3,32,32,0,0,0.0
44,N,200,iid,fixed_T0,3,plus,2,plus,1,32,32,0,0,0.0
44,N,200,ood,fixed_T0,-3,minus,-2,minus,-1,32,32,0,0,0.0
44,N,200,ood,fixed_T0,-3,minus,-2,plus,-3,32,32,0,0,0.0
44,N,200,ood,fixed_T0,-2,minus,-1,minus,0,32,32,0,0,0.0
44,N,200,ood,fixed_T0,-2,minus,-1,plus,-2,32,32,0,0,0.0
44,N,200,ood,fixed_T0,-2,plus,-3,minus,-2,32,32,0,0,0.0
44,N,200,ood,fixed_T0,-1,minus,0,minus,1,32,0,0,0,
44,N,200,ood,fixed_T0,-1,minus,0,plus,-1,32,0,0,0,
44,N,200,ood,fixed_T0,-1,plus,-2,minus,-1,32,32,0,0,0.0
44,N,200,ood,fixed_T0,-1,plus,-2,plus,-3,32,32,0,0,0.0
44,N,200,ood,fixed_T0,0,minus,1,minus,2,32,0,23,0,
44,N,200,ood,fixed_T0,0,minus,1,plus,0,32,0,0,0,
44,N,200,ood,fixed_T0,0,plus,-1,minus,0,32,0,0,0,
44,N,200,ood,fixed_T0,0,plus,-1,plus,-2,32,0,0,0,
44,N,200,ood,fixed_T0,1,minus,2,minus,3,32,32,0,0,0.0
44,N,200,ood,fixed_T0,1,minus,2,plus,1,32,32,0,0,0.0
44,N,200,ood,fixed_T0,1,plus,0,minus,1,32,0,0,0,
44,N,200,ood,fixed_T0,1,plus,0,plus,-1,32,0,0,0,
44,N,200,ood,fixed_T0,2,minus,3,plus,2,32,32,0,0,0.0
44,N,200,ood,fixed_T0,2,plus,1,minus,2,32,9,0,0,0.0
44,N,200,ood,fixed_T0,2,plus,1,plus,0,32,9,0,0,0.0
44,N,200,ood,fixed_T0,3,plus,2,minus,3,32,32,0,0,0.0
44,N,200,ood,fixed_T0,3,plus,2,plus,1,32,32,0,0,0.0
44,N,200,iid,U,-3,minus,-2,minus,-1,32,32,0,0,0.0
44,N,200,iid,U,-3,minus,-2,plus,-3,32,32,0,0,0.0
44,N,200,iid,U,-2,minus,-1,minus,0,32,32,0,0,0.0
44,N,200,iid,U,-2,minus,-1,plus,-2,32,32,0,0,0.0
44,N,200,iid,U,-2,plus,-3,minus,-2,32,32,0,0,0.0
44,N,200,iid,U,-1,minus,0,minus,1,32,32,0,0,0.0
44,N,200,iid,U,-1,minus,0,plus,-1,32,32,0,0,0.0
44,N,200,iid,U,-1,plus,-2,minus,-1,32,32,0,0,0.0
44,N,200,iid,U,-1,plus,-2,plus,-3,32,32,0,0,0.0
44,N,200,iid,U,0,minus,1,minus,2,32,32,0,0,0.0
44,N,200,iid,U,0,minus,1,plus,0,32,32,0,0,0.0
44,N,200,iid,U,0,plus,-1,minus,0,32,32,0,0,0.0
44,N,200,iid,U,0,plus,-1,plus,-2,32,32,0,0,0.0
44,N,200,iid,U,1,minus,2,minus,3,32,32,0,0,0.0
44,N,200,iid,U,1,minus,2,plus,1,32,32,0,0,0.0
44,N,200,iid,U,1,plus,0,minus,1,32,32,0,0,0.0
44,N,200,iid,U,1,plus,0,plus,-1,32,32,0,0,0.0
44,N,200,iid,U,2,minus,3,plus,2,32,32,0,0,0.0
44,N,200,iid,U,2,plus,1,minus,2,32,32,0,0,0.0
44,N,200,iid,U,2,plus,1,plus,0,32,32,0,0,0.0
44,N,200,iid,U,3,plus,2,minus,3,32,32,0,0,0.0
44,N,200,iid,U,3,plus,2,plus,1,32,32,0,0,0.0
44,N,200,ood,U,-3,minus,-2,minus,-1,32,32,0,0,0.0
44,N,200,ood,U,-3,minus,-2,plus,-3,32,32,0,0,0.0
44,N,200,ood,U,-2,minus,-1,minus,0,32,32,0,0,0.0
44,N,200,ood,U,-2,minus,-1,plus,-2,32,32,0,0,0.0
44,N,200,ood,U,-2,plus,-3,minus,-2,32,32,0,0,0.0
44,N,200,ood,U,-1,minus,0,minus,1,32,0,0,0,
44,N,200,ood,U,-1,minus,0,plus,-1,32,0,0,0,
44,N,200,ood,U,-1,plus,-2,minus,-1,32,32,0,0,0.0
44,N,200,ood,U,-1,plus,-2,plus,-3,32,32,0,0,0.0
44,N,200,ood,U,0,minus,1,minus,2,32,0,32,0,
44,N,200,ood,U,0,minus,1,plus,0,32,0,0,0,
44,N,200,ood,U,0,plus,-1,minus,0,32,0,0,0,
44,N,200,ood,U,0,plus,-1,plus,-2,32,0,0,0,
44,N,200,ood,U,1,minus,2,minus,3,32,32,0,0,0.0
44,N,200,ood,U,1,minus,2,plus,1,32,32,0,0,0.0
44,N,200,ood,U,1,plus,0,minus,1,32,0,0,0,
44,N,200,ood,U,1,plus,0,plus,-1,32,0,0,0,
44,N,200,ood,U,2,minus,3,plus,2,32,32,0,0,0.0
44,N,200,ood,U,2,plus,1,minus,2,32,0,0,0,
44,N,200,ood,U,2,plus,1,plus,0,32,0,0,0,
44,N,200,ood,U,3,plus,2,minus,3,32,32,0,0,0.0
44,N,200,ood,U,3,plus,2,plus,1,32,32,0,0,0.0
44,N,200,iid,self,-3,minus,-2,minus,-1,32,32,0,0,0.0
44,N,200,iid,self,-3,minus,-2,plus,-3,32,32,0,0,0.0
44,N,200,iid,self,-2,minus,-1,minus,0,32,32,0,0,0.0
44,N,200,iid,self,-2,minus,-1,plus,-2,32,32,0,0,0.0
44,N,200,iid,self,-2,plus,-3,minus,-2,32,32,0,0,0.0
44,N,200,iid,self,-1,minus,0,minus,1,32,32,0,0,0.0
44,N,200,iid,self,-1,minus,0,plus,-1,32,32,0,0,0.0
44,N,200,iid,self,-1,plus,-2,minus,-1,32,32,0,0,0.0
44,N,200,iid,self,-1,plus,-2,plus,-3,32,32,0,0,0.0
44,N,200,iid,self,0,minus,1,minus,2,32,32,7,7,0.21875
44,N,200,iid,self,0,minus,1,plus,0,32,32,0,0,0.0
44,N,200,iid,self,0,plus,-1,minus,0,32,32,0,0,0.0
44,N,200,iid,self,0,plus,-1,plus,-2,32,32,10,10,0.3125
44,N,200,iid,self,1,minus,2,minus,3,32,32,0,0,0.0
44,N,200,iid,self,1,minus,2,plus,1,32,32,0,0,0.0
44,N,200,iid,self,1,plus,0,minus,1,32,32,0,0,0.0
44,N,200,iid,self,1,plus,0,plus,-1,32,32,0,0,0.0
44,N,200,iid,self,2,minus,3,plus,2,32,32,0,0,0.0
44,N,200,iid,self,2,plus,1,minus,2,32,32,0,0,0.0
44,N,200,iid,self,2,plus,1,plus,0,32,32,0,0,0.0
44,N,200,iid,self,3,plus,2,minus,3,32,32,0,0,0.0
44,N,200,iid,self,3,plus,2,plus,1,32,32,0,0,0.0
44,N,200,ood,self,-3,minus,-2,minus,-1,32,32,0,0,0.0
44,N,200,ood,self,-3,minus,-2,plus,-3,32,32,0,0,0.0
44,N,200,ood,self,-2,minus,-1,minus,0,32,32,0,0,0.0
44,N,200,ood,self,-2,minus,-1,plus,-2,32,32,0,0,0.0
44,N,200,ood,self,-2,plus,-3,minus,-2,32,32,0,0,0.0
44,N,200,ood,self,-1,minus,0,minus,1,32,0,0,0,
44,N,200,ood,self,-1,minus,0,plus,-1,32,0,0,0,
44,N,200,ood,self,-1,plus,-2,minus,-1,32,32,0,0,0.0
44,N,200,ood,self,-1,plus,-2,plus,-3,32,32,0,0,0.0
44,N,200,ood,self,0,minus,1,minus,2,32,0,32,0,
44,N,200,ood,self,0,minus,1,plus,0,32,0,0,0,
44,N,200,ood,self,0,plus,-1,minus,0,32,0,0,0,
44,N,200,ood,self,0,plus,-1,plus,-2,32,0,1,0,
44,N,200,ood,self,1,minus,2,minus,3,32,32,0,0,0.0
44,N,200,ood,self,1,minus,2,plus,1,32,32,0,0,0.0
44,N,200,ood,self,1,plus,0,minus,1,32,0,0,0,
44,N,200,ood,self,1,plus,0,plus,-1,32,0,0,0,
44,N,200,ood,self,2,minus,3,plus,2,32,32,0,0,0.0
44,N,200,ood,self,2,plus,1,minus,2,32,7,0,0,0.0
44,N,200,ood,self,2,plus,1,plus,0,32,7,0,0,0.0
44,N,200,ood,self,3,plus,2,minus,3,32,32,0,0,0.0
44,N,200,ood,self,3,plus,2,plus,1,32,32,0,0,0.0
44,N,200,iid,gold_reencode,-3,minus,-2,minus,-1,32,32,32,32,1.0
44,N,200,iid,gold_reencode,-3,minus,-2,plus,-3,32,32,32,32,1.0
44,N,200,iid,gold_reencode,-2,minus,-1,minus,0,32,32,32,32,1.0
44,N,200,iid,gold_reencode,-2,minus,-1,plus,-2,32,32,32,32,1.0
44,N,200,iid,gold_reencode,-2,plus,-3,minus,-2,32,32,32,32,1.0
44,N,200,iid,gold_reencode,-1,minus,0,minus,1,32,32,32,32,1.0
44,N,200,iid,gold_reencode,-1,minus,0,plus,-1,32,32,32,32,1.0
44,N,200,iid,gold_reencode,-1,plus,-2,minus,-1,32,32,32,32,1.0
44,N,200,iid,gold_reencode,-1,plus,-2,plus,-3,32,32,32,32,1.0
44,N,200,iid,gold_reencode,0,minus,1,minus,2,32,32,32,32,1.0
44,N,200,iid,gold_reencode,0,minus,1,plus,0,32,32,32,32,1.0
44,N,200,iid,gold_reencode,0,plus,-1,minus,0,32,32,32,32,1.0
44,N,200,iid,gold_reencode,0,plus,-1,plus,-2,32,32,32,32,1.0
44,N,200,iid,gold_reencode,1,minus,2,minus,3,32,32,32,32,1.0
44,N,200,iid,gold_reencode,1,minus,2,plus,1,32,32,32,32,1.0
44,N,200,iid,gold_reencode,1,plus,0,minus,1,32,32,32,32,1.0
44,N,200,iid,gold_reencode,1,plus,0,plus,-1,32,32,32,32,1.0
44,N,200,iid,gold_reencode,2,minus,3,plus,2,32,32,32,32,1.0
44,N,200,iid,gold_reencode,2,plus,1,minus,2,32,32,32,32,1.0
44,N,200,iid,gold_reencode,2,plus,1,plus,0,32,32,32,32,1.0
44,N,200,iid,gold_reencode,3,plus,2,minus,3,32,32,32,32,1.0
44,N,200,iid,gold_reencode,3,plus,2,plus,1,32,32,32,32,1.0
44,N,200,ood,gold_reencode,-3,minus,-2,minus,-1,32,32,32,32,1.0
44,N,200,ood,gold_reencode,-3,minus,-2,plus,-3,32,32,32,32,1.0
44,N,200,ood,gold_reencode,-2,minus,-1,minus,0,32,32,0,0,0.0
44,N,200,ood,gold_reencode,-2,minus,-1,plus,-2,32,32,32,32,1.0
44,N,200,ood,gold_reencode,-2,plus,-3,minus,-2,32,32,32,32,1.0
44,N,200,ood,gold_reencode,-1,minus,0,minus,1,32,0,0,0,
44,N,200,ood,gold_reencode,-1,minus,0,plus,-1,32,0,0,0,
44,N,200,ood,gold_reencode,-1,plus,-2,minus,-1,32,32,32,32,1.0
44,N,200,ood,gold_reencode,-1,plus,-2,plus,-3,32,32,32,32,1.0
44,N,200,ood,gold_reencode,0,minus,1,minus,2,32,0,32,0,
44,N,200,ood,gold_reencode,0,minus,1,plus,0,32,0,0,0,
44,N,200,ood,gold_reencode,0,plus,-1,minus,0,32,0,0,0,
44,N,200,ood,gold_reencode,0,plus,-1,plus,-2,32,0,32,0,
44,N,200,ood,gold_reencode,1,minus,2,minus,3,32,32,32,32,1.0
44,N,200,ood,gold_reencode,1,minus,2,plus,1,32,32,7,7,0.21875
44,N,200,ood,gold_reencode,1,plus,0,minus,1,32,0,0,0,
44,N,200,ood,gold_reencode,1,plus,0,plus,-1,32,0,0,0,
44,N,200,ood,gold_reencode,2,minus,3,plus,2,32,32,32,32,1.0
44,N,200,ood,gold_reencode,2,plus,1,minus,2,32,7,32,7,1.0
44,N,200,ood,gold_reencode,2,plus,1,plus,0,32,7,0,0,0.0
44,N,200,ood,gold_reencode,3,plus,2,minus,3,32,32,32,32,1.0
44,N,200,ood,gold_reencode,3,plus,2,plus,1,32,32,7,7,0.21875
44,N,200,iid,actual_reencode,-3,minus,-2,minus,-1,32,32,32,32,1.0
44,N,200,iid,actual_reencode,-3,minus,-2,plus,-3,32,32,32,32,1.0
44,N,200,iid,actual_reencode,-2,minus,-1,minus,0,32,32,32,32,1.0
44,N,200,iid,actual_reencode,-2,minus,-1,plus,-2,32,32,32,32,1.0
44,N,200,iid,actual_reencode,-2,plus,-3,minus,-2,32,32,32,32,1.0
44,N,200,iid,actual_reencode,-1,minus,0,minus,1,32,32,32,32,1.0
44,N,200,iid,actual_reencode,-1,minus,0,plus,-1,32,32,32,32,1.0
44,N,200,iid,actual_reencode,-1,plus,-2,minus,-1,32,32,32,32,1.0
44,N,200,iid,actual_reencode,-1,plus,-2,plus,-3,32,32,32,32,1.0
44,N,200,iid,actual_reencode,0,minus,1,minus,2,32,32,32,32,1.0
44,N,200,iid,actual_reencode,0,minus,1,plus,0,32,32,32,32,1.0
44,N,200,iid,actual_reencode,0,plus,-1,minus,0,32,32,32,32,1.0
44,N,200,iid,actual_reencode,0,plus,-1,plus,-2,32,32,32,32,1.0
44,N,200,iid,actual_reencode,1,minus,2,minus,3,32,32,32,32,1.0
44,N,200,iid,actual_reencode,1,minus,2,plus,1,32,32,32,32,1.0
44,N,200,iid,actual_reencode,1,plus,0,minus,1,32,32,32,32,1.0
44,N,200,iid,actual_reencode,1,plus,0,plus,-1,32,32,32,32,1.0
44,N,200,iid,actual_reencode,2,minus,3,plus,2,32,32,32,32,1.0
44,N,200,iid,actual_reencode,2,plus,1,minus,2,32,32,32,32,1.0
44,N,200,iid,actual_reencode,2,plus,1,plus,0,32,32,32,32,1.0
44,N,200,iid,actual_reencode,3,plus,2,minus,3,32,32,32,32,1.0
44,N,200,iid,actual_reencode,3,plus,2,plus,1,32,32,32,32,1.0
44,N,200,ood,actual_reencode,-3,minus,-2,minus,-1,32,32,32,32,1.0
44,N,200,ood,actual_reencode,-3,minus,-2,plus,-3,32,32,32,32,1.0
44,N,200,ood,actual_reencode,-2,minus,-1,minus,0,32,32,31,31,0.96875
44,N,200,ood,actual_reencode,-2,minus,-1,plus,-2,32,32,32,32,1.0
44,N,200,ood,actual_reencode,-2,plus,-3,minus,-2,32,32,32,32,1.0
44,N,200,ood,actual_reencode,-1,minus,0,minus,1,32,0,0,0,
44,N,200,ood,actual_reencode,-1,minus,0,plus,-1,32,0,0,0,
44,N,200,ood,actual_reencode,-1,plus,-2,minus,-1,32,32,32,32,1.0
44,N,200,ood,actual_reencode,-1,plus,-2,plus,-3,32,32,32,32,1.0
44,N,200,ood,actual_reencode,0,minus,1,minus,2,32,0,0,0,
44,N,200,ood,actual_reencode,0,minus,1,plus,0,32,0,32,0,
44,N,200,ood,actual_reencode,0,plus,-1,minus,0,32,0,32,0,
44,N,200,ood,actual_reencode,0,plus,-1,plus,-2,32,0,0,0,
44,N,200,ood,actual_reencode,1,minus,2,minus,3,32,32,32,32,1.0
44,N,200,ood,actual_reencode,1,minus,2,plus,1,32,32,7,7,0.21875
44,N,200,ood,actual_reencode,1,plus,0,minus,1,32,0,0,0,
44,N,200,ood,actual_reencode,1,plus,0,plus,-1,32,0,0,0,
44,N,200,ood,actual_reencode,2,minus,3,plus,2,32,32,32,32,1.0
44,N,200,ood,actual_reencode,2,plus,1,minus,2,32,7,32,7,1.0
44,N,200,ood,actual_reencode,2,plus,1,plus,0,32,7,7,7,1.0
44,N,200,ood,actual_reencode,3,plus,2,minus,3,32,32,32,32,1.0
44,N,200,ood,actual_reencode,3,plus,2,plus,1,32,32,7,7,0.21875
44,F,100,iid,fixed_T0,-3,minus,-2,minus,-1,32,32,32,32,1.0
44,F,100,iid,fixed_T0,-3,minus,-2,plus,-3,32,32,32,32,1.0
44,F,100,iid,fixed_T0,-2,minus,-1,minus,0,32,32,0,0,0.0
44,F,100,iid,fixed_T0,-2,minus,-1,plus,-2,32,32,32,32,1.0
44,F,100,iid,fixed_T0,-2,plus,-3,minus,-2,32,32,32,32,1.0
44,F,100,iid,fixed_T0,-1,minus,0,minus,1,32,32,26,26,0.8125
44,F,100,iid,fixed_T0,-1,minus,0,plus,-1,32,32,32,32,1.0
44,F,100,iid,fixed_T0,-1,plus,-2,minus,-1,32,32,32,32,1.0
44,F,100,iid,fixed_T0,-1,plus,-2,plus,-3,32,32,28,28,0.875
44,F,100,iid,fixed_T0,0,minus,1,minus,2,32,32,32,32,1.0
44,F,100,iid,fixed_T0,0,minus,1,plus,0,32,32,32,32,1.0
44,F,100,iid,fixed_T0,0,plus,-1,minus,0,32,32,32,32,1.0
44,F,100,iid,fixed_T0,0,plus,-1,plus,-2,32,32,32,32,1.0
44,F,100,iid,fixed_T0,1,minus,2,minus,3,32,32,28,28,0.875
44,F,100,iid,fixed_T0,1,minus,2,plus,1,32,32,32,32,1.0
44,F,100,iid,fixed_T0,1,plus,0,minus,1,32,32,32,32,1.0
44,F,100,iid,fixed_T0,1,plus,0,plus,-1,32,32,32,32,1.0
44,F,100,iid,fixed_T0,2,minus,3,plus,2,32,32,32,32,1.0
44,F,100,iid,fixed_T0,2,plus,1,minus,2,32,32,27,27,0.84375
44,F,100,iid,fixed_T0,2,plus,1,plus,0,32,32,21,21,0.65625
44,F,100,iid,fixed_T0,3,plus,2,minus,3,32,32,32,32,1.0
44,F,100,iid,fixed_T0,3,plus,2,plus,1,32,32,32,32,1.0
44,F,100,ood,fixed_T0,-3,minus,-2,minus,-1,32,32,0,0,0.0
44,F,100,ood,fixed_T0,-3,minus,-2,plus,-3,32,32,32,32,1.0
44,F,100,ood,fixed_T0,-2,minus,-1,minus,0,32,32,0,0,0.0
44,F,100,ood,fixed_T0,-2,minus,-1,plus,-2,32,32,32,32,1.0
44,F,100,ood,fixed_T0,-2,plus,-3,minus,-2,32,32,32,32,1.0
44,F,100,ood,fixed_T0,-1,minus,0,minus,1,32,0,0,0,
44,F,100,ood,fixed_T0,-1,minus,0,plus,-1,32,0,3,0,
44,F,100,ood,fixed_T0,-1,plus,-2,minus,-1,32,32,0,0,0.0
44,F,100,ood,fixed_T0,-1,plus,-2,plus,-3,32,32,0,0,0.0
44,F,100,ood,fixed_T0,0,minus,1,minus,2,32,0,23,0,
44,F,100,ood,fixed_T0,0,minus,1,plus,0,32,0,32,0,
44,F,100,ood,fixed_T0,0,plus,-1,minus,0,32,0,32,0,
44,F,100,ood,fixed_T0,0,plus,-1,plus,-2,32,0,0,0,
44,F,100,ood,fixed_T0,1,minus,2,minus,3,32,32,0,0,0.0
44,F,100,ood,fixed_T0,1,minus,2,plus,1,32,32,0,0,0.0
44,F,100,ood,fixed_T0,1,plus,0,minus,1,32,0,0,0,
44,F,100,ood,fixed_T0,1,plus,0,plus,-1,32,0,8,0,
44,F,100,ood,fixed_T0,2,minus,3,plus,2,32,32,32,32,1.0
44,F,100,ood,fixed_T0,2,plus,1,minus,2,32,9,10,0,0.0
44,F,100,ood,fixed_T0,2,plus,1,plus,0,32,9,30,9,1.0
44,F,100,ood,fixed_T0,3,plus,2,minus,3,32,32,26,26,0.8125
44,F,100,ood,fixed_T0,3,plus,2,plus,1,32,32,2,2,0.0625
44,F,100,iid,U,-3,minus,-2,minus,-1,32,32,32,32,1.0
44,F,100,iid,U,-3,minus,-2,plus,-3,32,32,5,5,0.15625
44,F,100,iid,U,-2,minus,-1,minus,0,32,32,0,0,0.0
44,F,100,iid,U,-2,minus,-1,plus,-2,32,32,32,32,1.0
44,F,100,iid,U,-2,plus,-3,minus,-2,32,32,0,0,0.0
44,F,100,iid,U,-1,minus,0,minus,1,32,32,0,0,0.0
44,F,100,iid,U,-1,minus,0,plus,-1,32,32,32,32,1.0
44,F,100,iid,U,-1,plus,-2,minus,-1,32,32,31,31,0.96875
44,F,100,iid,U,-1,plus,-2,plus,-3,32,32,0,0,0.0
44,F,100,iid,U,0,minus,1,minus,2,32,32,0,0,0.0
44,F,100,iid,U,0,minus,1,plus,0,32,32,32,32,1.0
44,F,100,iid,U,0,plus,-1,minus,0,32,32,0,0,0.0
44,F,100,iid,U,0,plus,-1,plus,-2,32,32,32,32,1.0
44,F,100,iid,U,1,minus,2,minus,3,32,32,27,27,0.84375
44,F,100,iid,U,1,minus,2,plus,1,32,32,32,32,1.0
44,F,100,iid,U,1,plus,0,minus,1,32,32,32,32,1.0
44,F,100,iid,U,1,plus,0,plus,-1,32,32,26,26,0.8125
44,F,100,iid,U,2,minus,3,plus,2,32,32,32,32,1.0
44,F,100,iid,U,2,plus,1,minus,2,32,32,0,0,0.0
44,F,100,iid,U,2,plus,1,plus,0,32,32,0,0,0.0
44,F,100,iid,U,3,plus,2,minus,3,32,32,0,0,0.0
44,F,100,iid,U,3,plus,2,plus,1,32,32,32,32,1.0
44,F,100,ood,U,-3,minus,-2,minus,-1,32,32,0,0,0.0
44,F,100,ood,U,-3,minus,-2,plus,-3,32,32,0,0,0.0
44,F,100,ood,U,-2,minus,-1,minus,0,32,32,0,0,0.0
44,F,100,ood,U,-2,minus,-1,plus,-2,32,32,32,32,1.0
44,F,100,ood,U,-2,plus,-3,minus,-2,32,32,0,0,0.0
44,F,100,ood,U,-1,minus,0,minus,1,32,0,0,0,
44,F,100,ood,U,-1,minus,0,plus,-1,32,0,0,0,
44,F,100,ood,U,-1,plus,-2,minus,-1,32,32,0,0,0.0
44,F,100,ood,U,-1,plus,-2,plus,-3,32,32,0,0,0.0
44,F,100,ood,U,0,minus,1,minus,2,32,0,0,0,
44,F,100,ood,U,0,minus,1,plus,0,32,0,32,0,
44,F,100,ood,U,0,plus,-1,minus,0,32,0,4,0,
44,F,100,ood,U,0,plus,-1,plus,-2,32,0,0,0,
44,F,100,ood,U,1,minus,2,minus,3,32,32,0,0,0.0
44,F,100,ood,U,1,minus,2,plus,1,32,32,0,0,0.0
44,F,100,ood,U,1,plus,0,minus,1,32,0,0,0,
44,F,100,ood,U,1,plus,0,plus,-1,32,0,0,0,
44,F,100,ood,U,2,minus,3,plus,2,32,32,32,32,1.0
44,F,100,ood,U,2,plus,1,minus,2,32,0,0,0,
44,F,100,ood,U,2,plus,1,plus,0,32,0,10,0,
44,F,100,ood,U,3,plus,2,minus,3,32,32,0,0,0.0
44,F,100,ood,U,3,plus,2,plus,1,32,32,2,2,0.0625
44,F,100,iid,self,-3,minus,-2,minus,-1,32,32,32,32,1.0
44,F,100,iid,self,-3,minus,-2,plus,-3,32,32,0,0,0.0
44,F,100,iid,self,-2,minus,-1,minus,0,32,32,0,0,0.0
44,F,100,iid,self,-2,minus,-1,plus,-2,32,32,5,5,0.15625
44,F,100,iid,self,-2,plus,-3,minus,-2,32,32,31,31,0.96875
44,F,100,iid,self,-1,minus,0,minus,1,32,32,0,0,0.0
44,F,100,iid,self,-1,minus,0,plus,-1,32,32,0,0,0.0
44,F,100,iid,self,-1,plus,-2,minus,-1,32,32,31,31,0.96875
44,F,100,iid,self,-1,plus,-2,plus,-3,32,32,11,11,0.34375
44,F,100,iid,self,0,minus,1,minus,2,32,32,32,32,1.0
44,F,100,iid,self,0,minus,1,plus,0,32,32,0,0,0.0
44,F,100,iid,self,0,plus,-1,minus,0,32,32,23,23,0.71875
44,F,100,iid,self,0,plus,-1,plus,-2,32,32,8,8,0.25
44,F,100,iid,self,1,minus,2,minus,3,32,32,32,32,1.0
44,F,100,iid,self,1,minus,2,plus,1,32,32,8,8,0.25
44,F,100,iid,self,1,plus,0,minus,1,32,32,32,32,1.0
44,F,100,iid,self,1,plus,0,plus,-1,32,32,3,3,0.09375
44,F,100,iid,self,2,minus,3,plus,2,32,32,7,7,0.21875
44,F,100,iid,self,2,plus,1,minus,2,32,32,0,0,0.0
44,F,100,iid,self,2,plus,1,plus,0,32,32,14,14,0.4375
44,F,100,iid,self,3,plus,2,minus,3,32,32,0,0,0.0
44,F,100,iid,self,3,plus,2,plus,1,32,32,0,0,0.0
44,F,100,ood,self,-3,minus,-2,minus,-1,32,32,5,5,0.15625
44,F,100,ood,self,-3,minus,-2,plus,-3,32,32,0,0,0.0
44,F,100,ood,self,-2,minus,-1,minus,0,32,30,32,30,1.0
44,F,100,ood,self,-2,minus,-1,plus,-2,32,30,2,2,0.06666666666666667
44,F,100,ood,self,-2,plus,-3,minus,-2,32,32,32,32,1.0
44,F,100,ood,self,-1,minus,0,minus,1,32,15,0,0,0.0
44,F,100,ood,self,-1,minus,0,plus,-1,32,15,0,0,0.0
44,F,100,ood,self,-1,plus,-2,minus,-1,32,32,0,0,0.0
44,F,100,ood,self,-1,plus,-2,plus,-3,32,32,0,0,0.0
44,F,100,ood,self,0,minus,1,minus,2,32,0,4,0,
44,F,100,ood,self,0,minus,1,plus,0,32,0,0,0,
44,F,100,ood,self,0,plus,-1,minus,0,32,0,32,0,
44,F,100,ood,self,0,plus,-1,plus,-2,32,0,0,0,
44,F,100,ood,self,1,minus,2,minus,3,32,32,1,1,0.03125
44,F,100,ood,self,1,minus,2,plus,1,32,32,0,0,0.0
44,F,100,ood,self,1,plus,0,minus,1,32,0,0,0,
44,F,100,ood,self,1,plus,0,plus,-1,32,0,0,0,
44,F,100,ood,self,2,minus,3,plus,2,32,32,0,0,0.0
44,F,100,ood,self,2,plus,1,minus,2,32,5,2,0,0.0
44,F,100,ood,self,2,plus,1,plus,0,32,5,10,0,0.0
44,F,100,ood,self,3,plus,2,minus,3,32,32,0,0,0.0
44,F,100,ood,self,3,plus,2,plus,1,32,32,0,0,0.0
44,F,100,iid,gold_reencode,-3,minus,-2,minus,-1,32,32,32,32,1.0
44,F,100,iid,gold_reencode,-3,minus,-2,plus,-3,32,32,32,32,1.0
44,F,100,iid,gold_reencode,-2,minus,-1,minus,0,32,32,32,32,1.0
44,F,100,iid,gold_reencode,-2,minus,-1,plus,-2,32,32,32,32,1.0
44,F,100,iid,gold_reencode,-2,plus,-3,minus,-2,32,32,32,32,1.0
44,F,100,iid,gold_reencode,-1,minus,0,minus,1,32,32,32,32,1.0
44,F,100,iid,gold_reencode,-1,minus,0,plus,-1,32,32,32,32,1.0
44,F,100,iid,gold_reencode,-1,plus,-2,minus,-1,32,32,32,32,1.0
44,F,100,iid,gold_reencode,-1,plus,-2,plus,-3,32,32,32,32,1.0
44,F,100,iid,gold_reencode,0,minus,1,minus,2,32,32,32,32,1.0
44,F,100,iid,gold_reencode,0,minus,1,plus,0,32,32,32,32,1.0
44,F,100,iid,gold_reencode,0,plus,-1,minus,0,32,32,32,32,1.0
44,F,100,iid,gold_reencode,0,plus,-1,plus,-2,32,32,32,32,1.0
44,F,100,iid,gold_reencode,1,minus,2,minus,3,32,32,32,32,1.0
44,F,100,iid,gold_reencode,1,minus,2,plus,1,32,32,32,32,1.0
44,F,100,iid,gold_reencode,1,plus,0,minus,1,32,32,32,32,1.0
44,F,100,iid,gold_reencode,1,plus,0,plus,-1,32,32,32,32,1.0
44,F,100,iid,gold_reencode,2,minus,3,plus,2,32,32,32,32,1.0
44,F,100,iid,gold_reencode,2,plus,1,minus,2,32,32,32,32,1.0
44,F,100,iid,gold_reencode,2,plus,1,plus,0,32,32,32,32,1.0
44,F,100,iid,gold_reencode,3,plus,2,minus,3,32,32,32,32,1.0
44,F,100,iid,gold_reencode,3,plus,2,plus,1,32,32,32,32,1.0
44,F,100,ood,gold_reencode,-3,minus,-2,minus,-1,32,32,30,30,0.9375
44,F,100,ood,gold_reencode,-3,minus,-2,plus,-3,32,32,32,32,1.0
44,F,100,ood,gold_reencode,-2,minus,-1,minus,0,32,30,15,13,0.43333333333333335
44,F,100,ood,gold_reencode,-2,minus,-1,plus,-2,32,30,32,30,1.0
44,F,100,ood,gold_reencode,-2,plus,-3,minus,-2,32,32,32,32,1.0
44,F,100,ood,gold_reencode,-1,minus,0,minus,1,32,15,0,0,0.0
44,F,100,ood,gold_reencode,-1,minus,0,plus,-1,32,15,0,0,0.0
44,F,100,ood,gold_reencode,-1,plus,-2,minus,-1,32,32,30,30,0.9375
44,F,100,ood,gold_reencode,-1,plus,-2,plus,-3,32,32,32,32,1.0
44,F,100,ood,gold_reencode,0,minus,1,minus,2,32,0,32,0,
44,F,100,ood,gold_reencode,0,minus,1,plus,0,32,0,0,0,
44,F,100,ood,gold_reencode,0,plus,-1,minus,0,32,0,15,0,
44,F,100,ood,gold_reencode,0,plus,-1,plus,-2,32,0,32,0,
44,F,100,ood,gold_reencode,1,minus,2,minus,3,32,32,32,32,1.0
44,F,100,ood,gold_reencode,1,minus,2,plus,1,32,32,5,5,0.15625
44,F,100,ood,gold_reencode,1,plus,0,minus,1,32,0,0,0,
44,F,100,ood,gold_reencode,1,plus,0,plus,-1,32,0,0,0,
44,F,100,ood,gold_reencode,2,minus,3,plus,2,32,32,32,32,1.0
44,F,100,ood,gold_reencode,2,plus,1,minus,2,32,5,32,5,1.0
44,F,100,ood,gold_reencode,2,plus,1,plus,0,32,5,0,0,0.0
44,F,100,ood,gold_reencode,3,plus,2,minus,3,32,32,32,32,1.0
44,F,100,ood,gold_reencode,3,plus,2,plus,1,32,32,5,5,0.15625
44,F,100,iid,actual_reencode,-3,minus,-2,minus,-1,32,32,32,32,1.0
44,F,100,iid,actual_reencode,-3,minus,-2,plus,-3,32,32,32,32,1.0
44,F,100,iid,actual_reencode,-2,minus,-1,minus,0,32,32,32,32,1.0
44,F,100,iid,actual_reencode,-2,minus,-1,plus,-2,32,32,32,32,1.0
44,F,100,iid,actual_reencode,-2,plus,-3,minus,-2,32,32,32,32,1.0
44,F,100,iid,actual_reencode,-1,minus,0,minus,1,32,32,32,32,1.0
44,F,100,iid,actual_reencode,-1,minus,0,plus,-1,32,32,32,32,1.0
44,F,100,iid,actual_reencode,-1,plus,-2,minus,-1,32,32,32,32,1.0
44,F,100,iid,actual_reencode,-1,plus,-2,plus,-3,32,32,32,32,1.0
44,F,100,iid,actual_reencode,0,minus,1,minus,2,32,32,32,32,1.0
44,F,100,iid,actual_reencode,0,minus,1,plus,0,32,32,32,32,1.0
44,F,100,iid,actual_reencode,0,plus,-1,minus,0,32,32,32,32,1.0
44,F,100,iid,actual_reencode,0,plus,-1,plus,-2,32,32,32,32,1.0
44,F,100,iid,actual_reencode,1,minus,2,minus,3,32,32,32,32,1.0
44,F,100,iid,actual_reencode,1,minus,2,plus,1,32,32,32,32,1.0
44,F,100,iid,actual_reencode,1,plus,0,minus,1,32,32,32,32,1.0
44,F,100,iid,actual_reencode,1,plus,0,plus,-1,32,32,32,32,1.0
44,F,100,iid,actual_reencode,2,minus,3,plus,2,32,32,32,32,1.0
44,F,100,iid,actual_reencode,2,plus,1,minus,2,32,32,32,32,1.0
44,F,100,iid,actual_reencode,2,plus,1,plus,0,32,32,32,32,1.0
44,F,100,iid,actual_reencode,3,plus,2,minus,3,32,32,32,32,1.0
44,F,100,iid,actual_reencode,3,plus,2,plus,1,32,32,32,32,1.0
44,F,100,ood,actual_reencode,-3,minus,-2,minus,-1,32,32,30,30,0.9375
44,F,100,ood,actual_reencode,-3,minus,-2,plus,-3,32,32,32,32,1.0
44,F,100,ood,actual_reencode,-2,minus,-1,minus,0,32,30,29,29,0.9666666666666667
44,F,100,ood,actual_reencode,-2,minus,-1,plus,-2,32,30,30,30,1.0
44,F,100,ood,actual_reencode,-2,plus,-3,minus,-2,32,32,32,32,1.0
44,F,100,ood,actual_reencode,-1,minus,0,minus,1,32,15,15,15,1.0
44,F,100,ood,actual_reencode,-1,minus,0,plus,-1,32,15,15,15,1.0
44,F,100,ood,actual_reencode,-1,plus,-2,minus,-1,32,32,30,30,0.9375
44,F,100,ood,actual_reencode,-1,plus,-2,plus,-3,32,32,32,32,1.0
44,F,100,ood,actual_reencode,0,minus,1,minus,2,32,0,0,0,
44,F,100,ood,actual_reencode,0,minus,1,plus,0,32,0,0,0,
44,F,100,ood,actual_reencode,0,plus,-1,minus,0,32,0,0,0,
44,F,100,ood,actual_reencode,0,plus,-1,plus,-2,32,0,0,0,
44,F,100,ood,actual_reencode,1,minus,2,minus,3,32,32,32,32,1.0
44,F,100,ood,actual_reencode,1,minus,2,plus,1,32,32,5,5,0.15625
44,F,100,ood,actual_reencode,1,plus,0,minus,1,32,0,0,0,
44,F,100,ood,actual_reencode,1,plus,0,plus,-1,32,0,0,0,
44,F,100,ood,actual_reencode,2,minus,3,plus,2,32,32,32,32,1.0
44,F,100,ood,actual_reencode,2,plus,1,minus,2,32,5,32,5,1.0
44,F,100,ood,actual_reencode,2,plus,1,plus,0,32,5,5,5,1.0
44,F,100,ood,actual_reencode,3,plus,2,minus,3,32,32,32,32,1.0
44,F,100,ood,actual_reencode,3,plus,2,plus,1,32,32,5,5,0.15625
44,F,200,iid,fixed_T0,-3,minus,-2,minus,-1,32,32,32,32,1.0
44,F,200,iid,fixed_T0,-3,minus,-2,plus,-3,32,32,32,32,1.0
44,F,200,iid,fixed_T0,-2,minus,-1,minus,0,32,32,32,32,1.0
44,F,200,iid,fixed_T0,-2,minus,-1,plus,-2,32,32,32,32,1.0
44,F,200,iid,fixed_T0,-2,plus,-3,minus,-2,32,32,32,32,1.0
44,F,200,iid,fixed_T0,-1,minus,0,minus,1,32,32,32,32,1.0
44,F,200,iid,fixed_T0,-1,minus,0,plus,-1,32,32,32,32,1.0
44,F,200,iid,fixed_T0,-1,plus,-2,minus,-1,32,32,32,32,1.0
44,F,200,iid,fixed_T0,-1,plus,-2,plus,-3,32,32,32,32,1.0
44,F,200,iid,fixed_T0,0,minus,1,minus,2,32,32,32,32,1.0
44,F,200,iid,fixed_T0,0,minus,1,plus,0,32,32,32,32,1.0
44,F,200,iid,fixed_T0,0,plus,-1,minus,0,32,32,32,32,1.0
44,F,200,iid,fixed_T0,0,plus,-1,plus,-2,32,32,32,32,1.0
44,F,200,iid,fixed_T0,1,minus,2,minus,3,32,32,32,32,1.0
44,F,200,iid,fixed_T0,1,minus,2,plus,1,32,32,32,32,1.0
44,F,200,iid,fixed_T0,1,plus,0,minus,1,32,32,32,32,1.0
44,F,200,iid,fixed_T0,1,plus,0,plus,-1,32,32,32,32,1.0
44,F,200,iid,fixed_T0,2,minus,3,plus,2,32,32,32,32,1.0
44,F,200,iid,fixed_T0,2,plus,1,minus,2,32,32,32,32,1.0
44,F,200,iid,fixed_T0,2,plus,1,plus,0,32,32,32,32,1.0
44,F,200,iid,fixed_T0,3,plus,2,minus,3,32,32,32,32,1.0
44,F,200,iid,fixed_T0,3,plus,2,plus,1,32,32,32,32,1.0
44,F,200,ood,fixed_T0,-3,minus,-2,minus,-1,32,32,0,0,0.0
44,F,200,ood,fixed_T0,-3,minus,-2,plus,-3,32,32,32,32,1.0
44,F,200,ood,fixed_T0,-2,minus,-1,minus,0,32,32,0,0,0.0
44,F,200,ood,fixed_T0,-2,minus,-1,plus,-2,32,32,32,32,1.0
44,F,200,ood,fixed_T0,-2,plus,-3,minus,-2,32,32,32,32,1.0
44,F,200,ood,fixed_T0,-1,minus,0,minus,1,32,0,0,0,
44,F,200,ood,fixed_T0,-1,minus,0,plus,-1,32,0,32,0,
44,F,200,ood,fixed_T0,-1,plus,-2,minus,-1,32,32,26,26,0.8125
44,F,200,ood,fixed_T0,-1,plus,-2,plus,-3,32,32,0,0,0.0
44,F,200,ood,fixed_T0,0,minus,1,minus,2,32,0,32,0,
44,F,200,ood,fixed_T0,0,minus,1,plus,0,32,0,32,0,
44,F,200,ood,fixed_T0,0,plus,-1,minus,0,32,0,32,0,
44,F,200,ood,fixed_T0,0,plus,-1,plus,-2,32,0,0,0,
44,F,200,ood,fixed_T0,1,minus,2,minus,3,32,32,13,13,0.40625
44,F,200,ood,fixed_T0,1,minus,2,plus,1,32,32,32,32,1.0
44,F,200,ood,fixed_T0,1,plus,0,minus,1,32,0,23,0,
44,F,200,ood,fixed_T0,1,plus,0,plus,-1,32,0,11,0,
44,F,200,ood,fixed_T0,2,minus,3,plus,2,32,32,32,32,1.0
44,F,200,ood,fixed_T0,2,plus,1,minus,2,32,9,32,9,1.0
44,F,200,ood,fixed_T0,2,plus,1,plus,0,32,9,32,9,1.0
44,F,200,ood,fixed_T0,3,plus,2,minus,3,32,32,32,32,1.0
44,F,200,ood,fixed_T0,3,plus,2,plus,1,32,32,24,24,0.75
44,F,200,iid,U,-3,minus,-2,minus,-1,32,32,32,32,1.0
44,F,200,iid,U,-3,minus,-2,plus,-3,32,32,32,32,1.0
44,F,200,iid,U,-2,minus,-1,minus,0,32,32,0,0,0.0
44,F,200,iid,U,-2,minus,-1,plus,-2,32,32,32,32,1.0
44,F,200,iid,U,-2,plus,-3,minus,-2,32,32,32,32,1.0
44,F,200,iid,U,-1,minus,0,minus,1,32,32,32,32,1.0
44,F,200,iid,U,-1,minus,0,plus,-1,32,32,32,32,1.0
44,F,200,iid,U,-1,plus,-2,minus,-1,32,32,32,32,1.0
44,F,200,iid,U,-1,plus,-2,plus,-3,32,32,32,32,1.0
44,F,200,iid,U,0,minus,1,minus,2,32,32,18,18,0.5625
44,F,200,iid,U,0,minus,1,plus,0,32,32,28,28,0.875
44,F,200,iid,U,0,plus,-1,minus,0,32,32,0,0,0.0
44,F,200,iid,U,0,plus,-1,plus,-2,32,32,30,30,0.9375
44,F,200,iid,U,1,minus,2,minus,3,32,32,32,32,1.0
44,F,200,iid,U,1,minus,2,plus,1,32,32,32,32,1.0
44,F,200,iid,U,1,plus,0,minus,1,32,32,32,32,1.0
44,F,200,iid,U,1,plus,0,plus,-1,32,32,30,30,0.9375
44,F,200,iid,U,2,minus,3,plus,2,32,32,32,32,1.0
44,F,200,iid,U,2,plus,1,minus,2,32,32,6,6,0.1875
44,F,200,iid,U,2,plus,1,plus,0,32,32,0,0,0.0
44,F,200,iid,U,3,plus,2,minus,3,32,32,0,0,0.0
44,F,200,iid,U,3,plus,2,plus,1,32,32,32,32,1.0
44,F,200,ood,U,-3,minus,-2,minus,-1,32,32,0,0,0.0
44,F,200,ood,U,-3,minus,-2,plus,-3,32,32,2,2,0.0625
44,F,200,ood,U,-2,minus,-1,minus,0,32,32,0,0,0.0
44,F,200,ood,U,-2,minus,-1,plus,-2,32,32,32,32,1.0
44,F,200,ood,U,-2,plus,-3,minus,-2,32,32,0,0,0.0
44,F,200,ood,U,-1,minus,0,minus,1,32,0,0,0,
44,F,200,ood,U,-1,minus,0,plus,-1,32,0,24,0,
44,F,200,ood,U,-1,plus,-2,minus,-1,32,32,0,0,0.0
44,F,200,ood,U,-1,plus,-2,plus,-3,32,32,0,0,0.0
44,F,200,ood,U,0,minus,1,minus,2,32,0,15,0,
44,F,200,ood,U,0,minus,1,plus,0,32,0,32,0,
44,F,200,ood,U,0,plus,-1,minus,0,32,0,0,0,
44,F,200,ood,U,0,plus,-1,plus,-2,32,0,0,0,
44,F,200,ood,U,1,minus,2,minus,3,32,32,0,0,0.0
44,F,200,ood,U,1,minus,2,plus,1,32,32,0,0,0.0
44,F,200,ood,U,1,plus,0,minus,1,32,0,0,0,
44,F,200,ood,U,1,plus,0,plus,-1,32,0,0,0,
44,F,200,ood,U,2,minus,3,plus,2,32,32,28,28,0.875
44,F,200,ood,U,2,plus,1,minus,2,32,0,0,0,
44,F,200,ood,U,2,plus,1,plus,0,32,0,30,0,
44,F,200,ood,U,3,plus,2,minus,3,32,32,0,0,0.0
44,F,200,ood,U,3,plus,2,plus,1,32,32,0,0,0.0
44,F,200,iid,self,-3,minus,-2,minus,-1,32,32,27,27,0.84375
44,F,200,iid,self,-3,minus,-2,plus,-3,32,32,0,0,0.0
44,F,200,iid,self,-2,minus,-1,minus,0,32,32,0,0,0.0
44,F,200,iid,self,-2,minus,-1,plus,-2,32,32,30,30,0.9375
44,F,200,iid,self,-2,plus,-3,minus,-2,32,32,32,32,1.0
44,F,200,iid,self,-1,minus,0,minus,1,32,32,32,32,1.0
44,F,200,iid,self,-1,minus,0,plus,-1,32,32,0,0,0.0
44,F,200,iid,self,-1,plus,-2,minus,-1,32,32,32,32,1.0
44,F,200,iid,self,-1,plus,-2,plus,-3,32,32,26,26,0.8125
44,F,200,iid,self,0,minus,1,minus,2,32,32,32,32,1.0
44,F,200,iid,self,0,minus,1,plus,0,32,32,0,0,0.0
44,F,200,iid,self,0,plus,-1,minus,0,32,32,0,0,0.0
44,F,200,iid,self,0,plus,-1,plus,-2,32,32,0,0,0.0
44,F,200,iid,self,1,minus,2,minus,3,32,32,32,32,1.0
44,F,200,iid,self,1,minus,2,plus,1,32,32,30,30,0.9375
44,F,200,iid,self,1,plus,0,minus,1,32,32,32,32,1.0
44,F,200,iid,self,1,plus,0,plus,-1,32,32,13,13,0.40625
44,F,200,iid,self,2,minus,3,plus,2,32,32,32,32,1.0
44,F,200,iid,self,2,plus,1,minus,2,32,32,14,14,0.4375
44,F,200,iid,self,2,plus,1,plus,0,32,32,27,27,0.84375
44,F,200,iid,self,3,plus,2,minus,3,32,32,29,29,0.90625
44,F,200,iid,self,3,plus,2,plus,1,32,32,28,28,0.875
44,F,200,ood,self,-3,minus,-2,minus,-1,32,32,0,0,0.0
44,F,200,ood,self,-3,minus,-2,plus,-3,32,32,0,0,0.0
44,F,200,ood,self,-2,minus,-1,minus,0,32,32,32,32,1.0
44,F,200,ood,self,-2,minus,-1,plus,-2,32,32,26,26,0.8125
44,F,200,ood,self,-2,plus,-3,minus,-2,32,32,32,32,1.0
44,F,200,ood,self,-1,minus,0,minus,1,32,16,0,0,0.0
44,F,200,ood,self,-1,minus,0,plus,-1,32,16,0,0,0.0
44,F,200,ood,self,-1,plus,-2,minus,-1,32,32,0,0,0.0
44,F,200,ood,self,-1,plus,-2,plus,-3,32,32,0,0,0.0
44,F,200,ood,self,0,minus,1,minus,2,32,0,29,0,
44,F,200,ood,self,0,minus,1,plus,0,32,0,0,0,
44,F,200,ood,self,0,plus,-1,minus,0,32,0,16,0,
44,F,200,ood,self,0,plus,-1,plus,-2,32,0,0,0,
44,F,200,ood,self,1,minus,2,minus,3,32,32,7,7,0.21875
44,F,200,ood,self,1,minus,2,plus,1,32,32,0,0,0.0
44,F,200,ood,self,1,plus,0,minus,1,32,0,1,0,
44,F,200,ood,self,1,plus,0,plus,-1,32,0,0,0,
44,F,200,ood,self,2,minus,3,plus,2,32,32,24,24,0.75
44,F,200,ood,self,2,plus,1,minus,2,32,27,0,0,0.0
44,F,200,ood,self,2,plus,1,plus,0,32,27,0,0,0.0
44,F,200,ood,self,3,plus,2,minus,3,32,32,30,30,0.9375
44,F,200,ood,self,3,plus,2,plus,1,32,32,1,1,0.03125
44,F,200,iid,gold_reencode,-3,minus,-2,minus,-1,32,32,32,32,1.0
44,F,200,iid,gold_reencode,-3,minus,-2,plus,-3,32,32,32,32,1.0
44,F,200,iid,gold_reencode,-2,minus,-1,minus,0,32,32,32,32,1.0
44,F,200,iid,gold_reencode,-2,minus,-1,plus,-2,32,32,32,32,1.0
44,F,200,iid,gold_reencode,-2,plus,-3,minus,-2,32,32,32,32,1.0
44,F,200,iid,gold_reencode,-1,minus,0,minus,1,32,32,32,32,1.0
44,F,200,iid,gold_reencode,-1,minus,0,plus,-1,32,32,32,32,1.0
44,F,200,iid,gold_reencode,-1,plus,-2,minus,-1,32,32,32,32,1.0
44,F,200,iid,gold_reencode,-1,plus,-2,plus,-3,32,32,32,32,1.0
44,F,200,iid,gold_reencode,0,minus,1,minus,2,32,32,32,32,1.0
44,F,200,iid,gold_reencode,0,minus,1,plus,0,32,32,32,32,1.0
44,F,200,iid,gold_reencode,0,plus,-1,minus,0,32,32,32,32,1.0
44,F,200,iid,gold_reencode,0,plus,-1,plus,-2,32,32,32,32,1.0
44,F,200,iid,gold_reencode,1,minus,2,minus,3,32,32,32,32,1.0
44,F,200,iid,gold_reencode,1,minus,2,plus,1,32,32,32,32,1.0
44,F,200,iid,gold_reencode,1,plus,0,minus,1,32,32,32,32,1.0
44,F,200,iid,gold_reencode,1,plus,0,plus,-1,32,32,32,32,1.0
44,F,200,iid,gold_reencode,2,minus,3,plus,2,32,32,32,32,1.0
44,F,200,iid,gold_reencode,2,plus,1,minus,2,32,32,32,32,1.0
44,F,200,iid,gold_reencode,2,plus,1,plus,0,32,32,32,32,1.0
44,F,200,iid,gold_reencode,3,plus,2,minus,3,32,32,32,32,1.0
44,F,200,iid,gold_reencode,3,plus,2,plus,1,32,32,32,32,1.0
44,F,200,ood,gold_reencode,-3,minus,-2,minus,-1,32,32,32,32,1.0
44,F,200,ood,gold_reencode,-3,minus,-2,plus,-3,32,32,32,32,1.0
44,F,200,ood,gold_reencode,-2,minus,-1,minus,0,32,32,16,16,0.5
44,F,200,ood,gold_reencode,-2,minus,-1,plus,-2,32,32,32,32,1.0
44,F,200,ood,gold_reencode,-2,plus,-3,minus,-2,32,32,32,32,1.0
44,F,200,ood,gold_reencode,-1,minus,0,minus,1,32,16,0,0,0.0
44,F,200,ood,gold_reencode,-1,minus,0,plus,-1,32,16,0,0,0.0
44,F,200,ood,gold_reencode,-1,plus,-2,minus,-1,32,32,32,32,1.0
44,F,200,ood,gold_reencode,-1,plus,-2,plus,-3,32,32,32,32,1.0
44,F,200,ood,gold_reencode,0,minus,1,minus,2,32,0,32,0,
44,F,200,ood,gold_reencode,0,minus,1,plus,0,32,0,0,0,
44,F,200,ood,gold_reencode,0,plus,-1,minus,0,32,0,16,0,
44,F,200,ood,gold_reencode,0,plus,-1,plus,-2,32,0,32,0,
44,F,200,ood,gold_reencode,1,minus,2,minus,3,32,32,32,32,1.0
44,F,200,ood,gold_reencode,1,minus,2,plus,1,32,32,27,27,0.84375
44,F,200,ood,gold_reencode,1,plus,0,minus,1,32,0,0,0,
44,F,200,ood,gold_reencode,1,plus,0,plus,-1,32,0,0,0,
44,F,200,ood,gold_reencode,2,minus,3,plus,2,32,32,32,32,1.0
44,F,200,ood,gold_reencode,2,plus,1,minus,2,32,27,32,27,1.0
44,F,200,ood,gold_reencode,2,plus,1,plus,0,32,27,0,0,0.0
44,F,200,ood,gold_reencode,3,plus,2,minus,3,32,32,32,32,1.0
44,F,200,ood,gold_reencode,3,plus,2,plus,1,32,32,27,27,0.84375
44,F,200,iid,actual_reencode,-3,minus,-2,minus,-1,32,32,32,32,1.0
44,F,200,iid,actual_reencode,-3,minus,-2,plus,-3,32,32,32,32,1.0
44,F,200,iid,actual_reencode,-2,minus,-1,minus,0,32,32,32,32,1.0
44,F,200,iid,actual_reencode,-2,minus,-1,plus,-2,32,32,32,32,1.0
44,F,200,iid,actual_reencode,-2,plus,-3,minus,-2,32,32,32,32,1.0
44,F,200,iid,actual_reencode,-1,minus,0,minus,1,32,32,32,32,1.0
44,F,200,iid,actual_reencode,-1,minus,0,plus,-1,32,32,32,32,1.0
44,F,200,iid,actual_reencode,-1,plus,-2,minus,-1,32,32,32,32,1.0
44,F,200,iid,actual_reencode,-1,plus,-2,plus,-3,32,32,32,32,1.0
44,F,200,iid,actual_reencode,0,minus,1,minus,2,32,32,32,32,1.0
44,F,200,iid,actual_reencode,0,minus,1,plus,0,32,32,32,32,1.0
44,F,200,iid,actual_reencode,0,plus,-1,minus,0,32,32,32,32,1.0
44,F,200,iid,actual_reencode,0,plus,-1,plus,-2,32,32,32,32,1.0
44,F,200,iid,actual_reencode,1,minus,2,minus,3,32,32,32,32,1.0
44,F,200,iid,actual_reencode,1,minus,2,plus,1,32,32,32,32,1.0
44,F,200,iid,actual_reencode,1,plus,0,minus,1,32,32,32,32,1.0
44,F,200,iid,actual_reencode,1,plus,0,plus,-1,32,32,32,32,1.0
44,F,200,iid,actual_reencode,2,minus,3,plus,2,32,32,32,32,1.0
44,F,200,iid,actual_reencode,2,plus,1,minus,2,32,32,32,32,1.0
44,F,200,iid,actual_reencode,2,plus,1,plus,0,32,32,32,32,1.0
44,F,200,iid,actual_reencode,3,plus,2,minus,3,32,32,32,32,1.0
44,F,200,iid,actual_reencode,3,plus,2,plus,1,32,32,32,32,1.0
44,F,200,ood,actual_reencode,-3,minus,-2,minus,-1,32,32,32,32,1.0
44,F,200,ood,actual_reencode,-3,minus,-2,plus,-3,32,32,32,32,1.0
44,F,200,ood,actual_reencode,-2,minus,-1,minus,0,32,32,32,32,1.0
44,F,200,ood,actual_reencode,-2,minus,-1,plus,-2,32,32,32,32,1.0
44,F,200,ood,actual_reencode,-2,plus,-3,minus,-2,32,32,32,32,1.0
44,F,200,ood,actual_reencode,-1,minus,0,minus,1,32,16,16,16,1.0
44,F,200,ood,actual_reencode,-1,minus,0,plus,-1,32,16,16,16,1.0
44,F,200,ood,actual_reencode,-1,plus,-2,minus,-1,32,32,32,32,1.0
44,F,200,ood,actual_reencode,-1,plus,-2,plus,-3,32,32,32,32,1.0
44,F,200,ood,actual_reencode,0,minus,1,minus,2,32,0,0,0,
44,F,200,ood,actual_reencode,0,minus,1,plus,0,32,0,0,0,
44,F,200,ood,actual_reencode,0,plus,-1,minus,0,32,0,2,0,
44,F,200,ood,actual_reencode,0,plus,-1,plus,-2,32,0,0,0,
44,F,200,ood,actual_reencode,1,minus,2,minus,3,32,32,32,32,1.0
44,F,200,ood,actual_reencode,1,minus,2,plus,1,32,32,27,27,0.84375
44,F,200,ood,actual_reencode,1,plus,0,minus,1,32,0,0,0,
44,F,200,ood,actual_reencode,1,plus,0,plus,-1,32,0,0,0,
44,F,200,ood,actual_reencode,2,minus,3,plus,2,32,32,32,32,1.0
44,F,200,ood,actual_reencode,2,plus,1,minus,2,32,27,32,27,1.0
44,F,200,ood,actual_reencode,2,plus,1,plus,0,32,27,27,27,1.0
44,F,200,ood,actual_reencode,3,plus,2,minus,3,32,32,32,32,1.0
44,F,200,ood,actual_reencode,3,plus,2,plus,1,32,32,27,27,0.84375
44,R,100,iid,fixed_T0,-3,minus,-2,minus,-1,32,32,0,0,0.0
44,R,100,iid,fixed_T0,-3,minus,-2,plus,-3,32,32,0,0,0.0
44,R,100,iid,fixed_T0,-2,minus,-1,minus,0,32,32,0,0,0.0
44,R,100,iid,fixed_T0,-2,minus,-1,plus,-2,32,32,32,32,1.0
44,R,100,iid,fixed_T0,-2,plus,-3,minus,-2,32,32,32,32,1.0
44,R,100,iid,fixed_T0,-1,minus,0,minus,1,32,32,0,0,0.0
44,R,100,iid,fixed_T0,-1,minus,0,plus,-1,32,32,1,1,0.03125
44,R,100,iid,fixed_T0,-1,plus,-2,minus,-1,32,32,32,32,1.0
44,R,100,iid,fixed_T0,-1,plus,-2,plus,-3,32,32,0,0,0.0
44,R,100,iid,fixed_T0,0,minus,1,minus,2,32,32,0,0,0.0
44,R,100,iid,fixed_T0,0,minus,1,plus,0,32,32,0,0,0.0
44,R,100,iid,fixed_T0,0,plus,-1,minus,0,32,32,30,30,0.9375
44,R,100,iid,fixed_T0,0,plus,-1,plus,-2,32,32,32,32,1.0
44,R,100,iid,fixed_T0,1,minus,2,minus,3,32,32,0,0,0.0
44,R,100,iid,fixed_T0,1,minus,2,plus,1,32,32,28,28,0.875
44,R,100,iid,fixed_T0,1,plus,0,minus,1,32,32,32,32,1.0
44,R,100,iid,fixed_T0,1,plus,0,plus,-1,32,32,17,17,0.53125
44,R,100,iid,fixed_T0,2,minus,3,plus,2,32,32,32,32,1.0
44,R,100,iid,fixed_T0,2,plus,1,minus,2,32,32,32,32,1.0
44,R,100,iid,fixed_T0,2,plus,1,plus,0,32,32,0,0,0.0
44,R,100,iid,fixed_T0,3,plus,2,minus,3,32,32,29,29,0.90625
44,R,100,iid,fixed_T0,3,plus,2,plus,1,32,32,1,1,0.03125
44,R,100,ood,fixed_T0,-3,minus,-2,minus,-1,32,32,0,0,0.0
44,R,100,ood,fixed_T0,-3,minus,-2,plus,-3,32,32,0,0,0.0
44,R,100,ood,fixed_T0,-2,minus,-1,minus,0,32,32,0,0,0.0
44,R,100,ood,fixed_T0,-2,minus,-1,plus,-2,32,32,32,32,1.0
44,R,100,ood,fixed_T0,-2,plus,-3,minus,-2,32,32,32,32,1.0
44,R,100,ood,fixed_T0,-1,minus,0,minus,1,32,0,0,0,
44,R,100,ood,fixed_T0,-1,minus,0,plus,-1,32,0,0,0,
44,R,100,ood,fixed_T0,-1,plus,-2,minus,-1,32,32,0,0,0.0
44,R,100,ood,fixed_T0,-1,plus,-2,plus,-3,32,32,0,0,0.0
44,R,100,ood,fixed_T0,0,minus,1,minus,2,32,0,0,0,
44,R,100,ood,fixed_T0,0,minus,1,plus,0,32,0,32,0,
44,R,100,ood,fixed_T0,0,plus,-1,minus,0,32,0,32,0,
44,R,100,ood,fixed_T0,0,plus,-1,plus,-2,32,0,0,0,
44,R,100,ood,fixed_T0,1,minus,2,minus,3,32,32,0,0,0.0
44,R,100,ood,fixed_T0,1,minus,2,plus,1,32,32,0,0,0.0
44,R,100,ood,fixed_T0,1,plus,0,minus,1,32,0,0,0,
44,R,100,ood,fixed_T0,1,plus,0,plus,-1,32,0,0,0,
44,R,100,ood,fixed_T0,2,minus,3,plus,2,32,32,0,0,0.0
44,R,100,ood,fixed_T0,2,plus,1,minus,2,32,9,21,0,0.0
44,R,100,ood,fixed_T0,2,plus,1,plus,0,32,9,0,0,0.0
44,R,100,ood,fixed_T0,3,plus,2,minus,3,32,32,30,30,0.9375
44,R,100,ood,fixed_T0,3,plus,2,plus,1,32,32,0,0,0.0
44,R,100,iid,U,-3,minus,-2,minus,-1,32,32,0,0,0.0
44,R,100,iid,U,-3,minus,-2,plus,-3,32,32,0,0,0.0
44,R,100,iid,U,-2,minus,-1,minus,0,32,32,0,0,0.0
44,R,100,iid,U,-2,minus,-1,plus,-2,32,32,0,0,0.0
44,R,100,iid,U,-2,plus,-3,minus,-2,32,32,32,32,1.0
44,R,100,iid,U,-1,minus,0,minus,1,32,32,0,0,0.0
44,R,100,iid,U,-1,minus,0,plus,-1,32,32,12,12,0.375
44,R,100,iid,U,-1,plus,-2,minus,-1,32,32,0,0,0.0
44,R,100,iid,U,-1,plus,-2,plus,-3,32,32,0,0,0.0
44,R,100,iid,U,0,minus,1,minus,2,32,32,0,0,0.0
44,R,100,iid,U,0,minus,1,plus,0,32,32,0,0,0.0
44,R,100,iid,U,0,plus,-1,minus,0,32,32,0,0,0.0
44,R,100,iid,U,0,plus,-1,plus,-2,32,32,32,32,1.0
44,R,100,iid,U,1,minus,2,minus,3,32,32,0,0,0.0
44,R,100,iid,U,1,minus,2,plus,1,32,32,32,32,1.0
44,R,100,iid,U,1,plus,0,minus,1,32,32,32,32,1.0
44,R,100,iid,U,1,plus,0,plus,-1,32,32,3,3,0.09375
44,R,100,iid,U,2,minus,3,plus,2,32,32,0,0,0.0
44,R,100,iid,U,2,plus,1,minus,2,32,32,32,32,1.0
44,R,100,iid,U,2,plus,1,plus,0,32,32,0,0,0.0
44,R,100,iid,U,3,plus,2,minus,3,32,32,0,0,0.0
44,R,100,iid,U,3,plus,2,plus,1,32,32,31,31,0.96875
44,R,100,ood,U,-3,minus,-2,minus,-1,32,32,0,0,0.0
44,R,100,ood,U,-3,minus,-2,plus,-3,32,32,0,0,0.0
44,R,100,ood,U,-2,minus,-1,minus,0,32,32,0,0,0.0
44,R,100,ood,U,-2,minus,-1,plus,-2,32,32,0,0,0.0
44,R,100,ood,U,-2,plus,-3,minus,-2,32,32,32,32,1.0
44,R,100,ood,U,-1,minus,0,minus,1,32,0,0,0,
44,R,100,ood,U,-1,minus,0,plus,-1,32,0,0,0,
44,R,100,ood,U,-1,plus,-2,minus,-1,32,32,0,0,0.0
44,R,100,ood,U,-1,plus,-2,plus,-3,32,32,0,0,0.0
44,R,100,ood,U,0,minus,1,minus,2,32,0,0,0,
44,R,100,ood,U,0,minus,1,plus,0,32,0,32,0,
44,R,100,ood,U,0,plus,-1,minus,0,32,0,0,0,
44,R,100,ood,U,0,plus,-1,plus,-2,32,0,0,0,
44,R,100,ood,U,1,minus,2,minus,3,32,32,0,0,0.0
44,R,100,ood,U,1,minus,2,plus,1,32,32,0,0,0.0
44,R,100,ood,U,1,plus,0,minus,1,32,0,0,0,
44,R,100,ood,U,1,plus,0,plus,-1,32,0,0,0,
44,R,100,ood,U,2,minus,3,plus,2,32,32,0,0,0.0
44,R,100,ood,U,2,plus,1,minus,2,32,0,32,0,
44,R,100,ood,U,2,plus,1,plus,0,32,0,0,0,
44,R,100,ood,U,3,plus,2,minus,3,32,32,0,0,0.0
44,R,100,ood,U,3,plus,2,plus,1,32,32,0,0,0.0
44,R,100,iid,self,-3,minus,-2,minus,-1,32,32,2,2,0.0625
44,R,100,iid,self,-3,minus,-2,plus,-3,32,32,32,32,1.0
44,R,100,iid,self,-2,minus,-1,minus,0,32,32,32,32,1.0
44,R,100,iid,self,-2,minus,-1,plus,-2,32,32,32,32,1.0
44,R,100,iid,self,-2,plus,-3,minus,-2,32,32,32,32,1.0
44,R,100,iid,self,-1,minus,0,minus,1,32,32,32,32,1.0
44,R,100,iid,self,-1,minus,0,plus,-1,32,32,32,32,1.0
44,R,100,iid,self,-1,plus,-2,minus,-1,32,32,32,32,1.0
44,R,100,iid,self,-1,plus,-2,plus,-3,32,32,0,0,0.0
44,R,100,iid,self,0,minus,1,minus,2,32,32,32,32,1.0
44,R,100,iid,self,0,minus,1,plus,0,32,32,32,32,1.0
44,R,100,iid,self,0,plus,-1,minus,0,32,32,32,32,1.0
44,R,100,iid,self,0,plus,-1,plus,-2,32,32,0,0,0.0
44,R,100,iid,self,1,minus,2,minus,3,32,32,26,26,0.8125
44,R,100,iid,self,1,minus,2,plus,1,32,32,32,32,1.0
44,R,100,iid,self,1,plus,0,minus,1,32,32,32,32,1.0
44,R,100,iid,self,1,plus,0,plus,-1,32,32,30,30,0.9375
44,R,100,iid,self,2,minus,3,plus,2,32,32,32,32,1.0
44,R,100,iid,self,2,plus,1,minus,2,32,32,32,32,1.0
44,R,100,iid,self,2,plus,1,plus,0,32,32,32,32,1.0
44,R,100,iid,self,3,plus,2,minus,3,32,32,32,32,1.0
44,R,100,iid,self,3,plus,2,plus,1,32,32,0,0,0.0
44,R,100,ood,self,-3,minus,-2,minus,-1,32,32,0,0,0.0
44,R,100,ood,self,-3,minus,-2,plus,-3,32,32,32,32,1.0
44,R,100,ood,self,-2,minus,-1,minus,0,32,29,0,0,0.0
44,R,100,ood,self,-2,minus,-1,plus,-2,32,29,32,29,1.0
44,R,100,ood,self,-2,plus,-3,minus,-2,32,32,32,32,1.0
44,R,100,ood,self,-1,minus,0,minus,1,32,0,0,0,
44,R,100,ood,self,-1,minus,0,plus,-1,32,0,32,0,
44,R,100,ood,self,-1,plus,-2,minus,-1,32,32,0,0,0.0
44,R,100,ood,self,-1,plus,-2,plus,-3,32,32,0,0,0.0
44,R,100,ood,self,0,minus,1,minus,2,32,0,0,0,
44,R,100,ood,self,0,minus,1,plus,0,32,0,32,0,
44,R,100,ood,self,0,plus,-1,minus,0,32,0,32,0,
44,R,100,ood,self,0,plus,-1,plus,-2,32,0,0,0,
44,R,100,ood,self,1,minus,2,minus,3,32,32,0,0,0.0
44,R,100,ood,self,1,minus,2,plus,1,32,32,32,32,1.0
44,R,100,ood,self,1,plus,0,minus,1,32,0,0,0,
44,R,100,ood,self,1,plus,0,plus,-1,32,0,0,0,
44,R,100,ood,self,2,minus,3,plus,2,32,32,32,32,1.0
44,R,100,ood,self,2,plus,1,minus,2,32,27,32,27,1.0
44,R,100,ood,self,2,plus,1,plus,0,32,27,0,0,0.0
44,R,100,ood,self,3,plus,2,minus,3,32,32,32,32,1.0
44,R,100,ood,self,3,plus,2,plus,1,32,32,0,0,0.0
44,R,100,iid,gold_reencode,-3,minus,-2,minus,-1,32,32,32,32,1.0
44,R,100,iid,gold_reencode,-3,minus,-2,plus,-3,32,32,32,32,1.0
44,R,100,iid,gold_reencode,-2,minus,-1,minus,0,32,32,32,32,1.0
44,R,100,iid,gold_reencode,-2,minus,-1,plus,-2,32,32,32,32,1.0
44,R,100,iid,gold_reencode,-2,plus,-3,minus,-2,32,32,32,32,1.0
44,R,100,iid,gold_reencode,-1,minus,0,minus,1,32,32,32,32,1.0
44,R,100,iid,gold_reencode,-1,minus,0,plus,-1,32,32,32,32,1.0
44,R,100,iid,gold_reencode,-1,plus,-2,minus,-1,32,32,32,32,1.0
44,R,100,iid,gold_reencode,-1,plus,-2,plus,-3,32,32,32,32,1.0
44,R,100,iid,gold_reencode,0,minus,1,minus,2,32,32,32,32,1.0
44,R,100,iid,gold_reencode,0,minus,1,plus,0,32,32,32,32,1.0
44,R,100,iid,gold_reencode,0,plus,-1,minus,0,32,32,32,32,1.0
44,R,100,iid,gold_reencode,0,plus,-1,plus,-2,32,32,32,32,1.0
44,R,100,iid,gold_reencode,1,minus,2,minus,3,32,32,32,32,1.0
44,R,100,iid,gold_reencode,1,minus,2,plus,1,32,32,32,32,1.0
44,R,100,iid,gold_reencode,1,plus,0,minus,1,32,32,32,32,1.0
44,R,100,iid,gold_reencode,1,plus,0,plus,-1,32,32,32,32,1.0
44,R,100,iid,gold_reencode,2,minus,3,plus,2,32,32,32,32,1.0
44,R,100,iid,gold_reencode,2,plus,1,minus,2,32,32,32,32,1.0
44,R,100,iid,gold_reencode,2,plus,1,plus,0,32,32,32,32,1.0
44,R,100,iid,gold_reencode,3,plus,2,minus,3,32,32,32,32,1.0
44,R,100,iid,gold_reencode,3,plus,2,plus,1,32,32,32,32,1.0
44,R,100,ood,gold_reencode,-3,minus,-2,minus,-1,32,32,29,29,0.90625
44,R,100,ood,gold_reencode,-3,minus,-2,plus,-3,32,32,32,32,1.0
44,R,100,ood,gold_reencode,-2,minus,-1,minus,0,32,29,0,0,0.0
44,R,100,ood,gold_reencode,-2,minus,-1,plus,-2,32,29,32,29,1.0
44,R,100,ood,gold_reencode,-2,plus,-3,minus,-2,32,32,32,32,1.0
44,R,100,ood,gold_reencode,-1,minus,0,minus,1,32,0,0,0,
44,R,100,ood,gold_reencode,-1,minus,0,plus,-1,32,0,0,0,
44,R,100,ood,gold_reencode,-1,plus,-2,minus,-1,32,32,29,29,0.90625
44,R,100,ood,gold_reencode,-1,plus,-2,plus,-3,32,32,32,32,1.0
44,R,100,ood,gold_reencode,0,minus,1,minus,2,32,0,32,0,
44,R,100,ood,gold_reencode,0,minus,1,plus,0,32,0,0,0,
44,R,100,ood,gold_reencode,0,plus,-1,minus,0,32,0,0,0,
44,R,100,ood,gold_reencode,0,plus,-1,plus,-2,32,0,32,0,
44,R,100,ood,gold_reencode,1,minus,2,minus,3,32,32,32,32,1.0
44,R,100,ood,gold_reencode,1,minus,2,plus,1,32,32,27,27,0.84375
44,R,100,ood,gold_reencode,1,plus,0,minus,1,32,0,0,0,
44,R,100,ood,gold_reencode,1,plus,0,plus,-1,32,0,0,0,
44,R,100,ood,gold_reencode,2,minus,3,plus,2,32,32,32,32,1.0
44,R,100,ood,gold_reencode,2,plus,1,minus,2,32,27,32,27,1.0
44,R,100,ood,gold_reencode,2,plus,1,plus,0,32,27,0,0,0.0
44,R,100,ood,gold_reencode,3,plus,2,minus,3,32,32,32,32,1.0
44,R,100,ood,gold_reencode,3,plus,2,plus,1,32,32,27,27,0.84375
44,R,100,iid,actual_reencode,-3,minus,-2,minus,-1,32,32,32,32,1.0
44,R,100,iid,actual_reencode,-3,minus,-2,plus,-3,32,32,32,32,1.0
44,R,100,iid,actual_reencode,-2,minus,-1,minus,0,32,32,32,32,1.0
44,R,100,iid,actual_reencode,-2,minus,-1,plus,-2,32,32,32,32,1.0
44,R,100,iid,actual_reencode,-2,plus,-3,minus,-2,32,32,32,32,1.0
44,R,100,iid,actual_reencode,-1,minus,0,minus,1,32,32,32,32,1.0
44,R,100,iid,actual_reencode,-1,minus,0,plus,-1,32,32,32,32,1.0
44,R,100,iid,actual_reencode,-1,plus,-2,minus,-1,32,32,32,32,1.0
44,R,100,iid,actual_reencode,-1,plus,-2,plus,-3,32,32,32,32,1.0
44,R,100,iid,actual_reencode,0,minus,1,minus,2,32,32,32,32,1.0
44,R,100,iid,actual_reencode,0,minus,1,plus,0,32,32,32,32,1.0
44,R,100,iid,actual_reencode,0,plus,-1,minus,0,32,32,32,32,1.0
44,R,100,iid,actual_reencode,0,plus,-1,plus,-2,32,32,32,32,1.0
44,R,100,iid,actual_reencode,1,minus,2,minus,3,32,32,32,32,1.0
44,R,100,iid,actual_reencode,1,minus,2,plus,1,32,32,32,32,1.0
44,R,100,iid,actual_reencode,1,plus,0,minus,1,32,32,32,32,1.0
44,R,100,iid,actual_reencode,1,plus,0,plus,-1,32,32,32,32,1.0
44,R,100,iid,actual_reencode,2,minus,3,plus,2,32,32,32,32,1.0
44,R,100,iid,actual_reencode,2,plus,1,minus,2,32,32,32,32,1.0
44,R,100,iid,actual_reencode,2,plus,1,plus,0,32,32,32,32,1.0
44,R,100,iid,actual_reencode,3,plus,2,minus,3,32,32,32,32,1.0
44,R,100,iid,actual_reencode,3,plus,2,plus,1,32,32,32,32,1.0
44,R,100,ood,actual_reencode,-3,minus,-2,minus,-1,32,32,29,29,0.90625
44,R,100,ood,actual_reencode,-3,minus,-2,plus,-3,32,32,32,32,1.0
44,R,100,ood,actual_reencode,-2,minus,-1,minus,0,32,29,23,23,0.7931034482758621
44,R,100,ood,actual_reencode,-2,minus,-1,plus,-2,32,29,32,29,1.0
44,R,100,ood,actual_reencode,-2,plus,-3,minus,-2,32,32,32,32,1.0
44,R,100,ood,actual_reencode,-1,minus,0,minus,1,32,0,0,0,
44,R,100,ood,actual_reencode,-1,minus,0,plus,-1,32,0,0,0,
44,R,100,ood,actual_reencode,-1,plus,-2,minus,-1,32,32,29,29,0.90625
44,R,100,ood,actual_reencode,-1,plus,-2,plus,-3,32,32,32,32,1.0
44,R,100,ood,actual_reencode,0,minus,1,minus,2,32,0,0,0,
44,R,100,ood,actual_reencode,0,minus,1,plus,0,32,0,32,0,
44,R,100,ood,actual_reencode,0,plus,-1,minus,0,32,0,32,0,
44,R,100,ood,actual_reencode,0,plus,-1,plus,-2,32,0,0,0,
44,R,100,ood,actual_reencode,1,minus,2,minus,3,32,32,32,32,1.0
44,R,100,ood,actual_reencode,1,minus,2,plus,1,32,32,27,27,0.84375
44,R,100,ood,actual_reencode,1,plus,0,minus,1,32,0,0,0,
44,R,100,ood,actual_reencode,1,plus,0,plus,-1,32,0,0,0,
44,R,100,ood,actual_reencode,2,minus,3,plus,2,32,32,32,32,1.0
44,R,100,ood,actual_reencode,2,plus,1,minus,2,32,27,27,27,1.0
44,R,100,ood,actual_reencode,2,plus,1,plus,0,32,27,27,27,1.0
44,R,100,ood,actual_reencode,3,plus,2,minus,3,32,32,32,32,1.0
44,R,100,ood,actual_reencode,3,plus,2,plus,1,32,32,27,27,0.84375
44,R,200,iid,fixed_T0,-3,minus,-2,minus,-1,32,32,0,0,0.0
44,R,200,iid,fixed_T0,-3,minus,-2,plus,-3,32,32,0,0,0.0
44,R,200,iid,fixed_T0,-2,minus,-1,minus,0,32,32,0,0,0.0
44,R,200,iid,fixed_T0,-2,minus,-1,plus,-2,32,32,32,32,1.0
44,R,200,iid,fixed_T0,-2,plus,-3,minus,-2,32,32,32,32,1.0
44,R,200,iid,fixed_T0,-1,minus,0,minus,1,32,32,0,0,0.0
44,R,200,iid,fixed_T0,-1,minus,0,plus,-1,32,32,0,0,0.0
44,R,200,iid,fixed_T0,-1,plus,-2,minus,-1,32,32,32,32,1.0
44,R,200,iid,fixed_T0,-1,plus,-2,plus,-3,32,32,0,0,0.0
44,R,200,iid,fixed_T0,0,minus,1,minus,2,32,32,0,0,0.0
44,R,200,iid,fixed_T0,0,minus,1,plus,0,32,32,0,0,0.0
44,R,200,iid,fixed_T0,0,plus,-1,minus,0,32,32,32,32,1.0
44,R,200,iid,fixed_T0,0,plus,-1,plus,-2,32,32,32,32,1.0
44,R,200,iid,fixed_T0,1,minus,2,minus,3,32,32,0,0,0.0
44,R,200,iid,fixed_T0,1,minus,2,plus,1,32,32,0,0,0.0
44,R,200,iid,fixed_T0,1,plus,0,minus,1,32,32,32,32,1.0
44,R,200,iid,fixed_T0,1,plus,0,plus,-1,32,32,32,32,1.0
44,R,200,iid,fixed_T0,2,minus,3,plus,2,32,32,32,32,1.0
44,R,200,iid,fixed_T0,2,plus,1,minus,2,32,32,32,32,1.0
44,R,200,iid,fixed_T0,2,plus,1,plus,0,32,32,0,0,0.0
44,R,200,iid,fixed_T0,3,plus,2,minus,3,32,32,10,10,0.3125
44,R,200,iid,fixed_T0,3,plus,2,plus,1,32,32,4,4,0.125
44,R,200,ood,fixed_T0,-3,minus,-2,minus,-1,32,32,0,0,0.0
44,R,200,ood,fixed_T0,-3,minus,-2,plus,-3,32,32,0,0,0.0
44,R,200,ood,fixed_T0,-2,minus,-1,minus,0,32,32,0,0,0.0
44,R,200,ood,fixed_T0,-2,minus,-1,plus,-2,32,32,16,16,0.5
44,R,200,ood,fixed_T0,-2,plus,-3,minus,-2,32,32,32,32,1.0
44,R,200,ood,fixed_T0,-1,minus,0,minus,1,32,0,0,0,
44,R,200,ood,fixed_T0,-1,minus,0,plus,-1,32,0,0,0,
44,R,200,ood,fixed_T0,-1,plus,-2,minus,-1,32,32,0,0,0.0
44,R,200,ood,fixed_T0,-1,plus,-2,plus,-3,32,32,0,0,0.0
44,R,200,ood,fixed_T0,0,minus,1,minus,2,32,0,0,0,
44,R,200,ood,fixed_T0,0,minus,1,plus,0,32,0,32,0,
44,R,200,ood,fixed_T0,0,plus,-1,minus,0,32,0,32,0,
44,R,200,ood,fixed_T0,0,plus,-1,plus,-2,32,0,0,0,
44,R,200,ood,fixed_T0,1,minus,2,minus,3,32,32,0,0,0.0
44,R,200,ood,fixed_T0,1,minus,2,plus,1,32,32,0,0,0.0
44,R,200,ood,fixed_T0,1,plus,0,minus,1,32,0,0,0,
44,R,200,ood,fixed_T0,1,plus,0,plus,-1,32,0,0,0,
44,R,200,ood,fixed_T0,2,minus,3,plus,2,32,32,9,9,0.28125
44,R,200,ood,fixed_T0,2,plus,1,minus,2,32,9,32,9,1.0
44,R,200,ood,fixed_T0,2,plus,1,plus,0,32,9,0,0,0.0
44,R,200,ood,fixed_T0,3,plus,2,minus,3,32,32,7,7,0.21875
44,R,200,ood,fixed_T0,3,plus,2,plus,1,32,32,0,0,0.0
44,R,200,iid,U,-3,minus,-2,minus,-1,32,32,0,0,0.0
44,R,200,iid,U,-3,minus,-2,plus,-3,32,32,0,0,0.0
44,R,200,iid,U,-2,minus,-1,minus,0,32,32,0,0,0.0
44,R,200,iid,U,-2,minus,-1,plus,-2,32,32,32,32,1.0
44,R,200,iid,U,-2,plus,-3,minus,-2,32,32,32,32,1.0
44,R,200,iid,U,-1,minus,0,minus,1,32,32,0,0,0.0
44,R,200,iid,U,-1,minus,0,plus,-1,32,32,0,0,0.0
44,R,200,iid,U,-1,plus,-2,minus,-1,32,32,0,0,0.0
44,R,200,iid,U,-1,plus,-2,plus,-3,32,32,0,0,0.0
44,R,200,iid,U,0,minus,1,minus,2,32,32,0,0,0.0
44,R,200,iid,U,0,minus,1,plus,0,32,32,0,0,0.0
44,R,200,iid,U,0,plus,-1,minus,0,32,32,0,0,0.0
44,R,200,iid,U,0,plus,-1,plus,-2,32,32,32,32,1.0
44,R,200,iid,U,1,minus,2,minus,3,32,32,0,0,0.0
44,R,200,iid,U,1,minus,2,plus,1,32,32,32,32,1.0
44,R,200,iid,U,1,plus,0,minus,1,32,32,32,32,1.0
44,R,200,iid,U,1,plus,0,plus,-1,32,32,31,31,0.96875
44,R,200,iid,U,2,minus,3,plus,2,32,32,25,25,0.78125
44,R,200,iid,U,2,plus,1,minus,2,32,32,32,32,1.0
44,R,200,iid,U,2,plus,1,plus,0,32,32,0,0,0.0
44,R,200,iid,U,3,plus,2,minus,3,32,32,0,0,0.0
44,R,200,iid,U,3,plus,2,plus,1,32,32,0,0,0.0
44,R,200,ood,U,-3,minus,-2,minus,-1,32,32,0,0,0.0
44,R,200,ood,U,-3,minus,-2,plus,-3,32,32,0,0,0.0
44,R,200,ood,U,-2,minus,-1,minus,0,32,32,0,0,0.0
44,R,200,ood,U,-2,minus,-1,plus,-2,32,32,0,0,0.0
44,R,200,ood,U,-2,plus,-3,minus,-2,32,32,32,32,1.0
44,R,200,ood,U,-1,minus,0,minus,1,32,0,0,0,
44,R,200,ood,U,-1,minus,0,plus,-1,32,0,0,0,
44,R,200,ood,U,-1,plus,-2,minus,-1,32,32,0,0,0.0
44,R,200,ood,U,-1,plus,-2,plus,-3,32,32,0,0,0.0
44,R,200,ood,U,0,minus,1,minus,2,32,0,0,0,
44,R,200,ood,U,0,minus,1,plus,0,32,0,32,0,
44,R,200,ood,U,0,plus,-1,minus,0,32,0,0,0,
44,R,200,ood,U,0,plus,-1,plus,-2,32,0,0,0,
44,R,200,ood,U,1,minus,2,minus,3,32,32,0,0,0.0
44,R,200,ood,U,1,minus,2,plus,1,32,32,0,0,0.0
44,R,200,ood,U,1,plus,0,minus,1,32,0,0,0,
44,R,200,ood,U,1,plus,0,plus,-1,32,0,0,0,
44,R,200,ood,U,2,minus,3,plus,2,32,32,0,0,0.0
44,R,200,ood,U,2,plus,1,minus,2,32,0,32,0,
44,R,200,ood,U,2,plus,1,plus,0,32,0,0,0,
44,R,200,ood,U,3,plus,2,minus,3,32,32,0,0,0.0
44,R,200,ood,U,3,plus,2,plus,1,32,32,0,0,0.0
44,R,200,iid,self,-3,minus,-2,minus,-1,32,32,11,11,0.34375
44,R,200,iid,self,-3,minus,-2,plus,-3,32,32,32,32,1.0
44,R,200,iid,self,-2,minus,-1,minus,0,32,32,0,0,0.0
44,R,200,iid,self,-2,minus,-1,plus,-2,32,32,32,32,1.0
44,R,200,iid,self,-2,plus,-3,minus,-2,32,32,32,32,1.0
44,R,200,iid,self,-1,minus,0,minus,1,32,32,22,22,0.6875
44,R,200,iid,self,-1,minus,0,plus,-1,32,32,32,32,1.0
44,R,200,iid,self,-1,plus,-2,minus,-1,32,32,30,30,0.9375
44,R,200,iid,self,-1,plus,-2,plus,-3,32,32,0,0,0.0
44,R,200,iid,self,0,minus,1,minus,2,32,32,0,0,0.0
44,R,200,iid,self,0,minus,1,plus,0,32,32,32,32,1.0
44,R,200,iid,self,0,plus,-1,minus,0,32,32,32,32,1.0
44,R,200,iid,self,0,plus,-1,plus,-2,32,32,16,16,0.5
44,R,200,iid,self,1,minus,2,minus,3,32,32,31,31,0.96875
44,R,200,iid,self,1,minus,2,plus,1,32,32,32,32,1.0
44,R,200,iid,self,1,plus,0,minus,1,32,32,18,18,0.5625
44,R,200,iid,self,1,plus,0,plus,-1,32,32,32,32,1.0
44,R,200,iid,self,2,minus,3,plus,2,32,32,32,32,1.0
44,R,200,iid,self,2,plus,1,minus,2,32,32,32,32,1.0
44,R,200,iid,self,2,plus,1,plus,0,32,32,32,32,1.0
44,R,200,iid,self,3,plus,2,minus,3,32,32,32,32,1.0
44,R,200,iid,self,3,plus,2,plus,1,32,32,6,6,0.1875
44,R,200,ood,self,-3,minus,-2,minus,-1,32,32,0,0,0.0
44,R,200,ood,self,-3,minus,-2,plus,-3,32,32,32,32,1.0
44,R,200,ood,self,-2,minus,-1,minus,0,32,28,3,3,0.10714285714285714
44,R,200,ood,self,-2,minus,-1,plus,-2,32,28,32,28,1.0
44,R,200,ood,self,-2,plus,-3,minus,-2,32,32,32,32,1.0
44,R,200,ood,self,-1,minus,0,minus,1,32,0,0,0,
44,R,200,ood,self,-1,minus,0,plus,-1,32,0,32,0,
44,R,200,ood,self,-1,plus,-2,minus,-1,32,32,32,32,1.0
44,R,200,ood,self,-1,plus,-2,plus,-3,32,32,0,0,0.0
44,R,200,ood,self,0,minus,1,minus,2,32,0,0,0,
44,R,200,ood,self,0,minus,1,plus,0,32,0,32,0,
44,R,200,ood,self,0,plus,-1,minus,0,32,0,32,0,
44,R,200,ood,self,0,plus,-1,plus,-2,32,0,32,0,
44,R,200,ood,self,1,minus,2,minus,3,32,32,0,0,0.0
44,R,200,ood,self,1,minus,2,plus,1,32,32,32,32,1.0
44,R,200,ood,self,1,plus,0,minus,1,32,0,32,0,
44,R,200,ood,self,1,plus,0,plus,-1,32,0,16,0,
44,R,200,ood,self,2,minus,3,plus,2,32,32,32,32,1.0
44,R,200,ood,self,2,plus,1,minus,2,32,0,32,0,
44,R,200,ood,self,2,plus,1,plus,0,32,0,30,0,
44,R,200,ood,self,3,plus,2,minus,3,32,32,32,32,1.0
44,R,200,ood,self,3,plus,2,plus,1,32,32,0,0,0.0
44,R,200,iid,gold_reencode,-3,minus,-2,minus,-1,32,32,32,32,1.0
44,R,200,iid,gold_reencode,-3,minus,-2,plus,-3,32,32,32,32,1.0
44,R,200,iid,gold_reencode,-2,minus,-1,minus,0,32,32,32,32,1.0
44,R,200,iid,gold_reencode,-2,minus,-1,plus,-2,32,32,32,32,1.0
44,R,200,iid,gold_reencode,-2,plus,-3,minus,-2,32,32,32,32,1.0
44,R,200,iid,gold_reencode,-1,minus,0,minus,1,32,32,32,32,1.0
44,R,200,iid,gold_reencode,-1,minus,0,plus,-1,32,32,32,32,1.0
44,R,200,iid,gold_reencode,-1,plus,-2,minus,-1,32,32,32,32,1.0
44,R,200,iid,gold_reencode,-1,plus,-2,plus,-3,32,32,32,32,1.0
44,R,200,iid,gold_reencode,0,minus,1,minus,2,32,32,32,32,1.0
44,R,200,iid,gold_reencode,0,minus,1,plus,0,32,32,32,32,1.0
44,R,200,iid,gold_reencode,0,plus,-1,minus,0,32,32,32,32,1.0
44,R,200,iid,gold_reencode,0,plus,-1,plus,-2,32,32,32,32,1.0
44,R,200,iid,gold_reencode,1,minus,2,minus,3,32,32,32,32,1.0
44,R,200,iid,gold_reencode,1,minus,2,plus,1,32,32,32,32,1.0
44,R,200,iid,gold_reencode,1,plus,0,minus,1,32,32,32,32,1.0
44,R,200,iid,gold_reencode,1,plus,0,plus,-1,32,32,32,32,1.0
44,R,200,iid,gold_reencode,2,minus,3,plus,2,32,32,32,32,1.0
44,R,200,iid,gold_reencode,2,plus,1,minus,2,32,32,32,32,1.0
44,R,200,iid,gold_reencode,2,plus,1,plus,0,32,32,32,32,1.0
44,R,200,iid,gold_reencode,3,plus,2,minus,3,32,32,32,32,1.0
44,R,200,iid,gold_reencode,3,plus,2,plus,1,32,32,32,32,1.0
44,R,200,ood,gold_reencode,-3,minus,-2,minus,-1,32,32,28,28,0.875
44,R,200,ood,gold_reencode,-3,minus,-2,plus,-3,32,32,32,32,1.0
44,R,200,ood,gold_reencode,-2,minus,-1,minus,0,32,28,0,0,0.0
44,R,200,ood,gold_reencode,-2,minus,-1,plus,-2,32,28,32,28,1.0
44,R,200,ood,gold_reencode,-2,plus,-3,minus,-2,32,32,32,32,1.0
44,R,200,ood,gold_reencode,-1,minus,0,minus,1,32,0,0,0,
44,R,200,ood,gold_reencode,-1,minus,0,plus,-1,32,0,0,0,
44,R,200,ood,gold_reencode,-1,plus,-2,minus,-1,32,32,28,28,0.875
44,R,200,ood,gold_reencode,-1,plus,-2,plus,-3,32,32,32,32,1.0
44,R,200,ood,gold_reencode,0,minus,1,minus,2,32,0,32,0,
44,R,200,ood,gold_reencode,0,minus,1,plus,0,32,0,0,0,
44,R,200,ood,gold_reencode,0,plus,-1,minus,0,32,0,0,0,
44,R,200,ood,gold_reencode,0,plus,-1,plus,-2,32,0,32,0,
44,R,200,ood,gold_reencode,1,minus,2,minus,3,32,32,32,32,1.0
44,R,200,ood,gold_reencode,1,minus,2,plus,1,32,32,0,0,0.0
44,R,200,ood,gold_reencode,1,plus,0,minus,1,32,0,0,0,
44,R,200,ood,gold_reencode,1,plus,0,plus,-1,32,0,0,0,
44,R,200,ood,gold_reencode,2,minus,3,plus,2,32,32,32,32,1.0
44,R,200,ood,gold_reencode,2,plus,1,minus,2,32,0,32,0,
44,R,200,ood,gold_reencode,2,plus,1,plus,0,32,0,0,0,
44,R,200,ood,gold_reencode,3,plus,2,minus,3,32,32,32,32,1.0
44,R,200,ood,gold_reencode,3,plus,2,plus,1,32,32,0,0,0.0
44,R,200,iid,actual_reencode,-3,minus,-2,minus,-1,32,32,32,32,1.0
44,R,200,iid,actual_reencode,-3,minus,-2,plus,-3,32,32,32,32,1.0
44,R,200,iid,actual_reencode,-2,minus,-1,minus,0,32,32,32,32,1.0
44,R,200,iid,actual_reencode,-2,minus,-1,plus,-2,32,32,32,32,1.0
44,R,200,iid,actual_reencode,-2,plus,-3,minus,-2,32,32,32,32,1.0
44,R,200,iid,actual_reencode,-1,minus,0,minus,1,32,32,32,32,1.0
44,R,200,iid,actual_reencode,-1,minus,0,plus,-1,32,32,32,32,1.0
44,R,200,iid,actual_reencode,-1,plus,-2,minus,-1,32,32,32,32,1.0
44,R,200,iid,actual_reencode,-1,plus,-2,plus,-3,32,32,32,32,1.0
44,R,200,iid,actual_reencode,0,minus,1,minus,2,32,32,32,32,1.0
44,R,200,iid,actual_reencode,0,minus,1,plus,0,32,32,32,32,1.0
44,R,200,iid,actual_reencode,0,plus,-1,minus,0,32,32,32,32,1.0
44,R,200,iid,actual_reencode,0,plus,-1,plus,-2,32,32,32,32,1.0
44,R,200,iid,actual_reencode,1,minus,2,minus,3,32,32,32,32,1.0
44,R,200,iid,actual_reencode,1,minus,2,plus,1,32,32,32,32,1.0
44,R,200,iid,actual_reencode,1,plus,0,minus,1,32,32,32,32,1.0
44,R,200,iid,actual_reencode,1,plus,0,plus,-1,32,32,32,32,1.0
44,R,200,iid,actual_reencode,2,minus,3,plus,2,32,32,32,32,1.0
44,R,200,iid,actual_reencode,2,plus,1,minus,2,32,32,32,32,1.0
44,R,200,iid,actual_reencode,2,plus,1,plus,0,32,32,32,32,1.0
44,R,200,iid,actual_reencode,3,plus,2,minus,3,32,32,32,32,1.0
44,R,200,iid,actual_reencode,3,plus,2,plus,1,32,32,32,32,1.0
44,R,200,ood,actual_reencode,-3,minus,-2,minus,-1,32,32,28,28,0.875
44,R,200,ood,actual_reencode,-3,minus,-2,plus,-3,32,32,32,32,1.0
44,R,200,ood,actual_reencode,-2,minus,-1,minus,0,32,28,13,13,0.4642857142857143
44,R,200,ood,actual_reencode,-2,minus,-1,plus,-2,32,28,30,28,1.0
44,R,200,ood,actual_reencode,-2,plus,-3,minus,-2,32,32,32,32,1.0
44,R,200,ood,actual_reencode,-1,minus,0,minus,1,32,0,0,0,
44,R,200,ood,actual_reencode,-1,minus,0,plus,-1,32,0,0,0,
44,R,200,ood,actual_reencode,-1,plus,-2,minus,-1,32,32,28,28,0.875
44,R,200,ood,actual_reencode,-1,plus,-2,plus,-3,32,32,32,32,1.0
44,R,200,ood,actual_reencode,0,minus,1,minus,2,32,0,0,0,
44,R,200,ood,actual_reencode,0,minus,1,plus,0,32,0,2,0,
44,R,200,ood,actual_reencode,0,plus,-1,minus,0,32,0,2,0,
44,R,200,ood,actual_reencode,0,plus,-1,plus,-2,32,0,0,0,
44,R,200,ood,actual_reencode,1,minus,2,minus,3,32,32,32,32,1.0
44,R,200,ood,actual_reencode,1,minus,2,plus,1,32,32,0,0,0.0
44,R,200,ood,actual_reencode,1,plus,0,minus,1,32,0,0,0,
44,R,200,ood,actual_reencode,1,plus,0,plus,-1,32,0,0,0,
44,R,200,ood,actual_reencode,2,minus,3,plus,2,32,32,32,32,1.0
44,R,200,ood,actual_reencode,2,plus,1,minus,2,32,0,0,0,
44,R,200,ood,actual_reencode,2,plus,1,plus,0,32,0,0,0,
44,R,200,ood,actual_reencode,3,plus,2,minus,3,32,32,32,32,1.0
44,R,200,ood,actual_reencode,3,plus,2,plus,1,32,32,0,0,0.0
