seed,contrast,update,test,source,metric,cohort,n,worlds,delta_pp,ci_low_pp,ci_high_pp
42,F-N,100,iid,natural,atomic_macro,all,768,32,0,0.0,0.0
42,F-N,100,ood,natural,atomic_macro,all,384,32,-9.375,-11.197916666666666,-7.552083333333333
42,F-N,100,iid,fixed_T0,endpoint2,all,704,32,80.82386363636364,79.6875,81.81818181818183
42,F-N,100,iid,fixed_T0,full2,all,704,32,80.82386363636364,79.6875,81.81818181818183
42,F-N,100,iid,fixed_T0,endpoint2,fixed_diagnostic,704,32,80.82386363636364,79.6875,81.81818181818183
42,F-N,100,iid,fixed_T0,full2,fixed_diagnostic,704,32,80.82386363636364,79.6875,81.81818181818183
42,F-N,100,ood,fixed_T0,endpoint2,all,704,32,25.71022727272727,24.71590909090909,26.704545454545453
42,F-N,100,ood,fixed_T0,full2,all,704,32,16.335227272727273,15.624999999999996,17.045454545454547
42,F-N,100,ood,fixed_T0,endpoint2,fixed_diagnostic,288,32,39.93055555555555,38.19444444444444,41.666666666666664
42,F-N,100,ood,fixed_T0,full2,fixed_diagnostic,288,32,39.93055555555555,38.19444444444444,41.666666666666664
42,F-N,100,iid,U,endpoint2,all,704,32,52.13068181818181,50.42613636363637,53.69318181818181
42,F-N,100,iid,U,full2,all,704,32,52.13068181818181,50.42613636363637,53.69318181818181
42,F-N,100,iid,U,endpoint2,fixed_diagnostic,704,32,52.13068181818181,50.42613636363637,53.69318181818181
42,F-N,100,iid,U,full2,fixed_diagnostic,704,32,52.13068181818181,50.42613636363637,53.69318181818181
42,F-N,100,ood,U,endpoint2,all,704,32,25.284090909090907,24.005681818181817,26.5625
42,F-N,100,ood,U,full2,all,704,32,12.215909090909092,10.9375,13.494318181818182
42,F-N,100,ood,U,endpoint2,fixed_diagnostic,288,32,35.416666666666664,32.98611111111111,37.84722222222222
42,F-N,100,ood,U,full2,fixed_diagnostic,288,32,29.86111111111111,26.73611111111111,32.98611111111111
42,F-N,100,iid,self,endpoint2,all,704,32,49.715909090909086,47.159090909090914,52.13068181818181
42,F-N,100,iid,self,full2,all,704,32,49.715909090909086,47.159090909090914,52.13068181818181
42,F-N,100,iid,self,endpoint2,fixed_diagnostic,704,32,49.715909090909086,47.159090909090914,52.13068181818181
42,F-N,100,iid,self,full2,fixed_diagnostic,704,32,49.715909090909086,47.159090909090914,52.13068181818181
42,F-N,100,ood,self,endpoint2,all,704,32,21.875,20.738636363636363,23.011363636363637
42,F-N,100,ood,self,full2,all,704,32,16.761363636363637,15.625,17.755681818181817
42,F-N,100,ood,self,endpoint2,fixed_diagnostic,288,32,42.01388888888889,39.23611111111111,44.791666666666664
42,F-N,100,ood,self,full2,fixed_diagnostic,288,32,40.97222222222222,38.19444444444444,43.40277777777778
42,F-N,100,iid,gold_reencode,endpoint2,all,704,32,0,0.0,0.0
42,F-N,100,iid,gold_reencode,full2,all,704,32,0,0.0,0.0
42,F-N,100,iid,gold_reencode,endpoint2,fixed_diagnostic,704,32,0,0.0,0.0
42,F-N,100,iid,gold_reencode,full2,fixed_diagnostic,704,32,0,0.0,0.0
42,F-N,100,ood,gold_reencode,endpoint2,all,704,32,-10.227272727272728,-12.215909090909092,-8.238636363636365
42,F-N,100,ood,gold_reencode,full2,all,704,32,-15.340909090909088,-18.323863636363637,-12.357954545454545
42,F-N,100,ood,gold_reencode,endpoint2,fixed_diagnostic,288,32,-6.25,-9.722222222222223,-2.7777777777777777
42,F-N,100,ood,gold_reencode,full2,fixed_diagnostic,288,32,-9.375,-14.583333333333332,-4.166666666666666
42,F-N,100,iid,actual_reencode,endpoint2,all,704,32,0,0.0,0.0
42,F-N,100,iid,actual_reencode,full2,all,704,32,0,0.0,0.0
42,F-N,100,iid,actual_reencode,endpoint2,fixed_diagnostic,704,32,0,0.0,0.0
42,F-N,100,iid,actual_reencode,full2,fixed_diagnostic,704,32,0,0.0,0.0
42,F-N,100,ood,actual_reencode,endpoint2,all,704,32,-15.767045454545453,-19.03409090909091,-12.499999999999998
42,F-N,100,ood,actual_reencode,full2,all,704,32,-19.176136363636363,-22.585227272727273,-15.909090909090907
42,F-N,100,ood,actual_reencode,endpoint2,fixed_diagnostic,288,32,-6.25,-9.722222222222223,-2.7777777777777777
42,F-N,100,ood,actual_reencode,full2,fixed_diagnostic,288,32,-9.375,-14.583333333333332,-4.166666666666666
42,F-N,100,iid,latent,endpoint1_all,long_paths,256,32,0,0.0,0.0
42,F-N,100,iid,latent,full1_all,long_paths,256,32,0,0.0,0.0
42,F-N,100,iid,latent,endpoint2_all,long_paths,256,32,39.453125,36.71875,42.1875
42,F-N,100,iid,latent,full2_all,long_paths,256,32,39.453125,36.71875,42.1875
42,F-N,100,iid,latent,endpoint3_all,long_paths,256,32,-4.296875,-6.640625,-2.34375
42,F-N,100,iid,latent,full3_all,long_paths,256,32,0,0.0,0.0
42,F-N,100,iid,latent,endpoint4_all,long_paths,256,32,0,0.0,0.0
42,F-N,100,iid,latent,full4_all,long_paths,256,32,0,0.0,0.0
42,F-N,100,iid,latent,endpoint5_all,long_paths,256,32,0,0.0,0.0
42,F-N,100,iid,latent,full5_all,long_paths,256,32,0,0.0,0.0
42,F-N,100,iid,latent,endpoint1_monotone,long_paths,128,32,0,0.0,0.0
42,F-N,100,iid,latent,full1_monotone,long_paths,128,32,0,0.0,0.0
42,F-N,100,iid,latent,endpoint2_monotone,long_paths,128,32,-17.1875,-21.875,-11.71875
42,F-N,100,iid,latent,full2_monotone,long_paths,128,32,-17.1875,-21.875,-11.71875
42,F-N,100,iid,latent,endpoint3_monotone,long_paths,128,32,0,0.0,0.0
42,F-N,100,iid,latent,full3_monotone,long_paths,128,32,0,0.0,0.0
42,F-N,100,iid,latent,endpoint4_monotone,long_paths,128,32,0,0.0,0.0
42,F-N,100,iid,latent,full4_monotone,long_paths,128,32,0,0.0,0.0
42,F-N,100,iid,latent,endpoint5_monotone,long_paths,128,32,0,0.0,0.0
42,F-N,100,iid,latent,full5_monotone,long_paths,128,32,0,0.0,0.0
42,F-N,100,iid,latent,endpoint1_alternating,long_paths,64,32,0,0.0,0.0
42,F-N,100,iid,latent,full1_alternating,long_paths,64,32,0,0.0,0.0
42,F-N,100,iid,latent,endpoint2_alternating,long_paths,64,32,95.3125,90.625,100.0
42,F-N,100,iid,latent,full2_alternating,long_paths,64,32,95.3125,90.625,100.0
42,F-N,100,iid,latent,endpoint3_alternating,long_paths,64,32,-17.1875,-26.5625,-9.375
42,F-N,100,iid,latent,full3_alternating,long_paths,64,32,0,0.0,0.0
42,F-N,100,iid,latent,endpoint4_alternating,long_paths,64,32,0,0.0,0.0
42,F-N,100,iid,latent,full4_alternating,long_paths,64,32,0,0.0,0.0
42,F-N,100,iid,latent,endpoint5_alternating,long_paths,64,32,0,0.0,0.0
42,F-N,100,iid,latent,full5_alternating,long_paths,64,32,0,0.0,0.0
42,F-N,100,iid,latent,endpoint1_boundary_alternating,long_paths,64,32,0,0.0,0.0
42,F-N,100,iid,latent,full1_boundary_alternating,long_paths,64,32,0,0.0,0.0
42,F-N,100,iid,latent,endpoint2_boundary_alternating,long_paths,64,32,96.875,92.1875,100.0
42,F-N,100,iid,latent,full2_boundary_alternating,long_paths,64,32,96.875,92.1875,100.0
42,F-N,100,iid,latent,endpoint3_boundary_alternating,long_paths,64,32,0,0.0,0.0
42,F-N,100,iid,latent,full3_boundary_alternating,long_paths,64,32,0,0.0,0.0
42,F-N,100,iid,latent,endpoint4_boundary_alternating,long_paths,64,32,0,0.0,0.0
42,F-N,100,iid,latent,full4_boundary_alternating,long_paths,64,32,0,0.0,0.0
42,F-N,100,iid,latent,endpoint5_boundary_alternating,long_paths,64,32,0,0.0,0.0
42,F-N,100,iid,latent,full5_boundary_alternating,long_paths,64,32,0,0.0,0.0
42,F-N,100,iid,gold_reencode,endpoint1_all,long_paths,256,32,0,0.0,0.0
42,F-N,100,iid,gold_reencode,full1_all,long_paths,256,32,0,0.0,0.0
42,F-N,100,iid,gold_reencode,endpoint2_all,long_paths,256,32,0,0.0,0.0
42,F-N,100,iid,gold_reencode,full2_all,long_paths,256,32,0,0.0,0.0
42,F-N,100,iid,gold_reencode,endpoint3_all,long_paths,256,32,0,0.0,0.0
42,F-N,100,iid,gold_reencode,full3_all,long_paths,256,32,0,0.0,0.0
42,F-N,100,iid,gold_reencode,endpoint4_all,long_paths,256,32,0,0.0,0.0
42,F-N,100,iid,gold_reencode,full4_all,long_paths,256,32,0,0.0,0.0
42,F-N,100,iid,gold_reencode,endpoint5_all,long_paths,256,32,0,0.0,0.0
42,F-N,100,iid,gold_reencode,full5_all,long_paths,256,32,0,0.0,0.0
42,F-N,100,iid,gold_reencode,endpoint1_monotone,long_paths,128,32,0,0.0,0.0
42,F-N,100,iid,gold_reencode,full1_monotone,long_paths,128,32,0,0.0,0.0
42,F-N,100,iid,gold_reencode,endpoint2_monotone,long_paths,128,32,0,0.0,0.0
42,F-N,100,iid,gold_reencode,full2_monotone,long_paths,128,32,0,0.0,0.0
42,F-N,100,iid,gold_reencode,endpoint3_monotone,long_paths,128,32,0,0.0,0.0
42,F-N,100,iid,gold_reencode,full3_monotone,long_paths,128,32,0,0.0,0.0
42,F-N,100,iid,gold_reencode,endpoint4_monotone,long_paths,128,32,0,0.0,0.0
42,F-N,100,iid,gold_reencode,full4_monotone,long_paths,128,32,0,0.0,0.0
42,F-N,100,iid,gold_reencode,endpoint5_monotone,long_paths,128,32,0,0.0,0.0
42,F-N,100,iid,gold_reencode,full5_monotone,long_paths,128,32,0,0.0,0.0
42,F-N,100,iid,gold_reencode,endpoint1_alternating,long_paths,64,32,0,0.0,0.0
42,F-N,100,iid,gold_reencode,full1_alternating,long_paths,64,32,0,0.0,0.0
42,F-N,100,iid,gold_reencode,endpoint2_alternating,long_paths,64,32,0,0.0,0.0
42,F-N,100,iid,gold_reencode,full2_alternating,long_paths,64,32,0,0.0,0.0
42,F-N,100,iid,gold_reencode,endpoint3_alternating,long_paths,64,32,0,0.0,0.0
42,F-N,100,iid,gold_reencode,full3_alternating,long_paths,64,32,0,0.0,0.0
42,F-N,100,iid,gold_reencode,endpoint4_alternating,long_paths,64,32,0,0.0,0.0
42,F-N,100,iid,gold_reencode,full4_alternating,long_paths,64,32,0,0.0,0.0
42,F-N,100,iid,gold_reencode,endpoint5_alternating,long_paths,64,32,0,0.0,0.0
42,F-N,100,iid,gold_reencode,full5_alternating,long_paths,64,32,0,0.0,0.0
42,F-N,100,iid,gold_reencode,endpoint1_boundary_alternating,long_paths,64,32,0,0.0,0.0
42,F-N,100,iid,gold_reencode,full1_boundary_alternating,long_paths,64,32,0,0.0,0.0
42,F-N,100,iid,gold_reencode,endpoint2_boundary_alternating,long_paths,64,32,0,0.0,0.0
42,F-N,100,iid,gold_reencode,full2_boundary_alternating,long_paths,64,32,0,0.0,0.0
42,F-N,100,iid,gold_reencode,endpoint3_boundary_alternating,long_paths,64,32,0,0.0,0.0
42,F-N,100,iid,gold_reencode,full3_boundary_alternating,long_paths,64,32,0,0.0,0.0
42,F-N,100,iid,gold_reencode,endpoint4_boundary_alternating,long_paths,64,32,0,0.0,0.0
42,F-N,100,iid,gold_reencode,full4_boundary_alternating,long_paths,64,32,0,0.0,0.0
42,F-N,100,iid,gold_reencode,endpoint5_boundary_alternating,long_paths,64,32,0,0.0,0.0
42,F-N,100,iid,gold_reencode,full5_boundary_alternating,long_paths,64,32,0,0.0,0.0
42,F-N,100,iid,actual_reencode,endpoint1_all,long_paths,256,32,0,0.0,0.0
42,F-N,100,iid,actual_reencode,full1_all,long_paths,256,32,0,0.0,0.0
42,F-N,100,iid,actual_reencode,endpoint2_all,long_paths,256,32,0,0.0,0.0
42,F-N,100,iid,actual_reencode,full2_all,long_paths,256,32,0,0.0,0.0
42,F-N,100,iid,actual_reencode,endpoint3_all,long_paths,256,32,0,0.0,0.0
42,F-N,100,iid,actual_reencode,full3_all,long_paths,256,32,0,0.0,0.0
42,F-N,100,iid,actual_reencode,endpoint4_all,long_paths,256,32,0,0.0,0.0
42,F-N,100,iid,actual_reencode,full4_all,long_paths,256,32,0,0.0,0.0
42,F-N,100,iid,actual_reencode,endpoint5_all,long_paths,256,32,0,0.0,0.0
42,F-N,100,iid,actual_reencode,full5_all,long_paths,256,32,0,0.0,0.0
42,F-N,100,iid,actual_reencode,endpoint1_monotone,long_paths,128,32,0,0.0,0.0
42,F-N,100,iid,actual_reencode,full1_monotone,long_paths,128,32,0,0.0,0.0
42,F-N,100,iid,actual_reencode,endpoint2_monotone,long_paths,128,32,0,0.0,0.0
42,F-N,100,iid,actual_reencode,full2_monotone,long_paths,128,32,0,0.0,0.0
42,F-N,100,iid,actual_reencode,endpoint3_monotone,long_paths,128,32,0,0.0,0.0
42,F-N,100,iid,actual_reencode,full3_monotone,long_paths,128,32,0,0.0,0.0
42,F-N,100,iid,actual_reencode,endpoint4_monotone,long_paths,128,32,0,0.0,0.0
42,F-N,100,iid,actual_reencode,full4_monotone,long_paths,128,32,0,0.0,0.0
42,F-N,100,iid,actual_reencode,endpoint5_monotone,long_paths,128,32,0,0.0,0.0
42,F-N,100,iid,actual_reencode,full5_monotone,long_paths,128,32,0,0.0,0.0
42,F-N,100,iid,actual_reencode,endpoint1_alternating,long_paths,64,32,0,0.0,0.0
42,F-N,100,iid,actual_reencode,full1_alternating,long_paths,64,32,0,0.0,0.0
42,F-N,100,iid,actual_reencode,endpoint2_alternating,long_paths,64,32,0,0.0,0.0
42,F-N,100,iid,actual_reencode,full2_alternating,long_paths,64,32,0,0.0,0.0
42,F-N,100,iid,actual_reencode,endpoint3_alternating,long_paths,64,32,0,0.0,0.0
42,F-N,100,iid,actual_reencode,full3_alternating,long_paths,64,32,0,0.0,0.0
42,F-N,100,iid,actual_reencode,endpoint4_alternating,long_paths,64,32,0,0.0,0.0
42,F-N,100,iid,actual_reencode,full4_alternating,long_paths,64,32,0,0.0,0.0
42,F-N,100,iid,actual_reencode,endpoint5_alternating,long_paths,64,32,0,0.0,0.0
42,F-N,100,iid,actual_reencode,full5_alternating,long_paths,64,32,0,0.0,0.0
42,F-N,100,iid,actual_reencode,endpoint1_boundary_alternating,long_paths,64,32,0,0.0,0.0
42,F-N,100,iid,actual_reencode,full1_boundary_alternating,long_paths,64,32,0,0.0,0.0
42,F-N,100,iid,actual_reencode,endpoint2_boundary_alternating,long_paths,64,32,0,0.0,0.0
42,F-N,100,iid,actual_reencode,full2_boundary_alternating,long_paths,64,32,0,0.0,0.0
42,F-N,100,iid,actual_reencode,endpoint3_boundary_alternating,long_paths,64,32,0,0.0,0.0
42,F-N,100,iid,actual_reencode,full3_boundary_alternating,long_paths,64,32,0,0.0,0.0
42,F-N,100,iid,actual_reencode,endpoint4_boundary_alternating,long_paths,64,32,0,0.0,0.0
42,F-N,100,iid,actual_reencode,full4_boundary_alternating,long_paths,64,32,0,0.0,0.0
42,F-N,100,iid,actual_reencode,endpoint5_boundary_alternating,long_paths,64,32,0,0.0,0.0
42,F-N,100,iid,actual_reencode,full5_boundary_alternating,long_paths,64,32,0,0.0,0.0
42,F-N,100,ood,latent,endpoint1_all,long_paths,256,32,-14.0625,-16.796875,-11.328125
42,F-N,100,ood,latent,full1_all,long_paths,256,32,-14.0625,-16.796875,-11.328125
42,F-N,100,ood,latent,endpoint2_all,long_paths,256,32,37.890625,36.71875,39.453125
42,F-N,100,ood,latent,full2_all,long_paths,256,32,25.0,25.0,25.0
42,F-N,100,ood,latent,endpoint3_all,long_paths,256,32,-8.203125,-11.328125,-5.078125
42,F-N,100,ood,latent,full3_all,long_paths,256,32,1.5625,0.390625,3.125
42,F-N,100,ood,latent,endpoint4_all,long_paths,256,32,0,0.0,0.0
42,F-N,100,ood,latent,full4_all,long_paths,256,32,0,0.0,0.0
42,F-N,100,ood,latent,endpoint5_all,long_paths,256,32,0,0.0,0.0
42,F-N,100,ood,latent,full5_all,long_paths,256,32,0,0.0,0.0
42,F-N,100,ood,latent,endpoint1_monotone,long_paths,128,32,-28.125,-33.59375,-22.65625
42,F-N,100,ood,latent,full1_monotone,long_paths,128,32,-28.125,-33.59375,-22.65625
42,F-N,100,ood,latent,endpoint2_monotone,long_paths,128,32,0,0.0,0.0
42,F-N,100,ood,latent,full2_monotone,long_paths,128,32,0,0.0,0.0
42,F-N,100,ood,latent,endpoint3_monotone,long_paths,128,32,0,0.0,0.0
42,F-N,100,ood,latent,full3_monotone,long_paths,128,32,0,0.0,0.0
42,F-N,100,ood,latent,endpoint4_monotone,long_paths,128,32,0,0.0,0.0
42,F-N,100,ood,latent,full4_monotone,long_paths,128,32,0,0.0,0.0
42,F-N,100,ood,latent,endpoint5_monotone,long_paths,128,32,0,0.0,0.0
42,F-N,100,ood,latent,full5_monotone,long_paths,128,32,0,0.0,0.0
42,F-N,100,ood,latent,endpoint1_alternating,long_paths,64,32,0,0.0,0.0
42,F-N,100,ood,latent,full1_alternating,long_paths,64,32,0,0.0,0.0
42,F-N,100,ood,latent,endpoint2_alternating,long_paths,64,32,51.5625,46.875,57.8125
42,F-N,100,ood,latent,full2_alternating,long_paths,64,32,0,0.0,0.0
42,F-N,100,ood,latent,endpoint3_alternating,long_paths,64,32,-20.3125,-31.25,-10.9375
42,F-N,100,ood,latent,full3_alternating,long_paths,64,32,0,0.0,0.0
42,F-N,100,ood,latent,endpoint4_alternating,long_paths,64,32,0,0.0,0.0
42,F-N,100,ood,latent,full4_alternating,long_paths,64,32,0,0.0,0.0
42,F-N,100,ood,latent,endpoint5_alternating,long_paths,64,32,0,0.0,0.0
42,F-N,100,ood,latent,full5_alternating,long_paths,64,32,0,0.0,0.0
42,F-N,100,ood,latent,endpoint1_boundary_alternating,long_paths,64,32,0,0.0,0.0
42,F-N,100,ood,latent,full1_boundary_alternating,long_paths,64,32,0,0.0,0.0
42,F-N,100,ood,latent,endpoint2_boundary_alternating,long_paths,64,32,100,100.0,100.0
42,F-N,100,ood,latent,full2_boundary_alternating,long_paths,64,32,100,100.0,100.0
42,F-N,100,ood,latent,endpoint3_boundary_alternating,long_paths,64,32,-12.5,-21.875,-4.6875
42,F-N,100,ood,latent,full3_boundary_alternating,long_paths,64,32,6.25,1.5625,12.5
42,F-N,100,ood,latent,endpoint4_boundary_alternating,long_paths,64,32,0,0.0,0.0
42,F-N,100,ood,latent,full4_boundary_alternating,long_paths,64,32,0,0.0,0.0
42,F-N,100,ood,latent,endpoint5_boundary_alternating,long_paths,64,32,0,0.0,0.0
42,F-N,100,ood,latent,full5_boundary_alternating,long_paths,64,32,0,0.0,0.0
42,F-N,100,ood,gold_reencode,endpoint1_all,long_paths,256,32,-14.0625,-16.796875,-11.328125
42,F-N,100,ood,gold_reencode,full1_all,long_paths,256,32,-14.0625,-16.796875,-11.328125
42,F-N,100,ood,gold_reencode,endpoint2_all,long_paths,256,32,-14.0625,-16.796875,-11.328125
42,F-N,100,ood,gold_reencode,full2_all,long_paths,256,32,-14.0625,-16.796875,-11.328125
42,F-N,100,ood,gold_reencode,endpoint3_all,long_paths,256,32,0,0.0,0.0
42,F-N,100,ood,gold_reencode,full3_all,long_paths,256,32,0,0.0,0.0
42,F-N,100,ood,gold_reencode,endpoint4_all,long_paths,256,32,0,0.0,0.0
42,F-N,100,ood,gold_reencode,full4_all,long_paths,256,32,0,0.0,0.0
42,F-N,100,ood,gold_reencode,endpoint5_all,long_paths,256,32,0,0.0,0.0
42,F-N,100,ood,gold_reencode,full5_all,long_paths,256,32,0,0.0,0.0
42,F-N,100,ood,gold_reencode,endpoint1_monotone,long_paths,128,32,-28.125,-33.59375,-22.65625
42,F-N,100,ood,gold_reencode,full1_monotone,long_paths,128,32,-28.125,-33.59375,-22.65625
42,F-N,100,ood,gold_reencode,endpoint2_monotone,long_paths,128,32,-28.125,-33.59375,-22.65625
42,F-N,100,ood,gold_reencode,full2_monotone,long_paths,128,32,-28.125,-33.59375,-22.65625
42,F-N,100,ood,gold_reencode,endpoint3_monotone,long_paths,128,32,0,0.0,0.0
42,F-N,100,ood,gold_reencode,full3_monotone,long_paths,128,32,0,0.0,0.0
42,F-N,100,ood,gold_reencode,endpoint4_monotone,long_paths,128,32,0,0.0,0.0
42,F-N,100,ood,gold_reencode,full4_monotone,long_paths,128,32,0,0.0,0.0
42,F-N,100,ood,gold_reencode,endpoint5_monotone,long_paths,128,32,0,0.0,0.0
42,F-N,100,ood,gold_reencode,full5_monotone,long_paths,128,32,0,0.0,0.0
42,F-N,100,ood,gold_reencode,endpoint1_alternating,long_paths,64,32,0,0.0,0.0
42,F-N,100,ood,gold_reencode,full1_alternating,long_paths,64,32,0,0.0,0.0
42,F-N,100,ood,gold_reencode,endpoint2_alternating,long_paths,64,32,0,0.0,0.0
42,F-N,100,ood,gold_reencode,full2_alternating,long_paths,64,32,0,0.0,0.0
42,F-N,100,ood,gold_reencode,endpoint3_alternating,long_paths,64,32,0,0.0,0.0
42,F-N,100,ood,gold_reencode,full3_alternating,long_paths,64,32,0,0.0,0.0
42,F-N,100,ood,gold_reencode,endpoint4_alternating,long_paths,64,32,0,0.0,0.0
42,F-N,100,ood,gold_reencode,full4_alternating,long_paths,64,32,0,0.0,0.0
42,F-N,100,ood,gold_reencode,endpoint5_alternating,long_paths,64,32,0,0.0,0.0
42,F-N,100,ood,gold_reencode,full5_alternating,long_paths,64,32,0,0.0,0.0
42,F-N,100,ood,gold_reencode,endpoint1_boundary_alternating,long_paths,64,32,0,0.0,0.0
42,F-N,100,ood,gold_reencode,full1_boundary_alternating,long_paths,64,32,0,0.0,0.0
42,F-N,100,ood,gold_reencode,endpoint2_boundary_alternating,long_paths,64,32,0,0.0,0.0
42,F-N,100,ood,gold_reencode,full2_boundary_alternating,long_paths,64,32,0,0.0,0.0
42,F-N,100,ood,gold_reencode,endpoint3_boundary_alternating,long_paths,64,32,0,0.0,0.0
42,F-N,100,ood,gold_reencode,full3_boundary_alternating,long_paths,64,32,0,0.0,0.0
42,F-N,100,ood,gold_reencode,endpoint4_boundary_alternating,long_paths,64,32,0,0.0,0.0
42,F-N,100,ood,gold_reencode,full4_boundary_alternating,long_paths,64,32,0,0.0,0.0
42,F-N,100,ood,gold_reencode,endpoint5_boundary_alternating,long_paths,64,32,0,0.0,0.0
42,F-N,100,ood,gold_reencode,full5_boundary_alternating,long_paths,64,32,0,0.0,0.0
42,F-N,100,ood,actual_reencode,endpoint1_all,long_paths,256,32,-14.0625,-16.796875,-11.328125
42,F-N,100,ood,actual_reencode,full1_all,long_paths,256,32,-14.0625,-16.796875,-11.328125
42,F-N,100,ood,actual_reencode,endpoint2_all,long_paths,256,32,-22.265625,-27.734375,-16.40625
42,F-N,100,ood,actual_reencode,full2_all,long_paths,256,32,-24.609375,-28.515625,-20.3125
42,F-N,100,ood,actual_reencode,endpoint3_all,long_paths,256,32,-22.265625,-25.78125,-18.75
42,F-N,100,ood,actual_reencode,full3_all,long_paths,256,32,-21.09375,-24.21875,-17.96875
42,F-N,100,ood,actual_reencode,endpoint4_all,long_paths,256,32,-19.921875,-24.609375,-14.0625
42,F-N,100,ood,actual_reencode,full4_all,long_paths,256,32,-21.09375,-24.21875,-17.96875
42,F-N,100,ood,actual_reencode,endpoint5_all,long_paths,256,32,-22.265625,-25.78125,-18.75
42,F-N,100,ood,actual_reencode,full5_all,long_paths,256,32,-21.09375,-24.21875,-17.96875
42,F-N,100,ood,actual_reencode,endpoint1_monotone,long_paths,128,32,-28.125,-33.59375,-22.65625
42,F-N,100,ood,actual_reencode,full1_monotone,long_paths,128,32,-28.125,-33.59375,-22.65625
42,F-N,100,ood,actual_reencode,endpoint2_monotone,long_paths,128,32,-49.21875,-57.03125,-40.625
42,F-N,100,ood,actual_reencode,full2_monotone,long_paths,128,32,-49.21875,-57.03125,-40.625
42,F-N,100,ood,actual_reencode,endpoint3_monotone,long_paths,128,32,-42.1875,-48.4375,-35.9375
42,F-N,100,ood,actual_reencode,full3_monotone,long_paths,128,32,-42.1875,-48.4375,-35.9375
42,F-N,100,ood,actual_reencode,endpoint4_monotone,long_paths,128,32,-42.1875,-48.4375,-35.9375
42,F-N,100,ood,actual_reencode,full4_monotone,long_paths,128,32,-42.1875,-48.4375,-35.9375
42,F-N,100,ood,actual_reencode,endpoint5_monotone,long_paths,128,32,-42.1875,-48.4375,-35.9375
42,F-N,100,ood,actual_reencode,full5_monotone,long_paths,128,32,-42.1875,-48.4375,-35.9375
42,F-N,100,ood,actual_reencode,endpoint1_alternating,long_paths,64,32,0,0.0,0.0
42,F-N,100,ood,actual_reencode,full1_alternating,long_paths,64,32,0,0.0,0.0
42,F-N,100,ood,actual_reencode,endpoint2_alternating,long_paths,64,32,9.375,0.0,21.875
42,F-N,100,ood,actual_reencode,full2_alternating,long_paths,64,32,0,0.0,0.0
42,F-N,100,ood,actual_reencode,endpoint3_alternating,long_paths,64,32,-4.6875,-9.375,0.0
42,F-N,100,ood,actual_reencode,full3_alternating,long_paths,64,32,0,0.0,0.0
42,F-N,100,ood,actual_reencode,endpoint4_alternating,long_paths,64,32,4.6875,-6.25,17.1875
42,F-N,100,ood,actual_reencode,full4_alternating,long_paths,64,32,0,0.0,0.0
42,F-N,100,ood,actual_reencode,endpoint5_alternating,long_paths,64,32,-4.6875,-9.375,0.0
42,F-N,100,ood,actual_reencode,full5_alternating,long_paths,64,32,0,0.0,0.0
42,F-N,100,ood,actual_reencode,endpoint1_boundary_alternating,long_paths,64,32,0,0.0,0.0
42,F-N,100,ood,actual_reencode,full1_boundary_alternating,long_paths,64,32,0,0.0,0.0
42,F-N,100,ood,actual_reencode,endpoint2_boundary_alternating,long_paths,64,32,0,0.0,0.0
42,F-N,100,ood,actual_reencode,full2_boundary_alternating,long_paths,64,32,0,0.0,0.0
42,F-N,100,ood,actual_reencode,endpoint3_boundary_alternating,long_paths,64,32,0,0.0,0.0
42,F-N,100,ood,actual_reencode,full3_boundary_alternating,long_paths,64,32,0,0.0,0.0
42,F-N,100,ood,actual_reencode,endpoint4_boundary_alternating,long_paths,64,32,0,0.0,0.0
42,F-N,100,ood,actual_reencode,full4_boundary_alternating,long_paths,64,32,0,0.0,0.0
42,F-N,100,ood,actual_reencode,endpoint5_boundary_alternating,long_paths,64,32,0,0.0,0.0
42,F-N,100,ood,actual_reencode,full5_boundary_alternating,long_paths,64,32,0,0.0,0.0
42,F-N,200,iid,natural,atomic_macro,all,768,32,0,0.0,0.0
42,F-N,200,ood,natural,atomic_macro,all,384,32,-13.802083333333332,-15.104166666666666,-12.499999999999998
42,F-N,200,iid,fixed_T0,endpoint2,all,704,32,87.5,86.22159090909092,88.77840909090908
42,F-N,200,iid,fixed_T0,full2,all,704,32,87.5,86.22159090909092,88.77840909090908
42,F-N,200,iid,fixed_T0,endpoint2,fixed_diagnostic,704,32,87.5,86.22159090909092,88.77840909090908
42,F-N,200,iid,fixed_T0,full2,fixed_diagnostic,704,32,87.5,86.22159090909092,88.77840909090908
42,F-N,200,ood,fixed_T0,endpoint2,all,704,32,28.83522727272727,27.84090909090909,29.829545454545446
42,F-N,200,ood,fixed_T0,full2,all,704,32,21.164772727272727,20.454545454545453,21.875
42,F-N,200,ood,fixed_T0,endpoint2,fixed_diagnostic,288,32,51.736111111111114,49.99999999999999,53.47222222222223
42,F-N,200,ood,fixed_T0,full2,fixed_diagnostic,288,32,51.736111111111114,49.99999999999999,53.47222222222223
42,F-N,200,iid,U,endpoint2,all,704,32,61.50568181818181,59.80113636363635,63.06818181818181
42,F-N,200,iid,U,full2,all,704,32,61.50568181818181,59.80113636363635,63.06818181818181
42,F-N,200,iid,U,endpoint2,fixed_diagnostic,704,32,61.50568181818181,59.80113636363635,63.06818181818181
42,F-N,200,iid,U,full2,fixed_diagnostic,704,32,61.50568181818181,59.80113636363635,63.06818181818181
42,F-N,200,ood,U,endpoint2,all,704,32,30.681818181818183,29.545454545454547,31.534090909090907
42,F-N,200,ood,U,full2,all,704,32,19.176136363636363,17.755681818181817,20.454545454545453
42,F-N,200,ood,U,endpoint2,fixed_diagnostic,288,32,52.43055555555556,50.0,54.51388888888889
42,F-N,200,ood,U,full2,fixed_diagnostic,288,32,46.875,43.40277777777777,50.0
42,F-N,200,iid,self,endpoint2,all,704,32,36.50568181818182,34.09090909090909,38.77840909090909
42,F-N,200,iid,self,full2,all,704,32,36.50568181818182,34.09090909090909,38.77840909090909
42,F-N,200,iid,self,endpoint2,fixed_diagnostic,704,32,36.50568181818182,34.09090909090909,38.77840909090909
42,F-N,200,iid,self,full2,fixed_diagnostic,704,32,36.50568181818182,34.09090909090909,38.77840909090909
42,F-N,200,ood,self,endpoint2,all,704,32,22.443181818181817,21.448863636363637,23.4375
42,F-N,200,ood,self,full2,all,704,32,17.897727272727273,16.90340909090909,18.892045454545453
42,F-N,200,ood,self,endpoint2,fixed_diagnostic,288,32,52.77777777777778,50.69444444444444,54.51388888888889
42,F-N,200,ood,self,full2,fixed_diagnostic,288,32,43.75,41.31944444444444,46.18055555555556
42,F-N,200,iid,gold_reencode,endpoint2,all,704,32,0,0.0,0.0
42,F-N,200,iid,gold_reencode,full2,all,704,32,0,0.0,0.0
42,F-N,200,iid,gold_reencode,endpoint2,fixed_diagnostic,704,32,0,0.0,0.0
42,F-N,200,iid,gold_reencode,full2,fixed_diagnostic,704,32,0,0.0,0.0
42,F-N,200,ood,gold_reencode,endpoint2,all,704,32,-15.056818181818182,-16.47727272727273,-13.636363636363635
42,F-N,200,ood,gold_reencode,full2,all,704,32,-22.58522727272727,-24.71590909090909,-20.454545454545453
42,F-N,200,ood,gold_reencode,endpoint2,fixed_diagnostic,288,32,-18.055555555555554,-20.833333333333332,-14.583333333333334
42,F-N,200,ood,gold_reencode,full2,fixed_diagnostic,288,32,-27.083333333333332,-31.25,-21.875
42,F-N,200,iid,actual_reencode,endpoint2,all,704,32,0,0.0,0.0
42,F-N,200,iid,actual_reencode,full2,all,704,32,0,0.0,0.0
42,F-N,200,iid,actual_reencode,endpoint2,fixed_diagnostic,704,32,0,0.0,0.0
42,F-N,200,iid,actual_reencode,full2,fixed_diagnostic,704,32,0,0.0,0.0
42,F-N,200,ood,actual_reencode,endpoint2,all,704,32,-23.011363636363637,-25.142045454545453,-20.738636363636363
42,F-N,200,ood,actual_reencode,full2,all,704,32,-26.420454545454547,-28.977272727272723,-23.72159090909091
42,F-N,200,ood,actual_reencode,endpoint2,fixed_diagnostic,288,32,-18.75,-21.875,-15.277777777777779
42,F-N,200,ood,actual_reencode,full2,fixed_diagnostic,288,32,-27.083333333333332,-31.25,-21.875
42,F-N,200,iid,latent,endpoint1_all,long_paths,256,32,0,0.0,0.0
42,F-N,200,iid,latent,full1_all,long_paths,256,32,0,0.0,0.0
42,F-N,200,iid,latent,endpoint2_all,long_paths,256,32,37.890625,34.375,41.40625
42,F-N,200,iid,latent,full2_all,long_paths,256,32,37.890625,34.375,41.40625
42,F-N,200,iid,latent,endpoint3_all,long_paths,256,32,-3.515625,-5.859375,-1.5625
42,F-N,200,iid,latent,full3_all,long_paths,256,32,0,0.0,0.0
42,F-N,200,iid,latent,endpoint4_all,long_paths,256,32,0,0.0,0.0
42,F-N,200,iid,latent,full4_all,long_paths,256,32,0,0.0,0.0
42,F-N,200,iid,latent,endpoint5_all,long_paths,256,32,0,0.0,0.0
42,F-N,200,iid,latent,full5_all,long_paths,256,32,0,0.0,0.0
42,F-N,200,iid,latent,endpoint1_monotone,long_paths,128,32,0,0.0,0.0
42,F-N,200,iid,latent,full1_monotone,long_paths,128,32,0,0.0,0.0
42,F-N,200,iid,latent,endpoint2_monotone,long_paths,128,32,4.6875,1.5625,8.59375
42,F-N,200,iid,latent,full2_monotone,long_paths,128,32,4.6875,1.5625,8.59375
42,F-N,200,iid,latent,endpoint3_monotone,long_paths,128,32,0,0.0,0.0
42,F-N,200,iid,latent,full3_monotone,long_paths,128,32,0,0.0,0.0
42,F-N,200,iid,latent,endpoint4_monotone,long_paths,128,32,0,0.0,0.0
42,F-N,200,iid,latent,full4_monotone,long_paths,128,32,0,0.0,0.0
42,F-N,200,iid,latent,endpoint5_monotone,long_paths,128,32,0,0.0,0.0
42,F-N,200,iid,latent,full5_monotone,long_paths,128,32,0,0.0,0.0
42,F-N,200,iid,latent,endpoint1_alternating,long_paths,64,32,0,0.0,0.0
42,F-N,200,iid,latent,full1_alternating,long_paths,64,32,0,0.0,0.0
42,F-N,200,iid,latent,endpoint2_alternating,long_paths,64,32,54.6875,46.875,62.5
42,F-N,200,iid,latent,full2_alternating,long_paths,64,32,54.6875,46.875,62.5
42,F-N,200,iid,latent,endpoint3_alternating,long_paths,64,32,-14.0625,-23.4375,-6.25
42,F-N,200,iid,latent,full3_alternating,long_paths,64,32,0,0.0,0.0
42,F-N,200,iid,latent,endpoint4_alternating,long_paths,64,32,0,0.0,0.0
42,F-N,200,iid,latent,full4_alternating,long_paths,64,32,0,0.0,0.0
42,F-N,200,iid,latent,endpoint5_alternating,long_paths,64,32,0,0.0,0.0
42,F-N,200,iid,latent,full5_alternating,long_paths,64,32,0,0.0,0.0
42,F-N,200,iid,latent,endpoint1_boundary_alternating,long_paths,64,32,0,0.0,0.0
42,F-N,200,iid,latent,full1_boundary_alternating,long_paths,64,32,0,0.0,0.0
42,F-N,200,iid,latent,endpoint2_boundary_alternating,long_paths,64,32,87.5,79.6875,95.3125
42,F-N,200,iid,latent,full2_boundary_alternating,long_paths,64,32,87.5,79.6875,95.3125
42,F-N,200,iid,latent,endpoint3_boundary_alternating,long_paths,64,32,0,0.0,0.0
42,F-N,200,iid,latent,full3_boundary_alternating,long_paths,64,32,0,0.0,0.0
42,F-N,200,iid,latent,endpoint4_boundary_alternating,long_paths,64,32,0,0.0,0.0
42,F-N,200,iid,latent,full4_boundary_alternating,long_paths,64,32,0,0.0,0.0
42,F-N,200,iid,latent,endpoint5_boundary_alternating,long_paths,64,32,0,0.0,0.0
42,F-N,200,iid,latent,full5_boundary_alternating,long_paths,64,32,0,0.0,0.0
42,F-N,200,iid,gold_reencode,endpoint1_all,long_paths,256,32,0,0.0,0.0
42,F-N,200,iid,gold_reencode,full1_all,long_paths,256,32,0,0.0,0.0
42,F-N,200,iid,gold_reencode,endpoint2_all,long_paths,256,32,0,0.0,0.0
42,F-N,200,iid,gold_reencode,full2_all,long_paths,256,32,0,0.0,0.0
42,F-N,200,iid,gold_reencode,endpoint3_all,long_paths,256,32,0,0.0,0.0
42,F-N,200,iid,gold_reencode,full3_all,long_paths,256,32,0,0.0,0.0
42,F-N,200,iid,gold_reencode,endpoint4_all,long_paths,256,32,0,0.0,0.0
42,F-N,200,iid,gold_reencode,full4_all,long_paths,256,32,0,0.0,0.0
42,F-N,200,iid,gold_reencode,endpoint5_all,long_paths,256,32,0,0.0,0.0
42,F-N,200,iid,gold_reencode,full5_all,long_paths,256,32,0,0.0,0.0
42,F-N,200,iid,gold_reencode,endpoint1_monotone,long_paths,128,32,0,0.0,0.0
42,F-N,200,iid,gold_reencode,full1_monotone,long_paths,128,32,0,0.0,0.0
42,F-N,200,iid,gold_reencode,endpoint2_monotone,long_paths,128,32,0,0.0,0.0
42,F-N,200,iid,gold_reencode,full2_monotone,long_paths,128,32,0,0.0,0.0
42,F-N,200,iid,gold_reencode,endpoint3_monotone,long_paths,128,32,0,0.0,0.0
42,F-N,200,iid,gold_reencode,full3_monotone,long_paths,128,32,0,0.0,0.0
42,F-N,200,iid,gold_reencode,endpoint4_monotone,long_paths,128,32,0,0.0,0.0
42,F-N,200,iid,gold_reencode,full4_monotone,long_paths,128,32,0,0.0,0.0
42,F-N,200,iid,gold_reencode,endpoint5_monotone,long_paths,128,32,0,0.0,0.0
42,F-N,200,iid,gold_reencode,full5_monotone,long_paths,128,32,0,0.0,0.0
42,F-N,200,iid,gold_reencode,endpoint1_alternating,long_paths,64,32,0,0.0,0.0
42,F-N,200,iid,gold_reencode,full1_alternating,long_paths,64,32,0,0.0,0.0
42,F-N,200,iid,gold_reencode,endpoint2_alternating,long_paths,64,32,0,0.0,0.0
42,F-N,200,iid,gold_reencode,full2_alternating,long_paths,64,32,0,0.0,0.0
42,F-N,200,iid,gold_reencode,endpoint3_alternating,long_paths,64,32,0,0.0,0.0
42,F-N,200,iid,gold_reencode,full3_alternating,long_paths,64,32,0,0.0,0.0
42,F-N,200,iid,gold_reencode,endpoint4_alternating,long_paths,64,32,0,0.0,0.0
42,F-N,200,iid,gold_reencode,full4_alternating,long_paths,64,32,0,0.0,0.0
42,F-N,200,iid,gold_reencode,endpoint5_alternating,long_paths,64,32,0,0.0,0.0
42,F-N,200,iid,gold_reencode,full5_alternating,long_paths,64,32,0,0.0,0.0
42,F-N,200,iid,gold_reencode,endpoint1_boundary_alternating,long_paths,64,32,0,0.0,0.0
42,F-N,200,iid,gold_reencode,full1_boundary_alternating,long_paths,64,32,0,0.0,0.0
42,F-N,200,iid,gold_reencode,endpoint2_boundary_alternating,long_paths,64,32,0,0.0,0.0
42,F-N,200,iid,gold_reencode,full2_boundary_alternating,long_paths,64,32,0,0.0,0.0
42,F-N,200,iid,gold_reencode,endpoint3_boundary_alternating,long_paths,64,32,0,0.0,0.0
42,F-N,200,iid,gold_reencode,full3_boundary_alternating,long_paths,64,32,0,0.0,0.0
42,F-N,200,iid,gold_reencode,endpoint4_boundary_alternating,long_paths,64,32,0,0.0,0.0
42,F-N,200,iid,gold_reencode,full4_boundary_alternating,long_paths,64,32,0,0.0,0.0
42,F-N,200,iid,gold_reencode,endpoint5_boundary_alternating,long_paths,64,32,0,0.0,0.0
42,F-N,200,iid,gold_reencode,full5_boundary_alternating,long_paths,64,32,0,0.0,0.0
42,F-N,200,iid,actual_reencode,endpoint1_all,long_paths,256,32,0,0.0,0.0
42,F-N,200,iid,actual_reencode,full1_all,long_paths,256,32,0,0.0,0.0
42,F-N,200,iid,actual_reencode,endpoint2_all,long_paths,256,32,0,0.0,0.0
42,F-N,200,iid,actual_reencode,full2_all,long_paths,256,32,0,0.0,0.0
42,F-N,200,iid,actual_reencode,endpoint3_all,long_paths,256,32,0,0.0,0.0
42,F-N,200,iid,actual_reencode,full3_all,long_paths,256,32,0,0.0,0.0
42,F-N,200,iid,actual_reencode,endpoint4_all,long_paths,256,32,0,0.0,0.0
42,F-N,200,iid,actual_reencode,full4_all,long_paths,256,32,0,0.0,0.0
42,F-N,200,iid,actual_reencode,endpoint5_all,long_paths,256,32,0,0.0,0.0
42,F-N,200,iid,actual_reencode,full5_all,long_paths,256,32,0,0.0,0.0
42,F-N,200,iid,actual_reencode,endpoint1_monotone,long_paths,128,32,0,0.0,0.0
42,F-N,200,iid,actual_reencode,full1_monotone,long_paths,128,32,0,0.0,0.0
42,F-N,200,iid,actual_reencode,endpoint2_monotone,long_paths,128,32,0,0.0,0.0
42,F-N,200,iid,actual_reencode,full2_monotone,long_paths,128,32,0,0.0,0.0
42,F-N,200,iid,actual_reencode,endpoint3_monotone,long_paths,128,32,0,0.0,0.0
42,F-N,200,iid,actual_reencode,full3_monotone,long_paths,128,32,0,0.0,0.0
42,F-N,200,iid,actual_reencode,endpoint4_monotone,long_paths,128,32,0,0.0,0.0
42,F-N,200,iid,actual_reencode,full4_monotone,long_paths,128,32,0,0.0,0.0
42,F-N,200,iid,actual_reencode,endpoint5_monotone,long_paths,128,32,0,0.0,0.0
42,F-N,200,iid,actual_reencode,full5_monotone,long_paths,128,32,0,0.0,0.0
42,F-N,200,iid,actual_reencode,endpoint1_alternating,long_paths,64,32,0,0.0,0.0
42,F-N,200,iid,actual_reencode,full1_alternating,long_paths,64,32,0,0.0,0.0
42,F-N,200,iid,actual_reencode,endpoint2_alternating,long_paths,64,32,0,0.0,0.0
42,F-N,200,iid,actual_reencode,full2_alternating,long_paths,64,32,0,0.0,0.0
42,F-N,200,iid,actual_reencode,endpoint3_alternating,long_paths,64,32,0,0.0,0.0
42,F-N,200,iid,actual_reencode,full3_alternating,long_paths,64,32,0,0.0,0.0
42,F-N,200,iid,actual_reencode,endpoint4_alternating,long_paths,64,32,0,0.0,0.0
42,F-N,200,iid,actual_reencode,full4_alternating,long_paths,64,32,0,0.0,0.0
42,F-N,200,iid,actual_reencode,endpoint5_alternating,long_paths,64,32,0,0.0,0.0
42,F-N,200,iid,actual_reencode,full5_alternating,long_paths,64,32,0,0.0,0.0
42,F-N,200,iid,actual_reencode,endpoint1_boundary_alternating,long_paths,64,32,0,0.0,0.0
42,F-N,200,iid,actual_reencode,full1_boundary_alternating,long_paths,64,32,0,0.0,0.0
42,F-N,200,iid,actual_reencode,endpoint2_boundary_alternating,long_paths,64,32,0,0.0,0.0
42,F-N,200,iid,actual_reencode,full2_boundary_alternating,long_paths,64,32,0,0.0,0.0
42,F-N,200,iid,actual_reencode,endpoint3_boundary_alternating,long_paths,64,32,0,0.0,0.0
42,F-N,200,iid,actual_reencode,full3_boundary_alternating,long_paths,64,32,0,0.0,0.0
42,F-N,200,iid,actual_reencode,endpoint4_boundary_alternating,long_paths,64,32,0,0.0,0.0
42,F-N,200,iid,actual_reencode,full4_boundary_alternating,long_paths,64,32,0,0.0,0.0
42,F-N,200,iid,actual_reencode,endpoint5_boundary_alternating,long_paths,64,32,0,0.0,0.0
42,F-N,200,iid,actual_reencode,full5_boundary_alternating,long_paths,64,32,0,0.0,0.0
42,F-N,200,ood,latent,endpoint1_all,long_paths,256,32,-20.703125,-22.65625,-18.75
42,F-N,200,ood,latent,full1_all,long_paths,256,32,-20.703125,-22.65625,-18.75
42,F-N,200,ood,latent,endpoint2_all,long_paths,256,32,26.5625,24.609375,28.90625
42,F-N,200,ood,latent,full2_all,long_paths,256,32,24.21875,23.046875,25.0
42,F-N,200,ood,latent,endpoint3_all,long_paths,256,32,-6.640625,-10.15625,-3.515625
42,F-N,200,ood,latent,full3_all,long_paths,256,32,0,0.0,0.0
42,F-N,200,ood,latent,endpoint4_all,long_paths,256,32,0,0.0,0.0
42,F-N,200,ood,latent,full4_all,long_paths,256,32,0,0.0,0.0
42,F-N,200,ood,latent,endpoint5_all,long_paths,256,32,0,0.0,0.0
42,F-N,200,ood,latent,full5_all,long_paths,256,32,0,0.0,0.0
42,F-N,200,ood,latent,endpoint1_monotone,long_paths,128,32,-41.40625,-45.3125,-37.5
42,F-N,200,ood,latent,full1_monotone,long_paths,128,32,-41.40625,-45.3125,-37.5
42,F-N,200,ood,latent,endpoint2_monotone,long_paths,128,32,0,0.0,0.0
42,F-N,200,ood,latent,full2_monotone,long_paths,128,32,0,0.0,0.0
42,F-N,200,ood,latent,endpoint3_monotone,long_paths,128,32,0,0.0,0.0
42,F-N,200,ood,latent,full3_monotone,long_paths,128,32,0,0.0,0.0
42,F-N,200,ood,latent,endpoint4_monotone,long_paths,128,32,0,0.0,0.0
42,F-N,200,ood,latent,full4_monotone,long_paths,128,32,0,0.0,0.0
42,F-N,200,ood,latent,endpoint5_monotone,long_paths,128,32,0,0.0,0.0
42,F-N,200,ood,latent,full5_monotone,long_paths,128,32,0,0.0,0.0
42,F-N,200,ood,latent,endpoint1_alternating,long_paths,64,32,0,0.0,0.0
42,F-N,200,ood,latent,full1_alternating,long_paths,64,32,0,0.0,0.0
42,F-N,200,ood,latent,endpoint2_alternating,long_paths,64,32,9.375,3.125,15.625
42,F-N,200,ood,latent,full2_alternating,long_paths,64,32,0,0.0,0.0
42,F-N,200,ood,latent,endpoint3_alternating,long_paths,64,32,-15.625,-26.5625,-6.25
42,F-N,200,ood,latent,full3_alternating,long_paths,64,32,0,0.0,0.0
42,F-N,200,ood,latent,endpoint4_alternating,long_paths,64,32,0,0.0,0.0
42,F-N,200,ood,latent,full4_alternating,long_paths,64,32,0,0.0,0.0
42,F-N,200,ood,latent,endpoint5_alternating,long_paths,64,32,0,0.0,0.0
42,F-N,200,ood,latent,full5_alternating,long_paths,64,32,0,0.0,0.0
42,F-N,200,ood,latent,endpoint1_boundary_alternating,long_paths,64,32,0,0.0,0.0
42,F-N,200,ood,latent,full1_boundary_alternating,long_paths,64,32,0,0.0,0.0
42,F-N,200,ood,latent,endpoint2_boundary_alternating,long_paths,64,32,96.875,92.1875,100.0
42,F-N,200,ood,latent,full2_boundary_alternating,long_paths,64,32,96.875,92.1875,100.0
42,F-N,200,ood,latent,endpoint3_boundary_alternating,long_paths,64,32,-10.9375,-18.75,-4.6875
42,F-N,200,ood,latent,full3_boundary_alternating,long_paths,64,32,0,0.0,0.0
42,F-N,200,ood,latent,endpoint4_boundary_alternating,long_paths,64,32,0,0.0,0.0
42,F-N,200,ood,latent,full4_boundary_alternating,long_paths,64,32,0,0.0,0.0
42,F-N,200,ood,latent,endpoint5_boundary_alternating,long_paths,64,32,0,0.0,0.0
42,F-N,200,ood,latent,full5_boundary_alternating,long_paths,64,32,0,0.0,0.0
42,F-N,200,ood,gold_reencode,endpoint1_all,long_paths,256,32,-20.703125,-22.65625,-18.75
42,F-N,200,ood,gold_reencode,full1_all,long_paths,256,32,-20.703125,-22.65625,-18.75
42,F-N,200,ood,gold_reencode,endpoint2_all,long_paths,256,32,-20.703125,-22.65625,-18.75
42,F-N,200,ood,gold_reencode,full2_all,long_paths,256,32,-20.703125,-22.65625,-18.75
42,F-N,200,ood,gold_reencode,endpoint3_all,long_paths,256,32,0,0.0,0.0
42,F-N,200,ood,gold_reencode,full3_all,long_paths,256,32,0,0.0,0.0
42,F-N,200,ood,gold_reencode,endpoint4_all,long_paths,256,32,0,0.0,0.0
42,F-N,200,ood,gold_reencode,full4_all,long_paths,256,32,0,0.0,0.0
42,F-N,200,ood,gold_reencode,endpoint5_all,long_paths,256,32,0,0.0,0.0
42,F-N,200,ood,gold_reencode,full5_all,long_paths,256,32,0,0.0,0.0
42,F-N,200,ood,gold_reencode,endpoint1_monotone,long_paths,128,32,-41.40625,-45.3125,-37.5
42,F-N,200,ood,gold_reencode,full1_monotone,long_paths,128,32,-41.40625,-45.3125,-37.5
42,F-N,200,ood,gold_reencode,endpoint2_monotone,long_paths,128,32,-41.40625,-45.3125,-37.5
42,F-N,200,ood,gold_reencode,full2_monotone,long_paths,128,32,-41.40625,-45.3125,-37.5
42,F-N,200,ood,gold_reencode,endpoint3_monotone,long_paths,128,32,0,0.0,0.0
42,F-N,200,ood,gold_reencode,full3_monotone,long_paths,128,32,0,0.0,0.0
42,F-N,200,ood,gold_reencode,endpoint4_monotone,long_paths,128,32,0,0.0,0.0
42,F-N,200,ood,gold_reencode,full4_monotone,long_paths,128,32,0,0.0,0.0
42,F-N,200,ood,gold_reencode,endpoint5_monotone,long_paths,128,32,0,0.0,0.0
42,F-N,200,ood,gold_reencode,full5_monotone,long_paths,128,32,0,0.0,0.0
42,F-N,200,ood,gold_reencode,endpoint1_alternating,long_paths,64,32,0,0.0,0.0
42,F-N,200,ood,gold_reencode,full1_alternating,long_paths,64,32,0,0.0,0.0
42,F-N,200,ood,gold_reencode,endpoint2_alternating,long_paths,64,32,0,0.0,0.0
42,F-N,200,ood,gold_reencode,full2_alternating,long_paths,64,32,0,0.0,0.0
42,F-N,200,ood,gold_reencode,endpoint3_alternating,long_paths,64,32,0,0.0,0.0
42,F-N,200,ood,gold_reencode,full3_alternating,long_paths,64,32,0,0.0,0.0
42,F-N,200,ood,gold_reencode,endpoint4_alternating,long_paths,64,32,0,0.0,0.0
42,F-N,200,ood,gold_reencode,full4_alternating,long_paths,64,32,0,0.0,0.0
42,F-N,200,ood,gold_reencode,endpoint5_alternating,long_paths,64,32,0,0.0,0.0
42,F-N,200,ood,gold_reencode,full5_alternating,long_paths,64,32,0,0.0,0.0
42,F-N,200,ood,gold_reencode,endpoint1_boundary_alternating,long_paths,64,32,0,0.0,0.0
42,F-N,200,ood,gold_reencode,full1_boundary_alternating,long_paths,64,32,0,0.0,0.0
42,F-N,200,ood,gold_reencode,endpoint2_boundary_alternating,long_paths,64,32,0,0.0,0.0
42,F-N,200,ood,gold_reencode,full2_boundary_alternating,long_paths,64,32,0,0.0,0.0
42,F-N,200,ood,gold_reencode,endpoint3_boundary_alternating,long_paths,64,32,0,0.0,0.0
42,F-N,200,ood,gold_reencode,full3_boundary_alternating,long_paths,64,32,0,0.0,0.0
42,F-N,200,ood,gold_reencode,endpoint4_boundary_alternating,long_paths,64,32,0,0.0,0.0
42,F-N,200,ood,gold_reencode,full4_boundary_alternating,long_paths,64,32,0,0.0,0.0
42,F-N,200,ood,gold_reencode,endpoint5_boundary_alternating,long_paths,64,32,0,0.0,0.0
42,F-N,200,ood,gold_reencode,full5_boundary_alternating,long_paths,64,32,0,0.0,0.0
42,F-N,200,ood,actual_reencode,endpoint1_all,long_paths,256,32,-20.703125,-22.65625,-18.75
42,F-N,200,ood,actual_reencode,full1_all,long_paths,256,32,-20.703125,-22.65625,-18.75
42,F-N,200,ood,actual_reencode,endpoint2_all,long_paths,256,32,-31.25,-34.375,-28.125
42,F-N,200,ood,actual_reencode,full2_all,long_paths,256,32,-31.25,-34.375,-28.125
42,F-N,200,ood,actual_reencode,endpoint3_all,long_paths,256,32,-22.265625,-25.78125,-18.75
42,F-N,200,ood,actual_reencode,full3_all,long_paths,256,32,-21.09375,-24.21875,-17.96875
42,F-N,200,ood,actual_reencode,endpoint4_all,long_paths,256,32,-22.265625,-25.78125,-18.75
42,F-N,200,ood,actual_reencode,full4_all,long_paths,256,32,-21.09375,-24.21875,-17.96875
42,F-N,200,ood,actual_reencode,endpoint5_all,long_paths,256,32,-22.265625,-25.78125,-18.75
42,F-N,200,ood,actual_reencode,full5_all,long_paths,256,32,-21.09375,-24.21875,-17.96875
42,F-N,200,ood,actual_reencode,endpoint1_monotone,long_paths,128,32,-41.40625,-45.3125,-37.5
42,F-N,200,ood,actual_reencode,full1_monotone,long_paths,128,32,-41.40625,-45.3125,-37.5
42,F-N,200,ood,actual_reencode,endpoint2_monotone,long_paths,128,32,-62.5,-68.75,-56.25
42,F-N,200,ood,actual_reencode,full2_monotone,long_paths,128,32,-62.5,-68.75,-56.25
42,F-N,200,ood,actual_reencode,endpoint3_monotone,long_paths,128,32,-42.1875,-48.4375,-35.9375
42,F-N,200,ood,actual_reencode,full3_monotone,long_paths,128,32,-42.1875,-48.4375,-35.9375
42,F-N,200,ood,actual_reencode,endpoint4_monotone,long_paths,128,32,-42.1875,-48.4375,-35.9375
42,F-N,200,ood,actual_reencode,full4_monotone,long_paths,128,32,-42.1875,-48.4375,-35.9375
42,F-N,200,ood,actual_reencode,endpoint5_monotone,long_paths,128,32,-42.1875,-48.4375,-35.9375
42,F-N,200,ood,actual_reencode,full5_monotone,long_paths,128,32,-42.1875,-48.4375,-35.9375
42,F-N,200,ood,actual_reencode,endpoint1_alternating,long_paths,64,32,0,0.0,0.0
42,F-N,200,ood,actual_reencode,full1_alternating,long_paths,64,32,0,0.0,0.0
42,F-N,200,ood,actual_reencode,endpoint2_alternating,long_paths,64,32,0,0.0,0.0
42,F-N,200,ood,actual_reencode,full2_alternating,long_paths,64,32,0,0.0,0.0
42,F-N,200,ood,actual_reencode,endpoint3_alternating,long_paths,64,32,-4.6875,-9.375,0.0
42,F-N,200,ood,actual_reencode,full3_alternating,long_paths,64,32,0,0.0,0.0
42,F-N,200,ood,actual_reencode,endpoint4_alternating,long_paths,64,32,-4.6875,-9.375,0.0
42,F-N,200,ood,actual_reencode,full4_alternating,long_paths,64,32,0,0.0,0.0
42,F-N,200,ood,actual_reencode,endpoint5_alternating,long_paths,64,32,-4.6875,-9.375,0.0
42,F-N,200,ood,actual_reencode,full5_alternating,long_paths,64,32,0,0.0,0.0
42,F-N,200,ood,actual_reencode,endpoint1_boundary_alternating,long_paths,64,32,0,0.0,0.0
42,F-N,200,ood,actual_reencode,full1_boundary_alternating,long_paths,64,32,0,0.0,0.0
42,F-N,200,ood,actual_reencode,endpoint2_boundary_alternating,long_paths,64,32,0,0.0,0.0
42,F-N,200,ood,actual_reencode,full2_boundary_alternating,long_paths,64,32,0,0.0,0.0
42,F-N,200,ood,actual_reencode,endpoint3_boundary_alternating,long_paths,64,32,0,0.0,0.0
42,F-N,200,ood,actual_reencode,full3_boundary_alternating,long_paths,64,32,0,0.0,0.0
42,F-N,200,ood,actual_reencode,endpoint4_boundary_alternating,long_paths,64,32,0,0.0,0.0
42,F-N,200,ood,actual_reencode,full4_boundary_alternating,long_paths,64,32,0,0.0,0.0
42,F-N,200,ood,actual_reencode,endpoint5_boundary_alternating,long_paths,64,32,0,0.0,0.0
42,F-N,200,ood,actual_reencode,full5_boundary_alternating,long_paths,64,32,0,0.0,0.0
42,R-F,100,iid,natural,atomic_macro,all,768,32,0,0.0,0.0
42,R-F,100,ood,natural,atomic_macro,all,384,32,1.3020833333333333,0.0,2.6041666666666665
42,R-F,100,iid,fixed_T0,endpoint2,all,704,32,-36.93181818181818,-38.06818181818182,-35.79545454545454
42,R-F,100,iid,fixed_T0,full2,all,704,32,-36.93181818181818,-38.06818181818182,-35.79545454545454
42,R-F,100,iid,fixed_T0,endpoint2,fixed_diagnostic,704,32,-36.93181818181818,-38.06818181818182,-35.79545454545454
42,R-F,100,iid,fixed_T0,full2,fixed_diagnostic,704,32,-36.93181818181818,-38.06818181818182,-35.79545454545454
42,R-F,100,ood,fixed_T0,endpoint2,all,704,32,-9.517045454545455,-11.079545454545455,-7.954545454545454
42,R-F,100,ood,fixed_T0,full2,all,704,32,-6.960227272727273,-7.8125,-5.965909090909091
42,R-F,100,ood,fixed_T0,endpoint2,fixed_diagnostic,288,32,-17.013888888888886,-19.09722222222222,-14.583333333333334
42,R-F,100,ood,fixed_T0,full2,fixed_diagnostic,288,32,-17.013888888888886,-19.09722222222222,-14.583333333333334
42,R-F,100,iid,U,endpoint2,all,704,32,-17.1875,-18.892045454545453,-15.625
42,R-F,100,iid,U,full2,all,704,32,-17.1875,-18.892045454545453,-15.625
42,R-F,100,iid,U,endpoint2,fixed_diagnostic,704,32,-17.1875,-18.892045454545453,-15.625
42,R-F,100,iid,U,full2,fixed_diagnostic,704,32,-17.1875,-18.892045454545453,-15.625
42,R-F,100,ood,U,endpoint2,all,704,32,-7.954545454545454,-9.801136363636365,-6.107954545454546
42,R-F,100,ood,U,full2,all,704,32,-5.823863636363637,-6.8181818181818175,-4.829545454545454
42,R-F,100,ood,U,endpoint2,fixed_diagnostic,288,32,-14.23611111111111,-16.666666666666668,-11.805555555555555
42,R-F,100,ood,U,full2,fixed_diagnostic,288,32,-14.23611111111111,-16.666666666666668,-11.805555555555555
42,R-F,100,iid,self,endpoint2,all,704,32,14.772727272727273,11.647727272727272,18.181818181818183
42,R-F,100,iid,self,full2,all,704,32,14.772727272727273,11.647727272727272,18.181818181818183
42,R-F,100,iid,self,endpoint2,fixed_diagnostic,704,32,14.772727272727273,11.647727272727272,18.181818181818183
42,R-F,100,iid,self,full2,fixed_diagnostic,704,32,14.772727272727273,11.647727272727272,18.181818181818183
42,R-F,100,ood,self,endpoint2,all,704,32,-6.25,-8.096590909090908,-4.403409090909091
42,R-F,100,ood,self,full2,all,704,32,-3.5511363636363638,-4.6875,-2.414772727272727
42,R-F,100,ood,self,endpoint2,fixed_diagnostic,288,32,-9.722222222222221,-12.5,-6.944444444444445
42,R-F,100,ood,self,full2,fixed_diagnostic,288,32,-8.680555555555555,-11.458333333333334,-5.902777777777778
42,R-F,100,iid,gold_reencode,endpoint2,all,704,32,0,0.0,0.0
42,R-F,100,iid,gold_reencode,full2,all,704,32,0,0.0,0.0
42,R-F,100,iid,gold_reencode,endpoint2,fixed_diagnostic,704,32,0,0.0,0.0
42,R-F,100,iid,gold_reencode,full2,fixed_diagnostic,704,32,0,0.0,0.0
42,R-F,100,ood,gold_reencode,endpoint2,all,704,32,1.4204545454545456,0.0,2.8409090909090913
42,R-F,100,ood,gold_reencode,full2,all,704,32,2.130681818181818,0.0,4.261363636363636
42,R-F,100,ood,gold_reencode,endpoint2,fixed_diagnostic,288,32,3.4722222222222223,0.0,6.944444444444445
42,R-F,100,ood,gold_reencode,full2,fixed_diagnostic,288,32,5.208333333333333,0.0,10.416666666666666
42,R-F,100,iid,actual_reencode,endpoint2,all,704,32,0,0.0,0.0
42,R-F,100,iid,actual_reencode,full2,all,704,32,0,0.0,0.0
42,R-F,100,iid,actual_reencode,endpoint2,fixed_diagnostic,704,32,0,0.0,0.0
42,R-F,100,iid,actual_reencode,full2,fixed_diagnostic,704,32,0,0.0,0.0
42,R-F,100,ood,actual_reencode,endpoint2,all,704,32,-0.5681818181818182,-2.8409090909090904,1.5625
42,R-F,100,ood,actual_reencode,full2,all,704,32,2.130681818181818,0.0,4.261363636363636
42,R-F,100,ood,actual_reencode,endpoint2,fixed_diagnostic,288,32,3.125,-0.6944444444444444,6.944444444444445
42,R-F,100,ood,actual_reencode,full2,fixed_diagnostic,288,32,5.208333333333333,0.0,10.416666666666666
42,R-F,100,iid,latent,endpoint1_all,long_paths,256,32,0,0.0,0.0
42,R-F,100,iid,latent,full1_all,long_paths,256,32,0,0.0,0.0
42,R-F,100,iid,latent,endpoint2_all,long_paths,256,32,25.390625,23.046875,27.734375
42,R-F,100,iid,latent,full2_all,long_paths,256,32,25.390625,23.046875,27.734375
42,R-F,100,iid,latent,endpoint3_all,long_paths,256,32,12.109375,11.328125,12.5
42,R-F,100,iid,latent,full3_all,long_paths,256,32,12.109375,11.328125,12.5
42,R-F,100,iid,latent,endpoint4_all,long_paths,256,32,50.0,50.0,50.0
42,R-F,100,iid,latent,full4_all,long_paths,256,32,0,0.0,0.0
42,R-F,100,iid,latent,endpoint5_all,long_paths,256,32,7.8125,5.859375,9.765625
42,R-F,100,iid,latent,full5_all,long_paths,256,32,0,0.0,0.0
42,R-F,100,iid,latent,endpoint1_monotone,long_paths,128,32,0,0.0,0.0
42,R-F,100,iid,latent,full1_monotone,long_paths,128,32,0,0.0,0.0
42,R-F,100,iid,latent,endpoint2_monotone,long_paths,128,32,46.875,43.75,49.21875
42,R-F,100,iid,latent,full2_monotone,long_paths,128,32,46.875,43.75,49.21875
42,R-F,100,iid,latent,endpoint3_monotone,long_paths,128,32,24.21875,22.65625,25.0
42,R-F,100,iid,latent,full3_monotone,long_paths,128,32,24.21875,22.65625,25.0
42,R-F,100,iid,latent,endpoint4_monotone,long_paths,128,32,0,0.0,0.0
42,R-F,100,iid,latent,full4_monotone,long_paths,128,32,0,0.0,0.0
42,R-F,100,iid,latent,endpoint5_monotone,long_paths,128,32,0,0.0,0.0
42,R-F,100,iid,latent,full5_monotone,long_paths,128,32,0,0.0,0.0
42,R-F,100,iid,latent,endpoint1_alternating,long_paths,64,32,0,0.0,0.0
42,R-F,100,iid,latent,full1_alternating,long_paths,64,32,0,0.0,0.0
42,R-F,100,iid,latent,endpoint2_alternating,long_paths,64,32,4.6875,0.0,9.375
42,R-F,100,iid,latent,full2_alternating,long_paths,64,32,4.6875,0.0,9.375
42,R-F,100,iid,latent,endpoint3_alternating,long_paths,64,32,0,0.0,0.0
42,R-F,100,iid,latent,full3_alternating,long_paths,64,32,0,0.0,0.0
42,R-F,100,iid,latent,endpoint4_alternating,long_paths,64,32,100,100.0,100.0
42,R-F,100,iid,latent,full4_alternating,long_paths,64,32,0,0.0,0.0
42,R-F,100,iid,latent,endpoint5_alternating,long_paths,64,32,31.25,23.4375,39.0625
42,R-F,100,iid,latent,full5_alternating,long_paths,64,32,0,0.0,0.0
42,R-F,100,iid,latent,endpoint1_boundary_alternating,long_paths,64,32,0,0.0,0.0
42,R-F,100,iid,latent,full1_boundary_alternating,long_paths,64,32,0,0.0,0.0
42,R-F,100,iid,latent,endpoint2_boundary_alternating,long_paths,64,32,3.125,0.0,7.8125
42,R-F,100,iid,latent,full2_boundary_alternating,long_paths,64,32,3.125,0.0,7.8125
42,R-F,100,iid,latent,endpoint3_boundary_alternating,long_paths,64,32,0,0.0,0.0
42,R-F,100,iid,latent,full3_boundary_alternating,long_paths,64,32,0,0.0,0.0
42,R-F,100,iid,latent,endpoint4_boundary_alternating,long_paths,64,32,100,100.0,100.0
42,R-F,100,iid,latent,full4_boundary_alternating,long_paths,64,32,0,0.0,0.0
42,R-F,100,iid,latent,endpoint5_boundary_alternating,long_paths,64,32,0,0.0,0.0
42,R-F,100,iid,latent,full5_boundary_alternating,long_paths,64,32,0,0.0,0.0
42,R-F,100,iid,gold_reencode,endpoint1_all,long_paths,256,32,0,0.0,0.0
42,R-F,100,iid,gold_reencode,full1_all,long_paths,256,32,0,0.0,0.0
42,R-F,100,iid,gold_reencode,endpoint2_all,long_paths,256,32,0,0.0,0.0
42,R-F,100,iid,gold_reencode,full2_all,long_paths,256,32,0,0.0,0.0
42,R-F,100,iid,gold_reencode,endpoint3_all,long_paths,256,32,0,0.0,0.0
42,R-F,100,iid,gold_reencode,full3_all,long_paths,256,32,0,0.0,0.0
42,R-F,100,iid,gold_reencode,endpoint4_all,long_paths,256,32,0,0.0,0.0
42,R-F,100,iid,gold_reencode,full4_all,long_paths,256,32,0,0.0,0.0
42,R-F,100,iid,gold_reencode,endpoint5_all,long_paths,256,32,0,0.0,0.0
42,R-F,100,iid,gold_reencode,full5_all,long_paths,256,32,0,0.0,0.0
42,R-F,100,iid,gold_reencode,endpoint1_monotone,long_paths,128,32,0,0.0,0.0
42,R-F,100,iid,gold_reencode,full1_monotone,long_paths,128,32,0,0.0,0.0
42,R-F,100,iid,gold_reencode,endpoint2_monotone,long_paths,128,32,0,0.0,0.0
42,R-F,100,iid,gold_reencode,full2_monotone,long_paths,128,32,0,0.0,0.0
42,R-F,100,iid,gold_reencode,endpoint3_monotone,long_paths,128,32,0,0.0,0.0
42,R-F,100,iid,gold_reencode,full3_monotone,long_paths,128,32,0,0.0,0.0
42,R-F,100,iid,gold_reencode,endpoint4_monotone,long_paths,128,32,0,0.0,0.0
42,R-F,100,iid,gold_reencode,full4_monotone,long_paths,128,32,0,0.0,0.0
42,R-F,100,iid,gold_reencode,endpoint5_monotone,long_paths,128,32,0,0.0,0.0
42,R-F,100,iid,gold_reencode,full5_monotone,long_paths,128,32,0,0.0,0.0
42,R-F,100,iid,gold_reencode,endpoint1_alternating,long_paths,64,32,0,0.0,0.0
42,R-F,100,iid,gold_reencode,full1_alternating,long_paths,64,32,0,0.0,0.0
42,R-F,100,iid,gold_reencode,endpoint2_alternating,long_paths,64,32,0,0.0,0.0
42,R-F,100,iid,gold_reencode,full2_alternating,long_paths,64,32,0,0.0,0.0
42,R-F,100,iid,gold_reencode,endpoint3_alternating,long_paths,64,32,0,0.0,0.0
42,R-F,100,iid,gold_reencode,full3_alternating,long_paths,64,32,0,0.0,0.0
42,R-F,100,iid,gold_reencode,endpoint4_alternating,long_paths,64,32,0,0.0,0.0
42,R-F,100,iid,gold_reencode,full4_alternating,long_paths,64,32,0,0.0,0.0
42,R-F,100,iid,gold_reencode,endpoint5_alternating,long_paths,64,32,0,0.0,0.0
42,R-F,100,iid,gold_reencode,full5_alternating,long_paths,64,32,0,0.0,0.0
42,R-F,100,iid,gold_reencode,endpoint1_boundary_alternating,long_paths,64,32,0,0.0,0.0
42,R-F,100,iid,gold_reencode,full1_boundary_alternating,long_paths,64,32,0,0.0,0.0
42,R-F,100,iid,gold_reencode,endpoint2_boundary_alternating,long_paths,64,32,0,0.0,0.0
42,R-F,100,iid,gold_reencode,full2_boundary_alternating,long_paths,64,32,0,0.0,0.0
42,R-F,100,iid,gold_reencode,endpoint3_boundary_alternating,long_paths,64,32,0,0.0,0.0
42,R-F,100,iid,gold_reencode,full3_boundary_alternating,long_paths,64,32,0,0.0,0.0
42,R-F,100,iid,gold_reencode,endpoint4_boundary_alternating,long_paths,64,32,0,0.0,0.0
42,R-F,100,iid,gold_reencode,full4_boundary_alternating,long_paths,64,32,0,0.0,0.0
42,R-F,100,iid,gold_reencode,endpoint5_boundary_alternating,long_paths,64,32,0,0.0,0.0
42,R-F,100,iid,gold_reencode,full5_boundary_alternating,long_paths,64,32,0,0.0,0.0
42,R-F,100,iid,actual_reencode,endpoint1_all,long_paths,256,32,0,0.0,0.0
42,R-F,100,iid,actual_reencode,full1_all,long_paths,256,32,0,0.0,0.0
42,R-F,100,iid,actual_reencode,endpoint2_all,long_paths,256,32,0,0.0,0.0
42,R-F,100,iid,actual_reencode,full2_all,long_paths,256,32,0,0.0,0.0
42,R-F,100,iid,actual_reencode,endpoint3_all,long_paths,256,32,0,0.0,0.0
42,R-F,100,iid,actual_reencode,full3_all,long_paths,256,32,0,0.0,0.0
42,R-F,100,iid,actual_reencode,endpoint4_all,long_paths,256,32,0,0.0,0.0
42,R-F,100,iid,actual_reencode,full4_all,long_paths,256,32,0,0.0,0.0
42,R-F,100,iid,actual_reencode,endpoint5_all,long_paths,256,32,0,0.0,0.0
42,R-F,100,iid,actual_reencode,full5_all,long_paths,256,32,0,0.0,0.0
42,R-F,100,iid,actual_reencode,endpoint1_monotone,long_paths,128,32,0,0.0,0.0
42,R-F,100,iid,actual_reencode,full1_monotone,long_paths,128,32,0,0.0,0.0
42,R-F,100,iid,actual_reencode,endpoint2_monotone,long_paths,128,32,0,0.0,0.0
42,R-F,100,iid,actual_reencode,full2_monotone,long_paths,128,32,0,0.0,0.0
42,R-F,100,iid,actual_reencode,endpoint3_monotone,long_paths,128,32,0,0.0,0.0
42,R-F,100,iid,actual_reencode,full3_monotone,long_paths,128,32,0,0.0,0.0
42,R-F,100,iid,actual_reencode,endpoint4_monotone,long_paths,128,32,0,0.0,0.0
42,R-F,100,iid,actual_reencode,full4_monotone,long_paths,128,32,0,0.0,0.0
42,R-F,100,iid,actual_reencode,endpoint5_monotone,long_paths,128,32,0,0.0,0.0
42,R-F,100,iid,actual_reencode,full5_monotone,long_paths,128,32,0,0.0,0.0
42,R-F,100,iid,actual_reencode,endpoint1_alternating,long_paths,64,32,0,0.0,0.0
42,R-F,100,iid,actual_reencode,full1_alternating,long_paths,64,32,0,0.0,0.0
42,R-F,100,iid,actual_reencode,endpoint2_alternating,long_paths,64,32,0,0.0,0.0
42,R-F,100,iid,actual_reencode,full2_alternating,long_paths,64,32,0,0.0,0.0
42,R-F,100,iid,actual_reencode,endpoint3_alternating,long_paths,64,32,0,0.0,0.0
42,R-F,100,iid,actual_reencode,full3_alternating,long_paths,64,32,0,0.0,0.0
42,R-F,100,iid,actual_reencode,endpoint4_alternating,long_paths,64,32,0,0.0,0.0
42,R-F,100,iid,actual_reencode,full4_alternating,long_paths,64,32,0,0.0,0.0
42,R-F,100,iid,actual_reencode,endpoint5_alternating,long_paths,64,32,0,0.0,0.0
42,R-F,100,iid,actual_reencode,full5_alternating,long_paths,64,32,0,0.0,0.0
42,R-F,100,iid,actual_reencode,endpoint1_boundary_alternating,long_paths,64,32,0,0.0,0.0
42,R-F,100,iid,actual_reencode,full1_boundary_alternating,long_paths,64,32,0,0.0,0.0
42,R-F,100,iid,actual_reencode,endpoint2_boundary_alternating,long_paths,64,32,0,0.0,0.0
42,R-F,100,iid,actual_reencode,full2_boundary_alternating,long_paths,64,32,0,0.0,0.0
42,R-F,100,iid,actual_reencode,endpoint3_boundary_alternating,long_paths,64,32,0,0.0,0.0
42,R-F,100,iid,actual_reencode,full3_boundary_alternating,long_paths,64,32,0,0.0,0.0
42,R-F,100,iid,actual_reencode,endpoint4_boundary_alternating,long_paths,64,32,0,0.0,0.0
42,R-F,100,iid,actual_reencode,full4_boundary_alternating,long_paths,64,32,0,0.0,0.0
42,R-F,100,iid,actual_reencode,endpoint5_boundary_alternating,long_paths,64,32,0,0.0,0.0
42,R-F,100,iid,actual_reencode,full5_boundary_alternating,long_paths,64,32,0,0.0,0.0
42,R-F,100,ood,latent,endpoint1_all,long_paths,256,32,1.953125,0.0,3.90625
42,R-F,100,ood,latent,full1_all,long_paths,256,32,1.953125,0.0,3.90625
42,R-F,100,ood,latent,endpoint2_all,long_paths,256,32,-6.25,-8.984375,-3.125
42,R-F,100,ood,latent,full2_all,long_paths,256,32,0,0.0,0.0
42,R-F,100,ood,latent,endpoint3_all,long_paths,256,32,1.171875,-1.5625,3.515625
42,R-F,100,ood,latent,full3_all,long_paths,256,32,-1.5625,-3.125,-0.390625
42,R-F,100,ood,latent,endpoint4_all,long_paths,256,32,50.0,48.828125,51.171875
42,R-F,100,ood,latent,full4_all,long_paths,256,32,0,0.0,0.0
42,R-F,100,ood,latent,endpoint5_all,long_paths,256,32,1.171875,0.0,2.734375
42,R-F,100,ood,latent,full5_all,long_paths,256,32,0,0.0,0.0
42,R-F,100,ood,latent,endpoint1_monotone,long_paths,128,32,3.90625,0.0,7.8125
42,R-F,100,ood,latent,full1_monotone,long_paths,128,32,3.90625,0.0,7.8125
42,R-F,100,ood,latent,endpoint2_monotone,long_paths,128,32,0,0.0,0.0
42,R-F,100,ood,latent,full2_monotone,long_paths,128,32,0,0.0,0.0
42,R-F,100,ood,latent,endpoint3_monotone,long_paths,128,32,5.46875,2.34375,9.375
42,R-F,100,ood,latent,full3_monotone,long_paths,128,32,0,0.0,0.0
42,R-F,100,ood,latent,endpoint4_monotone,long_paths,128,32,0.78125,0.0,2.34375
42,R-F,100,ood,latent,full4_monotone,long_paths,128,32,0,0.0,0.0
42,R-F,100,ood,latent,endpoint5_monotone,long_paths,128,32,2.34375,0.0,5.46875
42,R-F,100,ood,latent,full5_monotone,long_paths,128,32,0,0.0,0.0
42,R-F,100,ood,latent,endpoint1_alternating,long_paths,64,32,0,0.0,0.0
42,R-F,100,ood,latent,full1_alternating,long_paths,64,32,0,0.0,0.0
42,R-F,100,ood,latent,endpoint2_alternating,long_paths,64,32,-25.0,-35.9375,-12.5
42,R-F,100,ood,latent,full2_alternating,long_paths,64,32,0,0.0,0.0
42,R-F,100,ood,latent,endpoint3_alternating,long_paths,64,32,0,0.0,0.0
42,R-F,100,ood,latent,full3_alternating,long_paths,64,32,0,0.0,0.0
42,R-F,100,ood,latent,endpoint4_alternating,long_paths,64,32,98.4375,95.3125,100.0
42,R-F,100,ood,latent,full4_alternating,long_paths,64,32,0,0.0,0.0
42,R-F,100,ood,latent,endpoint5_alternating,long_paths,64,32,0,0.0,0.0
42,R-F,100,ood,latent,full5_alternating,long_paths,64,32,0,0.0,0.0
42,R-F,100,ood,latent,endpoint1_boundary_alternating,long_paths,64,32,0,0.0,0.0
42,R-F,100,ood,latent,full1_boundary_alternating,long_paths,64,32,0,0.0,0.0
42,R-F,100,ood,latent,endpoint2_boundary_alternating,long_paths,64,32,0,0.0,0.0
42,R-F,100,ood,latent,full2_boundary_alternating,long_paths,64,32,0,0.0,0.0
42,R-F,100,ood,latent,endpoint3_boundary_alternating,long_paths,64,32,-6.25,-12.5,-1.5625
42,R-F,100,ood,latent,full3_boundary_alternating,long_paths,64,32,-6.25,-12.5,-1.5625
42,R-F,100,ood,latent,endpoint4_boundary_alternating,long_paths,64,32,100,100.0,100.0
42,R-F,100,ood,latent,full4_boundary_alternating,long_paths,64,32,0,0.0,0.0
42,R-F,100,ood,latent,endpoint5_boundary_alternating,long_paths,64,32,0,0.0,0.0
42,R-F,100,ood,latent,full5_boundary_alternating,long_paths,64,32,0,0.0,0.0
42,R-F,100,ood,gold_reencode,endpoint1_all,long_paths,256,32,1.953125,0.0,3.90625
42,R-F,100,ood,gold_reencode,full1_all,long_paths,256,32,1.953125,0.0,3.90625
42,R-F,100,ood,gold_reencode,endpoint2_all,long_paths,256,32,1.953125,0.0,3.90625
42,R-F,100,ood,gold_reencode,full2_all,long_paths,256,32,1.953125,0.0,3.90625
42,R-F,100,ood,gold_reencode,endpoint3_all,long_paths,256,32,0,0.0,0.0
42,R-F,100,ood,gold_reencode,full3_all,long_paths,256,32,0,0.0,0.0
42,R-F,100,ood,gold_reencode,endpoint4_all,long_paths,256,32,0,0.0,0.0
42,R-F,100,ood,gold_reencode,full4_all,long_paths,256,32,0,0.0,0.0
42,R-F,100,ood,gold_reencode,endpoint5_all,long_paths,256,32,0,0.0,0.0
42,R-F,100,ood,gold_reencode,full5_all,long_paths,256,32,0,0.0,0.0
42,R-F,100,ood,gold_reencode,endpoint1_monotone,long_paths,128,32,3.90625,0.0,7.8125
42,R-F,100,ood,gold_reencode,full1_monotone,long_paths,128,32,3.90625,0.0,7.8125
42,R-F,100,ood,gold_reencode,endpoint2_monotone,long_paths,128,32,3.90625,0.0,7.8125
42,R-F,100,ood,gold_reencode,full2_monotone,long_paths,128,32,3.90625,0.0,7.8125
42,R-F,100,ood,gold_reencode,endpoint3_monotone,long_paths,128,32,0,0.0,0.0
42,R-F,100,ood,gold_reencode,full3_monotone,long_paths,128,32,0,0.0,0.0
42,R-F,100,ood,gold_reencode,endpoint4_monotone,long_paths,128,32,0,0.0,0.0
42,R-F,100,ood,gold_reencode,full4_monotone,long_paths,128,32,0,0.0,0.0
42,R-F,100,ood,gold_reencode,endpoint5_monotone,long_paths,128,32,0,0.0,0.0
42,R-F,100,ood,gold_reencode,full5_monotone,long_paths,128,32,0,0.0,0.0
42,R-F,100,ood,gold_reencode,endpoint1_alternating,long_paths,64,32,0,0.0,0.0
42,R-F,100,ood,gold_reencode,full1_alternating,long_paths,64,32,0,0.0,0.0
42,R-F,100,ood,gold_reencode,endpoint2_alternating,long_paths,64,32,0,0.0,0.0
42,R-F,100,ood,gold_reencode,full2_alternating,long_paths,64,32,0,0.0,0.0
42,R-F,100,ood,gold_reencode,endpoint3_alternating,long_paths,64,32,0,0.0,0.0
42,R-F,100,ood,gold_reencode,full3_alternating,long_paths,64,32,0,0.0,0.0
42,R-F,100,ood,gold_reencode,endpoint4_alternating,long_paths,64,32,0,0.0,0.0
42,R-F,100,ood,gold_reencode,full4_alternating,long_paths,64,32,0,0.0,0.0
42,R-F,100,ood,gold_reencode,endpoint5_alternating,long_paths,64,32,0,0.0,0.0
42,R-F,100,ood,gold_reencode,full5_alternating,long_paths,64,32,0,0.0,0.0
42,R-F,100,ood,gold_reencode,endpoint1_boundary_alternating,long_paths,64,32,0,0.0,0.0
42,R-F,100,ood,gold_reencode,full1_boundary_alternating,long_paths,64,32,0,0.0,0.0
42,R-F,100,ood,gold_reencode,endpoint2_boundary_alternating,long_paths,64,32,0,0.0,0.0
42,R-F,100,ood,gold_reencode,full2_boundary_alternating,long_paths,64,32,0,0.0,0.0
42,R-F,100,ood,gold_reencode,endpoint3_boundary_alternating,long_paths,64,32,0,0.0,0.0
42,R-F,100,ood,gold_reencode,full3_boundary_alternating,long_paths,64,32,0,0.0,0.0
42,R-F,100,ood,gold_reencode,endpoint4_boundary_alternating,long_paths,64,32,0,0.0,0.0
42,R-F,100,ood,gold_reencode,full4_boundary_alternating,long_paths,64,32,0,0.0,0.0
42,R-F,100,ood,gold_reencode,endpoint5_boundary_alternating,long_paths,64,32,0,0.0,0.0
42,R-F,100,ood,gold_reencode,full5_boundary_alternating,long_paths,64,32,0,0.0,0.0
42,R-F,100,ood,actual_reencode,endpoint1_all,long_paths,256,32,1.953125,0.0,3.90625
42,R-F,100,ood,actual_reencode,full1_all,long_paths,256,32,1.953125,0.0,3.90625
42,R-F,100,ood,actual_reencode,endpoint2_all,long_paths,256,32,1.171875,-1.5625,3.515625
42,R-F,100,ood,actual_reencode,full2_all,long_paths,256,32,1.953125,0.0,3.90625
42,R-F,100,ood,actual_reencode,endpoint3_all,long_paths,256,32,0,0.0,0.0
42,R-F,100,ood,actual_reencode,full3_all,long_paths,256,32,0,0.0,0.0
42,R-F,100,ood,actual_reencode,endpoint4_all,long_paths,256,32,-0.78125,-2.34375,0.0
42,R-F,100,ood,actual_reencode,full4_all,long_paths,256,32,0,0.0,0.0
42,R-F,100,ood,actual_reencode,endpoint5_all,long_paths,256,32,0,0.0,0.0
42,R-F,100,ood,actual_reencode,full5_all,long_paths,256,32,0,0.0,0.0
42,R-F,100,ood,actual_reencode,endpoint1_monotone,long_paths,128,32,3.90625,0.0,7.8125
42,R-F,100,ood,actual_reencode,full1_monotone,long_paths,128,32,3.90625,0.0,7.8125
42,R-F,100,ood,actual_reencode,endpoint2_monotone,long_paths,128,32,3.90625,0.0,7.8125
42,R-F,100,ood,actual_reencode,full2_monotone,long_paths,128,32,3.90625,0.0,7.8125
42,R-F,100,ood,actual_reencode,endpoint3_monotone,long_paths,128,32,0,0.0,0.0
42,R-F,100,ood,actual_reencode,full3_monotone,long_paths,128,32,0,0.0,0.0
42,R-F,100,ood,actual_reencode,endpoint4_monotone,long_paths,128,32,0,0.0,0.0
42,R-F,100,ood,actual_reencode,full4_monotone,long_paths,128,32,0,0.0,0.0
42,R-F,100,ood,actual_reencode,endpoint5_monotone,long_paths,128,32,0,0.0,0.0
42,R-F,100,ood,actual_reencode,full5_monotone,long_paths,128,32,0,0.0,0.0
42,R-F,100,ood,actual_reencode,endpoint1_alternating,long_paths,64,32,0,0.0,0.0
42,R-F,100,ood,actual_reencode,full1_alternating,long_paths,64,32,0,0.0,0.0
42,R-F,100,ood,actual_reencode,endpoint2_alternating,long_paths,64,32,-3.125,-9.375,0.0
42,R-F,100,ood,actual_reencode,full2_alternating,long_paths,64,32,0,0.0,0.0
42,R-F,100,ood,actual_reencode,endpoint3_alternating,long_paths,64,32,0,0.0,0.0
42,R-F,100,ood,actual_reencode,full3_alternating,long_paths,64,32,0,0.0,0.0
42,R-F,100,ood,actual_reencode,endpoint4_alternating,long_paths,64,32,-3.125,-9.375,0.0
42,R-F,100,ood,actual_reencode,full4_alternating,long_paths,64,32,0,0.0,0.0
42,R-F,100,ood,actual_reencode,endpoint5_alternating,long_paths,64,32,0,0.0,0.0
42,R-F,100,ood,actual_reencode,full5_alternating,long_paths,64,32,0,0.0,0.0
42,R-F,100,ood,actual_reencode,endpoint1_boundary_alternating,long_paths,64,32,0,0.0,0.0
42,R-F,100,ood,actual_reencode,full1_boundary_alternating,long_paths,64,32,0,0.0,0.0
42,R-F,100,ood,actual_reencode,endpoint2_boundary_alternating,long_paths,64,32,0,0.0,0.0
42,R-F,100,ood,actual_reencode,full2_boundary_alternating,long_paths,64,32,0,0.0,0.0
42,R-F,100,ood,actual_reencode,endpoint3_boundary_alternating,long_paths,64,32,0,0.0,0.0
42,R-F,100,ood,actual_reencode,full3_boundary_alternating,long_paths,64,32,0,0.0,0.0
42,R-F,100,ood,actual_reencode,endpoint4_boundary_alternating,long_paths,64,32,0,0.0,0.0
42,R-F,100,ood,actual_reencode,full4_boundary_alternating,long_paths,64,32,0,0.0,0.0
42,R-F,100,ood,actual_reencode,endpoint5_boundary_alternating,long_paths,64,32,0,0.0,0.0
42,R-F,100,ood,actual_reencode,full5_boundary_alternating,long_paths,64,32,0,0.0,0.0
42,R-F,200,iid,natural,atomic_macro,all,768,32,0,0.0,0.0
42,R-F,200,ood,natural,atomic_macro,all,384,32,-0.5208333333333333,-1.3020833333333333,0.0
42,R-F,200,iid,fixed_T0,endpoint2,all,704,32,-37.92613636363637,-38.77840909090909,-36.93181818181818
42,R-F,200,iid,fixed_T0,full2,all,704,32,-37.92613636363637,-38.77840909090909,-36.93181818181818
42,R-F,200,iid,fixed_T0,endpoint2,fixed_diagnostic,704,32,-37.92613636363637,-38.77840909090909,-36.93181818181818
42,R-F,200,iid,fixed_T0,full2,fixed_diagnostic,704,32,-37.92613636363637,-38.77840909090909,-36.93181818181818
42,R-F,200,ood,fixed_T0,endpoint2,all,704,32,-10.9375,-12.073863636363637,-9.659090909090908
42,R-F,200,ood,fixed_T0,full2,all,704,32,-7.528409090909091,-8.238636363636365,-6.8181818181818175
42,R-F,200,ood,fixed_T0,endpoint2,fixed_diagnostic,288,32,-18.402777777777775,-20.13888888888889,-16.666666666666664
42,R-F,200,ood,fixed_T0,full2,fixed_diagnostic,288,32,-18.402777777777775,-20.13888888888889,-16.666666666666664
42,R-F,200,iid,U,endpoint2,all,704,32,-20.738636363636363,-23.011363636363637,-18.46590909090909
42,R-F,200,iid,U,full2,all,704,32,-20.738636363636363,-23.011363636363637,-18.46590909090909
42,R-F,200,iid,U,endpoint2,fixed_diagnostic,704,32,-20.738636363636363,-23.011363636363637,-18.46590909090909
42,R-F,200,iid,U,full2,fixed_diagnostic,704,32,-20.738636363636363,-23.011363636363637,-18.46590909090909
42,R-F,200,ood,U,endpoint2,all,704,32,-13.778409090909092,-15.198863636363635,-12.215909090909092
42,R-F,200,ood,U,full2,all,704,32,-12.499999999999998,-13.21022727272727,-11.647727272727272
42,R-F,200,ood,U,endpoint2,fixed_diagnostic,288,32,-30.902777777777775,-32.98611111111111,-28.47222222222222
42,R-F,200,ood,U,full2,fixed_diagnostic,288,32,-30.555555555555554,-32.291666666666664,-28.47222222222222
42,R-F,200,iid,self,endpoint2,all,704,32,21.875,19.744318181818183,24.14772727272727
42,R-F,200,iid,self,full2,all,704,32,21.875,19.744318181818183,24.14772727272727
42,R-F,200,iid,self,endpoint2,fixed_diagnostic,704,32,21.875,19.744318181818183,24.14772727272727
42,R-F,200,iid,self,full2,fixed_diagnostic,704,32,21.875,19.744318181818183,24.14772727272727
42,R-F,200,ood,self,endpoint2,all,704,32,5.823863636363636,3.977272727272728,7.528409090909091
42,R-F,200,ood,self,full2,all,704,32,-0.8522727272727272,-1.9886363636363635,0.2840909090909091
42,R-F,200,ood,self,endpoint2,fixed_diagnostic,288,32,-1.3888888888888888,-4.166666666666666,1.3888888888888888
42,R-F,200,ood,self,full2,fixed_diagnostic,288,32,-2.083333333333333,-4.861111111111111,0.6944444444444444
42,R-F,200,iid,gold_reencode,endpoint2,all,704,32,0,0.0,0.0
42,R-F,200,iid,gold_reencode,full2,all,704,32,0,0.0,0.0
42,R-F,200,iid,gold_reencode,endpoint2,fixed_diagnostic,704,32,0,0.0,0.0
42,R-F,200,iid,gold_reencode,full2,fixed_diagnostic,704,32,0,0.0,0.0
42,R-F,200,ood,gold_reencode,endpoint2,all,704,32,-0.5681818181818182,-1.4204545454545454,0.0
42,R-F,200,ood,gold_reencode,full2,all,704,32,-0.8522727272727272,-2.130681818181818,0.0
42,R-F,200,ood,gold_reencode,endpoint2,fixed_diagnostic,288,32,-1.3888888888888888,-3.4722222222222223,0.0
42,R-F,200,ood,gold_reencode,full2,fixed_diagnostic,288,32,-2.083333333333333,-5.208333333333333,0.0
42,R-F,200,iid,actual_reencode,endpoint2,all,704,32,0,0.0,0.0
42,R-F,200,iid,actual_reencode,full2,all,704,32,0,0.0,0.0
42,R-F,200,iid,actual_reencode,endpoint2,fixed_diagnostic,704,32,0,0.0,0.0
42,R-F,200,iid,actual_reencode,full2,fixed_diagnostic,704,32,0,0.0,0.0
42,R-F,200,ood,actual_reencode,endpoint2,all,704,32,9.375,8.238636363636365,10.369318181818182
42,R-F,200,ood,actual_reencode,full2,all,704,32,-0.284090909090909,-1.7045454545454544,0.8522727272727274
42,R-F,200,ood,actual_reencode,endpoint2,fixed_diagnostic,288,32,-0.6944444444444444,-3.125,1.3888888888888888
42,R-F,200,ood,actual_reencode,full2,fixed_diagnostic,288,32,-2.083333333333333,-5.208333333333333,0.0
42,R-F,200,iid,latent,endpoint1_all,long_paths,256,32,0,0.0,0.0
42,R-F,200,iid,latent,full1_all,long_paths,256,32,0,0.0,0.0
42,R-F,200,iid,latent,endpoint2_all,long_paths,256,32,1.171875,-1.953125,4.296875
42,R-F,200,iid,latent,full2_all,long_paths,256,32,1.171875,-1.953125,4.296875
42,R-F,200,iid,latent,endpoint3_all,long_paths,256,32,33.59375,30.859375,36.328125
42,R-F,200,iid,latent,full3_all,long_paths,256,32,30.859375,27.34375,33.59375
42,R-F,200,iid,latent,endpoint4_all,long_paths,256,32,25.390625,23.828125,26.953125
42,R-F,200,iid,latent,full4_all,long_paths,256,32,7.421875,5.078125,9.375
42,R-F,200,iid,latent,endpoint5_all,long_paths,256,32,12.5,12.5,12.5
42,R-F,200,iid,latent,full5_all,long_paths,256,32,0,0.0,0.0
42,R-F,200,iid,latent,endpoint1_monotone,long_paths,128,32,0,0.0,0.0
42,R-F,200,iid,latent,full1_monotone,long_paths,128,32,0,0.0,0.0
42,R-F,200,iid,latent,endpoint2_monotone,long_paths,128,32,0,0.0,0.0
42,R-F,200,iid,latent,full2_monotone,long_paths,128,32,0,0.0,0.0
42,R-F,200,iid,latent,endpoint3_monotone,long_paths,128,32,2.34375,0.0,5.46875
42,R-F,200,iid,latent,full3_monotone,long_paths,128,32,0,0.0,0.0
42,R-F,200,iid,latent,endpoint4_monotone,long_paths,128,32,23.4375,21.09375,25.0
42,R-F,200,iid,latent,full4_monotone,long_paths,128,32,0,0.0,0.0
42,R-F,200,iid,latent,endpoint5_monotone,long_paths,128,32,0,0.0,0.0
42,R-F,200,iid,latent,full5_monotone,long_paths,128,32,0,0.0,0.0
42,R-F,200,iid,latent,endpoint1_alternating,long_paths,64,32,0,0.0,0.0
42,R-F,200,iid,latent,full1_alternating,long_paths,64,32,0,0.0,0.0
42,R-F,200,iid,latent,endpoint2_alternating,long_paths,64,32,-7.8125,-17.1875,1.5625
42,R-F,200,iid,latent,full2_alternating,long_paths,64,32,-7.8125,-17.1875,1.5625
42,R-F,200,iid,latent,endpoint3_alternating,long_paths,64,32,50.0,50.0,50.0
42,R-F,200,iid,latent,full3_alternating,long_paths,64,32,43.75,37.5,48.4375
42,R-F,200,iid,latent,endpoint4_alternating,long_paths,64,32,4.6875,0.0,10.9375
42,R-F,200,iid,latent,full4_alternating,long_paths,64,32,0,0.0,0.0
42,R-F,200,iid,latent,endpoint5_alternating,long_paths,64,32,50.0,50.0,50.0
42,R-F,200,iid,latent,full5_alternating,long_paths,64,32,0,0.0,0.0
42,R-F,200,iid,latent,endpoint1_boundary_alternating,long_paths,64,32,0,0.0,0.0
42,R-F,200,iid,latent,full1_boundary_alternating,long_paths,64,32,0,0.0,0.0
42,R-F,200,iid,latent,endpoint2_boundary_alternating,long_paths,64,32,12.5,6.25,20.3125
42,R-F,200,iid,latent,full2_boundary_alternating,long_paths,64,32,12.5,6.25,20.3125
42,R-F,200,iid,latent,endpoint3_boundary_alternating,long_paths,64,32,79.6875,70.3125,87.5
42,R-F,200,iid,latent,full3_boundary_alternating,long_paths,64,32,79.6875,70.3125,87.5
42,R-F,200,iid,latent,endpoint4_boundary_alternating,long_paths,64,32,50.0,50.0,50.0
42,R-F,200,iid,latent,full4_boundary_alternating,long_paths,64,32,29.6875,20.3125,37.5
42,R-F,200,iid,latent,endpoint5_boundary_alternating,long_paths,64,32,0,0.0,0.0
42,R-F,200,iid,latent,full5_boundary_alternating,long_paths,64,32,0,0.0,0.0
42,R-F,200,iid,gold_reencode,endpoint1_all,long_paths,256,32,0,0.0,0.0
42,R-F,200,iid,gold_reencode,full1_all,long_paths,256,32,0,0.0,0.0
42,R-F,200,iid,gold_reencode,endpoint2_all,long_paths,256,32,0,0.0,0.0
42,R-F,200,iid,gold_reencode,full2_all,long_paths,256,32,0,0.0,0.0
42,R-F,200,iid,gold_reencode,endpoint3_all,long_paths,256,32,0,0.0,0.0
42,R-F,200,iid,gold_reencode,full3_all,long_paths,256,32,0,0.0,0.0
42,R-F,200,iid,gold_reencode,endpoint4_all,long_paths,256,32,0,0.0,0.0
42,R-F,200,iid,gold_reencode,full4_all,long_paths,256,32,0,0.0,0.0
42,R-F,200,iid,gold_reencode,endpoint5_all,long_paths,256,32,0,0.0,0.0
42,R-F,200,iid,gold_reencode,full5_all,long_paths,256,32,0,0.0,0.0
42,R-F,200,iid,gold_reencode,endpoint1_monotone,long_paths,128,32,0,0.0,0.0
42,R-F,200,iid,gold_reencode,full1_monotone,long_paths,128,32,0,0.0,0.0
42,R-F,200,iid,gold_reencode,endpoint2_monotone,long_paths,128,32,0,0.0,0.0
42,R-F,200,iid,gold_reencode,full2_monotone,long_paths,128,32,0,0.0,0.0
42,R-F,200,iid,gold_reencode,endpoint3_monotone,long_paths,128,32,0,0.0,0.0
42,R-F,200,iid,gold_reencode,full3_monotone,long_paths,128,32,0,0.0,0.0
42,R-F,200,iid,gold_reencode,endpoint4_monotone,long_paths,128,32,0,0.0,0.0
42,R-F,200,iid,gold_reencode,full4_monotone,long_paths,128,32,0,0.0,0.0
42,R-F,200,iid,gold_reencode,endpoint5_monotone,long_paths,128,32,0,0.0,0.0
42,R-F,200,iid,gold_reencode,full5_monotone,long_paths,128,32,0,0.0,0.0
42,R-F,200,iid,gold_reencode,endpoint1_alternating,long_paths,64,32,0,0.0,0.0
42,R-F,200,iid,gold_reencode,full1_alternating,long_paths,64,32,0,0.0,0.0
42,R-F,200,iid,gold_reencode,endpoint2_alternating,long_paths,64,32,0,0.0,0.0
42,R-F,200,iid,gold_reencode,full2_alternating,long_paths,64,32,0,0.0,0.0
42,R-F,200,iid,gold_reencode,endpoint3_alternating,long_paths,64,32,0,0.0,0.0
42,R-F,200,iid,gold_reencode,full3_alternating,long_paths,64,32,0,0.0,0.0
42,R-F,200,iid,gold_reencode,endpoint4_alternating,long_paths,64,32,0,0.0,0.0
42,R-F,200,iid,gold_reencode,full4_alternating,long_paths,64,32,0,0.0,0.0
42,R-F,200,iid,gold_reencode,endpoint5_alternating,long_paths,64,32,0,0.0,0.0
42,R-F,200,iid,gold_reencode,full5_alternating,long_paths,64,32,0,0.0,0.0
42,R-F,200,iid,gold_reencode,endpoint1_boundary_alternating,long_paths,64,32,0,0.0,0.0
42,R-F,200,iid,gold_reencode,full1_boundary_alternating,long_paths,64,32,0,0.0,0.0
42,R-F,200,iid,gold_reencode,endpoint2_boundary_alternating,long_paths,64,32,0,0.0,0.0
42,R-F,200,iid,gold_reencode,full2_boundary_alternating,long_paths,64,32,0,0.0,0.0
42,R-F,200,iid,gold_reencode,endpoint3_boundary_alternating,long_paths,64,32,0,0.0,0.0
42,R-F,200,iid,gold_reencode,full3_boundary_alternating,long_paths,64,32,0,0.0,0.0
42,R-F,200,iid,gold_reencode,endpoint4_boundary_alternating,long_paths,64,32,0,0.0,0.0
42,R-F,200,iid,gold_reencode,full4_boundary_alternating,long_paths,64,32,0,0.0,0.0
42,R-F,200,iid,gold_reencode,endpoint5_boundary_alternating,long_paths,64,32,0,0.0,0.0
42,R-F,200,iid,gold_reencode,full5_boundary_alternating,long_paths,64,32,0,0.0,0.0
42,R-F,200,iid,actual_reencode,endpoint1_all,long_paths,256,32,0,0.0,0.0
42,R-F,200,iid,actual_reencode,full1_all,long_paths,256,32,0,0.0,0.0
42,R-F,200,iid,actual_reencode,endpoint2_all,long_paths,256,32,0,0.0,0.0
42,R-F,200,iid,actual_reencode,full2_all,long_paths,256,32,0,0.0,0.0
42,R-F,200,iid,actual_reencode,endpoint3_all,long_paths,256,32,0,0.0,0.0
42,R-F,200,iid,actual_reencode,full3_all,long_paths,256,32,0,0.0,0.0
42,R-F,200,iid,actual_reencode,endpoint4_all,long_paths,256,32,0,0.0,0.0
42,R-F,200,iid,actual_reencode,full4_all,long_paths,256,32,0,0.0,0.0
42,R-F,200,iid,actual_reencode,endpoint5_all,long_paths,256,32,0,0.0,0.0
42,R-F,200,iid,actual_reencode,full5_all,long_paths,256,32,0,0.0,0.0
42,R-F,200,iid,actual_reencode,endpoint1_monotone,long_paths,128,32,0,0.0,0.0
42,R-F,200,iid,actual_reencode,full1_monotone,long_paths,128,32,0,0.0,0.0
42,R-F,200,iid,actual_reencode,endpoint2_monotone,long_paths,128,32,0,0.0,0.0
42,R-F,200,iid,actual_reencode,full2_monotone,long_paths,128,32,0,0.0,0.0
42,R-F,200,iid,actual_reencode,endpoint3_monotone,long_paths,128,32,0,0.0,0.0
42,R-F,200,iid,actual_reencode,full3_monotone,long_paths,128,32,0,0.0,0.0
42,R-F,200,iid,actual_reencode,endpoint4_monotone,long_paths,128,32,0,0.0,0.0
42,R-F,200,iid,actual_reencode,full4_monotone,long_paths,128,32,0,0.0,0.0
42,R-F,200,iid,actual_reencode,endpoint5_monotone,long_paths,128,32,0,0.0,0.0
42,R-F,200,iid,actual_reencode,full5_monotone,long_paths,128,32,0,0.0,0.0
42,R-F,200,iid,actual_reencode,endpoint1_alternating,long_paths,64,32,0,0.0,0.0
42,R-F,200,iid,actual_reencode,full1_alternating,long_paths,64,32,0,0.0,0.0
42,R-F,200,iid,actual_reencode,endpoint2_alternating,long_paths,64,32,0,0.0,0.0
42,R-F,200,iid,actual_reencode,full2_alternating,long_paths,64,32,0,0.0,0.0
42,R-F,200,iid,actual_reencode,endpoint3_alternating,long_paths,64,32,0,0.0,0.0
42,R-F,200,iid,actual_reencode,full3_alternating,long_paths,64,32,0,0.0,0.0
42,R-F,200,iid,actual_reencode,endpoint4_alternating,long_paths,64,32,0,0.0,0.0
42,R-F,200,iid,actual_reencode,full4_alternating,long_paths,64,32,0,0.0,0.0
42,R-F,200,iid,actual_reencode,endpoint5_alternating,long_paths,64,32,0,0.0,0.0
42,R-F,200,iid,actual_reencode,full5_alternating,long_paths,64,32,0,0.0,0.0
42,R-F,200,iid,actual_reencode,endpoint1_boundary_alternating,long_paths,64,32,0,0.0,0.0
42,R-F,200,iid,actual_reencode,full1_boundary_alternating,long_paths,64,32,0,0.0,0.0
42,R-F,200,iid,actual_reencode,endpoint2_boundary_alternating,long_paths,64,32,0,0.0,0.0
42,R-F,200,iid,actual_reencode,full2_boundary_alternating,long_paths,64,32,0,0.0,0.0
42,R-F,200,iid,actual_reencode,endpoint3_boundary_alternating,long_paths,64,32,0,0.0,0.0
42,R-F,200,iid,actual_reencode,full3_boundary_alternating,long_paths,64,32,0,0.0,0.0
42,R-F,200,iid,actual_reencode,endpoint4_boundary_alternating,long_paths,64,32,0,0.0,0.0
42,R-F,200,iid,actual_reencode,full4_boundary_alternating,long_paths,64,32,0,0.0,0.0
42,R-F,200,iid,actual_reencode,endpoint5_boundary_alternating,long_paths,64,32,0,0.0,0.0
42,R-F,200,iid,actual_reencode,full5_boundary_alternating,long_paths,64,32,0,0.0,0.0
42,R-F,200,ood,latent,endpoint1_all,long_paths,256,32,-0.78125,-1.953125,0.0
42,R-F,200,ood,latent,full1_all,long_paths,256,32,-0.78125,-1.953125,0.0
42,R-F,200,ood,latent,endpoint2_all,long_paths,256,32,11.71875,7.03125,16.40625
42,R-F,200,ood,latent,full2_all,long_paths,256,32,-3.90625,-5.859375,-1.953125
42,R-F,200,ood,latent,endpoint3_all,long_paths,256,32,7.421875,5.078125,9.765625
42,R-F,200,ood,latent,full3_all,long_paths,256,32,4.296875,2.34375,6.640625
42,R-F,200,ood,latent,endpoint4_all,long_paths,256,32,41.015625,39.0625,42.96875
42,R-F,200,ood,latent,full4_all,long_paths,256,32,0,0.0,0.0
42,R-F,200,ood,latent,endpoint5_all,long_paths,256,32,4.6875,2.734375,6.640625
42,R-F,200,ood,latent,full5_all,long_paths,256,32,0,0.0,0.0
42,R-F,200,ood,latent,endpoint1_monotone,long_paths,128,32,-1.5625,-3.90625,0.0
42,R-F,200,ood,latent,full1_monotone,long_paths,128,32,-1.5625,-3.90625,0.0
42,R-F,200,ood,latent,endpoint2_monotone,long_paths,128,32,0,0.0,0.0
42,R-F,200,ood,latent,full2_monotone,long_paths,128,32,0,0.0,0.0
42,R-F,200,ood,latent,endpoint3_monotone,long_paths,128,32,0,0.0,0.0
42,R-F,200,ood,latent,full3_monotone,long_paths,128,32,0,0.0,0.0
42,R-F,200,ood,latent,endpoint4_monotone,long_paths,128,32,7.03125,3.125,10.9375
42,R-F,200,ood,latent,full4_monotone,long_paths,128,32,0,0.0,0.0
42,R-F,200,ood,latent,endpoint5_monotone,long_paths,128,32,0,0.0,0.0
42,R-F,200,ood,latent,full5_monotone,long_paths,128,32,0,0.0,0.0
42,R-F,200,ood,latent,endpoint1_alternating,long_paths,64,32,0,0.0,0.0
42,R-F,200,ood,latent,full1_alternating,long_paths,64,32,0,0.0,0.0
42,R-F,200,ood,latent,endpoint2_alternating,long_paths,64,32,62.5,48.4375,76.5625
42,R-F,200,ood,latent,full2_alternating,long_paths,64,32,0,0.0,0.0
42,R-F,200,ood,latent,endpoint3_alternating,long_paths,64,32,0,0.0,0.0
42,R-F,200,ood,latent,full3_alternating,long_paths,64,32,0,0.0,0.0
42,R-F,200,ood,latent,endpoint4_alternating,long_paths,64,32,100,100.0,100.0
42,R-F,200,ood,latent,full4_alternating,long_paths,64,32,0,0.0,0.0
42,R-F,200,ood,latent,endpoint5_alternating,long_paths,64,32,14.0625,6.25,21.875
42,R-F,200,ood,latent,full5_alternating,long_paths,64,32,0,0.0,0.0
42,R-F,200,ood,latent,endpoint1_boundary_alternating,long_paths,64,32,0,0.0,0.0
42,R-F,200,ood,latent,full1_boundary_alternating,long_paths,64,32,0,0.0,0.0
42,R-F,200,ood,latent,endpoint2_boundary_alternating,long_paths,64,32,-15.625,-23.4375,-7.8125
42,R-F,200,ood,latent,full2_boundary_alternating,long_paths,64,32,-15.625,-23.4375,-7.8125
42,R-F,200,ood,latent,endpoint3_boundary_alternating,long_paths,64,32,29.6875,20.3125,39.0625
42,R-F,200,ood,latent,full3_boundary_alternating,long_paths,64,32,17.1875,9.375,26.5625
42,R-F,200,ood,latent,endpoint4_boundary_alternating,long_paths,64,32,50.0,50.0,50.0
42,R-F,200,ood,latent,full4_boundary_alternating,long_paths,64,32,0,0.0,0.0
42,R-F,200,ood,latent,endpoint5_boundary_alternating,long_paths,64,32,4.6875,0.0,10.9375
42,R-F,200,ood,latent,full5_boundary_alternating,long_paths,64,32,0,0.0,0.0
42,R-F,200,ood,gold_reencode,endpoint1_all,long_paths,256,32,-0.78125,-1.953125,0.0
42,R-F,200,ood,gold_reencode,full1_all,long_paths,256,32,-0.78125,-1.953125,0.0
42,R-F,200,ood,gold_reencode,endpoint2_all,long_paths,256,32,-0.78125,-1.953125,0.0
42,R-F,200,ood,gold_reencode,full2_all,long_paths,256,32,-0.78125,-1.953125,0.0
42,R-F,200,ood,gold_reencode,endpoint3_all,long_paths,256,32,0,0.0,0.0
42,R-F,200,ood,gold_reencode,full3_all,long_paths,256,32,0,0.0,0.0
42,R-F,200,ood,gold_reencode,endpoint4_all,long_paths,256,32,0,0.0,0.0
42,R-F,200,ood,gold_reencode,full4_all,long_paths,256,32,0,0.0,0.0
42,R-F,200,ood,gold_reencode,endpoint5_all,long_paths,256,32,0,0.0,0.0
42,R-F,200,ood,gold_reencode,full5_all,long_paths,256,32,0,0.0,0.0
42,R-F,200,ood,gold_reencode,endpoint1_monotone,long_paths,128,32,-1.5625,-3.90625,0.0
42,R-F,200,ood,gold_reencode,full1_monotone,long_paths,128,32,-1.5625,-3.90625,0.0
42,R-F,200,ood,gold_reencode,endpoint2_monotone,long_paths,128,32,-1.5625,-3.90625,0.0
42,R-F,200,ood,gold_reencode,full2_monotone,long_paths,128,32,-1.5625,-3.90625,0.0
42,R-F,200,ood,gold_reencode,endpoint3_monotone,long_paths,128,32,0,0.0,0.0
42,R-F,200,ood,gold_reencode,full3_monotone,long_paths,128,32,0,0.0,0.0
42,R-F,200,ood,gold_reencode,endpoint4_monotone,long_paths,128,32,0,0.0,0.0
42,R-F,200,ood,gold_reencode,full4_monotone,long_paths,128,32,0,0.0,0.0
42,R-F,200,ood,gold_reencode,endpoint5_monotone,long_paths,128,32,0,0.0,0.0
42,R-F,200,ood,gold_reencode,full5_monotone,long_paths,128,32,0,0.0,0.0
42,R-F,200,ood,gold_reencode,endpoint1_alternating,long_paths,64,32,0,0.0,0.0
42,R-F,200,ood,gold_reencode,full1_alternating,long_paths,64,32,0,0.0,0.0
42,R-F,200,ood,gold_reencode,endpoint2_alternating,long_paths,64,32,0,0.0,0.0
42,R-F,200,ood,gold_reencode,full2_alternating,long_paths,64,32,0,0.0,0.0
42,R-F,200,ood,gold_reencode,endpoint3_alternating,long_paths,64,32,0,0.0,0.0
42,R-F,200,ood,gold_reencode,full3_alternating,long_paths,64,32,0,0.0,0.0
42,R-F,200,ood,gold_reencode,endpoint4_alternating,long_paths,64,32,0,0.0,0.0
42,R-F,200,ood,gold_reencode,full4_alternating,long_paths,64,32,0,0.0,0.0
42,R-F,200,ood,gold_reencode,endpoint5_alternating,long_paths,64,32,0,0.0,0.0
42,R-F,200,ood,gold_reencode,full5_alternating,long_paths,64,32,0,0.0,0.0
42,R-F,200,ood,gold_reencode,endpoint1_boundary_alternating,long_paths,64,32,0,0.0,0.0
42,R-F,200,ood,gold_reencode,full1_boundary_alternating,long_paths,64,32,0,0.0,0.0
42,R-F,200,ood,gold_reencode,endpoint2_boundary_alternating,long_paths,64,32,0,0.0,0.0
42,R-F,200,ood,gold_reencode,full2_boundary_alternating,long_paths,64,32,0,0.0,0.0
42,R-F,200,ood,gold_reencode,endpoint3_boundary_alternating,long_paths,64,32,0,0.0,0.0
42,R-F,200,ood,gold_reencode,full3_boundary_alternating,long_paths,64,32,0,0.0,0.0
42,R-F,200,ood,gold_reencode,endpoint4_boundary_alternating,long_paths,64,32,0,0.0,0.0
42,R-F,200,ood,gold_reencode,full4_boundary_alternating,long_paths,64,32,0,0.0,0.0
42,R-F,200,ood,gold_reencode,endpoint5_boundary_alternating,long_paths,64,32,0,0.0,0.0
42,R-F,200,ood,gold_reencode,full5_boundary_alternating,long_paths,64,32,0,0.0,0.0
42,R-F,200,ood,actual_reencode,endpoint1_all,long_paths,256,32,-0.78125,-1.953125,0.0
42,R-F,200,ood,actual_reencode,full1_all,long_paths,256,32,-0.78125,-1.953125,0.0
42,R-F,200,ood,actual_reencode,endpoint2_all,long_paths,256,32,25.78125,23.828125,27.734375
42,R-F,200,ood,actual_reencode,full2_all,long_paths,256,32,0.78125,-1.171875,2.734375
42,R-F,200,ood,actual_reencode,endpoint3_all,long_paths,256,32,3.125,0.78125,6.25
42,R-F,200,ood,actual_reencode,full3_all,long_paths,256,32,3.125,0.78125,6.25
42,R-F,200,ood,actual_reencode,endpoint4_all,long_paths,256,32,28.125,25.78125,31.25
42,R-F,200,ood,actual_reencode,full4_all,long_paths,256,32,3.125,0.78125,6.25
42,R-F,200,ood,actual_reencode,endpoint5_all,long_paths,256,32,3.125,0.78125,6.25
42,R-F,200,ood,actual_reencode,full5_all,long_paths,256,32,3.125,0.78125,6.25
42,R-F,200,ood,actual_reencode,endpoint1_monotone,long_paths,128,32,-1.5625,-3.90625,0.0
42,R-F,200,ood,actual_reencode,full1_monotone,long_paths,128,32,-1.5625,-3.90625,0.0
42,R-F,200,ood,actual_reencode,endpoint2_monotone,long_paths,128,32,1.5625,-2.34375,5.46875
42,R-F,200,ood,actual_reencode,full2_monotone,long_paths,128,32,1.5625,-2.34375,5.46875
42,R-F,200,ood,actual_reencode,endpoint3_monotone,long_paths,128,32,6.25,1.5625,12.5
42,R-F,200,ood,actual_reencode,full3_monotone,long_paths,128,32,6.25,1.5625,12.5
42,R-F,200,ood,actual_reencode,endpoint4_monotone,long_paths,128,32,6.25,1.5625,12.5
42,R-F,200,ood,actual_reencode,full4_monotone,long_paths,128,32,6.25,1.5625,12.5
42,R-F,200,ood,actual_reencode,endpoint5_monotone,long_paths,128,32,6.25,1.5625,12.5
42,R-F,200,ood,actual_reencode,full5_monotone,long_paths,128,32,6.25,1.5625,12.5
42,R-F,200,ood,actual_reencode,endpoint1_alternating,long_paths,64,32,0,0.0,0.0
42,R-F,200,ood,actual_reencode,full1_alternating,long_paths,64,32,0,0.0,0.0
42,R-F,200,ood,actual_reencode,endpoint2_alternating,long_paths,64,32,100,100.0,100.0
42,R-F,200,ood,actual_reencode,full2_alternating,long_paths,64,32,0,0.0,0.0
42,R-F,200,ood,actual_reencode,endpoint3_alternating,long_paths,64,32,0,0.0,0.0
42,R-F,200,ood,actual_reencode,full3_alternating,long_paths,64,32,0,0.0,0.0
42,R-F,200,ood,actual_reencode,endpoint4_alternating,long_paths,64,32,100,100.0,100.0
42,R-F,200,ood,actual_reencode,full4_alternating,long_paths,64,32,0,0.0,0.0
42,R-F,200,ood,actual_reencode,endpoint5_alternating,long_paths,64,32,0,0.0,0.0
42,R-F,200,ood,actual_reencode,full5_alternating,long_paths,64,32,0,0.0,0.0
42,R-F,200,ood,actual_reencode,endpoint1_boundary_alternating,long_paths,64,32,0,0.0,0.0
42,R-F,200,ood,actual_reencode,full1_boundary_alternating,long_paths,64,32,0,0.0,0.0
42,R-F,200,ood,actual_reencode,endpoint2_boundary_alternating,long_paths,64,32,0,0.0,0.0
42,R-F,200,ood,actual_reencode,full2_boundary_alternating,long_paths,64,32,0,0.0,0.0
42,R-F,200,ood,actual_reencode,endpoint3_boundary_alternating,long_paths,64,32,0,0.0,0.0
42,R-F,200,ood,actual_reencode,full3_boundary_alternating,long_paths,64,32,0,0.0,0.0
42,R-F,200,ood,actual_reencode,endpoint4_boundary_alternating,long_paths,64,32,0,0.0,0.0
42,R-F,200,ood,actual_reencode,full4_boundary_alternating,long_paths,64,32,0,0.0,0.0
42,R-F,200,ood,actual_reencode,endpoint5_boundary_alternating,long_paths,64,32,0,0.0,0.0
42,R-F,200,ood,actual_reencode,full5_boundary_alternating,long_paths,64,32,0,0.0,0.0
43,F-N,100,iid,natural,atomic_macro,all,768,32,0,0.0,0.0
43,F-N,100,ood,natural,atomic_macro,all,384,32,4.427083333333333,2.34375,6.510416666666666
43,F-N,100,iid,fixed_T0,endpoint2,all,704,32,81.39204545454545,80.25568181818181,82.5284090909091
43,F-N,100,iid,fixed_T0,full2,all,704,32,81.39204545454545,80.25568181818181,82.5284090909091
43,F-N,100,iid,fixed_T0,endpoint2,fixed_diagnostic,704,32,81.39204545454545,80.25568181818181,82.5284090909091
43,F-N,100,iid,fixed_T0,full2,fixed_diagnostic,704,32,81.39204545454545,80.25568181818181,82.5284090909091
43,F-N,100,ood,fixed_T0,endpoint2,all,704,32,40.05681818181818,38.77840909090909,41.19318181818182
43,F-N,100,ood,fixed_T0,full2,all,704,32,19.602272727272727,18.323863636363637,21.02272727272727
43,F-N,100,ood,fixed_T0,endpoint2,fixed_diagnostic,234,32,59.02777777777778,55.20833333333333,63.02083333333333
43,F-N,100,ood,fixed_T0,full2,fixed_diagnostic,234,32,59.02777777777778,55.20833333333333,63.02083333333333
43,F-N,100,iid,U,endpoint2,all,704,32,70.5965909090909,68.60795454545455,72.58522727272727
43,F-N,100,iid,U,full2,all,704,32,70.5965909090909,68.60795454545455,72.58522727272727
43,F-N,100,iid,U,endpoint2,fixed_diagnostic,704,32,70.5965909090909,68.60795454545455,72.58522727272727
43,F-N,100,iid,U,full2,fixed_diagnostic,704,32,70.5965909090909,68.60795454545455,72.58522727272727
43,F-N,100,ood,U,endpoint2,all,704,32,30.255681818181817,28.977272727272723,31.67613636363636
43,F-N,100,ood,U,full2,all,704,32,20.738636363636363,19.602272727272727,21.875
43,F-N,100,ood,U,endpoint2,fixed_diagnostic,234,32,54.6875,51.21527777777777,57.986111111111114
43,F-N,100,ood,U,full2,fixed_diagnostic,234,32,54.6875,51.21527777777777,57.986111111111114
43,F-N,100,iid,self,endpoint2,all,704,32,46.875,44.46022727272727,49.28977272727273
43,F-N,100,iid,self,full2,all,704,32,46.875,44.46022727272727,49.28977272727273
43,F-N,100,iid,self,endpoint2,fixed_diagnostic,704,32,46.875,44.46022727272727,49.28977272727273
43,F-N,100,iid,self,full2,fixed_diagnostic,704,32,46.875,44.46022727272727,49.28977272727273
43,F-N,100,ood,self,endpoint2,all,704,32,39.48863636363637,37.5,41.47727272727273
43,F-N,100,ood,self,full2,all,704,32,24.14772727272727,22.585227272727273,25.71022727272727
43,F-N,100,ood,self,endpoint2,fixed_diagnostic,234,32,61.28472222222222,57.98611111111111,64.75694444444444
43,F-N,100,ood,self,full2,fixed_diagnostic,234,32,58.15972222222222,53.64583333333333,62.5
43,F-N,100,iid,gold_reencode,endpoint2,all,704,32,0,0.0,0.0
43,F-N,100,iid,gold_reencode,full2,all,704,32,0,0.0,0.0
43,F-N,100,iid,gold_reencode,endpoint2,fixed_diagnostic,704,32,0,0.0,0.0
43,F-N,100,iid,gold_reencode,full2,fixed_diagnostic,704,32,0,0.0,0.0
43,F-N,100,ood,gold_reencode,endpoint2,all,704,32,4.829545454545454,2.556818181818182,7.102272727272727
43,F-N,100,ood,gold_reencode,full2,all,704,32,6.9602272727272725,3.835227272727272,10.085227272727272
43,F-N,100,ood,gold_reencode,endpoint2,fixed_diagnostic,234,32,17.36111111111111,11.284722222222223,22.743055555555554
43,F-N,100,ood,gold_reencode,full2,fixed_diagnostic,234,32,26.5625,17.708333333333332,34.375
43,F-N,100,iid,actual_reencode,endpoint2,all,704,32,0,0.0,0.0
43,F-N,100,iid,actual_reencode,full2,all,704,32,0,0.0,0.0
43,F-N,100,iid,actual_reencode,endpoint2,fixed_diagnostic,704,32,0,0.0,0.0
43,F-N,100,iid,actual_reencode,full2,fixed_diagnostic,704,32,0,0.0,0.0
43,F-N,100,ood,actual_reencode,endpoint2,all,704,32,10.085227272727272,6.392045454545454,13.494318181818182
43,F-N,100,ood,actual_reencode,full2,all,704,32,5.3977272727272725,1.9886363636363626,8.806818181818182
43,F-N,100,ood,actual_reencode,endpoint2,fixed_diagnostic,234,32,28.993055555555554,21.180555555555554,35.9375
43,F-N,100,ood,actual_reencode,full2,fixed_diagnostic,234,32,26.5625,17.708333333333332,34.375
43,F-N,100,iid,latent,endpoint1_all,long_paths,256,32,0,0.0,0.0
43,F-N,100,iid,latent,full1_all,long_paths,256,32,0,0.0,0.0
43,F-N,100,iid,latent,endpoint2_all,long_paths,256,32,44.140625,40.625,47.65625
43,F-N,100,iid,latent,full2_all,long_paths,256,32,44.140625,40.625,47.65625
43,F-N,100,iid,latent,endpoint3_all,long_paths,256,32,-5.46875,-8.203125,-2.734375
43,F-N,100,iid,latent,full3_all,long_paths,256,32,0,0.0,0.0
43,F-N,100,iid,latent,endpoint4_all,long_paths,256,32,0,0.0,0.0
43,F-N,100,iid,latent,full4_all,long_paths,256,32,0,0.0,0.0
43,F-N,100,iid,latent,endpoint5_all,long_paths,256,32,0,0.0,0.0
43,F-N,100,iid,latent,full5_all,long_paths,256,32,0,0.0,0.0
43,F-N,100,iid,latent,endpoint1_monotone,long_paths,128,32,0,0.0,0.0
43,F-N,100,iid,latent,full1_monotone,long_paths,128,32,0,0.0,0.0
43,F-N,100,iid,latent,endpoint2_monotone,long_paths,128,32,12.5,5.46875,19.53125
43,F-N,100,iid,latent,full2_monotone,long_paths,128,32,12.5,5.46875,19.53125
43,F-N,100,iid,latent,endpoint3_monotone,long_paths,128,32,0,0.0,0.0
43,F-N,100,iid,latent,full3_monotone,long_paths,128,32,0,0.0,0.0
43,F-N,100,iid,latent,endpoint4_monotone,long_paths,128,32,0,0.0,0.0
43,F-N,100,iid,latent,full4_monotone,long_paths,128,32,0,0.0,0.0
43,F-N,100,iid,latent,endpoint5_monotone,long_paths,128,32,0,0.0,0.0
43,F-N,100,iid,latent,full5_monotone,long_paths,128,32,0,0.0,0.0
43,F-N,100,iid,latent,endpoint1_alternating,long_paths,64,32,0,0.0,0.0
43,F-N,100,iid,latent,full1_alternating,long_paths,64,32,0,0.0,0.0
43,F-N,100,iid,latent,endpoint2_alternating,long_paths,64,32,100,100.0,100.0
43,F-N,100,iid,latent,full2_alternating,long_paths,64,32,100,100.0,100.0
43,F-N,100,iid,latent,endpoint3_alternating,long_paths,64,32,-14.0625,-23.4375,-6.25
43,F-N,100,iid,latent,full3_alternating,long_paths,64,32,0,0.0,0.0
43,F-N,100,iid,latent,endpoint4_alternating,long_paths,64,32,0,0.0,0.0
43,F-N,100,iid,latent,full4_alternating,long_paths,64,32,0,0.0,0.0
43,F-N,100,iid,latent,endpoint5_alternating,long_paths,64,32,0,0.0,0.0
43,F-N,100,iid,latent,full5_alternating,long_paths,64,32,0,0.0,0.0
43,F-N,100,iid,latent,endpoint1_boundary_alternating,long_paths,64,32,0,0.0,0.0
43,F-N,100,iid,latent,full1_boundary_alternating,long_paths,64,32,0,0.0,0.0
43,F-N,100,iid,latent,endpoint2_boundary_alternating,long_paths,64,32,51.5625,50.0,54.6875
43,F-N,100,iid,latent,full2_boundary_alternating,long_paths,64,32,51.5625,50.0,54.6875
43,F-N,100,iid,latent,endpoint3_boundary_alternating,long_paths,64,32,-7.8125,-14.0625,-1.5625
43,F-N,100,iid,latent,full3_boundary_alternating,long_paths,64,32,0,0.0,0.0
43,F-N,100,iid,latent,endpoint4_boundary_alternating,long_paths,64,32,0,0.0,0.0
43,F-N,100,iid,latent,full4_boundary_alternating,long_paths,64,32,0,0.0,0.0
43,F-N,100,iid,latent,endpoint5_boundary_alternating,long_paths,64,32,0,0.0,0.0
43,F-N,100,iid,latent,full5_boundary_alternating,long_paths,64,32,0,0.0,0.0
43,F-N,100,iid,gold_reencode,endpoint1_all,long_paths,256,32,0,0.0,0.0
43,F-N,100,iid,gold_reencode,full1_all,long_paths,256,32,0,0.0,0.0
43,F-N,100,iid,gold_reencode,endpoint2_all,long_paths,256,32,0,0.0,0.0
43,F-N,100,iid,gold_reencode,full2_all,long_paths,256,32,0,0.0,0.0
43,F-N,100,iid,gold_reencode,endpoint3_all,long_paths,256,32,0,0.0,0.0
43,F-N,100,iid,gold_reencode,full3_all,long_paths,256,32,0,0.0,0.0
43,F-N,100,iid,gold_reencode,endpoint4_all,long_paths,256,32,0,0.0,0.0
43,F-N,100,iid,gold_reencode,full4_all,long_paths,256,32,0,0.0,0.0
43,F-N,100,iid,gold_reencode,endpoint5_all,long_paths,256,32,0,0.0,0.0
43,F-N,100,iid,gold_reencode,full5_all,long_paths,256,32,0,0.0,0.0
43,F-N,100,iid,gold_reencode,endpoint1_monotone,long_paths,128,32,0,0.0,0.0
43,F-N,100,iid,gold_reencode,full1_monotone,long_paths,128,32,0,0.0,0.0
43,F-N,100,iid,gold_reencode,endpoint2_monotone,long_paths,128,32,0,0.0,0.0
43,F-N,100,iid,gold_reencode,full2_monotone,long_paths,128,32,0,0.0,0.0
43,F-N,100,iid,gold_reencode,endpoint3_monotone,long_paths,128,32,0,0.0,0.0
43,F-N,100,iid,gold_reencode,full3_monotone,long_paths,128,32,0,0.0,0.0
43,F-N,100,iid,gold_reencode,endpoint4_monotone,long_paths,128,32,0,0.0,0.0
43,F-N,100,iid,gold_reencode,full4_monotone,long_paths,128,32,0,0.0,0.0
43,F-N,100,iid,gold_reencode,endpoint5_monotone,long_paths,128,32,0,0.0,0.0
43,F-N,100,iid,gold_reencode,full5_monotone,long_paths,128,32,0,0.0,0.0
43,F-N,100,iid,gold_reencode,endpoint1_alternating,long_paths,64,32,0,0.0,0.0
43,F-N,100,iid,gold_reencode,full1_alternating,long_paths,64,32,0,0.0,0.0
43,F-N,100,iid,gold_reencode,endpoint2_alternating,long_paths,64,32,0,0.0,0.0
43,F-N,100,iid,gold_reencode,full2_alternating,long_paths,64,32,0,0.0,0.0
43,F-N,100,iid,gold_reencode,endpoint3_alternating,long_paths,64,32,0,0.0,0.0
43,F-N,100,iid,gold_reencode,full3_alternating,long_paths,64,32,0,0.0,0.0
43,F-N,100,iid,gold_reencode,endpoint4_alternating,long_paths,64,32,0,0.0,0.0
43,F-N,100,iid,gold_reencode,full4_alternating,long_paths,64,32,0,0.0,0.0
43,F-N,100,iid,gold_reencode,endpoint5_alternating,long_paths,64,32,0,0.0,0.0
43,F-N,100,iid,gold_reencode,full5_alternating,long_paths,64,32,0,0.0,0.0
43,F-N,100,iid,gold_reencode,endpoint1_boundary_alternating,long_paths,64,32,0,0.0,0.0
43,F-N,100,iid,gold_reencode,full1_boundary_alternating,long_paths,64,32,0,0.0,0.0
43,F-N,100,iid,gold_reencode,endpoint2_boundary_alternating,long_paths,64,32,0,0.0,0.0
43,F-N,100,iid,gold_reencode,full2_boundary_alternating,long_paths,64,32,0,0.0,0.0
43,F-N,100,iid,gold_reencode,endpoint3_boundary_alternating,long_paths,64,32,0,0.0,0.0
43,F-N,100,iid,gold_reencode,full3_boundary_alternating,long_paths,64,32,0,0.0,0.0
43,F-N,100,iid,gold_reencode,endpoint4_boundary_alternating,long_paths,64,32,0,0.0,0.0
43,F-N,100,iid,gold_reencode,full4_boundary_alternating,long_paths,64,32,0,0.0,0.0
43,F-N,100,iid,gold_reencode,endpoint5_boundary_alternating,long_paths,64,32,0,0.0,0.0
43,F-N,100,iid,gold_reencode,full5_boundary_alternating,long_paths,64,32,0,0.0,0.0
43,F-N,100,iid,actual_reencode,endpoint1_all,long_paths,256,32,0,0.0,0.0
43,F-N,100,iid,actual_reencode,full1_all,long_paths,256,32,0,0.0,0.0
43,F-N,100,iid,actual_reencode,endpoint2_all,long_paths,256,32,0,0.0,0.0
43,F-N,100,iid,actual_reencode,full2_all,long_paths,256,32,0,0.0,0.0
43,F-N,100,iid,actual_reencode,endpoint3_all,long_paths,256,32,0,0.0,0.0
43,F-N,100,iid,actual_reencode,full3_all,long_paths,256,32,0,0.0,0.0
43,F-N,100,iid,actual_reencode,endpoint4_all,long_paths,256,32,0,0.0,0.0
43,F-N,100,iid,actual_reencode,full4_all,long_paths,256,32,0,0.0,0.0
43,F-N,100,iid,actual_reencode,endpoint5_all,long_paths,256,32,0,0.0,0.0
43,F-N,100,iid,actual_reencode,full5_all,long_paths,256,32,0,0.0,0.0
43,F-N,100,iid,actual_reencode,endpoint1_monotone,long_paths,128,32,0,0.0,0.0
43,F-N,100,iid,actual_reencode,full1_monotone,long_paths,128,32,0,0.0,0.0
43,F-N,100,iid,actual_reencode,endpoint2_monotone,long_paths,128,32,0,0.0,0.0
43,F-N,100,iid,actual_reencode,full2_monotone,long_paths,128,32,0,0.0,0.0
43,F-N,100,iid,actual_reencode,endpoint3_monotone,long_paths,128,32,0,0.0,0.0
43,F-N,100,iid,actual_reencode,full3_monotone,long_paths,128,32,0,0.0,0.0
43,F-N,100,iid,actual_reencode,endpoint4_monotone,long_paths,128,32,0,0.0,0.0
43,F-N,100,iid,actual_reencode,full4_monotone,long_paths,128,32,0,0.0,0.0
43,F-N,100,iid,actual_reencode,endpoint5_monotone,long_paths,128,32,0,0.0,0.0
43,F-N,100,iid,actual_reencode,full5_monotone,long_paths,128,32,0,0.0,0.0
43,F-N,100,iid,actual_reencode,endpoint1_alternating,long_paths,64,32,0,0.0,0.0
43,F-N,100,iid,actual_reencode,full1_alternating,long_paths,64,32,0,0.0,0.0
43,F-N,100,iid,actual_reencode,endpoint2_alternating,long_paths,64,32,0,0.0,0.0
43,F-N,100,iid,actual_reencode,full2_alternating,long_paths,64,32,0,0.0,0.0
43,F-N,100,iid,actual_reencode,endpoint3_alternating,long_paths,64,32,0,0.0,0.0
43,F-N,100,iid,actual_reencode,full3_alternating,long_paths,64,32,0,0.0,0.0
43,F-N,100,iid,actual_reencode,endpoint4_alternating,long_paths,64,32,0,0.0,0.0
43,F-N,100,iid,actual_reencode,full4_alternating,long_paths,64,32,0,0.0,0.0
43,F-N,100,iid,actual_reencode,endpoint5_alternating,long_paths,64,32,0,0.0,0.0
43,F-N,100,iid,actual_reencode,full5_alternating,long_paths,64,32,0,0.0,0.0
43,F-N,100,iid,actual_reencode,endpoint1_boundary_alternating,long_paths,64,32,0,0.0,0.0
43,F-N,100,iid,actual_reencode,full1_boundary_alternating,long_paths,64,32,0,0.0,0.0
43,F-N,100,iid,actual_reencode,endpoint2_boundary_alternating,long_paths,64,32,0,0.0,0.0
43,F-N,100,iid,actual_reencode,full2_boundary_alternating,long_paths,64,32,0,0.0,0.0
43,F-N,100,iid,actual_reencode,endpoint3_boundary_alternating,long_paths,64,32,0,0.0,0.0
43,F-N,100,iid,actual_reencode,full3_boundary_alternating,long_paths,64,32,0,0.0,0.0
43,F-N,100,iid,actual_reencode,endpoint4_boundary_alternating,long_paths,64,32,0,0.0,0.0
43,F-N,100,iid,actual_reencode,full4_boundary_alternating,long_paths,64,32,0,0.0,0.0
43,F-N,100,iid,actual_reencode,endpoint5_boundary_alternating,long_paths,64,32,0,0.0,0.0
43,F-N,100,iid,actual_reencode,full5_boundary_alternating,long_paths,64,32,0,0.0,0.0
43,F-N,100,ood,latent,endpoint1_all,long_paths,256,32,-4.296875,-7.03125,-1.5625
43,F-N,100,ood,latent,full1_all,long_paths,256,32,-4.296875,-7.03125,-1.5625
43,F-N,100,ood,latent,endpoint2_all,long_paths,256,32,37.5,37.5,37.5
43,F-N,100,ood,latent,full2_all,long_paths,256,32,12.890625,12.5,13.671875
43,F-N,100,ood,latent,endpoint3_all,long_paths,256,32,-0.78125,-1.953125,0.0
43,F-N,100,ood,latent,full3_all,long_paths,256,32,0,0.0,0.0
43,F-N,100,ood,latent,endpoint4_all,long_paths,256,32,0,0.0,0.0
43,F-N,100,ood,latent,full4_all,long_paths,256,32,0,0.0,0.0
43,F-N,100,ood,latent,endpoint5_all,long_paths,256,32,0,0.0,0.0
43,F-N,100,ood,latent,full5_all,long_paths,256,32,0,0.0,0.0
43,F-N,100,ood,latent,endpoint1_monotone,long_paths,128,32,-9.375,-14.0625,-3.90625
43,F-N,100,ood,latent,full1_monotone,long_paths,128,32,-9.375,-14.0625,-3.90625
43,F-N,100,ood,latent,endpoint2_monotone,long_paths,128,32,0,0.0,0.0
43,F-N,100,ood,latent,full2_monotone,long_paths,128,32,0,0.0,0.0
43,F-N,100,ood,latent,endpoint3_monotone,long_paths,128,32,0,0.0,0.0
43,F-N,100,ood,latent,full3_monotone,long_paths,128,32,0,0.0,0.0
43,F-N,100,ood,latent,endpoint4_monotone,long_paths,128,32,0,0.0,0.0
43,F-N,100,ood,latent,full4_monotone,long_paths,128,32,0,0.0,0.0
43,F-N,100,ood,latent,endpoint5_monotone,long_paths,128,32,0,0.0,0.0
43,F-N,100,ood,latent,full5_monotone,long_paths,128,32,0,0.0,0.0
43,F-N,100,ood,latent,endpoint1_alternating,long_paths,64,32,1.5625,0.0,4.6875
43,F-N,100,ood,latent,full1_alternating,long_paths,64,32,1.5625,0.0,4.6875
43,F-N,100,ood,latent,endpoint2_alternating,long_paths,64,32,100,100.0,100.0
43,F-N,100,ood,latent,full2_alternating,long_paths,64,32,1.5625,0.0,4.6875
43,F-N,100,ood,latent,endpoint3_alternating,long_paths,64,32,0,0.0,0.0
43,F-N,100,ood,latent,full3_alternating,long_paths,64,32,0,0.0,0.0
43,F-N,100,ood,latent,endpoint4_alternating,long_paths,64,32,0,0.0,0.0
43,F-N,100,ood,latent,full4_alternating,long_paths,64,32,0,0.0,0.0
43,F-N,100,ood,latent,endpoint5_alternating,long_paths,64,32,0,0.0,0.0
43,F-N,100,ood,latent,full5_alternating,long_paths,64,32,0,0.0,0.0
43,F-N,100,ood,latent,endpoint1_boundary_alternating,long_paths,64,32,0,0.0,0.0
43,F-N,100,ood,latent,full1_boundary_alternating,long_paths,64,32,0,0.0,0.0
43,F-N,100,ood,latent,endpoint2_boundary_alternating,long_paths,64,32,50.0,50.0,50.0
43,F-N,100,ood,latent,full2_boundary_alternating,long_paths,64,32,50.0,50.0,50.0
43,F-N,100,ood,latent,endpoint3_boundary_alternating,long_paths,64,32,-3.125,-7.8125,0.0
43,F-N,100,ood,latent,full3_boundary_alternating,long_paths,64,32,0,0.0,0.0
43,F-N,100,ood,latent,endpoint4_boundary_alternating,long_paths,64,32,0,0.0,0.0
43,F-N,100,ood,latent,full4_boundary_alternating,long_paths,64,32,0,0.0,0.0
43,F-N,100,ood,latent,endpoint5_boundary_alternating,long_paths,64,32,0,0.0,0.0
43,F-N,100,ood,latent,full5_boundary_alternating,long_paths,64,32,0,0.0,0.0
43,F-N,100,ood,gold_reencode,endpoint1_all,long_paths,256,32,-4.296875,-7.03125,-1.5625
43,F-N,100,ood,gold_reencode,full1_all,long_paths,256,32,-4.296875,-7.03125,-1.5625
43,F-N,100,ood,gold_reencode,endpoint2_all,long_paths,256,32,6.25,3.515625,8.984375
43,F-N,100,ood,gold_reencode,full2_all,long_paths,256,32,6.25,3.515625,8.984375
43,F-N,100,ood,gold_reencode,endpoint3_all,long_paths,256,32,0.78125,0.0,2.34375
43,F-N,100,ood,gold_reencode,full3_all,long_paths,256,32,10.9375,9.375,12.109375
43,F-N,100,ood,gold_reencode,endpoint4_all,long_paths,256,32,11.328125,9.765625,12.890625
43,F-N,100,ood,gold_reencode,full4_all,long_paths,256,32,10.9375,9.375,12.109375
43,F-N,100,ood,gold_reencode,endpoint5_all,long_paths,256,32,11.328125,9.765625,12.890625
43,F-N,100,ood,gold_reencode,full5_all,long_paths,256,32,10.9375,9.375,12.109375
43,F-N,100,ood,gold_reencode,endpoint1_monotone,long_paths,128,32,-9.375,-14.0625,-3.90625
43,F-N,100,ood,gold_reencode,full1_monotone,long_paths,128,32,-9.375,-14.0625,-3.90625
43,F-N,100,ood,gold_reencode,endpoint2_monotone,long_paths,128,32,-9.375,-14.0625,-3.90625
43,F-N,100,ood,gold_reencode,full2_monotone,long_paths,128,32,-9.375,-14.0625,-3.90625
43,F-N,100,ood,gold_reencode,endpoint3_monotone,long_paths,128,32,0.78125,0.0,2.34375
43,F-N,100,ood,gold_reencode,full3_monotone,long_paths,128,32,0,0.0,0.0
43,F-N,100,ood,gold_reencode,endpoint4_monotone,long_paths,128,32,0.78125,0.0,2.34375
43,F-N,100,ood,gold_reencode,full4_monotone,long_paths,128,32,0,0.0,0.0
43,F-N,100,ood,gold_reencode,endpoint5_monotone,long_paths,128,32,21.875,18.75,24.21875
43,F-N,100,ood,gold_reencode,full5_monotone,long_paths,128,32,0,0.0,0.0
43,F-N,100,ood,gold_reencode,endpoint1_alternating,long_paths,64,32,1.5625,0.0,4.6875
43,F-N,100,ood,gold_reencode,full1_alternating,long_paths,64,32,1.5625,0.0,4.6875
43,F-N,100,ood,gold_reencode,endpoint2_alternating,long_paths,64,32,0,0.0,0.0
43,F-N,100,ood,gold_reencode,full2_alternating,long_paths,64,32,0,0.0,0.0
43,F-N,100,ood,gold_reencode,endpoint3_alternating,long_paths,64,32,1.5625,0.0,4.6875
43,F-N,100,ood,gold_reencode,full3_alternating,long_paths,64,32,0,0.0,0.0
43,F-N,100,ood,gold_reencode,endpoint4_alternating,long_paths,64,32,0,0.0,0.0
43,F-N,100,ood,gold_reencode,full4_alternating,long_paths,64,32,0,0.0,0.0
43,F-N,100,ood,gold_reencode,endpoint5_alternating,long_paths,64,32,1.5625,0.0,4.6875
43,F-N,100,ood,gold_reencode,full5_alternating,long_paths,64,32,0,0.0,0.0
43,F-N,100,ood,gold_reencode,endpoint1_boundary_alternating,long_paths,64,32,0,0.0,0.0
43,F-N,100,ood,gold_reencode,full1_boundary_alternating,long_paths,64,32,0,0.0,0.0
43,F-N,100,ood,gold_reencode,endpoint2_boundary_alternating,long_paths,64,32,43.75,37.5,48.4375
43,F-N,100,ood,gold_reencode,full2_boundary_alternating,long_paths,64,32,43.75,37.5,48.4375
43,F-N,100,ood,gold_reencode,endpoint3_boundary_alternating,long_paths,64,32,0,0.0,0.0
43,F-N,100,ood,gold_reencode,full3_boundary_alternating,long_paths,64,32,43.75,37.5,48.4375
43,F-N,100,ood,gold_reencode,endpoint4_boundary_alternating,long_paths,64,32,43.75,37.5,48.4375
43,F-N,100,ood,gold_reencode,full4_boundary_alternating,long_paths,64,32,43.75,37.5,48.4375
43,F-N,100,ood,gold_reencode,endpoint5_boundary_alternating,long_paths,64,32,0,0.0,0.0
43,F-N,100,ood,gold_reencode,full5_boundary_alternating,long_paths,64,32,43.75,37.5,48.4375
43,F-N,100,ood,actual_reencode,endpoint1_all,long_paths,256,32,-4.296875,-7.03125,-1.5625
43,F-N,100,ood,actual_reencode,full1_all,long_paths,256,32,-4.296875,-7.03125,-1.5625
43,F-N,100,ood,actual_reencode,endpoint2_all,long_paths,256,32,5.078125,-0.390625,10.15625
43,F-N,100,ood,actual_reencode,full2_all,long_paths,256,32,1.953125,-1.953125,5.859375
43,F-N,100,ood,actual_reencode,endpoint3_all,long_paths,256,32,11.71875,6.25,16.796875
43,F-N,100,ood,actual_reencode,full3_all,long_paths,256,32,1.953125,-2.34375,6.25
43,F-N,100,ood,actual_reencode,endpoint4_all,long_paths,256,32,8.59375,3.515625,13.671875
43,F-N,100,ood,actual_reencode,full4_all,long_paths,256,32,1.953125,-2.34375,6.25
43,F-N,100,ood,actual_reencode,endpoint5_all,long_paths,256,32,11.71875,6.25,16.796875
43,F-N,100,ood,actual_reencode,full5_all,long_paths,256,32,1.953125,-2.34375,6.25
43,F-N,100,ood,actual_reencode,endpoint1_monotone,long_paths,128,32,-9.375,-14.0625,-3.90625
43,F-N,100,ood,actual_reencode,full1_monotone,long_paths,128,32,-9.375,-14.0625,-3.90625
43,F-N,100,ood,actual_reencode,endpoint2_monotone,long_paths,128,32,-18.75,-26.5625,-11.71875
43,F-N,100,ood,actual_reencode,full2_monotone,long_paths,128,32,-18.75,-26.5625,-11.71875
43,F-N,100,ood,actual_reencode,endpoint3_monotone,long_paths,128,32,-18.75,-26.5625,-10.9375
43,F-N,100,ood,actual_reencode,full3_monotone,long_paths,128,32,-18.75,-26.5625,-10.9375
43,F-N,100,ood,actual_reencode,endpoint4_monotone,long_paths,128,32,-18.75,-26.5625,-10.9375
43,F-N,100,ood,actual_reencode,full4_monotone,long_paths,128,32,-18.75,-26.5625,-10.9375
43,F-N,100,ood,actual_reencode,endpoint5_monotone,long_paths,128,32,-18.75,-26.5625,-10.9375
43,F-N,100,ood,actual_reencode,full5_monotone,long_paths,128,32,-18.75,-26.5625,-10.9375
43,F-N,100,ood,actual_reencode,endpoint1_alternating,long_paths,64,32,1.5625,0.0,4.6875
43,F-N,100,ood,actual_reencode,full1_alternating,long_paths,64,32,1.5625,0.0,4.6875
43,F-N,100,ood,actual_reencode,endpoint2_alternating,long_paths,64,32,14.0625,-1.5625,28.125
43,F-N,100,ood,actual_reencode,full2_alternating,long_paths,64,32,1.5625,0.0,4.6875
43,F-N,100,ood,actual_reencode,endpoint3_alternating,long_paths,64,32,40.625,32.8125,46.875
43,F-N,100,ood,actual_reencode,full3_alternating,long_paths,64,32,1.5625,0.0,4.6875
43,F-N,100,ood,actual_reencode,endpoint4_alternating,long_paths,64,32,28.125,12.5,40.625
43,F-N,100,ood,actual_reencode,full4_alternating,long_paths,64,32,1.5625,0.0,4.6875
43,F-N,100,ood,actual_reencode,endpoint5_alternating,long_paths,64,32,40.625,32.8125,46.875
43,F-N,100,ood,actual_reencode,full5_alternating,long_paths,64,32,1.5625,0.0,4.6875
43,F-N,100,ood,actual_reencode,endpoint1_boundary_alternating,long_paths,64,32,0,0.0,0.0
43,F-N,100,ood,actual_reencode,full1_boundary_alternating,long_paths,64,32,0,0.0,0.0
43,F-N,100,ood,actual_reencode,endpoint2_boundary_alternating,long_paths,64,32,43.75,37.5,48.4375
43,F-N,100,ood,actual_reencode,full2_boundary_alternating,long_paths,64,32,43.75,37.5,48.4375
43,F-N,100,ood,actual_reencode,endpoint3_boundary_alternating,long_paths,64,32,43.75,37.5,48.4375
43,F-N,100,ood,actual_reencode,full3_boundary_alternating,long_paths,64,32,43.75,37.5,48.4375
43,F-N,100,ood,actual_reencode,endpoint4_boundary_alternating,long_paths,64,32,43.75,37.5,48.4375
43,F-N,100,ood,actual_reencode,full4_boundary_alternating,long_paths,64,32,43.75,37.5,48.4375
43,F-N,100,ood,actual_reencode,endpoint5_boundary_alternating,long_paths,64,32,43.75,37.5,48.4375
43,F-N,100,ood,actual_reencode,full5_boundary_alternating,long_paths,64,32,43.75,37.5,48.4375
43,F-N,200,iid,natural,atomic_macro,all,768,32,0,0.0,0.0
43,F-N,200,ood,natural,atomic_macro,all,384,32,6.770833333333333,4.947916666666666,8.854166666666666
43,F-N,200,iid,fixed_T0,endpoint2,all,704,32,93.32386363636364,92.61363636363636,94.03409090909092
43,F-N,200,iid,fixed_T0,full2,all,704,32,93.32386363636364,92.61363636363636,94.03409090909092
43,F-N,200,iid,fixed_T0,endpoint2,fixed_diagnostic,704,32,93.32386363636364,92.61363636363636,94.03409090909092
43,F-N,200,iid,fixed_T0,full2,fixed_diagnostic,704,32,93.32386363636364,92.61363636363636,94.03409090909092
43,F-N,200,ood,fixed_T0,endpoint2,all,704,32,56.10795454545454,54.829545454545446,57.38636363636363
43,F-N,200,ood,fixed_T0,full2,all,704,32,30.823863636363637,29.54545454545454,32.24431818181818
43,F-N,200,ood,fixed_T0,endpoint2,fixed_diagnostic,234,32,80.03472222222221,78.125,82.11805555555556
43,F-N,200,ood,fixed_T0,full2,fixed_diagnostic,234,32,80.03472222222221,78.125,82.11805555555556
43,F-N,200,iid,U,endpoint2,all,704,32,78.83522727272727,77.41477272727273,80.25568181818181
43,F-N,200,iid,U,full2,all,704,32,78.83522727272727,77.41477272727273,80.25568181818181
43,F-N,200,iid,U,endpoint2,fixed_diagnostic,704,32,78.83522727272727,77.41477272727273,80.25568181818181
43,F-N,200,iid,U,full2,fixed_diagnostic,704,32,78.83522727272727,77.41477272727273,80.25568181818181
43,F-N,200,ood,U,endpoint2,all,704,32,21.59090909090909,20.596590909090907,22.585227272727273
43,F-N,200,ood,U,full2,all,704,32,14.77272727272727,14.204545454545453,15.482954545454547
43,F-N,200,ood,U,endpoint2,fixed_diagnostic,234,32,44.791666666666664,42.36111111111111,47.04861111111111
43,F-N,200,ood,U,full2,fixed_diagnostic,234,32,44.791666666666664,42.36111111111111,47.04861111111111
43,F-N,200,iid,self,endpoint2,all,704,32,40.909090909090914,37.92613636363637,43.75
43,F-N,200,iid,self,full2,all,704,32,40.909090909090914,37.92613636363637,43.75
43,F-N,200,iid,self,endpoint2,fixed_diagnostic,704,32,40.909090909090914,37.92613636363637,43.75
43,F-N,200,iid,self,full2,fixed_diagnostic,704,32,40.909090909090914,37.92613636363637,43.75
43,F-N,200,ood,self,endpoint2,all,704,32,23.72159090909091,22.301136363636363,25.28409090909091
43,F-N,200,ood,self,full2,all,704,32,13.778409090909092,12.5,15.198863636363635
43,F-N,200,ood,self,endpoint2,fixed_diagnostic,234,32,31.770833333333332,29.86111111111111,33.68055555555555
43,F-N,200,ood,self,full2,fixed_diagnostic,234,32,31.770833333333332,29.86111111111111,33.68055555555555
43,F-N,200,iid,gold_reencode,endpoint2,all,704,32,0,0.0,0.0
43,F-N,200,iid,gold_reencode,full2,all,704,32,0,0.0,0.0
43,F-N,200,iid,gold_reencode,endpoint2,fixed_diagnostic,704,32,0,0.0,0.0
43,F-N,200,iid,gold_reencode,full2,fixed_diagnostic,704,32,0,0.0,0.0
43,F-N,200,ood,gold_reencode,endpoint2,all,704,32,7.386363636363637,5.3977272727272725,9.659090909090908
43,F-N,200,ood,gold_reencode,full2,all,704,32,11.079545454545453,8.096590909090908,14.488636363636362
43,F-N,200,ood,gold_reencode,endpoint2,fixed_diagnostic,234,32,18.055555555555554,12.32638888888889,23.263888888888886
43,F-N,200,ood,gold_reencode,full2,fixed_diagnostic,234,32,27.604166666666668,18.75,35.416666666666664
43,F-N,200,iid,actual_reencode,endpoint2,all,704,32,0,0.0,0.0
43,F-N,200,iid,actual_reencode,full2,all,704,32,0,0.0,0.0
43,F-N,200,iid,actual_reencode,endpoint2,fixed_diagnostic,704,32,0,0.0,0.0
43,F-N,200,iid,actual_reencode,full2,fixed_diagnostic,704,32,0,0.0,0.0
43,F-N,200,ood,actual_reencode,endpoint2,all,704,32,17.613636363636363,14.204545454545455,20.880681818181817
43,F-N,200,ood,actual_reencode,full2,all,704,32,11.079545454545455,7.102272727272727,14.914772727272727
43,F-N,200,ood,actual_reencode,endpoint2,fixed_diagnostic,234,32,28.29861111111111,20.138888888888886,35.59027777777778
43,F-N,200,ood,actual_reencode,full2,fixed_diagnostic,234,32,27.604166666666668,18.75,35.416666666666664
43,F-N,200,iid,latent,endpoint1_all,long_paths,256,32,0,0.0,0.0
43,F-N,200,iid,latent,full1_all,long_paths,256,32,0,0.0,0.0
43,F-N,200,iid,latent,endpoint2_all,long_paths,256,32,57.8125,54.6875,60.546875
43,F-N,200,iid,latent,full2_all,long_paths,256,32,57.8125,54.6875,60.546875
43,F-N,200,iid,latent,endpoint3_all,long_paths,256,32,-2.734375,-5.859375,0.0
43,F-N,200,iid,latent,full3_all,long_paths,256,32,0,0.0,0.0
43,F-N,200,iid,latent,endpoint4_all,long_paths,256,32,0,0.0,0.0
43,F-N,200,iid,latent,full4_all,long_paths,256,32,0,0.0,0.0
43,F-N,200,iid,latent,endpoint5_all,long_paths,256,32,0,0.0,0.0
43,F-N,200,iid,latent,full5_all,long_paths,256,32,0,0.0,0.0
43,F-N,200,iid,latent,endpoint1_monotone,long_paths,128,32,0,0.0,0.0
43,F-N,200,iid,latent,full1_monotone,long_paths,128,32,0,0.0,0.0
43,F-N,200,iid,latent,endpoint2_monotone,long_paths,128,32,54.6875,50.0,59.375
43,F-N,200,iid,latent,full2_monotone,long_paths,128,32,54.6875,50.0,59.375
43,F-N,200,iid,latent,endpoint3_monotone,long_paths,128,32,0,0.0,0.0
43,F-N,200,iid,latent,full3_monotone,long_paths,128,32,0,0.0,0.0
43,F-N,200,iid,latent,endpoint4_monotone,long_paths,128,32,0,0.0,0.0
43,F-N,200,iid,latent,full4_monotone,long_paths,128,32,0,0.0,0.0
43,F-N,200,iid,latent,endpoint5_monotone,long_paths,128,32,0,0.0,0.0
43,F-N,200,iid,latent,full5_monotone,long_paths,128,32,0,0.0,0.0
43,F-N,200,iid,latent,endpoint1_alternating,long_paths,64,32,0,0.0,0.0
43,F-N,200,iid,latent,full1_alternating,long_paths,64,32,0,0.0,0.0
43,F-N,200,iid,latent,endpoint2_alternating,long_paths,64,32,71.875,64.0625,79.6875
43,F-N,200,iid,latent,full2_alternating,long_paths,64,32,71.875,64.0625,79.6875
43,F-N,200,iid,latent,endpoint3_alternating,long_paths,64,32,-4.6875,-12.5,3.125
43,F-N,200,iid,latent,full3_alternating,long_paths,64,32,0,0.0,0.0
43,F-N,200,iid,latent,endpoint4_alternating,long_paths,64,32,0,0.0,0.0
43,F-N,200,iid,latent,full4_alternating,long_paths,64,32,0,0.0,0.0
43,F-N,200,iid,latent,endpoint5_alternating,long_paths,64,32,0,0.0,0.0
43,F-N,200,iid,latent,full5_alternating,long_paths,64,32,0,0.0,0.0
43,F-N,200,iid,latent,endpoint1_boundary_alternating,long_paths,64,32,0,0.0,0.0
43,F-N,200,iid,latent,full1_boundary_alternating,long_paths,64,32,0,0.0,0.0
43,F-N,200,iid,latent,endpoint2_boundary_alternating,long_paths,64,32,50.0,50.0,50.0
43,F-N,200,iid,latent,full2_boundary_alternating,long_paths,64,32,50.0,50.0,50.0
43,F-N,200,iid,latent,endpoint3_boundary_alternating,long_paths,64,32,-6.25,-12.5,-1.5625
43,F-N,200,iid,latent,full3_boundary_alternating,long_paths,64,32,0,0.0,0.0
43,F-N,200,iid,latent,endpoint4_boundary_alternating,long_paths,64,32,0,0.0,0.0
43,F-N,200,iid,latent,full4_boundary_alternating,long_paths,64,32,0,0.0,0.0
43,F-N,200,iid,latent,endpoint5_boundary_alternating,long_paths,64,32,0,0.0,0.0
43,F-N,200,iid,latent,full5_boundary_alternating,long_paths,64,32,0,0.0,0.0
43,F-N,200,iid,gold_reencode,endpoint1_all,long_paths,256,32,0,0.0,0.0
43,F-N,200,iid,gold_reencode,full1_all,long_paths,256,32,0,0.0,0.0
43,F-N,200,iid,gold_reencode,endpoint2_all,long_paths,256,32,0,0.0,0.0
43,F-N,200,iid,gold_reencode,full2_all,long_paths,256,32,0,0.0,0.0
43,F-N,200,iid,gold_reencode,endpoint3_all,long_paths,256,32,0,0.0,0.0
43,F-N,200,iid,gold_reencode,full3_all,long_paths,256,32,0,0.0,0.0
43,F-N,200,iid,gold_reencode,endpoint4_all,long_paths,256,32,0,0.0,0.0
43,F-N,200,iid,gold_reencode,full4_all,long_paths,256,32,0,0.0,0.0
43,F-N,200,iid,gold_reencode,endpoint5_all,long_paths,256,32,0,0.0,0.0
43,F-N,200,iid,gold_reencode,full5_all,long_paths,256,32,0,0.0,0.0
43,F-N,200,iid,gold_reencode,endpoint1_monotone,long_paths,128,32,0,0.0,0.0
43,F-N,200,iid,gold_reencode,full1_monotone,long_paths,128,32,0,0.0,0.0
43,F-N,200,iid,gold_reencode,endpoint2_monotone,long_paths,128,32,0,0.0,0.0
43,F-N,200,iid,gold_reencode,full2_monotone,long_paths,128,32,0,0.0,0.0
43,F-N,200,iid,gold_reencode,endpoint3_monotone,long_paths,128,32,0,0.0,0.0
43,F-N,200,iid,gold_reencode,full3_monotone,long_paths,128,32,0,0.0,0.0
43,F-N,200,iid,gold_reencode,endpoint4_monotone,long_paths,128,32,0,0.0,0.0
43,F-N,200,iid,gold_reencode,full4_monotone,long_paths,128,32,0,0.0,0.0
43,F-N,200,iid,gold_reencode,endpoint5_monotone,long_paths,128,32,0,0.0,0.0
43,F-N,200,iid,gold_reencode,full5_monotone,long_paths,128,32,0,0.0,0.0
43,F-N,200,iid,gold_reencode,endpoint1_alternating,long_paths,64,32,0,0.0,0.0
43,F-N,200,iid,gold_reencode,full1_alternating,long_paths,64,32,0,0.0,0.0
43,F-N,200,iid,gold_reencode,endpoint2_alternating,long_paths,64,32,0,0.0,0.0
43,F-N,200,iid,gold_reencode,full2_alternating,long_paths,64,32,0,0.0,0.0
43,F-N,200,iid,gold_reencode,endpoint3_alternating,long_paths,64,32,0,0.0,0.0
43,F-N,200,iid,gold_reencode,full3_alternating,long_paths,64,32,0,0.0,0.0
43,F-N,200,iid,gold_reencode,endpoint4_alternating,long_paths,64,32,0,0.0,0.0
43,F-N,200,iid,gold_reencode,full4_alternating,long_paths,64,32,0,0.0,0.0
43,F-N,200,iid,gold_reencode,endpoint5_alternating,long_paths,64,32,0,0.0,0.0
43,F-N,200,iid,gold_reencode,full5_alternating,long_paths,64,32,0,0.0,0.0
43,F-N,200,iid,gold_reencode,endpoint1_boundary_alternating,long_paths,64,32,0,0.0,0.0
43,F-N,200,iid,gold_reencode,full1_boundary_alternating,long_paths,64,32,0,0.0,0.0
43,F-N,200,iid,gold_reencode,endpoint2_boundary_alternating,long_paths,64,32,0,0.0,0.0
43,F-N,200,iid,gold_reencode,full2_boundary_alternating,long_paths,64,32,0,0.0,0.0
43,F-N,200,iid,gold_reencode,endpoint3_boundary_alternating,long_paths,64,32,0,0.0,0.0
43,F-N,200,iid,gold_reencode,full3_boundary_alternating,long_paths,64,32,0,0.0,0.0
43,F-N,200,iid,gold_reencode,endpoint4_boundary_alternating,long_paths,64,32,0,0.0,0.0
43,F-N,200,iid,gold_reencode,full4_boundary_alternating,long_paths,64,32,0,0.0,0.0
43,F-N,200,iid,gold_reencode,endpoint5_boundary_alternating,long_paths,64,32,0,0.0,0.0
43,F-N,200,iid,gold_reencode,full5_boundary_alternating,long_paths,64,32,0,0.0,0.0
43,F-N,200,iid,actual_reencode,endpoint1_all,long_paths,256,32,0,0.0,0.0
43,F-N,200,iid,actual_reencode,full1_all,long_paths,256,32,0,0.0,0.0
43,F-N,200,iid,actual_reencode,endpoint2_all,long_paths,256,32,0,0.0,0.0
43,F-N,200,iid,actual_reencode,full2_all,long_paths,256,32,0,0.0,0.0
43,F-N,200,iid,actual_reencode,endpoint3_all,long_paths,256,32,0,0.0,0.0
43,F-N,200,iid,actual_reencode,full3_all,long_paths,256,32,0,0.0,0.0
43,F-N,200,iid,actual_reencode,endpoint4_all,long_paths,256,32,0,0.0,0.0
43,F-N,200,iid,actual_reencode,full4_all,long_paths,256,32,0,0.0,0.0
43,F-N,200,iid,actual_reencode,endpoint5_all,long_paths,256,32,0,0.0,0.0
43,F-N,200,iid,actual_reencode,full5_all,long_paths,256,32,0,0.0,0.0
43,F-N,200,iid,actual_reencode,endpoint1_monotone,long_paths,128,32,0,0.0,0.0
43,F-N,200,iid,actual_reencode,full1_monotone,long_paths,128,32,0,0.0,0.0
43,F-N,200,iid,actual_reencode,endpoint2_monotone,long_paths,128,32,0,0.0,0.0
43,F-N,200,iid,actual_reencode,full2_monotone,long_paths,128,32,0,0.0,0.0
43,F-N,200,iid,actual_reencode,endpoint3_monotone,long_paths,128,32,0,0.0,0.0
43,F-N,200,iid,actual_reencode,full3_monotone,long_paths,128,32,0,0.0,0.0
43,F-N,200,iid,actual_reencode,endpoint4_monotone,long_paths,128,32,0,0.0,0.0
43,F-N,200,iid,actual_reencode,full4_monotone,long_paths,128,32,0,0.0,0.0
43,F-N,200,iid,actual_reencode,endpoint5_monotone,long_paths,128,32,0,0.0,0.0
43,F-N,200,iid,actual_reencode,full5_monotone,long_paths,128,32,0,0.0,0.0
43,F-N,200,iid,actual_reencode,endpoint1_alternating,long_paths,64,32,0,0.0,0.0
43,F-N,200,iid,actual_reencode,full1_alternating,long_paths,64,32,0,0.0,0.0
43,F-N,200,iid,actual_reencode,endpoint2_alternating,long_paths,64,32,0,0.0,0.0
43,F-N,200,iid,actual_reencode,full2_alternating,long_paths,64,32,0,0.0,0.0
43,F-N,200,iid,actual_reencode,endpoint3_alternating,long_paths,64,32,0,0.0,0.0
43,F-N,200,iid,actual_reencode,full3_alternating,long_paths,64,32,0,0.0,0.0
43,F-N,200,iid,actual_reencode,endpoint4_alternating,long_paths,64,32,0,0.0,0.0
43,F-N,200,iid,actual_reencode,full4_alternating,long_paths,64,32,0,0.0,0.0
43,F-N,200,iid,actual_reencode,endpoint5_alternating,long_paths,64,32,0,0.0,0.0
43,F-N,200,iid,actual_reencode,full5_alternating,long_paths,64,32,0,0.0,0.0
43,F-N,200,iid,actual_reencode,endpoint1_boundary_alternating,long_paths,64,32,0,0.0,0.0
43,F-N,200,iid,actual_reencode,full1_boundary_alternating,long_paths,64,32,0,0.0,0.0
43,F-N,200,iid,actual_reencode,endpoint2_boundary_alternating,long_paths,64,32,0,0.0,0.0
43,F-N,200,iid,actual_reencode,full2_boundary_alternating,long_paths,64,32,0,0.0,0.0
43,F-N,200,iid,actual_reencode,endpoint3_boundary_alternating,long_paths,64,32,0,0.0,0.0
43,F-N,200,iid,actual_reencode,full3_boundary_alternating,long_paths,64,32,0,0.0,0.0
43,F-N,200,iid,actual_reencode,endpoint4_boundary_alternating,long_paths,64,32,0,0.0,0.0
43,F-N,200,iid,actual_reencode,full4_boundary_alternating,long_paths,64,32,0,0.0,0.0
43,F-N,200,iid,actual_reencode,endpoint5_boundary_alternating,long_paths,64,32,0,0.0,0.0
43,F-N,200,iid,actual_reencode,full5_boundary_alternating,long_paths,64,32,0,0.0,0.0
43,F-N,200,ood,latent,endpoint1_all,long_paths,256,32,-0.78125,-3.515625,2.34375
43,F-N,200,ood,latent,full1_all,long_paths,256,32,-0.78125,-3.515625,2.34375
43,F-N,200,ood,latent,endpoint2_all,long_paths,256,32,26.953125,25.390625,28.515625
43,F-N,200,ood,latent,full2_all,long_paths,256,32,12.5,12.5,12.5
43,F-N,200,ood,latent,endpoint3_all,long_paths,256,32,0.78125,-0.78125,2.34375
43,F-N,200,ood,latent,full3_all,long_paths,256,32,0,0.0,0.0
43,F-N,200,ood,latent,endpoint4_all,long_paths,256,32,0,0.0,0.0
43,F-N,200,ood,latent,full4_all,long_paths,256,32,0,0.0,0.0
43,F-N,200,ood,latent,endpoint5_all,long_paths,256,32,0,0.0,0.0
43,F-N,200,ood,latent,full5_all,long_paths,256,32,0,0.0,0.0
43,F-N,200,ood,latent,endpoint1_monotone,long_paths,128,32,-1.5625,-7.03125,4.6875
43,F-N,200,ood,latent,full1_monotone,long_paths,128,32,-1.5625,-7.03125,4.6875
43,F-N,200,ood,latent,endpoint2_monotone,long_paths,128,32,0.78125,0.0,2.34375
43,F-N,200,ood,latent,full2_monotone,long_paths,128,32,0,0.0,0.0
43,F-N,200,ood,latent,endpoint3_monotone,long_paths,128,32,0,0.0,0.0
43,F-N,200,ood,latent,full3_monotone,long_paths,128,32,0,0.0,0.0
43,F-N,200,ood,latent,endpoint4_monotone,long_paths,128,32,0,0.0,0.0
43,F-N,200,ood,latent,full4_monotone,long_paths,128,32,0,0.0,0.0
43,F-N,200,ood,latent,endpoint5_monotone,long_paths,128,32,0,0.0,0.0
43,F-N,200,ood,latent,full5_monotone,long_paths,128,32,0,0.0,0.0
43,F-N,200,ood,latent,endpoint1_alternating,long_paths,64,32,0,0.0,0.0
43,F-N,200,ood,latent,full1_alternating,long_paths,64,32,0,0.0,0.0
43,F-N,200,ood,latent,endpoint2_alternating,long_paths,64,32,56.25,51.5625,62.5
43,F-N,200,ood,latent,full2_alternating,long_paths,64,32,0,0.0,0.0
43,F-N,200,ood,latent,endpoint3_alternating,long_paths,64,32,0,0.0,0.0
43,F-N,200,ood,latent,full3_alternating,long_paths,64,32,0,0.0,0.0
43,F-N,200,ood,latent,endpoint4_alternating,long_paths,64,32,0,0.0,0.0
43,F-N,200,ood,latent,full4_alternating,long_paths,64,32,0,0.0,0.0
43,F-N,200,ood,latent,endpoint5_alternating,long_paths,64,32,0,0.0,0.0
43,F-N,200,ood,latent,full5_alternating,long_paths,64,32,0,0.0,0.0
43,F-N,200,ood,latent,endpoint1_boundary_alternating,long_paths,64,32,0,0.0,0.0
43,F-N,200,ood,latent,full1_boundary_alternating,long_paths,64,32,0,0.0,0.0
43,F-N,200,ood,latent,endpoint2_boundary_alternating,long_paths,64,32,50.0,50.0,50.0
43,F-N,200,ood,latent,full2_boundary_alternating,long_paths,64,32,50.0,50.0,50.0
43,F-N,200,ood,latent,endpoint3_boundary_alternating,long_paths,64,32,3.125,-3.125,9.375
43,F-N,200,ood,latent,full3_boundary_alternating,long_paths,64,32,0,0.0,0.0
43,F-N,200,ood,latent,endpoint4_boundary_alternating,long_paths,64,32,0,0.0,0.0
43,F-N,200,ood,latent,full4_boundary_alternating,long_paths,64,32,0,0.0,0.0
43,F-N,200,ood,latent,endpoint5_boundary_alternating,long_paths,64,32,0,0.0,0.0
43,F-N,200,ood,latent,full5_boundary_alternating,long_paths,64,32,0,0.0,0.0
43,F-N,200,ood,gold_reencode,endpoint1_all,long_paths,256,32,-0.78125,-3.515625,2.34375
43,F-N,200,ood,gold_reencode,full1_all,long_paths,256,32,-0.78125,-3.515625,2.34375
43,F-N,200,ood,gold_reencode,endpoint2_all,long_paths,256,32,10.15625,7.421875,13.28125
43,F-N,200,ood,gold_reencode,full2_all,long_paths,256,32,10.15625,7.421875,13.28125
43,F-N,200,ood,gold_reencode,endpoint3_all,long_paths,256,32,0,0.0,0.0
43,F-N,200,ood,gold_reencode,full3_all,long_paths,256,32,10.9375,9.375,12.109375
43,F-N,200,ood,gold_reencode,endpoint4_all,long_paths,256,32,10.9375,9.375,12.109375
43,F-N,200,ood,gold_reencode,full4_all,long_paths,256,32,10.9375,9.375,12.109375
43,F-N,200,ood,gold_reencode,endpoint5_all,long_paths,256,32,10.9375,9.375,12.109375
43,F-N,200,ood,gold_reencode,full5_all,long_paths,256,32,10.9375,9.375,12.109375
43,F-N,200,ood,gold_reencode,endpoint1_monotone,long_paths,128,32,-1.5625,-7.03125,4.6875
43,F-N,200,ood,gold_reencode,full1_monotone,long_paths,128,32,-1.5625,-7.03125,4.6875
43,F-N,200,ood,gold_reencode,endpoint2_monotone,long_paths,128,32,-1.5625,-7.03125,4.6875
43,F-N,200,ood,gold_reencode,full2_monotone,long_paths,128,32,-1.5625,-7.03125,4.6875
43,F-N,200,ood,gold_reencode,endpoint3_monotone,long_paths,128,32,0,0.0,0.0
43,F-N,200,ood,gold_reencode,full3_monotone,long_paths,128,32,0,0.0,0.0
43,F-N,200,ood,gold_reencode,endpoint4_monotone,long_paths,128,32,0,0.0,0.0
43,F-N,200,ood,gold_reencode,full4_monotone,long_paths,128,32,0,0.0,0.0
43,F-N,200,ood,gold_reencode,endpoint5_monotone,long_paths,128,32,21.875,18.75,24.21875
43,F-N,200,ood,gold_reencode,full5_monotone,long_paths,128,32,0,0.0,0.0
43,F-N,200,ood,gold_reencode,endpoint1_alternating,long_paths,64,32,0,0.0,0.0
43,F-N,200,ood,gold_reencode,full1_alternating,long_paths,64,32,0,0.0,0.0
43,F-N,200,ood,gold_reencode,endpoint2_alternating,long_paths,64,32,0,0.0,0.0
43,F-N,200,ood,gold_reencode,full2_alternating,long_paths,64,32,0,0.0,0.0
43,F-N,200,ood,gold_reencode,endpoint3_alternating,long_paths,64,32,0,0.0,0.0
43,F-N,200,ood,gold_reencode,full3_alternating,long_paths,64,32,0,0.0,0.0
43,F-N,200,ood,gold_reencode,endpoint4_alternating,long_paths,64,32,0,0.0,0.0
43,F-N,200,ood,gold_reencode,full4_alternating,long_paths,64,32,0,0.0,0.0
43,F-N,200,ood,gold_reencode,endpoint5_alternating,long_paths,64,32,0,0.0,0.0
43,F-N,200,ood,gold_reencode,full5_alternating,long_paths,64,32,0,0.0,0.0
43,F-N,200,ood,gold_reencode,endpoint1_boundary_alternating,long_paths,64,32,0,0.0,0.0
43,F-N,200,ood,gold_reencode,full1_boundary_alternating,long_paths,64,32,0,0.0,0.0
43,F-N,200,ood,gold_reencode,endpoint2_boundary_alternating,long_paths,64,32,43.75,37.5,48.4375
43,F-N,200,ood,gold_reencode,full2_boundary_alternating,long_paths,64,32,43.75,37.5,48.4375
43,F-N,200,ood,gold_reencode,endpoint3_boundary_alternating,long_paths,64,32,0,0.0,0.0
43,F-N,200,ood,gold_reencode,full3_boundary_alternating,long_paths,64,32,43.75,37.5,48.4375
43,F-N,200,ood,gold_reencode,endpoint4_boundary_alternating,long_paths,64,32,43.75,37.5,48.4375
43,F-N,200,ood,gold_reencode,full4_boundary_alternating,long_paths,64,32,43.75,37.5,48.4375
43,F-N,200,ood,gold_reencode,endpoint5_boundary_alternating,long_paths,64,32,0,0.0,0.0
43,F-N,200,ood,gold_reencode,full5_boundary_alternating,long_paths,64,32,43.75,37.5,48.4375
43,F-N,200,ood,actual_reencode,endpoint1_all,long_paths,256,32,-0.78125,-3.515625,2.34375
43,F-N,200,ood,actual_reencode,full1_all,long_paths,256,32,-0.78125,-3.515625,2.34375
43,F-N,200,ood,actual_reencode,endpoint2_all,long_paths,256,32,25.78125,20.3125,31.25
43,F-N,200,ood,actual_reencode,full2_all,long_paths,256,32,10.15625,4.6875,15.234375
43,F-N,200,ood,actual_reencode,endpoint3_all,long_paths,256,32,16.40625,8.59375,23.828125
43,F-N,200,ood,actual_reencode,full3_all,long_paths,256,32,10.9375,4.296875,17.578125
43,F-N,200,ood,actual_reencode,endpoint4_all,long_paths,256,32,26.5625,19.921875,33.203125
43,F-N,200,ood,actual_reencode,full4_all,long_paths,256,32,10.9375,4.296875,17.578125
43,F-N,200,ood,actual_reencode,endpoint5_all,long_paths,256,32,16.40625,8.59375,23.828125
43,F-N,200,ood,actual_reencode,full5_all,long_paths,256,32,10.9375,4.296875,17.578125
43,F-N,200,ood,actual_reencode,endpoint1_monotone,long_paths,128,32,-1.5625,-7.03125,4.6875
43,F-N,200,ood,actual_reencode,full1_monotone,long_paths,128,32,-1.5625,-7.03125,4.6875
43,F-N,200,ood,actual_reencode,endpoint2_monotone,long_paths,128,32,-1.5625,-11.71875,8.59375
43,F-N,200,ood,actual_reencode,full2_monotone,long_paths,128,32,-1.5625,-11.71875,8.59375
43,F-N,200,ood,actual_reencode,endpoint3_monotone,long_paths,128,32,0.0,-12.5,14.0625
43,F-N,200,ood,actual_reencode,full3_monotone,long_paths,128,32,0.0,-12.5,14.0625
43,F-N,200,ood,actual_reencode,endpoint4_monotone,long_paths,128,32,0.0,-12.5,14.0625
43,F-N,200,ood,actual_reencode,full4_monotone,long_paths,128,32,0.0,-12.5,14.0625
43,F-N,200,ood,actual_reencode,endpoint5_monotone,long_paths,128,32,0.0,-12.5,14.0625
43,F-N,200,ood,actual_reencode,full5_monotone,long_paths,128,32,0.0,-12.5,14.0625
43,F-N,200,ood,actual_reencode,endpoint1_alternating,long_paths,64,32,0,0.0,0.0
43,F-N,200,ood,actual_reencode,full1_alternating,long_paths,64,32,0,0.0,0.0
43,F-N,200,ood,actual_reencode,endpoint2_alternating,long_paths,64,32,62.5,50.0,75.0
43,F-N,200,ood,actual_reencode,full2_alternating,long_paths,64,32,0,0.0,0.0
43,F-N,200,ood,actual_reencode,endpoint3_alternating,long_paths,64,32,21.875,12.5,31.25
43,F-N,200,ood,actual_reencode,full3_alternating,long_paths,64,32,0,0.0,0.0
43,F-N,200,ood,actual_reencode,endpoint4_alternating,long_paths,64,32,62.5,50.0,75.0
43,F-N,200,ood,actual_reencode,full4_alternating,long_paths,64,32,0,0.0,0.0
43,F-N,200,ood,actual_reencode,endpoint5_alternating,long_paths,64,32,21.875,12.5,31.25
43,F-N,200,ood,actual_reencode,full5_alternating,long_paths,64,32,0,0.0,0.0
43,F-N,200,ood,actual_reencode,endpoint1_boundary_alternating,long_paths,64,32,0,0.0,0.0
43,F-N,200,ood,actual_reencode,full1_boundary_alternating,long_paths,64,32,0,0.0,0.0
43,F-N,200,ood,actual_reencode,endpoint2_boundary_alternating,long_paths,64,32,43.75,37.5,48.4375
43,F-N,200,ood,actual_reencode,full2_boundary_alternating,long_paths,64,32,43.75,37.5,48.4375
43,F-N,200,ood,actual_reencode,endpoint3_boundary_alternating,long_paths,64,32,43.75,37.5,48.4375
43,F-N,200,ood,actual_reencode,full3_boundary_alternating,long_paths,64,32,43.75,37.5,48.4375
43,F-N,200,ood,actual_reencode,endpoint4_boundary_alternating,long_paths,64,32,43.75,37.5,48.4375
43,F-N,200,ood,actual_reencode,full4_boundary_alternating,long_paths,64,32,43.75,37.5,48.4375
43,F-N,200,ood,actual_reencode,endpoint5_boundary_alternating,long_paths,64,32,43.75,37.5,48.4375
43,F-N,200,ood,actual_reencode,full5_boundary_alternating,long_paths,64,32,43.75,37.5,48.4375
43,R-F,100,iid,natural,atomic_macro,all,768,32,0,0.0,0.0
43,R-F,100,ood,natural,atomic_macro,all,384,32,1.3020833333333333,-1.0416666666666665,3.3854166666666665
43,R-F,100,iid,fixed_T0,endpoint2,all,704,32,-31.534090909090907,-33.66477272727273,-29.54545454545454
43,R-F,100,iid,fixed_T0,full2,all,704,32,-31.534090909090907,-33.66477272727273,-29.54545454545454
43,R-F,100,iid,fixed_T0,endpoint2,fixed_diagnostic,704,32,-31.534090909090907,-33.66477272727273,-29.54545454545454
43,R-F,100,iid,fixed_T0,full2,fixed_diagnostic,704,32,-31.534090909090907,-33.66477272727273,-29.54545454545454
43,R-F,100,ood,fixed_T0,endpoint2,all,704,32,-26.704545454545453,-28.125,-25.284090909090907
43,R-F,100,ood,fixed_T0,full2,all,704,32,-15.056818181818182,-16.477272727272727,-13.778409090909088
43,R-F,100,ood,fixed_T0,endpoint2,fixed_diagnostic,234,32,-44.791666666666664,-48.4375,-41.14583333333333
43,R-F,100,ood,fixed_T0,full2,fixed_diagnostic,234,32,-44.791666666666664,-48.4375,-41.14583333333333
43,R-F,100,iid,U,endpoint2,all,704,32,-34.090909090909086,-36.36363636363637,-31.96022727272727
43,R-F,100,iid,U,full2,all,704,32,-34.090909090909086,-36.36363636363637,-31.96022727272727
43,R-F,100,iid,U,endpoint2,fixed_diagnostic,704,32,-34.090909090909086,-36.36363636363637,-31.96022727272727
43,R-F,100,iid,U,full2,fixed_diagnostic,704,32,-34.090909090909086,-36.36363636363637,-31.96022727272727
43,R-F,100,ood,U,endpoint2,all,704,32,-15.198863636363635,-16.619318181818183,-13.636363636363635
43,R-F,100,ood,U,full2,all,704,32,-15.056818181818182,-16.477272727272727,-13.494318181818182
43,R-F,100,ood,U,endpoint2,fixed_diagnostic,234,32,-40.45138888888889,-43.229166666666664,-37.49999999999999
43,R-F,100,ood,U,full2,fixed_diagnostic,234,32,-40.45138888888889,-43.229166666666664,-37.49999999999999
43,R-F,100,iid,self,endpoint2,all,704,32,29.829545454545453,26.988636363636363,32.8125
43,R-F,100,iid,self,full2,all,704,32,29.829545454545453,26.988636363636363,32.8125
43,R-F,100,iid,self,endpoint2,fixed_diagnostic,704,32,29.829545454545453,26.988636363636363,32.8125
43,R-F,100,iid,self,full2,fixed_diagnostic,704,32,29.829545454545453,26.988636363636363,32.8125
43,R-F,100,ood,self,endpoint2,all,704,32,-5.3977272727272725,-8.522727272727272,-1.9886363636363635
43,R-F,100,ood,self,full2,all,704,32,-8.380681818181818,-10.937499999999998,-5.965909090909091
43,R-F,100,ood,self,endpoint2,fixed_diagnostic,234,32,-17.881944444444446,-23.78472222222222,-11.979166666666666
43,R-F,100,ood,self,full2,fixed_diagnostic,234,32,-16.145833333333332,-22.395833333333332,-9.548611111111109
43,R-F,100,iid,gold_reencode,endpoint2,all,704,32,0,0.0,0.0
43,R-F,100,iid,gold_reencode,full2,all,704,32,0,0.0,0.0
43,R-F,100,iid,gold_reencode,endpoint2,fixed_diagnostic,704,32,0,0.0,0.0
43,R-F,100,iid,gold_reencode,full2,fixed_diagnostic,704,32,0,0.0,0.0
43,R-F,100,ood,gold_reencode,endpoint2,all,704,32,1.4204545454545456,-1.1363636363636365,3.6931818181818183
43,R-F,100,ood,gold_reencode,full2,all,704,32,2.414772727272727,-1.1363636363636365,5.823863636363635
43,R-F,100,ood,gold_reencode,endpoint2,fixed_diagnostic,234,32,3.9930555555555554,1.3888888888888888,6.944444444444445
43,R-F,100,ood,gold_reencode,full2,fixed_diagnostic,234,32,5.729166666666666,2.083333333333333,10.416666666666666
43,R-F,100,iid,actual_reencode,endpoint2,all,704,32,0,0.0,0.0
43,R-F,100,iid,actual_reencode,full2,all,704,32,0,0.0,0.0
43,R-F,100,iid,actual_reencode,endpoint2,fixed_diagnostic,704,32,0,0.0,0.0
43,R-F,100,iid,actual_reencode,full2,fixed_diagnostic,704,32,0,0.0,0.0
43,R-F,100,ood,actual_reencode,endpoint2,all,704,32,-1.988636363636364,-5.3977272727272725,1.278409090909091
43,R-F,100,ood,actual_reencode,full2,all,704,32,1.5624999999999996,-2.5568181818181817,5.2556818181818175
43,R-F,100,ood,actual_reencode,endpoint2,fixed_diagnostic,234,32,3.298611111111111,-0.3472222222222222,7.465277777777779
43,R-F,100,ood,actual_reencode,full2,fixed_diagnostic,234,32,5.729166666666666,2.083333333333333,10.416666666666666
43,R-F,100,iid,latent,endpoint1_all,long_paths,256,32,0,0.0,0.0
43,R-F,100,iid,latent,full1_all,long_paths,256,32,0,0.0,0.0
43,R-F,100,iid,latent,endpoint2_all,long_paths,256,32,26.953125,23.4375,30.859375
43,R-F,100,iid,latent,full2_all,long_paths,256,32,26.953125,23.4375,30.859375
43,R-F,100,iid,latent,endpoint3_all,long_paths,256,32,15.234375,12.890625,17.578125
43,R-F,100,iid,latent,full3_all,long_paths,256,32,5.859375,3.515625,8.203125
43,R-F,100,iid,latent,endpoint4_all,long_paths,256,32,0,0.0,0.0
43,R-F,100,iid,latent,full4_all,long_paths,256,32,0,0.0,0.0
43,R-F,100,iid,latent,endpoint5_all,long_paths,256,32,0,0.0,0.0
43,R-F,100,iid,latent,full5_all,long_paths,256,32,0,0.0,0.0
43,R-F,100,iid,latent,endpoint1_monotone,long_paths,128,32,0,0.0,0.0
43,R-F,100,iid,latent,full1_monotone,long_paths,128,32,0,0.0,0.0
43,R-F,100,iid,latent,endpoint2_monotone,long_paths,128,32,32.03125,25.0,39.0625
43,R-F,100,iid,latent,full2_monotone,long_paths,128,32,32.03125,25.0,39.0625
43,R-F,100,iid,latent,endpoint3_monotone,long_paths,128,32,20.3125,16.40625,23.4375
43,R-F,100,iid,latent,full3_monotone,long_paths,128,32,1.5625,0.0,3.90625
43,R-F,100,iid,latent,endpoint4_monotone,long_paths,128,32,0,0.0,0.0
43,R-F,100,iid,latent,full4_monotone,long_paths,128,32,0,0.0,0.0
43,R-F,100,iid,latent,endpoint5_monotone,long_paths,128,32,0,0.0,0.0
43,R-F,100,iid,latent,full5_monotone,long_paths,128,32,0,0.0,0.0
43,R-F,100,iid,latent,endpoint1_alternating,long_paths,64,32,0,0.0,0.0
43,R-F,100,iid,latent,full1_alternating,long_paths,64,32,0,0.0,0.0
43,R-F,100,iid,latent,endpoint2_alternating,long_paths,64,32,0,0.0,0.0
43,R-F,100,iid,latent,full2_alternating,long_paths,64,32,0,0.0,0.0
43,R-F,100,iid,latent,endpoint3_alternating,long_paths,64,32,20.3125,10.9375,28.125
43,R-F,100,iid,latent,full3_alternating,long_paths,64,32,20.3125,10.9375,28.125
43,R-F,100,iid,latent,endpoint4_alternating,long_paths,64,32,0,0.0,0.0
43,R-F,100,iid,latent,full4_alternating,long_paths,64,32,0,0.0,0.0
43,R-F,100,iid,latent,endpoint5_alternating,long_paths,64,32,0,0.0,0.0
43,R-F,100,iid,latent,full5_alternating,long_paths,64,32,0,0.0,0.0
43,R-F,100,iid,latent,endpoint1_boundary_alternating,long_paths,64,32,0,0.0,0.0
43,R-F,100,iid,latent,full1_boundary_alternating,long_paths,64,32,0,0.0,0.0
43,R-F,100,iid,latent,endpoint2_boundary_alternating,long_paths,64,32,43.75,37.5,48.4375
43,R-F,100,iid,latent,full2_boundary_alternating,long_paths,64,32,43.75,37.5,48.4375
43,R-F,100,iid,latent,endpoint3_boundary_alternating,long_paths,64,32,0,0.0,0.0
43,R-F,100,iid,latent,full3_boundary_alternating,long_paths,64,32,0,0.0,0.0
43,R-F,100,iid,latent,endpoint4_boundary_alternating,long_paths,64,32,0,0.0,0.0
43,R-F,100,iid,latent,full4_boundary_alternating,long_paths,64,32,0,0.0,0.0
43,R-F,100,iid,latent,endpoint5_boundary_alternating,long_paths,64,32,0,0.0,0.0
43,R-F,100,iid,latent,full5_boundary_alternating,long_paths,64,32,0,0.0,0.0
43,R-F,100,iid,gold_reencode,endpoint1_all,long_paths,256,32,0,0.0,0.0
43,R-F,100,iid,gold_reencode,full1_all,long_paths,256,32,0,0.0,0.0
43,R-F,100,iid,gold_reencode,endpoint2_all,long_paths,256,32,0,0.0,0.0
43,R-F,100,iid,gold_reencode,full2_all,long_paths,256,32,0,0.0,0.0
43,R-F,100,iid,gold_reencode,endpoint3_all,long_paths,256,32,0,0.0,0.0
43,R-F,100,iid,gold_reencode,full3_all,long_paths,256,32,0,0.0,0.0
43,R-F,100,iid,gold_reencode,endpoint4_all,long_paths,256,32,0,0.0,0.0
43,R-F,100,iid,gold_reencode,full4_all,long_paths,256,32,0,0.0,0.0
43,R-F,100,iid,gold_reencode,endpoint5_all,long_paths,256,32,0,0.0,0.0
43,R-F,100,iid,gold_reencode,full5_all,long_paths,256,32,0,0.0,0.0
43,R-F,100,iid,gold_reencode,endpoint1_monotone,long_paths,128,32,0,0.0,0.0
43,R-F,100,iid,gold_reencode,full1_monotone,long_paths,128,32,0,0.0,0.0
43,R-F,100,iid,gold_reencode,endpoint2_monotone,long_paths,128,32,0,0.0,0.0
43,R-F,100,iid,gold_reencode,full2_monotone,long_paths,128,32,0,0.0,0.0
43,R-F,100,iid,gold_reencode,endpoint3_monotone,long_paths,128,32,0,0.0,0.0
43,R-F,100,iid,gold_reencode,full3_monotone,long_paths,128,32,0,0.0,0.0
43,R-F,100,iid,gold_reencode,endpoint4_monotone,long_paths,128,32,0,0.0,0.0
43,R-F,100,iid,gold_reencode,full4_monotone,long_paths,128,32,0,0.0,0.0
43,R-F,100,iid,gold_reencode,endpoint5_monotone,long_paths,128,32,0,0.0,0.0
43,R-F,100,iid,gold_reencode,full5_monotone,long_paths,128,32,0,0.0,0.0
43,R-F,100,iid,gold_reencode,endpoint1_alternating,long_paths,64,32,0,0.0,0.0
43,R-F,100,iid,gold_reencode,full1_alternating,long_paths,64,32,0,0.0,0.0
43,R-F,100,iid,gold_reencode,endpoint2_alternating,long_paths,64,32,0,0.0,0.0
43,R-F,100,iid,gold_reencode,full2_alternating,long_paths,64,32,0,0.0,0.0
43,R-F,100,iid,gold_reencode,endpoint3_alternating,long_paths,64,32,0,0.0,0.0
43,R-F,100,iid,gold_reencode,full3_alternating,long_paths,64,32,0,0.0,0.0
43,R-F,100,iid,gold_reencode,endpoint4_alternating,long_paths,64,32,0,0.0,0.0
43,R-F,100,iid,gold_reencode,full4_alternating,long_paths,64,32,0,0.0,0.0
43,R-F,100,iid,gold_reencode,endpoint5_alternating,long_paths,64,32,0,0.0,0.0
43,R-F,100,iid,gold_reencode,full5_alternating,long_paths,64,32,0,0.0,0.0
43,R-F,100,iid,gold_reencode,endpoint1_boundary_alternating,long_paths,64,32,0,0.0,0.0
43,R-F,100,iid,gold_reencode,full1_boundary_alternating,long_paths,64,32,0,0.0,0.0
43,R-F,100,iid,gold_reencode,endpoint2_boundary_alternating,long_paths,64,32,0,0.0,0.0
43,R-F,100,iid,gold_reencode,full2_boundary_alternating,long_paths,64,32,0,0.0,0.0
43,R-F,100,iid,gold_reencode,endpoint3_boundary_alternating,long_paths,64,32,0,0.0,0.0
43,R-F,100,iid,gold_reencode,full3_boundary_alternating,long_paths,64,32,0,0.0,0.0
43,R-F,100,iid,gold_reencode,endpoint4_boundary_alternating,long_paths,64,32,0,0.0,0.0
43,R-F,100,iid,gold_reencode,full4_boundary_alternating,long_paths,64,32,0,0.0,0.0
43,R-F,100,iid,gold_reencode,endpoint5_boundary_alternating,long_paths,64,32,0,0.0,0.0
43,R-F,100,iid,gold_reencode,full5_boundary_alternating,long_paths,64,32,0,0.0,0.0
43,R-F,100,iid,actual_reencode,endpoint1_all,long_paths,256,32,0,0.0,0.0
43,R-F,100,iid,actual_reencode,full1_all,long_paths,256,32,0,0.0,0.0
43,R-F,100,iid,actual_reencode,endpoint2_all,long_paths,256,32,0,0.0,0.0
43,R-F,100,iid,actual_reencode,full2_all,long_paths,256,32,0,0.0,0.0
43,R-F,100,iid,actual_reencode,endpoint3_all,long_paths,256,32,0,0.0,0.0
43,R-F,100,iid,actual_reencode,full3_all,long_paths,256,32,0,0.0,0.0
43,R-F,100,iid,actual_reencode,endpoint4_all,long_paths,256,32,0,0.0,0.0
43,R-F,100,iid,actual_reencode,full4_all,long_paths,256,32,0,0.0,0.0
43,R-F,100,iid,actual_reencode,endpoint5_all,long_paths,256,32,0,0.0,0.0
43,R-F,100,iid,actual_reencode,full5_all,long_paths,256,32,0,0.0,0.0
43,R-F,100,iid,actual_reencode,endpoint1_monotone,long_paths,128,32,0,0.0,0.0
43,R-F,100,iid,actual_reencode,full1_monotone,long_paths,128,32,0,0.0,0.0
43,R-F,100,iid,actual_reencode,endpoint2_monotone,long_paths,128,32,0,0.0,0.0
43,R-F,100,iid,actual_reencode,full2_monotone,long_paths,128,32,0,0.0,0.0
43,R-F,100,iid,actual_reencode,endpoint3_monotone,long_paths,128,32,0,0.0,0.0
43,R-F,100,iid,actual_reencode,full3_monotone,long_paths,128,32,0,0.0,0.0
43,R-F,100,iid,actual_reencode,endpoint4_monotone,long_paths,128,32,0,0.0,0.0
43,R-F,100,iid,actual_reencode,full4_monotone,long_paths,128,32,0,0.0,0.0
43,R-F,100,iid,actual_reencode,endpoint5_monotone,long_paths,128,32,0,0.0,0.0
43,R-F,100,iid,actual_reencode,full5_monotone,long_paths,128,32,0,0.0,0.0
43,R-F,100,iid,actual_reencode,endpoint1_alternating,long_paths,64,32,0,0.0,0.0
43,R-F,100,iid,actual_reencode,full1_alternating,long_paths,64,32,0,0.0,0.0
43,R-F,100,iid,actual_reencode,endpoint2_alternating,long_paths,64,32,0,0.0,0.0
43,R-F,100,iid,actual_reencode,full2_alternating,long_paths,64,32,0,0.0,0.0
43,R-F,100,iid,actual_reencode,endpoint3_alternating,long_paths,64,32,0,0.0,0.0
43,R-F,100,iid,actual_reencode,full3_alternating,long_paths,64,32,0,0.0,0.0
43,R-F,100,iid,actual_reencode,endpoint4_alternating,long_paths,64,32,0,0.0,0.0
43,R-F,100,iid,actual_reencode,full4_alternating,long_paths,64,32,0,0.0,0.0
43,R-F,100,iid,actual_reencode,endpoint5_alternating,long_paths,64,32,0,0.0,0.0
43,R-F,100,iid,actual_reencode,full5_alternating,long_paths,64,32,0,0.0,0.0
43,R-F,100,iid,actual_reencode,endpoint1_boundary_alternating,long_paths,64,32,0,0.0,0.0
43,R-F,100,iid,actual_reencode,full1_boundary_alternating,long_paths,64,32,0,0.0,0.0
43,R-F,100,iid,actual_reencode,endpoint2_boundary_alternating,long_paths,64,32,0,0.0,0.0
43,R-F,100,iid,actual_reencode,full2_boundary_alternating,long_paths,64,32,0,0.0,0.0
43,R-F,100,iid,actual_reencode,endpoint3_boundary_alternating,long_paths,64,32,0,0.0,0.0
43,R-F,100,iid,actual_reencode,full3_boundary_alternating,long_paths,64,32,0,0.0,0.0
43,R-F,100,iid,actual_reencode,endpoint4_boundary_alternating,long_paths,64,32,0,0.0,0.0
43,R-F,100,iid,actual_reencode,full4_boundary_alternating,long_paths,64,32,0,0.0,0.0
43,R-F,100,iid,actual_reencode,endpoint5_boundary_alternating,long_paths,64,32,0,0.0,0.0
43,R-F,100,iid,actual_reencode,full5_boundary_alternating,long_paths,64,32,0,0.0,0.0
43,R-F,100,ood,latent,endpoint1_all,long_paths,256,32,1.953125,-1.5625,5.078125
43,R-F,100,ood,latent,full1_all,long_paths,256,32,1.953125,-1.5625,5.078125
43,R-F,100,ood,latent,endpoint2_all,long_paths,256,32,-3.125,-6.640625,0.78125
43,R-F,100,ood,latent,full2_all,long_paths,256,32,-8.203125,-10.546875,-5.859375
43,R-F,100,ood,latent,endpoint3_all,long_paths,256,32,15.234375,12.109375,18.75
43,R-F,100,ood,latent,full3_all,long_paths,256,32,0,0.0,0.0
43,R-F,100,ood,latent,endpoint4_all,long_paths,256,32,0.390625,0.0,1.171875
43,R-F,100,ood,latent,full4_all,long_paths,256,32,0,0.0,0.0
43,R-F,100,ood,latent,endpoint5_all,long_paths,256,32,0,0.0,0.0
43,R-F,100,ood,latent,full5_all,long_paths,256,32,0,0.0,0.0
43,R-F,100,ood,latent,endpoint1_monotone,long_paths,128,32,4.6875,-1.5625,10.9375
43,R-F,100,ood,latent,full1_monotone,long_paths,128,32,4.6875,-1.5625,10.9375
43,R-F,100,ood,latent,endpoint2_monotone,long_paths,128,32,9.375,5.46875,14.0625
43,R-F,100,ood,latent,full2_monotone,long_paths,128,32,0,0.0,0.0
43,R-F,100,ood,latent,endpoint3_monotone,long_paths,128,32,12.5,8.59375,17.1875
43,R-F,100,ood,latent,full3_monotone,long_paths,128,32,0,0.0,0.0
43,R-F,100,ood,latent,endpoint4_monotone,long_paths,128,32,0,0.0,0.0
43,R-F,100,ood,latent,full4_monotone,long_paths,128,32,0,0.0,0.0
43,R-F,100,ood,latent,endpoint5_monotone,long_paths,128,32,0,0.0,0.0
43,R-F,100,ood,latent,full5_monotone,long_paths,128,32,0,0.0,0.0
43,R-F,100,ood,latent,endpoint1_alternating,long_paths,64,32,-1.5625,-4.6875,0.0
43,R-F,100,ood,latent,full1_alternating,long_paths,64,32,-1.5625,-4.6875,0.0
43,R-F,100,ood,latent,endpoint2_alternating,long_paths,64,32,0,0.0,0.0
43,R-F,100,ood,latent,full2_alternating,long_paths,64,32,-1.5625,-4.6875,0.0
43,R-F,100,ood,latent,endpoint3_alternating,long_paths,64,32,6.25,1.5625,12.5
43,R-F,100,ood,latent,full3_alternating,long_paths,64,32,0,0.0,0.0
43,R-F,100,ood,latent,endpoint4_alternating,long_paths,64,32,1.5625,0.0,4.6875
43,R-F,100,ood,latent,full4_alternating,long_paths,64,32,0,0.0,0.0
43,R-F,100,ood,latent,endpoint5_alternating,long_paths,64,32,0,0.0,0.0
43,R-F,100,ood,latent,full5_alternating,long_paths,64,32,0,0.0,0.0
43,R-F,100,ood,latent,endpoint1_boundary_alternating,long_paths,64,32,0,0.0,0.0
43,R-F,100,ood,latent,full1_boundary_alternating,long_paths,64,32,0,0.0,0.0
43,R-F,100,ood,latent,endpoint2_boundary_alternating,long_paths,64,32,-31.25,-39.0625,-23.4375
43,R-F,100,ood,latent,full2_boundary_alternating,long_paths,64,32,-31.25,-39.0625,-23.4375
43,R-F,100,ood,latent,endpoint3_boundary_alternating,long_paths,64,32,29.6875,21.875,37.5
43,R-F,100,ood,latent,full3_boundary_alternating,long_paths,64,32,0,0.0,0.0
43,R-F,100,ood,latent,endpoint4_boundary_alternating,long_paths,64,32,0,0.0,0.0
43,R-F,100,ood,latent,full4_boundary_alternating,long_paths,64,32,0,0.0,0.0
43,R-F,100,ood,latent,endpoint5_boundary_alternating,long_paths,64,32,0,0.0,0.0
43,R-F,100,ood,latent,full5_boundary_alternating,long_paths,64,32,0,0.0,0.0
43,R-F,100,ood,gold_reencode,endpoint1_all,long_paths,256,32,1.953125,-1.5625,5.078125
43,R-F,100,ood,gold_reencode,full1_all,long_paths,256,32,1.953125,-1.5625,5.078125
43,R-F,100,ood,gold_reencode,endpoint2_all,long_paths,256,32,2.34375,-0.78125,5.46875
43,R-F,100,ood,gold_reencode,full2_all,long_paths,256,32,2.34375,-0.78125,5.46875
43,R-F,100,ood,gold_reencode,endpoint3_all,long_paths,256,32,-0.78125,-2.34375,0.0
43,R-F,100,ood,gold_reencode,full3_all,long_paths,256,32,0,0.0,0.0
43,R-F,100,ood,gold_reencode,endpoint4_all,long_paths,256,32,-0.390625,-1.171875,0.0
43,R-F,100,ood,gold_reencode,full4_all,long_paths,256,32,0,0.0,0.0
43,R-F,100,ood,gold_reencode,endpoint5_all,long_paths,256,32,-0.390625,-1.171875,0.0
43,R-F,100,ood,gold_reencode,full5_all,long_paths,256,32,0,0.0,0.0
43,R-F,100,ood,gold_reencode,endpoint1_monotone,long_paths,128,32,4.6875,-1.5625,10.9375
43,R-F,100,ood,gold_reencode,full1_monotone,long_paths,128,32,4.6875,-1.5625,10.9375
43,R-F,100,ood,gold_reencode,endpoint2_monotone,long_paths,128,32,4.6875,-1.5625,10.9375
43,R-F,100,ood,gold_reencode,full2_monotone,long_paths,128,32,4.6875,-1.5625,10.9375
43,R-F,100,ood,gold_reencode,endpoint3_monotone,long_paths,128,32,-0.78125,-2.34375,0.0
43,R-F,100,ood,gold_reencode,full3_monotone,long_paths,128,32,0,0.0,0.0
43,R-F,100,ood,gold_reencode,endpoint4_monotone,long_paths,128,32,-0.78125,-2.34375,0.0
43,R-F,100,ood,gold_reencode,full4_monotone,long_paths,128,32,0,0.0,0.0
43,R-F,100,ood,gold_reencode,endpoint5_monotone,long_paths,128,32,0,0.0,0.0
43,R-F,100,ood,gold_reencode,full5_monotone,long_paths,128,32,0,0.0,0.0
43,R-F,100,ood,gold_reencode,endpoint1_alternating,long_paths,64,32,-1.5625,-4.6875,0.0
43,R-F,100,ood,gold_reencode,full1_alternating,long_paths,64,32,-1.5625,-4.6875,0.0
43,R-F,100,ood,gold_reencode,endpoint2_alternating,long_paths,64,32,0,0.0,0.0
43,R-F,100,ood,gold_reencode,full2_alternating,long_paths,64,32,0,0.0,0.0
43,R-F,100,ood,gold_reencode,endpoint3_alternating,long_paths,64,32,-1.5625,-4.6875,0.0
43,R-F,100,ood,gold_reencode,full3_alternating,long_paths,64,32,0,0.0,0.0
43,R-F,100,ood,gold_reencode,endpoint4_alternating,long_paths,64,32,0,0.0,0.0
43,R-F,100,ood,gold_reencode,full4_alternating,long_paths,64,32,0,0.0,0.0
43,R-F,100,ood,gold_reencode,endpoint5_alternating,long_paths,64,32,-1.5625,-4.6875,0.0
43,R-F,100,ood,gold_reencode,full5_alternating,long_paths,64,32,0,0.0,0.0
43,R-F,100,ood,gold_reencode,endpoint1_boundary_alternating,long_paths,64,32,0,0.0,0.0
43,R-F,100,ood,gold_reencode,full1_boundary_alternating,long_paths,64,32,0,0.0,0.0
43,R-F,100,ood,gold_reencode,endpoint2_boundary_alternating,long_paths,64,32,0,0.0,0.0
43,R-F,100,ood,gold_reencode,full2_boundary_alternating,long_paths,64,32,0,0.0,0.0
43,R-F,100,ood,gold_reencode,endpoint3_boundary_alternating,long_paths,64,32,0,0.0,0.0
43,R-F,100,ood,gold_reencode,full3_boundary_alternating,long_paths,64,32,0,0.0,0.0
43,R-F,100,ood,gold_reencode,endpoint4_boundary_alternating,long_paths,64,32,0,0.0,0.0
43,R-F,100,ood,gold_reencode,full4_boundary_alternating,long_paths,64,32,0,0.0,0.0
43,R-F,100,ood,gold_reencode,endpoint5_boundary_alternating,long_paths,64,32,0,0.0,0.0
43,R-F,100,ood,gold_reencode,full5_boundary_alternating,long_paths,64,32,0,0.0,0.0
43,R-F,100,ood,actual_reencode,endpoint1_all,long_paths,256,32,1.953125,-1.5625,5.078125
43,R-F,100,ood,actual_reencode,full1_all,long_paths,256,32,1.953125,-1.5625,5.078125
43,R-F,100,ood,actual_reencode,endpoint2_all,long_paths,256,32,-5.859375,-10.15625,-1.5625
43,R-F,100,ood,actual_reencode,full2_all,long_paths,256,32,0.0,-4.6875,4.6875
43,R-F,100,ood,actual_reencode,endpoint3_all,long_paths,256,32,-13.28125,-17.578125,-8.984375
43,R-F,100,ood,actual_reencode,full3_all,long_paths,256,32,-4.296875,-8.59375,-0.78125
43,R-F,100,ood,actual_reencode,endpoint4_all,long_paths,256,32,-13.28125,-17.578125,-8.984375
43,R-F,100,ood,actual_reencode,full4_all,long_paths,256,32,-4.296875,-8.59375,-0.78125
43,R-F,100,ood,actual_reencode,endpoint5_all,long_paths,256,32,-13.28125,-17.578125,-8.984375
43,R-F,100,ood,actual_reencode,full5_all,long_paths,256,32,-4.296875,-8.59375,-0.78125
43,R-F,100,ood,actual_reencode,endpoint1_monotone,long_paths,128,32,4.6875,-1.5625,10.9375
43,R-F,100,ood,actual_reencode,full1_monotone,long_paths,128,32,4.6875,-1.5625,10.9375
43,R-F,100,ood,actual_reencode,endpoint2_monotone,long_paths,128,32,0.78125,-8.59375,9.375
43,R-F,100,ood,actual_reencode,full2_monotone,long_paths,128,32,0.78125,-8.59375,9.375
43,R-F,100,ood,actual_reencode,endpoint3_monotone,long_paths,128,32,-7.8125,-15.625,0.0
43,R-F,100,ood,actual_reencode,full3_monotone,long_paths,128,32,-7.8125,-15.625,0.0
43,R-F,100,ood,actual_reencode,endpoint4_monotone,long_paths,128,32,-7.8125,-15.625,0.0
43,R-F,100,ood,actual_reencode,full4_monotone,long_paths,128,32,-7.8125,-15.625,0.0
43,R-F,100,ood,actual_reencode,endpoint5_monotone,long_paths,128,32,-7.8125,-15.625,0.0
43,R-F,100,ood,actual_reencode,full5_monotone,long_paths,128,32,-7.8125,-15.625,0.0
43,R-F,100,ood,actual_reencode,endpoint1_alternating,long_paths,64,32,-1.5625,-4.6875,0.0
43,R-F,100,ood,actual_reencode,full1_alternating,long_paths,64,32,-1.5625,-4.6875,0.0
43,R-F,100,ood,actual_reencode,endpoint2_alternating,long_paths,64,32,-25.0,-32.8125,-15.625
43,R-F,100,ood,actual_reencode,full2_alternating,long_paths,64,32,-1.5625,-4.6875,0.0
43,R-F,100,ood,actual_reencode,endpoint3_alternating,long_paths,64,32,-37.5,-43.75,-29.6875
43,R-F,100,ood,actual_reencode,full3_alternating,long_paths,64,32,-1.5625,-4.6875,0.0
43,R-F,100,ood,actual_reencode,endpoint4_alternating,long_paths,64,32,-37.5,-43.75,-29.6875
43,R-F,100,ood,actual_reencode,full4_alternating,long_paths,64,32,-1.5625,-4.6875,0.0
43,R-F,100,ood,actual_reencode,endpoint5_alternating,long_paths,64,32,-37.5,-43.75,-29.6875
43,R-F,100,ood,actual_reencode,full5_alternating,long_paths,64,32,-1.5625,-4.6875,0.0
43,R-F,100,ood,actual_reencode,endpoint1_boundary_alternating,long_paths,64,32,0,0.0,0.0
43,R-F,100,ood,actual_reencode,full1_boundary_alternating,long_paths,64,32,0,0.0,0.0
43,R-F,100,ood,actual_reencode,endpoint2_boundary_alternating,long_paths,64,32,0,0.0,0.0
43,R-F,100,ood,actual_reencode,full2_boundary_alternating,long_paths,64,32,0,0.0,0.0
43,R-F,100,ood,actual_reencode,endpoint3_boundary_alternating,long_paths,64,32,0,0.0,0.0
43,R-F,100,ood,actual_reencode,full3_boundary_alternating,long_paths,64,32,0,0.0,0.0
43,R-F,100,ood,actual_reencode,endpoint4_boundary_alternating,long_paths,64,32,0,0.0,0.0
43,R-F,100,ood,actual_reencode,full4_boundary_alternating,long_paths,64,32,0,0.0,0.0
43,R-F,100,ood,actual_reencode,endpoint5_boundary_alternating,long_paths,64,32,0,0.0,0.0
43,R-F,100,ood,actual_reencode,full5_boundary_alternating,long_paths,64,32,0,0.0,0.0
43,R-F,200,iid,natural,atomic_macro,all,768,32,0,0.0,0.0
43,R-F,200,ood,natural,atomic_macro,all,384,32,-7.291666666666666,-8.59375,-5.989583333333333
43,R-F,200,iid,fixed_T0,endpoint2,all,704,32,-45.45454545454545,-47.72727272727273,-43.03977272727273
43,R-F,200,iid,fixed_T0,full2,all,704,32,-45.45454545454545,-47.72727272727273,-43.03977272727273
43,R-F,200,iid,fixed_T0,endpoint2,fixed_diagnostic,704,32,-45.45454545454545,-47.72727272727273,-43.03977272727273
43,R-F,200,iid,fixed_T0,full2,fixed_diagnostic,704,32,-45.45454545454545,-47.72727272727273,-43.03977272727273
43,R-F,200,ood,fixed_T0,endpoint2,all,704,32,-45.17045454545455,-46.44886363636363,-43.89204545454545
43,R-F,200,ood,fixed_T0,full2,all,704,32,-26.27840909090909,-27.698863636363637,-24.857954545454547
43,R-F,200,ood,fixed_T0,endpoint2,fixed_diagnostic,234,32,-65.7986111111111,-67.70833333333333,-64.06249999999999
43,R-F,200,ood,fixed_T0,full2,fixed_diagnostic,234,32,-65.7986111111111,-67.70833333333333,-64.06249999999999
43,R-F,200,iid,U,endpoint2,all,704,32,-37.5,-39.346590909090914,-35.51136363636363
43,R-F,200,iid,U,full2,all,704,32,-37.5,-39.346590909090914,-35.51136363636363
43,R-F,200,iid,U,endpoint2,fixed_diagnostic,704,32,-37.5,-39.346590909090914,-35.51136363636363
43,R-F,200,iid,U,full2,fixed_diagnostic,704,32,-37.5,-39.346590909090914,-35.51136363636363
43,R-F,200,ood,U,endpoint2,all,704,32,-7.670454545454546,-9.090909090909092,-6.25
43,R-F,200,ood,U,full2,all,704,32,-8.238636363636363,-9.232954545454545,-7.102272727272727
43,R-F,200,ood,U,endpoint2,fixed_diagnostic,234,32,-28.125,-30.208333333333332,-25.694444444444443
43,R-F,200,ood,U,full2,fixed_diagnostic,234,32,-28.125,-30.208333333333332,-25.694444444444443
43,R-F,200,iid,self,endpoint2,all,704,32,32.10227272727273,28.693181818181817,35.65340909090909
43,R-F,200,iid,self,full2,all,704,32,32.10227272727273,28.693181818181817,35.65340909090909
43,R-F,200,iid,self,endpoint2,fixed_diagnostic,704,32,32.10227272727273,28.693181818181817,35.65340909090909
43,R-F,200,iid,self,full2,fixed_diagnostic,704,32,32.10227272727273,28.693181818181817,35.65340909090909
43,R-F,200,ood,self,endpoint2,all,704,32,20.880681818181817,19.460227272727273,22.017045454545457
43,R-F,200,ood,self,full2,all,704,32,0.9943181818181818,-0.5681818181818182,2.5568181818181817
43,R-F,200,ood,self,endpoint2,fixed_diagnostic,234,32,14.930555555555555,12.152777777777777,17.1875
43,R-F,200,ood,self,full2,fixed_diagnostic,234,32,10.069444444444443,6.770833333333334,13.020833333333332
43,R-F,200,iid,gold_reencode,endpoint2,all,704,32,0,0.0,0.0
43,R-F,200,iid,gold_reencode,full2,all,704,32,0,0.0,0.0
43,R-F,200,iid,gold_reencode,endpoint2,fixed_diagnostic,704,32,0,0.0,0.0
43,R-F,200,iid,gold_reencode,full2,fixed_diagnostic,704,32,0,0.0,0.0
43,R-F,200,ood,gold_reencode,endpoint2,all,704,32,-7.954545454545454,-9.375,-6.534090909090909
43,R-F,200,ood,gold_reencode,full2,all,704,32,-11.931818181818182,-14.0625,-9.801136363636363
43,R-F,200,ood,gold_reencode,endpoint2,fixed_diagnostic,234,32,-4.166666666666666,-7.638888888888888,-1.3888888888888888
43,R-F,200,ood,gold_reencode,full2,fixed_diagnostic,234,32,-6.25,-11.458333333333332,-2.083333333333333
43,R-F,200,iid,actual_reencode,endpoint2,all,704,32,0,0.0,0.0
43,R-F,200,iid,actual_reencode,full2,all,704,32,0,0.0,0.0
43,R-F,200,iid,actual_reencode,endpoint2,fixed_diagnostic,704,32,0,0.0,0.0
43,R-F,200,iid,actual_reencode,full2,fixed_diagnostic,704,32,0,0.0,0.0
43,R-F,200,ood,actual_reencode,endpoint2,all,704,32,-22.58522727272727,-24.857954545454547,-20.3125
43,R-F,200,ood,actual_reencode,full2,all,704,32,-14.488636363636365,-16.90340909090909,-12.073863636363635
43,R-F,200,ood,actual_reencode,endpoint2,fixed_diagnostic,234,32,-6.944444444444445,-11.805555555555555,-2.7777777777777777
43,R-F,200,ood,actual_reencode,full2,fixed_diagnostic,234,32,-6.25,-11.458333333333332,-2.083333333333333
43,R-F,200,iid,latent,endpoint1_all,long_paths,256,32,0,0.0,0.0
43,R-F,200,iid,latent,full1_all,long_paths,256,32,0,0.0,0.0
43,R-F,200,iid,latent,endpoint2_all,long_paths,256,32,18.75,15.234375,23.046875
43,R-F,200,iid,latent,full2_all,long_paths,256,32,18.75,15.234375,23.046875
43,R-F,200,iid,latent,endpoint3_all,long_paths,256,32,47.265625,45.3125,48.828125
43,R-F,200,iid,latent,full3_all,long_paths,256,32,48.046875,46.484375,49.21875
43,R-F,200,iid,latent,endpoint4_all,long_paths,256,32,40.234375,35.9375,44.140625
43,R-F,200,iid,latent,full4_all,long_paths,256,32,30.859375,28.125,33.203125
43,R-F,200,iid,latent,endpoint5_all,long_paths,256,32,0,0.0,0.0
43,R-F,200,iid,latent,full5_all,long_paths,256,32,0,0.0,0.0
43,R-F,200,iid,latent,endpoint1_monotone,long_paths,128,32,0,0.0,0.0
43,R-F,200,iid,latent,full1_monotone,long_paths,128,32,0,0.0,0.0
43,R-F,200,iid,latent,endpoint2_monotone,long_paths,128,32,-1.5625,-7.03125,5.46875
43,R-F,200,iid,latent,full2_monotone,long_paths,128,32,-1.5625,-7.03125,5.46875
43,R-F,200,iid,latent,endpoint3_monotone,long_paths,128,32,25.0,25.0,25.0
43,R-F,200,iid,latent,full3_monotone,long_paths,128,32,25.0,25.0,25.0
43,R-F,200,iid,latent,endpoint4_monotone,long_paths,128,32,0,0.0,0.0
43,R-F,200,iid,latent,full4_monotone,long_paths,128,32,0,0.0,0.0
43,R-F,200,iid,latent,endpoint5_monotone,long_paths,128,32,0,0.0,0.0
43,R-F,200,iid,latent,full5_monotone,long_paths,128,32,0,0.0,0.0
43,R-F,200,iid,latent,endpoint1_alternating,long_paths,64,32,0,0.0,0.0
43,R-F,200,iid,latent,full1_alternating,long_paths,64,32,0,0.0,0.0
43,R-F,200,iid,latent,endpoint2_alternating,long_paths,64,32,28.125,20.3125,35.9375
43,R-F,200,iid,latent,full2_alternating,long_paths,64,32,28.125,20.3125,35.9375
43,R-F,200,iid,latent,endpoint3_alternating,long_paths,64,32,39.0625,31.25,45.3125
43,R-F,200,iid,latent,full3_alternating,long_paths,64,32,42.1875,35.9375,46.875
43,R-F,200,iid,latent,endpoint4_alternating,long_paths,64,32,64.0625,48.4375,78.125
43,R-F,200,iid,latent,full4_alternating,long_paths,64,32,26.5625,17.1875,35.9375
43,R-F,200,iid,latent,endpoint5_alternating,long_paths,64,32,0,0.0,0.0
43,R-F,200,iid,latent,full5_alternating,long_paths,64,32,0,0.0,0.0
43,R-F,200,iid,latent,endpoint1_boundary_alternating,long_paths,64,32,0,0.0,0.0
43,R-F,200,iid,latent,full1_boundary_alternating,long_paths,64,32,0,0.0,0.0
43,R-F,200,iid,latent,endpoint2_boundary_alternating,long_paths,64,32,50.0,50.0,50.0
43,R-F,200,iid,latent,full2_boundary_alternating,long_paths,64,32,50.0,50.0,50.0
43,R-F,200,iid,latent,endpoint3_boundary_alternating,long_paths,64,32,100,100.0,100.0
43,R-F,200,iid,latent,full3_boundary_alternating,long_paths,64,32,100,100.0,100.0
43,R-F,200,iid,latent,endpoint4_boundary_alternating,long_paths,64,32,96.875,92.1875,100.0
43,R-F,200,iid,latent,full4_boundary_alternating,long_paths,64,32,96.875,92.1875,100.0
43,R-F,200,iid,latent,endpoint5_boundary_alternating,long_paths,64,32,0,0.0,0.0
43,R-F,200,iid,latent,full5_boundary_alternating,long_paths,64,32,0,0.0,0.0
43,R-F,200,iid,gold_reencode,endpoint1_all,long_paths,256,32,0,0.0,0.0
43,R-F,200,iid,gold_reencode,full1_all,long_paths,256,32,0,0.0,0.0
43,R-F,200,iid,gold_reencode,endpoint2_all,long_paths,256,32,0,0.0,0.0
43,R-F,200,iid,gold_reencode,full2_all,long_paths,256,32,0,0.0,0.0
43,R-F,200,iid,gold_reencode,endpoint3_all,long_paths,256,32,0,0.0,0.0
43,R-F,200,iid,gold_reencode,full3_all,long_paths,256,32,0,0.0,0.0
43,R-F,200,iid,gold_reencode,endpoint4_all,long_paths,256,32,0,0.0,0.0
43,R-F,200,iid,gold_reencode,full4_all,long_paths,256,32,0,0.0,0.0
43,R-F,200,iid,gold_reencode,endpoint5_all,long_paths,256,32,0,0.0,0.0
43,R-F,200,iid,gold_reencode,full5_all,long_paths,256,32,0,0.0,0.0
43,R-F,200,iid,gold_reencode,endpoint1_monotone,long_paths,128,32,0,0.0,0.0
43,R-F,200,iid,gold_reencode,full1_monotone,long_paths,128,32,0,0.0,0.0
43,R-F,200,iid,gold_reencode,endpoint2_monotone,long_paths,128,32,0,0.0,0.0
43,R-F,200,iid,gold_reencode,full2_monotone,long_paths,128,32,0,0.0,0.0
43,R-F,200,iid,gold_reencode,endpoint3_monotone,long_paths,128,32,0,0.0,0.0
43,R-F,200,iid,gold_reencode,full3_monotone,long_paths,128,32,0,0.0,0.0
43,R-F,200,iid,gold_reencode,endpoint4_monotone,long_paths,128,32,0,0.0,0.0
43,R-F,200,iid,gold_reencode,full4_monotone,long_paths,128,32,0,0.0,0.0
43,R-F,200,iid,gold_reencode,endpoint5_monotone,long_paths,128,32,0,0.0,0.0
43,R-F,200,iid,gold_reencode,full5_monotone,long_paths,128,32,0,0.0,0.0
43,R-F,200,iid,gold_reencode,endpoint1_alternating,long_paths,64,32,0,0.0,0.0
43,R-F,200,iid,gold_reencode,full1_alternating,long_paths,64,32,0,0.0,0.0
43,R-F,200,iid,gold_reencode,endpoint2_alternating,long_paths,64,32,0,0.0,0.0
43,R-F,200,iid,gold_reencode,full2_alternating,long_paths,64,32,0,0.0,0.0
43,R-F,200,iid,gold_reencode,endpoint3_alternating,long_paths,64,32,0,0.0,0.0
43,R-F,200,iid,gold_reencode,full3_alternating,long_paths,64,32,0,0.0,0.0
43,R-F,200,iid,gold_reencode,endpoint4_alternating,long_paths,64,32,0,0.0,0.0
43,R-F,200,iid,gold_reencode,full4_alternating,long_paths,64,32,0,0.0,0.0
43,R-F,200,iid,gold_reencode,endpoint5_alternating,long_paths,64,32,0,0.0,0.0
43,R-F,200,iid,gold_reencode,full5_alternating,long_paths,64,32,0,0.0,0.0
43,R-F,200,iid,gold_reencode,endpoint1_boundary_alternating,long_paths,64,32,0,0.0,0.0
43,R-F,200,iid,gold_reencode,full1_boundary_alternating,long_paths,64,32,0,0.0,0.0
43,R-F,200,iid,gold_reencode,endpoint2_boundary_alternating,long_paths,64,32,0,0.0,0.0
43,R-F,200,iid,gold_reencode,full2_boundary_alternating,long_paths,64,32,0,0.0,0.0
43,R-F,200,iid,gold_reencode,endpoint3_boundary_alternating,long_paths,64,32,0,0.0,0.0
43,R-F,200,iid,gold_reencode,full3_boundary_alternating,long_paths,64,32,0,0.0,0.0
43,R-F,200,iid,gold_reencode,endpoint4_boundary_alternating,long_paths,64,32,0,0.0,0.0
43,R-F,200,iid,gold_reencode,full4_boundary_alternating,long_paths,64,32,0,0.0,0.0
43,R-F,200,iid,gold_reencode,endpoint5_boundary_alternating,long_paths,64,32,0,0.0,0.0
43,R-F,200,iid,gold_reencode,full5_boundary_alternating,long_paths,64,32,0,0.0,0.0
43,R-F,200,iid,actual_reencode,endpoint1_all,long_paths,256,32,0,0.0,0.0
43,R-F,200,iid,actual_reencode,full1_all,long_paths,256,32,0,0.0,0.0
43,R-F,200,iid,actual_reencode,endpoint2_all,long_paths,256,32,0,0.0,0.0
43,R-F,200,iid,actual_reencode,full2_all,long_paths,256,32,0,0.0,0.0
43,R-F,200,iid,actual_reencode,endpoint3_all,long_paths,256,32,0,0.0,0.0
43,R-F,200,iid,actual_reencode,full3_all,long_paths,256,32,0,0.0,0.0
43,R-F,200,iid,actual_reencode,endpoint4_all,long_paths,256,32,0,0.0,0.0
43,R-F,200,iid,actual_reencode,full4_all,long_paths,256,32,0,0.0,0.0
43,R-F,200,iid,actual_reencode,endpoint5_all,long_paths,256,32,0,0.0,0.0
43,R-F,200,iid,actual_reencode,full5_all,long_paths,256,32,0,0.0,0.0
43,R-F,200,iid,actual_reencode,endpoint1_monotone,long_paths,128,32,0,0.0,0.0
43,R-F,200,iid,actual_reencode,full1_monotone,long_paths,128,32,0,0.0,0.0
43,R-F,200,iid,actual_reencode,endpoint2_monotone,long_paths,128,32,0,0.0,0.0
43,R-F,200,iid,actual_reencode,full2_monotone,long_paths,128,32,0,0.0,0.0
43,R-F,200,iid,actual_reencode,endpoint3_monotone,long_paths,128,32,0,0.0,0.0
43,R-F,200,iid,actual_reencode,full3_monotone,long_paths,128,32,0,0.0,0.0
43,R-F,200,iid,actual_reencode,endpoint4_monotone,long_paths,128,32,0,0.0,0.0
43,R-F,200,iid,actual_reencode,full4_monotone,long_paths,128,32,0,0.0,0.0
43,R-F,200,iid,actual_reencode,endpoint5_monotone,long_paths,128,32,0,0.0,0.0
43,R-F,200,iid,actual_reencode,full5_monotone,long_paths,128,32,0,0.0,0.0
43,R-F,200,iid,actual_reencode,endpoint1_alternating,long_paths,64,32,0,0.0,0.0
43,R-F,200,iid,actual_reencode,full1_alternating,long_paths,64,32,0,0.0,0.0
43,R-F,200,iid,actual_reencode,endpoint2_alternating,long_paths,64,32,0,0.0,0.0
43,R-F,200,iid,actual_reencode,full2_alternating,long_paths,64,32,0,0.0,0.0
43,R-F,200,iid,actual_reencode,endpoint3_alternating,long_paths,64,32,0,0.0,0.0
43,R-F,200,iid,actual_reencode,full3_alternating,long_paths,64,32,0,0.0,0.0
43,R-F,200,iid,actual_reencode,endpoint4_alternating,long_paths,64,32,0,0.0,0.0
43,R-F,200,iid,actual_reencode,full4_alternating,long_paths,64,32,0,0.0,0.0
43,R-F,200,iid,actual_reencode,endpoint5_alternating,long_paths,64,32,0,0.0,0.0
43,R-F,200,iid,actual_reencode,full5_alternating,long_paths,64,32,0,0.0,0.0
43,R-F,200,iid,actual_reencode,endpoint1_boundary_alternating,long_paths,64,32,0,0.0,0.0
43,R-F,200,iid,actual_reencode,full1_boundary_alternating,long_paths,64,32,0,0.0,0.0
43,R-F,200,iid,actual_reencode,endpoint2_boundary_alternating,long_paths,64,32,0,0.0,0.0
43,R-F,200,iid,actual_reencode,full2_boundary_alternating,long_paths,64,32,0,0.0,0.0
43,R-F,200,iid,actual_reencode,endpoint3_boundary_alternating,long_paths,64,32,0,0.0,0.0
43,R-F,200,iid,actual_reencode,full3_boundary_alternating,long_paths,64,32,0,0.0,0.0
43,R-F,200,iid,actual_reencode,endpoint4_boundary_alternating,long_paths,64,32,0,0.0,0.0
43,R-F,200,iid,actual_reencode,full4_boundary_alternating,long_paths,64,32,0,0.0,0.0
43,R-F,200,iid,actual_reencode,endpoint5_boundary_alternating,long_paths,64,32,0,0.0,0.0
43,R-F,200,iid,actual_reencode,full5_boundary_alternating,long_paths,64,32,0,0.0,0.0
43,R-F,200,ood,latent,endpoint1_all,long_paths,256,32,-10.9375,-12.890625,-8.984375
43,R-F,200,ood,latent,full1_all,long_paths,256,32,-10.9375,-12.890625,-8.984375
43,R-F,200,ood,latent,endpoint2_all,long_paths,256,32,16.796875,14.453125,19.53125
43,R-F,200,ood,latent,full2_all,long_paths,256,32,1.171875,-0.78125,3.125
43,R-F,200,ood,latent,endpoint3_all,long_paths,256,32,18.359375,15.234375,21.09375
43,R-F,200,ood,latent,full3_all,long_paths,256,32,10.546875,8.984375,12.109375
43,R-F,200,ood,latent,endpoint4_all,long_paths,256,32,31.640625,28.90625,34.375
43,R-F,200,ood,latent,full4_all,long_paths,256,32,10.15625,8.203125,11.71875
43,R-F,200,ood,latent,endpoint5_all,long_paths,256,32,0.78125,0.0,1.953125
43,R-F,200,ood,latent,full5_all,long_paths,256,32,0,0.0,0.0
43,R-F,200,ood,latent,endpoint1_monotone,long_paths,128,32,-21.875,-25.78125,-17.96875
43,R-F,200,ood,latent,full1_monotone,long_paths,128,32,-21.875,-25.78125,-17.96875
43,R-F,200,ood,latent,endpoint2_monotone,long_paths,128,32,13.28125,8.59375,17.96875
43,R-F,200,ood,latent,full2_monotone,long_paths,128,32,3.90625,0.78125,7.03125
43,R-F,200,ood,latent,endpoint3_monotone,long_paths,128,32,0,0.0,0.0
43,R-F,200,ood,latent,full3_monotone,long_paths,128,32,0,0.0,0.0
43,R-F,200,ood,latent,endpoint4_monotone,long_paths,128,32,4.6875,1.5625,8.59375
43,R-F,200,ood,latent,full4_monotone,long_paths,128,32,0,0.0,0.0
43,R-F,200,ood,latent,endpoint5_monotone,long_paths,128,32,1.5625,0.0,3.90625
43,R-F,200,ood,latent,full5_monotone,long_paths,128,32,0,0.0,0.0
43,R-F,200,ood,latent,endpoint1_alternating,long_paths,64,32,0,0.0,0.0
43,R-F,200,ood,latent,full1_alternating,long_paths,64,32,0,0.0,0.0
43,R-F,200,ood,latent,endpoint2_alternating,long_paths,64,32,43.75,37.5,48.4375
43,R-F,200,ood,latent,full2_alternating,long_paths,64,32,0,0.0,0.0
43,R-F,200,ood,latent,endpoint3_alternating,long_paths,64,32,0,0.0,0.0
43,R-F,200,ood,latent,full3_alternating,long_paths,64,32,0,0.0,0.0
43,R-F,200,ood,latent,endpoint4_alternating,long_paths,64,32,56.25,50.0,64.0625
43,R-F,200,ood,latent,full4_alternating,long_paths,64,32,0,0.0,0.0
43,R-F,200,ood,latent,endpoint5_alternating,long_paths,64,32,0,0.0,0.0
43,R-F,200,ood,latent,full5_alternating,long_paths,64,32,0,0.0,0.0
43,R-F,200,ood,latent,endpoint1_boundary_alternating,long_paths,64,32,0,0.0,0.0
43,R-F,200,ood,latent,full1_boundary_alternating,long_paths,64,32,0,0.0,0.0
43,R-F,200,ood,latent,endpoint2_boundary_alternating,long_paths,64,32,-3.125,-7.8125,0.0
43,R-F,200,ood,latent,full2_boundary_alternating,long_paths,64,32,-3.125,-7.8125,0.0
43,R-F,200,ood,latent,endpoint3_boundary_alternating,long_paths,64,32,73.4375,60.9375,84.375
43,R-F,200,ood,latent,full3_boundary_alternating,long_paths,64,32,42.1875,35.9375,48.4375
43,R-F,200,ood,latent,endpoint4_boundary_alternating,long_paths,64,32,60.9375,54.6875,68.75
43,R-F,200,ood,latent,full4_boundary_alternating,long_paths,64,32,40.625,32.8125,46.875
43,R-F,200,ood,latent,endpoint5_boundary_alternating,long_paths,64,32,0,0.0,0.0
43,R-F,200,ood,latent,full5_boundary_alternating,long_paths,64,32,0,0.0,0.0
43,R-F,200,ood,gold_reencode,endpoint1_all,long_paths,256,32,-10.9375,-12.890625,-8.984375
43,R-F,200,ood,gold_reencode,full1_all,long_paths,256,32,-10.9375,-12.890625,-8.984375
43,R-F,200,ood,gold_reencode,endpoint2_all,long_paths,256,32,-10.9375,-12.890625,-8.984375
43,R-F,200,ood,gold_reencode,full2_all,long_paths,256,32,-10.9375,-12.890625,-8.984375
43,R-F,200,ood,gold_reencode,endpoint3_all,long_paths,256,32,0,0.0,0.0
43,R-F,200,ood,gold_reencode,full3_all,long_paths,256,32,0,0.0,0.0
43,R-F,200,ood,gold_reencode,endpoint4_all,long_paths,256,32,0,0.0,0.0
43,R-F,200,ood,gold_reencode,full4_all,long_paths,256,32,0,0.0,0.0
43,R-F,200,ood,gold_reencode,endpoint5_all,long_paths,256,32,0,0.0,0.0
43,R-F,200,ood,gold_reencode,full5_all,long_paths,256,32,0,0.0,0.0
43,R-F,200,ood,gold_reencode,endpoint1_monotone,long_paths,128,32,-21.875,-25.78125,-17.96875
43,R-F,200,ood,gold_reencode,full1_monotone,long_paths,128,32,-21.875,-25.78125,-17.96875
43,R-F,200,ood,gold_reencode,endpoint2_monotone,long_paths,128,32,-21.875,-25.78125,-17.96875
43,R-F,200,ood,gold_reencode,full2_monotone,long_paths,128,32,-21.875,-25.78125,-17.96875
43,R-F,200,ood,gold_reencode,endpoint3_monotone,long_paths,128,32,0,0.0,0.0
43,R-F,200,ood,gold_reencode,full3_monotone,long_paths,128,32,0,0.0,0.0
43,R-F,200,ood,gold_reencode,endpoint4_monotone,long_paths,128,32,0,0.0,0.0
43,R-F,200,ood,gold_reencode,full4_monotone,long_paths,128,32,0,0.0,0.0
43,R-F,200,ood,gold_reencode,endpoint5_monotone,long_paths,128,32,0,0.0,0.0
43,R-F,200,ood,gold_reencode,full5_monotone,long_paths,128,32,0,0.0,0.0
43,R-F,200,ood,gold_reencode,endpoint1_alternating,long_paths,64,32,0,0.0,0.0
43,R-F,200,ood,gold_reencode,full1_alternating,long_paths,64,32,0,0.0,0.0
43,R-F,200,ood,gold_reencode,endpoint2_alternating,long_paths,64,32,0,0.0,0.0
43,R-F,200,ood,gold_reencode,full2_alternating,long_paths,64,32,0,0.0,0.0
43,R-F,200,ood,gold_reencode,endpoint3_alternating,long_paths,64,32,0,0.0,0.0
43,R-F,200,ood,gold_reencode,full3_alternating,long_paths,64,32,0,0.0,0.0
43,R-F,200,ood,gold_reencode,endpoint4_alternating,long_paths,64,32,0,0.0,0.0
43,R-F,200,ood,gold_reencode,full4_alternating,long_paths,64,32,0,0.0,0.0
43,R-F,200,ood,gold_reencode,endpoint5_alternating,long_paths,64,32,0,0.0,0.0
43,R-F,200,ood,gold_reencode,full5_alternating,long_paths,64,32,0,0.0,0.0
43,R-F,200,ood,gold_reencode,endpoint1_boundary_alternating,long_paths,64,32,0,0.0,0.0
43,R-F,200,ood,gold_reencode,full1_boundary_alternating,long_paths,64,32,0,0.0,0.0
43,R-F,200,ood,gold_reencode,endpoint2_boundary_alternating,long_paths,64,32,0,0.0,0.0
43,R-F,200,ood,gold_reencode,full2_boundary_alternating,long_paths,64,32,0,0.0,0.0
43,R-F,200,ood,gold_reencode,endpoint3_boundary_alternating,long_paths,64,32,0,0.0,0.0
43,R-F,200,ood,gold_reencode,full3_boundary_alternating,long_paths,64,32,0,0.0,0.0
43,R-F,200,ood,gold_reencode,endpoint4_boundary_alternating,long_paths,64,32,0,0.0,0.0
43,R-F,200,ood,gold_reencode,full4_boundary_alternating,long_paths,64,32,0,0.0,0.0
43,R-F,200,ood,gold_reencode,endpoint5_boundary_alternating,long_paths,64,32,0,0.0,0.0
43,R-F,200,ood,gold_reencode,full5_boundary_alternating,long_paths,64,32,0,0.0,0.0
43,R-F,200,ood,actual_reencode,endpoint1_all,long_paths,256,32,-10.9375,-12.890625,-8.984375
43,R-F,200,ood,actual_reencode,full1_all,long_paths,256,32,-10.9375,-12.890625,-8.984375
43,R-F,200,ood,actual_reencode,endpoint2_all,long_paths,256,32,-36.71875,-39.84375,-33.203125
43,R-F,200,ood,actual_reencode,full2_all,long_paths,256,32,-17.96875,-21.484375,-14.453125
43,R-F,200,ood,actual_reencode,endpoint3_all,long_paths,256,32,-19.53125,-25.390625,-13.671875
43,R-F,200,ood,actual_reencode,full3_all,long_paths,256,32,-14.0625,-17.96875,-10.15625
43,R-F,200,ood,actual_reencode,endpoint4_all,long_paths,256,32,-32.8125,-36.328125,-28.90625
43,R-F,200,ood,actual_reencode,full4_all,long_paths,256,32,-14.0625,-17.96875,-10.15625
43,R-F,200,ood,actual_reencode,endpoint5_all,long_paths,256,32,-19.53125,-25.390625,-13.671875
43,R-F,200,ood,actual_reencode,full5_all,long_paths,256,32,-14.0625,-17.96875,-10.15625
43,R-F,200,ood,actual_reencode,endpoint1_monotone,long_paths,128,32,-21.875,-25.78125,-17.96875
43,R-F,200,ood,actual_reencode,full1_monotone,long_paths,128,32,-21.875,-25.78125,-17.96875
43,R-F,200,ood,actual_reencode,endpoint2_monotone,long_paths,128,32,-35.9375,-42.96875,-28.90625
43,R-F,200,ood,actual_reencode,full2_monotone,long_paths,128,32,-35.9375,-42.96875,-28.90625
43,R-F,200,ood,actual_reencode,endpoint3_monotone,long_paths,128,32,-28.125,-35.9375,-20.3125
43,R-F,200,ood,actual_reencode,full3_monotone,long_paths,128,32,-28.125,-35.9375,-20.3125
43,R-F,200,ood,actual_reencode,endpoint4_monotone,long_paths,128,32,-28.125,-35.9375,-20.3125
43,R-F,200,ood,actual_reencode,full4_monotone,long_paths,128,32,-28.125,-35.9375,-20.3125
43,R-F,200,ood,actual_reencode,endpoint5_monotone,long_paths,128,32,-28.125,-35.9375,-20.3125
43,R-F,200,ood,actual_reencode,full5_monotone,long_paths,128,32,-28.125,-35.9375,-20.3125
43,R-F,200,ood,actual_reencode,endpoint1_alternating,long_paths,64,32,0,0.0,0.0
43,R-F,200,ood,actual_reencode,full1_alternating,long_paths,64,32,0,0.0,0.0
43,R-F,200,ood,actual_reencode,endpoint2_alternating,long_paths,64,32,-75.0,-84.375,-65.625
43,R-F,200,ood,actual_reencode,full2_alternating,long_paths,64,32,0,0.0,0.0
43,R-F,200,ood,actual_reencode,endpoint3_alternating,long_paths,64,32,-21.875,-29.6875,-12.5
43,R-F,200,ood,actual_reencode,full3_alternating,long_paths,64,32,0,0.0,0.0
43,R-F,200,ood,actual_reencode,endpoint4_alternating,long_paths,64,32,-75.0,-84.375,-65.625
43,R-F,200,ood,actual_reencode,full4_alternating,long_paths,64,32,0,0.0,0.0
43,R-F,200,ood,actual_reencode,endpoint5_alternating,long_paths,64,32,-21.875,-29.6875,-12.5
43,R-F,200,ood,actual_reencode,full5_alternating,long_paths,64,32,0,0.0,0.0
43,R-F,200,ood,actual_reencode,endpoint1_boundary_alternating,long_paths,64,32,0,0.0,0.0
43,R-F,200,ood,actual_reencode,full1_boundary_alternating,long_paths,64,32,0,0.0,0.0
43,R-F,200,ood,actual_reencode,endpoint2_boundary_alternating,long_paths,64,32,0,0.0,0.0
43,R-F,200,ood,actual_reencode,full2_boundary_alternating,long_paths,64,32,0,0.0,0.0
43,R-F,200,ood,actual_reencode,endpoint3_boundary_alternating,long_paths,64,32,0,0.0,0.0
43,R-F,200,ood,actual_reencode,full3_boundary_alternating,long_paths,64,32,0,0.0,0.0
43,R-F,200,ood,actual_reencode,endpoint4_boundary_alternating,long_paths,64,32,0,0.0,0.0
43,R-F,200,ood,actual_reencode,full4_boundary_alternating,long_paths,64,32,0,0.0,0.0
43,R-F,200,ood,actual_reencode,endpoint5_boundary_alternating,long_paths,64,32,0,0.0,0.0
43,R-F,200,ood,actual_reencode,full5_boundary_alternating,long_paths,64,32,0,0.0,0.0
44,F-N,100,iid,natural,atomic_macro,all,768,32,0,0.0,0.0
44,F-N,100,ood,natural,atomic_macro,all,384,32,3.3854166666666665,1.8229166666666665,4.947916666666666
44,F-N,100,iid,fixed_T0,endpoint2,all,704,32,91.19318181818183,89.63068181818181,92.61363636363637
44,F-N,100,iid,fixed_T0,full2,all,704,32,91.19318181818183,89.63068181818181,92.61363636363637
44,F-N,100,iid,fixed_T0,endpoint2,fixed_diagnostic,704,32,91.19318181818183,89.63068181818181,92.61363636363637
44,F-N,100,iid,fixed_T0,full2,fixed_diagnostic,704,32,91.19318181818183,89.63068181818181,92.61363636363637
44,F-N,100,ood,fixed_T0,endpoint2,all,704,32,38.77840909090909,37.35795454545454,40.34090909090909
44,F-N,100,ood,fixed_T0,full2,all,704,32,23.4375,22.301136363636363,24.71590909090909
44,F-N,100,ood,fixed_T0,endpoint2,fixed_diagnostic,315,32,50.08680555555556,48.00347222222222,52.08333333333335
44,F-N,100,ood,fixed_T0,full2,fixed_diagnostic,315,32,50.08680555555556,48.00347222222222,52.08333333333335
44,F-N,100,iid,U,endpoint2,all,704,32,53.55113636363637,52.55681818181818,54.6875
44,F-N,100,iid,U,full2,all,704,32,53.55113636363637,52.55681818181818,54.6875
44,F-N,100,iid,U,endpoint2,fixed_diagnostic,704,32,53.55113636363637,52.55681818181818,54.6875
44,F-N,100,iid,U,full2,fixed_diagnostic,704,32,53.55113636363637,52.55681818181818,54.6875
44,F-N,100,ood,U,endpoint2,all,704,32,13.210227272727273,12.357954545454545,14.204545454545453
44,F-N,100,ood,U,full2,all,704,32,9.375,9.090909090909092,9.801136363636363
44,F-N,100,ood,U,endpoint2,fixed_diagnostic,315,32,20.920138888888886,19.965277777777775,21.788194444444443
44,F-N,100,ood,U,full2,fixed_diagnostic,315,32,20.920138888888886,19.965277777777775,21.788194444444443
44,F-N,100,iid,self,endpoint2,all,704,32,36.221590909090914,32.67045454545455,39.91477272727273
44,F-N,100,iid,self,full2,all,704,32,36.221590909090914,32.67045454545455,39.91477272727273
44,F-N,100,iid,self,endpoint2,fixed_diagnostic,704,32,36.221590909090914,32.67045454545455,39.91477272727273
44,F-N,100,iid,self,full2,fixed_diagnostic,704,32,36.221590909090914,32.67045454545455,39.91477272727273
44,F-N,100,ood,self,endpoint2,all,704,32,12.5,11.221590909090908,13.920454545454545
44,F-N,100,ood,self,full2,all,704,32,9.943181818181818,9.090909090909092,10.795454545454545
44,F-N,100,ood,self,endpoint2,fixed_diagnostic,315,32,13.10763888888889,11.284722222222221,15.01736111111111
44,F-N,100,ood,self,full2,fixed_diagnostic,315,32,13.10763888888889,11.284722222222221,15.01736111111111
44,F-N,100,iid,gold_reencode,endpoint2,all,704,32,0,0.0,0.0
44,F-N,100,iid,gold_reencode,full2,all,704,32,0,0.0,0.0
44,F-N,100,iid,gold_reencode,endpoint2,fixed_diagnostic,704,32,0,0.0,0.0
44,F-N,100,iid,gold_reencode,full2,fixed_diagnostic,704,32,0,0.0,0.0
44,F-N,100,ood,gold_reencode,endpoint2,all,704,32,3.6931818181818183,1.9886363636363635,5.397727272727273
44,F-N,100,ood,gold_reencode,full2,all,704,32,0.994318181818182,-0.9943181818181817,2.8409090909090913
44,F-N,100,ood,gold_reencode,endpoint2,fixed_diagnostic,315,32,-1.2152777777777777,-3.645833333333333,0.8680555555555556
44,F-N,100,ood,gold_reencode,full2,fixed_diagnostic,315,32,-1.8229166666666665,-5.468749999999999,1.3020833333333335
44,F-N,100,iid,actual_reencode,endpoint2,all,704,32,0,0.0,0.0
44,F-N,100,iid,actual_reencode,full2,all,704,32,0,0.0,0.0
44,F-N,100,iid,actual_reencode,endpoint2,fixed_diagnostic,704,32,0,0.0,0.0
44,F-N,100,iid,actual_reencode,full2,fixed_diagnostic,704,32,0,0.0,0.0
44,F-N,100,ood,actual_reencode,endpoint2,all,704,32,-3.125,-5.255681818181818,-1.1363636363636365
44,F-N,100,ood,actual_reencode,full2,all,704,32,5.965909090909091,3.6931818181818175,8.380681818181818
44,F-N,100,ood,actual_reencode,endpoint2,fixed_diagnostic,315,32,-1.8229166666666665,-4.947916666666666,0.5208333333333333
44,F-N,100,ood,actual_reencode,full2,fixed_diagnostic,315,32,-1.8229166666666665,-5.468749999999999,1.3020833333333335
44,F-N,100,iid,latent,endpoint1_all,long_paths,256,32,0,0.0,0.0
44,F-N,100,iid,latent,full1_all,long_paths,256,32,0,0.0,0.0
44,F-N,100,iid,latent,endpoint2_all,long_paths,256,32,26.953125,23.828125,30.078125
44,F-N,100,iid,latent,full2_all,long_paths,256,32,26.953125,23.828125,30.078125
44,F-N,100,iid,latent,endpoint3_all,long_paths,256,32,-6.640625,-9.765625,-3.125
44,F-N,100,iid,latent,full3_all,long_paths,256,32,2.734375,1.171875,4.6875
44,F-N,100,iid,latent,endpoint4_all,long_paths,256,32,9.765625,7.8125,11.328125
44,F-N,100,iid,latent,full4_all,long_paths,256,32,0.390625,0.0,1.171875
44,F-N,100,iid,latent,endpoint5_all,long_paths,256,32,0,0.0,0.0
44,F-N,100,iid,latent,full5_all,long_paths,256,32,0,0.0,0.0
44,F-N,100,iid,latent,endpoint1_monotone,long_paths,128,32,0,0.0,0.0
44,F-N,100,iid,latent,full1_monotone,long_paths,128,32,0,0.0,0.0
44,F-N,100,iid,latent,endpoint2_monotone,long_paths,128,32,35.9375,32.03125,39.84375
44,F-N,100,iid,latent,full2_monotone,long_paths,128,32,35.9375,32.03125,39.84375
44,F-N,100,iid,latent,endpoint3_monotone,long_paths,128,32,0.78125,0.0,2.34375
44,F-N,100,iid,latent,full3_monotone,long_paths,128,32,0.78125,0.0,2.34375
44,F-N,100,iid,latent,endpoint4_monotone,long_paths,128,32,0,0.0,0.0
44,F-N,100,iid,latent,full4_monotone,long_paths,128,32,0,0.0,0.0
44,F-N,100,iid,latent,endpoint5_monotone,long_paths,128,32,0,0.0,0.0
44,F-N,100,iid,latent,full5_monotone,long_paths,128,32,0,0.0,0.0
44,F-N,100,iid,latent,endpoint1_alternating,long_paths,64,32,0,0.0,0.0
44,F-N,100,iid,latent,full1_alternating,long_paths,64,32,0,0.0,0.0
44,F-N,100,iid,latent,endpoint2_alternating,long_paths,64,32,35.9375,28.125,43.75
44,F-N,100,iid,latent,full2_alternating,long_paths,64,32,35.9375,28.125,43.75
44,F-N,100,iid,latent,endpoint3_alternating,long_paths,64,32,-34.375,-42.1875,-26.5625
44,F-N,100,iid,latent,full3_alternating,long_paths,64,32,9.375,3.125,17.1875
44,F-N,100,iid,latent,endpoint4_alternating,long_paths,64,32,39.0625,31.25,45.3125
44,F-N,100,iid,latent,full4_alternating,long_paths,64,32,1.5625,0.0,4.6875
44,F-N,100,iid,latent,endpoint5_alternating,long_paths,64,32,0,0.0,0.0
44,F-N,100,iid,latent,full5_alternating,long_paths,64,32,0,0.0,0.0
44,F-N,100,iid,latent,endpoint1_boundary_alternating,long_paths,64,32,0,0.0,0.0
44,F-N,100,iid,latent,full1_boundary_alternating,long_paths,64,32,0,0.0,0.0
44,F-N,100,iid,latent,endpoint2_boundary_alternating,long_paths,64,32,0,0.0,0.0
44,F-N,100,iid,latent,full2_boundary_alternating,long_paths,64,32,0,0.0,0.0
44,F-N,100,iid,latent,endpoint3_boundary_alternating,long_paths,64,32,6.25,0.0,14.0625
44,F-N,100,iid,latent,full3_boundary_alternating,long_paths,64,32,0,0.0,0.0
44,F-N,100,iid,latent,endpoint4_boundary_alternating,long_paths,64,32,0,0.0,0.0
44,F-N,100,iid,latent,full4_boundary_alternating,long_paths,64,32,0,0.0,0.0
44,F-N,100,iid,latent,endpoint5_boundary_alternating,long_paths,64,32,0,0.0,0.0
44,F-N,100,iid,latent,full5_boundary_alternating,long_paths,64,32,0,0.0,0.0
44,F-N,100,iid,gold_reencode,endpoint1_all,long_paths,256,32,0,0.0,0.0
44,F-N,100,iid,gold_reencode,full1_all,long_paths,256,32,0,0.0,0.0
44,F-N,100,iid,gold_reencode,endpoint2_all,long_paths,256,32,0,0.0,0.0
44,F-N,100,iid,gold_reencode,full2_all,long_paths,256,32,0,0.0,0.0
44,F-N,100,iid,gold_reencode,endpoint3_all,long_paths,256,32,0,0.0,0.0
44,F-N,100,iid,gold_reencode,full3_all,long_paths,256,32,0,0.0,0.0
44,F-N,100,iid,gold_reencode,endpoint4_all,long_paths,256,32,0,0.0,0.0
44,F-N,100,iid,gold_reencode,full4_all,long_paths,256,32,0,0.0,0.0
44,F-N,100,iid,gold_reencode,endpoint5_all,long_paths,256,32,0,0.0,0.0
44,F-N,100,iid,gold_reencode,full5_all,long_paths,256,32,0,0.0,0.0
44,F-N,100,iid,gold_reencode,endpoint1_monotone,long_paths,128,32,0,0.0,0.0
44,F-N,100,iid,gold_reencode,full1_monotone,long_paths,128,32,0,0.0,0.0
44,F-N,100,iid,gold_reencode,endpoint2_monotone,long_paths,128,32,0,0.0,0.0
44,F-N,100,iid,gold_reencode,full2_monotone,long_paths,128,32,0,0.0,0.0
44,F-N,100,iid,gold_reencode,endpoint3_monotone,long_paths,128,32,0,0.0,0.0
44,F-N,100,iid,gold_reencode,full3_monotone,long_paths,128,32,0,0.0,0.0
44,F-N,100,iid,gold_reencode,endpoint4_monotone,long_paths,128,32,0,0.0,0.0
44,F-N,100,iid,gold_reencode,full4_monotone,long_paths,128,32,0,0.0,0.0
44,F-N,100,iid,gold_reencode,endpoint5_monotone,long_paths,128,32,0,0.0,0.0
44,F-N,100,iid,gold_reencode,full5_monotone,long_paths,128,32,0,0.0,0.0
44,F-N,100,iid,gold_reencode,endpoint1_alternating,long_paths,64,32,0,0.0,0.0
44,F-N,100,iid,gold_reencode,full1_alternating,long_paths,64,32,0,0.0,0.0
44,F-N,100,iid,gold_reencode,endpoint2_alternating,long_paths,64,32,0,0.0,0.0
44,F-N,100,iid,gold_reencode,full2_alternating,long_paths,64,32,0,0.0,0.0
44,F-N,100,iid,gold_reencode,endpoint3_alternating,long_paths,64,32,0,0.0,0.0
44,F-N,100,iid,gold_reencode,full3_alternating,long_paths,64,32,0,0.0,0.0
44,F-N,100,iid,gold_reencode,endpoint4_alternating,long_paths,64,32,0,0.0,0.0
44,F-N,100,iid,gold_reencode,full4_alternating,long_paths,64,32,0,0.0,0.0
44,F-N,100,iid,gold_reencode,endpoint5_alternating,long_paths,64,32,0,0.0,0.0
44,F-N,100,iid,gold_reencode,full5_alternating,long_paths,64,32,0,0.0,0.0
44,F-N,100,iid,gold_reencode,endpoint1_boundary_alternating,long_paths,64,32,0,0.0,0.0
44,F-N,100,iid,gold_reencode,full1_boundary_alternating,long_paths,64,32,0,0.0,0.0
44,F-N,100,iid,gold_reencode,endpoint2_boundary_alternating,long_paths,64,32,0,0.0,0.0
44,F-N,100,iid,gold_reencode,full2_boundary_alternating,long_paths,64,32,0,0.0,0.0
44,F-N,100,iid,gold_reencode,endpoint3_boundary_alternating,long_paths,64,32,0,0.0,0.0
44,F-N,100,iid,gold_reencode,full3_boundary_alternating,long_paths,64,32,0,0.0,0.0
44,F-N,100,iid,gold_reencode,endpoint4_boundary_alternating,long_paths,64,32,0,0.0,0.0
44,F-N,100,iid,gold_reencode,full4_boundary_alternating,long_paths,64,32,0,0.0,0.0
44,F-N,100,iid,gold_reencode,endpoint5_boundary_alternating,long_paths,64,32,0,0.0,0.0
44,F-N,100,iid,gold_reencode,full5_boundary_alternating,long_paths,64,32,0,0.0,0.0
44,F-N,100,iid,actual_reencode,endpoint1_all,long_paths,256,32,0,0.0,0.0
44,F-N,100,iid,actual_reencode,full1_all,long_paths,256,32,0,0.0,0.0
44,F-N,100,iid,actual_reencode,endpoint2_all,long_paths,256,32,0,0.0,0.0
44,F-N,100,iid,actual_reencode,full2_all,long_paths,256,32,0,0.0,0.0
44,F-N,100,iid,actual_reencode,endpoint3_all,long_paths,256,32,0,0.0,0.0
44,F-N,100,iid,actual_reencode,full3_all,long_paths,256,32,0,0.0,0.0
44,F-N,100,iid,actual_reencode,endpoint4_all,long_paths,256,32,0,0.0,0.0
44,F-N,100,iid,actual_reencode,full4_all,long_paths,256,32,0,0.0,0.0
44,F-N,100,iid,actual_reencode,endpoint5_all,long_paths,256,32,0,0.0,0.0
44,F-N,100,iid,actual_reencode,full5_all,long_paths,256,32,0,0.0,0.0
44,F-N,100,iid,actual_reencode,endpoint1_monotone,long_paths,128,32,0,0.0,0.0
44,F-N,100,iid,actual_reencode,full1_monotone,long_paths,128,32,0,0.0,0.0
44,F-N,100,iid,actual_reencode,endpoint2_monotone,long_paths,128,32,0,0.0,0.0
44,F-N,100,iid,actual_reencode,full2_monotone,long_paths,128,32,0,0.0,0.0
44,F-N,100,iid,actual_reencode,endpoint3_monotone,long_paths,128,32,0,0.0,0.0
44,F-N,100,iid,actual_reencode,full3_monotone,long_paths,128,32,0,0.0,0.0
44,F-N,100,iid,actual_reencode,endpoint4_monotone,long_paths,128,32,0,0.0,0.0
44,F-N,100,iid,actual_reencode,full4_monotone,long_paths,128,32,0,0.0,0.0
44,F-N,100,iid,actual_reencode,endpoint5_monotone,long_paths,128,32,0,0.0,0.0
44,F-N,100,iid,actual_reencode,full5_monotone,long_paths,128,32,0,0.0,0.0
44,F-N,100,iid,actual_reencode,endpoint1_alternating,long_paths,64,32,0,0.0,0.0
44,F-N,100,iid,actual_reencode,full1_alternating,long_paths,64,32,0,0.0,0.0
44,F-N,100,iid,actual_reencode,endpoint2_alternating,long_paths,64,32,0,0.0,0.0
44,F-N,100,iid,actual_reencode,full2_alternating,long_paths,64,32,0,0.0,0.0
44,F-N,100,iid,actual_reencode,endpoint3_alternating,long_paths,64,32,0,0.0,0.0
44,F-N,100,iid,actual_reencode,full3_alternating,long_paths,64,32,0,0.0,0.0
44,F-N,100,iid,actual_reencode,endpoint4_alternating,long_paths,64,32,0,0.0,0.0
44,F-N,100,iid,actual_reencode,full4_alternating,long_paths,64,32,0,0.0,0.0
44,F-N,100,iid,actual_reencode,endpoint5_alternating,long_paths,64,32,0,0.0,0.0
44,F-N,100,iid,actual_reencode,full5_alternating,long_paths,64,32,0,0.0,0.0
44,F-N,100,iid,actual_reencode,endpoint1_boundary_alternating,long_paths,64,32,0,0.0,0.0
44,F-N,100,iid,actual_reencode,full1_boundary_alternating,long_paths,64,32,0,0.0,0.0
44,F-N,100,iid,actual_reencode,endpoint2_boundary_alternating,long_paths,64,32,0,0.0,0.0
44,F-N,100,iid,actual_reencode,full2_boundary_alternating,long_paths,64,32,0,0.0,0.0
44,F-N,100,iid,actual_reencode,endpoint3_boundary_alternating,long_paths,64,32,0,0.0,0.0
44,F-N,100,iid,actual_reencode,full3_boundary_alternating,long_paths,64,32,0,0.0,0.0
44,F-N,100,iid,actual_reencode,endpoint4_boundary_alternating,long_paths,64,32,0,0.0,0.0
44,F-N,100,iid,actual_reencode,full4_boundary_alternating,long_paths,64,32,0,0.0,0.0
44,F-N,100,iid,actual_reencode,endpoint5_boundary_alternating,long_paths,64,32,0,0.0,0.0
44,F-N,100,iid,actual_reencode,full5_boundary_alternating,long_paths,64,32,0,0.0,0.0
44,F-N,100,ood,latent,endpoint1_all,long_paths,256,32,-0.78125,-2.34375,0.78125
44,F-N,100,ood,latent,full1_all,long_paths,256,32,-0.78125,-2.34375,0.78125
44,F-N,100,ood,latent,endpoint2_all,long_paths,256,32,30.859375,28.125,33.59375
44,F-N,100,ood,latent,full2_all,long_paths,256,32,13.671875,11.71875,15.625
44,F-N,100,ood,latent,endpoint3_all,long_paths,256,32,-9.765625,-11.328125,-7.8125
44,F-N,100,ood,latent,full3_all,long_paths,256,32,0.390625,0.0,1.171875
44,F-N,100,ood,latent,endpoint4_all,long_paths,256,32,5.078125,3.125,7.03125
44,F-N,100,ood,latent,full4_all,long_paths,256,32,0,0.0,0.0
44,F-N,100,ood,latent,endpoint5_all,long_paths,256,32,0,0.0,0.0
44,F-N,100,ood,latent,full5_all,long_paths,256,32,0,0.0,0.0
44,F-N,100,ood,latent,endpoint1_monotone,long_paths,128,32,-1.5625,-4.6875,1.5625
44,F-N,100,ood,latent,full1_monotone,long_paths,128,32,-1.5625,-4.6875,1.5625
44,F-N,100,ood,latent,endpoint2_monotone,long_paths,128,32,36.71875,31.25,42.1875
44,F-N,100,ood,latent,full2_monotone,long_paths,128,32,27.34375,23.4375,31.25
44,F-N,100,ood,latent,endpoint3_monotone,long_paths,128,32,4.6875,1.5625,8.59375
44,F-N,100,ood,latent,full3_monotone,long_paths,128,32,0.78125,0.0,2.34375
44,F-N,100,ood,latent,endpoint4_monotone,long_paths,128,32,0,0.0,0.0
44,F-N,100,ood,latent,full4_monotone,long_paths,128,32,0,0.0,0.0
44,F-N,100,ood,latent,endpoint5_monotone,long_paths,128,32,0,0.0,0.0
44,F-N,100,ood,latent,full5_monotone,long_paths,128,32,0,0.0,0.0
44,F-N,100,ood,latent,endpoint1_alternating,long_paths,64,32,0,0.0,0.0
44,F-N,100,ood,latent,full1_alternating,long_paths,64,32,0,0.0,0.0
44,F-N,100,ood,latent,endpoint2_alternating,long_paths,64,32,50.0,50.0,50.0
44,F-N,100,ood,latent,full2_alternating,long_paths,64,32,0,0.0,0.0
44,F-N,100,ood,latent,endpoint3_alternating,long_paths,64,32,0,0.0,0.0
44,F-N,100,ood,latent,full3_alternating,long_paths,64,32,0,0.0,0.0
44,F-N,100,ood,latent,endpoint4_alternating,long_paths,64,32,20.3125,12.5,28.125
44,F-N,100,ood,latent,full4_alternating,long_paths,64,32,0,0.0,0.0
44,F-N,100,ood,latent,endpoint5_alternating,long_paths,64,32,0,0.0,0.0
44,F-N,100,ood,latent,full5_alternating,long_paths,64,32,0,0.0,0.0
44,F-N,100,ood,latent,endpoint1_boundary_alternating,long_paths,64,32,0,0.0,0.0
44,F-N,100,ood,latent,full1_boundary_alternating,long_paths,64,32,0,0.0,0.0
44,F-N,100,ood,latent,endpoint2_boundary_alternating,long_paths,64,32,0,0.0,0.0
44,F-N,100,ood,latent,full2_boundary_alternating,long_paths,64,32,0,0.0,0.0
44,F-N,100,ood,latent,endpoint3_boundary_alternating,long_paths,64,32,-48.4375,-50.0,-45.3125
44,F-N,100,ood,latent,full3_boundary_alternating,long_paths,64,32,0,0.0,0.0
44,F-N,100,ood,latent,endpoint4_boundary_alternating,long_paths,64,32,0,0.0,0.0
44,F-N,100,ood,latent,full4_boundary_alternating,long_paths,64,32,0,0.0,0.0
44,F-N,100,ood,latent,endpoint5_boundary_alternating,long_paths,64,32,0,0.0,0.0
44,F-N,100,ood,latent,full5_boundary_alternating,long_paths,64,32,0,0.0,0.0
44,F-N,100,ood,gold_reencode,endpoint1_all,long_paths,256,32,-0.78125,-2.34375,0.78125
44,F-N,100,ood,gold_reencode,full1_all,long_paths,256,32,-0.78125,-2.34375,0.78125
44,F-N,100,ood,gold_reencode,endpoint2_all,long_paths,256,32,10.9375,6.640625,15.234375
44,F-N,100,ood,gold_reencode,full2_all,long_paths,256,32,4.296875,1.5625,7.03125
44,F-N,100,ood,gold_reencode,endpoint3_all,long_paths,256,32,5.859375,3.90625,8.203125
44,F-N,100,ood,gold_reencode,full3_all,long_paths,256,32,5.078125,3.125,7.421875
44,F-N,100,ood,gold_reencode,endpoint4_all,long_paths,256,32,5.859375,3.90625,8.203125
44,F-N,100,ood,gold_reencode,full4_all,long_paths,256,32,0,0.0,0.0
44,F-N,100,ood,gold_reencode,endpoint5_all,long_paths,256,32,0,0.0,0.0
44,F-N,100,ood,gold_reencode,full5_all,long_paths,256,32,0,0.0,0.0
44,F-N,100,ood,gold_reencode,endpoint1_monotone,long_paths,128,32,-1.5625,-4.6875,1.5625
44,F-N,100,ood,gold_reencode,full1_monotone,long_paths,128,32,-1.5625,-4.6875,1.5625
44,F-N,100,ood,gold_reencode,endpoint2_monotone,long_paths,128,32,10.15625,5.46875,14.84375
44,F-N,100,ood,gold_reencode,full2_monotone,long_paths,128,32,8.59375,3.125,14.0625
44,F-N,100,ood,gold_reencode,endpoint3_monotone,long_paths,128,32,11.71875,7.8125,16.40625
44,F-N,100,ood,gold_reencode,full3_monotone,long_paths,128,32,10.15625,6.25,14.84375
44,F-N,100,ood,gold_reencode,endpoint4_monotone,long_paths,128,32,0,0.0,0.0
44,F-N,100,ood,gold_reencode,full4_monotone,long_paths,128,32,0,0.0,0.0
44,F-N,100,ood,gold_reencode,endpoint5_monotone,long_paths,128,32,0,0.0,0.0
44,F-N,100,ood,gold_reencode,full5_monotone,long_paths,128,32,0,0.0,0.0
44,F-N,100,ood,gold_reencode,endpoint1_alternating,long_paths,64,32,0,0.0,0.0
44,F-N,100,ood,gold_reencode,full1_alternating,long_paths,64,32,0,0.0,0.0
44,F-N,100,ood,gold_reencode,endpoint2_alternating,long_paths,64,32,23.4375,15.625,32.8125
44,F-N,100,ood,gold_reencode,full2_alternating,long_paths,64,32,0,0.0,0.0
44,F-N,100,ood,gold_reencode,endpoint3_alternating,long_paths,64,32,0,0.0,0.0
44,F-N,100,ood,gold_reencode,full3_alternating,long_paths,64,32,0,0.0,0.0
44,F-N,100,ood,gold_reencode,endpoint4_alternating,long_paths,64,32,23.4375,15.625,32.8125
44,F-N,100,ood,gold_reencode,full4_alternating,long_paths,64,32,0,0.0,0.0
44,F-N,100,ood,gold_reencode,endpoint5_alternating,long_paths,64,32,0,0.0,0.0
44,F-N,100,ood,gold_reencode,full5_alternating,long_paths,64,32,0,0.0,0.0
44,F-N,100,ood,gold_reencode,endpoint1_boundary_alternating,long_paths,64,32,0,0.0,0.0
44,F-N,100,ood,gold_reencode,full1_boundary_alternating,long_paths,64,32,0,0.0,0.0
44,F-N,100,ood,gold_reencode,endpoint2_boundary_alternating,long_paths,64,32,0,0.0,0.0
44,F-N,100,ood,gold_reencode,full2_boundary_alternating,long_paths,64,32,0,0.0,0.0
44,F-N,100,ood,gold_reencode,endpoint3_boundary_alternating,long_paths,64,32,0,0.0,0.0
44,F-N,100,ood,gold_reencode,full3_boundary_alternating,long_paths,64,32,0,0.0,0.0
44,F-N,100,ood,gold_reencode,endpoint4_boundary_alternating,long_paths,64,32,0,0.0,0.0
44,F-N,100,ood,gold_reencode,full4_boundary_alternating,long_paths,64,32,0,0.0,0.0
44,F-N,100,ood,gold_reencode,endpoint5_boundary_alternating,long_paths,64,32,0,0.0,0.0
44,F-N,100,ood,gold_reencode,full5_boundary_alternating,long_paths,64,32,0,0.0,0.0
44,F-N,100,ood,actual_reencode,endpoint1_all,long_paths,256,32,-0.78125,-2.34375,0.78125
44,F-N,100,ood,actual_reencode,full1_all,long_paths,256,32,-0.78125,-2.34375,0.78125
44,F-N,100,ood,actual_reencode,endpoint2_all,long_paths,256,32,-18.75,-22.265625,-15.625
44,F-N,100,ood,actual_reencode,full2_all,long_paths,256,32,6.25,2.734375,9.375
44,F-N,100,ood,actual_reencode,endpoint3_all,long_paths,256,32,14.0625,9.375,18.75
44,F-N,100,ood,actual_reencode,full3_all,long_paths,256,32,14.0625,9.375,18.75
44,F-N,100,ood,actual_reencode,endpoint4_all,long_paths,256,32,-10.9375,-15.625,-6.25
44,F-N,100,ood,actual_reencode,full4_all,long_paths,256,32,14.0625,9.375,18.75
44,F-N,100,ood,actual_reencode,endpoint5_all,long_paths,256,32,14.0625,9.375,18.75
44,F-N,100,ood,actual_reencode,full5_all,long_paths,256,32,14.0625,9.375,18.75
44,F-N,100,ood,actual_reencode,endpoint1_monotone,long_paths,128,32,-1.5625,-4.6875,1.5625
44,F-N,100,ood,actual_reencode,full1_monotone,long_paths,128,32,-1.5625,-4.6875,1.5625
44,F-N,100,ood,actual_reencode,endpoint2_monotone,long_paths,128,32,12.5,5.46875,18.75
44,F-N,100,ood,actual_reencode,full2_monotone,long_paths,128,32,12.5,5.46875,18.75
44,F-N,100,ood,actual_reencode,endpoint3_monotone,long_paths,128,32,28.125,18.75,37.5
44,F-N,100,ood,actual_reencode,full3_monotone,long_paths,128,32,28.125,18.75,37.5
44,F-N,100,ood,actual_reencode,endpoint4_monotone,long_paths,128,32,28.125,18.75,37.5
44,F-N,100,ood,actual_reencode,full4_monotone,long_paths,128,32,28.125,18.75,37.5
44,F-N,100,ood,actual_reencode,endpoint5_monotone,long_paths,128,32,28.125,18.75,37.5
44,F-N,100,ood,actual_reencode,full5_monotone,long_paths,128,32,28.125,18.75,37.5
44,F-N,100,ood,actual_reencode,endpoint1_alternating,long_paths,64,32,0,0.0,0.0
44,F-N,100,ood,actual_reencode,full1_alternating,long_paths,64,32,0,0.0,0.0
44,F-N,100,ood,actual_reencode,endpoint2_alternating,long_paths,64,32,-100,-100.0,-100.0
44,F-N,100,ood,actual_reencode,full2_alternating,long_paths,64,32,0,0.0,0.0
44,F-N,100,ood,actual_reencode,endpoint3_alternating,long_paths,64,32,0,0.0,0.0
44,F-N,100,ood,actual_reencode,full3_alternating,long_paths,64,32,0,0.0,0.0
44,F-N,100,ood,actual_reencode,endpoint4_alternating,long_paths,64,32,-100,-100.0,-100.0
44,F-N,100,ood,actual_reencode,full4_alternating,long_paths,64,32,0,0.0,0.0
44,F-N,100,ood,actual_reencode,endpoint5_alternating,long_paths,64,32,0,0.0,0.0
44,F-N,100,ood,actual_reencode,full5_alternating,long_paths,64,32,0,0.0,0.0
44,F-N,100,ood,actual_reencode,endpoint1_boundary_alternating,long_paths,64,32,0,0.0,0.0
44,F-N,100,ood,actual_reencode,full1_boundary_alternating,long_paths,64,32,0,0.0,0.0
44,F-N,100,ood,actual_reencode,endpoint2_boundary_alternating,long_paths,64,32,0,0.0,0.0
44,F-N,100,ood,actual_reencode,full2_boundary_alternating,long_paths,64,32,0,0.0,0.0
44,F-N,100,ood,actual_reencode,endpoint3_boundary_alternating,long_paths,64,32,0,0.0,0.0
44,F-N,100,ood,actual_reencode,full3_boundary_alternating,long_paths,64,32,0,0.0,0.0
44,F-N,100,ood,actual_reencode,endpoint4_boundary_alternating,long_paths,64,32,0,0.0,0.0
44,F-N,100,ood,actual_reencode,full4_boundary_alternating,long_paths,64,32,0,0.0,0.0
44,F-N,100,ood,actual_reencode,endpoint5_boundary_alternating,long_paths,64,32,0,0.0,0.0
44,F-N,100,ood,actual_reencode,full5_boundary_alternating,long_paths,64,32,0,0.0,0.0
44,F-N,200,iid,natural,atomic_macro,all,768,32,0,0.0,0.0
44,F-N,200,ood,natural,atomic_macro,all,384,32,9.375,7.291666666666666,11.458333333333332
44,F-N,200,iid,fixed_T0,endpoint2,all,704,32,100,100.0,100.0
44,F-N,200,iid,fixed_T0,full2,all,704,32,100,100.0,100.0
44,F-N,200,iid,fixed_T0,endpoint2,fixed_diagnostic,704,32,100,100.0,100.0
44,F-N,200,iid,fixed_T0,full2,fixed_diagnostic,704,32,100,100.0,100.0
44,F-N,200,ood,fixed_T0,endpoint2,all,704,32,65.05681818181817,62.78409090909091,67.47159090909092
44,F-N,200,ood,fixed_T0,full2,all,704,32,38.77840909090909,36.22159090909091,41.61931818181819
44,F-N,200,ood,fixed_T0,endpoint2,fixed_diagnostic,315,32,70.74652777777779,67.53472222222221,74.30555555555556
44,F-N,200,ood,fixed_T0,full2,fixed_diagnostic,315,32,70.74652777777779,67.53472222222221,74.30555555555556
44,F-N,200,iid,U,endpoint2,all,704,32,75.0,73.72159090909092,76.2784090909091
44,F-N,200,iid,U,full2,all,704,32,75.0,73.72159090909092,76.2784090909091
44,F-N,200,iid,U,endpoint2,fixed_diagnostic,704,32,75.0,73.72159090909092,76.2784090909091
44,F-N,200,iid,U,full2,fixed_diagnostic,704,32,75.0,73.72159090909092,76.2784090909091
44,F-N,200,ood,U,endpoint2,all,704,32,18.607954545454543,17.47159090909091,19.886363636363637
44,F-N,200,ood,U,full2,all,704,32,8.806818181818182,8.096590909090908,9.517045454545455
44,F-N,200,ood,U,endpoint2,fixed_diagnostic,315,32,20.052083333333332,18.31597222222222,21.614583333333332
44,F-N,200,ood,U,full2,fixed_diagnostic,315,32,20.052083333333332,18.31597222222222,21.614583333333332
44,F-N,200,iid,self,endpoint2,all,704,32,61.22159090909091,58.38068181818181,63.92045454545454
44,F-N,200,iid,self,full2,all,704,32,61.22159090909091,58.38068181818181,63.92045454545454
44,F-N,200,iid,self,endpoint2,fixed_diagnostic,704,32,61.22159090909091,58.38068181818181,63.92045454545454
44,F-N,200,iid,self,full2,fixed_diagnostic,704,32,61.22159090909091,58.38068181818181,63.92045454545454
44,F-N,200,ood,self,endpoint2,all,704,32,23.4375,21.732954545454547,25.142045454545453
44,F-N,200,ood,self,full2,all,704,32,21.59090909090909,20.454545454545453,22.72727272727273
44,F-N,200,ood,self,endpoint2,fixed_diagnostic,315,32,38.45486111111111,35.67708333333333,41.05902777777777
44,F-N,200,ood,self,full2,fixed_diagnostic,315,32,38.45486111111111,35.67708333333333,41.05902777777777
44,F-N,200,iid,gold_reencode,endpoint2,all,704,32,0,0.0,0.0
44,F-N,200,iid,gold_reencode,full2,all,704,32,0,0.0,0.0
44,F-N,200,iid,gold_reencode,endpoint2,fixed_diagnostic,704,32,0,0.0,0.0
44,F-N,200,iid,gold_reencode,full2,fixed_diagnostic,704,32,0,0.0,0.0
44,F-N,200,ood,gold_reencode,endpoint2,all,704,32,10.227272727272728,7.954545454545454,12.5
44,F-N,200,ood,gold_reencode,full2,all,704,32,10.795454545454545,8.380681818181818,13.21022727272727
44,F-N,200,ood,gold_reencode,endpoint2,fixed_diagnostic,315,32,1.0416666666666665,0.0,2.6041666666666665
44,F-N,200,ood,gold_reencode,full2,fixed_diagnostic,315,32,1.5625,0.0,3.90625
44,F-N,200,iid,actual_reencode,endpoint2,all,704,32,0,0.0,0.0
44,F-N,200,iid,actual_reencode,full2,all,704,32,0,0.0,0.0
44,F-N,200,iid,actual_reencode,endpoint2,fixed_diagnostic,704,32,0,0.0,0.0
44,F-N,200,iid,actual_reencode,full2,fixed_diagnostic,704,32,0,0.0,0.0
44,F-N,200,ood,actual_reencode,endpoint2,all,704,32,4.403409090909091,1.2784090909090913,7.386363636363637
44,F-N,200,ood,actual_reencode,full2,all,704,32,16.051136363636363,12.499999999999998,19.602272727272727
44,F-N,200,ood,actual_reencode,endpoint2,fixed_diagnostic,315,32,1.0416666666666665,0.0,2.6041666666666665
44,F-N,200,ood,actual_reencode,full2,fixed_diagnostic,315,32,1.5625,0.0,3.90625
44,F-N,200,iid,latent,endpoint1_all,long_paths,256,32,0,0.0,0.0
44,F-N,200,iid,latent,full1_all,long_paths,256,32,0,0.0,0.0
44,F-N,200,iid,latent,endpoint2_all,long_paths,256,32,43.359375,38.671875,47.265625
44,F-N,200,iid,latent,full2_all,long_paths,256,32,43.359375,38.671875,47.265625
44,F-N,200,iid,latent,endpoint3_all,long_paths,256,32,4.296875,2.34375,6.25
44,F-N,200,iid,latent,full3_all,long_paths,256,32,9.765625,7.8125,11.328125
44,F-N,200,iid,latent,endpoint4_all,long_paths,256,32,35.546875,32.03125,38.671875
44,F-N,200,iid,latent,full4_all,long_paths,256,32,0,0.0,0.0
44,F-N,200,iid,latent,endpoint5_all,long_paths,256,32,0,0.0,0.0
44,F-N,200,iid,latent,full5_all,long_paths,256,32,0,0.0,0.0
44,F-N,200,iid,latent,endpoint1_monotone,long_paths,128,32,0,0.0,0.0
44,F-N,200,iid,latent,full1_monotone,long_paths,128,32,0,0.0,0.0
44,F-N,200,iid,latent,endpoint2_monotone,long_paths,128,32,64.0625,57.03125,70.3125
44,F-N,200,iid,latent,full2_monotone,long_paths,128,32,64.0625,57.03125,70.3125
44,F-N,200,iid,latent,endpoint3_monotone,long_paths,128,32,22.65625,19.53125,25.0
44,F-N,200,iid,latent,full3_monotone,long_paths,128,32,19.53125,15.625,22.65625
44,F-N,200,iid,latent,endpoint4_monotone,long_paths,128,32,0,0.0,0.0
44,F-N,200,iid,latent,full4_monotone,long_paths,128,32,0,0.0,0.0
44,F-N,200,iid,latent,endpoint5_monotone,long_paths,128,32,0,0.0,0.0
44,F-N,200,iid,latent,full5_monotone,long_paths,128,32,0,0.0,0.0
44,F-N,200,iid,latent,endpoint1_alternating,long_paths,64,32,0,0.0,0.0
44,F-N,200,iid,latent,full1_alternating,long_paths,64,32,0,0.0,0.0
44,F-N,200,iid,latent,endpoint2_alternating,long_paths,64,32,0,0.0,0.0
44,F-N,200,iid,latent,full2_alternating,long_paths,64,32,0,0.0,0.0
44,F-N,200,iid,latent,endpoint3_alternating,long_paths,64,32,-28.125,-35.9375,-18.75
44,F-N,200,iid,latent,full3_alternating,long_paths,64,32,0,0.0,0.0
44,F-N,200,iid,latent,endpoint4_alternating,long_paths,64,32,96.875,92.1875,100.0
44,F-N,200,iid,latent,full4_alternating,long_paths,64,32,0,0.0,0.0
44,F-N,200,iid,latent,endpoint5_alternating,long_paths,64,32,0,0.0,0.0
44,F-N,200,iid,latent,full5_alternating,long_paths,64,32,0,0.0,0.0
44,F-N,200,iid,latent,endpoint1_boundary_alternating,long_paths,64,32,0,0.0,0.0
44,F-N,200,iid,latent,full1_boundary_alternating,long_paths,64,32,0,0.0,0.0
44,F-N,200,iid,latent,endpoint2_boundary_alternating,long_paths,64,32,45.3125,39.0625,50.0
44,F-N,200,iid,latent,full2_boundary_alternating,long_paths,64,32,45.3125,39.0625,50.0
44,F-N,200,iid,latent,endpoint3_boundary_alternating,long_paths,64,32,0,0.0,0.0
44,F-N,200,iid,latent,full3_boundary_alternating,long_paths,64,32,0,0.0,0.0
44,F-N,200,iid,latent,endpoint4_boundary_alternating,long_paths,64,32,45.3125,32.8125,57.8125
44,F-N,200,iid,latent,full4_boundary_alternating,long_paths,64,32,0,0.0,0.0
44,F-N,200,iid,latent,endpoint5_boundary_alternating,long_paths,64,32,0,0.0,0.0
44,F-N,200,iid,latent,full5_boundary_alternating,long_paths,64,32,0,0.0,0.0
44,F-N,200,iid,gold_reencode,endpoint1_all,long_paths,256,32,0,0.0,0.0
44,F-N,200,iid,gold_reencode,full1_all,long_paths,256,32,0,0.0,0.0
44,F-N,200,iid,gold_reencode,endpoint2_all,long_paths,256,32,0,0.0,0.0
44,F-N,200,iid,gold_reencode,full2_all,long_paths,256,32,0,0.0,0.0
44,F-N,200,iid,gold_reencode,endpoint3_all,long_paths,256,32,0,0.0,0.0
44,F-N,200,iid,gold_reencode,full3_all,long_paths,256,32,0,0.0,0.0
44,F-N,200,iid,gold_reencode,endpoint4_all,long_paths,256,32,0,0.0,0.0
44,F-N,200,iid,gold_reencode,full4_all,long_paths,256,32,0,0.0,0.0
44,F-N,200,iid,gold_reencode,endpoint5_all,long_paths,256,32,0,0.0,0.0
44,F-N,200,iid,gold_reencode,full5_all,long_paths,256,32,0,0.0,0.0
44,F-N,200,iid,gold_reencode,endpoint1_monotone,long_paths,128,32,0,0.0,0.0
44,F-N,200,iid,gold_reencode,full1_monotone,long_paths,128,32,0,0.0,0.0
44,F-N,200,iid,gold_reencode,endpoint2_monotone,long_paths,128,32,0,0.0,0.0
44,F-N,200,iid,gold_reencode,full2_monotone,long_paths,128,32,0,0.0,0.0
44,F-N,200,iid,gold_reencode,endpoint3_monotone,long_paths,128,32,0,0.0,0.0
44,F-N,200,iid,gold_reencode,full3_monotone,long_paths,128,32,0,0.0,0.0
44,F-N,200,iid,gold_reencode,endpoint4_monotone,long_paths,128,32,0,0.0,0.0
44,F-N,200,iid,gold_reencode,full4_monotone,long_paths,128,32,0,0.0,0.0
44,F-N,200,iid,gold_reencode,endpoint5_monotone,long_paths,128,32,0,0.0,0.0
44,F-N,200,iid,gold_reencode,full5_monotone,long_paths,128,32,0,0.0,0.0
44,F-N,200,iid,gold_reencode,endpoint1_alternating,long_paths,64,32,0,0.0,0.0
44,F-N,200,iid,gold_reencode,full1_alternating,long_paths,64,32,0,0.0,0.0
44,F-N,200,iid,gold_reencode,endpoint2_alternating,long_paths,64,32,0,0.0,0.0
44,F-N,200,iid,gold_reencode,full2_alternating,long_paths,64,32,0,0.0,0.0
44,F-N,200,iid,gold_reencode,endpoint3_alternating,long_paths,64,32,0,0.0,0.0
44,F-N,200,iid,gold_reencode,full3_alternating,long_paths,64,32,0,0.0,0.0
44,F-N,200,iid,gold_reencode,endpoint4_alternating,long_paths,64,32,0,0.0,0.0
44,F-N,200,iid,gold_reencode,full4_alternating,long_paths,64,32,0,0.0,0.0
44,F-N,200,iid,gold_reencode,endpoint5_alternating,long_paths,64,32,0,0.0,0.0
44,F-N,200,iid,gold_reencode,full5_alternating,long_paths,64,32,0,0.0,0.0
44,F-N,200,iid,gold_reencode,endpoint1_boundary_alternating,long_paths,64,32,0,0.0,0.0
44,F-N,200,iid,gold_reencode,full1_boundary_alternating,long_paths,64,32,0,0.0,0.0
44,F-N,200,iid,gold_reencode,endpoint2_boundary_alternating,long_paths,64,32,0,0.0,0.0
44,F-N,200,iid,gold_reencode,full2_boundary_alternating,long_paths,64,32,0,0.0,0.0
44,F-N,200,iid,gold_reencode,endpoint3_boundary_alternating,long_paths,64,32,0,0.0,0.0
44,F-N,200,iid,gold_reencode,full3_boundary_alternating,long_paths,64,32,0,0.0,0.0
44,F-N,200,iid,gold_reencode,endpoint4_boundary_alternating,long_paths,64,32,0,0.0,0.0
44,F-N,200,iid,gold_reencode,full4_boundary_alternating,long_paths,64,32,0,0.0,0.0
44,F-N,200,iid,gold_reencode,endpoint5_boundary_alternating,long_paths,64,32,0,0.0,0.0
44,F-N,200,iid,gold_reencode,full5_boundary_alternating,long_paths,64,32,0,0.0,0.0
44,F-N,200,iid,actual_reencode,endpoint1_all,long_paths,256,32,0,0.0,0.0
44,F-N,200,iid,actual_reencode,full1_all,long_paths,256,32,0,0.0,0.0
44,F-N,200,iid,actual_reencode,endpoint2_all,long_paths,256,32,0,0.0,0.0
44,F-N,200,iid,actual_reencode,full2_all,long_paths,256,32,0,0.0,0.0
44,F-N,200,iid,actual_reencode,endpoint3_all,long_paths,256,32,0,0.0,0.0
44,F-N,200,iid,actual_reencode,full3_all,long_paths,256,32,0,0.0,0.0
44,F-N,200,iid,actual_reencode,endpoint4_all,long_paths,256,32,0,0.0,0.0
44,F-N,200,iid,actual_reencode,full4_all,long_paths,256,32,0,0.0,0.0
44,F-N,200,iid,actual_reencode,endpoint5_all,long_paths,256,32,0,0.0,0.0
44,F-N,200,iid,actual_reencode,full5_all,long_paths,256,32,0,0.0,0.0
44,F-N,200,iid,actual_reencode,endpoint1_monotone,long_paths,128,32,0,0.0,0.0
44,F-N,200,iid,actual_reencode,full1_monotone,long_paths,128,32,0,0.0,0.0
44,F-N,200,iid,actual_reencode,endpoint2_monotone,long_paths,128,32,0,0.0,0.0
44,F-N,200,iid,actual_reencode,full2_monotone,long_paths,128,32,0,0.0,0.0
44,F-N,200,iid,actual_reencode,endpoint3_monotone,long_paths,128,32,0,0.0,0.0
44,F-N,200,iid,actual_reencode,full3_monotone,long_paths,128,32,0,0.0,0.0
44,F-N,200,iid,actual_reencode,endpoint4_monotone,long_paths,128,32,0,0.0,0.0
44,F-N,200,iid,actual_reencode,full4_monotone,long_paths,128,32,0,0.0,0.0
44,F-N,200,iid,actual_reencode,endpoint5_monotone,long_paths,128,32,0,0.0,0.0
44,F-N,200,iid,actual_reencode,full5_monotone,long_paths,128,32,0,0.0,0.0
44,F-N,200,iid,actual_reencode,endpoint1_alternating,long_paths,64,32,0,0.0,0.0
44,F-N,200,iid,actual_reencode,full1_alternating,long_paths,64,32,0,0.0,0.0
44,F-N,200,iid,actual_reencode,endpoint2_alternating,long_paths,64,32,0,0.0,0.0
44,F-N,200,iid,actual_reencode,full2_alternating,long_paths,64,32,0,0.0,0.0
44,F-N,200,iid,actual_reencode,endpoint3_alternating,long_paths,64,32,0,0.0,0.0
44,F-N,200,iid,actual_reencode,full3_alternating,long_paths,64,32,0,0.0,0.0
44,F-N,200,iid,actual_reencode,endpoint4_alternating,long_paths,64,32,0,0.0,0.0
44,F-N,200,iid,actual_reencode,full4_alternating,long_paths,64,32,0,0.0,0.0
44,F-N,200,iid,actual_reencode,endpoint5_alternating,long_paths,64,32,0,0.0,0.0
44,F-N,200,iid,actual_reencode,full5_alternating,long_paths,64,32,0,0.0,0.0
44,F-N,200,iid,actual_reencode,endpoint1_boundary_alternating,long_paths,64,32,0,0.0,0.0
44,F-N,200,iid,actual_reencode,full1_boundary_alternating,long_paths,64,32,0,0.0,0.0
44,F-N,200,iid,actual_reencode,endpoint2_boundary_alternating,long_paths,64,32,0,0.0,0.0
44,F-N,200,iid,actual_reencode,full2_boundary_alternating,long_paths,64,32,0,0.0,0.0
44,F-N,200,iid,actual_reencode,endpoint3_boundary_alternating,long_paths,64,32,0,0.0,0.0
44,F-N,200,iid,actual_reencode,full3_boundary_alternating,long_paths,64,32,0,0.0,0.0
44,F-N,200,iid,actual_reencode,endpoint4_boundary_alternating,long_paths,64,32,0,0.0,0.0
44,F-N,200,iid,actual_reencode,full4_boundary_alternating,long_paths,64,32,0,0.0,0.0
44,F-N,200,iid,actual_reencode,endpoint5_boundary_alternating,long_paths,64,32,0,0.0,0.0
44,F-N,200,iid,actual_reencode,full5_boundary_alternating,long_paths,64,32,0,0.0,0.0
44,F-N,200,ood,latent,endpoint1_all,long_paths,256,32,7.8125,5.859375,9.765625
44,F-N,200,ood,latent,full1_all,long_paths,256,32,7.8125,5.859375,9.765625
44,F-N,200,ood,latent,endpoint2_all,long_paths,256,32,30.859375,28.125,33.59375
44,F-N,200,ood,latent,full2_all,long_paths,256,32,24.609375,23.4375,25.78125
44,F-N,200,ood,latent,endpoint3_all,long_paths,256,32,11.71875,8.59375,14.84375
44,F-N,200,ood,latent,full3_all,long_paths,256,32,0,0.0,0.0
44,F-N,200,ood,latent,endpoint4_all,long_paths,256,32,25.78125,23.828125,27.734375
44,F-N,200,ood,latent,full4_all,long_paths,256,32,0,0.0,0.0
44,F-N,200,ood,latent,endpoint5_all,long_paths,256,32,0,0.0,0.0
44,F-N,200,ood,latent,full5_all,long_paths,256,32,0,0.0,0.0
44,F-N,200,ood,latent,endpoint1_monotone,long_paths,128,32,15.625,11.71875,19.53125
44,F-N,200,ood,latent,full1_monotone,long_paths,128,32,15.625,11.71875,19.53125
44,F-N,200,ood,latent,endpoint2_monotone,long_paths,128,32,25.78125,25.0,27.34375
44,F-N,200,ood,latent,full2_monotone,long_paths,128,32,25.78125,25.0,27.34375
44,F-N,200,ood,latent,endpoint3_monotone,long_paths,128,32,26.5625,22.65625,30.46875
44,F-N,200,ood,latent,full3_monotone,long_paths,128,32,0,0.0,0.0
44,F-N,200,ood,latent,endpoint4_monotone,long_paths,128,32,0,0.0,0.0
44,F-N,200,ood,latent,full4_monotone,long_paths,128,32,0,0.0,0.0
44,F-N,200,ood,latent,endpoint5_monotone,long_paths,128,32,0,0.0,0.0
44,F-N,200,ood,latent,full5_monotone,long_paths,128,32,0,0.0,0.0
44,F-N,200,ood,latent,endpoint1_alternating,long_paths,64,32,0,0.0,0.0
44,F-N,200,ood,latent,full1_alternating,long_paths,64,32,0,0.0,0.0
44,F-N,200,ood,latent,endpoint2_alternating,long_paths,64,32,25.0,17.1875,34.375
44,F-N,200,ood,latent,full2_alternating,long_paths,64,32,0,0.0,0.0
44,F-N,200,ood,latent,endpoint3_alternating,long_paths,64,32,40.625,32.8125,46.875
44,F-N,200,ood,latent,full3_alternating,long_paths,64,32,0,0.0,0.0
44,F-N,200,ood,latent,endpoint4_alternating,long_paths,64,32,92.1875,85.9375,98.4375
44,F-N,200,ood,latent,full4_alternating,long_paths,64,32,0,0.0,0.0
44,F-N,200,ood,latent,endpoint5_alternating,long_paths,64,32,0,0.0,0.0
44,F-N,200,ood,latent,full5_alternating,long_paths,64,32,0,0.0,0.0
44,F-N,200,ood,latent,endpoint1_boundary_alternating,long_paths,64,32,0,0.0,0.0
44,F-N,200,ood,latent,full1_boundary_alternating,long_paths,64,32,0,0.0,0.0
44,F-N,200,ood,latent,endpoint2_boundary_alternating,long_paths,64,32,46.875,42.1875,50.0
44,F-N,200,ood,latent,full2_boundary_alternating,long_paths,64,32,46.875,42.1875,50.0
44,F-N,200,ood,latent,endpoint3_boundary_alternating,long_paths,64,32,-46.875,-50.0,-42.1875
44,F-N,200,ood,latent,full3_boundary_alternating,long_paths,64,32,0,0.0,0.0
44,F-N,200,ood,latent,endpoint4_boundary_alternating,long_paths,64,32,10.9375,4.6875,18.75
44,F-N,200,ood,latent,full4_boundary_alternating,long_paths,64,32,0,0.0,0.0
44,F-N,200,ood,latent,endpoint5_boundary_alternating,long_paths,64,32,0,0.0,0.0
44,F-N,200,ood,latent,full5_boundary_alternating,long_paths,64,32,0,0.0,0.0
44,F-N,200,ood,gold_reencode,endpoint1_all,long_paths,256,32,7.8125,5.859375,9.765625
44,F-N,200,ood,gold_reencode,full1_all,long_paths,256,32,7.8125,5.859375,9.765625
44,F-N,200,ood,gold_reencode,endpoint2_all,long_paths,256,32,20.3125,15.234375,25.0
44,F-N,200,ood,gold_reencode,full2_all,long_paths,256,32,14.0625,10.9375,17.1875
44,F-N,200,ood,gold_reencode,endpoint3_all,long_paths,256,32,6.25,4.296875,8.59375
44,F-N,200,ood,gold_reencode,full3_all,long_paths,256,32,6.25,4.296875,8.59375
44,F-N,200,ood,gold_reencode,endpoint4_all,long_paths,256,32,6.25,4.296875,8.59375
44,F-N,200,ood,gold_reencode,full4_all,long_paths,256,32,0,0.0,0.0
44,F-N,200,ood,gold_reencode,endpoint5_all,long_paths,256,32,0,0.0,0.0
44,F-N,200,ood,gold_reencode,full5_all,long_paths,256,32,0,0.0,0.0
44,F-N,200,ood,gold_reencode,endpoint1_monotone,long_paths,128,32,15.625,11.71875,19.53125
44,F-N,200,ood,gold_reencode,full1_monotone,long_paths,128,32,15.625,11.71875,19.53125
44,F-N,200,ood,gold_reencode,endpoint2_monotone,long_paths,128,32,28.125,21.875,34.375
44,F-N,200,ood,gold_reencode,full2_monotone,long_paths,128,32,28.125,21.875,34.375
44,F-N,200,ood,gold_reencode,endpoint3_monotone,long_paths,128,32,12.5,8.59375,17.1875
44,F-N,200,ood,gold_reencode,full3_monotone,long_paths,128,32,12.5,8.59375,17.1875
44,F-N,200,ood,gold_reencode,endpoint4_monotone,long_paths,128,32,0,0.0,0.0
44,F-N,200,ood,gold_reencode,full4_monotone,long_paths,128,32,0,0.0,0.0
44,F-N,200,ood,gold_reencode,endpoint5_monotone,long_paths,128,32,0,0.0,0.0
44,F-N,200,ood,gold_reencode,full5_monotone,long_paths,128,32,0,0.0,0.0
44,F-N,200,ood,gold_reencode,endpoint1_alternating,long_paths,64,32,0,0.0,0.0
44,F-N,200,ood,gold_reencode,full1_alternating,long_paths,64,32,0,0.0,0.0
44,F-N,200,ood,gold_reencode,endpoint2_alternating,long_paths,64,32,25.0,17.1875,34.375
44,F-N,200,ood,gold_reencode,full2_alternating,long_paths,64,32,0,0.0,0.0
44,F-N,200,ood,gold_reencode,endpoint3_alternating,long_paths,64,32,0,0.0,0.0
44,F-N,200,ood,gold_reencode,full3_alternating,long_paths,64,32,0,0.0,0.0
44,F-N,200,ood,gold_reencode,endpoint4_alternating,long_paths,64,32,25.0,17.1875,34.375
44,F-N,200,ood,gold_reencode,full4_alternating,long_paths,64,32,0,0.0,0.0
44,F-N,200,ood,gold_reencode,endpoint5_alternating,long_paths,64,32,0,0.0,0.0
44,F-N,200,ood,gold_reencode,full5_alternating,long_paths,64,32,0,0.0,0.0
44,F-N,200,ood,gold_reencode,endpoint1_boundary_alternating,long_paths,64,32,0,0.0,0.0
44,F-N,200,ood,gold_reencode,full1_boundary_alternating,long_paths,64,32,0,0.0,0.0
44,F-N,200,ood,gold_reencode,endpoint2_boundary_alternating,long_paths,64,32,0,0.0,0.0
44,F-N,200,ood,gold_reencode,full2_boundary_alternating,long_paths,64,32,0,0.0,0.0
44,F-N,200,ood,gold_reencode,endpoint3_boundary_alternating,long_paths,64,32,0,0.0,0.0
44,F-N,200,ood,gold_reencode,full3_boundary_alternating,long_paths,64,32,0,0.0,0.0
44,F-N,200,ood,gold_reencode,endpoint4_boundary_alternating,long_paths,64,32,0,0.0,0.0
44,F-N,200,ood,gold_reencode,full4_boundary_alternating,long_paths,64,32,0,0.0,0.0
44,F-N,200,ood,gold_reencode,endpoint5_boundary_alternating,long_paths,64,32,0,0.0,0.0
44,F-N,200,ood,gold_reencode,full5_boundary_alternating,long_paths,64,32,0,0.0,0.0
44,F-N,200,ood,actual_reencode,endpoint1_all,long_paths,256,32,7.8125,5.859375,9.765625
44,F-N,200,ood,actual_reencode,full1_all,long_paths,256,32,7.8125,5.859375,9.765625
44,F-N,200,ood,actual_reencode,endpoint2_all,long_paths,256,32,-8.203125,-12.890625,-3.515625
44,F-N,200,ood,actual_reencode,full2_all,long_paths,256,32,16.015625,11.71875,20.3125
44,F-N,200,ood,actual_reencode,endpoint3_all,long_paths,256,32,17.1875,12.109375,21.875
44,F-N,200,ood,actual_reencode,full3_all,long_paths,256,32,16.40625,11.71875,21.09375
44,F-N,200,ood,actual_reencode,endpoint4_all,long_paths,256,32,-7.8125,-12.890625,-3.125
44,F-N,200,ood,actual_reencode,full4_all,long_paths,256,32,16.40625,11.71875,21.09375
44,F-N,200,ood,actual_reencode,endpoint5_all,long_paths,256,32,17.1875,12.109375,21.875
44,F-N,200,ood,actual_reencode,full5_all,long_paths,256,32,16.40625,11.71875,21.09375
44,F-N,200,ood,actual_reencode,endpoint1_monotone,long_paths,128,32,15.625,11.71875,19.53125
44,F-N,200,ood,actual_reencode,full1_monotone,long_paths,128,32,15.625,11.71875,19.53125
44,F-N,200,ood,actual_reencode,endpoint2_monotone,long_paths,128,32,32.03125,23.4375,40.625
44,F-N,200,ood,actual_reencode,full2_monotone,long_paths,128,32,32.03125,23.4375,40.625
44,F-N,200,ood,actual_reencode,endpoint3_monotone,long_paths,128,32,32.8125,23.4375,42.1875
44,F-N,200,ood,actual_reencode,full3_monotone,long_paths,128,32,32.8125,23.4375,42.1875
44,F-N,200,ood,actual_reencode,endpoint4_monotone,long_paths,128,32,32.8125,23.4375,42.1875
44,F-N,200,ood,actual_reencode,full4_monotone,long_paths,128,32,32.8125,23.4375,42.1875
44,F-N,200,ood,actual_reencode,endpoint5_monotone,long_paths,128,32,32.8125,23.4375,42.1875
44,F-N,200,ood,actual_reencode,full5_monotone,long_paths,128,32,32.8125,23.4375,42.1875
44,F-N,200,ood,actual_reencode,endpoint1_alternating,long_paths,64,32,0,0.0,0.0
44,F-N,200,ood,actual_reencode,full1_alternating,long_paths,64,32,0,0.0,0.0
44,F-N,200,ood,actual_reencode,endpoint2_alternating,long_paths,64,32,-96.875,-100.0,-92.1875
44,F-N,200,ood,actual_reencode,full2_alternating,long_paths,64,32,0,0.0,0.0
44,F-N,200,ood,actual_reencode,endpoint3_alternating,long_paths,64,32,3.125,0.0,7.8125
44,F-N,200,ood,actual_reencode,full3_alternating,long_paths,64,32,0,0.0,0.0
44,F-N,200,ood,actual_reencode,endpoint4_alternating,long_paths,64,32,-96.875,-100.0,-92.1875
44,F-N,200,ood,actual_reencode,full4_alternating,long_paths,64,32,0,0.0,0.0
44,F-N,200,ood,actual_reencode,endpoint5_alternating,long_paths,64,32,3.125,0.0,7.8125
44,F-N,200,ood,actual_reencode,full5_alternating,long_paths,64,32,0,0.0,0.0
44,F-N,200,ood,actual_reencode,endpoint1_boundary_alternating,long_paths,64,32,0,0.0,0.0
44,F-N,200,ood,actual_reencode,full1_boundary_alternating,long_paths,64,32,0,0.0,0.0
44,F-N,200,ood,actual_reencode,endpoint2_boundary_alternating,long_paths,64,32,0,0.0,0.0
44,F-N,200,ood,actual_reencode,full2_boundary_alternating,long_paths,64,32,0,0.0,0.0
44,F-N,200,ood,actual_reencode,endpoint3_boundary_alternating,long_paths,64,32,0,0.0,0.0
44,F-N,200,ood,actual_reencode,full3_boundary_alternating,long_paths,64,32,0,0.0,0.0
44,F-N,200,ood,actual_reencode,endpoint4_boundary_alternating,long_paths,64,32,0,0.0,0.0
44,F-N,200,ood,actual_reencode,full4_boundary_alternating,long_paths,64,32,0,0.0,0.0
44,F-N,200,ood,actual_reencode,endpoint5_boundary_alternating,long_paths,64,32,0,0.0,0.0
44,F-N,200,ood,actual_reencode,full5_boundary_alternating,long_paths,64,32,0,0.0,0.0
44,R-F,100,iid,natural,atomic_macro,all,768,32,0,0.0,0.0
44,R-F,100,ood,natural,atomic_macro,all,384,32,1.5625,-0.78125,3.645833333333333
44,R-F,100,iid,fixed_T0,endpoint2,all,704,32,-44.31818181818182,-46.16477272727273,-42.32954545454546
44,R-F,100,iid,fixed_T0,full2,all,704,32,-44.31818181818182,-46.16477272727273,-42.32954545454546
44,R-F,100,iid,fixed_T0,endpoint2,fixed_diagnostic,704,32,-44.31818181818182,-46.16477272727273,-42.32954545454546
44,R-F,100,iid,fixed_T0,full2,fixed_diagnostic,704,32,-44.31818181818182,-46.16477272727273,-42.32954545454546
44,R-F,100,ood,fixed_T0,endpoint2,all,704,32,-16.335227272727273,-18.181818181818183,-14.488636363636365
44,R-F,100,ood,fixed_T0,full2,all,704,32,-10.085227272727272,-11.363636363636363,-8.948863636363637
44,R-F,100,ood,fixed_T0,endpoint2,fixed_diagnostic,315,32,-19.791666666666664,-21.09375,-18.31597222222222
44,R-F,100,ood,fixed_T0,full2,fixed_diagnostic,315,32,-19.791666666666664,-21.09375,-18.31597222222222
44,R-F,100,iid,U,endpoint2,all,704,32,-24.289772727272727,-25.994318181818176,-22.727272727272723
44,R-F,100,iid,U,full2,all,704,32,-24.289772727272727,-25.994318181818176,-22.727272727272723
44,R-F,100,iid,U,endpoint2,fixed_diagnostic,704,32,-24.289772727272727,-25.994318181818176,-22.727272727272723
44,R-F,100,iid,U,full2,fixed_diagnostic,704,32,-24.289772727272727,-25.994318181818176,-22.727272727272723
44,R-F,100,ood,U,endpoint2,all,704,32,-2.272727272727273,-3.125,-1.4204545454545454
44,R-F,100,ood,U,full2,all,704,32,-4.829545454545454,-5.255681818181818,-4.545454545454546
44,R-F,100,ood,U,endpoint2,fixed_diagnostic,315,32,-8.246527777777777,-9.722222222222221,-6.510416666666666
44,R-F,100,ood,U,full2,fixed_diagnostic,315,32,-10.590277777777777,-11.197916666666666,-10.069444444444443
44,R-F,100,iid,self,endpoint2,all,704,32,42.75568181818182,39.34659090909091,46.02272727272727
44,R-F,100,iid,self,full2,all,704,32,42.75568181818182,39.34659090909091,46.02272727272727
44,R-F,100,iid,self,endpoint2,fixed_diagnostic,704,32,42.75568181818182,39.34659090909091,46.02272727272727
44,R-F,100,iid,self,full2,fixed_diagnostic,704,32,42.75568181818182,39.34659090909091,46.02272727272727
44,R-F,100,ood,self,endpoint2,all,704,32,28.409090909090907,26.988636363636363,29.6875
44,R-F,100,ood,self,full2,all,704,32,20.738636363636363,19.318181818181817,22.017045454545453
44,R-F,100,ood,self,endpoint2,fixed_diagnostic,315,32,43.229166666666664,40.97222222222222,45.48611111111111
44,R-F,100,ood,self,full2,fixed_diagnostic,315,32,42.36111111111111,40.01736111111111,44.70486111111111
44,R-F,100,iid,gold_reencode,endpoint2,all,704,32,0,0.0,0.0
44,R-F,100,iid,gold_reencode,full2,all,704,32,0,0.0,0.0
44,R-F,100,iid,gold_reencode,endpoint2,fixed_diagnostic,704,32,0,0.0,0.0
44,R-F,100,iid,gold_reencode,full2,fixed_diagnostic,704,32,0,0.0,0.0
44,R-F,100,ood,gold_reencode,endpoint2,all,704,32,1.7045454545454544,-0.8522727272727272,3.977272727272727
44,R-F,100,ood,gold_reencode,full2,all,704,32,7.102272727272727,3.6931818181818175,10.227272727272727
44,R-F,100,ood,gold_reencode,endpoint2,fixed_diagnostic,315,32,1.5625,-1.5625,5.034722222222221
44,R-F,100,ood,gold_reencode,full2,fixed_diagnostic,315,32,2.34375,-2.34375,7.552083333333333
44,R-F,100,iid,actual_reencode,endpoint2,all,704,32,0,0.0,0.0
44,R-F,100,iid,actual_reencode,full2,all,704,32,0,0.0,0.0
44,R-F,100,iid,actual_reencode,endpoint2,fixed_diagnostic,704,32,0,0.0,0.0
44,R-F,100,iid,actual_reencode,full2,fixed_diagnostic,704,32,0,0.0,0.0
44,R-F,100,ood,actual_reencode,endpoint2,all,704,32,12.642045454545453,9.09090909090909,16.051136363636363
44,R-F,100,ood,actual_reencode,full2,all,704,32,6.960227272727273,2.5568181818181825,10.795454545454547
44,R-F,100,ood,actual_reencode,endpoint2,fixed_diagnostic,315,32,2.170138888888889,-1.3888888888888888,6.336805555555555
44,R-F,100,ood,actual_reencode,full2,fixed_diagnostic,315,32,2.34375,-2.34375,7.552083333333333
44,R-F,100,iid,latent,endpoint1_all,long_paths,256,32,0,0.0,0.0
44,R-F,100,iid,latent,full1_all,long_paths,256,32,0,0.0,0.0
44,R-F,100,iid,latent,endpoint2_all,long_paths,256,32,48.828125,45.703125,51.953125
44,R-F,100,iid,latent,full2_all,long_paths,256,32,48.828125,45.703125,51.953125
44,R-F,100,iid,latent,endpoint3_all,long_paths,256,32,9.765625,5.078125,13.671875
44,R-F,100,iid,latent,full3_all,long_paths,256,32,-1.953125,-3.90625,0.0
44,R-F,100,iid,latent,endpoint4_all,long_paths,256,32,-7.8125,-9.765625,-5.46875
44,R-F,100,iid,latent,full4_all,long_paths,256,32,-0.390625,-1.171875,0.0
44,R-F,100,iid,latent,endpoint5_all,long_paths,256,32,0,0.0,0.0
44,R-F,100,iid,latent,full5_all,long_paths,256,32,0,0.0,0.0
44,R-F,100,iid,latent,endpoint1_monotone,long_paths,128,32,0,0.0,0.0
44,R-F,100,iid,latent,full1_monotone,long_paths,128,32,0,0.0,0.0
44,R-F,100,iid,latent,endpoint2_monotone,long_paths,128,32,15.625,10.9375,21.09375
44,R-F,100,iid,latent,full2_monotone,long_paths,128,32,15.625,10.9375,21.09375
44,R-F,100,iid,latent,endpoint3_monotone,long_paths,128,32,31.25,26.5625,35.15625
44,R-F,100,iid,latent,full3_monotone,long_paths,128,32,0.78125,-1.5625,3.125
44,R-F,100,iid,latent,endpoint4_monotone,long_paths,128,32,0,0.0,0.0
44,R-F,100,iid,latent,full4_monotone,long_paths,128,32,0,0.0,0.0
44,R-F,100,iid,latent,endpoint5_monotone,long_paths,128,32,0,0.0,0.0
44,R-F,100,iid,latent,full5_monotone,long_paths,128,32,0,0.0,0.0
44,R-F,100,iid,latent,endpoint1_alternating,long_paths,64,32,0,0.0,0.0
44,R-F,100,iid,latent,full1_alternating,long_paths,64,32,0,0.0,0.0
44,R-F,100,iid,latent,endpoint2_alternating,long_paths,64,32,64.0625,56.25,71.875
44,R-F,100,iid,latent,full2_alternating,long_paths,64,32,64.0625,56.25,71.875
44,R-F,100,iid,latent,endpoint3_alternating,long_paths,64,32,-15.625,-23.4375,-7.8125
44,R-F,100,iid,latent,full3_alternating,long_paths,64,32,-9.375,-17.1875,-3.125
44,R-F,100,iid,latent,endpoint4_alternating,long_paths,64,32,-39.0625,-45.3125,-31.25
44,R-F,100,iid,latent,full4_alternating,long_paths,64,32,-1.5625,-4.6875,0.0
44,R-F,100,iid,latent,endpoint5_alternating,long_paths,64,32,0,0.0,0.0
44,R-F,100,iid,latent,full5_alternating,long_paths,64,32,0,0.0,0.0
44,R-F,100,iid,latent,endpoint1_boundary_alternating,long_paths,64,32,0,0.0,0.0
44,R-F,100,iid,latent,full1_boundary_alternating,long_paths,64,32,0,0.0,0.0
44,R-F,100,iid,latent,endpoint2_boundary_alternating,long_paths,64,32,100,100.0,100.0
44,R-F,100,iid,latent,full2_boundary_alternating,long_paths,64,32,100,100.0,100.0
44,R-F,100,iid,latent,endpoint3_boundary_alternating,long_paths,64,32,-7.8125,-14.0625,-1.5625
44,R-F,100,iid,latent,full3_boundary_alternating,long_paths,64,32,0,0.0,0.0
44,R-F,100,iid,latent,endpoint4_boundary_alternating,long_paths,64,32,7.8125,1.5625,14.0625
44,R-F,100,iid,latent,full4_boundary_alternating,long_paths,64,32,0,0.0,0.0
44,R-F,100,iid,latent,endpoint5_boundary_alternating,long_paths,64,32,0,0.0,0.0
44,R-F,100,iid,latent,full5_boundary_alternating,long_paths,64,32,0,0.0,0.0
44,R-F,100,iid,gold_reencode,endpoint1_all,long_paths,256,32,0,0.0,0.0
44,R-F,100,iid,gold_reencode,full1_all,long_paths,256,32,0,0.0,0.0
44,R-F,100,iid,gold_reencode,endpoint2_all,long_paths,256,32,0,0.0,0.0
44,R-F,100,iid,gold_reencode,full2_all,long_paths,256,32,0,0.0,0.0
44,R-F,100,iid,gold_reencode,endpoint3_all,long_paths,256,32,0,0.0,0.0
44,R-F,100,iid,gold_reencode,full3_all,long_paths,256,32,0,0.0,0.0
44,R-F,100,iid,gold_reencode,endpoint4_all,long_paths,256,32,0,0.0,0.0
44,R-F,100,iid,gold_reencode,full4_all,long_paths,256,32,0,0.0,0.0
44,R-F,100,iid,gold_reencode,endpoint5_all,long_paths,256,32,0,0.0,0.0
44,R-F,100,iid,gold_reencode,full5_all,long_paths,256,32,0,0.0,0.0
44,R-F,100,iid,gold_reencode,endpoint1_monotone,long_paths,128,32,0,0.0,0.0
44,R-F,100,iid,gold_reencode,full1_monotone,long_paths,128,32,0,0.0,0.0
44,R-F,100,iid,gold_reencode,endpoint2_monotone,long_paths,128,32,0,0.0,0.0
44,R-F,100,iid,gold_reencode,full2_monotone,long_paths,128,32,0,0.0,0.0
44,R-F,100,iid,gold_reencode,endpoint3_monotone,long_paths,128,32,0,0.0,0.0
44,R-F,100,iid,gold_reencode,full3_monotone,long_paths,128,32,0,0.0,0.0
44,R-F,100,iid,gold_reencode,endpoint4_monotone,long_paths,128,32,0,0.0,0.0
44,R-F,100,iid,gold_reencode,full4_monotone,long_paths,128,32,0,0.0,0.0
44,R-F,100,iid,gold_reencode,endpoint5_monotone,long_paths,128,32,0,0.0,0.0
44,R-F,100,iid,gold_reencode,full5_monotone,long_paths,128,32,0,0.0,0.0
44,R-F,100,iid,gold_reencode,endpoint1_alternating,long_paths,64,32,0,0.0,0.0
44,R-F,100,iid,gold_reencode,full1_alternating,long_paths,64,32,0,0.0,0.0
44,R-F,100,iid,gold_reencode,endpoint2_alternating,long_paths,64,32,0,0.0,0.0
44,R-F,100,iid,gold_reencode,full2_alternating,long_paths,64,32,0,0.0,0.0
44,R-F,100,iid,gold_reencode,endpoint3_alternating,long_paths,64,32,0,0.0,0.0
44,R-F,100,iid,gold_reencode,full3_alternating,long_paths,64,32,0,0.0,0.0
44,R-F,100,iid,gold_reencode,endpoint4_alternating,long_paths,64,32,0,0.0,0.0
44,R-F,100,iid,gold_reencode,full4_alternating,long_paths,64,32,0,0.0,0.0
44,R-F,100,iid,gold_reencode,endpoint5_alternating,long_paths,64,32,0,0.0,0.0
44,R-F,100,iid,gold_reencode,full5_alternating,long_paths,64,32,0,0.0,0.0
44,R-F,100,iid,gold_reencode,endpoint1_boundary_alternating,long_paths,64,32,0,0.0,0.0
44,R-F,100,iid,gold_reencode,full1_boundary_alternating,long_paths,64,32,0,0.0,0.0
44,R-F,100,iid,gold_reencode,endpoint2_boundary_alternating,long_paths,64,32,0,0.0,0.0
44,R-F,100,iid,gold_reencode,full2_boundary_alternating,long_paths,64,32,0,0.0,0.0
44,R-F,100,iid,gold_reencode,endpoint3_boundary_alternating,long_paths,64,32,0,0.0,0.0
44,R-F,100,iid,gold_reencode,full3_boundary_alternating,long_paths,64,32,0,0.0,0.0
44,R-F,100,iid,gold_reencode,endpoint4_boundary_alternating,long_paths,64,32,0,0.0,0.0
44,R-F,100,iid,gold_reencode,full4_boundary_alternating,long_paths,64,32,0,0.0,0.0
44,R-F,100,iid,gold_reencode,endpoint5_boundary_alternating,long_paths,64,32,0,0.0,0.0
44,R-F,100,iid,gold_reencode,full5_boundary_alternating,long_paths,64,32,0,0.0,0.0
44,R-F,100,iid,actual_reencode,endpoint1_all,long_paths,256,32,0,0.0,0.0
44,R-F,100,iid,actual_reencode,full1_all,long_paths,256,32,0,0.0,0.0
44,R-F,100,iid,actual_reencode,endpoint2_all,long_paths,256,32,0,0.0,0.0
44,R-F,100,iid,actual_reencode,full2_all,long_paths,256,32,0,0.0,0.0
44,R-F,100,iid,actual_reencode,endpoint3_all,long_paths,256,32,0,0.0,0.0
44,R-F,100,iid,actual_reencode,full3_all,long_paths,256,32,0,0.0,0.0
44,R-F,100,iid,actual_reencode,endpoint4_all,long_paths,256,32,0,0.0,0.0
44,R-F,100,iid,actual_reencode,full4_all,long_paths,256,32,0,0.0,0.0
44,R-F,100,iid,actual_reencode,endpoint5_all,long_paths,256,32,0,0.0,0.0
44,R-F,100,iid,actual_reencode,full5_all,long_paths,256,32,0,0.0,0.0
44,R-F,100,iid,actual_reencode,endpoint1_monotone,long_paths,128,32,0,0.0,0.0
44,R-F,100,iid,actual_reencode,full1_monotone,long_paths,128,32,0,0.0,0.0
44,R-F,100,iid,actual_reencode,endpoint2_monotone,long_paths,128,32,0,0.0,0.0
44,R-F,100,iid,actual_reencode,full2_monotone,long_paths,128,32,0,0.0,0.0
44,R-F,100,iid,actual_reencode,endpoint3_monotone,long_paths,128,32,0,0.0,0.0
44,R-F,100,iid,actual_reencode,full3_monotone,long_paths,128,32,0,0.0,0.0
44,R-F,100,iid,actual_reencode,endpoint4_monotone,long_paths,128,32,0,0.0,0.0
44,R-F,100,iid,actual_reencode,full4_monotone,long_paths,128,32,0,0.0,0.0
44,R-F,100,iid,actual_reencode,endpoint5_monotone,long_paths,128,32,0,0.0,0.0
44,R-F,100,iid,actual_reencode,full5_monotone,long_paths,128,32,0,0.0,0.0
44,R-F,100,iid,actual_reencode,endpoint1_alternating,long_paths,64,32,0,0.0,0.0
44,R-F,100,iid,actual_reencode,full1_alternating,long_paths,64,32,0,0.0,0.0
44,R-F,100,iid,actual_reencode,endpoint2_alternating,long_paths,64,32,0,0.0,0.0
44,R-F,100,iid,actual_reencode,full2_alternating,long_paths,64,32,0,0.0,0.0
44,R-F,100,iid,actual_reencode,endpoint3_alternating,long_paths,64,32,0,0.0,0.0
44,R-F,100,iid,actual_reencode,full3_alternating,long_paths,64,32,0,0.0,0.0
44,R-F,100,iid,actual_reencode,endpoint4_alternating,long_paths,64,32,0,0.0,0.0
44,R-F,100,iid,actual_reencode,full4_alternating,long_paths,64,32,0,0.0,0.0
44,R-F,100,iid,actual_reencode,endpoint5_alternating,long_paths,64,32,0,0.0,0.0
44,R-F,100,iid,actual_reencode,full5_alternating,long_paths,64,32,0,0.0,0.0
44,R-F,100,iid,actual_reencode,endpoint1_boundary_alternating,long_paths,64,32,0,0.0,0.0
44,R-F,100,iid,actual_reencode,full1_boundary_alternating,long_paths,64,32,0,0.0,0.0
44,R-F,100,iid,actual_reencode,endpoint2_boundary_alternating,long_paths,64,32,0,0.0,0.0
44,R-F,100,iid,actual_reencode,full2_boundary_alternating,long_paths,64,32,0,0.0,0.0
44,R-F,100,iid,actual_reencode,endpoint3_boundary_alternating,long_paths,64,32,0,0.0,0.0
44,R-F,100,iid,actual_reencode,full3_boundary_alternating,long_paths,64,32,0,0.0,0.0
44,R-F,100,iid,actual_reencode,endpoint4_boundary_alternating,long_paths,64,32,0,0.0,0.0
44,R-F,100,iid,actual_reencode,full4_boundary_alternating,long_paths,64,32,0,0.0,0.0
44,R-F,100,iid,actual_reencode,endpoint5_boundary_alternating,long_paths,64,32,0,0.0,0.0
44,R-F,100,iid,actual_reencode,full5_boundary_alternating,long_paths,64,32,0,0.0,0.0
44,R-F,100,ood,latent,endpoint1_all,long_paths,256,32,8.203125,5.078125,10.9375
44,R-F,100,ood,latent,full1_all,long_paths,256,32,8.203125,5.078125,10.9375
44,R-F,100,ood,latent,endpoint2_all,long_paths,256,32,19.140625,16.40625,21.875
44,R-F,100,ood,latent,full2_all,long_paths,256,32,11.328125,9.375,13.28125
44,R-F,100,ood,latent,endpoint3_all,long_paths,256,32,-2.34375,-4.296875,-0.78125
44,R-F,100,ood,latent,full3_all,long_paths,256,32,-0.390625,-1.171875,0.0
44,R-F,100,ood,latent,endpoint4_all,long_paths,256,32,5.46875,0.0,10.9375
44,R-F,100,ood,latent,full4_all,long_paths,256,32,0,0.0,0.0
44,R-F,100,ood,latent,endpoint5_all,long_paths,256,32,0,0.0,0.0
44,R-F,100,ood,latent,full5_all,long_paths,256,32,0,0.0,0.0
44,R-F,100,ood,latent,endpoint1_monotone,long_paths,128,32,16.40625,10.15625,21.875
44,R-F,100,ood,latent,full1_monotone,long_paths,128,32,16.40625,10.15625,21.875
44,R-F,100,ood,latent,endpoint2_monotone,long_paths,128,32,-36.71875,-42.1875,-31.25
44,R-F,100,ood,latent,full2_monotone,long_paths,128,32,-27.34375,-31.25,-23.4375
44,R-F,100,ood,latent,endpoint3_monotone,long_paths,128,32,-4.6875,-8.59375,-1.5625
44,R-F,100,ood,latent,full3_monotone,long_paths,128,32,-0.78125,-2.34375,0.0
44,R-F,100,ood,latent,endpoint4_monotone,long_paths,128,32,0,0.0,0.0
44,R-F,100,ood,latent,full4_monotone,long_paths,128,32,0,0.0,0.0
44,R-F,100,ood,latent,endpoint5_monotone,long_paths,128,32,0,0.0,0.0
44,R-F,100,ood,latent,full5_monotone,long_paths,128,32,0,0.0,0.0
44,R-F,100,ood,latent,endpoint1_alternating,long_paths,64,32,0,0.0,0.0
44,R-F,100,ood,latent,full1_alternating,long_paths,64,32,0,0.0,0.0
44,R-F,100,ood,latent,endpoint2_alternating,long_paths,64,32,50.0,50.0,50.0
44,R-F,100,ood,latent,full2_alternating,long_paths,64,32,0,0.0,0.0
44,R-F,100,ood,latent,endpoint3_alternating,long_paths,64,32,0,0.0,0.0
44,R-F,100,ood,latent,full3_alternating,long_paths,64,32,0,0.0,0.0
44,R-F,100,ood,latent,endpoint4_alternating,long_paths,64,32,12.5,-4.6875,29.6875
44,R-F,100,ood,latent,full4_alternating,long_paths,64,32,0,0.0,0.0
44,R-F,100,ood,latent,endpoint5_alternating,long_paths,64,32,0,0.0,0.0
44,R-F,100,ood,latent,full5_alternating,long_paths,64,32,0,0.0,0.0
44,R-F,100,ood,latent,endpoint1_boundary_alternating,long_paths,64,32,0,0.0,0.0
44,R-F,100,ood,latent,full1_boundary_alternating,long_paths,64,32,0,0.0,0.0
44,R-F,100,ood,latent,endpoint2_boundary_alternating,long_paths,64,32,100,100.0,100.0
44,R-F,100,ood,latent,full2_boundary_alternating,long_paths,64,32,100,100.0,100.0
44,R-F,100,ood,latent,endpoint3_boundary_alternating,long_paths,64,32,0,0.0,0.0
44,R-F,100,ood,latent,full3_boundary_alternating,long_paths,64,32,0,0.0,0.0
44,R-F,100,ood,latent,endpoint4_boundary_alternating,long_paths,64,32,9.375,3.125,17.1875
44,R-F,100,ood,latent,full4_boundary_alternating,long_paths,64,32,0,0.0,0.0
44,R-F,100,ood,latent,endpoint5_boundary_alternating,long_paths,64,32,0,0.0,0.0
44,R-F,100,ood,latent,full5_boundary_alternating,long_paths,64,32,0,0.0,0.0
44,R-F,100,ood,gold_reencode,endpoint1_all,long_paths,256,32,8.203125,5.078125,10.9375
44,R-F,100,ood,gold_reencode,full1_all,long_paths,256,32,8.203125,5.078125,10.9375
44,R-F,100,ood,gold_reencode,endpoint2_all,long_paths,256,32,-3.515625,-8.59375,1.171875
44,R-F,100,ood,gold_reencode,full2_all,long_paths,256,32,3.125,-0.78125,6.640625
44,R-F,100,ood,gold_reencode,endpoint3_all,long_paths,256,32,-5.859375,-8.203125,-3.90625
44,R-F,100,ood,gold_reencode,full3_all,long_paths,256,32,-5.078125,-7.03125,-3.125
44,R-F,100,ood,gold_reencode,endpoint4_all,long_paths,256,32,-5.859375,-8.203125,-3.90625
44,R-F,100,ood,gold_reencode,full4_all,long_paths,256,32,0,0.0,0.0
44,R-F,100,ood,gold_reencode,endpoint5_all,long_paths,256,32,0,0.0,0.0
44,R-F,100,ood,gold_reencode,full5_all,long_paths,256,32,0,0.0,0.0
44,R-F,100,ood,gold_reencode,endpoint1_monotone,long_paths,128,32,16.40625,10.15625,21.875
44,R-F,100,ood,gold_reencode,full1_monotone,long_paths,128,32,16.40625,10.15625,21.875
44,R-F,100,ood,gold_reencode,endpoint2_monotone,long_paths,128,32,4.6875,-2.34375,10.9375
44,R-F,100,ood,gold_reencode,full2_monotone,long_paths,128,32,6.25,-1.5625,13.28125
44,R-F,100,ood,gold_reencode,endpoint3_monotone,long_paths,128,32,-11.71875,-16.40625,-7.8125
44,R-F,100,ood,gold_reencode,full3_monotone,long_paths,128,32,-10.15625,-14.0625,-6.25
44,R-F,100,ood,gold_reencode,endpoint4_monotone,long_paths,128,32,0,0.0,0.0
44,R-F,100,ood,gold_reencode,full4_monotone,long_paths,128,32,0,0.0,0.0
44,R-F,100,ood,gold_reencode,endpoint5_monotone,long_paths,128,32,0,0.0,0.0
44,R-F,100,ood,gold_reencode,full5_monotone,long_paths,128,32,0,0.0,0.0
44,R-F,100,ood,gold_reencode,endpoint1_alternating,long_paths,64,32,0,0.0,0.0
44,R-F,100,ood,gold_reencode,full1_alternating,long_paths,64,32,0,0.0,0.0
44,R-F,100,ood,gold_reencode,endpoint2_alternating,long_paths,64,32,-23.4375,-32.8125,-15.625
44,R-F,100,ood,gold_reencode,full2_alternating,long_paths,64,32,0,0.0,0.0
44,R-F,100,ood,gold_reencode,endpoint3_alternating,long_paths,64,32,0,0.0,0.0
44,R-F,100,ood,gold_reencode,full3_alternating,long_paths,64,32,0,0.0,0.0
44,R-F,100,ood,gold_reencode,endpoint4_alternating,long_paths,64,32,-23.4375,-32.8125,-15.625
44,R-F,100,ood,gold_reencode,full4_alternating,long_paths,64,32,0,0.0,0.0
44,R-F,100,ood,gold_reencode,endpoint5_alternating,long_paths,64,32,0,0.0,0.0
44,R-F,100,ood,gold_reencode,full5_alternating,long_paths,64,32,0,0.0,0.0
44,R-F,100,ood,gold_reencode,endpoint1_boundary_alternating,long_paths,64,32,0,0.0,0.0
44,R-F,100,ood,gold_reencode,full1_boundary_alternating,long_paths,64,32,0,0.0,0.0
44,R-F,100,ood,gold_reencode,endpoint2_boundary_alternating,long_paths,64,32,0,0.0,0.0
44,R-F,100,ood,gold_reencode,full2_boundary_alternating,long_paths,64,32,0,0.0,0.0
44,R-F,100,ood,gold_reencode,endpoint3_boundary_alternating,long_paths,64,32,0,0.0,0.0
44,R-F,100,ood,gold_reencode,full3_boundary_alternating,long_paths,64,32,0,0.0,0.0
44,R-F,100,ood,gold_reencode,endpoint4_boundary_alternating,long_paths,64,32,0,0.0,0.0
44,R-F,100,ood,gold_reencode,full4_boundary_alternating,long_paths,64,32,0,0.0,0.0
44,R-F,100,ood,gold_reencode,endpoint5_boundary_alternating,long_paths,64,32,0,0.0,0.0
44,R-F,100,ood,gold_reencode,full5_boundary_alternating,long_paths,64,32,0,0.0,0.0
44,R-F,100,ood,actual_reencode,endpoint1_all,long_paths,256,32,8.203125,5.078125,10.9375
44,R-F,100,ood,actual_reencode,full1_all,long_paths,256,32,8.203125,5.078125,10.9375
44,R-F,100,ood,actual_reencode,endpoint2_all,long_paths,256,32,39.453125,33.984375,44.53125
44,R-F,100,ood,actual_reencode,full2_all,long_paths,256,32,14.453125,8.984375,19.53125
44,R-F,100,ood,actual_reencode,endpoint3_all,long_paths,256,32,12.5,6.25,17.96875
44,R-F,100,ood,actual_reencode,full3_all,long_paths,256,32,12.5,6.25,17.96875
44,R-F,100,ood,actual_reencode,endpoint4_all,long_paths,256,32,37.5,31.25,42.96875
44,R-F,100,ood,actual_reencode,full4_all,long_paths,256,32,12.5,6.25,17.96875
44,R-F,100,ood,actual_reencode,endpoint5_all,long_paths,256,32,12.5,6.25,17.96875
44,R-F,100,ood,actual_reencode,full5_all,long_paths,256,32,12.5,6.25,17.96875
44,R-F,100,ood,actual_reencode,endpoint1_monotone,long_paths,128,32,16.40625,10.15625,21.875
44,R-F,100,ood,actual_reencode,full1_monotone,long_paths,128,32,16.40625,10.15625,21.875
44,R-F,100,ood,actual_reencode,endpoint2_monotone,long_paths,128,32,28.90625,17.96875,39.0625
44,R-F,100,ood,actual_reencode,full2_monotone,long_paths,128,32,28.90625,17.96875,39.0625
44,R-F,100,ood,actual_reencode,endpoint3_monotone,long_paths,128,32,25.0,12.5,35.9375
44,R-F,100,ood,actual_reencode,full3_monotone,long_paths,128,32,25.0,12.5,35.9375
44,R-F,100,ood,actual_reencode,endpoint4_monotone,long_paths,128,32,25.0,12.5,35.9375
44,R-F,100,ood,actual_reencode,full4_monotone,long_paths,128,32,25.0,12.5,35.9375
44,R-F,100,ood,actual_reencode,endpoint5_monotone,long_paths,128,32,25.0,12.5,35.9375
44,R-F,100,ood,actual_reencode,full5_monotone,long_paths,128,32,25.0,12.5,35.9375
44,R-F,100,ood,actual_reencode,endpoint1_alternating,long_paths,64,32,0,0.0,0.0
44,R-F,100,ood,actual_reencode,full1_alternating,long_paths,64,32,0,0.0,0.0
44,R-F,100,ood,actual_reencode,endpoint2_alternating,long_paths,64,32,100,100.0,100.0
44,R-F,100,ood,actual_reencode,full2_alternating,long_paths,64,32,0,0.0,0.0
44,R-F,100,ood,actual_reencode,endpoint3_alternating,long_paths,64,32,0,0.0,0.0
44,R-F,100,ood,actual_reencode,full3_alternating,long_paths,64,32,0,0.0,0.0
44,R-F,100,ood,actual_reencode,endpoint4_alternating,long_paths,64,32,100,100.0,100.0
44,R-F,100,ood,actual_reencode,full4_alternating,long_paths,64,32,0,0.0,0.0
44,R-F,100,ood,actual_reencode,endpoint5_alternating,long_paths,64,32,0,0.0,0.0
44,R-F,100,ood,actual_reencode,full5_alternating,long_paths,64,32,0,0.0,0.0
44,R-F,100,ood,actual_reencode,endpoint1_boundary_alternating,long_paths,64,32,0,0.0,0.0
44,R-F,100,ood,actual_reencode,full1_boundary_alternating,long_paths,64,32,0,0.0,0.0
44,R-F,100,ood,actual_reencode,endpoint2_boundary_alternating,long_paths,64,32,0,0.0,0.0
44,R-F,100,ood,actual_reencode,full2_boundary_alternating,long_paths,64,32,0,0.0,0.0
44,R-F,100,ood,actual_reencode,endpoint3_boundary_alternating,long_paths,64,32,0,0.0,0.0
44,R-F,100,ood,actual_reencode,full3_boundary_alternating,long_paths,64,32,0,0.0,0.0
44,R-F,100,ood,actual_reencode,endpoint4_boundary_alternating,long_paths,64,32,0,0.0,0.0
44,R-F,100,ood,actual_reencode,full4_boundary_alternating,long_paths,64,32,0,0.0,0.0
44,R-F,100,ood,actual_reencode,endpoint5_boundary_alternating,long_paths,64,32,0,0.0,0.0
44,R-F,100,ood,actual_reencode,full5_boundary_alternating,long_paths,64,32,0,0.0,0.0
44,R-F,200,iid,natural,atomic_macro,all,768,32,0,0.0,0.0
44,R-F,200,ood,natural,atomic_macro,all,384,32,-12.239583333333332,-14.0625,-10.416666666666666
44,R-F,200,iid,fixed_T0,endpoint2,all,704,32,-57.10227272727273,-58.09659090909091,-55.96590909090908
44,R-F,200,iid,fixed_T0,full2,all,704,32,-57.10227272727273,-58.09659090909091,-55.96590909090908
44,R-F,200,iid,fixed_T0,endpoint2,fixed_diagnostic,704,32,-57.10227272727273,-58.09659090909091,-55.96590909090908
44,R-F,200,iid,fixed_T0,full2,fixed_diagnostic,704,32,-57.10227272727273,-58.09659090909091,-55.96590909090908
44,R-F,200,ood,fixed_T0,endpoint2,all,704,32,-45.59659090909091,-47.86931818181819,-43.32386363636363
44,R-F,200,ood,fixed_T0,full2,all,704,32,-28.409090909090907,-30.681818181818176,-26.27840909090909
44,R-F,200,ood,fixed_T0,endpoint2,fixed_diagnostic,315,32,-48.09027777777778,-51.64930555555556,-44.53125
44,R-F,200,ood,fixed_T0,full2,fixed_diagnostic,315,32,-48.09027777777778,-51.64930555555556,-44.53125
44,R-F,200,iid,U,endpoint2,all,704,32,-39.77272727272727,-41.19318181818182,-38.35227272727273
44,R-F,200,iid,U,full2,all,704,32,-39.77272727272727,-41.19318181818182,-38.35227272727273
44,R-F,200,iid,U,endpoint2,fixed_diagnostic,704,32,-39.77272727272727,-41.19318181818182,-38.35227272727273
44,R-F,200,iid,U,full2,fixed_diagnostic,704,32,-39.77272727272727,-41.19318181818182,-38.35227272727273
44,R-F,200,ood,U,endpoint2,all,704,32,-9.517045454545455,-10.795454545454545,-8.380681818181818
44,R-F,200,ood,U,full2,all,704,32,-4.261363636363637,-4.971590909090909,-3.5511363636363633
44,R-F,200,ood,U,endpoint2,fixed_diagnostic,315,32,-7.378472222222222,-9.54861111111111,-4.947916666666667
44,R-F,200,ood,U,full2,fixed_diagnostic,315,32,-9.722222222222221,-11.024305555555555,-8.246527777777777
44,R-F,200,iid,self,endpoint2,all,704,32,9.943181818181818,6.534090909090909,13.636363636363635
44,R-F,200,iid,self,full2,all,704,32,9.943181818181818,6.534090909090909,13.636363636363635
44,R-F,200,iid,self,endpoint2,fixed_diagnostic,704,32,9.943181818181818,6.534090909090909,13.636363636363635
44,R-F,200,iid,self,full2,fixed_diagnostic,704,32,9.943181818181818,6.534090909090909,13.636363636363635
44,R-F,200,ood,self,endpoint2,all,704,32,37.92613636363637,36.07954545454545,39.91477272727273
44,R-F,200,ood,self,full2,all,704,32,10.085227272727273,8.664772727272728,11.505681818181818
44,R-F,200,ood,self,endpoint2,fixed_diagnostic,315,32,28.211805555555554,25.60763888888889,30.989583333333336
44,R-F,200,ood,self,full2,fixed_diagnostic,315,32,24.56597222222222,22.22222222222222,27.083333333333332
44,R-F,200,iid,gold_reencode,endpoint2,all,704,32,0,0.0,0.0
44,R-F,200,iid,gold_reencode,full2,all,704,32,0,0.0,0.0
44,R-F,200,iid,gold_reencode,endpoint2,fixed_diagnostic,704,32,0,0.0,0.0
44,R-F,200,iid,gold_reencode,full2,fixed_diagnostic,704,32,0,0.0,0.0
44,R-F,200,ood,gold_reencode,endpoint2,all,704,32,-13.352272727272727,-15.340909090909092,-11.363636363636362
44,R-F,200,ood,gold_reencode,full2,all,704,32,-15.482954545454545,-17.47159090909091,-13.352272727272727
44,R-F,200,ood,gold_reencode,endpoint2,fixed_diagnostic,315,32,-7.291666666666666,-10.9375,-3.9930555555555554
44,R-F,200,ood,gold_reencode,full2,fixed_diagnostic,315,32,-10.9375,-16.40625,-5.989583333333333
44,R-F,200,iid,actual_reencode,endpoint2,all,704,32,0,0.0,0.0
44,R-F,200,iid,actual_reencode,full2,all,704,32,0,0.0,0.0
44,R-F,200,iid,actual_reencode,endpoint2,fixed_diagnostic,704,32,0,0.0,0.0
44,R-F,200,iid,actual_reencode,full2,fixed_diagnostic,704,32,0,0.0,0.0
44,R-F,200,ood,actual_reencode,endpoint2,all,704,32,-24.431818181818183,-27.27272727272727,-21.306818181818183
44,R-F,200,ood,actual_reencode,full2,all,704,32,-24.289772727272727,-27.130681818181817,-21.306818181818183
44,R-F,200,ood,actual_reencode,endpoint2,fixed_diagnostic,315,32,-10.32986111111111,-15.277777777777777,-5.729166666666666
44,R-F,200,ood,actual_reencode,full2,fixed_diagnostic,315,32,-10.9375,-16.40625,-5.989583333333333
44,R-F,200,iid,latent,endpoint1_all,long_paths,256,32,0,0.0,0.0
44,R-F,200,iid,latent,full1_all,long_paths,256,32,0,0.0,0.0
44,R-F,200,iid,latent,endpoint2_all,long_paths,256,32,25.78125,20.703125,31.640625
44,R-F,200,iid,latent,full2_all,long_paths,256,32,25.78125,20.703125,31.640625
44,R-F,200,iid,latent,endpoint3_all,long_paths,256,32,-16.796875,-18.75,-14.84375
44,R-F,200,iid,latent,full3_all,long_paths,256,32,-9.765625,-11.328125,-7.8125
44,R-F,200,iid,latent,endpoint4_all,long_paths,256,32,-23.046875,-26.953125,-19.140625
44,R-F,200,iid,latent,full4_all,long_paths,256,32,0,0.0,0.0
44,R-F,200,iid,latent,endpoint5_all,long_paths,256,32,0,0.0,0.0
44,R-F,200,iid,latent,full5_all,long_paths,256,32,0,0.0,0.0
44,R-F,200,iid,latent,endpoint1_monotone,long_paths,128,32,0,0.0,0.0
44,R-F,200,iid,latent,full1_monotone,long_paths,128,32,0,0.0,0.0
44,R-F,200,iid,latent,endpoint2_monotone,long_paths,128,32,-25.78125,-34.375,-15.625
44,R-F,200,iid,latent,full2_monotone,long_paths,128,32,-25.78125,-34.375,-15.625
44,R-F,200,iid,latent,endpoint3_monotone,long_paths,128,32,-22.65625,-25.0,-19.53125
44,R-F,200,iid,latent,full3_monotone,long_paths,128,32,-19.53125,-22.65625,-15.625
44,R-F,200,iid,latent,endpoint4_monotone,long_paths,128,32,0,0.0,0.0
44,R-F,200,iid,latent,full4_monotone,long_paths,128,32,0,0.0,0.0
44,R-F,200,iid,latent,endpoint5_monotone,long_paths,128,32,0,0.0,0.0
44,R-F,200,iid,latent,full5_monotone,long_paths,128,32,0,0.0,0.0
44,R-F,200,iid,latent,endpoint1_alternating,long_paths,64,32,0,0.0,0.0
44,R-F,200,iid,latent,full1_alternating,long_paths,64,32,0,0.0,0.0
44,R-F,200,iid,latent,endpoint2_alternating,long_paths,64,32,100,100.0,100.0
44,R-F,200,iid,latent,full2_alternating,long_paths,64,32,100,100.0,100.0
44,R-F,200,iid,latent,endpoint3_alternating,long_paths,64,32,-21.875,-31.25,-14.0625
44,R-F,200,iid,latent,full3_alternating,long_paths,64,32,0,0.0,0.0
44,R-F,200,iid,latent,endpoint4_alternating,long_paths,64,32,-96.875,-100.0,-92.1875
44,R-F,200,iid,latent,full4_alternating,long_paths,64,32,0,0.0,0.0
44,R-F,200,iid,latent,endpoint5_alternating,long_paths,64,32,0,0.0,0.0
44,R-F,200,iid,latent,full5_alternating,long_paths,64,32,0,0.0,0.0
44,R-F,200,iid,latent,endpoint1_boundary_alternating,long_paths,64,32,0,0.0,0.0
44,R-F,200,iid,latent,full1_boundary_alternating,long_paths,64,32,0,0.0,0.0
44,R-F,200,iid,latent,endpoint2_boundary_alternating,long_paths,64,32,54.6875,50.0,60.9375
44,R-F,200,iid,latent,full2_boundary_alternating,long_paths,64,32,54.6875,50.0,60.9375
44,R-F,200,iid,latent,endpoint3_boundary_alternating,long_paths,64,32,0,0.0,0.0
44,R-F,200,iid,latent,full3_boundary_alternating,long_paths,64,32,0,0.0,0.0
44,R-F,200,iid,latent,endpoint4_boundary_alternating,long_paths,64,32,4.6875,-10.9375,18.75
44,R-F,200,iid,latent,full4_boundary_alternating,long_paths,64,32,0,0.0,0.0
44,R-F,200,iid,latent,endpoint5_boundary_alternating,long_paths,64,32,0,0.0,0.0
44,R-F,200,iid,latent,full5_boundary_alternating,long_paths,64,32,0,0.0,0.0
44,R-F,200,iid,gold_reencode,endpoint1_all,long_paths,256,32,0,0.0,0.0
44,R-F,200,iid,gold_reencode,full1_all,long_paths,256,32,0,0.0,0.0
44,R-F,200,iid,gold_reencode,endpoint2_all,long_paths,256,32,0,0.0,0.0
44,R-F,200,iid,gold_reencode,full2_all,long_paths,256,32,0,0.0,0.0
44,R-F,200,iid,gold_reencode,endpoint3_all,long_paths,256,32,0,0.0,0.0
44,R-F,200,iid,gold_reencode,full3_all,long_paths,256,32,0,0.0,0.0
44,R-F,200,iid,gold_reencode,endpoint4_all,long_paths,256,32,0,0.0,0.0
44,R-F,200,iid,gold_reencode,full4_all,long_paths,256,32,0,0.0,0.0
44,R-F,200,iid,gold_reencode,endpoint5_all,long_paths,256,32,0,0.0,0.0
44,R-F,200,iid,gold_reencode,full5_all,long_paths,256,32,0,0.0,0.0
44,R-F,200,iid,gold_reencode,endpoint1_monotone,long_paths,128,32,0,0.0,0.0
44,R-F,200,iid,gold_reencode,full1_monotone,long_paths,128,32,0,0.0,0.0
44,R-F,200,iid,gold_reencode,endpoint2_monotone,long_paths,128,32,0,0.0,0.0
44,R-F,200,iid,gold_reencode,full2_monotone,long_paths,128,32,0,0.0,0.0
44,R-F,200,iid,gold_reencode,endpoint3_monotone,long_paths,128,32,0,0.0,0.0
44,R-F,200,iid,gold_reencode,full3_monotone,long_paths,128,32,0,0.0,0.0
44,R-F,200,iid,gold_reencode,endpoint4_monotone,long_paths,128,32,0,0.0,0.0
44,R-F,200,iid,gold_reencode,full4_monotone,long_paths,128,32,0,0.0,0.0
44,R-F,200,iid,gold_reencode,endpoint5_monotone,long_paths,128,32,0,0.0,0.0
44,R-F,200,iid,gold_reencode,full5_monotone,long_paths,128,32,0,0.0,0.0
44,R-F,200,iid,gold_reencode,endpoint1_alternating,long_paths,64,32,0,0.0,0.0
44,R-F,200,iid,gold_reencode,full1_alternating,long_paths,64,32,0,0.0,0.0
44,R-F,200,iid,gold_reencode,endpoint2_alternating,long_paths,64,32,0,0.0,0.0
44,R-F,200,iid,gold_reencode,full2_alternating,long_paths,64,32,0,0.0,0.0
44,R-F,200,iid,gold_reencode,endpoint3_alternating,long_paths,64,32,0,0.0,0.0
44,R-F,200,iid,gold_reencode,full3_alternating,long_paths,64,32,0,0.0,0.0
44,R-F,200,iid,gold_reencode,endpoint4_alternating,long_paths,64,32,0,0.0,0.0
44,R-F,200,iid,gold_reencode,full4_alternating,long_paths,64,32,0,0.0,0.0
44,R-F,200,iid,gold_reencode,endpoint5_alternating,long_paths,64,32,0,0.0,0.0
44,R-F,200,iid,gold_reencode,full5_alternating,long_paths,64,32,0,0.0,0.0
44,R-F,200,iid,gold_reencode,endpoint1_boundary_alternating,long_paths,64,32,0,0.0,0.0
44,R-F,200,iid,gold_reencode,full1_boundary_alternating,long_paths,64,32,0,0.0,0.0
44,R-F,200,iid,gold_reencode,endpoint2_boundary_alternating,long_paths,64,32,0,0.0,0.0
44,R-F,200,iid,gold_reencode,full2_boundary_alternating,long_paths,64,32,0,0.0,0.0
44,R-F,200,iid,gold_reencode,endpoint3_boundary_alternating,long_paths,64,32,0,0.0,0.0
44,R-F,200,iid,gold_reencode,full3_boundary_alternating,long_paths,64,32,0,0.0,0.0
44,R-F,200,iid,gold_reencode,endpoint4_boundary_alternating,long_paths,64,32,0,0.0,0.0
44,R-F,200,iid,gold_reencode,full4_boundary_alternating,long_paths,64,32,0,0.0,0.0
44,R-F,200,iid,gold_reencode,endpoint5_boundary_alternating,long_paths,64,32,0,0.0,0.0
44,R-F,200,iid,gold_reencode,full5_boundary_alternating,long_paths,64,32,0,0.0,0.0
44,R-F,200,iid,actual_reencode,endpoint1_all,long_paths,256,32,0,0.0,0.0
44,R-F,200,iid,actual_reencode,full1_all,long_paths,256,32,0,0.0,0.0
44,R-F,200,iid,actual_reencode,endpoint2_all,long_paths,256,32,0,0.0,0.0
44,R-F,200,iid,actual_reencode,full2_all,long_paths,256,32,0,0.0,0.0
44,R-F,200,iid,actual_reencode,endpoint3_all,long_paths,256,32,0,0.0,0.0
44,R-F,200,iid,actual_reencode,full3_all,long_paths,256,32,0,0.0,0.0
44,R-F,200,iid,actual_reencode,endpoint4_all,long_paths,256,32,0,0.0,0.0
44,R-F,200,iid,actual_reencode,full4_all,long_paths,256,32,0,0.0,0.0
44,R-F,200,iid,actual_reencode,endpoint5_all,long_paths,256,32,0,0.0,0.0
44,R-F,200,iid,actual_reencode,full5_all,long_paths,256,32,0,0.0,0.0
44,R-F,200,iid,actual_reencode,endpoint1_monotone,long_paths,128,32,0,0.0,0.0
44,R-F,200,iid,actual_reencode,full1_monotone,long_paths,128,32,0,0.0,0.0
44,R-F,200,iid,actual_reencode,endpoint2_monotone,long_paths,128,32,0,0.0,0.0
44,R-F,200,iid,actual_reencode,full2_monotone,long_paths,128,32,0,0.0,0.0
44,R-F,200,iid,actual_reencode,endpoint3_monotone,long_paths,128,32,0,0.0,0.0
44,R-F,200,iid,actual_reencode,full3_monotone,long_paths,128,32,0,0.0,0.0
44,R-F,200,iid,actual_reencode,endpoint4_monotone,long_paths,128,32,0,0.0,0.0
44,R-F,200,iid,actual_reencode,full4_monotone,long_paths,128,32,0,0.0,0.0
44,R-F,200,iid,actual_reencode,endpoint5_monotone,long_paths,128,32,0,0.0,0.0
44,R-F,200,iid,actual_reencode,full5_monotone,long_paths,128,32,0,0.0,0.0
44,R-F,200,iid,actual_reencode,endpoint1_alternating,long_paths,64,32,0,0.0,0.0
44,R-F,200,iid,actual_reencode,full1_alternating,long_paths,64,32,0,0.0,0.0
44,R-F,200,iid,actual_reencode,endpoint2_alternating,long_paths,64,32,0,0.0,0.0
44,R-F,200,iid,actual_reencode,full2_alternating,long_paths,64,32,0,0.0,0.0
44,R-F,200,iid,actual_reencode,endpoint3_alternating,long_paths,64,32,0,0.0,0.0
44,R-F,200,iid,actual_reencode,full3_alternating,long_paths,64,32,0,0.0,0.0
44,R-F,200,iid,actual_reencode,endpoint4_alternating,long_paths,64,32,0,0.0,0.0
44,R-F,200,iid,actual_reencode,full4_alternating,long_paths,64,32,0,0.0,0.0
44,R-F,200,iid,actual_reencode,endpoint5_alternating,long_paths,64,32,0,0.0,0.0
44,R-F,200,iid,actual_reencode,full5_alternating,long_paths,64,32,0,0.0,0.0
44,R-F,200,iid,actual_reencode,endpoint1_boundary_alternating,long_paths,64,32,0,0.0,0.0
44,R-F,200,iid,actual_reencode,full1_boundary_alternating,long_paths,64,32,0,0.0,0.0
44,R-F,200,iid,actual_reencode,endpoint2_boundary_alternating,long_paths,64,32,0,0.0,0.0
44,R-F,200,iid,actual_reencode,full2_boundary_alternating,long_paths,64,32,0,0.0,0.0
44,R-F,200,iid,actual_reencode,endpoint3_boundary_alternating,long_paths,64,32,0,0.0,0.0
44,R-F,200,iid,actual_reencode,full3_boundary_alternating,long_paths,64,32,0,0.0,0.0
44,R-F,200,iid,actual_reencode,endpoint4_boundary_alternating,long_paths,64,32,0,0.0,0.0
44,R-F,200,iid,actual_reencode,full4_boundary_alternating,long_paths,64,32,0,0.0,0.0
44,R-F,200,iid,actual_reencode,endpoint5_boundary_alternating,long_paths,64,32,0,0.0,0.0
44,R-F,200,iid,actual_reencode,full5_boundary_alternating,long_paths,64,32,0,0.0,0.0
44,R-F,200,ood,latent,endpoint1_all,long_paths,256,32,-12.109375,-13.671875,-10.546875
44,R-F,200,ood,latent,full1_all,long_paths,256,32,-12.109375,-13.671875,-10.546875
44,R-F,200,ood,latent,endpoint2_all,long_paths,256,32,32.03125,28.515625,35.546875
44,R-F,200,ood,latent,full2_all,long_paths,256,32,1.5625,0.0,3.515625
44,R-F,200,ood,latent,endpoint3_all,long_paths,256,32,-17.1875,-20.3125,-13.28125
44,R-F,200,ood,latent,full3_all,long_paths,256,32,1.171875,0.0,2.734375
44,R-F,200,ood,latent,endpoint4_all,long_paths,256,32,30.078125,26.953125,33.203125
44,R-F,200,ood,latent,full4_all,long_paths,256,32,0,0.0,0.0
44,R-F,200,ood,latent,endpoint5_all,long_paths,256,32,0,0.0,0.0
44,R-F,200,ood,latent,full5_all,long_paths,256,32,0,0.0,0.0
44,R-F,200,ood,latent,endpoint1_monotone,long_paths,128,32,-24.21875,-27.34375,-21.09375
44,R-F,200,ood,latent,full1_monotone,long_paths,128,32,-24.21875,-27.34375,-21.09375
44,R-F,200,ood,latent,endpoint2_monotone,long_paths,128,32,0.0,-3.90625,3.90625
44,R-F,200,ood,latent,full2_monotone,long_paths,128,32,-23.4375,-26.5625,-20.3125
44,R-F,200,ood,latent,endpoint3_monotone,long_paths,128,32,-14.0625,-19.53125,-7.8125
44,R-F,200,ood,latent,full3_monotone,long_paths,128,32,2.34375,0.0,5.46875
44,R-F,200,ood,latent,endpoint4_monotone,long_paths,128,32,21.09375,17.96875,24.21875
44,R-F,200,ood,latent,full4_monotone,long_paths,128,32,0,0.0,0.0
44,R-F,200,ood,latent,endpoint5_monotone,long_paths,128,32,0,0.0,0.0
44,R-F,200,ood,latent,full5_monotone,long_paths,128,32,0,0.0,0.0
44,R-F,200,ood,latent,endpoint1_alternating,long_paths,64,32,0,0.0,0.0
44,R-F,200,ood,latent,full1_alternating,long_paths,64,32,0,0.0,0.0
44,R-F,200,ood,latent,endpoint2_alternating,long_paths,64,32,75.0,67.1875,82.8125
44,R-F,200,ood,latent,full2_alternating,long_paths,64,32,0,0.0,0.0
44,R-F,200,ood,latent,endpoint3_alternating,long_paths,64,32,-40.625,-46.875,-32.8125
44,R-F,200,ood,latent,full3_alternating,long_paths,64,32,0,0.0,0.0
44,R-F,200,ood,latent,endpoint4_alternating,long_paths,64,32,7.8125,1.5625,14.0625
44,R-F,200,ood,latent,full4_alternating,long_paths,64,32,0,0.0,0.0
44,R-F,200,ood,latent,endpoint5_alternating,long_paths,64,32,0,0.0,0.0
44,R-F,200,ood,latent,full5_alternating,long_paths,64,32,0,0.0,0.0
44,R-F,200,ood,latent,endpoint1_boundary_alternating,long_paths,64,32,0,0.0,0.0
44,R-F,200,ood,latent,full1_boundary_alternating,long_paths,64,32,0,0.0,0.0
44,R-F,200,ood,latent,endpoint2_boundary_alternating,long_paths,64,32,53.125,50.0,57.8125
44,R-F,200,ood,latent,full2_boundary_alternating,long_paths,64,32,53.125,50.0,57.8125
44,R-F,200,ood,latent,endpoint3_boundary_alternating,long_paths,64,32,0,0.0,0.0
44,R-F,200,ood,latent,full3_boundary_alternating,long_paths,64,32,0,0.0,0.0
44,R-F,200,ood,latent,endpoint4_boundary_alternating,long_paths,64,32,70.3125,59.375,81.25
44,R-F,200,ood,latent,full4_boundary_alternating,long_paths,64,32,0,0.0,0.0
44,R-F,200,ood,latent,endpoint5_boundary_alternating,long_paths,64,32,0,0.0,0.0
44,R-F,200,ood,latent,full5_boundary_alternating,long_paths,64,32,0,0.0,0.0
44,R-F,200,ood,gold_reencode,endpoint1_all,long_paths,256,32,-12.109375,-13.671875,-10.546875
44,R-F,200,ood,gold_reencode,full1_all,long_paths,256,32,-12.109375,-13.671875,-10.546875
44,R-F,200,ood,gold_reencode,endpoint2_all,long_paths,256,32,-24.609375,-29.296875,-19.53125
44,R-F,200,ood,gold_reencode,full2_all,long_paths,256,32,-18.359375,-21.09375,-15.625
44,R-F,200,ood,gold_reencode,endpoint3_all,long_paths,256,32,-6.25,-8.59375,-3.90625
44,R-F,200,ood,gold_reencode,full3_all,long_paths,256,32,-6.25,-8.59375,-3.90625
44,R-F,200,ood,gold_reencode,endpoint4_all,long_paths,256,32,-6.25,-8.59375,-3.90625
44,R-F,200,ood,gold_reencode,full4_all,long_paths,256,32,0,0.0,0.0
44,R-F,200,ood,gold_reencode,endpoint5_all,long_paths,256,32,0,0.0,0.0
44,R-F,200,ood,gold_reencode,full5_all,long_paths,256,32,0,0.0,0.0
44,R-F,200,ood,gold_reencode,endpoint1_monotone,long_paths,128,32,-24.21875,-27.34375,-21.09375
44,R-F,200,ood,gold_reencode,full1_monotone,long_paths,128,32,-24.21875,-27.34375,-21.09375
44,R-F,200,ood,gold_reencode,endpoint2_monotone,long_paths,128,32,-36.71875,-42.1875,-31.25
44,R-F,200,ood,gold_reencode,full2_monotone,long_paths,128,32,-36.71875,-42.1875,-31.25
44,R-F,200,ood,gold_reencode,endpoint3_monotone,long_paths,128,32,-12.5,-17.1875,-7.8125
44,R-F,200,ood,gold_reencode,full3_monotone,long_paths,128,32,-12.5,-17.1875,-7.8125
44,R-F,200,ood,gold_reencode,endpoint4_monotone,long_paths,128,32,0,0.0,0.0
44,R-F,200,ood,gold_reencode,full4_monotone,long_paths,128,32,0,0.0,0.0
44,R-F,200,ood,gold_reencode,endpoint5_monotone,long_paths,128,32,0,0.0,0.0
44,R-F,200,ood,gold_reencode,full5_monotone,long_paths,128,32,0,0.0,0.0
44,R-F,200,ood,gold_reencode,endpoint1_alternating,long_paths,64,32,0,0.0,0.0
44,R-F,200,ood,gold_reencode,full1_alternating,long_paths,64,32,0,0.0,0.0
44,R-F,200,ood,gold_reencode,endpoint2_alternating,long_paths,64,32,-25.0,-34.375,-15.625
44,R-F,200,ood,gold_reencode,full2_alternating,long_paths,64,32,0,0.0,0.0
44,R-F,200,ood,gold_reencode,endpoint3_alternating,long_paths,64,32,0,0.0,0.0
44,R-F,200,ood,gold_reencode,full3_alternating,long_paths,64,32,0,0.0,0.0
44,R-F,200,ood,gold_reencode,endpoint4_alternating,long_paths,64,32,-25.0,-34.375,-15.625
44,R-F,200,ood,gold_reencode,full4_alternating,long_paths,64,32,0,0.0,0.0
44,R-F,200,ood,gold_reencode,endpoint5_alternating,long_paths,64,32,0,0.0,0.0
44,R-F,200,ood,gold_reencode,full5_alternating,long_paths,64,32,0,0.0,0.0
44,R-F,200,ood,gold_reencode,endpoint1_boundary_alternating,long_paths,64,32,0,0.0,0.0
44,R-F,200,ood,gold_reencode,full1_boundary_alternating,long_paths,64,32,0,0.0,0.0
44,R-F,200,ood,gold_reencode,endpoint2_boundary_alternating,long_paths,64,32,0,0.0,0.0
44,R-F,200,ood,gold_reencode,full2_boundary_alternating,long_paths,64,32,0,0.0,0.0
44,R-F,200,ood,gold_reencode,endpoint3_boundary_alternating,long_paths,64,32,0,0.0,0.0
44,R-F,200,ood,gold_reencode,full3_boundary_alternating,long_paths,64,32,0,0.0,0.0
44,R-F,200,ood,gold_reencode,endpoint4_boundary_alternating,long_paths,64,32,0,0.0,0.0
44,R-F,200,ood,gold_reencode,full4_boundary_alternating,long_paths,64,32,0,0.0,0.0
44,R-F,200,ood,gold_reencode,endpoint5_boundary_alternating,long_paths,64,32,0,0.0,0.0
44,R-F,200,ood,gold_reencode,full5_boundary_alternating,long_paths,64,32,0,0.0,0.0
44,R-F,200,ood,actual_reencode,endpoint1_all,long_paths,256,32,-12.109375,-13.671875,-10.546875
44,R-F,200,ood,actual_reencode,full1_all,long_paths,256,32,-12.109375,-13.671875,-10.546875
44,R-F,200,ood,actual_reencode,endpoint2_all,long_paths,256,32,-29.296875,-33.59375,-24.21875
44,R-F,200,ood,actual_reencode,full2_all,long_paths,256,32,-30.078125,-33.203125,-26.953125
44,R-F,200,ood,actual_reencode,endpoint3_all,long_paths,256,32,-36.71875,-41.015625,-32.8125
44,R-F,200,ood,actual_reencode,full3_all,long_paths,256,32,-35.9375,-39.84375,-32.03125
44,R-F,200,ood,actual_reencode,endpoint4_all,long_paths,256,32,-35.15625,-40.234375,-30.078125
44,R-F,200,ood,actual_reencode,full4_all,long_paths,256,32,-35.9375,-39.84375,-32.03125
44,R-F,200,ood,actual_reencode,endpoint5_all,long_paths,256,32,-36.71875,-41.015625,-32.8125
44,R-F,200,ood,actual_reencode,full5_all,long_paths,256,32,-35.9375,-39.84375,-32.03125
44,R-F,200,ood,actual_reencode,endpoint1_monotone,long_paths,128,32,-24.21875,-27.34375,-21.09375
44,R-F,200,ood,actual_reencode,full1_monotone,long_paths,128,32,-24.21875,-27.34375,-21.09375
44,R-F,200,ood,actual_reencode,endpoint2_monotone,long_paths,128,32,-60.15625,-66.40625,-53.90625
44,R-F,200,ood,actual_reencode,full2_monotone,long_paths,128,32,-60.15625,-66.40625,-53.90625
44,R-F,200,ood,actual_reencode,endpoint3_monotone,long_paths,128,32,-71.875,-79.6875,-64.0625
44,R-F,200,ood,actual_reencode,full3_monotone,long_paths,128,32,-71.875,-79.6875,-64.0625
44,R-F,200,ood,actual_reencode,endpoint4_monotone,long_paths,128,32,-71.875,-79.6875,-64.0625
44,R-F,200,ood,actual_reencode,full4_monotone,long_paths,128,32,-71.875,-79.6875,-64.0625
44,R-F,200,ood,actual_reencode,endpoint5_monotone,long_paths,128,32,-71.875,-79.6875,-64.0625
44,R-F,200,ood,actual_reencode,full5_monotone,long_paths,128,32,-71.875,-79.6875,-64.0625
44,R-F,200,ood,actual_reencode,endpoint1_alternating,long_paths,64,32,0,0.0,0.0
44,R-F,200,ood,actual_reencode,full1_alternating,long_paths,64,32,0,0.0,0.0
44,R-F,200,ood,actual_reencode,endpoint2_alternating,long_paths,64,32,3.125,-4.6875,14.0625
44,R-F,200,ood,actual_reencode,full2_alternating,long_paths,64,32,0,0.0,0.0
44,R-F,200,ood,actual_reencode,endpoint3_alternating,long_paths,64,32,-3.125,-7.8125,0.0
44,R-F,200,ood,actual_reencode,full3_alternating,long_paths,64,32,0,0.0,0.0
44,R-F,200,ood,actual_reencode,endpoint4_alternating,long_paths,64,32,3.125,-4.6875,14.0625
44,R-F,200,ood,actual_reencode,full4_alternating,long_paths,64,32,0,0.0,0.0
44,R-F,200,ood,actual_reencode,endpoint5_alternating,long_paths,64,32,-3.125,-7.8125,0.0
44,R-F,200,ood,actual_reencode,full5_alternating,long_paths,64,32,0,0.0,0.0
44,R-F,200,ood,actual_reencode,endpoint1_boundary_alternating,long_paths,64,32,0,0.0,0.0
44,R-F,200,ood,actual_reencode,full1_boundary_alternating,long_paths,64,32,0,0.0,0.0
44,R-F,200,ood,actual_reencode,endpoint2_boundary_alternating,long_paths,64,32,0,0.0,0.0
44,R-F,200,ood,actual_reencode,full2_boundary_alternating,long_paths,64,32,0,0.0,0.0
44,R-F,200,ood,actual_reencode,endpoint3_boundary_alternating,long_paths,64,32,0,0.0,0.0
44,R-F,200,ood,actual_reencode,full3_boundary_alternating,long_paths,64,32,0,0.0,0.0
44,R-F,200,ood,actual_reencode,endpoint4_boundary_alternating,long_paths,64,32,0,0.0,0.0
44,R-F,200,ood,actual_reencode,full4_boundary_alternating,long_paths,64,32,0,0.0,0.0
44,R-F,200,ood,actual_reencode,endpoint5_boundary_alternating,long_paths,64,32,0,0.0,0.0
44,R-F,200,ood,actual_reencode,full5_boundary_alternating,long_paths,64,32,0,0.0,0.0
